taxonomy_level,cell_set,cell_count,percentage_of_total
neurotransmitter,Glut,2054137,50.808
neurotransmitter,GABA,834601,20.643
neurotransmitter,GABA-Glyc,36490,0.903
neurotransmitter,Dopa,9396,0.232
neurotransmitter,Glut-GABA,8989,0.222
neurotransmitter,Chol,7582,0.188
neurotransmitter,Sero,1469,0.036
neurotransmitter,Nora,626,0.015
neurotransmitter,Hist,534,0.013
class,01 IT-ET Glut,1095484,27.096
class,31 OPC-Oligo,545179,13.485
class,02 NP-CT-L6b Glut,310198,7.673
class,30 Astro-Epen,308681,7.635
class,29 CB Glut,141106,3.49
class,06 CTX-CGE GABA,139032,3.439
class,33 Vascular,137493,3.401
class,07 CTX-MGE GABA,122085,3.02
class,19 MB Glut,120552,2.982
class,18 TH Glut,115401,2.854
class,09 CNU-LGE GABA,115160,2.848
class,05 OB-IMN GABA,107502,2.659
class,34 Immune,92580,2.29
class,12 HY GABA,90376,2.235
class,04 DG-IMN Glut,84352,2.086
class,20 MB GABA,82032,2.029
class,11 CNU-HYa GABA,78482,1.941
class,14 HY Glut,66984,1.657
class,28 CB GABA,51226,1.267
class,13 CNU-HYa Glut,45685,1.13
class,27 MY GABA,33311,0.824
class,10 LSX GABA,30313,0.75
class,24 MY Glut,27543,0.681
class,23 P Glut,25303,0.626
class,26 P GABA,20206,0.5
class,08 CNU-MGE GABA,18849,0.466
class,16 HY MM Glut,13730,0.34
class,17 MH-LH Glut,10770,0.266
class,03 OB-CR Glut,4767,0.118
class,21 MB Dopa,4301,0.106
class,22 MB-HB Sero,2466,0.061
class,32 OEC,1132,0.028
class,25 Pineal Glut,504,0.012
class,15 HY Gnrh1 Glut,191,0.005
subclass,327 Oligo NN,422574,10.452
subclass,006 L4/5 IT CTX Glut,369221,9.132
subclass,030 L6 CT CTX Glut,201912,4.994
subclass,007 L2/3 IT CTX Glut,172213,4.26
subclass,319 Astro-TE NN,154311,3.817
subclass,318 Astro-NT NN,140669,3.479
subclass,314 CB Granule Glut,133778,3.309
subclass,326 OPC NN,122605,3.033
subclass,004 L6 IT CTX Glut,108913,2.694
subclass,333 Endo NN,88011,2.177
subclass,334 Microglia NN,86232,2.133
subclass,037 DG Glut,82343,2.037
subclass,041 OB-in Frmd7 Gaba,79816,1.974
subclass,151 TH Prkcd Grin2c Glut,68480,1.694
subclass,053 Sst Gaba,67388,1.667
subclass,005 L5 IT CTX Glut,66624,1.648
subclass,046 Vip Gaba,62447,1.545
subclass,009 L2/3 IT PIR-ENTl Glut,61035,1.51
subclass,049 Lamp5 Gaba,54484,1.348
subclass,032 L5 NP CTX Glut,43739,1.082
subclass,052 Pvalb Gaba,42314,1.047
subclass,062 STR D2 Gaba,36963,0.914
subclass,061 STR D1 Gaba,36287,0.898
subclass,020 L2/3 IT RSP Glut,33940,0.839
subclass,010 IT AON-TT-DP Glut,32454,0.803
subclass,311 CBX MLI Megf11 Gaba,31619,0.782
subclass,016 CA1-ProS Glut,31474,0.778
subclass,001 CLA-EPd-CTX Car3 Glut,30090,0.744
subclass,019 L2/3 IT PPP Glut,28457,0.704
subclass,028 L6b/CT ENT Glut,26788,0.663
subclass,331 Peri NN,24907,0.616
subclass,002 IT EP-CLA Glut,24813,0.614
subclass,022 L5 ET CTX Glut,24721,0.611
subclass,008 L2/3 IT ENT Glut,21111,0.522
subclass,014 LA-BLA-BMA-PA Glut,20485,0.507
subclass,181 IC Tfap2d Maf Glut,20187,0.499
subclass,029 L6b CTX Glut,20098,0.497
subclass,047 Sncg Gaba,18840,0.466
subclass,064 STR-PAL Chst9 Gaba,18689,0.462
subclass,213 SCsg Gabrr2 Gaba,15799,0.391
subclass,113 MEA-COA-BMA Ccdc42 Glut,14851,0.367
subclass,332 SMC NN,14614,0.361
subclass,101 ZI Pax6 Gaba,13885,0.343
subclass,150 CM-IAD-CL-PCN Sema5b Glut,13604,0.336
subclass,013 COAp Grxcr2 Glut,13481,0.333
subclass,168 SPA-SPFm-SPFp-POL-PIL-PoT Sp9 Glut,13287,0.329
subclass,312 CBX MLI Cdh22 Gaba,13098,0.324
subclass,060 OT D3 Folh1 Gaba,12366,0.306
subclass,003 L5/6 IT TPE-ENT Glut,11854,0.293
subclass,073 MEA-BST Sox6 Gaba,11497,0.284
subclass,045 OB-STR-CTX Inh IMN,10746,0.266
subclass,149 PVT-PT Ntrk1 Glut,10258,0.254
subclass,114 COAa-PAA-MEA Barhl2 Glut,10172,0.252
subclass,012 MEA Slc17a7 Glut,10120,0.25
subclass,093 RT-ZI Gnb3 Gaba,9558,0.236
subclass,330 VLMC NN,9104,0.225
subclass,050 Lamp5 Lhx6 Gaba,8913,0.22
subclass,082 CEA-BST Ebf1 Pdyn Gaba,8884,0.22
subclass,074 MEA-BST Lhx6 Sp9 Gaba,8508,0.21
subclass,057 NDB-SI-MA-STRv Lhx8 Gaba,8429,0.208
subclass,205 SC-PAG Lef1 Emx2 Gaba,8383,0.207
subclass,144 MM Foxb1 Glut,8279,0.205
subclass,145 MH Tac2 Glut,8003,0.198
subclass,119 SI-MA-LPO-LHA Skor1 Glut,7916,0.196
subclass,069 LSX Nkx2-1 Gaba,7877,0.195
subclass,070 LSX Prdm12 Slit2 Gaba,7843,0.194
subclass,031 CT SUB Glut,7816,0.193
subclass,129 VMH Nr5a1 Glut,7811,0.193
subclass,148 AV Col27a1 Glut,7531,0.186
subclass,063 STR D1 Sema5a Gaba,7476,0.185
subclass,315 DCO UBC Glut,7328,0.181
subclass,172 PAG Pou4f1 Ebf2 Glut,7190,0.178
subclass,098 AHN-SBPV-PVHd Pdrm12 Gaba,7084,0.175
subclass,023 SUB-ProS Glut,6844,0.169
subclass,102 DMH-LHA Gsx1 Gaba,6837,0.169
subclass,154 PF Fzd5 Glut,6788,0.168
subclass,176 SCig Foxb1 Glut,6783,0.168
subclass,080 CEA-AAA-BST Six3 Sp9 Gaba,6645,0.164
subclass,021 L4 RSP-ACA Glut,6615,0.164
subclass,173 PAG Pou4f2 Glut,6602,0.163
subclass,071 LSX Prdm12 Zeb2 Gaba,6587,0.163
subclass,076 MEA-BST Lhx6 Nfib Gaba,6573,0.163
subclass,090 BST-MPN Six3 Nrgn Gaba,6537,0.162
subclass,104 TU-ARH Otp Six6 Gaba,6483,0.16
subclass,107 DMH Hmx2 Gaba,6453,0.16
subclass,134 PH-ant-LHA Otp Bsx Glut,6412,0.159
subclass,133 PVH-SO-PVa Otp Glut,6390,0.158
subclass,304 NTS-PARN Neurod2 Gly-Gaba,6237,0.154
subclass,106 PVpo-VMPO-MPN Hmx2 Gaba,6146,0.152
subclass,203 LGv-SPFp-SPFm Nkx2-2 Tcf7l2 Gaba,6108,0.151
subclass,042 OB-out Frmd7 Gaba,5997,0.148
subclass,135 STN-PSTN Pitx2 Glut,5976,0.148
subclass,152 RE-Xi Nox4 Glut,5970,0.148
subclass,079 CEA-BST Six3 Cyp26b1 Gaba,5872,0.145
subclass,202 PRT Tcf7l2 Gaba,5714,0.141
subclass,335 BAM NN,5626,0.139
subclass,207 SCs Dmbx1 Gaba,5612,0.139
subclass,056 Sst Chodl Gaba,5550,0.137
subclass,143 MM-ant Foxb1 Glut,5451,0.135
subclass,238 NTS Phox2b Glut,5240,0.13
subclass,017 CA3 Glut,5229,0.129
subclass,221 LDT-PCG Vsx2 Lhx4 Glut,5223,0.129
subclass,018 L2 IT PPP-APr Glut,5176,0.128
subclass,109 LGv-ZI Otx2 Gaba,5130,0.127
subclass,174 PAG Pou4f2 Mesi2 Glut,5076,0.126
subclass,097 PVHd-SBPV Six3 Prox1 Gaba,5065,0.125
subclass,206 SCm-PAG Cdh23 Gaba,5032,0.124
subclass,167 PRC-PAG Tcf7l2 Irx2 Glut,4902,0.121
subclass,169 PAG-SC Pou4f1 Zic1 Glut,4698,0.116
subclass,044 OB Dopa-Gaba,4662,0.115
subclass,124 MPN-MPO-PVpo Hmx2 Glut,4631,0.115
subclass,198 IC Six3 En2 Gaba,4606,0.114
subclass,180 SCiw Pitx2 Glut,4581,0.113
subclass,293 PAS-MV Ebf2 Gly-Gaba,4520,0.112
subclass,309 CB PLI Gly-Gaba,4471,0.111
subclass,068 LSX Otx2 Gaba,4379,0.108
subclass,094 SCH Six6 Cdc14a Gaba,4305,0.106
subclass,215 SNc-VTA-RAmb Foxa1 Dopa,4301,0.106
subclass,132 AHN-RCH-LHA Otp Fezf1 Glut,4248,0.105
subclass,222 PB Evx2 Glut,4194,0.104
subclass,126 ARH-PVp Tbx3 Glut,4109,0.102
subclass,027 L6b EPd Glut,4060,0.1
subclass,277 DTN-LDT-IPN Otp Pax3 Gaba,4057,0.1
subclass,089 PVR Six3 Sox3 Gaba,4007,0.099
subclass,300 PARN-MDRNd-NTS Gbx2 Gly-Gaba,3958,0.098
subclass,099 SBPV-PVa Six6 Satb2 Gaba,3947,0.098
subclass,235 PG-TRN-LRN Fat2 Glut,3894,0.096
subclass,011 L2 IT ENT-po Glut,3704,0.092
subclass,170 PAG-MRN Tfap2b Glut,3672,0.091
subclass,295 CBN Dmbx1 Gaba,3641,0.09
subclass,123 DMH Nkx2-4 Glut,3635,0.09
subclass,085 SI-MPO-LPO Lhx8 Gaba,3593,0.089
subclass,243 PGRN-PARN-MDRN Hoxb5 Glut,3582,0.089
subclass,139 PH-LHA Foxb1 Glut,3521,0.087
subclass,182 CUN-PPN Evx2 Meis2 Glut,3515,0.087
subclass,040 OB Trdn Gaba,3507,0.087
subclass,051 Pvalb chandelier Gaba,3470,0.086
subclass,201 PAG-RN Nkx2-2 Otx1 Gaba,3452,0.085
subclass,015 ENTmv-PA-COAp Glut,3434,0.085
subclass,256 SPVC Mafa Glut,3388,0.084
subclass,187 SCsg Pde5a Glut,3341,0.083
subclass,209 SCs Pax7 Nfia Gaba,3321,0.082
subclass,316 Bergmann NN,3321,0.082
subclass,048 RHP-COA Ndnf Gaba,3261,0.081
subclass,323 Ependymal NN,3259,0.081
subclass,103 PVHd-DMH Lhx6 Gaba,3231,0.08
subclass,163 APN C1ql2 Glut,3227,0.08
subclass,141 PH-SUM Foxa1 Glut,3219,0.08
subclass,075 MEA-BST Lhx6 Nr2e1 Gaba,3196,0.079
subclass,108 ARH-PVp Tbx3 Gaba,3154,0.078
subclass,161 PAG Pou4f3 Glut,3150,0.078
subclass,165 PAG-MRN Pou3f1 Glut,3136,0.078
subclass,036 HPF CR Glut,3116,0.077
subclass,188 SCop Sln Glut,3096,0.077
subclass,273 PDTg-PCG Pax6 Gaba,3092,0.076
subclass,214 IPN Otp Crisp1 Gaba,3087,0.076
subclass,164 APN C1ql4 Glut,3076,0.076
subclass,034 NP PPP Glut,3029,0.075
subclass,245 SPVI-SPVC Tlx3 Ebf3 Glut,2969,0.073
subclass,116 AVPV-MEPO-SFO Tbr1 Glut,2793,0.069
subclass,146 LH Pou4f1 Sox1 Glut,2767,0.068
subclass,033 NP SUB Glut,2756,0.068
subclass,136 PMv-TMv Pitx2 Glut,2752,0.068
subclass,100 AHN Onecut3 Gaba,2641,0.065
subclass,128 VMH Fezf1 Glut,2541,0.063
subclass,072 LSX Sall3 Lmo1 Gaba,2513,0.062
subclass,086 MPO-ADP Lhx8 Gaba,2498,0.062
subclass,210 PRT Mecom Gaba,2495,0.062
subclass,320 Astro-OLF NN,2486,0.061
subclass,160 PAG-SC Neurod2 Meis2 Glut,2473,0.061
subclass,216 MB-MY Tph2 Glut-Sero,2466,0.061
subclass,285 MY Lhx1 Gly-Gaba,2458,0.061
subclass,217 PB Lmx1a Glut,2427,0.06
subclass,095 DMH Prdm13 Gaba,2411,0.06
subclass,208 SC Lef1 Otx2 Gaba,2402,0.059
subclass,131 LHA-AHN-PVH Otp Trh Glut,2367,0.059
subclass,125 DMH Hmx2 Glut,2345,0.058
subclass,155 PRC-PAG Pax6 Glut,2345,0.058
subclass,283 PRP Otp Gly-Gaba,2319,0.057
subclass,162 CUN Evx2 Lhx2 Glut,2317,0.057
subclass,081 ACB-BST-FS D1 Gaba,2290,0.057
subclass,105 TMd-DMH Foxd2 Gaba,2213,0.055
subclass,177 SCig-an-PPT Foxb1 Glut,2204,0.055
subclass,138 PH Pitx2 Glut,2186,0.054
subclass,039 OB Meis2 Thsd7b Gaba,2163,0.054
subclass,140 PMd-LHA Foxb1 Glut,2141,0.053
subclass,212 SCs Lef1 Gli3 Gaba,2140,0.053
subclass,054 STR Prox1 Lhx6 Gaba,2078,0.051
subclass,153 MG-POL-SGN Nts Glut,2050,0.051
subclass,196 PAG-PPN Pax5 Sox21 Gaba,2028,0.05
subclass,038 DG-PIR Ex IMN,2009,0.05
subclass,306 SPVI-SPVC Sall3 Lhx1 Gly-Gaba,2004,0.05
subclass,171 PAG Pou4f1 Bnc2 Glut,1989,0.049
subclass,248 MV-SPIV Zic4 Neurod2 Glut,1988,0.049
subclass,264 PRNc Otp Gly-Gaba,1947,0.048
subclass,065 IA Mgp Gaba,1936,0.048
subclass,066 NDB-SI-ant Prdm12 Gaba,1920,0.047
subclass,224 PCG-PRNr Vsx2 Nkx6-1 Glut,1913,0.047
subclass,159 IF-RL-CLI-PAG Foxa1 Glut,1885,0.047
subclass,179 SCdg-PAG Tfap2b Glut,1751,0.043
subclass,251 NTS Dbh Glut,1726,0.043
subclass,200 PAG-ND-PCG Onecut1 Gaba,1724,0.043
subclass,317 Astro-CB NN,1716,0.042
subclass,246 CU-ECU-SPVI Foxb1 Glut,1677,0.041
subclass,035 OB Eomes Ms4a15 Glut,1651,0.041
subclass,211 SC Tnnt1 Gli3 Gaba,1639,0.041
subclass,199 PAG-MRN-RN Foxa2 Gaba,1609,0.04
subclass,078 SI-MA-ACB Ebf1 Bnc2 Gaba,1593,0.039
subclass,305 SPVI-SPVC Sall3 Nfib Gly-Gaba,1586,0.039
subclass,121 MEA-BST Otp Zic2 Glut,1576,0.039
subclass,055 STR Lhx8 Gaba,1573,0.039
subclass,117 LHA Barhl2 Glut,1548,0.038
subclass,120 MEA Otp Foxp2 Glut,1530,0.038
subclass,263 CS-RPO Meis2 Gaba,1527,0.038
subclass,087 MPN-MPO-LPO Lhx6 Zfhx3 Gaba,1507,0.037
subclass,175 SC Bnc2 Glut,1481,0.037
subclass,059 GPe-SI Sox6 Cyp26b1 Gaba,1443,0.036
subclass,024 L5 PPP Glut,1428,0.035
subclass,197 SNr Six3 Gaba,1421,0.035
subclass,026 NLOT Rho Glut,1408,0.035
subclass,232 LDT Vsx2 Nkx6-1 Nfib Glut,1380,0.034
subclass,308 DCO Il22 Gly-Gaba,1367,0.034
subclass,088 BST Tac2 Gaba,1351,0.033
subclass,118 ADP-MPO Trp73 Glut,1334,0.033
subclass,192 PPN-CUN-PCG Otp En1 Gaba,1298,0.032
subclass,185 SCig Tfap2b Chrnb3 Glut,1296,0.032
subclass,237 PRP-NI-PRNc-GRN Otp Glut,1279,0.032
subclass,292 MV Nkx6-1 Gly-Gaba,1272,0.031
subclass,268 CS-PRNr-DR En1 Sox2 Gaba,1237,0.031
subclass,194 MRN-VTN-PPN Pax5 Cdh23 Gaba,1232,0.03
subclass,321 Astroependymal NN,1232,0.03
subclass,058 PAL-STR Gaba-Chol,1219,0.03
subclass,267 CS-PRNr-PCG Tmem163 Otp Gaba,1195,0.03
subclass,111 TRS-BAC Sln Glut,1194,0.03
subclass,115 MS-SF Bsx Glut,1191,0.029
subclass,225 PRNc-NI-SG-RPO Vsx2 Nr4a2 Glut,1178,0.029
subclass,328 OEC NN,1132,0.028
subclass,067 LSX Sall3 Pax6 Gaba,1114,0.028
subclass,272 LDT-PCG-CS Gata3 Lhx1 Gaba,1112,0.028
subclass,275 PDTg Otp Olig3 Gaba,1105,0.027
subclass,276 LDT-PCG St18 Gaba,1094,0.027
subclass,084 BST-SI-AAA Six3 Slc22a3 Gaba,1077,0.027
subclass,322 Tanycyte NN,1072,0.027
subclass,228 PSV Pvalb Lhx2 Glut,1054,0.026
subclass,204 SC Otx2 Gcnt4 Gaba,1036,0.026
subclass,231 IPN-LDT Vsx2 Nkx6-1 Glut,1009,0.025
subclass,137 PH-an Pitx2 Glut,971,0.024
subclass,122 LHA-MEA Otp Glut,965,0.024
subclass,258 SPVC Nmu Glut,960,0.024
subclass,271 NI-RPO Gata3 Nr4a2 Gaba,955,0.024
subclass,186 SCop Pou4f2 Neurod2 Glut,918,0.023
subclass,193 MRN-PPN-CUN Pax8 Gaba,912,0.023
subclass,229 PB-NTS Phox2b Ebf3 Lmx1b Glut,884,0.022
subclass,127 DMH-LHA Vgll2 Glut,883,0.022
subclass,287 MV-SPIV-PRP Dmbx1 Gly-Gaba,879,0.022
subclass,329 ABC NN,857,0.021
subclass,092 TMv-PMv Tbx3 Hist-Gaba,855,0.021
subclass,130 LHA Pmch Glut,846,0.021
subclass,270 LDT-DTN Gata3 Nfix Gaba,803,0.02
subclass,247 MV-SPIV Phox2b Ebf3 Lbx1 Glut,780,0.019
subclass,195 SNr-VTA Pax5 Npas1 Gaba,754,0.019
subclass,091 ARH-PVi Six6 Dopa-Gaba,744,0.018
subclass,147 AD Serpinb7 Glut,720,0.018
subclass,298 PRP Gata3 Slc6a5 Gly-Gaba,716,0.018
subclass,166 MRN Pou3f1 C1ql4 Glut,671,0.017
subclass,025 CA2-FC-IG Glut,640,0.016
subclass,294 MV Pax6 Gly-Gaba,626,0.015
subclass,254 VCO Mafa Meis2 Glut,619,0.015
subclass,220 PB Pax5 Glut,614,0.015
subclass,043 OB-mi Frmd7 Gaba,611,0.015
subclass,291 NTS-MDRNd Prox1 Zic1 Gly-Gaba,607,0.015
subclass,257 SPVC Ccdc172 Glut,593,0.015
subclass,156 MB-ant-ve Dmrta2 Glut,573,0.014
subclass,278 NLL Gata3 Gly-Gaba,548,0.014
subclass,083 CEA-BST Rai14 Pdyn Crh Gaba,545,0.013
subclass,269 LDT Fgf7 Gaba,522,0.013
subclass,262 Pineal Crx Glut,504,0.012
subclass,325 CHOR NN,476,0.012
subclass,244 MV-SPIV Slc6a2 Glut,467,0.012
subclass,112 GPi Tbr1 Cngb3 Gaba-Glut,460,0.011
subclass,307 RO-RPA Pkd2l1 Gaba,448,0.011
subclass,338 Lymphoid NN,404,0.01
subclass,290 MY Prox1 Lmo7 Gly-Gaba,400,0.01
subclass,077 CEA-BST Gal Avp Gaba,389,0.01
subclass,313 CBX Purkinje Gaba,380,0.009
subclass,226 PRNc-PARN Tlx1 Glut,367,0.009
subclass,178 SCig Foxb1 Otx2 Glut,366,0.009
subclass,250 CBN Neurod2 Pvalb Glut,364,0.009
subclass,223 B-PB Nr4a2 Glut,353,0.009
subclass,288 MDRN Hoxb5 Ebf2 Gly-Gaba,350,0.009
subclass,158 MRN-PAG Nkx6-1 Glut,349,0.009
subclass,274 PDTg Otp Shroom3 Gaba,349,0.009
subclass,252 DMX VII Tbx20 Chol,339,0.008
subclass,296 RPA Pax6 Hoxb5 Gly-Gaba,336,0.008
subclass,303 IRN Dmbx1 Pax2 Gly-Gaba,318,0.008
subclass,261 HB Calcb Chol,293,0.007
subclass,310 CBX Golgi Gly-Gaba,291,0.007
subclass,337 DC NN,285,0.007
subclass,266 PRNc Prox1 Brs3 Gly-Gaba,274,0.007
subclass,190 ND-INC Foxd2 Glut,265,0.007
subclass,230 PRNr Otp Nfib Glut,247,0.006
subclass,096 PVHd Gsc Gaba,234,0.006
subclass,191 PAG-MRN Rln3 Gaba,228,0.006
subclass,265 PB Sst Gly-Gaba,228,0.006
subclass,289 MDRNd Prox1 Pax6 Gly-Gaba,210,0.005
subclass,249 NTS Aldh1a2 Glut,205,0.005
subclass,218 PSV Lmx1a Trpv6 Glut,200,0.005
subclass,142 HY Gnrh1 Glut,191,0.005
subclass,284 GRN-IRN-MDRNd Ikzf1 Gly-Gaba,164,0.004
subclass,241 NTS Mbnl3 Glut,162,0.004
subclass,110 BST-po Iigp1 Glut,155,0.004
subclass,236 IRN Vip Glut,149,0.004
subclass,259 MDRNd Bves Glut,143,0.004
subclass,253 IO Fgl2 Glut,142,0.004
subclass,324 Hypendymal NN,139,0.003
subclass,255 SPVO Mafa Meis2 Glut,137,0.003
subclass,286 PPY-PGRNl Vip Glyc-Gaba,136,0.003
subclass,233 NLL-SOC Spp1 Glut,132,0.003
subclass,260 MDRNv Crp Glut,119,0.003
subclass,227 PB-PSV Phox2b Glut,118,0.003
subclass,219 PB-SUT Tlx3 Lhx2 Glut,116,0.003
subclass,242 PGRNd Dmbx1 Glut,92,0.002
subclass,281 POR Gata3 Gly-Gaba,79,0.002
subclass,240 MDRNv Lhx4 Qrfprl Glut,74,0.002
subclass,239 MARN-GRN Pyy Glut,56,0.001
subclass,302 MV Xdh Gly-Gaba,48,0.001
subclass,157 RN Spp1 Glut,48,0.001
subclass,279 PSV Pax2 Gly-Gaba,43,0.001
subclass,301 MV Nr4a2 Gly-Gaba,35,0.001
subclass,336 Monocytes NN,33,0.001
subclass,184 PAG Tcf24 Glut,29,0.001
subclass,183 PBG Mtnr1a Glut-Chol,28,0.001
subclass,299 MARN-PPY Ngfr Gly-Gaba,28,0.001
subclass,189 PAG Ucn Glut,23,0.001
subclass,282 POR Spp1 Gly-Gaba,22,0.001
subclass,234 MEV Ppp1r1c Glut,22,0.001
subclass,280 NLL-po Pax7 Gaba,17,0.0
subclass,297 CU-ECU Pax2 Gly-Gaba,15,0.0
supertype,1184 MOL NN_4,395554,9.784
supertype,1163 Astro-TE NN_3,146806,3.631
supertype,1160 Astro-NT NN_2,139205,3.443
supertype,0030 L2/3 IT CTX Glut_2,128897,3.188
supertype,1179 OPC NN_1,121667,3.009
supertype,1155 CB Granule Glut_2,116129,2.872
supertype,0028 L4/5 IT CTX Glut_6,90911,2.249
supertype,1193 Endo NN_1,88011,2.177
supertype,1194 Microglia NN_1,86232,2.133
supertype,0023 L4/5 IT CTX Glut_1,85830,2.123
supertype,0024 L4/5 IT CTX Glut_2,80792,1.998
supertype,0027 L4/5 IT CTX Glut_5,76805,1.9
supertype,0114 L6 CT CTX Glut_1,76047,1.881
supertype,0137 DG Glut_2,74950,1.854
supertype,0115 L6 CT CTX Glut_2,68930,1.705
supertype,0014 L6 IT CTX Glut_2,48729,1.205
supertype,0199 Lamp5 Gaba_1,41362,1.023
supertype,0150 OB-in Frmd7 Gaba_1,38299,0.947
supertype,0118 L6 CT CTX Glut_5,35459,0.877
supertype,0151 OB-in Frmd7 Gaba_2,34048,0.842
supertype,1149 CBX MLI Megf11 Gaba_1,31249,0.773
supertype,0001 CLA-EPd-CTX Car3 Glut_1,29034,0.718
supertype,0088 L2/3 IT RSP Glut_2,26016,0.643
supertype,1191 Peri NN_1,24907,0.616
supertype,0123 L5 NP CTX Glut_2,24479,0.605
supertype,0026 L4/5 IT CTX Glut_4,23147,0.573
supertype,0020 L5 IT CTX Glut_3,21099,0.522
supertype,0019 L5 IT CTX Glut_2,20805,0.515
supertype,0085 L2/3 IT PPP Glut_2,20603,0.51
supertype,0003 IT EP-CLA Glut_1,19918,0.493
supertype,0040 L2/3 IT PIR-ENTl Glut_2,19494,0.482
supertype,0069 CA1-ProS Glut_1,19061,0.471
supertype,0207 Pvalb Gaba_3,18939,0.468
supertype,0013 L6 IT CTX Glut_1,18901,0.468
supertype,0016 L6 IT CTX Glut_4,18607,0.46
supertype,0277 STR D2 Gaba_4,18417,0.456
supertype,0032 L2/3 IT CTX Glut_4,18000,0.445
supertype,1154 CB Granule Glut_1,17649,0.437
supertype,0042 L2/3 IT PIR-ENTl Glut_4,16330,0.404
supertype,0050 IT AON-TT-DP Glut_5,16200,0.401
supertype,1181 COP NN_1,16063,0.397
supertype,0109 L6b/CT ENT Glut_4,15169,0.375
supertype,0015 L6 IT CTX Glut_3,14953,0.37
supertype,0177 Vip Gaba_5,14713,0.364
supertype,0116 L6 CT CTX Glut_3,14692,0.363
supertype,1192 SMC NN_1,14614,0.361
supertype,0018 L5 IT CTX Glut_1,14583,0.361
supertype,0217 Sst Gaba_4,14335,0.355
supertype,0031 L2/3 IT CTX Glut_3,14297,0.354
supertype,0124 L5 NP CTX Glut_3,13915,0.344
supertype,0267 STR D1 Gaba_3,13770,0.341
supertype,0275 STR D2 Gaba_2,13719,0.339
supertype,1151 CBX MLI Cdh22 Gaba_1,13098,0.324
supertype,0039 L2/3 IT PIR-ENTl Glut_1,12443,0.308
supertype,0059 COAp Grxcr2 Glut_2,12334,0.305
supertype,0036 L2/3 IT ENT Glut_4,11921,0.295
supertype,0025 L4/5 IT CTX Glut_3,11736,0.29
supertype,0656 TH Prkcd Grin2c Glut_3,11280,0.279
supertype,0029 L2/3 IT CTX Glut_1,11019,0.273
supertype,0659 TH Prkcd Grin2c Glut_6,10742,0.266
supertype,0270 STR D1 Gaba_6,10628,0.263
supertype,0110 L6b CTX Glut_1,10264,0.254
supertype,0507 MEA-COA-BMA Ccdc42 Glut_3,9599,0.237
supertype,0262 OT D3 Folh1 Gaba_1,9429,0.233
supertype,0203 Lamp5 Lhx6 Gaba_1,8913,0.22
supertype,0178 Vip Gaba_6,8474,0.21
supertype,0655 TH Prkcd Grin2c Glut_2,8341,0.206
supertype,0106 L6b/CT ENT Glut_1,8083,0.2
supertype,0087 L2/3 IT RSP Glut_1,7924,0.196
supertype,0212 Pvalb Gaba_8,7777,0.192
supertype,0187 Sncg Gaba_3,7737,0.191
supertype,0654 TH Prkcd Grin2c Glut_1,7731,0.191
supertype,0017 L6 IT CTX Glut_5,7723,0.191
supertype,0021 L5 IT CTX Glut_4,7677,0.19
supertype,0642 AV Col27a1 Glut_1,7531,0.186
supertype,1183 MFOL NN_3,7528,0.186
supertype,0175 Vip Gaba_3,7526,0.186
supertype,1156 DCO UBC Glut_1,7328,0.181
supertype,0041 L2/3 IT PIR-ENTl Glut_3,7304,0.181
supertype,0200 Lamp5 Gaba_2,7040,0.174
supertype,0173 Vip Gaba_1,6998,0.173
supertype,0047 IT AON-TT-DP Glut_2,6979,0.173
supertype,0214 Sst Gaba_1,6875,0.17
supertype,0770 IC Tfap2d Maf Glut_1,6730,0.166
supertype,0208 Pvalb Gaba_4,6693,0.166
supertype,0089 L4 RSP-ACA Glut_1,6615,0.164
supertype,0772 IC Tfap2d Maf Glut_3,6517,0.161
supertype,0061 LA-BLA-BMA-PA Glut_2,6385,0.158
supertype,0092 L5 ET CTX Glut_3,6268,0.155
supertype,0223 Sst Gaba_10,6141,0.152
supertype,0176 Vip Gaba_4,6083,0.15
supertype,0174 Vip Gaba_2,5710,0.141
supertype,1195 BAM NN_1,5626,0.139
supertype,0649 CM-IAD-CL-PCN Sema5b Glut_1,5604,0.139
supertype,0658 TH Prkcd Grin2c Glut_5,5602,0.139
supertype,0644 PVT-PT Ntrk1 Glut_2,5520,0.137
supertype,0086 L2/3 IT PPP Glut_3,5509,0.136
supertype,1188 VLMC NN_2,5508,0.136
supertype,0111 L6b CTX Glut_2,5499,0.136
supertype,0629 MM-ant Foxb1 Glut_1,5451,0.135
supertype,0120 CT SUB Glut_1,5449,0.135
supertype,0158 OB-out Frmd7 Gaba_1,5366,0.133
supertype,0091 L5 ET CTX Glut_2,5363,0.133
supertype,0872 SCsg Gabrr2 Gaba_1,5355,0.132
supertype,0631 MM Foxb1 Glut_2,5266,0.13
supertype,0062 LA-BLA-BMA-PA Glut_3,5187,0.128
supertype,0139 DG Glut_4,5166,0.128
supertype,0384 CEA-BST Ebf1 Pdyn Gaba_1,5053,0.125
supertype,0184 Vip Gaba_12,5038,0.125
supertype,1161 Astro-TE NN_1,4763,0.118
supertype,0661 TH Prkcd Grin2c Glut_8,4713,0.117
supertype,0008 L5/6 IT TPE-ENT Glut_2,4663,0.115
supertype,0286 STR-PAL Chst9 Gaba_2,4621,0.114
supertype,0070 CA1-ProS Glut_2,4609,0.114
supertype,0288 STR-PAL Chst9 Gaba_4,4588,0.113
supertype,0090 L5 ET CTX Glut_1,4582,0.113
supertype,0117 L6 CT CTX Glut_4,4562,0.113
supertype,0046 IT AON-TT-DP Glut_1,4528,0.112
supertype,0169 OB-STR-CTX Inh IMN_4,4384,0.108
supertype,0634 MH Tac2 Glut_3,4331,0.107
supertype,0229 Sst Gaba_16,4322,0.107
supertype,0663 TH Prkcd Grin2c Glut_10,4309,0.107
supertype,0162 OB Dopa-Gaba_1,4296,0.106
supertype,0509 COAa-PAA-MEA Barhl2 Glut_1,4152,0.103
supertype,0221 Sst Gaba_8,4145,0.103
supertype,0285 STR-PAL Chst9 Gaba_1,4125,0.102
supertype,0226 Sst Gaba_13,4064,0.101
supertype,0218 Sst Gaba_5,3999,0.099
supertype,0201 Lamp5 Gaba_3,3949,0.098
supertype,0045 L2/3 IT PIR-ENTl Glut_7,3914,0.097
supertype,0094 L5 ET CTX Glut_5,3895,0.096
supertype,0953 PG-TRN-LRN Fat2 Glut_1,3894,0.096
supertype,0873 SCsg Gabrr2 Gaba_2,3833,0.095
supertype,0287 STR-PAL Chst9 Gaba_3,3822,0.095
supertype,0057 MEA Slc17a7 Glut_3,3748,0.093
supertype,0220 Sst Gaba_7,3740,0.093
supertype,0183 Vip Gaba_11,3730,0.092
supertype,0056 MEA Slc17a7 Glut_2,3657,0.09
supertype,0674 PF Fzd5 Glut_1,3653,0.09
supertype,1144 CB PLI Gly-Gaba_1,3646,0.09
supertype,1115 CBN Dmbx1 Gaba_1,3641,0.09
supertype,0112 L6b CTX Glut_3,3637,0.09
supertype,0037 L2/3 IT ENT Glut_5,3557,0.088
supertype,0268 STR D1 Gaba_4,3511,0.087
supertype,0072 CA1-ProS Glut_4,3493,0.086
supertype,0096 SUB-ProS Glut_1,3490,0.086
supertype,0204 Pvalb chandelier Gaba_1,3470,0.086
supertype,0167 OB-STR-CTX Inh IMN_2,3459,0.086
supertype,0652 CM-IAD-CL-PCN Sema5b Glut_4,3447,0.085
supertype,0004 IT EP-CLA Glut_2,3433,0.085
supertype,0222 Sst Gaba_9,3432,0.085
supertype,1182 NFOL NN_2,3429,0.085
supertype,1187 VLMC NN_1,3407,0.084
supertype,0060 LA-BLA-BMA-PA Glut_1,3385,0.084
supertype,1157 Bergmann NN_1,3321,0.082
supertype,0702 APN C1ql2 Glut_1,3227,0.08
supertype,0760 SCig Foxb1 Glut_1,3196,0.079
supertype,0048 IT AON-TT-DP Glut_3,3190,0.079
supertype,0209 Pvalb Gaba_5,3190,0.079
supertype,0650 CM-IAD-CL-PCN Sema5b Glut_2,3169,0.078
supertype,0733 PAG-MRN Tfap2b Glut_1,3162,0.078
supertype,0435 RT-ZI Gnb3 Gaba_5,3161,0.078
supertype,1110 PAS-MV Ebf2 Gly-Gaba_2,3146,0.078
supertype,0675 PF Fzd5 Glut_2,3135,0.078
supertype,0135 HPF CR Glut_1,3116,0.077
supertype,0666 TH Prkcd Grin2c Glut_13,3110,0.077
supertype,0788 SCop Sln Glut_1,3096,0.077
supertype,0846 SC-PAG Lef1 Emx2 Gaba_4,3086,0.076
supertype,0703 APN C1ql4 Glut_1,3076,0.076
supertype,0129 NP PPP Glut_1,3029,0.075
supertype,0630 MM Foxb1 Glut_1,3013,0.075
supertype,0875 SCsg Gabrr2 Gaba_4,2992,0.074
supertype,1019 SPVC Mafa Glut_2,2989,0.074
supertype,0660 TH Prkcd Grin2c Glut_7,2983,0.074
supertype,1175 Ependymal NN_1,2981,0.074
supertype,0466 ZI Pax6 Gaba_8,2979,0.074
supertype,0775 IC Tfap2d Maf Glut_6,2946,0.073
supertype,0241 Sst Chodl Gaba_4,2905,0.072
supertype,0009 L5/6 IT TPE-ENT Glut_3,2902,0.072
supertype,0662 TH Prkcd Grin2c Glut_9,2900,0.072
supertype,0228 Sst Gaba_15,2893,0.072
supertype,0273 STR D1 Gaba_9,2890,0.071
supertype,0844 SC-PAG Lef1 Emx2 Gaba_2,2827,0.07
supertype,0568 VMH Nr5a1 Glut_3,2817,0.07
supertype,0317 LSX Prdm12 Slit2 Gaba_1,2780,0.069
supertype,0055 MEA Slc17a7 Glut_1,2715,0.067
supertype,0264 OT D3 Folh1 Gaba_3,2711,0.067
supertype,0326 LSX Prdm12 Zeb2 Gaba_1,2707,0.067
supertype,0063 LA-BLA-BMA-PA Glut_4,2700,0.067
supertype,0224 Sst Gaba_11,2677,0.066
supertype,0745 PAG Pou4f2 Glut_1,2657,0.066
supertype,0347 MEA-BST Lhx6 Sp9 Gaba_1,2609,0.065
supertype,0545 DMH Nkx2-4 Glut_2,2579,0.064
supertype,0205 Pvalb Gaba_1,2546,0.063
supertype,0035 L2/3 IT ENT Glut_3,2527,0.063
supertype,0713 PRC-PAG Tcf7l2 Irx2 Glut_1,2525,0.062
supertype,0125 L5 NP CTX Glut_4,2521,0.062
supertype,0149 OB Trdn Gaba_2,2511,0.062
supertype,0282 STR D1 Sema5a Gaba_2,2473,0.061
supertype,0874 SCsg Gabrr2 Gaba_3,2470,0.061
supertype,0227 Sst Gaba_14,2464,0.061
supertype,0022 L5 IT CTX Glut_5,2460,0.061
supertype,0878 IPN Otp Crisp1 Gaba_2,2456,0.061
supertype,0128 NP SUB Glut_2,2445,0.06
supertype,0373 CEA-AAA-BST Six3 Sp9 Gaba_1,2431,0.06
supertype,0081 L2 IT PPP-APr Glut_2,2426,0.06
supertype,0093 L5 ET CTX Glut_4,2426,0.06
supertype,0505 MEA-COA-BMA Ccdc42 Glut_1,2418,0.06
supertype,0478 TU-ARH Otp Six6 Gaba_1,2418,0.06
supertype,0284 STR D1 Sema5a Gaba_4,2413,0.06
supertype,0246 NDB-SI-MA-STRv Lhx8 Gaba_3,2411,0.06
supertype,0471 DMH-LHA Gsx1 Gaba_2,2396,0.059
supertype,0857 SC Lef1 Otx2 Gaba_1,2386,0.059
supertype,0769 SCiw Pitx2 Glut_3,2372,0.059
supertype,0121 CT SUB Glut_2,2367,0.059
supertype,0186 Sncg Gaba_2,2349,0.058
supertype,0084 L2/3 IT PPP Glut_1,2345,0.058
supertype,0483 PVpo-VMPO-MPN Hmx2 Gaba_2,2331,0.058
supertype,0632 MH Tac2 Glut_1,2324,0.057
supertype,0265 STR D1 Gaba_1,2291,0.057
supertype,0694 PAG Pou4f3 Glut_1,2267,0.056
supertype,0185 Sncg Gaba_1,2256,0.056
supertype,0097 SUB-ProS Glut_2,2251,0.056
supertype,0107 L6b/CT ENT Glut_2,2247,0.056
supertype,0479 TU-ARH Otp Six6 Gaba_2,2244,0.056
supertype,0500 LGv-ZI Otx2 Gaba_5,2225,0.055
supertype,0119 L6 CT CTX Glut_6,2222,0.055
supertype,0481 TMd-DMH Foxd2 Gaba_1,2213,0.055
supertype,0730 PAG-SC Pou4f1 Zic1 Glut_1,2209,0.055
supertype,0764 SCig-an-PPT Foxb1 Glut_1,2204,0.055
supertype,0433 RT-ZI Gnb3 Gaba_3,2195,0.054
supertype,0095 L5 ET CTX Glut_6,2187,0.054
supertype,0853 SCs Dmbx1 Gaba_2,2178,0.054
supertype,0154 OB-in Frmd7 Gaba_5,2172,0.054
supertype,0670 RE-Xi Nox4 Glut_3,2159,0.053
supertype,0078 CA3 Glut_4,2147,0.053
supertype,0724 SPA-SPFm-SPFp-POL-PIL-PoT Sp9 Glut_7,2137,0.053
supertype,0202 Lamp5 Gaba_4,2133,0.053
supertype,0225 Sst Gaba_12,2126,0.053
supertype,0669 RE-Xi Nox4 Glut_2,2124,0.053
supertype,0731 PAG-SC Pou4f1 Zic1 Glut_2,2116,0.052
supertype,0720 SPA-SPFm-SPFp-POL-PIL-PoT Sp9 Glut_3,2108,0.052
supertype,0355 MEA-BST Lhx6 Nr2e1 Gaba_2,2106,0.052
supertype,0848 SCm-PAG Cdh23 Gaba_1,2104,0.052
supertype,0470 DMH-LHA Gsx1 Gaba_1,2101,0.052
supertype,0587 PVH-SO-PVa Otp Glut_3,2093,0.052
supertype,0007 L5/6 IT TPE-ENT Glut_1,2080,0.051
supertype,0343 MEA-BST Sox6 Gaba_7,2071,0.051
supertype,0152 OB-in Frmd7 Gaba_3,2063,0.051
supertype,0776 CUN-PPN Evx2 Meis2 Glut_1,2052,0.051
supertype,0432 RT-ZI Gnb3 Gaba_2,2036,0.05
supertype,0122 L5 NP CTX Glut_1,2034,0.05
supertype,0721 SPA-SPFm-SPFp-POL-PIL-PoT Sp9 Glut_4,2025,0.05
supertype,0552 DMH Hmx2 Glut_1,2014,0.05
supertype,0718 SPA-SPFm-SPFp-POL-PIL-PoT Sp9 Glut_1,2006,0.05
supertype,0216 Sst Gaba_3,2004,0.05
supertype,0773 IC Tfap2d Maf Glut_4,1989,0.049
supertype,0448 AHN-SBPV-PVHd Pdrm12 Gaba_3,1978,0.049
supertype,0374 CEA-AAA-BST Six3 Sp9 Gaba_2,1969,0.049
supertype,0738 PAG Pou4f1 Ebf2 Glut_2,1959,0.048
supertype,0646 PVT-PT Ntrk1 Glut_4,1937,0.048
supertype,0462 ZI Pax6 Gaba_4,1934,0.048
supertype,0835 LGv-SPFp-SPFm Nkx2-2 Tcf7l2 Gaba_2,1930,0.048
supertype,0190 Sncg Gaba_6,1928,0.048
supertype,0074 CA1-ProS Glut_6,1921,0.048
supertype,0272 STR D1 Gaba_8,1918,0.047
supertype,0664 TH Prkcd Grin2c Glut_11,1910,0.047
supertype,0465 ZI Pax6 Gaba_7,1907,0.047
supertype,0188 Sncg Gaba_4,1900,0.047
supertype,0153 OB-in Frmd7 Gaba_4,1876,0.046
supertype,0104 L6b EPd Glut_2,1875,0.046
supertype,0368 CEA-BST Six3 Cyp26b1 Gaba_2,1868,0.046
supertype,0054 L2 IT ENT-po Glut_4,1867,0.046
supertype,0829 PRT Tcf7l2 Gaba_1,1851,0.046
supertype,0422 BST-MPN Six3 Nrgn Gaba_3,1836,0.045
supertype,0342 MEA-BST Sox6 Gaba_6,1832,0.045
supertype,0461 ZI Pax6 Gaba_3,1832,0.045
supertype,0771 IC Tfap2d Maf Glut_2,1832,0.045
supertype,0482 PVpo-VMPO-MPN Hmx2 Gaba_1,1828,0.045
supertype,0480 TU-ARH Otp Six6 Gaba_3,1821,0.045
supertype,0487 DMH Hmx2 Gaba_1,1813,0.045
supertype,0588 PVH-SO-PVa Otp Glut_4,1805,0.045
supertype,0064 LA-BLA-BMA-PA Glut_5,1803,0.045
supertype,0318 LSX Prdm12 Slit2 Gaba_2,1799,0.044
supertype,0010 L5/6 IT TPE-ENT Glut_4,1791,0.044
supertype,0307 LSX Nkx2-1 Gaba_2,1791,0.044
supertype,0667 TH Prkcd Grin2c Glut_14,1786,0.044
supertype,0436 SCH Six6 Cdc14a Gaba_1,1772,0.044
supertype,0283 STR D1 Sema5a Gaba_3,1765,0.044
supertype,0105 L6b EPd Glut_3,1756,0.043
supertype,0766 SCdg-PAG Tfap2b Glut_1,1751,0.043
supertype,0358 MEA-BST Lhx6 Nfib Gaba_2,1734,0.043
supertype,0443 PVHd-SBPV Six3 Prox1 Gaba_2,1723,0.043
supertype,0580 AHN-RCH-LHA Otp Fezf1 Glut_2,1718,0.042
supertype,1158 Astro-CB NN_1,1716,0.042
supertype,0210 Pvalb Gaba_6,1711,0.042
supertype,0704 PAG-MRN Pou3f1 Glut_1,1709,0.042
supertype,0751 PAG Pou4f2 Mesi2 Glut_2,1691,0.042
supertype,0437 SCH Six6 Cdc14a Gaba_2,1688,0.042
supertype,1072 DTN-LDT-IPN Otp Pax3 Gaba_4,1661,0.041
supertype,0831 PRT Tcf7l2 Gaba_3,1648,0.041
supertype,0473 DMH-LHA Gsx1 Gaba_4,1633,0.04
supertype,0166 OB-STR-CTX Inh IMN_1,1628,0.04
supertype,1061 PDTg-PCG Pax6 Gaba_1,1624,0.04
supertype,1133 NTS-PARN Neurod2 Gly-Gaba_4,1624,0.04
supertype,0762 SCig Foxb1 Glut_3,1607,0.04
supertype,0295 NDB-SI-ant Prdm12 Gaba_1,1606,0.04
supertype,0341 MEA-BST Sox6 Gaba_5,1603,0.04
supertype,0611 PH Pitx2 Glut_2,1602,0.04
supertype,0665 TH Prkcd Grin2c Glut_12,1599,0.04
supertype,0431 RT-ZI Gnb3 Gaba_1,1597,0.04
supertype,0338 MEA-BST Sox6 Gaba_2,1596,0.039
supertype,0049 IT AON-TT-DP Glut_4,1557,0.039
supertype,0303 LSX Otx2 Gaba_3,1550,0.038
supertype,0869 SCs Lef1 Gli3 Gaba_1,1538,0.038
supertype,0455 SBPV-PVa Six6 Satb2 Gaba_3,1537,0.038
supertype,0289 STR-PAL Chst9 Gaba_5,1533,0.038
supertype,0538 MEA Otp Foxp2 Glut_1,1530,0.038
supertype,0066 ENTmv-PA-COAp Glut_1,1528,0.038
supertype,0787 SCsg Pde5a Glut_3,1511,0.037
supertype,0180 Vip Gaba_8,1511,0.037
supertype,0668 RE-Xi Nox4 Glut_1,1501,0.037
supertype,0843 SC-PAG Lef1 Emx2 Gaba_1,1499,0.037
supertype,0071 CA1-ProS Glut_3,1492,0.037
supertype,0620 PMd-LHA Foxb1 Glut_2,1488,0.037
supertype,0657 TH Prkcd Grin2c Glut_4,1474,0.036
supertype,1159 Astro-NT NN_1,1464,0.036
supertype,0495 ARH-PVp Tbx3 Gaba_3,1460,0.036
supertype,0530 SI-MA-LPO-LHA Skor1 Glut_1,1459,0.036
supertype,0672 MG-POL-SGN Nts Glut_1,1457,0.036
supertype,0508 MEA-COA-BMA Ccdc42 Glut_4,1447,0.036
supertype,0570 VMH Nr5a1 Glut_5,1446,0.036
supertype,0825 PAG-RN Nkx2-2 Otx1 Gaba_3,1442,0.036
supertype,0181 Vip Gaba_9,1441,0.036
supertype,0515 COAa-PAA-MEA Barhl2 Glut_7,1435,0.035
supertype,0459 ZI Pax6 Gaba_1,1434,0.035
supertype,0386 CEA-BST Ebf1 Pdyn Gaba_3,1434,0.035
supertype,0099 L5 PPP Glut_1,1428,0.035
supertype,0339 MEA-BST Sox6 Gaba_3,1424,0.035
supertype,0806 SNr Six3 Gaba_1,1421,0.035
supertype,0102 NLOT Rho Glut_1,1408,0.035
supertype,0849 SCm-PAG Cdh23 Gaba_2,1394,0.034
supertype,0506 MEA-COA-BMA Ccdc42 Glut_2,1387,0.034
supertype,0546 MPN-MPO-PVpo Hmx2 Glut_1,1384,0.034
supertype,0768 SCiw Pitx2 Glut_2,1380,0.034
supertype,0489 DMH Hmx2 Gaba_3,1377,0.034
supertype,0274 STR D2 Gaba_1,1376,0.034
supertype,0860 SCs Pax7 Nfia Gaba_2,1374,0.034
supertype,0511 COAa-PAA-MEA Barhl2 Glut_3,1368,0.034
supertype,0193 RHP-COA Ndnf Gaba_1,1365,0.034
supertype,0555 ARH-PVp Tbx3 Glut_2,1364,0.034
supertype,0556 ARH-PVp Tbx3 Glut_3,1362,0.034
supertype,0722 SPA-SPFm-SPFp-POL-PIL-PoT Sp9 Glut_5,1362,0.034
supertype,0852 SCs Dmbx1 Gaba_1,1359,0.034
supertype,0350 MEA-BST Lhx6 Sp9 Gaba_4,1355,0.034
supertype,1165 Astro-TE NN_5,1337,0.033
supertype,0645 PVT-PT Ntrk1 Glut_3,1320,0.033
supertype,0439 DMH Prdm13 Gaba_1,1314,0.033
supertype,0239 Sst Chodl Gaba_2,1306,0.032
supertype,0234 STR Prox1 Lhx6 Gaba_2,1302,0.032
supertype,0033 L2/3 IT ENT Glut_1,1299,0.032
supertype,0637 LH Pou4f1 Sox1 Glut_1,1298,0.032
supertype,0783 SCig Tfap2b Chrnb3 Glut_1,1296,0.032
supertype,0108 L6b/CT ENT Glut_3,1289,0.032
supertype,0602 STN-PSTN Pitx2 Glut_5,1282,0.032
supertype,0442 PVHd-SBPV Six3 Prox1 Gaba_1,1281,0.032
supertype,0499 LGv-ZI Otx2 Gaba_4,1280,0.032
supertype,0749 PAG Pou4f2 Glut_5,1279,0.032
supertype,1130 NTS-PARN Neurod2 Gly-Gaba_1,1271,0.031
supertype,0327 LSX Prdm12 Zeb2 Gaba_2,1271,0.031
supertype,0136 DG Glut_1,1263,0.031
supertype,0569 VMH Nr5a1 Glut_4,1259,0.031
supertype,0714 PRC-PAG Tcf7l2 Irx2 Glut_2,1252,0.031
supertype,0279 STR D2 Gaba_6,1250,0.031
supertype,0988 CU-ECU-SPVI Foxb1 Glut_1,1246,0.031
supertype,0598 STN-PSTN Pitx2 Glut_1,1242,0.031
supertype,0883 SNc-VTA-RAmb Foxa1 Dopa_4,1242,0.031
supertype,0319 LSX Prdm12 Slit2 Gaba_3,1237,0.031
supertype,0807 IC Six3 En2 Gaba_1,1233,0.03
supertype,0082 L2 IT PPP-APr Glut_3,1226,0.03
supertype,0361 MEA-BST Lhx6 Nfib Gaba_5,1225,0.03
supertype,0359 MEA-BST Lhx6 Nfib Gaba_3,1225,0.03
supertype,0423 BST-MPN Six3 Nrgn Gaba_4,1215,0.03
supertype,0245 NDB-SI-MA-STRv Lhx8 Gaba_2,1211,0.03
supertype,0740 PAG Pou4f1 Ebf2 Glut_4,1207,0.03
supertype,0594 PH-ant-LHA Otp Bsx Glut_4,1206,0.03
supertype,0453 SBPV-PVa Six6 Satb2 Gaba_1,1205,0.03
supertype,0454 SBPV-PVa Six6 Satb2 Gaba_2,1205,0.03
supertype,0456 AHN Onecut3 Gaba_1,1202,0.03
supertype,0605 PMv-TMv Pitx2 Glut_1,1202,0.03
supertype,0141 DG-PIR Ex IMN_2,1200,0.03
supertype,1135 NTS-PARN Neurod2 Gly-Gaba_6,1199,0.03
supertype,0444 PVHd-SBPV Six3 Prox1 Gaba_3,1193,0.03
supertype,1166 Astro-OLF NN_1,1193,0.03
supertype,0518 MS-SF Bsx Glut_1,1191,0.029
supertype,0357 MEA-BST Lhx6 Nfib Gaba_1,1185,0.029
supertype,1136 SPVI-SPVC Sall3 Nfib Gly-Gaba_1,1185,0.029
supertype,0215 Sst Gaba_2,1183,0.029
supertype,0278 STR D2 Gaba_5,1182,0.029
supertype,0475 PVHd-DMH Lhx6 Gaba_2,1176,0.029
supertype,0192 Sncg Gaba_8,1176,0.029
supertype,0948 LDT Vsx2 Nkx6-1 Nfib Glut_1,1172,0.029
supertype,0595 PH-ant-LHA Otp Bsx Glut_5,1167,0.029
supertype,0424 BST-MPN Six3 Nrgn Gaba_5,1166,0.029
supertype,0535 SI-MA-LPO-LHA Skor1 Glut_6,1165,0.029
supertype,0607 PMv-TMv Pitx2 Glut_3,1165,0.029
supertype,0488 DMH Hmx2 Gaba_2,1162,0.029
supertype,0752 PAG Pou4f2 Mesi2 Glut_3,1162,0.029
supertype,0302 LSX Otx2 Gaba_2,1154,0.029
supertype,0534 SI-MA-LPO-LHA Skor1 Glut_5,1152,0.028
supertype,0736 PAG Pou4f1 Bnc2 Glut_2,1152,0.028
supertype,0746 PAG Pou4f2 Glut_2,1152,0.028
supertype,0382 ACB-BST-FS D1 Gaba_2,1149,0.028
supertype,0876 SCsg Gabrr2 Gaba_5,1149,0.028
supertype,0058 COAp Grxcr2 Glut_1,1147,0.028
supertype,0531 SI-MA-LPO-LHA Skor1 Glut_2,1142,0.028
supertype,0044 L2/3 IT PIR-ENTl Glut_6,1133,0.028
supertype,1185 OEC NN_1,1132,0.028
supertype,0614 PH-LHA Foxb1 Glut_3,1131,0.028
supertype,0449 AHN-SBPV-PVHd Pdrm12 Gaba_4,1121,0.028
supertype,0370 CEA-BST Six3 Cyp26b1 Gaba_4,1118,0.028
supertype,0309 LSX Nkx2-1 Gaba_4,1112,0.028
supertype,0397 SI-MPO-LPO Lhx8 Gaba_2,1109,0.027
supertype,0308 LSX Nkx2-1 Gaba_3,1108,0.027
supertype,1066 PDTg Otp Olig3 Gaba_1,1105,0.027
supertype,0098 SUB-ProS Glut_3,1103,0.027
supertype,0248 NDB-SI-MA-STRv Lhx8 Gaba_5,1098,0.027
supertype,0440 DMH Prdm13 Gaba_2,1097,0.027
supertype,0855 SCs Dmbx1 Gaba_4,1097,0.027
supertype,0725 SPA-SPFm-SPFp-POL-PIL-PoT Sp9 Glut_8,1094,0.027
supertype,0601 STN-PSTN Pitx2 Glut_4,1090,0.027
supertype,0761 SCig Foxb1 Glut_2,1085,0.027
supertype,0351 MEA-BST Lhx6 Sp9 Gaba_5,1083,0.027
supertype,0179 Vip Gaba_7,1083,0.027
supertype,0693 PAG-SC Neurod2 Meis2 Glut_4,1082,0.027
supertype,0566 VMH Nr5a1 Glut_1,1079,0.027
supertype,0591 PH-ant-LHA Otp Bsx Glut_1,1075,0.027
supertype,0407 MPN-MPO-LPO Lhx6 Zfhx3 Gaba_1,1067,0.026
supertype,0850 SCm-PAG Cdh23 Gaba_3,1066,0.026
supertype,0808 IC Six3 En2 Gaba_2,1065,0.026
supertype,0189 Sncg Gaba_5,1065,0.026
supertype,0425 BST-MPN Six3 Nrgn Gaba_6,1062,0.026
supertype,0532 SI-MA-LPO-LHA Skor1 Glut_3,1058,0.026
supertype,0002 CLA-EPd-CTX Car3 Glut_2,1056,0.026
supertype,0544 DMH Nkx2-4 Glut_1,1056,0.026
supertype,0493 ARH-PVp Tbx3 Gaba_1,1054,0.026
supertype,0446 AHN-SBPV-PVHd Pdrm12 Gaba_1,1050,0.026
supertype,0396 SI-MPO-LPO Lhx8 Gaba_1,1048,0.026
supertype,0244 NDB-SI-MA-STRv Lhx8 Gaba_1,1046,0.026
supertype,0597 PH-ant-LHA Otp Bsx Glut_7,1045,0.026
supertype,0581 AHN-RCH-LHA Otp Fezf1 Glut_3,1042,0.026
supertype,0077 CA3 Glut_3,1039,0.026
supertype,0567 VMH Nr5a1 Glut_2,1038,0.026
supertype,0502 TRS-BAC Sln Glut_1,1038,0.026
supertype,0737 PAG Pou4f1 Ebf2 Glut_1,1032,0.026
supertype,0864 PRT Mecom Gaba_1,1029,0.025
supertype,0832 PRT Tcf7l2 Gaba_4,1027,0.025
supertype,0065 LA-BLA-BMA-PA Glut_6,1025,0.025
supertype,0340 MEA-BST Sox6 Gaba_4,1023,0.025
supertype,1138 SPVI-SPVC Sall3 Lhx1 Gly-Gaba_1,1007,0.025
supertype,1044 CS-PRNr-PCG Tmem163 Otp Gaba_1,1005,0.025
supertype,0371 CEA-BST Six3 Cyp26b1 Gaba_5,1004,0.025
supertype,0512 COAa-PAA-MEA Barhl2 Glut_4,1002,0.025
supertype,1139 SPVI-SPVC Sall3 Lhx1 Gly-Gaba_2,997,0.025
supertype,0148 OB Trdn Gaba_1,996,0.025
supertype,0052 L2 IT ENT-po Glut_2,992,0.025
supertype,0353 MEA-BST Lhx6 Sp9 Gaba_7,987,0.024
supertype,0868 SC Tnnt1 Gli3 Gaba_2,984,0.024
supertype,1164 Astro-TE NN_4,982,0.024
supertype,0600 STN-PSTN Pitx2 Glut_3,971,0.024
supertype,0352 MEA-BST Lhx6 Sp9 Gaba_6,969,0.024
supertype,0961 NTS Phox2b Glut_3,968,0.024
supertype,0138 DG Glut_3,964,0.024
supertype,0329 LSX Prdm12 Zeb2 Gaba_4,964,0.024
supertype,0563 VMH Fezf1 Glut_1,963,0.024
supertype,0068 ENTmv-PA-COAp Glut_3,963,0.024
supertype,0911 LDT-PCG Vsx2 Lhx4 Glut_6,962,0.024
supertype,0076 CA3 Glut_2,962,0.024
supertype,0564 VMH Fezf1 Glut_2,959,0.024
supertype,0230 Sst Gaba_17,956,0.024
supertype,0385 CEA-BST Ebf1 Pdyn Gaba_2,954,0.024
supertype,0854 SCs Dmbx1 Gaba_3,951,0.024
supertype,0457 AHN Onecut3 Gaba_2,944,0.023
supertype,1107 MV Nkx6-1 Gly-Gaba_1,944,0.023
supertype,0067 ENTmv-PA-COAp Glut_2,943,0.023
supertype,0474 PVHd-DMH Lhx6 Gaba_1,943,0.023
supertype,0038 L2/3 IT ENT Glut_6,941,0.023
supertype,0276 STR D2 Gaba_3,938,0.023
supertype,1180 OPC NN_2,938,0.023
supertype,0258 GPe-SI Sox6 Cyp26b1 Gaba_2,933,0.023
supertype,0486 PVpo-VMPO-MPN Hmx2 Gaba_5,933,0.023
supertype,0859 SCs Pax7 Nfia Gaba_1,927,0.023
supertype,0785 SCsg Pde5a Glut_1,926,0.023
supertype,1067 LDT-PCG St18 Gaba_1,924,0.023
supertype,0741 PAG Pou4f1 Ebf2 Glut_5,920,0.023
supertype,0739 PAG Pou4f1 Ebf2 Glut_3,920,0.023
supertype,0332 LSX Sall3 Lmo1 Gaba_2,919,0.023
supertype,0784 SCop Pou4f2 Neurod2 Glut_1,918,0.023
supertype,0593 PH-ant-LHA Otp Bsx Glut_3,911,0.023
supertype,0367 CEA-BST Six3 Cyp26b1 Gaba_1,910,0.023
supertype,0520 AVPV-MEPO-SFO Tbr1 Glut_2,905,0.022
supertype,0447 AHN-SBPV-PVHd Pdrm12 Gaba_2,904,0.022
supertype,0830 PRT Tcf7l2 Gaba_2,904,0.022
supertype,0786 SCsg Pde5a Glut_2,904,0.022
supertype,0882 SNc-VTA-RAmb Foxa1 Dopa_3,903,0.022
supertype,0073 CA1-ProS Glut_5,898,0.022
supertype,1173 Tanycyte NN_2,896,0.022
supertype,0469 ZI Pax6 Gaba_11,895,0.022
supertype,0763 SCig Foxb1 Glut_4,895,0.022
supertype,0837 LGv-SPFp-SPFm Nkx2-2 Tcf7l2 Gaba_4,887,0.022
supertype,0524 LHA Barhl2 Glut_1,882,0.022
supertype,0310 LSX Nkx2-1 Gaba_5,881,0.022
supertype,0633 MH Tac2 Glut_2,878,0.022
supertype,1111 PAS-MV Ebf2 Gly-Gaba_3,876,0.022
supertype,0909 LDT-PCG Vsx2 Lhx4 Glut_4,874,0.022
supertype,1141 DCO Il22 Gly-Gaba_1,872,0.022
supertype,0445 PVHd-SBPV Six3 Prox1 Gaba_4,868,0.021
supertype,0409 BST Tac2 Gaba_1,868,0.021
supertype,0034 L2/3 IT ENT Glut_2,866,0.021
supertype,0362 MEA-BST Lhx6 Nfib Gaba_6,865,0.021
supertype,0376 CEA-AAA-BST Six3 Sp9 Gaba_4,859,0.021
supertype,1186 ABC NN_1,857,0.021
supertype,0554 ARH-PVp Tbx3 Glut_1,855,0.021
supertype,0301 LSX Otx2 Gaba_1,849,0.021
supertype,0438 SCH Six6 Cdc14a Gaba_3,845,0.021
supertype,0589 PVH-SO-PVa Otp Glut_5,845,0.021
supertype,0354 MEA-BST Lhx6 Nr2e1 Gaba_1,844,0.021
supertype,0496 LGv-ZI Otx2 Gaba_1,843,0.021
supertype,0723 SPA-SPFm-SPFp-POL-PIL-PoT Sp9 Glut_6,843,0.021
supertype,0548 MPN-MPO-PVpo Hmx2 Glut_3,842,0.021
supertype,0916 PB Evx2 Glut_3,837,0.021
supertype,0735 PAG Pou4f1 Bnc2 Glut_1,837,0.021
supertype,0236 STR Lhx8 Gaba_1,836,0.021
supertype,0742 PAG Pou4f1 Ebf2 Glut_6,835,0.021
supertype,1121 PARN-MDRNd-NTS Gbx2 Gly-Gaba_2,834,0.021
supertype,0451 AHN-SBPV-PVHd Pdrm12 Gaba_6,833,0.021
supertype,0330 LSX Prdm12 Zeb2 Gaba_5,831,0.021
supertype,0349 MEA-BST Lhx6 Sp9 Gaba_3,830,0.021
supertype,0767 SCiw Pitx2 Glut_1,829,0.021
supertype,0540 MEA-BST Otp Zic2 Glut_2,829,0.021
supertype,0802 PAG-PPN Pax5 Sox21 Gaba_1,827,0.02
supertype,0281 STR D1 Sema5a Gaba_1,825,0.02
supertype,0467 ZI Pax6 Gaba_9,815,0.02
supertype,0690 PAG-SC Neurod2 Meis2 Glut_1,814,0.02
supertype,0328 LSX Prdm12 Zeb2 Gaba_3,814,0.02
supertype,0651 CM-IAD-CL-PCN Sema5b Glut_3,813,0.02
supertype,0626 PH-SUM Foxa1 Glut_5,808,0.02
supertype,0364 SI-MA-ACB Ebf1 Bnc2 Gaba_1,805,0.02
supertype,1063 PDTg-PCG Pax6 Gaba_3,804,0.02
supertype,0627 PH-SUM Foxa1 Glut_6,801,0.02
supertype,0973 PGRN-PARN-MDRN Hoxb5 Glut_1,801,0.02
supertype,0005 IT EP-CLA Glut_3,798,0.02
supertype,0698 CUN Evx2 Lhx2 Glut_2,798,0.02
supertype,0865 PRT Mecom Gaba_2,798,0.02
supertype,0405 MPO-ADP Lhx8 Gaba_4,797,0.02
supertype,1070 DTN-LDT-IPN Otp Pax3 Gaba_2,796,0.02
supertype,0484 PVpo-VMPO-MPN Hmx2 Gaba_3,794,0.02
supertype,0836 LGv-SPFp-SPFm Nkx2-2 Tcf7l2 Gaba_3,792,0.02
supertype,0126 L5 NP CTX Glut_5,790,0.02
supertype,0452 AHN-SBPV-PVHd Pdrm12 Gaba_7,789,0.02
supertype,0997 MV-SPIV Zic4 Neurod2 Glut_1,789,0.02
supertype,0542 LHA-MEA Otp Glut_1,785,0.019
supertype,0926 PCG-PRNr Vsx2 Nkx6-1 Glut_2,784,0.019
supertype,0080 L2 IT PPP-APr Glut_1,784,0.019
supertype,0412 PVR Six3 Sox3 Gaba_2,783,0.019
supertype,1021 SPVC Nmu Glut_1,783,0.019
supertype,0748 PAG Pou4f2 Glut_4,782,0.019
supertype,1134 NTS-PARN Neurod2 Gly-Gaba_5,778,0.019
supertype,0677 PRC-PAG Pax6 Glut_2,775,0.019
supertype,0168 OB-STR-CTX Inh IMN_3,774,0.019
supertype,0717 PRC-PAG Tcf7l2 Irx2 Glut_5,773,0.019
supertype,0962 NTS Phox2b Glut_4,773,0.019
supertype,0460 ZI Pax6 Gaba_2,764,0.019
supertype,0476 PVHd-DMH Lhx6 Gaba_3,764,0.019
supertype,0075 CA3 Glut_1,763,0.019
supertype,0838 LGv-SPFp-SPFm Nkx2-2 Tcf7l2 Gaba_5,763,0.019
supertype,0840 LGv-SPFp-SPFm Nkx2-2 Tcf7l2 Gaba_7,763,0.019
supertype,0845 SC-PAG Lef1 Emx2 Gaba_3,762,0.019
supertype,0842 SC Otx2 Gcnt4 Gaba_2,762,0.019
supertype,0898 PB Lmx1a Glut_4,761,0.019
supertype,0300 LSX Sall3 Pax6 Gaba_2,761,0.019
supertype,0695 PAG Pou4f3 Glut_2,760,0.019
supertype,0984 SPVI-SPVC Tlx3 Ebf3 Glut_4,751,0.019
supertype,0513 COAa-PAA-MEA Barhl2 Glut_5,749,0.019
supertype,0492 DMH Hmx2 Gaba_6,747,0.018
supertype,0586 PVH-SO-PVa Otp Glut_2,744,0.018
supertype,0083 L2 IT PPP-APr Glut_4,740,0.018
supertype,0411 PVR Six3 Sox3 Gaba_1,740,0.018
supertype,0755 PAG Pou4f2 Mesi2 Glut_6,740,0.018
supertype,0156 OB-in Frmd7 Gaba_7,739,0.018
supertype,1126 PARN-MDRNd-NTS Gbx2 Gly-Gaba_7,738,0.018
supertype,0861 SCs Pax7 Nfia Gaba_3,737,0.018
supertype,1132 NTS-PARN Neurod2 Gly-Gaba_3,737,0.018
supertype,0237 STR Lhx8 Gaba_2,737,0.018
supertype,0612 PH-LHA Foxb1 Glut_1,736,0.018
supertype,1122 PARN-MDRNd-NTS Gbx2 Gly-Gaba_3,733,0.018
supertype,0549 MPN-MPO-PVpo Hmx2 Glut_4,732,0.018
supertype,0747 PAG Pou4f2 Glut_3,732,0.018
supertype,1085 PRP Otp Gly-Gaba_3,726,0.018
supertype,0219 Sst Gaba_6,725,0.018
supertype,0383 ACB-BST-FS D1 Gaba_3,722,0.018
supertype,0641 AD Serpinb7 Glut_1,720,0.018
supertype,0939 PSV Pvalb Lhx2 Glut_1,718,0.018
supertype,0337 MEA-BST Sox6 Gaba_1,716,0.018
supertype,0142 DG-PIR Ex IMN_3,716,0.018
supertype,1099 MV-SPIV-PRP Dmbx1 Gly-Gaba_1,716,0.018
supertype,1118 PRP Gata3 Slc6a5 Gly-Gaba_1,716,0.018
supertype,0575 LHA-AHN-PVH Otp Trh Glut_2,715,0.018
supertype,0599 STN-PSTN Pitx2 Glut_2,709,0.018
supertype,0472 DMH-LHA Gsx1 Gaba_3,707,0.017
supertype,0963 NTS Phox2b Glut_5,702,0.017
supertype,0491 DMH Hmx2 Gaba_5,700,0.017
supertype,0113 L6b CTX Glut_4,698,0.017
supertype,0195 RHP-COA Ndnf Gaba_3,695,0.017
supertype,0464 ZI Pax6 Gaba_6,693,0.017
supertype,0521 AVPV-MEPO-SFO Tbr1 Glut_3,690,0.017
supertype,0510 COAa-PAA-MEA Barhl2 Glut_2,689,0.017
supertype,0533 SI-MA-LPO-LHA Skor1 Glut_4,688,0.017
supertype,0547 MPN-MPO-PVpo Hmx2 Glut_2,687,0.017
supertype,0398 SI-MPO-LPO Lhx8 Gaba_3,686,0.017
supertype,0906 LDT-PCG Vsx2 Lhx4 Glut_1,685,0.017
supertype,0880 SNc-VTA-RAmb Foxa1 Dopa_1,682,0.017
supertype,0624 PH-SUM Foxa1 Glut_3,680,0.017
supertype,0321 LSX Prdm12 Slit2 Gaba_5,680,0.017
supertype,0800 SNr-VTA Pax5 Npas1 Gaba_1,679,0.017
supertype,0146 OB Meis2 Thsd7b Gaba_4,678,0.017
supertype,0131 OB Eomes Ms4a15 Glut_2,678,0.017
supertype,0348 MEA-BST Lhx6 Sp9 Gaba_2,675,0.017
supertype,1168 Astro-OLF NN_3,674,0.017
supertype,0908 LDT-PCG Vsx2 Lhx4 Glut_3,671,0.017
supertype,0866 PRT Mecom Gaba_3,668,0.017
supertype,0592 PH-ant-LHA Otp Bsx Glut_2,666,0.016
supertype,0643 PVT-PT Ntrk1 Glut_1,665,0.016
supertype,0006 IT EP-CLA Glut_4,664,0.016
supertype,0232 Sst Gaba_19,663,0.016
supertype,0888 MB-MY Tph2 Glut-Sero_1,661,0.016
supertype,0427 ARH-PVi Six6 Dopa-Gaba_1,659,0.016
supertype,0750 PAG Pou4f2 Mesi2 Glut_1,658,0.016
supertype,0269 STR D1 Gaba_5,656,0.016
supertype,0867 SC Tnnt1 Gli3 Gaba_1,655,0.016
supertype,0490 DMH Hmx2 Gaba_4,654,0.016
supertype,1169 Astroependymal NN_1,654,0.016
supertype,0238 Sst Chodl Gaba_1,651,0.016
supertype,0536 SI-MA-LPO-LHA Skor1 Glut_7,651,0.016
supertype,0638 LH Pou4f1 Sox1 Glut_2,650,0.016
supertype,0206 Pvalb Gaba_2,650,0.016
supertype,0811 IC Six3 En2 Gaba_5,646,0.016
supertype,0585 PVH-SO-PVa Otp Glut_1,645,0.016
supertype,0647 PVT-PT Ntrk1 Glut_5,645,0.016
supertype,0231 Sst Gaba_18,644,0.016
supertype,0494 ARH-PVp Tbx3 Gaba_2,640,0.016
supertype,1047 CS-PRNr-DR En1 Sox2 Gaba_1,640,0.016
supertype,0799 MRN-VTN-PPN Pax5 Cdh23 Gaba_2,638,0.016
supertype,0912 LDT-PCG Vsx2 Lhx4 Glut_7,635,0.016
supertype,1089 MY Lhx1 Gly-Gaba_1,634,0.016
supertype,0233 STR Prox1 Lhx6 Gaba_1,630,0.016
supertype,0794 PPN-CUN-PCG Otp En1 Gaba_3,630,0.016
supertype,0889 MB-MY Tph2 Glut-Sero_2,628,0.016
supertype,1131 NTS-PARN Neurod2 Gly-Gaba_2,628,0.016
supertype,0403 MPO-ADP Lhx8 Gaba_2,627,0.016
supertype,0907 LDT-PCG Vsx2 Lhx4 Glut_2,627,0.016
supertype,1083 PRP Otp Gly-Gaba_1,626,0.015
supertype,0419 PVR Six3 Sox3 Gaba_9,620,0.015
supertype,0947 IPN-LDT Vsx2 Nkx6-1 Glut_2,620,0.015
supertype,0565 VMH Fezf1 Glut_3,619,0.015
supertype,1167 Astro-OLF NN_2,619,0.015
supertype,0576 LHA-AHN-PVH Otp Trh Glut_3,617,0.015
supertype,0161 OB-mi Frmd7 Gaba_1,611,0.015
supertype,0290 IA Mgp Gaba_1,608,0.015
supertype,0818 PAG-ND-PCG Onecut1 Gaba_1,608,0.015
supertype,0394 BST-SI-AAA Six3 Slc22a3 Gaba_1,606,0.015
supertype,0824 PAG-RN Nkx2-2 Otx1 Gaba_2,606,0.015
supertype,0810 IC Six3 En2 Gaba_4,603,0.015
supertype,0316 LSX Nkx2-1 Gaba_11,602,0.015
supertype,0537 SI-MA-LPO-LHA Skor1 Glut_8,601,0.015
supertype,0979 PGRN-PARN-MDRN Hoxb5 Glut_7,599,0.015
supertype,0779 CUN-PPN Evx2 Meis2 Glut_4,599,0.015
supertype,0143 OB Meis2 Thsd7b Gaba_1,597,0.015
supertype,1048 CS-PRNr-DR En1 Sox2 Gaba_2,597,0.015
supertype,0798 MRN-VTN-PPN Pax5 Cdh23 Gaba_1,594,0.015
supertype,1020 SPVC Ccdc172 Glut_1,593,0.015
supertype,0673 MG-POL-SGN Nts Glut_2,593,0.015
supertype,1004 NTS Dbh Glut_1,592,0.015
supertype,0369 CEA-BST Six3 Cyp26b1 Gaba_3,591,0.015
supertype,0817 PAG-MRN-RN Foxa2 Gaba_4,591,0.015
supertype,0497 LGv-ZI Otx2 Gaba_2,589,0.015
supertype,0917 PB Evx2 Glut_4,589,0.015
supertype,0895 PB Lmx1a Glut_1,587,0.015
supertype,0610 PH Pitx2 Glut_1,584,0.014
supertype,0550 MPN-MPO-PVpo Hmx2 Glut_5,583,0.014
supertype,0527 ADP-MPO Trp73 Glut_1,578,0.014
supertype,0324 LSX Prdm12 Slit2 Gaba_8,574,0.014
supertype,0681 MB-ant-ve Dmrta2 Glut_1,573,0.014
supertype,0653 CM-IAD-CL-PCN Sema5b Glut_5,571,0.014
supertype,0434 RT-ZI Gnb3 Gaba_4,569,0.014
supertype,0211 Pvalb Gaba_7,567,0.014
supertype,0834 LGv-SPFp-SPFm Nkx2-2 Tcf7l2 Gaba_1,566,0.014
supertype,0974 PGRN-PARN-MDRN Hoxb5 Glut_2,565,0.014
supertype,0676 PRC-PAG Pax6 Glut_1,564,0.014
supertype,0959 NTS Phox2b Glut_1,563,0.014
supertype,0977 PGRN-PARN-MDRN Hoxb5 Glut_5,555,0.014
supertype,1073 DTN-LDT-IPN Otp Pax3 Gaba_5,552,0.014
supertype,0992 MV-SPIV Phox2b Ebf3 Lbx1 Glut_1,552,0.014
supertype,1071 DTN-LDT-IPN Otp Pax3 Gaba_3,547,0.014
supertype,0877 IPN Otp Crisp1 Gaba_1,544,0.013
supertype,0803 PAG-PPN Pax5 Sox21 Gaba_2,544,0.013
supertype,0927 PCG-PRNr Vsx2 Nkx6-1 Glut_3,541,0.013
supertype,0915 PB Evx2 Glut_2,540,0.013
supertype,1125 PARN-MDRNd-NTS Gbx2 Gly-Gaba_6,537,0.013
supertype,0823 PAG-RN Nkx2-2 Otx1 Gaba_1,536,0.013
supertype,0251 NDB-SI-MA-STRv Lhx8 Gaba_8,536,0.013
supertype,0819 PAG-ND-PCG Onecut1 Gaba_2,534,0.013
supertype,0429 TMv-PMv Tbx3 Hist-Gaba_1,534,0.013
supertype,0389 CEA-BST Ebf1 Pdyn Gaba_6,533,0.013
supertype,0688 IF-RL-CLI-PAG Foxa1 Glut_4,532,0.013
supertype,1036 PRNc Otp Gly-Gaba_1,527,0.013
supertype,0420 BST-MPN Six3 Nrgn Gaba_1,526,0.013
supertype,0719 SPA-SPFm-SPFp-POL-PIL-PoT Sp9 Glut_2,522,0.013
supertype,0519 AVPV-MEPO-SFO Tbr1 Glut_1,522,0.013
supertype,1049 LDT Fgf7 Gaba_1,522,0.013
supertype,1113 MV Pax6 Gly-Gaba_1,522,0.013
supertype,1123 PARN-MDRNd-NTS Gbx2 Gly-Gaba_4,522,0.013
supertype,0247 NDB-SI-MA-STRv Lhx8 Gaba_4,522,0.013
supertype,0336 LSX Sall3 Lmo1 Gaba_6,522,0.013
supertype,0528 ADP-MPO Trp73 Glut_2,521,0.013
supertype,0982 SPVI-SPVC Tlx3 Ebf3 Glut_2,519,0.013
supertype,0574 LHA-AHN-PVH Otp Trh Glut_1,515,0.013
supertype,0700 CUN Evx2 Lhx2 Glut_4,515,0.013
supertype,0562 DMH-LHA Vgll2 Glut_4,514,0.013
supertype,0144 OB Meis2 Thsd7b Gaba_2,512,0.013
supertype,1171 Astroependymal NN_3,512,0.013
supertype,0639 LH Pou4f1 Sox1 Glut_3,511,0.013
supertype,1064 PDTg-PCG Pax6 Gaba_4,511,0.013
supertype,0983 SPVI-SPVC Tlx3 Ebf3 Glut_3,511,0.013
supertype,0257 GPe-SI Sox6 Cyp26b1 Gaba_1,510,0.013
supertype,0734 PAG-MRN Tfap2b Glut_2,510,0.013
supertype,0890 MB-MY Tph2 Glut-Sero_3,507,0.013
supertype,0960 NTS Phox2b Glut_2,507,0.013
supertype,0399 SI-MPO-LPO Lhx8 Gaba_4,507,0.013
supertype,0314 LSX Nkx2-1 Gaba_9,507,0.013
supertype,0678 PRC-PAG Pax6 Glut_3,505,0.012
supertype,1030 Pineal Crx Glut_1,504,0.012
supertype,0914 PB Evx2 Glut_1,502,0.012
supertype,1051 LDT-DTN Gata3 Nfix Gaba_2,502,0.012
supertype,0758 SC Bnc2 Glut_3,502,0.012
supertype,0608 PH-an Pitx2 Glut_1,501,0.012
supertype,1069 DTN-LDT-IPN Otp Pax3 Gaba_1,501,0.012
supertype,0685 IF-RL-CLI-PAG Foxa1 Glut_1,499,0.012
supertype,0904 PB Pax5 Glut_1,498,0.012
supertype,0101 CA2-FC-IG Glut_2,497,0.012
supertype,0910 LDT-PCG Vsx2 Lhx4 Glut_5,497,0.012
supertype,1039 PRNc Otp Gly-Gaba_4,496,0.012
supertype,0380 CEA-AAA-BST Six3 Sp9 Gaba_8,495,0.012
supertype,0458 AHN Onecut3 Gaba_3,495,0.012
supertype,0053 L2 IT ENT-po Glut_3,495,0.012
supertype,0514 COAa-PAA-MEA Barhl2 Glut_6,493,0.012
supertype,0686 IF-RL-CLI-PAG Foxa1 Glut_2,492,0.012
supertype,0525 LHA Barhl2 Glut_2,489,0.012
supertype,0345 MEA-BST Sox6 Gaba_9,488,0.012
supertype,0956 PRP-NI-PRNc-GRN Otp Glut_2,488,0.012
supertype,1005 NTS Dbh Glut_2,488,0.012
supertype,0757 SC Bnc2 Glut_2,485,0.012
supertype,0943 PB-NTS Phox2b Ebf3 Lmx1b Glut_1,485,0.012
supertype,0410 BST Tac2 Gaba_2,483,0.012
supertype,0579 AHN-RCH-LHA Otp Fezf1 Glut_1,483,0.012
supertype,0691 PAG-SC Neurod2 Meis2 Glut_2,480,0.012
supertype,0613 PH-LHA Foxb1 Glut_2,476,0.012
supertype,1178 CHOR NN_1,476,0.012
supertype,0522 AVPV-MEPO-SFO Tbr1 Glut_4,474,0.012
supertype,0311 LSX Nkx2-1 Gaba_6,474,0.012
supertype,0809 IC Six3 En2 Gaba_3,472,0.012
supertype,0395 BST-SI-AAA Six3 Slc22a3 Gaba_2,471,0.012
supertype,0609 PH-an Pitx2 Glut_2,470,0.012
supertype,0404 MPO-ADP Lhx8 Gaba_3,468,0.012
supertype,0851 SCm-PAG Cdh23 Gaba_4,468,0.012
supertype,0980 MV-SPIV Slc6a2 Glut_1,467,0.012
supertype,0259 PAL-STR Gaba-Chol_1,467,0.012
supertype,0697 CUN Evx2 Lhx2 Glut_1,466,0.012
supertype,0967 NTS Phox2b Glut_9,464,0.011
supertype,0331 LSX Sall3 Lmo1 Gaba_1,464,0.011
supertype,0881 SNc-VTA-RAmb Foxa1 Dopa_2,463,0.011
supertype,0291 IA Mgp Gaba_2,462,0.011
supertype,0315 LSX Nkx2-1 Gaba_10,461,0.011
supertype,0504 GPi Tbr1 Cngb3 Gaba-Glut_1,460,0.011
supertype,0932 PRNc-NI-SG-RPO Vsx2 Nr4a2 Glut_2,457,0.011
supertype,1109 PAS-MV Ebf2 Gly-Gaba_1,452,0.011
supertype,0170 OB-STR-CTX Inh IMN_5,448,0.011
supertype,1140 RO-RPA Pkd2l1 Gaba_1,448,0.011
supertype,0754 PAG Pou4f2 Mesi2 Glut_5,445,0.011
supertype,0292 IA Mgp Gaba_3,443,0.011
supertype,0413 PVR Six3 Sox3 Gaba_3,443,0.011
supertype,1090 MY Lhx1 Gly-Gaba_2,442,0.011
supertype,0539 MEA-BST Otp Zic2 Glut_1,442,0.011
supertype,1147 CB PLI Gly-Gaba_4,442,0.011
supertype,0729 SPA-SPFm-SPFp-POL-PIL-PoT Sp9 Glut_12,441,0.011
supertype,0408 MPN-MPO-LPO Lhx6 Zfhx3 Gaba_2,440,0.011
supertype,0584 AHN-RCH-LHA Otp Fezf1 Glut_6,440,0.011
supertype,0426 BST-MPN Six3 Nrgn Gaba_7,439,0.011
supertype,0572 LHA Pmch Glut_1,439,0.011
supertype,0922 PB Evx2 Glut_9,437,0.011
supertype,0375 CEA-AAA-BST Six3 Sp9 Gaba_3,436,0.011
supertype,0159 OB-out Frmd7 Gaba_2,435,0.011
supertype,0312 LSX Nkx2-1 Gaba_7,435,0.011
supertype,0796 MRN-PPN-CUN Pax8 Gaba_2,435,0.011
supertype,0266 STR D1 Gaba_2,434,0.011
supertype,0812 IC Six3 En2 Gaba_6,434,0.011
supertype,0603 STN-PSTN Pitx2 Glut_6,433,0.011
supertype,0795 MRN-PPN-CUN Pax8 Gaba_1,432,0.011
supertype,0103 L6b EPd Glut_1,429,0.011
supertype,0191 Sncg Gaba_7,429,0.011
supertype,0304 LSX Otx2 Gaba_4,428,0.011
supertype,0197 RHP-COA Ndnf Gaba_5,426,0.011
supertype,1162 Astro-TE NN_2,423,0.01
supertype,0814 PAG-MRN-RN Foxa2 Gaba_1,423,0.01
supertype,0253 NDB-SI-MA-STRv Lhx8 Gaba_10,423,0.01
supertype,0249 NDB-SI-MA-STRv Lhx8 Gaba_6,423,0.01
supertype,0402 MPO-ADP Lhx8 Gaba_1,422,0.01
supertype,0897 PB Lmx1a Glut_3,421,0.01
supertype,0918 PB Evx2 Glut_5,420,0.01
supertype,0381 ACB-BST-FS D1 Gaba_1,419,0.01
supertype,0043 L2/3 IT PIR-ENTl Glut_5,417,0.01
supertype,0621 PMd-LHA Foxb1 Glut_3,416,0.01
supertype,0365 SI-MA-ACB Ebf1 Bnc2 Gaba_2,415,0.01
supertype,1087 PRP Otp Gly-Gaba_5,415,0.01
supertype,0346 MEA-BST Sox6 Gaba_10,412,0.01
supertype,0450 AHN-SBPV-PVHd Pdrm12 Gaba_5,409,0.01
supertype,0975 PGRN-PARN-MDRN Hoxb5 Glut_3,409,0.01
supertype,0573 LHA Pmch Glut_2,407,0.01
supertype,0839 LGv-SPFp-SPFm Nkx2-2 Tcf7l2 Gaba_6,407,0.01
supertype,0804 PAG-PPN Pax5 Sox21 Gaba_3,407,0.01
supertype,0976 PGRN-PARN-MDRN Hoxb5 Glut_4,407,0.01
supertype,0157 OB-in Frmd7 Gaba_8,403,0.01
supertype,0551 MPN-MPO-PVpo Hmx2 Glut_6,403,0.01
supertype,0708 PAG-MRN Pou3f1 Glut_5,403,0.01
supertype,1038 PRNc Otp Gly-Gaba_3,402,0.01
supertype,0582 AHN-RCH-LHA Otp Fezf1 Glut_4,401,0.01
supertype,1137 SPVI-SPVC Sall3 Nfib Gly-Gaba_2,401,0.01
supertype,0388 CEA-BST Ebf1 Pdyn Gaba_5,400,0.01
supertype,1104 MY Prox1 Lmo7 Gly-Gaba_1,400,0.01
supertype,0999 MV-SPIV Zic4 Neurod2 Glut_3,400,0.01
supertype,0919 PB Evx2 Glut_6,399,0.01
supertype,0944 PB-NTS Phox2b Ebf3 Lmx1b Glut_2,399,0.01
supertype,1018 SPVC Mafa Glut_1,399,0.01
supertype,1091 MY Lhx1 Gly-Gaba_3,398,0.01
supertype,0305 LSX Otx2 Gaba_5,398,0.01
supertype,1000 MV-SPIV Zic4 Neurod2 Glut_4,397,0.01
supertype,0618 PH-LHA Foxb1 Glut_7,393,0.01
supertype,1034 CS-RPO Meis2 Gaba_4,390,0.01
supertype,0363 CEA-BST Gal Avp Gaba_1,389,0.01
supertype,0946 IPN-LDT Vsx2 Nkx6-1 Glut_1,389,0.01
supertype,1093 MY Lhx1 Gly-Gaba_5,389,0.01
supertype,0414 PVR Six3 Sox3 Gaba_4,388,0.01
supertype,0606 PMv-TMv Pitx2 Glut_2,385,0.01
supertype,0261 PAL-STR Gaba-Chol_3,384,0.009
supertype,0964 NTS Phox2b Glut_6,382,0.009
supertype,0372 CEA-BST Six3 Cyp26b1 Gaba_6,381,0.009
supertype,0753 PAG Pou4f2 Mesi2 Glut_4,380,0.009
supertype,0294 IA Mgp Gaba_5,379,0.009
supertype,0709 PAG-MRN Pou3f1 Glut_6,379,0.009
supertype,1105 NTS-MDRNd Prox1 Zic1 Gly-Gaba_1,379,0.009
supertype,0820 PAG-ND-PCG Onecut1 Gaba_3,375,0.009
supertype,0366 SI-MA-ACB Ebf1 Bnc2 Gaba_3,373,0.009
supertype,0732 PAG-SC Pou4f1 Zic1 Glut_3,373,0.009
supertype,1143 DCO Il22 Gly-Gaba_3,372,0.009
supertype,0623 PH-SUM Foxa1 Glut_2,371,0.009
supertype,1006 NTS Dbh Glut_3,371,0.009
supertype,1150 CBX MLI Megf11 Gaba_2,370,0.009
supertype,0260 PAL-STR Gaba-Chol_2,368,0.009
supertype,0793 PPN-CUN-PCG Otp En1 Gaba_2,367,0.009
supertype,0765 SCig Foxb1 Otx2 Glut_1,366,0.009
supertype,1074 NLL Gata3 Gly-Gaba_1,366,0.009
supertype,0622 PH-SUM Foxa1 Glut_1,365,0.009
supertype,0333 LSX Sall3 Lmo1 Gaba_3,365,0.009
supertype,1003 CBN Neurod2 Pvalb Glut_1,364,0.009
supertype,0415 PVR Six3 Sox3 Gaba_5,361,0.009
supertype,0726 SPA-SPFm-SPFp-POL-PIL-PoT Sp9 Glut_9,360,0.009
supertype,0777 CUN-PPN Evx2 Meis2 Glut_2,357,0.009
supertype,0815 PAG-MRN-RN Foxa2 Gaba_2,356,0.009
supertype,1052 NI-RPO Gata3 Nr4a2 Gaba_1,355,0.009
supertype,1120 PARN-MDRNd-NTS Gbx2 Gly-Gaba_1,355,0.009
supertype,0986 SPVI-SPVC Tlx3 Ebf3 Glut_6,355,0.009
supertype,0299 LSX Sall3 Pax6 Gaba_1,353,0.009
supertype,0463 ZI Pax6 Gaba_5,351,0.009
supertype,0051 L2 IT ENT-po Glut_1,350,0.009
supertype,1102 MDRN Hoxb5 Ebf2 Gly-Gaba_1,350,0.009
supertype,0987 SPVI-SPVC Tlx3 Ebf3 Glut_7,350,0.009
supertype,0242 Sst Chodl Gaba_5,350,0.009
supertype,1065 PDTg Otp Shroom3 Gaba_1,349,0.009
supertype,0477 PVHd-DMH Lhx6 Gaba_4,348,0.009
supertype,0998 MV-SPIV Zic4 Neurod2 Glut_2,347,0.009
supertype,0958 PRP-NI-PRNc-GRN Otp Glut_4,344,0.009
supertype,0306 LSX Nkx2-1 Gaba_1,344,0.009
supertype,0596 PH-ant-LHA Otp Bsx Glut_6,342,0.008
supertype,0360 MEA-BST Lhx6 Nfib Gaba_4,339,0.008
supertype,0418 PVR Six3 Sox3 Gaba_8,339,0.008
supertype,1116 RPA Pax6 Hoxb5 Gly-Gaba_1,336,0.008
supertype,0194 RHP-COA Ndnf Gaba_2,336,0.008
supertype,0923 B-PB Nr4a2 Glut_1,335,0.008
supertype,0931 PRNc-NI-SG-RPO Vsx2 Nr4a2 Glut_1,334,0.008
supertype,1057 LDT-PCG-CS Gata3 Lhx1 Gaba_2,334,0.008
supertype,0870 SCs Lef1 Gli3 Gaba_2,333,0.008
supertype,0250 NDB-SI-MA-STRv Lhx8 Gaba_7,333,0.008
supertype,0344 MEA-BST Sox6 Gaba_8,332,0.008
supertype,0957 PRP-NI-PRNc-GRN Otp Glut_3,332,0.008
supertype,0553 DMH Hmx2 Glut_2,331,0.008
supertype,1108 MV Nkx6-1 Gly-Gaba_2,328,0.008
supertype,1031 CS-RPO Meis2 Gaba_1,327,0.008
supertype,0828 PAG-RN Nkx2-2 Otx1 Gaba_6,323,0.008
supertype,0636 MH Tac2 Glut_5,322,0.008
supertype,0430 TMv-PMv Tbx3 Hist-Gaba_2,321,0.008
supertype,0887 SNc-VTA-RAmb Foxa1 Dopa_8,320,0.008
supertype,0617 PH-LHA Foxb1 Glut_6,319,0.008
supertype,1086 PRP Otp Gly-Gaba_4,318,0.008
supertype,0079 CA3 Glut_5,318,0.008
supertype,1129 IRN Dmbx1 Pax2 Gly-Gaba_1,318,0.008
supertype,0707 PAG-MRN Pou3f1 Glut_4,317,0.008
supertype,0899 PB Lmx1a Glut_5,315,0.008
supertype,0577 LHA-AHN-PVH Otp Trh Glut_4,313,0.008
supertype,0680 PRC-PAG Pax6 Glut_5,312,0.008
supertype,0127 NP SUB Glut_1,311,0.008
supertype,0968 NTS Phox2b Glut_10,309,0.008
supertype,0640 LH Pou4f1 Sox1 Glut_4,308,0.008
supertype,0541 MEA-BST Otp Zic2 Glut_3,305,0.008
supertype,0827 PAG-RN Nkx2-2 Otx1 Gaba_5,303,0.007
supertype,0320 LSX Prdm12 Slit2 Gaba_4,302,0.007
supertype,0792 PPN-CUN-PCG Otp En1 Gaba_1,301,0.007
supertype,1053 NI-RPO Gata3 Nr4a2 Gaba_2,301,0.007
supertype,1050 LDT-DTN Gata3 Nfix Gaba_1,301,0.007
supertype,0710 MRN Pou3f1 C1ql4 Glut_1,300,0.007
supertype,0699 CUN Evx2 Lhx2 Glut_3,299,0.007
supertype,0884 SNc-VTA-RAmb Foxa1 Dopa_5,297,0.007
supertype,1033 CS-RPO Meis2 Gaba_3,296,0.007
supertype,1032 CS-RPO Meis2 Gaba_2,296,0.007
supertype,0981 SPVI-SPVC Tlx3 Ebf3 Glut_1,295,0.007
supertype,0387 CEA-BST Ebf1 Pdyn Gaba_4,294,0.007
supertype,0132 OB Eomes Ms4a15 Glut_3,294,0.007
supertype,0323 LSX Prdm12 Slit2 Gaba_7,294,0.007
supertype,0421 BST-MPN Six3 Nrgn Gaba_2,293,0.007
supertype,1148 CBX Golgi Gly-Gaba_1,291,0.007
supertype,0616 PH-LHA Foxb1 Glut_5,289,0.007
supertype,1037 PRNc Otp Gly-Gaba_2,289,0.007
supertype,0965 NTS Phox2b Glut_7,289,0.007
supertype,1010 DMX VII Tbx20 Chol_1,288,0.007
supertype,1056 LDT-PCG-CS Gata3 Lhx1 Gaba_1,288,0.007
supertype,1197 DC NN_1,285,0.007
supertype,0833 PRT Tcf7l2 Gaba_5,284,0.007
supertype,0966 NTS Phox2b Glut_8,283,0.007
supertype,0558 ARH-PVp Tbx3 Glut_5,282,0.007
supertype,0468 ZI Pax6 Gaba_10,281,0.007
supertype,0393 CEA-BST Rai14 Pdyn Crh Gaba_2,278,0.007
supertype,1176 Ependymal NN_2,278,0.007
supertype,0240 Sst Chodl Gaba_3,278,0.007
supertype,1043 PRNc Prox1 Brs3 Gly-Gaba_1,274,0.007
supertype,0841 SC Otx2 Gcnt4 Gaba_1,274,0.007
supertype,0885 SNc-VTA-RAmb Foxa1 Dopa_6,273,0.007
supertype,0198 RHP-COA Ndnf Gaba_6,272,0.007
supertype,0913 LDT-PCG Vsx2 Lhx4 Glut_8,272,0.007
supertype,0891 MB-MY Tph2 Glut-Sero_4,271,0.007
supertype,0871 SCs Lef1 Gli3 Gaba_3,269,0.007
supertype,0392 CEA-BST Rai14 Pdyn Crh Gaba_1,267,0.007
supertype,0921 PB Evx2 Glut_8,266,0.007
supertype,0790 ND-INC Foxd2 Glut_1,265,0.007
supertype,0134 OB Eomes Ms4a15 Glut_5,264,0.007
supertype,0780 CUN-PPN Evx2 Meis2 Glut_5,261,0.006
supertype,0485 PVpo-VMPO-MPN Hmx2 Gaba_4,260,0.006
supertype,0130 OB Eomes Ms4a15 Glut_1,259,0.006
supertype,0715 PRC-PAG Tcf7l2 Irx2 Glut_3,259,0.006
supertype,0590 PVH-SO-PVa Otp Glut_6,258,0.006
supertype,0687 IF-RL-CLI-PAG Foxa1 Glut_3,256,0.006
supertype,1015 VCO Mafa Meis2 Glut_3,256,0.006
supertype,1058 LDT-PCG-CS Gata3 Lhx1 Gaba_3,255,0.006
supertype,0989 CU-ECU-SPVI Foxb1 Glut_2,255,0.006
supertype,1145 CB PLI Gly-Gaba_2,254,0.006
supertype,0759 SC Bnc2 Glut_4,252,0.006
supertype,0805 PAG-PPN Pax5 Sox21 Gaba_4,250,0.006
supertype,0604 STN-PSTN Pitx2 Glut_7,249,0.006
supertype,0933 PRNc-NI-SG-RPO Vsx2 Nr4a2 Glut_3,248,0.006
supertype,0945 PRNr Otp Nfib Glut_1,247,0.006
supertype,0356 MEA-BST Lhx6 Nr2e1 Gaba_3,246,0.006
supertype,0557 ARH-PVp Tbx3 Glut_4,246,0.006
supertype,0778 CUN-PPN Evx2 Meis2 Glut_3,246,0.006
supertype,0978 PGRN-PARN-MDRN Hoxb5 Glut_6,246,0.006
supertype,0417 PVR Six3 Sox3 Gaba_7,244,0.006
supertype,0826 PAG-RN Nkx2-2 Otx1 Gaba_4,242,0.006
supertype,0756 SC Bnc2 Glut_1,242,0.006
supertype,0213 Pvalb Gaba_9,241,0.006
supertype,0816 PAG-MRN-RN Foxa2 Gaba_3,239,0.006
supertype,1124 PARN-MDRNd-NTS Gbx2 Gly-Gaba_5,239,0.006
supertype,0701 CUN Evx2 Lhx2 Glut_5,239,0.006
supertype,0619 PMd-LHA Foxb1 Glut_1,237,0.006
supertype,1055 NI-RPO Gata3 Nr4a2 Gaba_4,236,0.006
supertype,0529 ADP-MPO Trp73 Glut_3,235,0.006
supertype,0441 PVHd Gsc Gaba_1,234,0.006
supertype,1084 PRP Otp Gly-Gaba_2,234,0.006
supertype,0743 PAG Pou4f1 Ebf2 Glut_7,234,0.006
supertype,1040 PRNc Otp Gly-Gaba_5,233,0.006
supertype,0791 PAG-MRN Rln3 Gaba_1,228,0.006
supertype,1106 NTS-MDRNd Prox1 Zic1 Gly-Gaba_2,228,0.006
supertype,0711 MRN Pou3f1 C1ql4 Glut_2,227,0.006
supertype,1153 CBX Purkinje Gaba_2,227,0.006
supertype,0263 OT D3 Folh1 Gaba_2,226,0.006
supertype,0011 L5/6 IT TPE-ENT Glut_5,225,0.006
supertype,1035 CS-RPO Meis2 Gaba_5,218,0.005
supertype,0893 MB-MY Tph2 Glut-Sero_6,217,0.005
supertype,0155 OB-in Frmd7 Gaba_6,216,0.005
supertype,1097 MY Lhx1 Gly-Gaba_9,213,0.005
supertype,1103 MDRNd Prox1 Pax6 Gly-Gaba_1,210,0.005
supertype,0847 SC-PAG Lef1 Emx2 Gaba_5,209,0.005
supertype,0683 MRN-PAG Nkx6-1 Glut_1,208,0.005
supertype,0949 LDT Vsx2 Nkx6-1 Nfib Glut_2,208,0.005
supertype,0578 LHA-AHN-PVH Otp Trh Glut_5,207,0.005
supertype,1092 MY Lhx1 Gly-Gaba_4,205,0.005
supertype,1002 NTS Aldh1a2 Glut_1,205,0.005
supertype,0920 PB Evx2 Glut_7,204,0.005
supertype,0523 AVPV-MEPO-SFO Tbr1 Glut_5,202,0.005
supertype,0902 PSV Lmx1a Trpv6 Glut_1,200,0.005
supertype,1201 T cells NN_4,199,0.005
supertype,0728 SPA-SPFm-SPFp-POL-PIL-PoT Sp9 Glut_11,198,0.005
supertype,0160 OB-out Frmd7 Gaba_3,196,0.005
supertype,0379 CEA-AAA-BST Six3 Sp9 Gaba_7,195,0.005
supertype,0400 SI-MPO-LPO Lhx8 Gaba_5,195,0.005
supertype,0625 PH-SUM Foxa1 Glut_4,194,0.005
supertype,0145 OB Meis2 Thsd7b Gaba_3,193,0.005
supertype,0012 L5/6 IT TPE-ENT Glut_6,193,0.005
supertype,0498 LGv-ZI Otx2 Gaba_3,193,0.005
supertype,0705 PAG-MRN Pou3f1 Glut_2,193,0.005
supertype,1013 VCO Mafa Meis2 Glut_1,192,0.005
supertype,0628 HY Gnrh1 Glut_1,191,0.005
supertype,0727 SPA-SPFm-SPFp-POL-PIL-PoT Sp9 Glut_10,191,0.005
supertype,0271 STR D1 Gaba_7,189,0.005
supertype,0679 PRC-PAG Pax6 Glut_4,189,0.005
supertype,0985 SPVI-SPVC Tlx3 Ebf3 Glut_5,188,0.005
supertype,0671 RE-Xi Nox4 Glut_4,186,0.005
supertype,0406 MPO-ADP Lhx8 Gaba_5,184,0.005
supertype,0935 PRNc-PARN Tlx1 Glut_1,184,0.005
supertype,0928 PCG-PRNr Vsx2 Nkx6-1 Glut_4,184,0.005
supertype,0147 OB Meis2 Thsd7b Gaba_5,183,0.005
supertype,0900 PB Lmx1a Glut_6,183,0.005
supertype,0297 NDB-SI-ant Prdm12 Gaba_3,182,0.005
supertype,0335 LSX Sall3 Lmo1 Gaba_5,181,0.004
supertype,0543 LHA-MEA Otp Glut_2,180,0.004
supertype,0615 PH-LHA Foxb1 Glut_4,177,0.004
supertype,0526 LHA Barhl2 Glut_3,177,0.004
supertype,0941 PSV Pvalb Lhx2 Glut_3,177,0.004
supertype,1022 SPVC Nmu Glut_2,177,0.004
supertype,1041 PB Sst Gly-Gaba_1,175,0.004
supertype,0774 IC Tfap2d Maf Glut_5,173,0.004
supertype,0571 VMH Nr5a1 Glut_6,172,0.004
supertype,0648 PVT-PT Ntrk1 Glut_6,171,0.004
supertype,1068 LDT-PCG St18 Gaba_2,170,0.004
supertype,0561 DMH-LHA Vgll2 Glut_3,169,0.004
supertype,1045 CS-PRNr-PCG Tmem163 Otp Gaba_2,167,0.004
supertype,0196 RHP-COA Ndnf Gaba_4,167,0.004
supertype,0516 COAa-PAA-MEA Barhl2 Glut_8,164,0.004
supertype,0583 AHN-RCH-LHA Otp Fezf1 Glut_5,164,0.004
supertype,1088 GRN-IRN-MDRNd Ikzf1 Gly-Gaba_1,164,0.004
supertype,0256 NDB-SI-MA-STRv Lhx8 Gaba_13,162,0.004
supertype,0971 NTS Mbnl3 Glut_1,162,0.004
supertype,0313 LSX Nkx2-1 Gaba_8,162,0.004
supertype,0560 DMH-LHA Vgll2 Glut_2,158,0.004
supertype,0163 OB Dopa-Gaba_2,157,0.004
supertype,0925 PCG-PRNr Vsx2 Nkx6-1 Glut_1,157,0.004
supertype,0503 TRS-BAC Sln Glut_2,156,0.004
supertype,0133 OB Eomes Ms4a15 Glut_4,156,0.004
supertype,0501 BST-po Iigp1 Glut_1,155,0.004
supertype,0863 SCs Pax7 Nfia Gaba_5,154,0.004
supertype,1062 PDTg-PCG Pax6 Gaba_2,153,0.004
supertype,0813 IC Six3 En2 Gaba_7,153,0.004
supertype,1152 CBX Purkinje Gaba_1,153,0.004
supertype,0954 IRN Vip Glut_1,149,0.004
supertype,0635 MH Tac2 Glut_4,148,0.004
supertype,0235 STR Prox1 Lhx6 Gaba_3,146,0.004
supertype,0929 PCG-PRNr Vsx2 Nkx6-1 Glut_5,144,0.004
supertype,0712 MRN Pou3f1 C1ql4 Glut_3,144,0.004
supertype,1023 MDRNd Bves Glut_1,143,0.004
supertype,0100 CA2-FC-IG Glut_1,143,0.004
supertype,1012 IO Fgl2 Glut_1,142,0.004
supertype,0684 MRN-PAG Nkx6-1 Glut_2,141,0.003
supertype,0377 CEA-AAA-BST Six3 Sp9 Gaba_5,140,0.003
supertype,0182 Vip Gaba_10,140,0.003
supertype,0934 PRNc-NI-SG-RPO Vsx2 Nr4a2 Glut_4,139,0.003
supertype,1014 VCO Mafa Meis2 Glut_2,139,0.003
supertype,1177 Hypendymal NN_1,139,0.003
supertype,0165 OB Dopa-Gaba_4,138,0.003
supertype,0892 MB-MY Tph2 Glut-Sero_5,138,0.003
supertype,1017 SPVO Mafa Meis2 Glut_1,137,0.003
supertype,1098 PPY-PGRNl Vip Glyc-Gaba_1,136,0.003
supertype,0706 PAG-MRN Pou3f1 Glut_3,135,0.003
supertype,1172 Tanycyte NN_1,135,0.003
supertype,1200 NK cells NN_3,132,0.003
supertype,0862 SCs Pax7 Nfia Gaba_4,129,0.003
supertype,1146 CB PLI Gly-Gaba_3,129,0.003
supertype,0940 PSV Pvalb Lhx2 Glut_2,126,0.003
supertype,1142 DCO Il22 Gly-Gaba_2,123,0.003
supertype,0696 PAG Pou4f3 Glut_3,123,0.003
supertype,0886 SNc-VTA-RAmb Foxa1 Dopa_7,121,0.003
supertype,1028 HB Calcb Chol_4,121,0.003
supertype,0378 CEA-AAA-BST Six3 Sp9 Gaba_6,120,0.003
supertype,0517 COAa-PAA-MEA Barhl2 Glut_9,120,0.003
supertype,0391 CEA-BST Ebf1 Pdyn Gaba_8,119,0.003
supertype,1024 MDRNv Crp Glut_1,119,0.003
supertype,0938 PB-PSV Phox2b Glut_1,118,0.003
supertype,1059 LDT-PCG-CS Gata3 Lhx1 Gaba_4,118,0.003
supertype,1060 LDT-PCG-CS Gata3 Lhx1 Gaba_5,117,0.003
supertype,0903 PB-SUT Tlx3 Lhx2 Glut_1,116,0.003
supertype,1009 NTS Dbh Glut_6,116,0.003
supertype,0905 PB Pax5 Glut_2,116,0.003
supertype,0821 PAG-ND-PCG Onecut1 Gaba_4,115,0.003
supertype,0955 PRP-NI-PRNc-GRN Otp Glut_1,115,0.003
supertype,1094 MY Lhx1 Gly-Gaba_6,113,0.003
supertype,1189 VLMC NN_3,113,0.003
supertype,0936 PRNc-PARN Tlx1 Glut_2,110,0.003
supertype,0689 IF-RL-CLI-PAG Foxa1 Glut_5,106,0.003
supertype,0252 NDB-SI-MA-STRv Lhx8 Gaba_9,106,0.003
supertype,1114 MV Pax6 Gly-Gaba_2,104,0.003
supertype,0325 LSX Prdm12 Slit2 Gaba_9,104,0.003
supertype,0930 PCG-PRNr Vsx2 Nkx6-1 Glut_6,103,0.003
supertype,0254 NDB-SI-MA-STRv Lhx8 Gaba_11,103,0.003
supertype,0991 CU-ECU-SPVI Foxb1 Glut_4,101,0.002
supertype,0390 CEA-BST Ebf1 Pdyn Gaba_7,97,0.002
supertype,0692 PAG-SC Neurod2 Meis2 Glut_3,97,0.002
supertype,0140 DG-PIR Ex IMN_1,93,0.002
supertype,0716 PRC-PAG Tcf7l2 Irx2 Glut_4,93,0.002
supertype,0822 PAG-ND-PCG Onecut1 Gaba_5,92,0.002
supertype,0972 PGRNd Dmbx1 Glut_1,92,0.002
supertype,1101 MV-SPIV-PRP Dmbx1 Gly-Gaba_3,91,0.002
supertype,0296 NDB-SI-ant Prdm12 Gaba_2,89,0.002
supertype,0416 PVR Six3 Sox3 Gaba_6,89,0.002
supertype,0901 PB Lmx1a Glut_7,89,0.002
supertype,1076 NLL Gata3 Gly-Gaba_3,88,0.002
supertype,0879 IPN Otp Crisp1 Gaba_3,87,0.002
supertype,0428 ARH-PVi Six6 Dopa-Gaba_2,85,0.002
supertype,0744 PAG Pou4f1 Ebf2 Glut_8,83,0.002
supertype,0280 STR D2 Gaba_7,81,0.002
supertype,1007 NTS Dbh Glut_4,81,0.002
supertype,0951 NLL-SOC Spp1 Glut_2,80,0.002
supertype,1081 POR Gata3 Gly-Gaba_1,79,0.002
supertype,1008 NTS Dbh Glut_5,78,0.002
supertype,0994 MV-SPIV Phox2b Ebf3 Lbx1 Glut_3,77,0.002
supertype,1190 VLMC NN_4,76,0.002
supertype,0801 SNr-VTA Pax5 Npas1 Gaba_2,75,0.002
supertype,0990 CU-ECU-SPVI Foxb1 Glut_3,75,0.002
supertype,1029 HB Calcb Chol_5,75,0.002
supertype,0970 MDRNv Lhx4 Qrfprl Glut_1,74,0.002
supertype,0937 PRNc-PARN Tlx1 Glut_3,73,0.002
supertype,0322 LSX Prdm12 Slit2 Gaba_6,73,0.002
supertype,1100 MV-SPIV-PRP Dmbx1 Gly-Gaba_2,72,0.002
supertype,0164 OB Dopa-Gaba_3,71,0.002
supertype,0896 PB Lmx1a Glut_2,71,0.002
supertype,1170 Astroependymal NN_2,66,0.002
supertype,1054 NI-RPO Gata3 Nr4a2 Gaba_3,63,0.002
supertype,0334 LSX Sall3 Lmo1 Gaba_4,62,0.002
supertype,0243 Sst Chodl Gaba_6,60,0.001
supertype,0993 MV-SPIV Phox2b Ebf3 Lbx1 Glut_2,59,0.001
supertype,0969 MARN-GRN Pyy Glut_1,56,0.001
supertype,1077 NLL Gata3 Gly-Gaba_4,56,0.001
supertype,1001 MV-SPIV Zic4 Neurod2 Glut_5,55,0.001
supertype,0255 NDB-SI-MA-STRv Lhx8 Gaba_12,55,0.001
supertype,1042 PB Sst Gly-Gaba_2,53,0.001
supertype,0950 NLL-SOC Spp1 Glut_1,52,0.001
supertype,1011 DMX VII Tbx20 Chol_2,51,0.001
supertype,1095 MY Lhx1 Gly-Gaba_7,49,0.001
supertype,1128 MV Xdh Gly-Gaba_1,48,0.001
supertype,0401 SI-MPO-LPO Lhx8 Gaba_6,48,0.001
supertype,0682 RN Spp1 Glut_1,48,0.001
supertype,1112 PAS-MV Ebf2 Gly-Gaba_4,46,0.001
supertype,0995 MV-SPIV Phox2b Ebf3 Lbx1 Glut_4,46,0.001
supertype,0996 MV-SPIV Phox2b Ebf3 Lbx1 Glut_5,46,0.001
supertype,0797 MRN-PPN-CUN Pax8 Gaba_3,45,0.001
supertype,1198 B cells NN_1,45,0.001
supertype,0293 IA Mgp Gaba_4,44,0.001
supertype,0894 MB-MY Tph2 Glut-Sero_7,44,0.001
supertype,0298 NDB-SI-ant Prdm12 Gaba_4,43,0.001
supertype,0559 DMH-LHA Vgll2 Glut_1,42,0.001
supertype,1174 Tanycyte NN_3,41,0.001
supertype,1075 NLL Gata3 Gly-Gaba_2,38,0.001
supertype,1027 HB Calcb Chol_3,37,0.001
supertype,1127 MV Nr4a2 Gly-Gaba_1,35,0.001
supertype,0942 PSV Pvalb Lhx2 Glut_4,33,0.001
supertype,1026 HB Calcb Chol_2,33,0.001
supertype,1196 Monocytes NN_1,33,0.001
supertype,0172 OB-STR-CTX Inh IMN_7,32,0.001
supertype,1016 VCO Mafa Meis2 Glut_4,32,0.001
supertype,0782 PAG Tcf24 Glut_1,29,0.001
supertype,0781 PBG Mtnr1a Glut-Chol_1,28,0.001
supertype,1119 MARN-PPY Ngfr Gly-Gaba_1,28,0.001
supertype,1199 ILC NN_2,28,0.001
supertype,0856 SCs Dmbx1 Gaba_5,27,0.001
supertype,1025 HB Calcb Chol_1,27,0.001
supertype,1078 PSV Pax2 Gly-Gaba_1,24,0.001
supertype,0789 PAG Ucn Glut_1,23,0.001
supertype,1046 CS-PRNr-PCG Tmem163 Otp Gaba_3,23,0.001
supertype,1082 POR Spp1 Gly-Gaba_1,22,0.001
supertype,0952 MEV Ppp1r1c Glut_1,22,0.001
supertype,0171 OB-STR-CTX Inh IMN_6,21,0.001
supertype,1079 PSV Pax2 Gly-Gaba_2,19,0.0
supertype,0924 B-PB Nr4a2 Glut_2,18,0.0
supertype,1080 NLL-po Pax7 Gaba_1,17,0.0
supertype,0858 SC Lef1 Otx2 Gaba_2,16,0.0
supertype,1096 MY Lhx1 Gly-Gaba_8,15,0.0
supertype,1117 CU-ECU Pax2 Gly-Gaba_1,15,0.0
cluster,5285 MOL NN_4,264669,6.546
cluster,5225 Astro-TE NN_3,131046,3.241
cluster,5284 MOL NN_4,120642,2.984
cluster,5269 OPC NN_1,117304,2.901
cluster,5201 CB Granule Glut_2,115909,2.867
cluster,5214 Astro-NT NN_2,108101,2.674
cluster,0109 L2/3 IT CTX Glut_2,100893,2.496
cluster,5312 Microglia NN_1,86232,2.133
cluster,0100 L4/5 IT CTX Glut_6,72787,1.8
cluster,5310 Endo NN_1,48562,1.201
cluster,0079 L4/5 IT CTX Glut_2,43927,1.087
cluster,0507 DG Glut_2,42250,1.045
cluster,0069 L4/5 IT CTX Glut_1,38128,0.943
cluster,0097 L4/5 IT CTX Glut_5,37698,0.932
cluster,0442 L6 CT CTX Glut_2,32875,0.813
cluster,0439 L6 CT CTX Glut_1,31772,0.786
cluster,5188 CBX MLI Megf11 Gaba_1,31095,0.769
cluster,0443 L6 CT CTX Glut_2,30942,0.765
cluster,0436 L6 CT CTX Glut_1,30379,0.751
cluster,5311 Endo NN_1,30159,0.746
cluster,0041 L6 IT CTX Glut_2,28459,0.704
cluster,0455 L6 CT CTX Glut_5,25460,0.63
cluster,5304 Peri NN_1,24403,0.604
cluster,0096 L4/5 IT CTX Glut_5,23945,0.592
cluster,0505 DG Glut_2,20503,0.507
cluster,5216 Astro-NT NN_2,20018,0.495
cluster,0343 L2/3 IT RSP Glut_2,19864,0.491
cluster,0061 L5 IT CTX Glut_3,19360,0.479
cluster,0709 Lamp5 Gaba_1,18391,0.455
cluster,5197 CB Granule Glut_1,14544,0.36
cluster,0421 L6b/CT ENT Glut_4,13773,0.341
cluster,0095 L4/5 IT CTX Glut_5,13424,0.332
cluster,0080 L4/5 IT CTX Glut_2,13356,0.33
cluster,0118 L2/3 IT CTX Glut_4,13162,0.326
cluster,5192 CBX MLI Cdh22 Gaba_1,13098,0.324
cluster,0110 L2/3 IT CTX Glut_2,13074,0.323
cluster,0950 STR D1 Gaba_3,12912,0.319
cluster,0073 L4/5 IT CTX Glut_1,12563,0.311
cluster,0060 L5 IT CTX Glut_2,12487,0.309
cluster,0537 OB-in Frmd7 Gaba_1,12411,0.307
cluster,0003 CLA-EPd-CTX Car3 Glut_1,12216,0.302
cluster,0506 DG Glut_2,12197,0.302
cluster,0074 L4/5 IT CTX Glut_1,12059,0.298
cluster,0262 CA1-ProS Glut_1,12018,0.297
cluster,0981 STR D2 Gaba_4,11991,0.297
cluster,0101 L4/5 IT CTX Glut_6,11991,0.297
cluster,0184 IT AON-TT-DP Glut_5,11884,0.294
cluster,0708 Lamp5 Gaba_1,10946,0.271
cluster,0335 L2/3 IT PPP Glut_2,10619,0.263
cluster,0466 L5 NP CTX Glut_2,10402,0.257
cluster,0977 STR D2 Gaba_2,10343,0.256
cluster,5215 Astro-NT NN_2,10325,0.255
cluster,0056 L5 IT CTX Glut_1,10126,0.25
cluster,0052 L6 IT CTX Glut_4,9845,0.244
cluster,0081 L4/5 IT CTX Glut_2,9768,0.242
cluster,0741 Pvalb Gaba_3,9691,0.24
cluster,5307 SMC NN_1,9689,0.24
cluster,0007 IT EP-CLA Glut_1,9681,0.239
cluster,0037 L6 IT CTX Glut_1,9559,0.236
cluster,0939 OT D3 Folh1 Gaba_1,9429,0.233
cluster,0004 CLA-EPd-CTX Car3 Glut_1,9334,0.231
cluster,5309 Endo NN_1,9290,0.23
cluster,0959 STR D1 Gaba_6,9096,0.225
cluster,0437 L6 CT CTX Glut_1,8833,0.218
cluster,0445 L6 CT CTX Glut_3,8418,0.208
cluster,2650 TH Prkcd Grin2c Glut_2,8341,0.206
cluster,0112 L2/3 IT CTX Glut_2,8214,0.203
cluster,0548 OB-in Frmd7 Gaba_2,8143,0.201
cluster,0464 L5 NP CTX Glut_2,8077,0.2
cluster,0540 OB-in Frmd7 Gaba_1,8074,0.2
cluster,0342 L2/3 IT RSP Glut_1,7924,0.196
cluster,2006 MEA-COA-BMA Ccdc42 Glut_3,7871,0.195
cluster,0116 L2/3 IT CTX Glut_3,7845,0.194
cluster,0754 Pvalb Gaba_8,7777,0.192
cluster,0092 L4/5 IT CTX Glut_4,7765,0.192
cluster,5226 Astro-TE NN_3,7734,0.191
cluster,0064 L5 IT CTX Glut_4,7595,0.188
cluster,5227 Astro-TE NN_3,7503,0.186
cluster,5272 COP NN_1,7130,0.176
cluster,0425 L6b CTX Glut_1,7046,0.174
cluster,0091 L4/5 IT CTX Glut_4,6838,0.169
cluster,0105 L2/3 IT CTX Glut_1,6785,0.168
cluster,5282 MFOL NN_3,6615,0.164
cluster,0641 Vip Gaba_5,6490,0.161
cluster,0645 Vip Gaba_6,6446,0.159
cluster,2652 TH Prkcd Grin2c Glut_3,6319,0.156
cluster,0082 L4/5 IT CTX Glut_2,6302,0.156
cluster,0468 L5 NP CTX Glut_3,6263,0.155
cluster,0156 L2/3 IT PIR-ENTl Glut_4,6261,0.155
cluster,0130 L2/3 IT ENT Glut_4,6244,0.154
cluster,0542 OB-in Frmd7 Gaba_2,6223,0.154
cluster,0042 L6 IT CTX Glut_2,6153,0.152
cluster,0099 L4/5 IT CTX Glut_6,6055,0.15
cluster,0111 L2/3 IT CTX Glut_2,6043,0.149
cluster,5273 COP NN_1,5971,0.148
cluster,0147 L2/3 IT PIR-ENTl Glut_2,5895,0.146
cluster,0742 Pvalb Gaba_3,5882,0.145
cluster,0040 L6 IT CTX Glut_2,5662,0.14
cluster,5286 MOL NN_4,5449,0.135
cluster,0458 CT SUB Glut_1,5449,0.135
cluster,0465 L5 NP CTX Glut_2,5394,0.133
cluster,0050 L6 IT CTX Glut_4,5366,0.133
cluster,0078 L4/5 IT CTX Glut_2,5324,0.132
cluster,0058 L5 IT CTX Glut_2,5274,0.13
cluster,0217 COAp Grxcr2 Glut_2,5204,0.129
cluster,5301 VLMC NN_2,5194,0.128
cluster,0710 Lamp5 Gaba_1,5178,0.128
cluster,0510 DG Glut_4,5166,0.128
cluster,0132 L2/3 IT ENT Glut_4,5159,0.128
cluster,0348 L4 RSP-ACA Glut_1,5013,0.124
cluster,2651 TH Prkcd Grin2c Glut_3,4961,0.123
cluster,2649 TH Prkcd Grin2c Glut_1,4943,0.122
cluster,1384 CEA-BST Ebf1 Pdyn Gaba_1,4936,0.122
cluster,0444 L6 CT CTX Glut_2,4935,0.122
cluster,0138 L2/3 IT PIR-ENTl Glut_1,4821,0.119
cluster,0046 L6 IT CTX Glut_3,4813,0.119
cluster,0171 IT AON-TT-DP Glut_2,4741,0.117
cluster,0071 L4/5 IT CTX Glut_1,4727,0.117
cluster,0543 OB-in Frmd7 Gaba_2,4720,0.117
cluster,0070 L4/5 IT CTX Glut_1,4700,0.116
cluster,0545 OB-in Frmd7 Gaba_2,4599,0.114
cluster,0450 L6 CT CTX Glut_4,4562,0.113
cluster,0072 L4/5 IT CTX Glut_1,4526,0.112
cluster,0053 L6 IT CTX Glut_5,4519,0.112
cluster,5306 SMC NN_1,4502,0.111
cluster,0726 Lamp5 Lhx6 Gaba_1,4464,0.11
cluster,0779 Sst Gaba_4,4421,0.109
cluster,0048 L6 IT CTX Glut_3,4384,0.108
cluster,0469 L5 NP CTX Glut_3,4369,0.108
cluster,0067 L4/5 IT CTX Glut_1,4282,0.106
cluster,0533 OB-in Frmd7 Gaba_1,4266,0.106
cluster,0001 CLA-EPd-CTX Car3 Glut_1,4262,0.105
cluster,1011 STR-PAL Chst9 Gaba_4,4242,0.105
cluster,0544 OB-in Frmd7 Gaba_2,4229,0.105
cluster,0034 L6 IT CTX Glut_1,4215,0.104
cluster,0144 L2/3 IT PIR-ENTl Glut_2,4171,0.103
cluster,2678 TH Prkcd Grin2c Glut_10,4168,0.103
cluster,0718 Lamp5 Gaba_2,4139,0.102
cluster,0117 L2/3 IT CTX Glut_4,4118,0.102
cluster,0263 CA1-ProS Glut_1,4105,0.102
cluster,1005 STR-PAL Chst9 Gaba_2,4074,0.101
cluster,5202 DCO UBC Glut_1,4062,0.1
cluster,5287 MOL NN_4,4007,0.099
cluster,0038 L6 IT CTX Glut_2,3980,0.098
cluster,0639 Vip Gaba_4,3949,0.098
cluster,2616 AV Col27a1 Glut_1,3865,0.096
cluster,0803 Sst Gaba_10,3849,0.095
cluster,0979 STR D2 Gaba_4,3824,0.095
cluster,0663 Vip Gaba_12,3824,0.095
cluster,0412 L6b/CT ENT Glut_1,3784,0.094
cluster,2574 MM Foxb1 Glut_2,3764,0.093
cluster,2621 PVT-PT Ntrk1 Glut_2,3719,0.092
cluster,0114 L2/3 IT CTX Glut_3,3682,0.091
cluster,2615 AV Col27a1 Glut_1,3666,0.091
cluster,0157 L2/3 IT PIR-ENTl Glut_4,3662,0.091
cluster,0084 L4/5 IT CTX Glut_3,3624,0.09
cluster,0643 Vip Gaba_5,3618,0.089
cluster,0146 L2/3 IT PIR-ENTl Glut_2,3586,0.089
cluster,0336 L2/3 IT PPP Glut_2,3533,0.087
cluster,0780 Sst Gaba_4,3523,0.087
cluster,5000 CBN Dmbx1 Gaba_1,3514,0.087
cluster,1003 STR-PAL Chst9 Gaba_1,3493,0.086
cluster,0093 L4/5 IT CTX Glut_4,3484,0.086
cluster,0612 OB-STR-CTX Inh IMN_4,3464,0.086
cluster,0333 L2/3 IT PPP Glut_2,3455,0.085
cluster,0055 L5 IT CTX Glut_1,3404,0.084
cluster,0026 L5/6 IT TPE-ENT Glut_2,3375,0.083
cluster,0740 Pvalb Gaba_3,3366,0.083
cluster,0145 L2/3 IT PIR-ENTl Glut_2,3333,0.082
cluster,0090 L4/5 IT CTX Glut_4,3332,0.082
cluster,5206 Bergmann NN_1,3321,0.082
cluster,3306 IC Tfap2d Maf Glut_3,3298,0.082
cluster,0002 CLA-EPd-CTX Car3 Glut_1,3222,0.08
cluster,0054 L6 IT CTX Glut_5,3204,0.079
cluster,2664 TH Prkcd Grin2c Glut_6,3192,0.079
cluster,0043 L6 IT CTX Glut_2,3176,0.079
cluster,0733 Pvalb chandelier Gaba_1,3161,0.078
cluster,0165 L2/3 IT PIR-ENTl Glut_7,3153,0.078
cluster,1009 STR-PAL Chst9 Gaba_3,3132,0.077
cluster,0547 OB-in Frmd7 Gaba_2,3129,0.077
cluster,2635 CM-IAD-CL-PCN Sema5b Glut_1,3128,0.077
cluster,0538 OB-in Frmd7 Gaba_1,3106,0.077
cluster,0440 L6 CT CTX Glut_1,3100,0.077
cluster,5178 CB PLI Gly-Gaba_1,3066,0.076
cluster,0624 Vip Gaba_1,3065,0.076
cluster,0059 L5 IT CTX Glut_2,3044,0.075
cluster,2658 TH Prkcd Grin2c Glut_5,3011,0.074
cluster,4199 PG-TRN-LRN Fat2 Glut_1,3002,0.074
cluster,0334 L2/3 IT PPP Glut_2,2996,0.074
cluster,0632 Vip Gaba_3,2991,0.074
cluster,0068 L4/5 IT CTX Glut_1,2964,0.073
cluster,0429 L6b CTX Glut_2,2963,0.073
cluster,0777 Sst Gaba_4,2956,0.073
cluster,0036 L6 IT CTX Glut_1,2937,0.073
cluster,2663 TH Prkcd Grin2c Glut_6,2917,0.072
cluster,0029 L5/6 IT TPE-ENT Glut_3,2902,0.072
cluster,0454 L6 CT CTX Glut_5,2900,0.072
cluster,0964 STR D1 Gaba_9,2890,0.071
cluster,0797 Sst Gaba_8,2881,0.071
cluster,0642 Vip Gaba_5,2881,0.071
cluster,0345 L2/3 IT RSP Glut_2,2869,0.071
cluster,0087 L4/5 IT CTX Glut_3,2860,0.071
cluster,5204 DCO UBC Glut_1,2815,0.07
cluster,5314 BAM NN_1,2814,0.07
cluster,0748 Pvalb Gaba_5,2814,0.07
cluster,5313 BAM NN_1,2812,0.07
cluster,0470 L5 NP CTX Glut_3,2810,0.07
cluster,2648 TH Prkcd Grin2c Glut_1,2788,0.069
cluster,5218 Astro-TE NN_1,2759,0.068
cluster,0661 Vip Gaba_11,2745,0.068
cluster,0707 Lamp5 Gaba_1,2745,0.068
cluster,0140 L2/3 IT PIR-ENTl Glut_1,2740,0.068
cluster,0456 L6 CT CTX Glut_5,2734,0.068
cluster,0449 L6 CT CTX Glut_3,2725,0.067
cluster,0778 Sst Gaba_4,2675,0.066
cluster,0539 OB-in Frmd7 Gaba_1,2657,0.066
cluster,0006 IT EP-CLA Glut_1,2648,0.065
cluster,0792 Sst Gaba_7,2568,0.064
cluster,0859 Sst Chodl Gaba_4,2542,0.063
cluster,0148 L2/3 IT PIR-ENTl Glut_2,2509,0.062
cluster,4575 SPVC Mafa Glut_2,2501,0.062
cluster,0497 HPF CR Glut_1,2498,0.062
cluster,0008 IT EP-CLA Glut_1,2472,0.061
cluster,0065 L5 IT CTX Glut_5,2460,0.061
cluster,0410 L6b/CT ENT Glut_1,2455,0.061
cluster,0724 Lamp5 Lhx6 Gaba_1,2443,0.06
cluster,5298 VLMC NN_1,2441,0.06
cluster,0185 IT AON-TT-DP Glut_5,2434,0.06
cluster,2660 TH Prkcd Grin2c Glut_6,2432,0.06
cluster,0811 Sst Gaba_13,2426,0.06
cluster,0220 COAp Grxcr2 Glut_2,2413,0.06
cluster,2644 CM-IAD-CL-PCN Sema5b Glut_4,2408,0.06
cluster,0344 L2/3 IT RSP Glut_2,2400,0.059
cluster,2639 CM-IAD-CL-PCN Sema5b Glut_2,2396,0.059
cluster,0623 Vip Gaba_1,2375,0.059
cluster,0214 MEA Slc17a7 Glut_3,2354,0.058
cluster,0536 OB-in Frmd7 Gaba_1,2342,0.058
cluster,5270 OPC NN_1,2328,0.058
cluster,1000 STR D1 Sema5a Gaba_4,2301,0.057
cluster,0219 COAp Grxcr2 Glut_2,2287,0.057
cluster,2568 MM-ant Foxb1 Glut_1,2277,0.056
cluster,0139 L2/3 IT PIR-ENTl Glut_1,2270,0.056
cluster,0676 Sncg Gaba_3,2268,0.056
cluster,0150 L2/3 IT PIR-ENTl Glut_3,2260,0.056
cluster,0633 Vip Gaba_3,2237,0.055
cluster,0457 L6 CT CTX Glut_6,2222,0.055
cluster,0177 IT AON-TT-DP Glut_3,2209,0.055
cluster,5198 CB Granule Glut_1,2196,0.054
cluster,4984 PAS-MV Ebf2 Gly-Gaba_2,2187,0.054
cluster,0747 Pvalb Gaba_4,2174,0.054
cluster,0982 STR D2 Gaba_4,2171,0.054
cluster,5275 COP NN_1,2168,0.054
cluster,0009 IT EP-CLA Glut_1,2167,0.054
cluster,0369 L5 ET CTX Glut_3,2140,0.053
cluster,0286 CA1-ProS Glut_4,2131,0.053
cluster,0113 L2/3 IT CTX Glut_3,2130,0.053
cluster,3282 IC Tfap2d Maf Glut_1,2124,0.053
cluster,0230 LA-BLA-BMA-PA Glut_2,2113,0.052
cluster,0711 Lamp5 Gaba_1,2106,0.052
cluster,0954 STR D1 Gaba_4,2104,0.052
cluster,0722 Lamp5 Gaba_4,2085,0.052
cluster,0453 L6 CT CTX Glut_5,2076,0.051
cluster,0152 L2/3 IT PIR-ENTl Glut_3,2076,0.051
cluster,0975 STR D2 Gaba_2,2064,0.051
cluster,0992 STR D1 Sema5a Gaba_2,2045,0.051
cluster,0158 L2/3 IT PIR-ENTl Glut_4,2043,0.051
cluster,0426 L6b CTX Glut_1,2038,0.05
cluster,0484 NP PPP Glut_1,2024,0.05
cluster,2229 DMH Nkx2-4 Glut_2,1994,0.049
cluster,0047 L6 IT CTX Glut_3,1988,0.049
cluster,0532 OB-in Frmd7 Gaba_1,1970,0.049
cluster,0170 IT AON-TT-DP Glut_1,1969,0.049
cluster,0438 L6 CT CTX Glut_1,1963,0.049
cluster,0086 L4/5 IT CTX Glut_3,1955,0.048
cluster,3284 IC Tfap2d Maf Glut_1,1952,0.048
cluster,3824 SCsg Gabrr2 Gaba_4,1945,0.048
cluster,0682 Sncg Gaba_6,1928,0.048
cluster,0678 Sncg Gaba_4,1900,0.047
cluster,0269 CA1-ProS Glut_1,1894,0.047
cluster,0045 L6 IT CTX Glut_3,1887,0.047
cluster,0044 L6 IT CTX Glut_3,1881,0.047
cluster,0066 L4/5 IT CTX Glut_1,1881,0.047
cluster,2665 TH Prkcd Grin2c Glut_7,1881,0.047
cluster,0191 L2 IT ENT-po Glut_4,1867,0.046
cluster,1227 MEA-BST Sox6 Gaba_7,1863,0.046
cluster,0159 L2/3 IT PIR-ENTl Glut_4,1862,0.046
cluster,0155 L2/3 IT PIR-ENTl Glut_4,1859,0.046
cluster,2571 MM Foxb1 Glut_1,1853,0.046
cluster,0452 L6 CT CTX Glut_5,1850,0.046
cluster,0674 Sncg Gaba_3,1850,0.046
cluster,0446 L6 CT CTX Glut_3,1836,0.045
cluster,3286 IC Tfap2d Maf Glut_1,1808,0.045
cluster,2310 VMH Nr5a1 Glut_3,1800,0.045
cluster,5280 NFOL NN_2,1793,0.044
cluster,0030 L5/6 IT TPE-ENT Glut_4,1791,0.044
cluster,0231 LA-BLA-BMA-PA Glut_2,1785,0.044
cluster,0634 Vip Gaba_3,1780,0.044
cluster,0460 CT SUB Glut_2,1761,0.044
cluster,0085 L4/5 IT CTX Glut_3,1754,0.043
cluster,0744 Pvalb Gaba_4,1751,0.043
cluster,0049 L6 IT CTX Glut_4,1742,0.043
cluster,0062 L5 IT CTX Glut_3,1739,0.043
cluster,0098 L4/5 IT CTX Glut_5,1738,0.043
cluster,0473 L5 NP CTX Glut_4,1734,0.043
cluster,0535 OB-in Frmd7 Gaba_1,1721,0.043
cluster,5207 Astro-CB NN_1,1716,0.042
cluster,0359 L5 ET CTX Glut_2,1710,0.042
cluster,0942 OT D3 Folh1 Gaba_3,1676,0.041
cluster,0549 OB-in Frmd7 Gaba_2,1662,0.041
cluster,0216 COAp Grxcr2 Glut_2,1662,0.041
cluster,0051 L6 IT CTX Glut_4,1654,0.041
cluster,0810 Sst Gaba_13,1638,0.041
cluster,0627 Vip Gaba_2,1624,0.04
cluster,2680 TH Prkcd Grin2c Glut_11,1608,0.04
cluster,0237 LA-BLA-BMA-PA Glut_3,1607,0.04
cluster,2655 TH Prkcd Grin2c Glut_5,1604,0.04
cluster,0347 L4 RSP-ACA Glut_1,1602,0.04
cluster,0430 L6b CTX Glut_2,1555,0.038
cluster,0375 L5 ET CTX Glut_5,1539,0.038
cluster,0958 STR D1 Gaba_6,1532,0.038
cluster,0011 IT EP-CLA Glut_1,1519,0.038
cluster,5256 Ependymal NN_1,1519,0.038
cluster,0017 IT EP-CLA Glut_2,1518,0.038
cluster,0758 Sst Gaba_1,1516,0.037
cluster,0605 OB-STR-CTX Inh IMN_2,1488,0.037
cluster,2629 PVT-PT Ntrk1 Glut_4,1465,0.036
cluster,0104 L2/3 IT CTX Glut_1,1462,0.036
cluster,0719 Lamp5 Gaba_3,1460,0.036
cluster,0820 Sst Gaba_16,1454,0.036
cluster,0075 L4/5 IT CTX Glut_2,1451,0.036
cluster,0530 OB Trdn Gaba_2,1441,0.036
cluster,0361 L5 ET CTX Glut_2,1437,0.036
cluster,0398 L5 PPP Glut_1,1428,0.035
cluster,0735 Pvalb Gaba_1,1425,0.035
cluster,0677 Sncg Gaba_3,1422,0.035
cluster,0339 L2/3 IT PPP Glut_3,1411,0.035
cluster,0402 NLOT Rho Glut_1,1408,0.035
cluster,0953 STR D1 Gaba_4,1407,0.035
cluster,3695 SC-PAG Lef1 Emx2 Gaba_4,1406,0.035
cluster,0154 L2/3 IT PIR-ENTl Glut_3,1402,0.035
cluster,0365 L5 ET CTX Glut_3,1402,0.035
cluster,0628 Vip Gaba_2,1401,0.035
cluster,1349 CEA-AAA-BST Six3 Sp9 Gaba_1,1397,0.035
cluster,0213 MEA Slc17a7 Glut_3,1394,0.034
cluster,2004 MEA-COA-BMA Ccdc42 Glut_2,1387,0.034
cluster,0135 L2/3 IT ENT Glut_5,1383,0.034
cluster,2380 PVH-SO-PVa Otp Glut_4,1381,0.034
cluster,2636 CM-IAD-CL-PCN Sema5b Glut_1,1373,0.034
cluster,0571 OB-out Frmd7 Gaba_1,1372,0.034
cluster,2687 TH Prkcd Grin2c Glut_13,1371,0.034
cluster,0381 L5 ET CTX Glut_6,1363,0.034
cluster,0814 Sst Gaba_14,1359,0.034
cluster,0805 Sst Gaba_11,1345,0.033
cluster,0720 Lamp5 Gaba_3,1345,0.033
cluster,0546 OB-in Frmd7 Gaba_2,1343,0.033
cluster,5268 OPC NN_1,1342,0.033
cluster,0997 STR D1 Sema5a Gaba_3,1341,0.033
cluster,0817 Sst Gaba_15,1336,0.033
cluster,3810 SCsg Gabrr2 Gaba_2,1335,0.033
cluster,0272 CA1-ProS Glut_2,1332,0.033
cluster,0806 Sst Gaba_11,1332,0.033
cluster,1593 RT-ZI Gnb3 Gaba_3,1330,0.033
cluster,3316 IC Tfap2d Maf Glut_6,1329,0.033
cluster,0761 Sst Gaba_1,1324,0.033
cluster,0413 L6b/CT ENT Glut_1,1315,0.033
cluster,1279 MEA-BST Lhx6 Nr2e1 Gaba_2,1314,0.033
cluster,3152 PAG Pou4f2 Glut_1,1312,0.032
cluster,3311 IC Tfap2d Maf Glut_4,1307,0.032
cluster,0625 Vip Gaba_1,1307,0.032
cluster,0141 L2/3 IT PIR-ENTl Glut_1,1306,0.032
cluster,3797 SCsg Gabrr2 Gaba_1,1305,0.032
cluster,0371 L5 ET CTX Glut_4,1301,0.032
cluster,2671 TH Prkcd Grin2c Glut_8,1301,0.032
cluster,0809 Sst Gaba_12,1300,0.032
cluster,0039 L6 IT CTX Glut_2,1299,0.032
cluster,0781 Sst Gaba_5,1277,0.032
cluster,2681 TH Prkcd Grin2c Glut_12,1275,0.032
cluster,0340 L2/3 IT PPP Glut_3,1274,0.032
cluster,1332 CEA-BST Six3 Cyp26b1 Gaba_2,1271,0.031
cluster,0134 L2/3 IT ENT Glut_5,1271,0.031
cluster,0629 Vip Gaba_2,1271,0.031
cluster,0338 L2/3 IT PPP Glut_3,1267,0.031
cluster,0569 OB-out Frmd7 Gaba_1,1260,0.031
cluster,0447 L6 CT CTX Glut_3,1249,0.031
cluster,2675 TH Prkcd Grin2c Glut_9,1247,0.031
cluster,0558 OB-in Frmd7 Gaba_4,1242,0.031
cluster,4793 DTN-LDT-IPN Otp Pax3 Gaba_4,1238,0.031
cluster,0433 L6b CTX Glut_3,1236,0.031
cluster,2204 MEA Otp Foxp2 Glut_1,1230,0.03
cluster,0783 Sst Gaba_5,1228,0.03
cluster,5221 Astro-TE NN_1,1225,0.03
cluster,0743 Pvalb Gaba_4,1224,0.03
cluster,0367 L5 ET CTX Glut_3,1221,0.03
cluster,0652 Vip Gaba_8,1221,0.03
cluster,0315 CA3 Glut_4,1219,0.03
cluster,0662 Vip Gaba_12,1214,0.03
cluster,0183 IT AON-TT-DP Glut_5,1208,0.03
cluster,0804 Sst Gaba_10,1203,0.03
cluster,1242 MEA-BST Lhx6 Sp9 Gaba_1,1202,0.03
cluster,3308 IC Tfap2d Maf Glut_3,1202,0.03
cluster,2317 VMH Nr5a1 Glut_5,1199,0.03
cluster,3319 IC Tfap2d Maf Glut_6,1199,0.03
cluster,2587 MH Tac2 Glut_3,1191,0.029
cluster,0128 L2/3 IT ENT Glut_3,1187,0.029
cluster,2580 MH Tac2 Glut_1,1181,0.029
cluster,0424 L6b CTX Glut_1,1180,0.029
cluster,0239 LA-BLA-BMA-PA Glut_3,1171,0.029
cluster,0760 Sst Gaba_1,1170,0.029
cluster,0273 CA1-ProS Glut_2,1169,0.029
cluster,0673 Sncg Gaba_3,1168,0.029
cluster,2599 LH Pou4f1 Sox1 Glut_1,1162,0.029
cluster,3696 SC-PAG Lef1 Emx2 Gaba_4,1161,0.029
cluster,3742 SC Lef1 Otx2 Gaba_1,1160,0.029
cluster,0149 L2/3 IT PIR-ENTl Glut_3,1155,0.029
cluster,0215 COAp Grxcr2 Glut_1,1147,0.028
cluster,0721 Lamp5 Gaba_3,1144,0.028
cluster,0818 Sst Gaba_16,1138,0.028
cluster,0033 L6 IT CTX Glut_1,1137,0.028
cluster,0572 OB-out Frmd7 Gaba_1,1131,0.028
cluster,3279 SCiw Pitx2 Glut_3,1122,0.028
cluster,2724 PF Fzd5 Glut_2,1114,0.028
cluster,0406 L6b EPd Glut_2,1111,0.027
cluster,0244 LA-BLA-BMA-PA Glut_4,1110,0.027
cluster,0432 L6b CTX Glut_3,1107,0.027
cluster,0671 Sncg Gaba_2,1106,0.027
cluster,0384 SUB-ProS Glut_1,1104,0.027
cluster,3280 SCiw Pitx2 Glut_3,1101,0.027
cluster,0337 L2/3 IT PPP Glut_3,1096,0.027
cluster,0245 LA-BLA-BMA-PA Glut_5,1093,0.027
cluster,2008 MEA-COA-BMA Ccdc42 Glut_3,1090,0.027
cluster,0802 Sst Gaba_10,1089,0.027
cluster,0172 IT AON-TT-DP Glut_2,1083,0.027
cluster,1813 DMH-LHA Gsx1 Gaba_4,1079,0.027
cluster,0531 OB Trdn Gaba_2,1070,0.026
cluster,0106 L2/3 IT CTX Glut_1,1069,0.026
cluster,0005 CLA-EPd-CTX Car3 Glut_2,1056,0.026
cluster,2225 DMH Nkx2-4 Glut_1,1056,0.026
cluster,0173 IT AON-TT-DP Glut_2,1056,0.026
cluster,3462 SNr Six3 Gaba_1,1055,0.026
cluster,2672 TH Prkcd Grin2c Glut_8,1055,0.026
cluster,0057 L5 IT CTX Glut_1,1053,0.026
cluster,0035 L6 IT CTX Glut_1,1053,0.026
cluster,0415 L6b/CT ENT Glut_2,1048,0.026
cluster,1152 LSX Prdm12 Zeb2 Gaba_1,1047,0.026
cluster,0638 Vip Gaba_4,1046,0.026
cluster,0083 L4/5 IT CTX Glut_3,1039,0.026
cluster,0644 Vip Gaba_5,1039,0.026
cluster,3356 SCig Tfap2b Chrnb3 Glut_1,1037,0.026
cluster,0941 OT D3 Folh1 Gaba_3,1035,0.026
cluster,0716 Lamp5 Gaba_2,1035,0.026
cluster,0330 L2/3 IT PPP Glut_1,1027,0.025
cluster,0801 Sst Gaba_9,1026,0.025
cluster,0107 L2/3 IT CTX Glut_1,1022,0.025
cluster,0422 L6b/CT ENT Glut_4,1020,0.025
cluster,0368 L5 ET CTX Glut_3,1017,0.025
cluster,2623 PVT-PT Ntrk1 Glut_2,1013,0.025
cluster,2850 APN C1ql4 Glut_1,1009,0.025
cluster,1601 RT-ZI Gnb3 Gaba_5,1007,0.025
cluster,3729 SCs Dmbx1 Gaba_2,999,0.025
cluster,0759 Sst Gaba_1,998,0.025
cluster,0529 OB Trdn Gaba_1,996,0.025
cluster,5231 Astro-OLF NN_1,991,0.025
cluster,0012 IT EP-CLA Glut_1,990,0.024
cluster,3249 SCig-an-PPT Foxb1 Glut_1,987,0.024
cluster,0660 Vip Gaba_11,985,0.024
cluster,0293 CA1-ProS Glut_6,983,0.024
cluster,5228 Astro-TE NN_4,982,0.024
cluster,2662 TH Prkcd Grin2c Glut_6,974,0.024
cluster,0798 Sst Gaba_9,967,0.024
cluster,1015 STR-PAL Chst9 Gaba_5,966,0.024
cluster,1588 RT-ZI Gnb3 Gaba_2,966,0.024
cluster,3731 SCs Dmbx1 Gaba_2,966,0.024
cluster,0961 STR D1 Gaba_8,960,0.024
cluster,2841 APN C1ql2 Glut_1,960,0.024
cluster,0463 L5 NP CTX Glut_1,960,0.024
cluster,0713 Lamp5 Gaba_1,959,0.024
cluster,0757 Sst Gaba_1,956,0.024
cluster,1355 CEA-AAA-BST Six3 Sp9 Gaba_2,954,0.024
cluster,0323 L2 IT PPP-APr Glut_2,951,0.024
cluster,2017 COAa-PAA-MEA Barhl2 Glut_1,950,0.023
cluster,0169 IT AON-TT-DP Glut_1,950,0.023
cluster,3798 SCsg Gabrr2 Gaba_1,950,0.023
cluster,1697 SBPV-PVa Six6 Satb2 Gaba_3,948,0.023
cluster,2567 MM-ant Foxb1 Glut_1,948,0.023
cluster,3827 SCsg Gabrr2 Gaba_5,948,0.023
cluster,1116 LSX Prdm12 Slit2 Gaba_1,944,0.023
cluster,2689 TH Prkcd Grin2c Glut_14,942,0.023
cluster,0978 STR D2 Gaba_3,938,0.023
cluster,1990 TRS-BAC Sln Glut_1,938,0.023
cluster,5271 OPC NN_2,938,0.023
cluster,2674 TH Prkcd Grin2c Glut_9,936,0.023
cluster,4762 PDTg Otp Olig3 Gaba_1,934,0.023
cluster,0731 Lamp5 Lhx6 Gaba_1,934,0.023
cluster,0752 Pvalb Gaba_6,931,0.023
cluster,0094 L4/5 IT CTX Glut_4,930,0.023
cluster,0376 L5 ET CTX Glut_5,928,0.023
cluster,0795 Sst Gaba_8,925,0.023
cluster,0821 Sst Gaba_16,924,0.023
cluster,0534 OB-in Frmd7 Gaba_1,919,0.023
cluster,3741 SC Lef1 Otx2 Gaba_1,916,0.023
cluster,1855 TU-ARH Otp Six6 Gaba_3,913,0.023
cluster,5279 NFOL NN_2,913,0.023
cluster,5283 MFOL NN_3,913,0.023
cluster,3831 IPN Otp Crisp1 Gaba_2,911,0.023
cluster,0756 Sst Gaba_1,911,0.023
cluster,0784 Sst Gaba_5,910,0.023
cluster,0129 L2/3 IT ENT Glut_3,909,0.022
cluster,5199 CB Granule Glut_1,909,0.022
cluster,0589 OB Dopa-Gaba_1,907,0.022
cluster,0943 STR D1 Gaba_1,906,0.022
cluster,0815 Sst Gaba_15,906,0.022
cluster,0885 NDB-SI-MA-STRv Lhx8 Gaba_3,905,0.022
cluster,1167 LSX Prdm12 Zeb2 Gaba_4,904,0.022
cluster,0133 L2/3 IT ENT Glut_5,903,0.022
cluster,3820 SCsg Gabrr2 Gaba_3,894,0.022
cluster,2696 RE-Xi Nox4 Glut_2,892,0.022
cluster,0584 OB Dopa-Gaba_1,887,0.022
cluster,3010 PAG-SC Pou4f1 Zic1 Glut_1,887,0.022
cluster,1297 MEA-BST Lhx6 Nfib Gaba_3,885,0.022
cluster,2983 SPA-SPFm-SPFp-POL-PIL-PoT Sp9 Glut_7,884,0.022
cluster,0346 L2/3 IT RSP Glut_2,883,0.022
cluster,2673 TH Prkcd Grin2c Glut_8,873,0.022
cluster,0582 OB Dopa-Gaba_1,871,0.022
cluster,1623 DMH Prdm13 Gaba_2,869,0.021
cluster,2842 APN C1ql2 Glut_1,867,0.021
cluster,1054 LSX Otx2 Gaba_2,866,0.021
cluster,0234 LA-BLA-BMA-PA Glut_2,861,0.021
cluster,3300 IC Tfap2d Maf Glut_2,852,0.021
cluster,0503 DG Glut_1,851,0.021
cluster,3217 SCig Foxb1 Glut_1,851,0.021
cluster,0014 IT EP-CLA Glut_2,849,0.021
cluster,0378 L5 ET CTX Glut_5,849,0.021
cluster,0238 LA-BLA-BMA-PA Glut_3,848,0.021
cluster,2565 MM-ant Foxb1 Glut_1,847,0.021
cluster,2315 VMH Nr5a1 Glut_4,846,0.021
cluster,2271 DMH Hmx2 Glut_1,846,0.021
cluster,2376 PVH-SO-PVa Otp Glut_3,846,0.021
cluster,1837 TU-ARH Otp Six6 Gaba_1,844,0.021
cluster,0240 LA-BLA-BMA-PA Glut_3,844,0.021
cluster,2688 TH Prkcd Grin2c Glut_14,844,0.021
cluster,1031 NDB-SI-ant Prdm12 Gaba_1,841,0.021
cluster,0745 Pvalb Gaba_4,835,0.021
cluster,0324 L2 IT PPP-APr Glut_2,833,0.021
cluster,0541 OB-in Frmd7 Gaba_1,833,0.021
cluster,2570 MM-ant Foxb1 Glut_1,829,0.021
cluster,1340 CEA-BST Six3 Cyp26b1 Gaba_4,827,0.02
cluster,0163 L2/3 IT PIR-ENTl Glut_6,827,0.02
cluster,1614 SCH Six6 Cdc14a Gaba_2,821,0.02
cluster,3305 IC Tfap2d Maf Glut_3,820,0.02
cluster,0023 L5/6 IT TPE-ENT Glut_1,817,0.02
cluster,2705 MG-POL-SGN Nts Glut_1,815,0.02
cluster,1378 ACB-BST-FS D1 Gaba_2,809,0.02
cluster,0314 CA3 Glut_4,809,0.02
cluster,0241 LA-BLA-BMA-PA Glut_4,809,0.02
cluster,1159 LSX Prdm12 Zeb2 Gaba_2,808,0.02
cluster,0684 Sncg Gaba_8,807,0.02
cluster,0819 Sst Gaba_16,806,0.02
cluster,0358 L5 ET CTX Glut_1,805,0.02
cluster,0485 NP PPP Glut_1,804,0.02
cluster,0294 CA1-ProS Glut_6,802,0.02
cluster,0229 LA-BLA-BMA-PA Glut_1,800,0.02
cluster,0509 DG Glut_3,799,0.02
cluster,2698 RE-Xi Nox4 Glut_3,799,0.02
cluster,0089 L4/5 IT CTX Glut_4,798,0.02
cluster,3369 SCsg Pde5a Glut_3,798,0.02
cluster,0233 LA-BLA-BMA-PA Glut_2,795,0.02
cluster,0734 Pvalb Gaba_1,795,0.02
cluster,2725 PF Fzd5 Glut_2,791,0.02
cluster,0799 Sst Gaba_9,790,0.02
cluster,1387 CEA-BST Ebf1 Pdyn Gaba_2,789,0.02
cluster,5288 MOL NN_4,787,0.019
cluster,1766 ZI Pax6 Gaba_8,785,0.019
cluster,0986 STR D2 Gaba_6,783,0.019
cluster,0751 Pvalb Gaba_6,780,0.019
cluster,0482 NP SUB Glut_2,774,0.019
cluster,5229 Astro-TE NN_5,773,0.019
cluster,0951 STR D1 Gaba_3,772,0.019
cluster,2034 COAa-PAA-MEA Barhl2 Glut_4,772,0.019
cluster,2667 TH Prkcd Grin2c Glut_7,770,0.019
cluster,0669 Sncg Gaba_2,769,0.019
cluster,0218 COAp Grxcr2 Glut_2,768,0.019
cluster,2626 PVT-PT Ntrk1 Glut_3,768,0.019
cluster,1637 PVHd-SBPV Six3 Prox1 Gaba_2,766,0.019
cluster,3172 PAG Pou4f2 Glut_5,765,0.019
cluster,0405 L6b EPd Glut_2,764,0.019
cluster,0350 L5 ET CTX Glut_1,764,0.019
cluster,0364 L5 ET CTX Glut_2,764,0.019
cluster,3672 SC Otx2 Gcnt4 Gaba_2,762,0.019
cluster,0164 L2/3 IT PIR-ENTl Glut_7,761,0.019
cluster,5217 Astro-NT NN_2,761,0.019
cluster,0630 Vip Gaba_2,761,0.019
cluster,0776 Sst Gaba_4,760,0.019
cluster,2280 ARH-PVp Tbx3 Glut_2,758,0.019
cluster,1987 LGv-ZI Otx2 Gaba_5,757,0.019
cluster,2592 MH Tac2 Glut_3,757,0.019
cluster,2590 MH Tac2 Glut_3,756,0.019
cluster,0287 CA1-ProS Glut_4,752,0.019
cluster,0024 L5/6 IT TPE-ENT Glut_1,751,0.019
cluster,3809 SCsg Gabrr2 Gaba_2,751,0.019
cluster,0647 Vip Gaba_6,750,0.019
cluster,0636 Vip Gaba_4,750,0.019
cluster,2717 PF Fzd5 Glut_1,745,0.018
cluster,2653 TH Prkcd Grin2c Glut_4,744,0.018
cluster,3799 SCsg Gabrr2 Gaba_1,742,0.018
cluster,2798 PAG Pou4f3 Glut_1,742,0.018
cluster,0168 IT AON-TT-DP Glut_1,741,0.018
cluster,0328 L2 IT PPP-APr Glut_4,740,0.018
cluster,0566 OB-in Frmd7 Gaba_7,739,0.018
cluster,0027 L5/6 IT TPE-ENT Glut_2,739,0.018
cluster,0390 SUB-ProS Glut_2,738,0.018
cluster,0189 L2 IT ENT-po Glut_2,736,0.018
cluster,0672 Sncg Gaba_3,736,0.018
cluster,1115 LSX Prdm12 Slit2 Gaba_1,733,0.018
cluster,2987 SPA-SPFm-SPFp-POL-PIL-PoT Sp9 Glut_7,731,0.018
cluster,0331 L2/3 IT PPP Glut_1,731,0.018
cluster,3372 SCop Sln Glut_1,731,0.018
cluster,1344 CEA-BST Six3 Cyp26b1 Gaba_5,730,0.018
cluster,0431 L6b CTX Glut_3,730,0.018
cluster,2654 TH Prkcd Grin2c Glut_4,730,0.018
cluster,2683 TH Prkcd Grin2c Glut_13,730,0.018
cluster,2659 TH Prkcd Grin2c Glut_6,728,0.018
cluster,0326 L2 IT PPP-APr Glut_3,727,0.018
cluster,1602 RT-ZI Gnb3 Gaba_5,727,0.018
cluster,0251 LA-BLA-BMA-PA Glut_6,727,0.018
cluster,1196 MEA-BST Sox6 Gaba_2,726,0.018
cluster,2713 PF Fzd5 Glut_1,726,0.018
cluster,3181 PAG Pou4f2 Mesi2 Glut_2,724,0.018
cluster,0553 OB-in Frmd7 Gaba_3,721,0.018
cluster,5209 Astro-NT NN_1,718,0.018
cluster,0236 LA-BLA-BMA-PA Glut_3,717,0.018
cluster,2676 TH Prkcd Grin2c Glut_9,717,0.018
cluster,0976 STR D2 Gaba_2,715,0.018
cluster,1844 TU-ARH Otp Six6 Gaba_2,714,0.018
cluster,3813 SCsg Gabrr2 Gaba_2,714,0.018
cluster,0143 L2/3 IT PIR-ENTl Glut_1,711,0.018
cluster,2018 COAa-PAA-MEA Barhl2 Glut_1,711,0.018
cluster,0746 Pvalb Gaba_4,709,0.018
cluster,0407 L6b EPd Glut_3,708,0.018
cluster,5281 NFOL NN_2,708,0.018
cluster,1810 DMH-LHA Gsx1 Gaba_3,707,0.017
cluster,0607 OB-STR-CTX Inh IMN_2,703,0.017
cluster,1548 BST-MPN Six3 Nrgn Gaba_4,703,0.017
cluster,2699 RE-Xi Nox4 Glut_3,701,0.017
cluster,2281 ARH-PVp Tbx3 Glut_3,699,0.017
cluster,0352 L5 ET CTX Glut_1,699,0.017
cluster,0435 L6b CTX Glut_4,698,0.017
cluster,3701 SCm-PAG Cdh23 Gaba_1,697,0.017
cluster,0812 Sst Gaba_14,696,0.017
cluster,2000 MEA-COA-BMA Ccdc42 Glut_1,695,0.017
cluster,0666 Sncg Gaba_1,694,0.017
cluster,1600 RT-ZI Gnb3 Gaba_5,693,0.017
cluster,0646 Vip Gaba_6,691,0.017
cluster,1393 CEA-BST Ebf1 Pdyn Gaba_3,689,0.017
cluster,0408 L6b EPd Glut_3,687,0.017
cluster,0640 Vip Gaba_5,685,0.017
cluster,0985 STR D2 Gaba_5,682,0.017
cluster,1543 BST-MPN Six3 Nrgn Gaba_3,682,0.017
cluster,0103 L2/3 IT CTX Glut_1,681,0.017
cluster,3800 SCsg Gabrr2 Gaba_1,679,0.017
cluster,0526 OB Meis2 Thsd7b Gaba_4,678,0.017
cluster,2019 COAa-PAA-MEA Barhl2 Glut_1,678,0.017
cluster,0516 DG-PIR Ex IMN_3,674,0.017
cluster,0414 L6b/CT ENT Glut_2,674,0.017
cluster,0182 IT AON-TT-DP Glut_5,674,0.017
cluster,0665 Sncg Gaba_1,674,0.017
cluster,0108 L2/3 IT CTX Glut_2,673,0.017
cluster,0259 ENTmv-PA-COAp Glut_3,673,0.017
cluster,3834 IPN Otp Crisp1 Gaba_2,673,0.017
cluster,0387 SUB-ProS Glut_1,668,0.017
cluster,0583 OB Dopa-Gaba_1,667,0.016
cluster,0919 GPe-SI Sox6 Cyp26b1 Gaba_2,665,0.016
cluster,2282 ARH-PVp Tbx3 Glut_3,663,0.016
cluster,2645 CM-IAD-CL-PCN Sema5b Glut_4,663,0.016
cluster,3132 PAG Pou4f1 Ebf2 Glut_5,661,0.016
cluster,1767 ZI Pax6 Gaba_8,655,0.016
cluster,0833 STR Prox1 Lhx6 Gaba_2,653,0.016
cluster,0655 Vip Gaba_9,653,0.016
cluster,0631 Vip Gaba_2,653,0.016
cluster,0609 OB-STR-CTX Inh IMN_3,651,0.016
cluster,0816 Sst Gaba_15,651,0.016
cluster,1225 MEA-BST Sox6 Gaba_6,650,0.016
cluster,0351 L5 ET CTX Glut_1,649,0.016
cluster,0800 Sst Gaba_9,649,0.016
cluster,5219 Astro-TE NN_1,647,0.016
cluster,2003 MEA-COA-BMA Ccdc42 Glut_1,645,0.016
cluster,4198 PG-TRN-LRN Fat2 Glut_1,644,0.016
cluster,0160 L2/3 IT PIR-ENTl Glut_4,643,0.016
cluster,0179 IT AON-TT-DP Glut_4,642,0.016
cluster,0115 L2/3 IT CTX Glut_3,640,0.016
cluster,0970 STR D2 Gaba_1,639,0.016
cluster,0714 Lamp5 Gaba_2,636,0.016
cluster,2949 SPA-SPFm-SPFp-POL-PIL-PoT Sp9 Glut_3,632,0.016
cluster,3733 SCs Dmbx1 Gaba_3,629,0.016
cluster,2353 AHN-RCH-LHA Otp Fezf1 Glut_3,628,0.016
cluster,1051 LSX Otx2 Gaba_1,627,0.016
cluster,0729 Lamp5 Lhx6 Gaba_1,626,0.015
cluster,3781 SC Tnnt1 Gli3 Gaba_1,625,0.015
cluster,1156 LSX Prdm12 Zeb2 Gaba_1,625,0.015
cluster,1658 AHN-SBPV-PVHd Pdrm12 Gaba_3,624,0.015
cluster,0136 L2/3 IT ENT Glut_6,622,0.015
cluster,3304 IC Tfap2d Maf Glut_3,622,0.015
cluster,0717 Lamp5 Gaba_2,620,0.015
cluster,0793 Sst Gaba_7,618,0.015
cluster,0167 IT AON-TT-DP Glut_1,617,0.015
cluster,2697 RE-Xi Nox4 Glut_2,616,0.015
cluster,0383 SUB-ProS Glut_1,614,0.015
cluster,2573 MM Foxb1 Glut_1,613,0.015
cluster,2633 CM-IAD-CL-PCN Sema5b Glut_1,613,0.015
cluster,5293 ABC NN_1,613,0.015
cluster,4755 PDTg-PCG Pax6 Gaba_3,611,0.015
cluster,0715 Lamp5 Gaba_2,610,0.015
cluster,0119 L2/3 IT CTX Glut_4,609,0.015
cluster,2669 TH Prkcd Grin2c Glut_8,609,0.015
cluster,4751 PDTg-PCG Pax6 Gaba_1,608,0.015
cluster,0462 L5 NP CTX Glut_1,608,0.015
cluster,0459 CT SUB Glut_2,606,0.015
cluster,0467 L5 NP CTX Glut_2,606,0.015
cluster,2454 STN-PSTN Pitx2 Glut_5,603,0.015
cluster,0195 MEA Slc17a7 Glut_1,602,0.015
cluster,0603 OB-STR-CTX Inh IMN_2,601,0.015
cluster,0386 SUB-ProS Glut_1,600,0.015
cluster,2010 MEA-COA-BMA Ccdc42 Glut_4,598,0.015
cluster,4006 LDT-PCG Vsx2 Lhx4 Glut_6,598,0.015
cluster,2657 TH Prkcd Grin2c Glut_5,598,0.015
cluster,0142 L2/3 IT PIR-ENTl Glut_1,595,0.015
cluster,0355 L5 ET CTX Glut_1,594,0.015
cluster,4749 PDTg-PCG Pax6 Gaba_1,591,0.015
cluster,1010 STR-PAL Chst9 Gaba_3,590,0.015
cluster,2613 AD Serpinb7 Glut_1,587,0.015
cluster,0648 Vip Gaba_6,587,0.015
cluster,1861 TMd-DMH Foxd2 Gaba_1,585,0.014
cluster,4148 PSV Pvalb Lhx2 Glut_1,584,0.014
cluster,0782 Sst Gaba_5,584,0.014
cluster,0480 NP SUB Glut_2,582,0.014
cluster,0122 L2/3 IT ENT Glut_1,579,0.014
cluster,0377 L5 ET CTX Glut_5,579,0.014
cluster,3479 IC Six3 En2 Gaba_2,578,0.014
cluster,1096 LSX Nkx2-1 Gaba_4,575,0.014
cluster,1147 LSX Prdm12 Slit2 Gaba_8,574,0.014
cluster,0481 NP SUB Glut_2,573,0.014
cluster,1603 RT-ZI Gnb3 Gaba_5,572,0.014
cluster,2577 MM Foxb1 Glut_2,571,0.014
cluster,5291 OEC NN_1,571,0.014
cluster,1638 PVHd-SBPV Six3 Prox1 Gaba_3,570,0.014
cluster,2016 COAa-PAA-MEA Barhl2 Glut_1,569,0.014
cluster,2803 PAG Pou4f3 Glut_1,569,0.014
cluster,3833 IPN Otp Crisp1 Gaba_2,567,0.014
cluster,0753 Pvalb Gaba_7,567,0.014
cluster,5230 Astro-TE NN_5,564,0.014
cluster,0434 L6b CTX Glut_3,564,0.014
cluster,3791 SCs Lef1 Gli3 Gaba_1,562,0.014
cluster,2854 APN C1ql4 Glut_1,562,0.014
cluster,1126 LSX Prdm12 Slit2 Gaba_2,560,0.014
cluster,0841 STR Lhx8 Gaba_1,557,0.014
cluster,0823 Sst Gaba_17,556,0.014
cluster,0706 Lamp5 Gaba_1,556,0.014
cluster,2846 APN C1ql2 Glut_1,555,0.014
cluster,0276 CA1-ProS Glut_2,554,0.014
cluster,0794 Sst Gaba_7,554,0.014
cluster,3790 SCs Lef1 Gli3 Gaba_1,553,0.014
cluster,2809 PAG Pou4f3 Glut_2,550,0.014
cluster,0028 L5/6 IT TPE-ENT Glut_2,549,0.014
cluster,2572 MM Foxb1 Glut_1,547,0.014
cluster,1840 TU-ARH Otp Six6 Gaba_1,544,0.013
cluster,0206 MEA Slc17a7 Glut_2,544,0.013
cluster,1262 MEA-BST Lhx6 Sp9 Gaba_6,543,0.013
cluster,1988 LGv-ZI Otx2 Gaba_5,543,0.013
cluster,0419 L6b/CT ENT Glut_3,543,0.013
cluster,0255 ENTmv-PA-COAp Glut_1,543,0.013
cluster,0686 RHP-COA Ndnf Gaba_1,542,0.013
cluster,1255 MEA-BST Lhx6 Sp9 Gaba_4,541,0.013
cluster,3710 SCm-PAG Cdh23 Gaba_2,540,0.013
cluster,2692 RE-Xi Nox4 Glut_1,539,0.013
cluster,5297 VLMC NN_1,539,0.013
cluster,1087 LSX Nkx2-1 Gaba_2,539,0.013
cluster,1592 RT-ZI Gnb3 Gaba_3,538,0.013
cluster,1582 RT-ZI Gnb3 Gaba_1,535,0.013
cluster,5177 CB PLI Gly-Gaba_1,535,0.013
cluster,1959 DMH Hmx2 Gaba_6,533,0.013
cluster,2029 COAa-PAA-MEA Barhl2 Glut_3,533,0.013
cluster,2851 APN C1ql4 Glut_1,533,0.013
cluster,2007 MEA-COA-BMA Ccdc42 Glut_3,532,0.013
cluster,0573 OB-out Frmd7 Gaba_1,532,0.013
cluster,2589 MH Tac2 Glut_3,532,0.013
cluster,0963 STR D1 Gaba_8,529,0.013
cluster,0587 OB Dopa-Gaba_1,529,0.013
cluster,0411 L6b/CT ENT Glut_1,529,0.013
cluster,0363 L5 ET CTX Glut_2,528,0.013
cluster,2375 PVH-SO-PVa Otp Glut_3,526,0.013
cluster,0667 Sncg Gaba_1,525,0.013
cluster,1788 DMH-LHA Gsx1 Gaba_1,524,0.013
cluster,1622 DMH Prdm13 Gaba_1,524,0.013
cluster,3673 SC-PAG Lef1 Emx2 Gaba_1,524,0.013
cluster,0221 LA-BLA-BMA-PA Glut_1,524,0.013
cluster,5224 Astro-TE NN_3,523,0.013
cluster,2442 STN-PSTN Pitx2 Glut_3,522,0.013
cluster,0474 L5 NP CTX Glut_4,522,0.013
cluster,0427 L6b CTX Glut_2,521,0.013
cluster,2719 PF Fzd5 Glut_1,521,0.013
cluster,1962 ARH-PVp Tbx3 Gaba_1,520,0.013
cluster,0224 LA-BLA-BMA-PA Glut_1,520,0.013
cluster,1114 LSX Nkx2-1 Gaba_11,520,0.013
cluster,0131 L2/3 IT ENT Glut_4,518,0.013
cluster,0635 Vip Gaba_3,518,0.013
cluster,0479 NP SUB Glut_2,516,0.013
cluster,2289 DMH-LHA Vgll2 Glut_4,514,0.013
cluster,0025 L5/6 IT TPE-ENT Glut_1,512,0.013
cluster,0515 DG-PIR Ex IMN_2,511,0.013
cluster,0918 GPe-SI Sox6 Cyp26b1 Gaba_1,510,0.013
cluster,0562 OB-in Frmd7 Gaba_5,510,0.013
cluster,1544 BST-MPN Six3 Nrgn Gaba_3,510,0.013
cluster,2624 PVT-PT Ntrk1 Glut_3,510,0.013
cluster,0279 CA1-ProS Glut_3,509,0.013
cluster,1111 LSX Nkx2-1 Gaba_9,507,0.013
cluster,1253 MEA-BST Lhx6 Sp9 Gaba_4,506,0.013
cluster,1971 ARH-PVp Tbx3 Gaba_3,506,0.013
cluster,0360 L5 ET CTX Glut_2,506,0.013
cluster,0329 L2/3 IT PPP Glut_1,505,0.012
cluster,0088 L4/5 IT CTX Glut_3,504,0.012
cluster,0385 SUB-ProS Glut_1,504,0.012
cluster,4606 Pineal Crx Glut_1,504,0.012
cluster,5305 Peri NN_1,504,0.012
cluster,0650 Vip Gaba_7,504,0.012
cluster,1607 SCH Six6 Cdc14a Gaba_1,503,0.012
cluster,0242 LA-BLA-BMA-PA Glut_4,503,0.012
cluster,3682 SC-PAG Lef1 Emx2 Gaba_2,502,0.012
cluster,0327 L2 IT PPP-APr Glut_3,499,0.012
cluster,3817 SCsg Gabrr2 Gaba_3,499,0.012
cluster,2661 TH Prkcd Grin2c Glut_6,499,0.012
cluster,1717 ZI Pax6 Gaba_1,498,0.012
cluster,1998 MEA-COA-BMA Ccdc42 Glut_1,496,0.012
cluster,3211 SCig Foxb1 Glut_1,496,0.012
cluster,0190 L2 IT ENT-po Glut_3,495,0.012
cluster,2011 MEA-COA-BMA Ccdc42 Glut_4,495,0.012
cluster,3771 PRT Mecom Gaba_2,495,0.012
cluster,0181 IT AON-TT-DP Glut_4,493,0.012
cluster,3109 PAG Pou4f1 Ebf2 Glut_2,493,0.012
cluster,0844 STR Lhx8 Gaba_2,493,0.012
cluster,3190 PAG Pou4f2 Mesi2 Glut_3,491,0.012
cluster,0552 OB-in Frmd7 Gaba_3,490,0.012
cluster,3277 SCiw Pitx2 Glut_2,490,0.012
cluster,2634 CM-IAD-CL-PCN Sema5b Glut_1,490,0.012
cluster,0223 LA-BLA-BMA-PA Glut_1,489,0.012
cluster,3825 SCsg Gabrr2 Gaba_4,488,0.012
cluster,0366 L5 ET CTX Glut_3,488,0.012
cluster,2575 MM Foxb1 Glut_2,487,0.012
cluster,3363 SCsg Pde5a Glut_2,486,0.012
cluster,1239 MEA-BST Lhx6 Sp9 Gaba_1,485,0.012
cluster,0991 STR D1 Sema5a Gaba_1,485,0.012
cluster,2345 AHN-RCH-LHA Otp Fezf1 Glut_2,484,0.012
cluster,5266 OPC NN_1,483,0.012
cluster,2668 TH Prkcd Grin2c Glut_8,482,0.012
cluster,0807 Sst Gaba_12,481,0.012
cluster,0712 Lamp5 Gaba_1,481,0.012
cluster,2631 PVT-PT Ntrk1 Glut_5,480,0.012
cluster,1382 ACB-BST-FS D1 Gaba_3,479,0.012
cluster,5118 NTS-PARN Neurod2 Gly-Gaba_6,479,0.012
cluster,2778 IF-RL-CLI-PAG Foxa1 Glut_4,478,0.012
cluster,3361 SCsg Pde5a Glut_1,476,0.012
cluster,0825 Sst Gaba_18,476,0.012
cluster,0670 Sncg Gaba_2,474,0.012
cluster,1176 LSX Sall3 Lmo1 Gaba_2,474,0.012
cluster,0471 L5 NP CTX Glut_3,473,0.012
cluster,3136 PAG Pou4f1 Ebf2 Glut_6,472,0.012
cluster,3610 PRT Tcf7l2 Gaba_2,472,0.012
cluster,1666 AHN-SBPV-PVHd Pdrm12 Gaba_4,471,0.012
cluster,0559 OB-in Frmd7 Gaba_5,470,0.012
cluster,1659 AHN-SBPV-PVHd Pdrm12 Gaba_3,470,0.012
cluster,1812 DMH-LHA Gsx1 Gaba_4,470,0.012
cluster,3645 LGv-SPFp-SPFm Nkx2-2 Tcf7l2 Gaba_2,470,0.012
cluster,2581 MH Tac2 Glut_1,468,0.012
cluster,3274 SCiw Pitx2 Glut_2,468,0.012
cluster,0394 SUB-ProS Glut_3,467,0.012
cluster,0222 LA-BLA-BMA-PA Glut_1,466,0.012
cluster,0209 MEA Slc17a7 Glut_2,466,0.012
cluster,0461 L5 NP CTX Glut_1,466,0.012
cluster,1309 MEA-BST Lhx6 Nfib Gaba_5,465,0.012
cluster,2988 SPA-SPFm-SPFp-POL-PIL-PoT Sp9 Glut_8,464,0.011
cluster,0448 L6 CT CTX Glut_3,464,0.011
cluster,3751 SCs Pax7 Nfia Gaba_2,463,0.011
cluster,0771 Sst Gaba_3,462,0.011
cluster,0341 L2/3 IT PPP Glut_3,461,0.011
cluster,0274 CA1-ProS Glut_2,461,0.011
cluster,1112 LSX Nkx2-1 Gaba_10,461,0.011
cluster,1124 LSX Prdm12 Slit2 Gaba_2,460,0.011
cluster,0428 L6b CTX Glut_2,460,0.011
cluster,0832 STR Prox1 Lhx6 Gaba_1,458,0.011
cluster,0232 LA-BLA-BMA-PA Glut_2,458,0.011
cluster,0564 OB-in Frmd7 Gaba_5,457,0.011
cluster,1741 ZI Pax6 Gaba_4,457,0.011
cluster,1970 ARH-PVp Tbx3 Gaba_3,457,0.011
cluster,2279 ARH-PVp Tbx3 Glut_2,456,0.011
cluster,2485 PH Pitx2 Glut_2,456,0.011
cluster,3371 SCop Sln Glut_1,456,0.011
cluster,0568 OB-out Frmd7 Gaba_1,455,0.011
cluster,1863 TMd-DMH Foxd2 Gaba_1,455,0.011
cluster,1586 RT-ZI Gnb3 Gaba_2,453,0.011
cluster,2591 MH Tac2 Glut_3,452,0.011
cluster,2709 MG-POL-SGN Nts Glut_2,452,0.011
cluster,1282 MEA-BST Lhx6 Nfib Gaba_1,451,0.011
cluster,2470 PMv-TMv Pitx2 Glut_3,451,0.011
cluster,3688 SC-PAG Lef1 Emx2 Gaba_2,451,0.011
cluster,3362 SCsg Pde5a Glut_1,450,0.011
cluster,1198 MEA-BST Sox6 Gaba_3,448,0.011
cluster,1317 SI-MA-ACB Ebf1 Bnc2 Gaba_1,448,0.011
cluster,0880 NDB-SI-MA-STRv Lhx8 Gaba_3,448,0.011
cluster,3811 SCsg Gabrr2 Gaba_2,445,0.011
cluster,3358 SCop Pou4f2 Neurod2 Glut_1,445,0.011
cluster,2576 MM Foxb1 Glut_2,444,0.011
cluster,3711 SCm-PAG Cdh23 Gaba_2,443,0.011
cluster,5185 CB PLI Gly-Gaba_4,442,0.011
cluster,0010 IT EP-CLA Glut_1,441,0.011
cluster,2347 AHN-RCH-LHA Otp Fezf1 Glut_2,441,0.011
cluster,2311 VMH Nr5a1 Glut_3,441,0.011
cluster,0016 IT EP-CLA Glut_2,440,0.011
cluster,1485 MPN-MPO-LPO Lhx6 Zfhx3 Gaba_1,440,0.011
cluster,0203 MEA Slc17a7 Glut_2,439,0.011
cluster,1984 LGv-ZI Otx2 Gaba_5,439,0.011
cluster,0451 L6 CT CTX Glut_5,439,0.011
cluster,2620 PVT-PT Ntrk1 Glut_2,439,0.011
cluster,3667 LGv-SPFp-SPFm Nkx2-2 Tcf7l2 Gaba_7,438,0.011
cluster,0379 L5 ET CTX Glut_6,437,0.011
cluster,1391 CEA-BST Ebf1 Pdyn Gaba_3,436,0.011
cluster,2646 CM-IAD-CL-PCN Sema5b Glut_5,435,0.011
cluster,0121 L2/3 IT ENT Glut_1,434,0.011
cluster,1328 CEA-BST Six3 Cyp26b1 Gaba_1,433,0.011
cluster,1251 MEA-BST Lhx6 Sp9 Gaba_3,432,0.011
cluster,0980 STR D2 Gaba_4,431,0.011
cluster,1790 DMH-LHA Gsx1 Gaba_1,431,0.011
cluster,0127 L2/3 IT ENT Glut_3,431,0.011
cluster,3804 SCsg Gabrr2 Gaba_1,431,0.011
cluster,0944 STR D1 Gaba_1,430,0.011
cluster,0962 STR D1 Gaba_8,429,0.011
cluster,4986 PAS-MV Ebf2 Gly-Gaba_2,429,0.011
cluster,5276 COP NN_1,429,0.011
cluster,0683 Sncg Gaba_7,429,0.011
cluster,2637 CM-IAD-CL-PCN Sema5b Glut_2,427,0.011
cluster,1261 MEA-BST Lhx6 Sp9 Gaba_6,426,0.011
cluster,3231 SCig Foxb1 Glut_3,425,0.011
cluster,2957 SPA-SPFm-SPFp-POL-PIL-PoT Sp9 Glut_4,425,0.011
cluster,0738 Pvalb Gaba_2,425,0.011
cluster,0998 STR D1 Sema5a Gaba_3,424,0.01
cluster,5235 Astro-OLF NN_3,424,0.01
cluster,0476 L5 NP CTX Glut_5,424,0.01
cluster,1001 STR-PAL Chst9 Gaba_1,423,0.01
cluster,5308 SMC NN_1,423,0.01
cluster,0600 OB-STR-CTX Inh IMN_1,422,0.01
cluster,0180 IT AON-TT-DP Glut_4,422,0.01
cluster,0205 MEA Slc17a7 Glut_2,422,0.01
cluster,1980 LGv-ZI Otx2 Gaba_4,421,0.01
cluster,0271 CA1-ProS Glut_2,419,0.01
cluster,0362 L5 ET CTX Glut_2,418,0.01
cluster,2578 MH Tac2 Glut_1,418,0.01
cluster,0291 CA1-ProS Glut_5,418,0.01
cluster,4989 PAS-MV Ebf2 Gly-Gaba_3,418,0.01
cluster,2900 PRC-PAG Tcf7l2 Irx2 Glut_1,418,0.01
cluster,0161 L2/3 IT PIR-ENTl Glut_5,417,0.01
cluster,0196 MEA Slc17a7 Glut_1,417,0.01
cluster,3307 IC Tfap2d Maf Glut_3,416,0.01
cluster,2293 VMH Fezf1 Glut_1,415,0.01
cluster,0124 L2/3 IT ENT Glut_2,414,0.01
cluster,5222 Astro-TE NN_2,413,0.01
cluster,2593 MH Tac2 Glut_3,413,0.01
cluster,3642 LGv-SPFp-SPFm Nkx2-2 Tcf7l2 Gaba_2,412,0.01
cluster,0019 IT EP-CLA Glut_3,411,0.01
cluster,3703 SCm-PAG Cdh23 Gaba_1,411,0.01
cluster,2566 MM-ant Foxb1 Glut_1,411,0.01
cluster,3756 SCs Pax7 Nfia Gaba_3,411,0.01
cluster,1838 TU-ARH Otp Six6 Gaba_1,410,0.01
cluster,0689 RHP-COA Ndnf Gaba_1,410,0.01
cluster,0813 Sst Gaba_14,409,0.01
cluster,0649 Vip Gaba_7,409,0.01
cluster,0514 DG-PIR Ex IMN_2,408,0.01
cluster,2378 PVH-SO-PVa Otp Glut_3,408,0.01
cluster,3262 SCdg-PAG Tfap2b Glut_1,408,0.01
cluster,2412 PH-ant-LHA Otp Bsx Glut_4,407,0.01
cluster,0850 Sst Chodl Gaba_2,407,0.01
cluster,2513 PH-LHA Foxb1 Glut_3,406,0.01
cluster,0417 L6b/CT ENT Glut_2,406,0.01
cluster,2958 SPA-SPFm-SPFp-POL-PIL-PoT Sp9 Glut_4,406,0.01
cluster,1648 AHN-SBPV-PVHd Pdrm12 Gaba_1,404,0.01
cluster,0770 Sst Gaba_3,404,0.01
cluster,0567 OB-in Frmd7 Gaba_8,403,0.01
cluster,3720 SCm-PAG Cdh23 Gaba_4,402,0.01
cluster,2695 RE-Xi Nox4 Glut_2,402,0.01
cluster,5257 Ependymal NN_1,402,0.01
cluster,1412 BST-SI-AAA Six3 Slc22a3 Gaba_1,401,0.01
cluster,1089 LSX Nkx2-1 Gaba_3,401,0.01
cluster,1733 ZI Pax6 Gaba_3,401,0.01
cluster,0391 SUB-ProS Glut_2,401,0.01
cluster,2844 APN C1ql2 Glut_1,401,0.01
cluster,0420 L6b/CT ENT Glut_3,401,0.01
cluster,0764 Sst Gaba_2,400,0.01
cluster,3606 PRT Tcf7l2 Gaba_1,400,0.01
cluster,1292 MEA-BST Lhx6 Nfib Gaba_2,399,0.01
cluster,0550 OB-in Frmd7 Gaba_3,398,0.01
cluster,2800 PAG Pou4f3 Glut_1,398,0.01
cluster,4971 MV Nkx6-1 Gly-Gaba_1,397,0.01
cluster,3601 PRT Tcf7l2 Gaba_1,396,0.01
cluster,1772 ZI Pax6 Gaba_8,396,0.01
cluster,0680 Sncg Gaba_5,396,0.01
cluster,0253 ENTmv-PA-COAp Glut_1,395,0.01
cluster,1213 MEA-BST Sox6 Gaba_5,394,0.01
cluster,1928 DMH Hmx2 Gaba_2,393,0.01
cluster,3792 SCs Lef1 Gli3 Gaba_1,393,0.01
cluster,0197 MEA Slc17a7 Glut_1,393,0.01
cluster,2670 TH Prkcd Grin2c Glut_8,393,0.01
cluster,2452 STN-PSTN Pitx2 Glut_4,392,0.01
cluster,0275 CA1-ProS Glut_2,391,0.01
cluster,2237 MPN-MPO-PVpo Hmx2 Glut_1,390,0.01
cluster,1174 LSX Sall3 Lmo1 Gaba_1,390,0.01
cluster,0176 IT AON-TT-DP Glut_3,389,0.01
cluster,3735 SCs Dmbx1 Gaba_4,389,0.01
cluster,2656 TH Prkcd Grin2c Glut_5,389,0.01
cluster,1121 LSX Prdm12 Slit2 Gaba_1,389,0.01
cluster,0973 STR D2 Gaba_2,387,0.01
cluster,0076 L4/5 IT CTX Glut_2,386,0.01
cluster,2527 PMd-LHA Foxb1 Glut_2,386,0.01
cluster,2935 SPA-SPFm-SPFp-POL-PIL-PoT Sp9 Glut_1,386,0.01
cluster,0392 SUB-ProS Glut_2,385,0.01
cluster,2904 PRC-PAG Tcf7l2 Irx2 Glut_1,385,0.01
cluster,2723 PF Fzd5 Glut_2,385,0.01
cluster,1363 CEA-AAA-BST Six3 Sp9 Gaba_4,384,0.009
cluster,0556 OB-in Frmd7 Gaba_4,384,0.009
cluster,3170 PAG Pou4f2 Glut_4,384,0.009
cluster,5233 Astro-OLF NN_2,384,0.009
cluster,3443 PAG-PPN Pax5 Sox21 Gaba_1,383,0.009
cluster,3686 SC-PAG Lef1 Emx2 Gaba_2,383,0.009
cluster,1356 CEA-AAA-BST Six3 Sp9 Gaba_2,382,0.009
cluster,1612 SCH Six6 Cdc14a Gaba_2,381,0.009
cluster,1634 PVHd-SBPV Six3 Prox1 Gaba_2,381,0.009
cluster,2023 COAa-PAA-MEA Barhl2 Glut_1,381,0.009
cluster,5104 NTS-PARN Neurod2 Gly-Gaba_4,381,0.009
cluster,2784 PAG-SC Neurod2 Meis2 Glut_1,381,0.009
cluster,2963 SPA-SPFm-SPFp-POL-PIL-PoT Sp9 Glut_4,380,0.009
cluster,4577 SPVC Mafa Glut_2,379,0.009
cluster,3478 IC Six3 En2 Gaba_2,378,0.009
cluster,0679 Sncg Gaba_5,378,0.009
cluster,0852 Sst Chodl Gaba_2,378,0.009
cluster,1372 CEA-AAA-BST Six3 Sp9 Gaba_8,377,0.009
cluster,2933 SPA-SPFm-SPFp-POL-PIL-PoT Sp9 Glut_1,377,0.009
cluster,5064 PARN-MDRNd-NTS Gbx2 Gly-Gaba_7,377,0.009
cluster,0957 STR D1 Gaba_5,376,0.009
cluster,2312 VMH Nr5a1 Glut_3,376,0.009
cluster,0284 CA1-ProS Glut_4,376,0.009
cluster,0423 L6b/CT ENT Glut_4,376,0.009
cluster,2643 CM-IAD-CL-PCN Sema5b Glut_4,376,0.009
cluster,0307 CA3 Glut_3,375,0.009
cluster,1271 MEA-BST Lhx6 Nr2e1 Gaba_1,374,0.009
cluster,2303 VMH Nr5a1 Glut_1,374,0.009
cluster,0235 LA-BLA-BMA-PA Glut_2,373,0.009
cluster,1605 SCH Six6 Cdc14a Gaba_1,371,0.009
cluster,3787 SC Tnnt1 Gli3 Gaba_2,371,0.009
cluster,3646 LGv-SPFp-SPFm Nkx2-2 Tcf7l2 Gaba_2,370,0.009
cluster,0685 Sncg Gaba_8,369,0.009
cluster,1403 CEA-BST Ebf1 Pdyn Gaba_6,368,0.009
cluster,2901 PRC-PAG Tcf7l2 Irx2 Glut_1,368,0.009
cluster,2474 PH-an Pitx2 Glut_1,367,0.009
cluster,2302 VMH Nr5a1 Glut_1,366,0.009
cluster,0198 MEA Slc17a7 Glut_1,366,0.009
cluster,0475 L5 NP CTX Glut_5,366,0.009
cluster,1617 SCH Six6 Cdc14a Gaba_3,365,0.009
cluster,1967 ARH-PVp Tbx3 Gaba_2,365,0.009
cluster,3200 PAG Pou4f2 Mesi2 Glut_6,365,0.009
cluster,3114 PAG Pou4f1 Ebf2 Glut_2,365,0.009
cluster,2848 APN C1ql4 Glut_1,365,0.009
cluster,1293 MEA-BST Lhx6 Nfib Gaba_2,364,0.009
cluster,2042 COAa-PAA-MEA Barhl2 Glut_7,364,0.009
cluster,0280 CA1-ProS Glut_3,363,0.009
cluster,3373 SCop Sln Glut_1,363,0.009
cluster,0858 Sst Chodl Gaba_4,363,0.009
cluster,1925 DMH Hmx2 Gaba_1,362,0.009
cluster,2464 PMv-TMv Pitx2 Glut_1,362,0.009
cluster,2201 SI-MA-LPO-LHA Skor1 Glut_8,362,0.009
cluster,0409 L6b EPd Glut_3,361,0.009
cluster,3216 SCig Foxb1 Glut_1,361,0.009
cluster,1155 LSX Prdm12 Zeb2 Gaba_1,361,0.009
cluster,0865 NDB-SI-MA-STRv Lhx8 Gaba_1,360,0.009
cluster,1333 CEA-BST Six3 Cyp26b1 Gaba_2,359,0.009
cluster,1774 ZI Pax6 Gaba_8,359,0.009
cluster,2276 ARH-PVp Tbx3 Glut_1,358,0.009
cluster,3212 SCig Foxb1 Glut_1,358,0.009
cluster,2685 TH Prkcd Grin2c Glut_13,358,0.009
cluster,1764 ZI Pax6 Gaba_7,357,0.009
cluster,3643 LGv-SPFp-SPFm Nkx2-2 Tcf7l2 Gaba_2,357,0.009
cluster,0574 OB-out Frmd7 Gaba_1,356,0.009
cluster,4756 PDTg-PCG Pax6 Gaba_4,356,0.009
cluster,3807 SCsg Gabrr2 Gaba_1,356,0.009
cluster,3829 IPN Otp Crisp1 Gaba_1,355,0.009
cluster,1820 PVHd-DMH Lhx6 Gaba_1,354,0.009
cluster,1257 MEA-BST Lhx6 Sp9 Gaba_5,353,0.009
cluster,1986 LGv-ZI Otx2 Gaba_5,353,0.009
cluster,0325 L2 IT PPP-APr Glut_2,353,0.009
cluster,1508 PVR Six3 Sox3 Gaba_2,351,0.009
cluster,1678 AHN-SBPV-PVHd Pdrm12 Gaba_7,351,0.009
cluster,1981 LGv-ZI Otx2 Gaba_4,351,0.009
cluster,3029 PAG-SC Pou4f1 Zic1 Glut_2,351,0.009
cluster,3062 PAG-MRN Tfap2b Glut_1,350,0.009
cluster,5205 DCO UBC Glut_1,350,0.009
cluster,1346 CEA-BST Six3 Cyp26b1 Gaba_6,349,0.009
cluster,2001 MEA-COA-BMA Ccdc42 Glut_1,349,0.009
cluster,2035 COAa-PAA-MEA Barhl2 Glut_5,349,0.009
cluster,3236 SCig Foxb1 Glut_4,349,0.009
cluster,2622 PVT-PT Ntrk1 Glut_2,349,0.009
cluster,1495 BST Tac2 Gaba_1,348,0.009
cluster,0022 IT EP-CLA Glut_4,346,0.009
cluster,1012 STR-PAL Chst9 Gaba_4,346,0.009
cluster,2430 STN-PSTN Pitx2 Glut_1,346,0.009
cluster,0254 ENTmv-PA-COAp Glut_1,346,0.009
cluster,2638 CM-IAD-CL-PCN Sema5b Glut_2,346,0.009
cluster,1657 AHN-SBPV-PVHd Pdrm12 Gaba_3,345,0.009
cluster,0418 L6b/CT ENT Glut_3,345,0.009
cluster,4780 DTN-LDT-IPN Otp Pax3 Gaba_2,345,0.009
cluster,0808 Sst Gaba_12,345,0.009
cluster,1786 ZI Pax6 Gaba_11,344,0.009
cluster,0126 L2/3 IT ENT Glut_2,344,0.009
cluster,2691 RE-Xi Nox4 Glut_1,344,0.009
cluster,1329 CEA-BST Six3 Cyp26b1 Gaba_1,343,0.008
cluster,2041 COAa-PAA-MEA Barhl2 Glut_7,343,0.008
cluster,3808 SCsg Gabrr2 Gaba_2,343,0.008
cluster,2912 PRC-PAG Tcf7l2 Irx2 Glut_2,343,0.008
cluster,0827 Sst Gaba_19,343,0.008
cluster,0849 Sst Chodl Gaba_2,343,0.008
cluster,1165 LSX Prdm12 Zeb2 Gaba_3,343,0.008
cluster,1707 AHN Onecut3 Gaba_2,342,0.008
cluster,2700 RE-Xi Nox4 Glut_3,342,0.008
cluster,2307 VMH Nr5a1 Glut_2,341,0.008
cluster,0304 CA3 Glut_2,341,0.008
cluster,0201 MEA Slc17a7 Glut_2,341,0.008
cluster,2905 PRC-PAG Tcf7l2 Irx2 Glut_1,341,0.008
cluster,5290 OEC NN_1,341,0.008
cluster,0990 STR D1 Sema5a Gaba_1,340,0.008
cluster,1247 MEA-BST Lhx6 Sp9 Gaba_2,340,0.008
cluster,3716 SCm-PAG Cdh23 Gaba_3,340,0.008
cluster,3750 SCs Pax7 Nfia Gaba_1,340,0.008
cluster,1131 LSX Prdm12 Slit2 Gaba_3,340,0.008
cluster,1606 SCH Six6 Cdc14a Gaba_1,339,0.008
cluster,2389 PH-ant-LHA Otp Bsx Glut_1,339,0.008
cluster,3157 PAG Pou4f2 Glut_2,339,0.008
cluster,3364 SCsg Pde5a Glut_2,339,0.008
cluster,0796 Sst Gaba_8,339,0.008
cluster,2583 MH Tac2 Glut_2,338,0.008
cluster,0637 Vip Gaba_4,338,0.008
cluster,0946 STR D1 Gaba_1,337,0.008
cluster,0614 OB-STR-CTX Inh IMN_4,337,0.008
cluster,1694 SBPV-PVa Six6 Satb2 Gaba_3,337,0.008
cluster,1839 TU-ARH Otp Six6 Gaba_1,337,0.008
cluster,0193 MEA Slc17a7 Glut_1,337,0.008
cluster,0151 L2/3 IT PIR-ENTl Glut_3,336,0.008
cluster,2102 LHA Barhl2 Glut_1,336,0.008
cluster,3684 SC-PAG Lef1 Emx2 Gaba_2,336,0.008
cluster,4985 PAS-MV Ebf2 Gly-Gaba_2,335,0.008
cluster,3130 PAG Pou4f1 Ebf2 Glut_4,335,0.008
cluster,0321 L2 IT PPP-APr Glut_1,335,0.008
cluster,0256 ENTmv-PA-COAp Glut_2,334,0.008
cluster,1662 AHN-SBPV-PVHd Pdrm12 Gaba_3,334,0.008
cluster,0769 Sst Gaba_3,334,0.008
cluster,0257 ENTmv-PA-COAp Glut_2,333,0.008
cluster,2383 PVH-SO-PVa Otp Glut_5,332,0.008
cluster,2666 TH Prkcd Grin2c Glut_7,332,0.008
cluster,1164 LSX Prdm12 Zeb2 Gaba_3,332,0.008
cluster,0389 SUB-ProS Glut_2,331,0.008
cluster,2721 PF Fzd5 Glut_2,331,0.008
cluster,5247 Tanycyte NN_2,331,0.008
cluster,1777 ZI Pax6 Gaba_9,330,0.008
cluster,2027 COAa-PAA-MEA Barhl2 Glut_3,330,0.008
cluster,2693 RE-Xi Nox4 Glut_1,330,0.008
cluster,1969 ARH-PVp Tbx3 Gaba_3,329,0.008
cluster,2401 PH-ant-LHA Otp Bsx Glut_3,329,0.008
cluster,0208 MEA Slc17a7 Glut_2,329,0.008
cluster,5237 Astroependymal NN_1,329,0.008
cluster,2484 PH Pitx2 Glut_1,328,0.008
cluster,2427 PH-ant-LHA Otp Bsx Glut_7,328,0.008
cluster,3816 SCsg Gabrr2 Gaba_3,327,0.008
cluster,3374 SCop Sln Glut_1,327,0.008
cluster,2509 PH-LHA Foxb1 Glut_3,326,0.008
cluster,3757 SCs Pax7 Nfia Gaba_3,326,0.008
cluster,0374 L5 ET CTX Glut_4,326,0.008
cluster,2684 TH Prkcd Grin2c Glut_13,326,0.008
cluster,0736 Pvalb Gaba_1,326,0.008
cluster,3668 LGv-SPFp-SPFm Nkx2-2 Tcf7l2 Gaba_7,325,0.008
cluster,3266 SCiw Pitx2 Glut_1,325,0.008
cluster,2686 TH Prkcd Grin2c Glut_13,325,0.008
cluster,1102 LSX Nkx2-1 Gaba_6,325,0.008
cluster,1220 MEA-BST Sox6 Gaba_6,324,0.008
cluster,2215 MEA-BST Otp Zic2 Glut_2,324,0.008
cluster,3755 SCs Pax7 Nfia Gaba_2,324,0.008
cluster,2682 TH Prkcd Grin2c Glut_12,324,0.008
cluster,3698 SC-PAG Lef1 Emx2 Gaba_4,323,0.008
cluster,0013 IT EP-CLA Glut_2,322,0.008
cluster,3732 SCs Dmbx1 Gaba_3,322,0.008
cluster,2706 MG-POL-SGN Nts Glut_1,322,0.008
cluster,1348 CEA-AAA-BST Six3 Sp9 Gaba_1,321,0.008
cluster,1243 MEA-BST Lhx6 Sp9 Gaba_1,321,0.008
cluster,0210 MEA Slc17a7 Glut_2,321,0.008
cluster,5106 NTS-PARN Neurod2 Gly-Gaba_4,321,0.008
cluster,1045 LSX Sall3 Pax6 Gaba_2,321,0.008
cluster,1193 MEA-BST Sox6 Gaba_2,320,0.008
cluster,2455 STN-PSTN Pitx2 Glut_5,320,0.008
cluster,3677 SC-PAG Lef1 Emx2 Gaba_1,320,0.008
cluster,3261 SCdg-PAG Tfap2b Glut_1,320,0.008
cluster,2704 MG-POL-SGN Nts Glut_1,320,0.008
cluster,0828 Sst Gaba_19,320,0.008
cluster,1281 MEA-BST Lhx6 Nfib Gaba_1,319,0.008
cluster,0947 STR D1 Gaba_1,319,0.008
cluster,0561 OB-in Frmd7 Gaba_5,319,0.008
cluster,0137 L2/3 IT ENT Glut_6,319,0.008
cluster,2428 PH-ant-LHA Otp Bsx Glut_7,319,0.008
cluster,2519 PH-LHA Foxb1 Glut_6,319,0.008
cluster,5169 DCO Il22 Gly-Gaba_1,319,0.008
cluster,0021 IT EP-CLA Glut_4,318,0.008
cluster,2393 PH-ant-LHA Otp Bsx Glut_1,318,0.008
cluster,3183 PAG Pou4f2 Mesi2 Glut_2,318,0.008
cluster,3214 SCig Foxb1 Glut_1,318,0.008
cluster,2712 PF Fzd5 Glut_1,318,0.008
cluster,3724 SCs Dmbx1 Gaba_1,317,0.008
cluster,0204 MEA Slc17a7 Glut_2,317,0.008
cluster,1117 LSX Prdm12 Slit2 Gaba_1,317,0.008
cluster,1758 ZI Pax6 Gaba_7,316,0.008
cluster,3377 SCop Sln Glut_1,316,0.008
cluster,5299 VLMC NN_1,316,0.008
cluster,0897 NDB-SI-MA-STRv Lhx8 Gaba_5,316,0.008
cluster,1185 LSX Sall3 Lmo1 Gaba_6,316,0.008
cluster,1759 ZI Pax6 Gaba_7,315,0.008
cluster,2015 COAa-PAA-MEA Barhl2 Glut_1,315,0.008
cluster,2642 CM-IAD-CL-PCN Sema5b Glut_3,315,0.008
cluster,5258 Ependymal NN_1,315,0.008
cluster,1977 LGv-ZI Otx2 Gaba_2,314,0.008
cluster,3310 IC Tfap2d Maf Glut_4,314,0.008
cluster,3207 SC Bnc2 Glut_3,314,0.008
cluster,5300 VLMC NN_2,314,0.008
cluster,2377 PVH-SO-PVa Otp Glut_3,313,0.008
cluster,2040 COAa-PAA-MEA Barhl2 Glut_6,313,0.008
cluster,1541 BST-MPN Six3 Nrgn Gaba_3,312,0.008
cluster,1690 SBPV-PVa Six6 Satb2 Gaba_2,312,0.008
cluster,2751 PRC-PAG Pax6 Glut_5,312,0.008
cluster,1647 AHN-SBPV-PVHd Pdrm12 Gaba_1,311,0.008
cluster,3815 SCsg Gabrr2 Gaba_3,311,0.008
cluster,3317 IC Tfap2d Maf Glut_6,311,0.008
cluster,0864 NDB-SI-MA-STRv Lhx8 Gaba_1,311,0.008
cluster,1291 MEA-BST Lhx6 Nfib Gaba_2,310,0.008
cluster,0554 OB-in Frmd7 Gaba_3,310,0.008
cluster,2274 ARH-PVp Tbx3 Glut_1,310,0.008
cluster,0657 Vip Gaba_9,310,0.008
cluster,1013 STR-PAL Chst9 Gaba_5,309,0.008
cluster,1703 AHN Onecut3 Gaba_1,309,0.008
cluster,2295 VMH Fezf1 Glut_2,309,0.008
cluster,2530 PMd-LHA Foxb1 Glut_2,309,0.008
cluster,2083 AVPV-MEPO-SFO Tbr1 Glut_2,309,0.008
cluster,0732 Pvalb chandelier Gaba_1,309,0.008
cluster,1007 STR-PAL Chst9 Gaba_2,308,0.008
cluster,1473 MPO-ADP Lhx8 Gaba_4,308,0.008
cluster,2861 PAG-MRN Pou3f1 Glut_1,308,0.008
cluster,1961 ARH-PVp Tbx3 Gaba_1,307,0.008
cluster,5166 RO-RPA Pkd2l1 Gaba_1,307,0.008
cluster,3378 SCop Sln Glut_1,307,0.008
cluster,5212 Astro-NT NN_1,307,0.008
cluster,0615 OB-STR-CTX Inh IMN_4,306,0.008
cluster,0162 L2/3 IT PIR-ENTl Glut_6,306,0.008
cluster,2217 MEA-BST Otp Zic2 Glut_3,305,0.008
cluster,0289 CA1-ProS Glut_5,305,0.008
cluster,5264 CHOR NN_1,305,0.008
cluster,1260 MEA-BST Lhx6 Sp9 Gaba_5,304,0.008
cluster,0015 IT EP-CLA Glut_2,304,0.008
cluster,4103 PCG-PRNr Vsx2 Nkx6-1 Glut_2,304,0.008
cluster,2296 VMH Fezf1 Glut_2,304,0.008
cluster,1620 DMH Prdm13 Gaba_1,304,0.008
cluster,4779 DTN-LDT-IPN Otp Pax3 Gaba_2,304,0.008
cluster,4976 MV Nkx6-1 Gly-Gaba_1,304,0.008
cluster,3201 PAG Pou4f2 Mesi2 Glut_6,304,0.008
cluster,2718 PF Fzd5 Glut_1,304,0.008
cluster,1642 PVHd-SBPV Six3 Prox1 Gaba_4,303,0.007
cluster,1894 PVpo-VMPO-MPN Hmx2 Gaba_2,302,0.007
cluster,2462 PMv-TMv Pitx2 Glut_1,302,0.007
cluster,2859 PAG-MRN Pou3f1 Glut_1,302,0.007
cluster,2679 TH Prkcd Grin2c Glut_11,302,0.007
cluster,2722 PF Fzd5 Glut_2,302,0.007
cluster,5251 Ependymal NN_1,301,0.007
cluster,3614 PRT Tcf7l2 Gaba_3,300,0.007
cluster,1983 LGv-ZI Otx2 Gaba_4,300,0.007
cluster,2324 LHA Pmch Glut_2,300,0.007
cluster,2026 COAa-PAA-MEA Barhl2 Glut_2,300,0.007
cluster,0270 CA1-ProS Glut_1,300,0.007
cluster,5167 DCO Il22 Gly-Gaba_1,300,0.007
cluster,3260 SCdg-PAG Tfap2b Glut_1,300,0.007
cluster,2149 SI-MA-LPO-LHA Skor1 Glut_2,299,0.007
cluster,0945 STR D1 Gaba_1,299,0.007
cluster,0846 Sst Chodl Gaba_1,299,0.007
cluster,1098 LSX Nkx2-1 Gaba_5,299,0.007
cluster,1215 MEA-BST Sox6 Gaba_5,298,0.007
cluster,0522 OB Meis2 Thsd7b Gaba_2,298,0.007
cluster,1483 MPN-MPO-LPO Lhx6 Zfhx3 Gaba_1,298,0.007
cluster,1787 DMH-LHA Gsx1 Gaba_1,298,0.007
cluster,1318 SI-MA-ACB Ebf1 Bnc2 Gaba_1,297,0.007
cluster,1539 BST-MPN Six3 Nrgn Gaba_1,297,0.007
cluster,1580 RT-ZI Gnb3 Gaba_1,297,0.007
cluster,1803 DMH-LHA Gsx1 Gaba_2,297,0.007
cluster,1805 DMH-LHA Gsx1 Gaba_2,297,0.007
cluster,3864 SNc-VTA-RAmb Foxa1 Dopa_4,297,0.007
cluster,0175 IT AON-TT-DP Glut_3,297,0.007
cluster,0354 L5 ET CTX Glut_1,297,0.007
cluster,2617 PVT-PT Ntrk1 Glut_1,297,0.007
cluster,5241 Astroependymal NN_3,297,0.007
cluster,0502 DG Glut_1,296,0.007
cluster,0018 IT EP-CLA Glut_3,296,0.007
cluster,0762 Sst Gaba_2,296,0.007
cluster,4187 LDT Vsx2 Nkx6-1 Nfib Glut_1,295,0.007
cluster,0370 L5 ET CTX Glut_4,295,0.007
cluster,0178 IT AON-TT-DP Glut_3,295,0.007
cluster,1088 LSX Nkx2-1 Gaba_3,294,0.007
cluster,3116 PAG Pou4f1 Ebf2 Glut_2,294,0.007
cluster,1540 BST-MPN Six3 Nrgn Gaba_2,293,0.007
cluster,0675 Sncg Gaba_3,293,0.007
cluster,3232 SCig Foxb1 Glut_3,292,0.007
cluster,3648 LGv-SPFp-SPFm Nkx2-2 Tcf7l2 Gaba_3,291,0.007
cluster,2628 PVT-PT Ntrk1 Glut_4,291,0.007
cluster,0681 Sncg Gaba_5,291,0.007
cluster,0260 ENTmv-PA-COAp Glut_3,290,0.007
cluster,3863 SNc-VTA-RAmb Foxa1 Dopa_4,290,0.007
cluster,0653 Vip Gaba_8,290,0.007
cluster,1191 MEA-BST Sox6 Gaba_1,289,0.007
cluster,2557 PH-SUM Foxa1 Glut_5,289,0.007
cluster,0322 L2 IT PPP-APr Glut_2,289,0.007
cluster,0836 STR Prox1 Lhx6 Gaba_2,289,0.007
cluster,4980 PAS-MV Ebf2 Gly-Gaba_1,288,0.007
cluster,2690 RE-Xi Nox4 Glut_1,288,0.007
cluster,1884 PVpo-VMPO-MPN Hmx2 Gaba_1,286,0.007
cluster,0123 L2/3 IT ENT Glut_1,286,0.007
cluster,3713 SCm-PAG Cdh23 Gaba_2,286,0.007
cluster,4990 PAS-MV Ebf2 Gly-Gaba_3,286,0.007
cluster,3259 SCdg-PAG Tfap2b Glut_1,286,0.007
cluster,0654 Vip Gaba_9,286,0.007
cluster,1259 MEA-BST Lhx6 Sp9 Gaba_5,285,0.007
cluster,0373 L5 ET CTX Glut_4,285,0.007
cluster,0871 NDB-SI-MA-STRv Lhx8 Gaba_2,285,0.007
cluster,1718 ZI Pax6 Gaba_1,284,0.007
cluster,3615 PRT Tcf7l2 Gaba_3,284,0.007
cluster,1769 ZI Pax6 Gaba_8,283,0.007
cluster,0277 CA1-ProS Glut_2,283,0.007
cluster,0356 L5 ET CTX Glut_1,283,0.007
cluster,0879 NDB-SI-MA-STRv Lhx8 Gaba_3,283,0.007
cluster,1561 BST-MPN Six3 Nrgn Gaba_6,282,0.007
cluster,1975 LGv-ZI Otx2 Gaba_1,282,0.007
cluster,2284 ARH-PVp Tbx3 Glut_5,282,0.007
cluster,2791 PAG-SC Neurod2 Meis2 Glut_4,282,0.007
cluster,1556 BST-MPN Six3 Nrgn Gaba_5,281,0.007
cluster,3331 CUN-PPN Evx2 Meis2 Glut_1,281,0.007
cluster,0893 NDB-SI-MA-STRv Lhx8 Gaba_5,281,0.007
cluster,1160 LSX Prdm12 Zeb2 Gaba_2,280,0.007
cluster,1687 SBPV-PVa Six6 Satb2 Gaba_1,279,0.007
cluster,1571 ARH-PVi Six6 Dopa-Gaba_1,279,0.007
cluster,0077 L4/5 IT CTX Glut_2,278,0.007
cluster,2448 STN-PSTN Pitx2 Glut_4,278,0.007
cluster,3008 PAG-SC Pou4f1 Zic1 Glut_1,278,0.007
cluster,3683 SC-PAG Lef1 Emx2 Gaba_2,278,0.007
cluster,0243 LA-BLA-BMA-PA Glut_4,278,0.007
cluster,3229 SCig Foxb1 Glut_3,278,0.007
cluster,1238 MEA-BST Lhx6 Sp9 Gaba_1,277,0.007
cluster,1849 TU-ARH Otp Six6 Gaba_2,277,0.007
cluster,3978 LDT-PCG Vsx2 Lhx4 Glut_1,277,0.007
cluster,3285 IC Tfap2d Maf Glut_1,277,0.007
cluster,1457 MPO-ADP Lhx8 Gaba_1,276,0.007
cluster,2520 PH-LHA Foxb1 Glut_7,276,0.007
cluster,2179 SI-MA-LPO-LHA Skor1 Glut_5,276,0.007
cluster,3995 LDT-PCG Vsx2 Lhx4 Glut_4,276,0.007
cluster,0258 ENTmv-PA-COAp Glut_2,276,0.007
cluster,0302 CA3 Glut_2,276,0.007
cluster,1828 PVHd-DMH Lhx6 Gaba_2,275,0.007
cluster,1978 LGv-ZI Otx2 Gaba_2,275,0.007
cluster,1848 TU-ARH Otp Six6 Gaba_2,275,0.007
cluster,3937 PB Lmx1a Glut_4,275,0.007
cluster,1061 LSX Otx2 Gaba_3,275,0.007
cluster,1345 CEA-BST Six3 Cyp26b1 Gaba_5,274,0.007
cluster,1852 TU-ARH Otp Six6 Gaba_2,274,0.007
cluster,1893 PVpo-VMPO-MPN Hmx2 Gaba_2,274,0.007
cluster,2270 DMH Hmx2 Glut_1,274,0.007
cluster,2471 PMv-TMv Pitx2 Glut_3,274,0.007
cluster,1862 TMd-DMH Foxd2 Gaba_1,274,0.007
cluster,4669 PRNc Prox1 Brs3 Gly-Gaba_1,274,0.007
cluster,3753 SCs Pax7 Nfia Gaba_2,274,0.007
cluster,3092 PAG Pou4f1 Bnc2 Glut_2,274,0.007
cluster,2300 VMH Fezf1 Glut_3,273,0.007
cluster,0490 OB Eomes Ms4a15 Glut_2,273,0.007
cluster,3803 SCsg Gabrr2 Gaba_1,273,0.007
cluster,0396 SUB-ProS Glut_3,273,0.007
cluster,2619 PVT-PT Ntrk1 Glut_1,273,0.007
cluster,1042 LSX Sall3 Pax6 Gaba_1,273,0.007
cluster,1311 MEA-BST Lhx6 Nfib Gaba_6,272,0.007
cluster,1037 NDB-SI-ant Prdm12 Gaba_1,272,0.007
cluster,1629 PVHd-SBPV Six3 Prox1 Gaba_1,272,0.007
cluster,2774 IF-RL-CLI-PAG Foxa1 Glut_2,272,0.007
cluster,0968 STR D2 Gaba_1,271,0.007
cluster,1867 TMd-DMH Foxd2 Gaba_1,271,0.007
cluster,2382 PVH-SO-PVa Otp Glut_5,271,0.007
cluster,2379 PVH-SO-PVa Otp Glut_4,271,0.007
cluster,3461 SNr Six3 Gaba_1,271,0.007
cluster,3616 PRT Tcf7l2 Gaba_3,271,0.007
cluster,3658 LGv-SPFp-SPFm Nkx2-2 Tcf7l2 Gaba_5,271,0.007
cluster,2906 PRC-PAG Tcf7l2 Irx2 Glut_1,271,0.007
cluster,1831 PVHd-DMH Lhx6 Gaba_3,270,0.007
cluster,1736 ZI Pax6 Gaba_3,270,0.007
cluster,2460 PMv-TMv Pitx2 Glut_1,270,0.007
cluster,3685 SC-PAG Lef1 Emx2 Gaba_2,270,0.007
cluster,2782 PAG-SC Neurod2 Meis2 Glut_1,270,0.007
cluster,1221 MEA-BST Sox6 Gaba_6,269,0.007
cluster,2365 PVH-SO-PVa Otp Glut_1,269,0.007
cluster,1683 SBPV-PVa Six6 Satb2 Gaba_1,268,0.007
cluster,2457 STN-PSTN Pitx2 Glut_6,268,0.007
cluster,5239 Astroependymal NN_1,268,0.007
cluster,1350 CEA-AAA-BST Six3 Sp9 Gaba_1,267,0.007
cluster,1745 ZI Pax6 Gaba_4,267,0.007
cluster,2036 COAa-PAA-MEA Barhl2 Glut_5,267,0.007
cluster,3794 SCs Lef1 Gli3 Gaba_2,267,0.007
cluster,3370 SCsg Pde5a Glut_3,267,0.007
cluster,1500 BST Tac2 Gaba_2,266,0.007
cluster,1616 SCH Six6 Cdc14a Gaba_3,265,0.007
cluster,1915 PVpo-VMPO-MPN Hmx2 Gaba_5,265,0.007
cluster,2439 STN-PSTN Pitx2 Glut_2,265,0.007
cluster,0472 L5 NP CTX Glut_4,265,0.007
cluster,1635 PVHd-SBPV Six3 Prox1 Gaba_2,264,0.007
cluster,4713 LDT-DTN Gata3 Nfix Gaba_2,264,0.007
cluster,0822 Sst Gaba_17,264,0.007
cluster,1095 LSX Nkx2-1 Gaba_4,264,0.007
cluster,1507 PVR Six3 Sox3 Gaba_1,263,0.007
cluster,0382 L5 ET CTX Glut_6,263,0.007
cluster,3123 PAG Pou4f1 Ebf2 Glut_3,263,0.007
cluster,1058 LSX Otx2 Gaba_3,263,0.007
cluster,1691 SBPV-PVa Six6 Satb2 Gaba_2,261,0.006
cluster,4449 CU-ECU-SPVI Foxb1 Glut_1,261,0.006
cluster,2414 PH-ant-LHA Otp Bsx Glut_5,261,0.006
cluster,3726 SCs Dmbx1 Gaba_1,261,0.006
cluster,4828 PRP Otp Gly-Gaba_3,261,0.006
cluster,3367 SCsg Pde5a Glut_3,261,0.006
cluster,1314 MEA-BST Lhx6 Nfib Gaba_6,260,0.006
cluster,0570 OB-out Frmd7 Gaba_1,260,0.006
cluster,2473 PMv-TMv Pitx2 Glut_3,260,0.006
cluster,2330 LHA-AHN-PVH Otp Trh Glut_2,260,0.006
cluster,3337 CUN-PPN Evx2 Meis2 Glut_2,259,0.006
cluster,3133 PAG Pou4f1 Ebf2 Glut_5,259,0.006
cluster,0834 STR Prox1 Lhx6 Gaba_2,259,0.006
cluster,1014 STR-PAL Chst9 Gaba_5,258,0.006
cluster,1338 CEA-BST Six3 Cyp26b1 Gaba_3,258,0.006
cluster,0948 STR D1 Gaba_2,258,0.006
cluster,0560 OB-in Frmd7 Gaba_5,258,0.006
cluster,1587 RT-ZI Gnb3 Gaba_2,258,0.006
cluster,1908 PVpo-VMPO-MPN Hmx2 Gaba_3,258,0.006
cluster,2363 AHN-RCH-LHA Otp Fezf1 Glut_6,258,0.006
cluster,0388 SUB-ProS Glut_2,258,0.006
cluster,3205 SC Bnc2 Glut_2,258,0.006
cluster,3215 SCig Foxb1 Glut_1,258,0.006
cluster,0983 STR D2 Gaba_5,257,0.006
cluster,2263 DMH Hmx2 Glut_1,257,0.006
cluster,2579 MH Tac2 Glut_1,257,0.006
cluster,4804 NLL Gata3 Gly-Gaba_1,257,0.006
cluster,2640 CM-IAD-CL-PCN Sema5b Glut_3,257,0.006
cluster,1106 LSX Nkx2-1 Gaba_7,257,0.006
cluster,1802 DMH-LHA Gsx1 Gaba_2,256,0.006
cluster,0188 L2 IT ENT-po Glut_2,256,0.006
cluster,4769 LDT-PCG St18 Gaba_1,256,0.006
cluster,1062 LSX Otx2 Gaba_3,256,0.006
cluster,1621 DMH Prdm13 Gaba_1,255,0.006
cluster,2214 MEA-BST Otp Zic2 Glut_2,255,0.006
cluster,0477 NP SUB Glut_1,255,0.006
cluster,4050 PB Evx2 Glut_4,255,0.006
cluster,3117 PAG Pou4f1 Ebf2 Glut_2,255,0.006
cluster,1146 LSX Prdm12 Slit2 Gaba_7,255,0.006
cluster,1017 IA Mgp Gaba_1,254,0.006
cluster,0586 OB Dopa-Gaba_1,254,0.006
cluster,0248 LA-BLA-BMA-PA Glut_5,254,0.006
cluster,1679 AHN-SBPV-PVHd Pdrm12 Gaba_7,254,0.006
cluster,5190 CBX MLI Megf11 Gaba_2,254,0.006
cluster,0604 OB-STR-CTX Inh IMN_2,253,0.006
cluster,0597 OB-STR-CTX Inh IMN_1,253,0.006
cluster,2309 VMH Nr5a1 Glut_2,253,0.006
cluster,4776 DTN-LDT-IPN Otp Pax3 Gaba_1,253,0.006
cluster,3360 SCop Pou4f2 Neurod2 Glut_1,253,0.006
cluster,2297 VMH Fezf1 Glut_2,252,0.006
cluster,2306 VMH Nr5a1 Glut_2,252,0.006
cluster,1240 MEA-BST Lhx6 Sp9 Gaba_1,251,0.006
cluster,0166 IT AON-TT-DP Glut_1,251,0.006
cluster,0282 CA1-ProS Glut_3,251,0.006
cluster,3032 PAG-SC Pou4f1 Zic1 Glut_2,251,0.006
cluster,0626 Vip Gaba_1,251,0.006
cluster,1509 PVR Six3 Sox3 Gaba_2,250,0.006
cluster,2497 PH Pitx2 Glut_2,250,0.006
cluster,2216 MEA-BST Otp Zic2 Glut_2,250,0.006
cluster,4752 PDTg-PCG Pax6 Gaba_1,250,0.006
cluster,4446 SPVI-SPVC Tlx3 Ebf3 Glut_7,250,0.006
cluster,3173 PAG Pou4f2 Glut_5,250,0.006
cluster,5236 Astro-OLF NN_3,250,0.006
cluster,1169 LSX Prdm12 Zeb2 Gaba_5,250,0.006
cluster,1367 CEA-AAA-BST Six3 Sp9 Gaba_4,249,0.006
cluster,1763 ZI Pax6 Gaba_7,249,0.006
cluster,1794 DMH-LHA Gsx1 Gaba_1,249,0.006
cluster,2459 STN-PSTN Pitx2 Glut_7,249,0.006
cluster,0404 L6b EPd Glut_1,249,0.006
cluster,0401 CA2-FC-IG Glut_2,249,0.006
cluster,0353 L5 ET CTX Glut_1,249,0.006
cluster,3245 SCig-an-PPT Foxb1 Glut_1,249,0.006
cluster,2252 MPN-MPO-PVpo Hmx2 Glut_4,248,0.006
cluster,0400 CA2-FC-IG Glut_2,248,0.006
cluster,4200 PG-TRN-LRN Fat2 Glut_1,248,0.006
cluster,5116 NTS-PARN Neurod2 Gly-Gaba_6,248,0.006
cluster,3301 IC Tfap2d Maf Glut_2,248,0.006
cluster,1337 CEA-BST Six3 Cyp26b1 Gaba_3,247,0.006
cluster,1217 MEA-BST Sox6 Gaba_5,247,0.006
cluster,2318 VMH Nr5a1 Glut_5,247,0.006
cluster,2559 PH-SUM Foxa1 Glut_6,247,0.006
cluster,0518 OB Meis2 Thsd7b Gaba_1,246,0.006
cluster,1280 MEA-BST Lhx6 Nr2e1 Gaba_3,246,0.006
cluster,1613 SCH Six6 Cdc14a Gaba_2,246,0.006
cluster,2283 ARH-PVp Tbx3 Glut_4,246,0.006
cluster,2013 MEA-COA-BMA Ccdc42 Glut_4,246,0.006
cluster,0309 CA3 Glut_3,246,0.006
cluster,1686 SBPV-PVa Six6 Satb2 Gaba_1,245,0.006
cluster,3737 SCs Dmbx1 Gaba_4,245,0.006
cluster,3728 SCs Dmbx1 Gaba_1,245,0.006
cluster,3221 SCig Foxb1 Glut_2,245,0.006
cluster,3176 PAG Pou4f2 Mesi2 Glut_1,245,0.006
cluster,2715 PF Fzd5 Glut_1,245,0.006
cluster,1295 MEA-BST Lhx6 Nfib Gaba_2,244,0.006
cluster,1610 SCH Six6 Cdc14a Gaba_1,244,0.006
cluster,2415 PH-ant-LHA Otp Bsx Glut_5,244,0.006
cluster,0252 ENTmv-PA-COAp Glut_1,244,0.006
cluster,0843 STR Lhx8 Gaba_2,244,0.006
cluster,0984 STR D2 Gaba_5,243,0.006
cluster,2322 LHA Pmch Glut_1,243,0.006
cluster,1830 PVHd-DMH Lhx6 Gaba_3,242,0.006
cluster,2384 PVH-SO-PVa Otp Glut_5,242,0.006
cluster,3986 LDT-PCG Vsx2 Lhx4 Glut_2,242,0.006
cluster,2946 SPA-SPFm-SPFp-POL-PIL-PoT Sp9 Glut_3,242,0.006
cluster,3203 SC Bnc2 Glut_1,242,0.006
cluster,1945 DMH Hmx2 Gaba_3,241,0.006
cluster,3129 PAG Pou4f1 Ebf2 Glut_4,241,0.006
cluster,2966 SPA-SPFm-SPFp-POL-PIL-PoT Sp9 Glut_5,241,0.006
cluster,2641 CM-IAD-CL-PCN Sema5b Glut_3,241,0.006
cluster,2922 PRC-PAG Tcf7l2 Irx2 Glut_5,241,0.006
cluster,0755 Pvalb Gaba_9,241,0.006
cluster,0908 NDB-SI-MA-STRv Lhx8 Gaba_8,241,0.006
cluster,0594 OB-STR-CTX Inh IMN_1,240,0.006
cluster,1611 SCH Six6 Cdc14a Gaba_2,240,0.006
cluster,1706 AHN Onecut3 Gaba_2,240,0.006
cluster,4758 PDTg Otp Shroom3 Gaba_1,240,0.006
cluster,1732 ZI Pax6 Gaba_3,239,0.006
cluster,2259 MPN-MPO-PVpo Hmx2 Glut_5,239,0.006
cluster,2272 DMH Hmx2 Glut_2,239,0.006
cluster,2161 SI-MA-LPO-LHA Skor1 Glut_3,239,0.006
cluster,0228 LA-BLA-BMA-PA Glut_1,239,0.006
cluster,3022 PAG-SC Pou4f1 Zic1 Glut_2,239,0.006
cluster,2937 SPA-SPFm-SPFp-POL-PIL-PoT Sp9 Glut_1,239,0.006
cluster,1077 LSX Nkx2-1 Gaba_2,239,0.006
cluster,1374 ACB-BST-FS D1 Gaba_1,238,0.006
cluster,1752 ZI Pax6 Gaba_6,238,0.006
cluster,1218 MEA-BST Sox6 Gaba_5,237,0.006
cluster,1091 LSX Nkx2-1 Gaba_3,237,0.006
cluster,1554 BST-MPN Six3 Nrgn Gaba_5,237,0.006
cluster,2931 SPA-SPFm-SPFp-POL-PIL-PoT Sp9 Glut_1,237,0.006
cluster,5249 Tanycyte NN_2,237,0.006
cluster,0892 NDB-SI-MA-STRv Lhx8 Gaba_4,237,0.006
cluster,0601 OB-STR-CTX Inh IMN_2,236,0.006
cluster,1735 ZI Pax6 Gaba_3,236,0.006
cluster,3064 PAG-MRN Tfap2b Glut_1,236,0.006
cluster,3165 PAG Pou4f2 Glut_3,236,0.006
cluster,3156 PAG Pou4f2 Glut_2,236,0.006
cluster,2923 PRC-PAG Tcf7l2 Irx2 Glut_5,236,0.006
cluster,0687 RHP-COA Ndnf Gaba_1,236,0.006
cluster,0907 NDB-SI-MA-STRv Lhx8 Gaba_8,236,0.006
cluster,1019 IA Mgp Gaba_2,235,0.006
cluster,0247 LA-BLA-BMA-PA Glut_5,235,0.006
cluster,2218 LHA-MEA Otp Glut_1,235,0.006
cluster,5234 Astro-OLF NN_2,235,0.006
cluster,1625 PVHd Gsc Gaba_1,234,0.006
cluster,0988 STR D2 Gaba_6,234,0.006
cluster,1591 RT-ZI Gnb3 Gaba_3,234,0.006
cluster,0498 HPF CR Glut_1,234,0.006
cluster,2606 LH Pou4f1 Sox1 Glut_3,234,0.006
cluster,3823 SCsg Gabrr2 Gaba_4,234,0.006
cluster,5107 NTS-PARN Neurod2 Gly-Gaba_4,234,0.006
cluster,3222 SCig Foxb1 Glut_2,234,0.006
cluster,0987 STR D2 Gaba_6,233,0.006
cluster,1204 MEA-BST Sox6 Gaba_3,233,0.006
cluster,1097 LSX Nkx2-1 Gaba_5,233,0.006
cluster,1784 ZI Pax6 Gaba_11,233,0.006
cluster,3821 SCsg Gabrr2 Gaba_4,233,0.006
cluster,2793 PAG-SC Neurod2 Meis2 Glut_4,233,0.006
cluster,1310 MEA-BST Lhx6 Nfib Gaba_5,232,0.006
cluster,0580 OB-mi Frmd7 Gaba_1,232,0.006
cluster,1631 PVHd-SBPV Six3 Prox1 Gaba_1,232,0.006
cluster,2349 AHN-RCH-LHA Otp Fezf1 Glut_2,232,0.006
cluster,1093 LSX Nkx2-1 Gaba_4,232,0.006
cluster,1740 ZI Pax6 Gaba_4,231,0.006
cluster,2314 VMH Nr5a1 Glut_4,231,0.006
cluster,1619 DMH Prdm13 Gaba_1,231,0.006
cluster,0194 MEA Slc17a7 Glut_1,231,0.006
cluster,1358 CEA-AAA-BST Six3 Sp9 Gaba_2,230,0.006
cluster,1655 AHN-SBPV-PVHd Pdrm12 Gaba_2,230,0.006
cluster,1702 AHN Onecut3 Gaba_1,230,0.006
cluster,1889 PVpo-VMPO-MPN Hmx2 Gaba_2,230,0.006
cluster,2588 MH Tac2 Glut_3,230,0.006
cluster,3451 PAG-PPN Pax5 Sox21 Gaba_2,230,0.006
cluster,0296 CA3 Glut_1,230,0.006
cluster,1139 LSX Prdm12 Slit2 Gaba_5,230,0.006
cluster,1033 NDB-SI-ant Prdm12 Gaba_1,230,0.006
cluster,1538 BST-MPN Six3 Nrgn Gaba_1,229,0.006
cluster,1818 PVHd-DMH Lhx6 Gaba_1,229,0.006
cluster,2371 PVH-SO-PVa Otp Glut_2,229,0.006
cluster,3414 MRN-PPN-CUN Pax8 Gaba_2,229,0.006
cluster,5108 NTS-PARN Neurod2 Gly-Gaba_5,229,0.006
cluster,0192 MEA Slc17a7 Glut_1,229,0.006
cluster,2942 SPA-SPFm-SPFp-POL-PIL-PoT Sp9 Glut_2,229,0.006
cluster,1268 MEA-BST Lhx6 Sp9 Gaba_7,228,0.006
cluster,1864 TMd-DMH Foxd2 Gaba_1,228,0.006
cluster,1624 DMH Prdm13 Gaba_2,228,0.006
cluster,2346 AHN-RCH-LHA Otp Fezf1 Glut_2,228,0.006
cluster,0207 MEA Slc17a7 Glut_2,228,0.006
cluster,5119 NTS-PARN Neurod2 Gly-Gaba_6,228,0.006
cluster,0881 NDB-SI-MA-STRv Lhx8 Gaba_3,228,0.006
cluster,1552 BST-MPN Six3 Nrgn Gaba_5,227,0.006
cluster,1020 IA Mgp Gaba_2,227,0.006
cluster,1791 DMH-LHA Gsx1 Gaba_1,227,0.006
cluster,1598 RT-ZI Gnb3 Gaba_4,227,0.006
cluster,3204 SC Bnc2 Glut_2,227,0.006
cluster,2220 LHA-MEA Otp Glut_1,227,0.006
cluster,3052 PAG-MRN Tfap2b Glut_1,227,0.006
cluster,3801 SCsg Gabrr2 Gaba_1,227,0.006
cluster,1440 SI-MPO-LPO Lhx8 Gaba_3,227,0.006
cluster,0940 OT D3 Folh1 Gaba_2,226,0.006
cluster,1728 ZI Pax6 Gaba_2,226,0.006
cluster,4181 IPN-LDT Vsx2 Nkx6-1 Glut_2,226,0.006
cluster,2160 SI-MA-LPO-LHA Skor1 Glut_3,226,0.006
cluster,4186 LDT Vsx2 Nkx6-1 Nfib Glut_1,226,0.006
cluster,1132 LSX Prdm12 Slit2 Gaba_3,225,0.006
cluster,0031 L5/6 IT TPE-ENT Glut_5,225,0.006
cluster,1973 LGv-ZI Otx2 Gaba_1,225,0.006
cluster,2409 PH-ant-LHA Otp Bsx Glut_4,225,0.006
cluster,2028 COAa-PAA-MEA Barhl2 Glut_3,225,0.006
cluster,3118 PAG Pou4f1 Ebf2 Glut_3,225,0.006
cluster,2955 SPA-SPFm-SPFp-POL-PIL-PoT Sp9 Glut_3,225,0.006
cluster,1641 PVHd-SBPV Six3 Prox1 Gaba_3,224,0.006
cluster,0618 OB-STR-CTX Inh IMN_5,224,0.006
cluster,1630 PVHd-SBPV Six3 Prox1 Gaba_1,224,0.006
cluster,2453 STN-PSTN Pitx2 Glut_5,224,0.006
cluster,2431 STN-PSTN Pitx2 Glut_1,224,0.006
cluster,0491 OB Eomes Ms4a15 Glut_2,224,0.006
cluster,2450 STN-PSTN Pitx2 Glut_4,223,0.006
cluster,3439 SNr-VTA Pax5 Npas1 Gaba_1,223,0.006
cluster,3819 SCsg Gabrr2 Gaba_3,223,0.006
cluster,4995 MV Pax6 Gly-Gaba_1,223,0.006
cluster,1639 PVHd-SBPV Six3 Prox1 Gaba_3,222,0.005
cluster,2525 PMd-LHA Foxb1 Glut_2,222,0.005
cluster,0789 Sst Gaba_6,222,0.005
cluster,1080 LSX Nkx2-1 Gaba_2,222,0.005
cluster,1050 LSX Otx2 Gaba_1,222,0.005
cluster,1233 MEA-BST Sox6 Gaba_9,221,0.005
cluster,0598 OB-STR-CTX Inh IMN_1,221,0.005
cluster,2250 MPN-MPO-PVpo Hmx2 Glut_3,221,0.005
cluster,1576 TMv-PMv Tbx3 Hist-Gaba_1,221,0.005
cluster,2290 VMH Fezf1 Glut_1,221,0.005
cluster,2410 PH-ant-LHA Otp Bsx Glut_4,221,0.005
cluster,0246 LA-BLA-BMA-PA Glut_5,221,0.005
cluster,1203 MEA-BST Sox6 Gaba_3,220,0.005
cluster,1313 MEA-BST Lhx6 Nfib Gaba_6,220,0.005
cluster,1684 SBPV-PVa Six6 Satb2 Gaba_1,220,0.005
cluster,1652 AHN-SBPV-PVHd Pdrm12 Gaba_2,220,0.005
cluster,2334 LHA-AHN-PVH Otp Trh Glut_3,220,0.005
cluster,4744 LDT-PCG-CS Gata3 Lhx1 Gaba_3,220,0.005
cluster,5200 CB Granule Glut_2,220,0.005
cluster,4433 SPVI-SPVC Tlx3 Ebf3 Glut_4,220,0.005
cluster,3359 SCop Pou4f2 Neurod2 Glut_1,220,0.005
cluster,2867 PAG-MRN Pou3f1 Glut_1,220,0.005
cluster,0913 NDB-SI-MA-STRv Lhx8 Gaba_10,220,0.005
cluster,1581 RT-ZI Gnb3 Gaba_1,219,0.005
cluster,2226 DMH Nkx2-4 Glut_2,219,0.005
cluster,3006 SPA-SPFm-SPFp-POL-PIL-PoT Sp9 Glut_12,219,0.005
cluster,2197 SI-MA-LPO-LHA Skor1 Glut_7,219,0.005
cluster,0372 L5 ET CTX Glut_4,219,0.005
cluster,5186 CBX Golgi Gly-Gaba_1,219,0.005
cluster,0765 Sst Gaba_2,218,0.005
cluster,1018 IA Mgp Gaba_1,218,0.005
cluster,2739 PRC-PAG Pax6 Glut_2,218,0.005
cluster,1549 BST-MPN Six3 Nrgn Gaba_4,218,0.005
cluster,1746 ZI Pax6 Gaba_4,218,0.005
cluster,1737 ZI Pax6 Gaba_3,218,0.005
cluster,2331 LHA-AHN-PVH Otp Trh Glut_2,218,0.005
cluster,2348 AHN-RCH-LHA Otp Fezf1 Glut_2,218,0.005
cluster,4796 DTN-LDT-IPN Otp Pax3 Gaba_5,218,0.005
cluster,3748 SCs Pax7 Nfia Gaba_1,218,0.005
cluster,3072 PAG-MRN Tfap2b Glut_2,218,0.005
cluster,1209 MEA-BST Sox6 Gaba_4,217,0.005
cluster,1290 MEA-BST Lhx6 Nfib Gaba_2,217,0.005
cluster,0519 OB Meis2 Thsd7b Gaba_1,217,0.005
cluster,1789 DMH-LHA Gsx1 Gaba_1,217,0.005
cluster,3910 MB-MY Tph2 Glut-Sero_6,217,0.005
cluster,0565 OB-in Frmd7 Gaba_6,216,0.005
cluster,2730 PRC-PAG Pax6 Glut_1,216,0.005
cluster,3818 SCsg Gabrr2 Gaba_3,216,0.005
cluster,5049 PARN-MDRNd-NTS Gbx2 Gly-Gaba_4,216,0.005
cluster,3012 PAG-SC Pou4f1 Zic1 Glut_1,216,0.005
cluster,3288 IC Tfap2d Maf Glut_1,216,0.005
cluster,1550 BST-MPN Six3 Nrgn Gaba_4,215,0.005
cluster,1590 RT-ZI Gnb3 Gaba_2,215,0.005
cluster,3333 CUN-PPN Evx2 Meis2 Glut_1,215,0.005
cluster,2585 MH Tac2 Glut_2,215,0.005
cluster,0261 CA1-ProS Glut_1,215,0.005
cluster,3499 IC Six3 En2 Gaba_5,215,0.005
cluster,3691 SC-PAG Lef1 Emx2 Gaba_3,215,0.005
cluster,3725 SCs Dmbx1 Gaba_1,215,0.005
cluster,5242 Astroependymal NN_3,215,0.005
cluster,1674 AHN-SBPV-PVHd Pdrm12 Gaba_6,214,0.005
cluster,2432 STN-PSTN Pitx2 Glut_1,214,0.005
cluster,2025 COAa-PAA-MEA Barhl2 Glut_2,214,0.005
cluster,3335 CUN-PPN Evx2 Meis2 Glut_1,214,0.005
cluster,4250 NTS Phox2b Glut_3,214,0.005
cluster,2821 CUN Evx2 Lhx2 Glut_2,214,0.005
cluster,2694 RE-Xi Nox4 Glut_2,214,0.005
cluster,1052 LSX Otx2 Gaba_2,214,0.005
cluster,1316 CEA-BST Gal Avp Gaba_1,213,0.005
cluster,2247 MPN-MPO-PVpo Hmx2 Glut_3,213,0.005
cluster,2291 VMH Fezf1 Glut_1,213,0.005
cluster,3730 SCs Dmbx1 Gaba_2,213,0.005
cluster,3692 SC-PAG Lef1 Emx2 Gaba_3,213,0.005
cluster,5014 PRP Gata3 Slc6a5 Gly-Gaba_1,213,0.005
cluster,3223 SCig Foxb1 Glut_2,213,0.005
cluster,3224 SCig Foxb1 Glut_2,213,0.005
cluster,4011 LDT-PCG Vsx2 Lhx4 Glut_7,212,0.005
cluster,5079 NTS-PARN Neurod2 Gly-Gaba_1,212,0.005
cluster,3199 PAG Pou4f2 Mesi2 Glut_5,212,0.005
cluster,2720 PF Fzd5 Glut_2,212,0.005
cluster,0725 Lamp5 Lhx6 Gaba_1,212,0.005
cluster,1189 MEA-BST Sox6 Gaba_1,211,0.005
cluster,3993 LDT-PCG Vsx2 Lhx4 Glut_4,211,0.005
cluster,2710 PF Fzd5 Glut_1,211,0.005
cluster,0704 RHP-COA Ndnf Gaba_6,211,0.005
cluster,1172 LSX Prdm12 Zeb2 Gaba_5,211,0.005
cluster,1357 CEA-AAA-BST Six3 Sp9 Gaba_2,210,0.005
cluster,0579 OB-mi Frmd7 Gaba_1,210,0.005
cluster,2405 PH-ant-LHA Otp Bsx Glut_3,210,0.005
cluster,2045 COAa-PAA-MEA Barhl2 Glut_7,210,0.005
cluster,0281 CA1-ProS Glut_3,210,0.005
cluster,5196 CBX Purkinje Gaba_2,210,0.005
cluster,5149 SPVI-SPVC Sall3 Lhx1 Gly-Gaba_1,210,0.005
cluster,5267 OPC NN_1,210,0.005
cluster,1002 STR-PAL Chst9 Gaba_1,209,0.005
cluster,1200 MEA-BST Sox6 Gaba_3,209,0.005
cluster,1676 AHN-SBPV-PVHd Pdrm12 Gaba_6,209,0.005
cluster,1664 AHN-SBPV-PVHd Pdrm12 Gaba_4,209,0.005
cluster,2352 AHN-RCH-LHA Otp Fezf1 Glut_3,209,0.005
cluster,0500 HPF CR Glut_1,209,0.005
cluster,3598 PRT Tcf7l2 Gaba_1,209,0.005
cluster,3644 LGv-SPFp-SPFm Nkx2-2 Tcf7l2 Gaba_2,209,0.005
cluster,1352 CEA-AAA-BST Six3 Sp9 Gaba_1,208,0.005
cluster,1222 MEA-BST Sox6 Gaba_6,208,0.005
cluster,1982 LGv-ZI Otx2 Gaba_4,208,0.005
cluster,4194 LDT Vsx2 Nkx6-1 Nfib Glut_2,208,0.005
cluster,1134 LSX Prdm12 Slit2 Gaba_3,208,0.005
cluster,1236 MEA-BST Sox6 Gaba_10,207,0.005
cluster,1562 BST-MPN Six3 Nrgn Gaba_6,207,0.005
cluster,2339 LHA-AHN-PVH Otp Trh Glut_5,207,0.005
cluster,3704 SCm-PAG Cdh23 Gaba_1,207,0.005
cluster,3752 SCs Pax7 Nfia Gaba_2,207,0.005
cluster,3099 PAG Pou4f1 Ebf2 Glut_1,207,0.005
cluster,3131 PAG Pou4f1 Ebf2 Glut_4,207,0.005
cluster,1125 LSX Prdm12 Slit2 Gaba_2,207,0.005
cluster,1408 CEA-BST Rai14 Pdyn Crh Gaba_1,206,0.005
cluster,0395 SUB-ProS Glut_3,206,0.005
cluster,3446 PAG-PPN Pax5 Sox21 Gaba_1,206,0.005
cluster,2924 PRC-PAG Tcf7l2 Irx2 Glut_5,206,0.005
cluster,2948 SPA-SPFm-SPFp-POL-PIL-PoT Sp9 Glut_3,206,0.005
cluster,1800 DMH-LHA Gsx1 Gaba_2,205,0.005
cluster,1578 TMv-PMv Tbx3 Hist-Gaba_2,205,0.005
cluster,3656 LGv-SPFp-SPFm Nkx2-2 Tcf7l2 Gaba_4,205,0.005
cluster,2968 SPA-SPFm-SPFp-POL-PIL-PoT Sp9 Glut_5,205,0.005
cluster,3186 PAG Pou4f2 Mesi2 Glut_2,205,0.005
cluster,3247 SCig-an-PPT Foxb1 Glut_1,205,0.005
cluster,0749 Pvalb Gaba_5,205,0.005
cluster,1149 LSX Prdm12 Zeb2 Gaba_1,205,0.005
cluster,1270 MEA-BST Lhx6 Nr2e1 Gaba_1,204,0.005
cluster,1570 ARH-PVi Six6 Dopa-Gaba_1,204,0.005
cluster,1489 MPN-MPO-LPO Lhx6 Zfhx3 Gaba_2,204,0.005
cluster,1914 PVpo-VMPO-MPN Hmx2 Gaba_5,204,0.005
cluster,3717 SCm-PAG Cdh23 Gaba_3,204,0.005
cluster,3174 PAG Pou4f2 Glut_5,204,0.005
cluster,4191 LDT Vsx2 Nkx6-1 Nfib Glut_1,203,0.005
cluster,3602 PRT Tcf7l2 Gaba_1,203,0.005
cluster,3469 IC Six3 En2 Gaba_1,203,0.005
cluster,3796 SCs Lef1 Gli3 Gaba_3,203,0.005
cluster,5010 PRP Gata3 Slc6a5 Gly-Gaba_1,203,0.005
cluster,3027 PAG-SC Pou4f1 Zic1 Glut_2,203,0.005
cluster,3258 SCdg-PAG Tfap2b Glut_1,203,0.005
cluster,1360 CEA-AAA-BST Six3 Sp9 Gaba_3,202,0.005
cluster,1513 PVR Six3 Sox3 Gaba_3,202,0.005
cluster,1585 RT-ZI Gnb3 Gaba_1,202,0.005
cluster,2304 VMH Nr5a1 Glut_1,202,0.005
cluster,3321 CUN-PPN Evx2 Meis2 Glut_1,202,0.005
cluster,3777 PRT Mecom Gaba_3,202,0.005
cluster,4707 LDT Fgf7 Gaba_1,202,0.005
cluster,4618 CS-RPO Meis2 Gaba_3,202,0.005
cluster,0316 CA3 Glut_5,202,0.005
cluster,0249 LA-BLA-BMA-PA Glut_6,202,0.005
cluster,5232 Astro-OLF NN_1,202,0.005
cluster,1023 IA Mgp Gaba_3,201,0.005
cluster,2535 PMd-LHA Foxb1 Glut_3,201,0.005
cluster,3826 SCsg Gabrr2 Gaba_5,201,0.005
cluster,0483 NP PPP Glut_1,201,0.005
cluster,5102 NTS-PARN Neurod2 Gly-Gaba_4,201,0.005
cluster,2711 PF Fzd5 Glut_1,201,0.005
cluster,0861 Sst Chodl Gaba_5,201,0.005
cluster,1234 MEA-BST Sox6 Gaba_9,200,0.005
cluster,1922 DMH Hmx2 Gaba_1,200,0.005
cluster,2313 VMH Nr5a1 Glut_3,200,0.005
cluster,2021 COAa-PAA-MEA Barhl2 Glut_1,200,0.005
cluster,2136 SI-MA-LPO-LHA Skor1 Glut_1,200,0.005
cluster,4706 LDT Fgf7 Gaba_1,200,0.005
cluster,3786 SC Tnnt1 Gli3 Gaba_2,200,0.005
cluster,4978 MV Nkx6-1 Gly-Gaba_2,200,0.005
cluster,3230 SCig Foxb1 Glut_3,200,0.005
cluster,2986 SPA-SPFm-SPFp-POL-PIL-PoT Sp9 Glut_7,200,0.005
cluster,2335 LHA-AHN-PVH Otp Trh Glut_3,199,0.005
cluster,3774 PRT Mecom Gaba_3,199,0.005
cluster,0297 CA3 Glut_1,199,0.005
cluster,5095 NTS-PARN Neurod2 Gly-Gaba_3,199,0.005
cluster,2852 APN C1ql4 Glut_1,199,0.005
cluster,3242 SCig-an-PPT Foxb1 Glut_1,199,0.005
cluster,5322 T cells NN_4,199,0.005
cluster,1141 LSX Prdm12 Slit2 Gaba_5,199,0.005
cluster,1325 SI-MA-ACB Ebf1 Bnc2 Gaba_3,198,0.005
cluster,2754 MB-ant-ve Dmrta2 Glut_1,198,0.005
cluster,3855 SNc-VTA-RAmb Foxa1 Dopa_3,198,0.005
cluster,2336 LHA-AHN-PVH Otp Trh Glut_3,198,0.005
cluster,0496 OB Eomes Ms4a15 Glut_5,198,0.005
cluster,2881 PAG-MRN Pou3f1 Glut_6,198,0.005
cluster,3898 MB-MY Tph2 Glut-Sero_3,198,0.005
cluster,5174 DCO Il22 Gly-Gaba_3,198,0.005
cluster,5259 Ependymal NN_1,198,0.005
cluster,5245 Tanycyte NN_2,198,0.005
cluster,1075 LSX Nkx2-1 Gaba_1,198,0.005
cluster,1645 PVHd-SBPV Six3 Prox1 Gaba_4,197,0.005
cluster,1701 AHN Onecut3 Gaba_1,197,0.005
cluster,1850 TU-ARH Otp Six6 Gaba_2,197,0.005
cluster,2079 AVPV-MEPO-SFO Tbr1 Glut_2,197,0.005
cluster,3693 SC-PAG Lef1 Emx2 Gaba_3,197,0.005
cluster,2792 PAG-SC Neurod2 Meis2 Glut_4,197,0.005
cluster,2979 SPA-SPFm-SPFp-POL-PIL-PoT Sp9 Glut_6,197,0.005
cluster,2716 PF Fzd5 Glut_1,197,0.005
cluster,0578 OB-out Frmd7 Gaba_3,196,0.005
cluster,1918 DMH Hmx2 Gaba_1,196,0.005
cluster,1927 DMH Hmx2 Gaba_1,196,0.005
cluster,1806 DMH-LHA Gsx1 Gaba_2,196,0.005
cluster,3862 SNc-VTA-RAmb Foxa1 Dopa_4,196,0.005
cluster,3697 SC-PAG Lef1 Emx2 Gaba_4,196,0.005
cluster,3086 PAG Pou4f1 Bnc2 Glut_1,196,0.005
cluster,2973 SPA-SPFm-SPFp-POL-PIL-PoT Sp9 Glut_5,196,0.005
cluster,2835 CUN Evx2 Lhx2 Glut_4,196,0.005
cluster,1370 CEA-AAA-BST Six3 Sp9 Gaba_7,195,0.005
cluster,3654 LGv-SPFp-SPFm Nkx2-2 Tcf7l2 Gaba_4,195,0.005
cluster,4432 SPVI-SPVC Tlx3 Ebf3 Glut_4,195,0.005
cluster,1826 PVHd-DMH Lhx6 Gaba_2,194,0.005
cluster,1583 RT-ZI Gnb3 Gaba_1,194,0.005
cluster,1916 PVpo-VMPO-MPN Hmx2 Gaba_5,194,0.005
cluster,2517 PH-LHA Foxb1 Glut_5,194,0.005
cluster,2133 SI-MA-LPO-LHA Skor1 Glut_1,194,0.005
cluster,1066 LSX Otx2 Gaba_4,194,0.005
cluster,0525 OB Meis2 Thsd7b Gaba_3,193,0.005
cluster,0557 OB-in Frmd7 Gaba_4,193,0.005
cluster,1685 SBPV-PVa Six6 Satb2 Gaba_1,193,0.005
cluster,0032 L5/6 IT TPE-ENT Glut_6,193,0.005
cluster,1979 LGv-ZI Otx2 Gaba_3,193,0.005
cluster,3024 PAG-SC Pou4f1 Zic1 Glut_2,193,0.005
cluster,0493 OB Eomes Ms4a15 Glut_3,193,0.005
cluster,4754 PDTg-PCG Pax6 Gaba_3,193,0.005
cluster,3761 PRT Mecom Gaba_1,193,0.005
cluster,2868 PAG-MRN Pou3f1 Glut_2,193,0.005
cluster,5277 COP NN_1,193,0.005
cluster,1085 LSX Nkx2-1 Gaba_2,193,0.005
cluster,1859 TU-ARH Otp Six6 Gaba_3,192,0.005
cluster,2308 VMH Nr5a1 Glut_2,192,0.005
cluster,2498 PH-LHA Foxb1 Glut_1,192,0.005
cluster,0487 OB Eomes Ms4a15 Glut_1,192,0.005
cluster,4938 MV-SPIV-PRP Dmbx1 Gly-Gaba_1,192,0.005
cluster,4587 SPVC Nmu Glut_1,192,0.005
cluster,2934 SPA-SPFm-SPFp-POL-PIL-PoT Sp9 Glut_1,192,0.005
cluster,5208 Astro-NT NN_1,192,0.005
cluster,0656 Vip Gaba_9,192,0.005
cluster,1212 MEA-BST Sox6 Gaba_5,191,0.005
cluster,0996 STR D1 Sema5a Gaba_2,191,0.005
cluster,2564 HY Gnrh1 Glut_1,191,0.005
cluster,1409 CEA-BST Rai14 Pdyn Crh Gaba_2,191,0.005
cluster,2411 PH-ant-LHA Otp Bsx Glut_4,191,0.005
cluster,3988 LDT-PCG Vsx2 Lhx4 Glut_3,191,0.005
cluster,3161 PAG Pou4f2 Glut_2,191,0.005
cluster,2899 PRC-PAG Tcf7l2 Irx2 Glut_1,191,0.005
cluster,1057 LSX Otx2 Gaba_3,191,0.005
cluster,3552 PAG-ND-PCG Onecut1 Gaba_3,190,0.005
cluster,1955 DMH Hmx2 Gaba_5,190,0.005
cluster,2258 MPN-MPO-PVpo Hmx2 Glut_5,190,0.005
cluster,2421 PH-ant-LHA Otp Bsx Glut_6,190,0.005
cluster,2329 LHA-AHN-PVH Otp Trh Glut_1,190,0.005
cluster,2153 SI-MA-LPO-LHA Skor1 Glut_2,190,0.005
cluster,2965 SPA-SPFm-SPFp-POL-PIL-PoT Sp9 Glut_5,190,0.005
cluster,3192 PAG Pou4f2 Mesi2 Glut_3,190,0.005
cluster,0772 Sst Gaba_3,190,0.005
cluster,1424 SI-MPO-LPO Lhx8 Gaba_1,190,0.005
cluster,0960 STR D1 Gaba_7,189,0.005
cluster,3719 SCm-PAG Cdh23 Gaba_3,189,0.005
cluster,1860 TU-ARH Otp Six6 Gaba_3,189,0.005
cluster,1808 DMH-LHA Gsx1 Gaba_2,189,0.005
cluster,2477 PH-an Pitx2 Glut_2,189,0.005
cluster,3275 SCiw Pitx2 Glut_2,189,0.005
cluster,0766 Sst Gaba_2,189,0.005
cluster,0905 NDB-SI-MA-STRv Lhx8 Gaba_7,189,0.005
cluster,1180 LSX Sall3 Lmo1 Gaba_3,189,0.005
cluster,1140 LSX Prdm12 Slit2 Gaba_5,189,0.005
cluster,2598 MH Tac2 Glut_5,188,0.005
cluster,3146 PAG Pou4f2 Glut_1,188,0.005
cluster,2857 PAG-MRN Pou3f1 Glut_1,188,0.005
cluster,1133 LSX Prdm12 Slit2 Gaba_3,188,0.005
cluster,1128 LSX Prdm12 Slit2 Gaba_2,188,0.005
cluster,1135 LSX Prdm12 Slit2 Gaba_3,188,0.005
cluster,1693 SBPV-PVa Six6 Satb2 Gaba_2,187,0.005
cluster,1649 AHN-SBPV-PVHd Pdrm12 Gaba_1,187,0.005
cluster,2298 VMH Fezf1 Glut_3,187,0.005
cluster,2417 PH-ant-LHA Otp Bsx Glut_5,187,0.005
cluster,3253 SCig Foxb1 Otx2 Glut_1,187,0.005
cluster,3422 MRN-VTN-PPN Pax5 Cdh23 Gaba_1,186,0.005
cluster,3617 PRT Tcf7l2 Gaba_3,186,0.005
cluster,2703 RE-Xi Nox4 Glut_4,186,0.005
cluster,2081 AVPV-MEPO-SFO Tbr1 Glut_2,185,0.005
cluster,3773 PRT Mecom Gaba_2,185,0.005
cluster,3009 PAG-SC Pou4f1 Zic1 Glut_1,185,0.005
cluster,2903 PRC-PAG Tcf7l2 Irx2 Glut_1,185,0.005
cluster,2714 PF Fzd5 Glut_1,185,0.005
cluster,3233 SCig Foxb1 Glut_3,185,0.005
cluster,5262 Ependymal NN_2,185,0.005
cluster,0877 NDB-SI-MA-STRv Lhx8 Gaba_2,185,0.005
cluster,1729 ZI Pax6 Gaba_2,184,0.005
cluster,1778 ZI Pax6 Gaba_9,184,0.005
cluster,4680 CS-PRNr-PCG Tmem163 Otp Gaba_1,184,0.005
cluster,4116 PCG-PRNr Vsx2 Nkx6-1 Glut_4,184,0.005
cluster,4297 NTS Phox2b Glut_9,184,0.005
cluster,2967 SPA-SPFm-SPFp-POL-PIL-PoT Sp9 Glut_5,184,0.005
cluster,0668 Sncg Gaba_1,184,0.005
cluster,3519 PAG-MRN-RN Foxa2 Gaba_2,183,0.005
cluster,1995 GPi Tbr1 Cngb3 Gaba-Glut_1,183,0.005
cluster,2602 LH Pou4f1 Sox1 Glut_2,183,0.005
cluster,1433 SI-MPO-LPO Lhx8 Gaba_2,183,0.005
cluster,0693 RHP-COA Ndnf Gaba_3,182,0.005
cluster,1265 MEA-BST Lhx6 Sp9 Gaba_7,182,0.005
cluster,1510 PVR Six3 Sox3 Gaba_2,182,0.005
cluster,3603 PRT Tcf7l2 Gaba_1,182,0.005
cluster,2316 VMH Nr5a1 Glut_4,182,0.005
cluster,3879 SNc-VTA-RAmb Foxa1 Dopa_8,182,0.005
cluster,4509 MV-SPIV Zic4 Neurod2 Glut_3,182,0.005
cluster,0357 L5 ET CTX Glut_1,182,0.005
cluster,3045 PAG-MRN Tfap2b Glut_1,182,0.005
cluster,3256 SCdg-PAG Tfap2b Glut_1,182,0.005
cluster,3147 PAG Pou4f2 Glut_1,182,0.005
cluster,3381 SCop Sln Glut_1,182,0.005
cluster,5318 DC NN_1,182,0.005
cluster,1254 MEA-BST Lhx6 Sp9 Gaba_4,181,0.004
cluster,1026 IA Mgp Gaba_5,181,0.004
cluster,1307 MEA-BST Lhx6 Nfib Gaba_5,181,0.004
cluster,1056 LSX Otx2 Gaba_3,181,0.004
cluster,2235 MPN-MPO-PVpo Hmx2 Glut_1,181,0.004
cluster,1926 DMH Hmx2 Gaba_1,181,0.004
cluster,2429 STN-PSTN Pitx2 Glut_1,181,0.004
cluster,3669 SC Otx2 Gcnt4 Gaba_1,181,0.004
cluster,3613 PRT Tcf7l2 Gaba_3,181,0.004
cluster,2627 PVT-PT Ntrk1 Glut_4,181,0.004
cluster,2956 SPA-SPFm-SPFp-POL-PIL-PoT Sp9 Glut_4,181,0.004
cluster,2962 SPA-SPFm-SPFp-POL-PIL-PoT Sp9 Glut_4,181,0.004
cluster,0955 STR D1 Gaba_5,180,0.004
cluster,1264 MEA-BST Lhx6 Sp9 Gaba_7,180,0.004
cluster,0595 OB-STR-CTX Inh IMN_1,180,0.004
cluster,0403 L6b EPd Glut_1,180,0.004
cluster,2224 LHA-MEA Otp Glut_2,180,0.004
cluster,1734 ZI Pax6 Gaba_3,180,0.004
cluster,1938 DMH Hmx2 Gaba_3,180,0.004
cluster,1946 DMH Hmx2 Gaba_4,180,0.004
cluster,2413 PH-ant-LHA Otp Bsx Glut_5,180,0.004
cluster,2817 CUN Evx2 Lhx2 Glut_1,180,0.004
cluster,3832 IPN Otp Crisp1 Gaba_2,180,0.004
cluster,3578 PAG-RN Nkx2-2 Otx1 Gaba_3,180,0.004
cluster,3681 SC-PAG Lef1 Emx2 Gaba_2,180,0.004
cluster,4590 SPVC Nmu Glut_1,180,0.004
cluster,3188 PAG Pou4f2 Mesi2 Glut_3,180,0.004
cluster,1231 MEA-BST Sox6 Gaba_8,179,0.004
cluster,1099 LSX Nkx2-1 Gaba_5,179,0.004
cluster,4248 NTS Phox2b Glut_3,179,0.004
cluster,5111 NTS-PARN Neurod2 Gly-Gaba_5,179,0.004
cluster,3090 PAG Pou4f1 Bnc2 Glut_2,179,0.004
cluster,2952 SPA-SPFm-SPFp-POL-PIL-PoT Sp9 Glut_3,179,0.004
cluster,2786 PAG-SC Neurod2 Meis2 Glut_2,179,0.004
cluster,0664 Sncg Gaba_1,179,0.004
cluster,1765 ZI Pax6 Gaba_7,178,0.004
cluster,2506 PH-LHA Foxb1 Glut_2,178,0.004
cluster,2767 IF-RL-CLI-PAG Foxa1 Glut_1,178,0.004
cluster,0187 L2 IT ENT-po Glut_1,178,0.004
cluster,3347 CUN-PPN Evx2 Meis2 Glut_4,178,0.004
cluster,3660 LGv-SPFp-SPFm Nkx2-2 Tcf7l2 Gaba_5,178,0.004
cluster,3689 SC-PAG Lef1 Emx2 Gaba_2,178,0.004
cluster,3159 PAG Pou4f2 Glut_2,178,0.004
cluster,2914 PRC-PAG Tcf7l2 Irx2 Glut_2,178,0.004
cluster,3189 PAG Pou4f2 Mesi2 Glut_3,178,0.004
cluster,0441 L6 CT CTX Glut_2,178,0.004
cluster,0695 RHP-COA Ndnf Gaba_3,178,0.004
cluster,1504 PVR Six3 Sox3 Gaba_1,177,0.004
cluster,1640 PVHd-SBPV Six3 Prox1 Gaba_3,177,0.004
cluster,1739 ZI Pax6 Gaba_4,177,0.004
cluster,2256 MPN-MPO-PVpo Hmx2 Glut_4,177,0.004
cluster,2112 LHA Barhl2 Glut_3,177,0.004
cluster,3861 SNc-VTA-RAmb Foxa1 Dopa_4,177,0.004
cluster,3938 PB Lmx1a Glut_4,177,0.004
cluster,3631 PRT Tcf7l2 Gaba_5,177,0.004
cluster,3707 SCm-PAG Cdh23 Gaba_1,177,0.004
cluster,4221 PRP-NI-PRNc-GRN Otp Glut_4,177,0.004
cluster,4152 PSV Pvalb Lhx2 Glut_3,177,0.004
cluster,3177 PAG Pou4f2 Mesi2 Glut_1,177,0.004
cluster,0688 RHP-COA Ndnf Gaba_1,177,0.004
cluster,1315 CEA-BST Gal Avp Gaba_1,176,0.004
cluster,0949 STR D1 Gaba_2,176,0.004
cluster,1643 PVHd-SBPV Six3 Prox1 Gaba_4,176,0.004
cluster,1688 SBPV-PVa Six6 Satb2 Gaba_2,176,0.004
cluster,1569 ARH-PVi Six6 Dopa-Gaba_1,176,0.004
cluster,2183 SI-MA-LPO-LHA Skor1 Glut_6,176,0.004
cluster,4795 DTN-LDT-IPN Otp Pax3 Gaba_5,176,0.004
cluster,3805 SCsg Gabrr2 Gaba_1,176,0.004
cluster,3171 PAG Pou4f2 Glut_4,176,0.004
cluster,1181 LSX Sall3 Lmo1 Gaba_3,176,0.004
cluster,1608 SCH Six6 Cdc14a Gaba_1,175,0.004
cluster,1776 ZI Pax6 Gaba_9,175,0.004
cluster,2024 COAa-PAA-MEA Barhl2 Glut_2,175,0.004
cluster,2603 LH Pou4f1 Sox1 Glut_2,175,0.004
cluster,4750 PDTg-PCG Pax6 Gaba_1,175,0.004
cluster,3812 SCsg Gabrr2 Gaba_2,175,0.004
cluster,3209 SC Bnc2 Glut_4,175,0.004
cluster,2702 RE-Xi Nox4 Glut_3,175,0.004
cluster,1432 SI-MPO-LPO Lhx8 Gaba_2,175,0.004
cluster,0512 DG-PIR Ex IMN_2,174,0.004
cluster,1555 BST-MPN Six3 Nrgn Gaba_5,174,0.004
cluster,1665 AHN-SBPV-PVHd Pdrm12 Gaba_4,174,0.004
cluster,1827 PVHd-DMH Lhx6 Gaba_2,174,0.004
cluster,2561 PH-SUM Foxa1 Glut_6,174,0.004
cluster,3857 SNc-VTA-RAmb Foxa1 Dopa_3,174,0.004
cluster,4133 PRNc-NI-SG-RPO Vsx2 Nr4a2 Glut_3,174,0.004
cluster,3572 PAG-RN Nkx2-2 Otx1 Gaba_3,174,0.004
cluster,3736 SCs Dmbx1 Gaba_4,174,0.004
cluster,5180 CB PLI Gly-Gaba_2,174,0.004
cluster,5040 PARN-MDRNd-NTS Gbx2 Gly-Gaba_3,174,0.004
cluster,2843 APN C1ql2 Glut_1,174,0.004
cluster,2960 SPA-SPFm-SPFp-POL-PIL-PoT Sp9 Glut_4,174,0.004
cluster,1208 MEA-BST Sox6 Gaba_4,173,0.004
cluster,0613 OB-STR-CTX Inh IMN_4,173,0.004
cluster,1267 MEA-BST Lhx6 Sp9 Gaba_7,173,0.004
cluster,2268 DMH Hmx2 Glut_1,173,0.004
cluster,4399 PGRN-PARN-MDRN Hoxb5 Glut_7,173,0.004
cluster,2540 PH-SUM Foxa1 Glut_2,173,0.004
cluster,3309 IC Tfap2d Maf Glut_4,173,0.004
cluster,2608 LH Pou4f1 Sox1 Glut_3,173,0.004
cluster,4209 PRP-NI-PRNc-GRN Otp Glut_2,173,0.004
cluster,4491 MV-SPIV Zic4 Neurod2 Glut_1,173,0.004
cluster,3315 IC Tfap2d Maf Glut_5,173,0.004
cluster,3227 SCig Foxb1 Glut_3,173,0.004
cluster,5295 ABC NN_1,173,0.004
cluster,1129 LSX Prdm12 Slit2 Gaba_2,173,0.004
cluster,1274 MEA-BST Lhx6 Nr2e1 Gaba_2,172,0.004
cluster,0577 OB-out Frmd7 Gaba_2,172,0.004
cluster,1726 ZI Pax6 Gaba_2,172,0.004
cluster,1627 PVHd-SBPV Six3 Prox1 Gaba_1,172,0.004
cluster,1237 MEA-BST Sox6 Gaba_10,172,0.004
cluster,2319 VMH Nr5a1 Glut_6,172,0.004
cluster,2095 AVPV-MEPO-SFO Tbr1 Glut_4,172,0.004
cluster,0186 L2 IT ENT-po Glut_1,172,0.004
cluster,2337 LHA-AHN-PVH Otp Trh Glut_4,172,0.004
cluster,3627 PRT Tcf7l2 Gaba_4,172,0.004
cluster,3452 PAG-PPN Pax5 Sox21 Gaba_3,172,0.004
cluster,3044 PAG-MRN Tfap2b Glut_1,172,0.004
cluster,2789 PAG-SC Neurod2 Meis2 Glut_2,172,0.004
cluster,5274 COP NN_1,172,0.004
cluster,1025 IA Mgp Gaba_5,171,0.004
cluster,1465 MPO-ADP Lhx8 Gaba_2,171,0.004
cluster,2262 MPN-MPO-PVpo Hmx2 Glut_6,171,0.004
cluster,1869 TMd-DMH Foxd2 Gaba_1,171,0.004
cluster,2511 PH-LHA Foxb1 Glut_3,171,0.004
cluster,2776 IF-RL-CLI-PAG Foxa1 Glut_3,171,0.004
cluster,2044 COAa-PAA-MEA Barhl2 Glut_7,171,0.004
cluster,2822 CUN Evx2 Lhx2 Glut_2,171,0.004
cluster,4790 DTN-LDT-IPN Otp Pax3 Gaba_4,171,0.004
cluster,3407 PPN-CUN-PCG Otp En1 Gaba_3,171,0.004
cluster,3623 PRT Tcf7l2 Gaba_4,171,0.004
cluster,2866 PAG-MRN Pou3f1 Glut_1,171,0.004
cluster,2632 PVT-PT Ntrk1 Glut_6,171,0.004
cluster,5265 CHOR NN_1,171,0.004
cluster,0750 Pvalb Gaba_5,171,0.004
cluster,1100 LSX Nkx2-1 Gaba_5,170,0.004
cluster,2251 MPN-MPO-PVpo Hmx2 Glut_3,170,0.004
cluster,1966 ARH-PVp Tbx3 Gaba_2,170,0.004
cluster,2736 PRC-PAG Pax6 Glut_2,170,0.004
cluster,4430 SPVI-SPVC Tlx3 Ebf3 Glut_3,170,0.004
cluster,0737 Pvalb Gaba_2,170,0.004
cluster,0651 Vip Gaba_7,170,0.004
cluster,1448 SI-MPO-LPO Lhx8 Gaba_4,170,0.004
cluster,1119 LSX Prdm12 Slit2 Gaba_1,170,0.004
cluster,0581 OB-mi Frmd7 Gaba_1,169,0.004
cluster,1760 ZI Pax6 Gaba_7,169,0.004
cluster,1704 AHN Onecut3 Gaba_1,169,0.004
cluster,1956 DMH Hmx2 Gaba_5,169,0.004
cluster,2182 SI-MA-LPO-LHA Skor1 Glut_6,169,0.004
cluster,2143 SI-MA-LPO-LHA Skor1 Glut_1,169,0.004
cluster,4579 SPVC Ccdc172 Glut_1,169,0.004
cluster,0694 RHP-COA Ndnf Gaba_3,169,0.004
cluster,1207 MEA-BST Sox6 Gaba_4,168,0.004
cluster,1968 ARH-PVp Tbx3 Gaba_3,168,0.004
cluster,3676 SC-PAG Lef1 Emx2 Gaba_1,168,0.004
cluster,0826 Sst Gaba_18,168,0.004
cluster,0874 NDB-SI-MA-STRv Lhx8 Gaba_2,168,0.004
cluster,1528 PVR Six3 Sox3 Gaba_8,167,0.004
cluster,1651 AHN-SBPV-PVHd Pdrm12 Gaba_2,167,0.004
cluster,1743 ZI Pax6 Gaba_4,167,0.004
cluster,1900 PVpo-VMPO-MPN Hmx2 Gaba_2,167,0.004
cluster,2043 COAa-PAA-MEA Barhl2 Glut_7,167,0.004
cluster,3718 SCm-PAG Cdh23 Gaba_3,167,0.004
cluster,2845 APN C1ql2 Glut_1,167,0.004
cluster,2808 PAG Pou4f3 Glut_2,167,0.004
cluster,3155 PAG Pou4f2 Glut_1,167,0.004
cluster,3195 PAG Pou4f2 Mesi2 Glut_4,167,0.004
cluster,1278 MEA-BST Lhx6 Nr2e1 Gaba_2,166,0.004
cluster,0696 RHP-COA Ndnf Gaba_3,166,0.004
cluster,1633 PVHd-SBPV Six3 Prox1 Gaba_2,166,0.004
cluster,1127 LSX Prdm12 Slit2 Gaba_2,166,0.004
cluster,3626 PRT Tcf7l2 Gaba_4,166,0.004
cluster,2370 PVH-SO-PVa Otp Glut_2,166,0.004
cluster,4021 PB Evx2 Glut_1,166,0.004
cluster,2138 SI-MA-LPO-LHA Skor1 Glut_1,166,0.004
cluster,4183 IPN-LDT Vsx2 Nkx6-1 Glut_2,166,0.004
cluster,3530 PAG-MRN-RN Foxa2 Gaba_4,166,0.004
cluster,3743 SC Lef1 Otx2 Gaba_1,166,0.004
cluster,4496 MV-SPIV Zic4 Neurod2 Glut_1,166,0.004
cluster,0308 CA3 Glut_3,166,0.004
cluster,5060 PARN-MDRNd-NTS Gbx2 Gly-Gaba_6,166,0.004
cluster,5112 NTS-PARN Neurod2 Gly-Gaba_5,166,0.004
cluster,2985 SPA-SPFm-SPFp-POL-PIL-PoT Sp9 Glut_7,166,0.004
cluster,1195 MEA-BST Sox6 Gaba_2,165,0.004
cluster,1289 MEA-BST Lhx6 Nfib Gaba_2,165,0.004
cluster,0508 DG Glut_3,165,0.004
cluster,1761 ZI Pax6 Gaba_7,165,0.004
cluster,1402 CEA-BST Ebf1 Pdyn Gaba_6,165,0.004
cluster,1401 CEA-BST Ebf1 Pdyn Gaba_5,165,0.004
cluster,2458 STN-PSTN Pitx2 Glut_6,165,0.004
cluster,3653 LGv-SPFp-SPFm Nkx2-2 Tcf7l2 Gaba_4,165,0.004
cluster,5122 SPVI-SPVC Sall3 Nfib Gly-Gaba_1,165,0.004
cluster,3213 SCig Foxb1 Glut_1,165,0.004
cluster,2630 PVT-PT Ntrk1 Glut_5,165,0.004
cluster,1783 ZI Pax6 Gaba_11,164,0.004
cluster,2332 LHA-AHN-PVH Otp Trh Glut_2,164,0.004
cluster,2360 AHN-RCH-LHA Otp Fezf1 Glut_5,164,0.004
cluster,4420 SPVI-SPVC Tlx3 Ebf3 Glut_2,164,0.004
cluster,0303 CA3 Glut_2,164,0.004
cluster,4591 SPVC Nmu Glut_1,164,0.004
cluster,5091 NTS-PARN Neurod2 Gly-Gaba_2,164,0.004
cluster,5073 NTS-PARN Neurod2 Gly-Gaba_1,164,0.004
cluster,3135 PAG Pou4f1 Ebf2 Glut_6,164,0.004
cluster,3220 SCig Foxb1 Glut_1,164,0.004
cluster,1178 LSX Sall3 Lmo1 Gaba_2,164,0.004
cluster,1381 ACB-BST-FS D1 Gaba_3,163,0.004
cluster,0974 STR D2 Gaba_2,163,0.004
cluster,1895 PVpo-VMPO-MPN Hmx2 Gaba_2,163,0.004
cluster,2158 SI-MA-LPO-LHA Skor1 Glut_3,163,0.004
cluster,1996 GPi Tbr1 Cngb3 Gaba-Glut_1,163,0.004
cluster,2913 PRC-PAG Tcf7l2 Irx2 Glut_2,163,0.004
cluster,0876 NDB-SI-MA-STRv Lhx8 Gaba_2,163,0.004
cluster,0917 NDB-SI-MA-STRv Lhx8 Gaba_13,162,0.004
cluster,1604 RT-ZI Gnb3 Gaba_5,162,0.004
cluster,2236 MPN-MPO-PVpo Hmx2 Glut_1,162,0.004
cluster,1842 TU-ARH Otp Six6 Gaba_1,162,0.004
cluster,3577 PAG-RN Nkx2-2 Otx1 Gaba_3,162,0.004
cluster,3549 PAG-ND-PCG Onecut1 Gaba_2,162,0.004
cluster,3766 PRT Mecom Gaba_1,162,0.004
cluster,3788 SC Tnnt1 Gli3 Gaba_2,162,0.004
cluster,3657 LGv-SPFp-SPFm Nkx2-2 Tcf7l2 Gaba_4,162,0.004
cluster,4310 NTS Mbnl3 Glut_1,162,0.004
cluster,4453 CU-ECU-SPVI Foxb1 Glut_1,162,0.004
cluster,3164 PAG Pou4f2 Glut_3,162,0.004
cluster,1186 LSX Sall3 Lmo1 Gaba_6,162,0.004
cluster,1192 MEA-BST Sox6 Gaba_2,161,0.004
cluster,2056 MS-SF Bsx Glut_1,161,0.004
cluster,1835 PVHd-DMH Lhx6 Gaba_4,161,0.004
cluster,2185 SI-MA-LPO-LHA Skor1 Glut_6,161,0.004
cluster,2196 SI-MA-LPO-LHA Skor1 Glut_7,161,0.004
cluster,2991 SPA-SPFm-SPFp-POL-PIL-PoT Sp9 Glut_8,161,0.004
cluster,3098 PAG Pou4f1 Bnc2 Glut_2,161,0.004
cluster,3166 PAG Pou4f2 Glut_3,161,0.004
cluster,1909 PVpo-VMPO-MPN Hmx2 Gaba_3,160,0.004
cluster,1692 SBPV-PVa Six6 Satb2 Gaba_2,160,0.004
cluster,1677 AHN-SBPV-PVHd Pdrm12 Gaba_6,160,0.004
cluster,2261 MPN-MPO-PVpo Hmx2 Glut_6,160,0.004
cluster,4012 LDT-PCG Vsx2 Lhx4 Glut_7,160,0.004
cluster,4015 LDT-PCG Vsx2 Lhx4 Glut_8,160,0.004
cluster,3597 PRT Tcf7l2 Gaba_1,160,0.004
cluster,3655 LGv-SPFp-SPFm Nkx2-2 Tcf7l2 Gaba_4,160,0.004
cluster,4657 PRNc Otp Gly-Gaba_4,160,0.004
cluster,3049 PAG-MRN Tfap2b Glut_1,160,0.004
cluster,0320 L2 IT PPP-APr Glut_1,160,0.004
cluster,1138 LSX Prdm12 Slit2 Gaba_4,160,0.004
cluster,1341 CEA-BST Six3 Cyp26b1 Gaba_4,159,0.004
cluster,1361 CEA-AAA-BST Six3 Sp9 Gaba_3,159,0.004
cluster,1742 ZI Pax6 Gaba_4,159,0.004
cluster,1891 PVpo-VMPO-MPN Hmx2 Gaba_2,159,0.004
cluster,1919 DMH Hmx2 Gaba_1,159,0.004
cluster,2299 VMH Fezf1 Glut_3,159,0.004
cluster,3412 MRN-PPN-CUN Pax8 Gaba_1,159,0.004
cluster,3705 SCm-PAG Cdh23 Gaba_1,159,0.004
cluster,4522 CBN Neurod2 Pvalb Glut_1,159,0.004
cluster,5146 SPVI-SPVC Sall3 Lhx1 Gly-Gaba_1,159,0.004
cluster,3303 IC Tfap2d Maf Glut_3,159,0.004
cluster,0319 L2 IT PPP-APr Glut_1,159,0.004
cluster,0966 STR D2 Gaba_1,158,0.004
cluster,1246 MEA-BST Lhx6 Sp9 Gaba_2,158,0.004
cluster,0563 OB-in Frmd7 Gaba_5,158,0.004
cluster,0575 OB-out Frmd7 Gaba_2,158,0.004
cluster,1708 AHN Onecut3 Gaba_2,158,0.004
cluster,1948 DMH Hmx2 Gaba_4,158,0.004
cluster,1762 ZI Pax6 Gaba_7,158,0.004
cluster,1877 PVpo-VMPO-MPN Hmx2 Gaba_1,158,0.004
cluster,1942 DMH Hmx2 Gaba_3,158,0.004
cluster,2286 DMH-LHA Vgll2 Glut_2,158,0.004
cluster,2248 MPN-MPO-PVpo Hmx2 Glut_3,158,0.004
cluster,3649 LGv-SPFp-SPFm Nkx2-2 Tcf7l2 Gaba_3,158,0.004
cluster,2908 PRC-PAG Tcf7l2 Irx2 Glut_2,158,0.004
cluster,1179 LSX Sall3 Lmo1 Gaba_2,158,0.004
cluster,0524 OB Meis2 Thsd7b Gaba_2,157,0.004
cluster,0590 OB Dopa-Gaba_2,157,0.004
cluster,1466 MPO-ADP Lhx8 Gaba_3,157,0.004
cluster,1563 BST-MPN Six3 Nrgn Gaba_6,157,0.004
cluster,1912 PVpo-VMPO-MPN Hmx2 Gaba_5,157,0.004
cluster,1941 DMH Hmx2 Gaba_3,157,0.004
cluster,1804 DMH-LHA Gsx1 Gaba_2,157,0.004
cluster,2228 DMH Nkx2-4 Glut_2,157,0.004
cluster,2555 PH-SUM Foxa1 Glut_5,157,0.004
cluster,3575 PAG-RN Nkx2-2 Otx1 Gaba_3,157,0.004
cluster,3493 IC Six3 En2 Gaba_4,157,0.004
cluster,3500 IC Six3 En2 Gaba_5,157,0.004
cluster,3574 PAG-RN Nkx2-2 Otx1 Gaba_3,157,0.004
cluster,0397 SUB-ProS Glut_3,157,0.004
cluster,4527 NTS Dbh Glut_1,157,0.004
cluster,1006 STR-PAL Chst9 Gaba_2,156,0.004
cluster,0599 OB-STR-CTX Inh IMN_1,156,0.004
cluster,1545 BST-MPN Six3 Nrgn Gaba_3,156,0.004
cluster,2554 PH-SUM Foxa1 Glut_5,156,0.004
cluster,0494 OB Eomes Ms4a15 Glut_4,156,0.004
cluster,3687 SC-PAG Lef1 Emx2 Gaba_2,156,0.004
cluster,2794 PAG-SC Neurod2 Meis2 Glut_4,156,0.004
cluster,2984 SPA-SPFm-SPFp-POL-PIL-PoT Sp9 Glut_7,156,0.004
cluster,0773 Sst Gaba_3,156,0.004
cluster,2368 PVH-SO-PVa Otp Glut_1,155,0.004
cluster,2031 COAa-PAA-MEA Barhl2 Glut_3,155,0.004
cluster,3334 CUN-PPN Evx2 Meis2 Glut_1,155,0.004
cluster,1989 BST-po Iigp1 Glut_1,155,0.004
cluster,4765 LDT-PCG St18 Gaba_1,155,0.004
cluster,4189 LDT Vsx2 Nkx6-1 Nfib Glut_1,155,0.004
cluster,4757 PDTg-PCG Pax6 Gaba_4,155,0.004
cluster,3663 LGv-SPFp-SPFm Nkx2-2 Tcf7l2 Gaba_6,155,0.004
cluster,3023 PAG-SC Pou4f1 Zic1 Glut_2,155,0.004
cluster,3000 SPA-SPFm-SPFp-POL-PIL-PoT Sp9 Glut_10,155,0.004
cluster,1354 CEA-AAA-BST Six3 Sp9 Gaba_2,154,0.004
cluster,1272 MEA-BST Lhx6 Nr2e1 Gaba_1,154,0.004
cluster,1768 ZI Pax6 Gaba_8,154,0.004
cluster,1397 CEA-BST Ebf1 Pdyn Gaba_4,154,0.004
cluster,2257 MPN-MPO-PVpo Hmx2 Glut_5,154,0.004
cluster,1797 DMH-LHA Gsx1 Gaba_2,154,0.004
cluster,2489 PH Pitx2 Glut_2,154,0.004
cluster,3858 SNc-VTA-RAmb Foxa1 Dopa_3,154,0.004
cluster,2105 LHA Barhl2 Glut_1,154,0.004
cluster,4325 PGRN-PARN-MDRN Hoxb5 Glut_1,154,0.004
cluster,3759 SCs Pax7 Nfia Gaba_5,154,0.004
cluster,3607 PRT Tcf7l2 Gaba_2,154,0.004
cluster,4546 NTS Dbh Glut_3,154,0.004
cluster,4511 MV-SPIV Zic4 Neurod2 Glut_4,154,0.004
cluster,5189 CBX MLI Megf11 Gaba_1,154,0.004
cluster,1505 PVR Six3 Sox3 Gaba_1,153,0.004
cluster,1615 SCH Six6 Cdc14a Gaba_3,153,0.004
cluster,1738 ZI Pax6 Gaba_3,153,0.004
cluster,1937 DMH Hmx2 Gaba_3,153,0.004
cluster,2381 PVH-SO-PVa Otp Glut_4,153,0.004
cluster,4753 PDTg-PCG Pax6 Gaba_2,153,0.004
cluster,4262 NTS Phox2b Glut_4,153,0.004
cluster,5170 DCO Il22 Gly-Gaba_1,153,0.004
cluster,5065 PARN-MDRNd-NTS Gbx2 Gly-Gaba_7,153,0.004
cluster,1059 LSX Otx2 Gaba_3,153,0.004
cluster,1568 BST-MPN Six3 Nrgn Gaba_7,152,0.004
cluster,1751 ZI Pax6 Gaba_5,152,0.004
cluster,2772 IF-RL-CLI-PAG Foxa1 Glut_2,152,0.004
cluster,2403 PH-ant-LHA Otp Bsx Glut_3,152,0.004
cluster,2020 COAa-PAA-MEA Barhl2 Glut_1,152,0.004
cluster,4007 LDT-PCG Vsx2 Lhx4 Glut_6,152,0.004
cluster,4131 PRNc-NI-SG-RPO Vsx2 Nr4a2 Glut_2,152,0.004
cluster,4124 PRNc-NI-SG-RPO Vsx2 Nr4a2 Glut_1,152,0.004
cluster,4829 PRP Otp Gly-Gaba_3,152,0.004
cluster,2909 PRC-PAG Tcf7l2 Irx2 Glut_2,152,0.004
cluster,1205 MEA-BST Sox6 Gaba_4,151,0.004
cluster,1224 MEA-BST Sox6 Gaba_6,151,0.004
cluster,1429 SI-MPO-LPO Lhx8 Gaba_2,151,0.004
cluster,2505 PH-LHA Foxb1 Glut_2,151,0.004
cluster,3853 SNc-VTA-RAmb Foxa1 Dopa_3,151,0.004
cluster,3583 PAG-RN Nkx2-2 Otx1 Gaba_3,151,0.004
cluster,5074 NTS-PARN Neurod2 Gly-Gaba_1,151,0.004
cluster,3046 PAG-MRN Tfap2b Glut_1,151,0.004
cluster,3122 PAG Pou4f1 Ebf2 Glut_3,151,0.004
cluster,3143 PAG Pou4f2 Glut_1,151,0.004
cluster,2849 APN C1ql4 Glut_1,151,0.004
cluster,1334 CEA-BST Six3 Cyp26b1 Gaba_2,150,0.004
cluster,1713 AHN Onecut3 Gaba_3,150,0.004
cluster,1628 PVHd-SBPV Six3 Prox1 Gaba_1,150,0.004
cluster,1584 RT-ZI Gnb3 Gaba_1,150,0.004
cluster,2278 ARH-PVp Tbx3 Glut_2,150,0.004
cluster,1845 TU-ARH Otp Six6 Gaba_2,150,0.004
cluster,2451 STN-PSTN Pitx2 Glut_4,150,0.004
cluster,4789 DTN-LDT-IPN Otp Pax3 Gaba_3,150,0.004
cluster,0267 CA1-ProS Glut_1,150,0.004
cluster,3706 SCm-PAG Cdh23 Gaba_1,150,0.004
cluster,4625 CS-RPO Meis2 Gaba_4,150,0.004
cluster,5158 SPVI-SPVC Sall3 Lhx1 Gly-Gaba_2,150,0.004
cluster,2870 PAG-MRN Pou3f1 Glut_4,150,0.004
cluster,1223 MEA-BST Sox6 Gaba_6,149,0.004
cluster,1301 MEA-BST Lhx6 Nfib Gaba_4,149,0.004
cluster,1302 MEA-BST Lhx6 Nfib Gaba_4,149,0.004
cluster,1667 AHN-SBPV-PVHd Pdrm12 Gaba_4,149,0.004
cluster,4588 SPVC Nmu Glut_1,149,0.004
cluster,3281 SCiw Pitx2 Glut_3,149,0.004
cluster,0895 NDB-SI-MA-STRv Lhx8 Gaba_5,149,0.004
cluster,0896 NDB-SI-MA-STRv Lhx8 Gaba_5,149,0.004
cluster,0860 Sst Chodl Gaba_5,149,0.004
cluster,0527 OB Meis2 Thsd7b Gaba_5,148,0.004
cluster,1650 AHN-SBPV-PVHd Pdrm12 Gaba_1,148,0.004
cluster,1322 SI-MA-ACB Ebf1 Bnc2 Gaba_2,148,0.004
cluster,2463 PMv-TMv Pitx2 Glut_1,148,0.004
cluster,3844 SNc-VTA-RAmb Foxa1 Dopa_1,148,0.004
cluster,3989 LDT-PCG Vsx2 Lhx4 Glut_3,148,0.004
cluster,3366 SCsg Pde5a Glut_3,148,0.004
cluster,0690 RHP-COA Ndnf Gaba_2,148,0.004
cluster,1906 PVpo-VMPO-MPN Hmx2 Gaba_3,147,0.004
cluster,1416 BST-SI-AAA Six3 Slc22a3 Gaba_2,147,0.004
cluster,1901 PVpo-VMPO-MPN Hmx2 Gaba_2,147,0.004
cluster,2745 PRC-PAG Pax6 Glut_3,147,0.004
cluster,2445 STN-PSTN Pitx2 Glut_3,147,0.004
cluster,2361 AHN-RCH-LHA Otp Fezf1 Glut_6,147,0.004
cluster,2145 SI-MA-LPO-LHA Skor1 Glut_1,147,0.004
cluster,3471 IC Six3 En2 Gaba_1,147,0.004
cluster,4813 PRP Otp Gly-Gaba_1,147,0.004
cluster,5148 SPVI-SPVC Sall3 Lhx1 Gly-Gaba_1,147,0.004
cluster,3219 SCig Foxb1 Glut_1,147,0.004
cluster,0870 NDB-SI-MA-STRv Lhx8 Gaba_2,147,0.004
cluster,1228 MEA-BST Sox6 Gaba_7,146,0.004
cluster,1566 BST-MPN Six3 Nrgn Gaba_7,146,0.004
cluster,1636 PVHd-SBPV Six3 Prox1 Gaba_2,146,0.004
cluster,2277 ARH-PVp Tbx3 Glut_1,146,0.004
cluster,2399 PH-ant-LHA Otp Bsx Glut_2,146,0.004
cluster,4969 NTS-MDRNd Prox1 Zic1 Gly-Gaba_2,146,0.004
cluster,4997 MV Pax6 Gly-Gaba_1,146,0.004
cluster,5070 IRN Dmbx1 Pax2 Gly-Gaba_1,146,0.004
cluster,5150 SPVI-SPVC Sall3 Lhx1 Gly-Gaba_1,146,0.004
cluster,3128 PAG Pou4f1 Ebf2 Glut_4,146,0.004
cluster,1074 LSX Nkx2-1 Gaba_1,146,0.004
cluster,1536 PVR Six3 Sox3 Gaba_9,145,0.004
cluster,1560 BST-MPN Six3 Nrgn Gaba_6,145,0.004
cluster,2386 PVH-SO-PVa Otp Glut_6,145,0.004
cluster,2002 MEA-COA-BMA Ccdc42 Glut_1,145,0.004
cluster,4085 PB Evx2 Glut_9,145,0.004
cluster,3421 MRN-VTN-PPN Pax5 Cdh23 Gaba_1,145,0.004
cluster,0305 CA3 Glut_2,145,0.004
cluster,5100 NTS-PARN Neurod2 Gly-Gaba_4,145,0.004
cluster,5090 NTS-PARN Neurod2 Gly-Gaba_2,145,0.004
cluster,3031 PAG-SC Pou4f1 Zic1 Glut_2,145,0.004
cluster,3127 PAG Pou4f1 Ebf2 Glut_4,145,0.004
cluster,0774 Sst Gaba_3,145,0.004
cluster,1171 LSX Prdm12 Zeb2 Gaba_5,145,0.004
cluster,0551 OB-in Frmd7 Gaba_3,144,0.004
cluster,1821 PVHd-DMH Lhx6 Gaba_2,144,0.004
cluster,1589 RT-ZI Gnb3 Gaba_2,144,0.004
cluster,2400 PH-ant-LHA Otp Bsx Glut_2,144,0.004
cluster,2022 COAa-PAA-MEA Barhl2 Glut_1,144,0.004
cluster,3744 SC Lef1 Otx2 Gaba_1,144,0.004
cluster,3054 PAG-MRN Tfap2b Glut_1,144,0.004
cluster,3144 PAG Pou4f2 Glut_1,144,0.004
cluster,1285 MEA-BST Lhx6 Nfib Gaba_1,143,0.004
cluster,1882 PVpo-VMPO-MPN Hmx2 Gaba_1,143,0.004
cluster,1712 AHN Onecut3 Gaba_3,143,0.004
cluster,1482 MPO-ADP Lhx8 Gaba_5,143,0.004
cluster,1943 DMH Hmx2 Gaba_3,143,0.004
cluster,2075 AVPV-MEPO-SFO Tbr1 Glut_1,143,0.004
cluster,2522 PMd-LHA Foxb1 Glut_1,143,0.004
cluster,2418 PH-ant-LHA Otp Bsx Glut_5,143,0.004
cluster,3637 LGv-SPFp-SPFm Nkx2-2 Tcf7l2 Gaba_1,143,0.004
cluster,0399 CA2-FC-IG Glut_1,143,0.004
cluster,3096 PAG Pou4f1 Bnc2 Glut_2,143,0.004
cluster,3206 SC Bnc2 Glut_3,143,0.004
cluster,0775 Sst Gaba_3,143,0.004
cluster,1516 PVR Six3 Sox3 Gaba_4,143,0.004
cluster,1252 MEA-BST Lhx6 Sp9 Gaba_3,142,0.004
cluster,1211 MEA-BST Sox6 Gaba_4,142,0.004
cluster,1390 CEA-BST Ebf1 Pdyn Gaba_3,142,0.004
cluster,1809 DMH-LHA Gsx1 Gaba_2,142,0.004
cluster,2433 STN-PSTN Pitx2 Glut_1,142,0.004
cluster,2125 ADP-MPO Trp73 Glut_2,142,0.004
cluster,3322 CUN-PPN Evx2 Meis2 Glut_1,142,0.004
cluster,4557 IO Fgl2 Glut_1,142,0.004
cluster,4170 PB-NTS Phox2b Ebf3 Lmx1b Glut_2,142,0.004
cluster,2853 APN C1ql4 Glut_1,142,0.004
cluster,2701 RE-Xi Nox4 Glut_3,142,0.004
cluster,0848 Sst Chodl Gaba_1,142,0.004
cluster,1137 LSX Prdm12 Slit2 Gaba_4,142,0.004
cluster,1048 LSX Sall3 Pax6 Gaba_2,142,0.004
cluster,1258 MEA-BST Lhx6 Sp9 Gaba_5,141,0.003
cluster,1773 ZI Pax6 Gaba_8,141,0.003
cluster,2085 AVPV-MEPO-SFO Tbr1 Glut_3,141,0.003
cluster,2338 LHA-AHN-PVH Otp Trh Glut_4,141,0.003
cluster,2167 SI-MA-LPO-LHA Skor1 Glut_4,141,0.003
cluster,4125 PRNc-NI-SG-RPO Vsx2 Nr4a2 Glut_1,141,0.003
cluster,4259 NTS Phox2b Glut_4,141,0.003
cluster,4282 NTS Phox2b Glut_6,141,0.003
cluster,5058 PARN-MDRNd-NTS Gbx2 Gly-Gaba_6,141,0.003
cluster,5035 PARN-MDRNd-NTS Gbx2 Gly-Gaba_2,141,0.003
cluster,2954 SPA-SPFm-SPFp-POL-PIL-PoT Sp9 Glut_3,141,0.003
cluster,3238 SCig Foxb1 Glut_4,141,0.003
cluster,2677 TH Prkcd Grin2c Glut_10,141,0.003
cluster,1158 LSX Prdm12 Zeb2 Gaba_2,141,0.003
cluster,1368 CEA-AAA-BST Six3 Sp9 Gaba_5,140,0.003
cluster,1201 MEA-BST Sox6 Gaba_3,140,0.003
cluster,1609 SCH Six6 Cdc14a Gaba_1,140,0.003
cluster,1438 SI-MPO-LPO Lhx8 Gaba_2,140,0.003
cluster,1770 ZI Pax6 Gaba_8,140,0.003
cluster,1887 PVpo-VMPO-MPN Hmx2 Gaba_1,140,0.003
cluster,2426 PH-ant-LHA Otp Bsx Glut_7,140,0.003
cluster,3619 PRT Tcf7l2 Gaba_3,140,0.003
cluster,3056 PAG-MRN Tfap2b Glut_1,140,0.003
cluster,3355 SCig Tfap2b Chrnb3 Glut_1,140,0.003
cluster,5210 Astro-NT NN_1,140,0.003
cluster,0845 Sst Chodl Gaba_1,140,0.003
cluster,1449 SI-MPO-LPO Lhx8 Gaba_4,140,0.003
cluster,1375 ACB-BST-FS D1 Gaba_1,139,0.003
cluster,1924 DMH Hmx2 Gaba_1,139,0.003
cluster,4102 PCG-PRNr Vsx2 Nkx6-1 Glut_2,139,0.003
cluster,2533 PMd-LHA Foxb1 Glut_3,139,0.003
cluster,2359 AHN-RCH-LHA Otp Fezf1 Glut_4,139,0.003
cluster,2569 MM-ant Foxb1 Glut_1,139,0.003
cluster,3991 LDT-PCG Vsx2 Lhx4 Glut_3,139,0.003
cluster,3560 PAG-RN Nkx2-2 Otx1 Gaba_1,139,0.003
cluster,3674 SC-PAG Lef1 Emx2 Gaba_1,139,0.003
cluster,4561 VCO Mafa Meis2 Glut_2,139,0.003
cluster,3113 PAG Pou4f1 Ebf2 Glut_2,139,0.003
cluster,2989 SPA-SPFm-SPFp-POL-PIL-PoT Sp9 Glut_8,139,0.003
cluster,5263 Hypendymal NN_1,139,0.003
cluster,0592 OB Dopa-Gaba_4,138,0.003
cluster,1854 TU-ARH Otp Six6 Gaba_3,138,0.003
cluster,4914 MY Lhx1 Gly-Gaba_5,138,0.003
cluster,0393 SUB-ProS Glut_2,138,0.003
cluster,4443 SPVI-SPVC Tlx3 Ebf3 Glut_6,138,0.003
cluster,5081 NTS-PARN Neurod2 Gly-Gaba_1,138,0.003
cluster,2950 SPA-SPFm-SPFp-POL-PIL-PoT Sp9 Glut_3,138,0.003
cluster,1199 MEA-BST Sox6 Gaba_3,137,0.003
cluster,1321 SI-MA-ACB Ebf1 Bnc2 Gaba_2,137,0.003
cluster,1953 DMH Hmx2 Gaba_5,137,0.003
cluster,2438 STN-PSTN Pitx2 Glut_2,137,0.003
cluster,2109 LHA Barhl2 Glut_2,137,0.003
cluster,3767 PRT Mecom Gaba_1,137,0.003
cluster,4697 CS-PRNr-DR En1 Sox2 Gaba_2,137,0.003
cluster,3694 SC-PAG Lef1 Emx2 Gaba_3,137,0.003
cluster,3739 SCs Dmbx1 Gaba_4,137,0.003
cluster,4964 MY Prox1 Lmo7 Gly-Gaba_1,137,0.003
cluster,5131 SPVI-SPVC Sall3 Nfib Gly-Gaba_1,137,0.003
cluster,4593 SPVC Nmu Glut_2,137,0.003
cluster,0312 CA3 Glut_3,137,0.003
cluster,4573 SPVC Mafa Glut_1,137,0.003
cluster,5048 PARN-MDRNd-NTS Gbx2 Gly-Gaba_4,137,0.003
cluster,3158 PAG Pou4f2 Glut_2,137,0.003
cluster,1016 IA Mgp Gaba_1,136,0.003
cluster,0824 Sst Gaba_17,136,0.003
cluster,1890 PVpo-VMPO-MPN Hmx2 Gaba_2,136,0.003
cluster,2239 MPN-MPO-PVpo Hmx2 Glut_1,136,0.003
cluster,2173 SI-MA-LPO-LHA Skor1 Glut_5,136,0.003
cluster,2600 LH Pou4f1 Sox1 Glut_1,136,0.003
cluster,3402 PPN-CUN-PCG Otp En1 Gaba_3,136,0.003
cluster,4854 MY Lhx1 Gly-Gaba_1,136,0.003
cluster,0295 CA1-ProS Glut_6,136,0.003
cluster,5044 PARN-MDRNd-NTS Gbx2 Gly-Gaba_3,136,0.003
cluster,5103 NTS-PARN Neurod2 Gly-Gaba_4,136,0.003
cluster,3180 PAG Pou4f2 Mesi2 Glut_1,136,0.003
cluster,2647 CM-IAD-CL-PCN Sema5b Glut_5,136,0.003
cluster,1249 MEA-BST Lhx6 Sp9 Gaba_3,135,0.003
cluster,1910 PVpo-VMPO-MPN Hmx2 Gaba_4,135,0.003
cluster,1646 PVHd-SBPV Six3 Prox1 Gaba_4,135,0.003
cluster,1493 BST Tac2 Gaba_1,135,0.003
cluster,2456 STN-PSTN Pitx2 Glut_5,135,0.003
cluster,2355 AHN-RCH-LHA Otp Fezf1 Glut_3,135,0.003
cluster,2343 AHN-RCH-LHA Otp Fezf1 Glut_1,135,0.003
cluster,3885 MB-MY Tph2 Glut-Sero_1,135,0.003
cluster,2586 MH Tac2 Glut_2,135,0.003
cluster,4692 CS-PRNr-DR En1 Sox2 Gaba_1,135,0.003
cluster,4742 LDT-PCG-CS Gata3 Lhx1 Gaba_2,135,0.003
cluster,3437 SNr-VTA Pax5 Npas1 Gaba_1,135,0.003
cluster,4965 NTS-MDRNd Prox1 Zic1 Gly-Gaba_1,135,0.003
cluster,4636 PRNc Otp Gly-Gaba_1,135,0.003
cluster,4521 CBN Neurod2 Pvalb Glut_1,135,0.003
cluster,5109 NTS-PARN Neurod2 Gly-Gaba_5,135,0.003
cluster,0226 LA-BLA-BMA-PA Glut_1,135,0.003
cluster,3292 IC Tfap2d Maf Glut_2,135,0.003
cluster,2869 PAG-MRN Pou3f1 Glut_3,135,0.003
cluster,0883 NDB-SI-MA-STRv Lhx8 Gaba_3,135,0.003
cluster,0520 OB Meis2 Thsd7b Gaba_1,134,0.003
cluster,1725 ZI Pax6 Gaba_2,134,0.003
cluster,2475 PH-an Pitx2 Glut_1,134,0.003
cluster,2344 AHN-RCH-LHA Otp Fezf1 Glut_1,134,0.003
cluster,2174 SI-MA-LPO-LHA Skor1 Glut_5,134,0.003
cluster,3700 SC-PAG Lef1 Emx2 Gaba_5,134,0.003
cluster,5093 NTS-PARN Neurod2 Gly-Gaba_3,134,0.003
cluster,3034 PAG-SC Pou4f1 Zic1 Glut_2,134,0.003
cluster,1021 IA Mgp Gaba_3,133,0.003
cluster,1985 LGv-ZI Otx2 Gaba_5,133,0.003
cluster,2246 MPN-MPO-PVpo Hmx2 Glut_2,133,0.003
cluster,4107 PCG-PRNr Vsx2 Nkx6-1 Glut_2,133,0.003
cluster,2037 COAa-PAA-MEA Barhl2 Glut_5,133,0.003
cluster,3444 PAG-PPN Pax5 Sox21 Gaba_1,133,0.003
cluster,3680 SC-PAG Lef1 Emx2 Gaba_1,133,0.003
cluster,3002 SPA-SPFm-SPFp-POL-PIL-PoT Sp9 Glut_11,133,0.003
cluster,2614 AD Serpinb7 Glut_1,133,0.003
cluster,0891 NDB-SI-MA-STRv Lhx8 Gaba_4,133,0.003
cluster,1376 ACB-BST-FS D1 Gaba_2,132,0.003
cluster,1427 SI-MPO-LPO Lhx8 Gaba_1,132,0.003
cluster,1832 PVHd-DMH Lhx6 Gaba_3,132,0.003
cluster,3025 PAG-SC Pou4f1 Zic1 Glut_2,132,0.003
cluster,3526 PAG-MRN-RN Foxa2 Gaba_4,132,0.003
cluster,3512 PAG-MRN-RN Foxa2 Gaba_1,132,0.003
cluster,3630 PRT Tcf7l2 Gaba_4,132,0.003
cluster,4824 PRP Otp Gly-Gaba_2,132,0.003
cluster,2953 SPA-SPFm-SPFp-POL-PIL-PoT Sp9 Glut_3,132,0.003
cluster,3237 SCig Foxb1 Glut_4,132,0.003
cluster,3194 PAG Pou4f2 Mesi2 Glut_4,132,0.003
cluster,3184 PAG Pou4f2 Mesi2 Glut_2,132,0.003
cluster,5220 Astro-TE NN_1,132,0.003
cluster,5321 NK cells NN_3,132,0.003
cluster,0786 Sst Gaba_6,132,0.003
cluster,1439 SI-MPO-LPO Lhx8 Gaba_3,132,0.003
cluster,1898 PVpo-VMPO-MPN Hmx2 Gaba_2,131,0.003
cluster,3979 LDT-PCG Vsx2 Lhx4 Glut_1,131,0.003
cluster,3747 SCs Pax7 Nfia Gaba_1,131,0.003
cluster,3662 LGv-SPFp-SPFm Nkx2-2 Tcf7l2 Gaba_5,131,0.003
cluster,3722 SCs Dmbx1 Gaba_1,131,0.003
cluster,4423 SPVI-SPVC Tlx3 Ebf3 Glut_2,131,0.003
cluster,1696 SBPV-PVa Six6 Satb2 Gaba_3,130,0.003
cluster,1921 DMH Hmx2 Gaba_1,130,0.003
cluster,1944 DMH Hmx2 Gaba_3,130,0.003
cluster,1796 DMH-LHA Gsx1 Gaba_2,130,0.003
cluster,2468 PMv-TMv Pitx2 Glut_2,130,0.003
cluster,2480 PH-an Pitx2 Glut_2,130,0.003
cluster,3465 IC Six3 En2 Gaba_1,130,0.003
cluster,3482 IC Six3 En2 Gaba_3,130,0.003
cluster,0266 CA1-ProS Glut_1,130,0.003
cluster,2994 SPA-SPFm-SPFp-POL-PIL-PoT Sp9 Glut_8,130,0.003
cluster,3246 SCig-an-PPT Foxb1 Glut_1,130,0.003
cluster,0318 L2 IT PPP-APr Glut_1,130,0.003
cluster,2166 SI-MA-LPO-LHA Skor1 Glut_4,129,0.003
cluster,1551 BST-MPN Six3 Nrgn Gaba_5,129,0.003
cluster,1520 PVR Six3 Sox3 Gaba_5,129,0.003
cluster,2060 MS-SF Bsx Glut_1,129,0.003
cluster,1834 PVHd-DMH Lhx6 Gaba_4,129,0.003
cluster,1974 LGv-ZI Otx2 Gaba_1,129,0.003
cluster,2266 DMH Hmx2 Glut_1,129,0.003
cluster,2546 PH-SUM Foxa1 Glut_3,129,0.003
cluster,3332 CUN-PPN Evx2 Meis2 Glut_1,129,0.003
cluster,3830 IPN Otp Crisp1 Gaba_1,129,0.003
cluster,3758 SCs Pax7 Nfia Gaba_4,129,0.003
cluster,3570 PAG-RN Nkx2-2 Otx1 Gaba_2,129,0.003
cluster,3449 PAG-PPN Pax5 Sox21 Gaba_2,129,0.003
cluster,3723 SCs Dmbx1 Gaba_1,129,0.003
cluster,5076 NTS-PARN Neurod2 Gly-Gaba_1,129,0.003
cluster,3182 PAG Pou4f2 Mesi2 Glut_2,129,0.003
cluster,3380 SCop Sln Glut_1,129,0.003
cluster,0933 PAL-STR Gaba-Chol_2,129,0.003
cluster,1069 LSX Otx2 Gaba_5,129,0.003
cluster,1153 LSX Prdm12 Zeb2 Gaba_1,129,0.003
cluster,1431 SI-MPO-LPO Lhx8 Gaba_2,128,0.003
cluster,1853 TU-ARH Otp Six6 Gaba_3,128,0.003
cluster,1846 TU-ARH Otp Six6 Gaba_2,128,0.003
cluster,2500 PH-LHA Foxb1 Glut_1,128,0.003
cluster,2549 PH-SUM Foxa1 Glut_3,128,0.003
cluster,2212 MEA-BST Otp Zic2 Glut_1,128,0.003
cluster,3325 CUN-PPN Evx2 Meis2 Glut_1,128,0.003
cluster,4663 PRNc Otp Gly-Gaba_5,128,0.003
cluster,4788 DTN-LDT-IPN Otp Pax3 Gaba_3,128,0.003
cluster,0225 LA-BLA-BMA-PA Glut_1,128,0.003
cluster,4977 MV Nkx6-1 Gly-Gaba_2,128,0.003
cluster,5059 PARN-MDRNd-NTS Gbx2 Gly-Gaba_6,128,0.003
cluster,5063 PARN-MDRNd-NTS Gbx2 Gly-Gaba_7,128,0.003
cluster,3039 PAG-SC Pou4f1 Zic1 Glut_3,128,0.003
cluster,3293 IC Tfap2d Maf Glut_2,128,0.003
cluster,2898 PRC-PAG Tcf7l2 Irx2 Glut_1,128,0.003
cluster,2947 SPA-SPFm-SPFp-POL-PIL-PoT Sp9 Glut_3,128,0.003
cluster,1353 CEA-AAA-BST Six3 Sp9 Gaba_1,127,0.003
cluster,1256 MEA-BST Lhx6 Sp9 Gaba_4,127,0.003
cluster,1277 MEA-BST Lhx6 Nr2e1 Gaba_2,127,0.003
cluster,1781 ZI Pax6 Gaba_10,127,0.003
cluster,5001 CBN Dmbx1 Gaba_1,127,0.003
cluster,2537 PH-SUM Foxa1 Glut_1,127,0.003
cluster,4041 PB Evx2 Glut_3,127,0.003
cluster,4721 NI-RPO Gata3 Nr4a2 Gaba_1,127,0.003
cluster,3427 MRN-VTN-PPN Pax5 Cdh23 Gaba_2,127,0.003
cluster,0288 CA1-ProS Glut_4,127,0.003
cluster,4983 PAS-MV Ebf2 Gly-Gaba_2,127,0.003
cluster,3290 IC Tfap2d Maf Glut_1,127,0.003
cluster,3101 PAG Pou4f1 Ebf2 Glut_1,127,0.003
cluster,0894 NDB-SI-MA-STRv Lhx8 Gaba_5,127,0.003
cluster,0914 NDB-SI-MA-STRv Lhx8 Gaba_10,127,0.003
cluster,1044 LSX Sall3 Pax6 Gaba_2,127,0.003
cluster,1275 MEA-BST Lhx6 Nr2e1 Gaba_2,126,0.003
cluster,0606 OB-STR-CTX Inh IMN_2,126,0.003
cluster,1470 MPO-ADP Lhx8 Gaba_3,126,0.003
cluster,1720 ZI Pax6 Gaba_1,126,0.003
cluster,1823 PVHd-DMH Lhx6 Gaba_2,126,0.003
cluster,1775 ZI Pax6 Gaba_9,126,0.003
cluster,2287 DMH-LHA Vgll2 Glut_3,126,0.003
cluster,2177 SI-MA-LPO-LHA Skor1 Glut_5,126,0.003
cluster,3996 LDT-PCG Vsx2 Lhx4 Glut_4,126,0.003
cluster,3749 SCs Pax7 Nfia Gaba_1,126,0.003
cluster,4436 SPVI-SPVC Tlx3 Ebf3 Glut_4,126,0.003
cluster,2799 PAG Pou4f3 Glut_1,126,0.003
cluster,1668 AHN-SBPV-PVHd Pdrm12 Gaba_5,125,0.003
cluster,1710 AHN Onecut3 Gaba_3,125,0.003
cluster,1911 PVpo-VMPO-MPN Hmx2 Gaba_4,125,0.003
cluster,2357 AHN-RCH-LHA Otp Fezf1 Glut_4,125,0.003
cluster,2030 COAa-PAA-MEA Barhl2 Glut_3,125,0.003
cluster,3835 IPN Otp Crisp1 Gaba_2,125,0.003
cluster,3561 PAG-RN Nkx2-2 Otx1 Gaba_1,125,0.003
cluster,3708 SCm-PAG Cdh23 Gaba_1,125,0.003
cluster,3712 SCm-PAG Cdh23 Gaba_2,125,0.003
cluster,1417 BST-SI-AAA Six3 Slc22a3 Gaba_2,124,0.003
cluster,0993 STR D1 Sema5a Gaba_2,124,0.003
cluster,1564 BST-MPN Six3 Nrgn Gaba_6,124,0.003
cluster,2563 PH-SUM Foxa1 Glut_6,124,0.003
cluster,3860 SNc-VTA-RAmb Foxa1 Dopa_4,124,0.003
cluster,2157 SI-MA-LPO-LHA Skor1 Glut_3,124,0.003
cluster,3890 MB-MY Tph2 Glut-Sero_2,124,0.003
cluster,2601 LH Pou4f1 Sox1 Glut_2,124,0.003
cluster,3112 PAG Pou4f1 Ebf2 Glut_2,124,0.003
cluster,3666 LGv-SPFp-SPFm Nkx2-2 Tcf7l2 Gaba_6,124,0.003
cluster,3579 PAG-RN Nkx2-2 Otx1 Gaba_3,124,0.003
cluster,4409 MV-SPIV Slc6a2 Glut_1,124,0.003
cluster,0380 L5 ET CTX Glut_6,124,0.003
cluster,5154 SPVI-SPVC Sall3 Lhx1 Gly-Gaba_2,124,0.003
cluster,0691 RHP-COA Ndnf Gaba_2,124,0.003
cluster,0863 NDB-SI-MA-STRv Lhx8 Gaba_1,124,0.003
cluster,1400 CEA-BST Ebf1 Pdyn Gaba_5,123,0.003
cluster,1935 DMH Hmx2 Gaba_2,123,0.003
cluster,2115 ADP-MPO Trp73 Glut_1,123,0.003
cluster,3330 CUN-PPN Evx2 Meis2 Glut_1,123,0.003
cluster,4001 LDT-PCG Vsx2 Lhx4 Glut_5,123,0.003
cluster,5172 DCO Il22 Gly-Gaba_2,123,0.003
cluster,3283 IC Tfap2d Maf Glut_1,123,0.003
cluster,3191 PAG Pou4f2 Mesi2 Glut_3,123,0.003
cluster,2975 SPA-SPFm-SPFp-POL-PIL-PoT Sp9 Glut_6,123,0.003
cluster,2961 SPA-SPFm-SPFp-POL-PIL-PoT Sp9 Glut_4,123,0.003
cluster,1177 LSX Sall3 Lmo1 Gaba_2,123,0.003
cluster,1669 AHN-SBPV-PVHd Pdrm12 Gaba_5,122,0.003
cluster,1695 SBPV-PVa Six6 Satb2 Gaba_3,122,0.003
cluster,1413 BST-SI-AAA Six3 Slc22a3 Gaba_1,122,0.003
cluster,1654 AHN-SBPV-PVHd Pdrm12 Gaba_2,122,0.003
cluster,2742 PRC-PAG Pax6 Glut_3,122,0.003
cluster,2469 PMv-TMv Pitx2 Glut_3,122,0.003
cluster,2341 AHN-RCH-LHA Otp Fezf1 Glut_1,122,0.003
cluster,2437 STN-PSTN Pitx2 Glut_2,122,0.003
cluster,2219 LHA-MEA Otp Glut_1,122,0.003
cluster,3588 PAG-RN Nkx2-2 Otx1 Gaba_5,122,0.003
cluster,5015 PRP Gata3 Slc6a5 Gly-Gaba_1,122,0.003
cluster,5105 NTS-PARN Neurod2 Gly-Gaba_4,122,0.003
cluster,1154 LSX Prdm12 Zeb2 Gaba_1,122,0.003
cluster,1216 MEA-BST Sox6 Gaba_5,121,0.003
cluster,3383 ND-INC Foxd2 Glut_1,121,0.003
cluster,2231 MPN-MPO-PVpo Hmx2 Glut_1,121,0.003
cluster,2240 MPN-MPO-PVpo Hmx2 Glut_2,121,0.003
cluster,2387 PH-ant-LHA Otp Bsx Glut_1,121,0.003
cluster,2524 PMd-LHA Foxb1 Glut_2,121,0.003
cluster,3324 CUN-PPN Evx2 Meis2 Glut_1,121,0.003
cluster,4211 PRP-NI-PRNc-GRN Otp Glut_2,121,0.003
cluster,4604 HB Calcb Chol_4,121,0.003
cluster,3057 PAG-MRN Tfap2b Glut_1,121,0.003
cluster,3115 PAG Pou4f1 Ebf2 Glut_2,121,0.003
cluster,3198 PAG Pou4f2 Mesi2 Glut_5,121,0.003
cluster,0888 NDB-SI-MA-STRv Lhx8 Gaba_3,121,0.003
cluster,1369 CEA-AAA-BST Six3 Sp9 Gaba_6,120,0.003
cluster,1833 PVHd-DMH Lhx6 Gaba_3,120,0.003
cluster,1976 LGv-ZI Otx2 Gaba_1,120,0.003
cluster,1851 TU-ARH Otp Six6 Gaba_2,120,0.003
cluster,2392 PH-ant-LHA Otp Bsx Glut_1,120,0.003
cluster,3005 SPA-SPFm-SPFp-POL-PIL-PoT Sp9 Glut_12,120,0.003
cluster,2461 PMv-TMv Pitx2 Glut_1,120,0.003
cluster,2092 AVPV-MEPO-SFO Tbr1 Glut_4,120,0.003
cluster,2053 COAa-PAA-MEA Barhl2 Glut_9,120,0.003
cluster,2032 COAa-PAA-MEA Barhl2 Glut_4,120,0.003
cluster,2154 SI-MA-LPO-LHA Skor1 Glut_2,120,0.003
cluster,4111 PCG-PRNr Vsx2 Nkx6-1 Glut_3,120,0.003
cluster,4182 IPN-LDT Vsx2 Nkx6-1 Glut_2,120,0.003
cluster,4711 LDT-DTN Gata3 Nfix Gaba_1,120,0.003
cluster,3569 PAG-RN Nkx2-2 Otx1 Gaba_2,120,0.003
cluster,4705 LDT Fgf7 Gaba_1,120,0.003
cluster,4247 NTS Phox2b Glut_3,120,0.003
cluster,5137 SPVI-SPVC Sall3 Nfib Gly-Gaba_2,120,0.003
cluster,4438 SPVI-SPVC Tlx3 Ebf3 Glut_5,120,0.003
cluster,2801 PAG Pou4f3 Glut_1,120,0.003
cluster,3151 PAG Pou4f2 Glut_1,120,0.003
cluster,2910 PRC-PAG Tcf7l2 Irx2 Glut_2,120,0.003
cluster,0856 Sst Chodl Gaba_3,120,0.003
cluster,1184 LSX Sall3 Lmo1 Gaba_5,120,0.003
cluster,0585 OB Dopa-Gaba_1,119,0.003
cluster,1462 MPO-ADP Lhx8 Gaba_2,119,0.003
cluster,1522 PVR Six3 Sox3 Gaba_5,119,0.003
cluster,1595 RT-ZI Gnb3 Gaba_4,119,0.003
cluster,2516 PH-LHA Foxb1 Glut_4,119,0.003
cluster,2502 PH-LHA Foxb1 Glut_1,119,0.003
cluster,2495 PH Pitx2 Glut_2,119,0.003
cluster,2369 PVH-SO-PVa Otp Glut_2,119,0.003
cluster,4469 CU-ECU-SPVI Foxb1 Glut_2,119,0.003
cluster,0313 CA3 Glut_4,119,0.003
cluster,5034 PARN-MDRNd-NTS Gbx2 Gly-Gaba_2,119,0.003
cluster,0416 L6b/CT ENT Glut_2,119,0.003
cluster,5289 OEC NN_1,119,0.003
cluster,1371 CEA-AAA-BST Six3 Sp9 Gaba_8,118,0.003
cluster,1298 MEA-BST Lhx6 Nfib Gaba_3,118,0.003
cluster,1675 AHN-SBPV-PVHd Pdrm12 Gaba_6,118,0.003
cluster,1663 AHN-SBPV-PVHd Pdrm12 Gaba_4,118,0.003
cluster,1903 PVpo-VMPO-MPN Hmx2 Gaba_2,118,0.003
cluster,1798 DMH-LHA Gsx1 Gaba_2,118,0.003
cluster,2492 PH Pitx2 Glut_2,118,0.003
cluster,2542 PH-SUM Foxa1 Glut_2,118,0.003
cluster,2771 IF-RL-CLI-PAG Foxa1 Glut_1,118,0.003
cluster,3856 SNc-VTA-RAmb Foxa1 Dopa_3,118,0.003
cluster,2141 SI-MA-LPO-LHA Skor1 Glut_1,118,0.003
cluster,4745 LDT-PCG-CS Gata3 Lhx1 Gaba_4,118,0.003
cluster,3772 PRT Mecom Gaba_2,118,0.003
cluster,5094 NTS-PARN Neurod2 Gly-Gaba_3,118,0.003
cluster,4842 PRP Otp Gly-Gaba_5,118,0.003
cluster,2972 SPA-SPFm-SPFp-POL-PIL-PoT Sp9 Glut_5,118,0.003
cluster,3239 SCig Foxb1 Glut_4,118,0.003
cluster,0840 STR Lhx8 Gaba_1,118,0.003
cluster,1263 MEA-BST Lhx6 Sp9 Gaba_7,117,0.003
cluster,1700 AHN Onecut3 Gaba_1,117,0.003
cluster,4341 PGRN-PARN-MDRN Hoxb5 Glut_2,117,0.003
cluster,1626 PVHd-SBPV Six3 Prox1 Gaba_1,117,0.003
cluster,1879 PVpo-VMPO-MPN Hmx2 Gaba_1,117,0.003
cluster,1963 ARH-PVp Tbx3 Gaba_1,117,0.003
cluster,1866 TMd-DMH Foxd2 Gaba_1,117,0.003
cluster,2521 PH-LHA Foxb1 Glut_7,117,0.003
cluster,2144 SI-MA-LPO-LHA Skor1 Glut_1,117,0.003
cluster,4008 LDT-PCG Vsx2 Lhx4 Glut_6,117,0.003
cluster,3585 PAG-RN Nkx2-2 Otx1 Gaba_4,117,0.003
cluster,3639 LGv-SPFp-SPFm Nkx2-2 Tcf7l2 Gaba_1,117,0.003
cluster,3568 PAG-RN Nkx2-2 Otx1 Gaba_2,117,0.003
cluster,3514 PAG-MRN-RN Foxa2 Gaba_1,117,0.003
cluster,3659 LGv-SPFp-SPFm Nkx2-2 Tcf7l2 Gaba_5,117,0.003
cluster,3650 LGv-SPFp-SPFm Nkx2-2 Tcf7l2 Gaba_3,117,0.003
cluster,4239 NTS Phox2b Glut_2,117,0.003
cluster,4655 PRNc Otp Gly-Gaba_4,117,0.003
cluster,0504 DG Glut_1,116,0.003
cluster,1817 PVHd-DMH Lhx6 Gaba_1,116,0.003
cluster,1824 PVHd-DMH Lhx6 Gaba_2,116,0.003
cluster,2264 DMH Hmx2 Glut_1,116,0.003
cluster,1936 DMH Hmx2 Gaba_2,116,0.003
cluster,1579 TMv-PMv Tbx3 Hist-Gaba_2,116,0.003
cluster,2547 PH-SUM Foxa1 Glut_3,116,0.003
cluster,3849 SNc-VTA-RAmb Foxa1 Dopa_2,116,0.003
cluster,3928 PB Lmx1a Glut_3,116,0.003
cluster,3550 PAG-ND-PCG Onecut1 Gaba_3,116,0.003
cluster,3503 IC Six3 En2 Gaba_6,116,0.003
cluster,3425 MRN-VTN-PPN Pax5 Cdh23 Gaba_2,116,0.003
cluster,4691 CS-PRNr-DR En1 Sox2 Gaba_1,116,0.003
cluster,4550 NTS Dbh Glut_6,116,0.003
cluster,4406 MV-SPIV Slc6a2 Glut_1,116,0.003
cluster,4490 MV-SPIV Zic4 Neurod2 Glut_1,116,0.003
cluster,5191 CBX MLI Megf11 Gaba_2,116,0.003
cluster,0317 CA3 Glut_5,116,0.003
cluster,2936 SPA-SPFm-SPFp-POL-PIL-PoT Sp9 Glut_1,116,0.003
cluster,1445 SI-MPO-LPO Lhx8 Gaba_3,116,0.003
cluster,1326 SI-MA-ACB Ebf1 Bnc2 Gaba_3,116,0.003
cluster,1188 MEA-BST Sox6 Gaba_1,115,0.003
cluster,1214 MEA-BST Sox6 Gaba_5,115,0.003
cluster,2238 MPN-MPO-PVpo Hmx2 Glut_1,115,0.003
cluster,1464 MPO-ADP Lhx8 Gaba_2,115,0.003
cluster,1599 RT-ZI Gnb3 Gaba_4,115,0.003
cluster,3553 PAG-ND-PCG Onecut1 Gaba_4,115,0.003
cluster,4687 CS-PRNr-DR En1 Sox2 Gaba_1,115,0.003
cluster,3967 PB Pax5 Glut_1,115,0.003
cluster,3187 PAG Pou4f2 Mesi2 Glut_2,115,0.003
cluster,1092 LSX Nkx2-1 Gaba_3,115,0.003
cluster,1079 LSX Nkx2-1 Gaba_2,115,0.003
cluster,1558 BST-MPN Six3 Nrgn Gaba_6,114,0.003
cluster,1632 PVHd-SBPV Six3 Prox1 Gaba_1,114,0.003
cluster,1892 PVpo-VMPO-MPN Hmx2 Gaba_2,114,0.003
cluster,1958 DMH Hmx2 Gaba_6,114,0.003
cluster,1940 DMH Hmx2 Gaba_3,114,0.003
cluster,1934 DMH Hmx2 Gaba_2,114,0.003
cluster,1856 TU-ARH Otp Six6 Gaba_3,114,0.003
cluster,1923 DMH Hmx2 Gaba_1,114,0.003
cluster,2292 VMH Fezf1 Glut_1,114,0.003
cluster,2080 AVPV-MEPO-SFO Tbr1 Glut_2,114,0.003
cluster,2404 PH-ant-LHA Otp Bsx Glut_3,114,0.003
cluster,2356 AHN-RCH-LHA Otp Fezf1 Glut_4,114,0.003
cluster,1997 GPi Tbr1 Cngb3 Gaba-Glut_1,114,0.003
cluster,3618 PRT Tcf7l2 Gaba_3,114,0.003
cluster,4563 VCO Mafa Meis2 Glut_3,114,0.003
cluster,3241 SCig-an-PPT Foxb1 Glut_1,114,0.003
cluster,1312 MEA-BST Lhx6 Nfib Gaba_6,113,0.003
cluster,0596 OB-STR-CTX Inh IMN_1,113,0.003
cluster,1521 PVR Six3 Sox3 Gaba_5,113,0.003
cluster,1913 PVpo-VMPO-MPN Hmx2 Gaba_5,113,0.003
cluster,1575 TMv-PMv Tbx3 Hist-Gaba_1,113,0.003
cluster,2096 AVPV-MEPO-SFO Tbr1 Glut_5,113,0.003
cluster,3869 SNc-VTA-RAmb Foxa1 Dopa_5,113,0.003
cluster,2373 PVH-SO-PVa Otp Glut_2,113,0.003
cluster,2385 PVH-SO-PVa Otp Glut_6,113,0.003
cluster,2188 SI-MA-LPO-LHA Skor1 Glut_6,113,0.003
cluster,3629 PRT Tcf7l2 Gaba_4,113,0.003
cluster,3386 PAG-MRN Rln3 Gaba_1,113,0.003
cluster,3802 SCsg Gabrr2 Gaba_1,113,0.003
cluster,5117 NTS-PARN Neurod2 Gly-Gaba_6,113,0.003
cluster,5050 PARN-MDRNd-NTS Gbx2 Gly-Gaba_4,113,0.003
cluster,2907 PRC-PAG Tcf7l2 Irx2 Glut_1,113,0.003
cluster,0212 MEA Slc17a7 Glut_2,113,0.003
cluster,5302 VLMC NN_3,113,0.003
cluster,0842 STR Lhx8 Gaba_1,113,0.003
cluster,1060 LSX Otx2 Gaba_3,113,0.003
cluster,1269 MEA-BST Lhx6 Nr2e1 Gaba_1,112,0.003
cluster,1194 MEA-BST Sox6 Gaba_2,112,0.003
cluster,1197 MEA-BST Sox6 Gaba_2,112,0.003
cluster,1276 MEA-BST Lhx6 Nr2e1 Gaba_2,112,0.003
cluster,0999 STR D1 Sema5a Gaba_4,112,0.003
cluster,2253 MPN-MPO-PVpo Hmx2 Glut_4,112,0.003
cluster,1754 ZI Pax6 Gaba_6,112,0.003
cluster,2077 AVPV-MEPO-SFO Tbr1 Glut_1,112,0.003
cluster,2130 ADP-MPO Trp73 Glut_3,112,0.003
cluster,3344 CUN-PPN Evx2 Meis2 Glut_4,112,0.003
cluster,3987 LDT-PCG Vsx2 Lhx4 Glut_3,112,0.003
cluster,3977 LDT-PCG Vsx2 Lhx4 Glut_1,112,0.003
cluster,4129 PRNc-NI-SG-RPO Vsx2 Nr4a2 Glut_2,112,0.003
cluster,3746 SCs Pax7 Nfia Gaba_1,112,0.003
cluster,3641 LGv-SPFp-SPFm Nkx2-2 Tcf7l2 Gaba_2,112,0.003
cluster,2823 CUN Evx2 Lhx2 Glut_2,112,0.003
cluster,0730 Lamp5 Lhx6 Gaba_1,112,0.003
cluster,1351 CEA-AAA-BST Six3 Sp9 Gaba_1,111,0.003
cluster,1379 ACB-BST-FS D1 Gaba_2,111,0.003
cluster,2364 PVH-SO-PVa Otp Glut_1,111,0.003
cluster,3326 CUN-PPN Evx2 Meis2 Glut_1,111,0.003
cluster,2148 SI-MA-LPO-LHA Skor1 Glut_2,111,0.003
cluster,2150 SI-MA-LPO-LHA Skor1 Glut_2,111,0.003
cluster,4840 PRP Otp Gly-Gaba_5,111,0.003
cluster,2783 PAG-SC Neurod2 Meis2 Glut_1,111,0.003
cluster,3226 SCig Foxb1 Glut_2,111,0.003
cluster,5296 VLMC NN_1,111,0.003
cluster,0927 PAL-STR Gaba-Chol_1,111,0.003
cluster,0701 RHP-COA Ndnf Gaba_5,111,0.003
cluster,0120 L2/3 IT CTX Glut_4,111,0.003
cluster,1296 MEA-BST Lhx6 Nfib Gaba_3,110,0.003
cluster,1458 MPO-ADP Lhx8 Gaba_1,110,0.003
cluster,1698 AHN Onecut3 Gaba_1,110,0.003
cluster,1964 ARH-PVp Tbx3 Gaba_1,110,0.003
cluster,2496 PH Pitx2 Glut_2,110,0.003
cluster,2033 COAa-PAA-MEA Barhl2 Glut_4,110,0.003
cluster,2175 SI-MA-LPO-LHA Skor1 Glut_5,110,0.003
cluster,2104 LHA Barhl2 Glut_1,110,0.003
cluster,4135 PRNc-NI-SG-RPO Vsx2 Nr4a2 Glut_4,110,0.003
cluster,4960 MY Prox1 Lmo7 Gly-Gaba_1,110,0.003
cluster,5029 PARN-MDRNd-NTS Gbx2 Gly-Gaba_2,110,0.003
cluster,5151 SPVI-SPVC Sall3 Lhx1 Gly-Gaba_1,110,0.003
cluster,3073 PAG-MRN Tfap2b Glut_2,110,0.003
cluster,1022 IA Mgp Gaba_3,109,0.003
cluster,1422 SI-MPO-LPO Lhx8 Gaba_1,109,0.003
cluster,1689 SBPV-PVa Six6 Satb2 Gaba_2,109,0.003
cluster,1653 AHN-SBPV-PVHd Pdrm12 Gaba_2,109,0.003
cluster,1542 BST-MPN Six3 Nrgn Gaba_3,109,0.003
cluster,1244 MEA-BST Lhx6 Sp9 Gaba_2,109,0.003
cluster,1671 AHN-SBPV-PVHd Pdrm12 Gaba_5,109,0.003
cluster,1750 ZI Pax6 Gaba_5,109,0.003
cluster,1947 DMH Hmx2 Gaba_4,109,0.003
cluster,1847 TU-ARH Otp Six6 Gaba_2,109,0.003
cluster,2230 DMH Nkx2-4 Glut_2,109,0.003
cluster,2416 PH-ant-LHA Otp Bsx Glut_5,109,0.003
cluster,2156 SI-MA-LPO-LHA Skor1 Glut_3,109,0.003
cluster,2584 MH Tac2 Glut_2,109,0.003
cluster,4759 PDTg Otp Shroom3 Gaba_1,109,0.003
cluster,3477 IC Six3 En2 Gaba_2,109,0.003
cluster,3497 IC Six3 En2 Gaba_5,109,0.003
cluster,3593 PAG-RN Nkx2-2 Otx1 Gaba_6,109,0.003
cluster,3595 PAG-RN Nkx2-2 Otx1 Gaba_6,109,0.003
cluster,3137 PAG Pou4f1 Ebf2 Glut_6,109,0.003
cluster,3106 PAG Pou4f1 Ebf2 Glut_1,109,0.003
cluster,3169 PAG Pou4f2 Glut_4,109,0.003
cluster,2926 SPA-SPFm-SPFp-POL-PIL-PoT Sp9 Glut_1,109,0.003
cluster,1660 AHN-SBPV-PVHd Pdrm12 Gaba_3,108,0.003
cluster,1931 DMH Hmx2 Gaba_2,108,0.003
cluster,1917 DMH Hmx2 Gaba_1,108,0.003
cluster,0125 L2/3 IT ENT Glut_2,108,0.003
cluster,2320 LHA Pmch Glut_1,108,0.003
cluster,2012 MEA-COA-BMA Ccdc42 Glut_4,108,0.003
cluster,4770 LDT-PCG St18 Gaba_1,108,0.003
cluster,3502 IC Six3 En2 Gaba_6,108,0.003
cluster,4514 MV-SPIV Zic4 Neurod2 Glut_4,108,0.003
cluster,5161 SPVI-SPVC Sall3 Lhx1 Gly-Gaba_2,108,0.003
cluster,3080 PAG Pou4f1 Bnc2 Glut_1,108,0.003
cluster,2998 SPA-SPFm-SPFp-POL-PIL-PoT Sp9 Glut_9,108,0.003
cluster,2978 SPA-SPFm-SPFp-POL-PIL-PoT Sp9 Glut_6,108,0.003
cluster,2832 CUN Evx2 Lhx2 Glut_4,108,0.003
cluster,0925 PAL-STR Gaba-Chol_1,108,0.003
cluster,0884 NDB-SI-MA-STRv Lhx8 Gaba_3,108,0.003
cluster,1266 MEA-BST Lhx6 Sp9 Gaba_7,107,0.003
cluster,0513 DG-PIR Ex IMN_2,107,0.003
cluster,1388 CEA-BST Ebf1 Pdyn Gaba_2,107,0.003
cluster,2254 MPN-MPO-PVpo Hmx2 Glut_4,107,0.003
cluster,4678 CS-PRNr-PCG Tmem163 Otp Gaba_1,107,0.003
cluster,2323 LHA Pmch Glut_2,107,0.003
cluster,2107 LHA Barhl2 Glut_2,107,0.003
cluster,2529 PMd-LHA Foxb1 Glut_2,107,0.003
cluster,2548 PH-SUM Foxa1 Glut_3,107,0.003
cluster,3339 CUN-PPN Evx2 Meis2 Glut_3,107,0.003
cluster,2165 SI-MA-LPO-LHA Skor1 Glut_4,107,0.003
cluster,3904 MB-MY Tph2 Glut-Sero_4,107,0.003
cluster,4014 LDT-PCG Vsx2 Lhx4 Glut_7,107,0.003
cluster,3632 PRT Tcf7l2 Gaba_5,107,0.003
cluster,4690 CS-PRNr-DR En1 Sox2 Gaba_1,107,0.003
cluster,0285 CA1-ProS Glut_4,107,0.003
cluster,4098 B-PB Nr4a2 Glut_1,107,0.003
cluster,3318 IC Tfap2d Maf Glut_6,107,0.003
cluster,3153 PAG Pou4f2 Glut_1,107,0.003
cluster,1526 PVR Six3 Sox3 Gaba_7,106,0.003
cluster,3547 PAG-ND-PCG Onecut1 Gaba_2,106,0.003
cluster,1494 BST Tac2 Gaba_1,106,0.003
cluster,1488 MPN-MPO-LPO Lhx6 Zfhx3 Gaba_1,106,0.003
cluster,2780 IF-RL-CLI-PAG Foxa1 Glut_5,106,0.003
cluster,2558 PH-SUM Foxa1 Glut_6,106,0.003
cluster,2039 COAa-PAA-MEA Barhl2 Glut_6,106,0.003
cluster,2595 MH Tac2 Glut_4,106,0.003
cluster,4673 CS-PRNr-PCG Tmem163 Otp Gaba_1,106,0.003
cluster,4761 PDTg Otp Olig3 Gaba_1,106,0.003
cluster,4192 LDT Vsx2 Nkx6-1 Nfib Glut_1,106,0.003
cluster,3754 SCs Pax7 Nfia Gaba_2,106,0.003
cluster,3468 IC Six3 En2 Gaba_1,106,0.003
cluster,4639 PRNc Otp Gly-Gaba_1,106,0.003
cluster,5194 CBX Purkinje Gaba_1,106,0.003
cluster,3278 SCiw Pitx2 Glut_2,106,0.003
cluster,0872 NDB-SI-MA-STRv Lhx8 Gaba_2,106,0.003
cluster,0900 NDB-SI-MA-STRv Lhx8 Gaba_6,106,0.003
cluster,1105 LSX Nkx2-1 Gaba_7,106,0.003
cluster,1078 LSX Nkx2-1 Gaba_2,106,0.003
cluster,1306 MEA-BST Lhx6 Nfib Gaba_5,105,0.003
cluster,0576 OB-out Frmd7 Gaba_2,105,0.003
cluster,1511 PVR Six3 Sox3 Gaba_3,105,0.003
cluster,4733 NI-RPO Gata3 Nr4a2 Gaba_4,105,0.003
cluster,1965 ARH-PVp Tbx3 Gaba_2,105,0.003
cluster,3391 PPN-CUN-PCG Otp En1 Gaba_1,105,0.003
cluster,2093 AVPV-MEPO-SFO Tbr1 Glut_4,105,0.003
cluster,2111 LHA Barhl2 Glut_2,105,0.003
cluster,2395 PH-ant-LHA Otp Bsx Glut_2,105,0.003
cluster,3350 CUN-PPN Evx2 Meis2 Glut_5,105,0.003
cluster,3981 LDT-PCG Vsx2 Lhx4 Glut_2,105,0.003
cluster,3538 PAG-ND-PCG Onecut1 Gaba_1,105,0.003
cluster,3679 SC-PAG Lef1 Emx2 Gaba_1,105,0.003
cluster,3011 PAG-SC Pou4f1 Zic1 Glut_1,105,0.003
cluster,3121 PAG Pou4f1 Ebf2 Glut_3,105,0.003
cluster,3103 PAG Pou4f1 Ebf2 Glut_1,105,0.003
cluster,2860 PAG-MRN Pou3f1 Glut_1,105,0.003
cluster,1418 SI-MPO-LPO Lhx8 Gaba_1,105,0.003
cluster,0611 OB-STR-CTX Inh IMN_4,104,0.003
cluster,1415 BST-SI-AAA Six3 Slc22a3 Gaba_2,104,0.003
cluster,2242 MPN-MPO-PVpo Hmx2 Glut_2,104,0.003
cluster,2501 PH-LHA Foxb1 Glut_1,104,0.003
cluster,2465 PMv-TMv Pitx2 Glut_2,104,0.003
cluster,2443 STN-PSTN Pitx2 Glut_3,104,0.003
cluster,2424 PH-ant-LHA Otp Bsx Glut_7,104,0.003
cluster,3897 MB-MY Tph2 Glut-Sero_3,104,0.003
cluster,2607 LH Pou4f1 Sox1 Glut_3,104,0.003
cluster,3983 LDT-PCG Vsx2 Lhx4 Glut_2,104,0.003
cluster,3484 IC Six3 En2 Gaba_3,104,0.003
cluster,4953 MDRN Hoxb5 Ebf2 Gly-Gaba_1,104,0.003
cluster,4939 MV-SPIV-PRP Dmbx1 Gly-Gaba_1,104,0.003
cluster,5031 PARN-MDRNd-NTS Gbx2 Gly-Gaba_2,104,0.003
cluster,5144 SPVI-SPVC Sall3 Lhx1 Gly-Gaba_1,104,0.003
cluster,0199 MEA Slc17a7 Glut_1,104,0.003
cluster,2974 SPA-SPFm-SPFp-POL-PIL-PoT Sp9 Glut_6,104,0.003
cluster,2729 PRC-PAG Pax6 Glut_1,104,0.003
cluster,0767 Sst Gaba_3,104,0.003
cluster,1148 LSX Prdm12 Slit2 Gaba_9,104,0.003
cluster,1040 NDB-SI-ant Prdm12 Gaba_3,103,0.003
cluster,0967 STR D2 Gaba_1,103,0.003
cluster,1753 ZI Pax6 Gaba_6,103,0.003
cluster,2232 MPN-MPO-PVpo Hmx2 Glut_1,103,0.003
cluster,2388 PH-ant-LHA Otp Bsx Glut_1,103,0.003
cluster,2746 PRC-PAG Pax6 Glut_3,103,0.003
cluster,2086 AVPV-MEPO-SFO Tbr1 Glut_3,103,0.003
cluster,2087 AVPV-MEPO-SFO Tbr1 Glut_3,103,0.003
cluster,2749 PRC-PAG Pax6 Glut_4,103,0.003
cluster,2532 PMd-LHA Foxb1 Glut_2,103,0.003
cluster,2556 PH-SUM Foxa1 Glut_5,103,0.003
cluster,4110 PCG-PRNr Vsx2 Nkx6-1 Glut_3,103,0.003
cluster,3806 SCsg Gabrr2 Gaba_1,103,0.003
cluster,4956 MDRNd Prox1 Pax6 Gly-Gaba_1,103,0.003
cluster,2847 APN C1ql2 Glut_1,103,0.003
cluster,2971 SPA-SPFm-SPFp-POL-PIL-PoT Sp9 Glut_5,103,0.003
cluster,3375 SCop Sln Glut_1,103,0.003
cluster,0915 NDB-SI-MA-STRv Lhx8 Gaba_11,103,0.003
cluster,1170 LSX Prdm12 Zeb2 Gaba_5,103,0.003
cluster,1426 SI-MPO-LPO Lhx8 Gaba_1,102,0.003
cluster,1479 MPO-ADP Lhx8 Gaba_4,102,0.003
cluster,1518 PVR Six3 Sox3 Gaba_4,102,0.003
cluster,1705 AHN Onecut3 Gaba_2,102,0.003
cluster,1709 AHN Onecut3 Gaba_2,102,0.003
cluster,2499 PH-LHA Foxb1 Glut_1,102,0.003
cluster,3004 SPA-SPFm-SPFp-POL-PIL-PoT Sp9 Glut_12,102,0.003
cluster,3884 MB-MY Tph2 Glut-Sero_1,102,0.003
cluster,3392 PPN-CUN-PCG Otp En1 Gaba_1,102,0.003
cluster,3454 PAG-PPN Pax5 Sox21 Gaba_3,102,0.003
cluster,0283 CA1-ProS Glut_3,102,0.003
cluster,2875 PAG-MRN Pou3f1 Glut_5,102,0.003
cluster,2865 PAG-MRN Pou3f1 Glut_1,102,0.003
cluster,0899 NDB-SI-MA-STRv Lhx8 Gaba_6,102,0.003
cluster,1206 MEA-BST Sox6 Gaba_4,101,0.002
cluster,1190 MEA-BST Sox6 Gaba_1,101,0.002
cluster,1534 PVR Six3 Sox3 Gaba_9,101,0.002
cluster,1939 DMH Hmx2 Gaba_3,101,0.002
cluster,2243 MPN-MPO-PVpo Hmx2 Glut_2,101,0.002
cluster,2482 PH Pitx2 Glut_1,101,0.002
cluster,2551 PH-SUM Foxa1 Glut_4,101,0.002
cluster,2396 PH-ant-LHA Otp Bsx Glut_2,101,0.002
cluster,2326 LHA-AHN-PVH Otp Trh Glut_1,101,0.002
cluster,0492 OB Eomes Ms4a15 Glut_3,101,0.002
cluster,4004 LDT-PCG Vsx2 Lhx4 Glut_5,101,0.002
cluster,4112 PCG-PRNr Vsx2 Nkx6-1 Glut_3,101,0.002
cluster,0301 CA3 Glut_1,101,0.002
cluster,4412 SPVI-SPVC Tlx3 Ebf3 Glut_1,101,0.002
cluster,4265 NTS Phox2b Glut_4,101,0.002
cluster,4635 PRNc Otp Gly-Gaba_1,101,0.002
cluster,5121 SPVI-SPVC Sall3 Nfib Gly-Gaba_1,101,0.002
cluster,4568 SPVO Mafa Meis2 Glut_1,101,0.002
cluster,4474 CU-ECU-SPVI Foxb1 Glut_4,101,0.002
cluster,3972 PB Pax5 Glut_2,101,0.002
cluster,2896 MRN Pou3f1 C1ql4 Glut_3,101,0.002
cluster,2964 SPA-SPFm-SPFp-POL-PIL-PoT Sp9 Glut_4,101,0.002
cluster,5203 DCO UBC Glut_1,101,0.002
cluster,5292 OEC NN_1,101,0.002
cluster,0835 STR Prox1 Lhx6 Gaba_2,101,0.002
cluster,0956 STR D1 Gaba_5,100,0.002
cluster,1008 STR-PAL Chst9 Gaba_3,100,0.002
cluster,1747 ZI Pax6 Gaba_4,100,0.002
cluster,1497 BST Tac2 Gaba_1,100,0.002
cluster,1475 MPO-ADP Lhx8 Gaba_4,100,0.002
cluster,1744 ZI Pax6 Gaba_4,100,0.002
cluster,1394 CEA-BST Ebf1 Pdyn Gaba_3,100,0.002
cluster,1399 CEA-BST Ebf1 Pdyn Gaba_5,100,0.002
cluster,1960 DMH Hmx2 Gaba_6,100,0.002
cluster,2227 DMH Nkx2-4 Glut_2,100,0.002
cluster,2076 AVPV-MEPO-SFO Tbr1 Glut_1,100,0.002
cluster,2082 AVPV-MEPO-SFO Tbr1 Glut_2,100,0.002
cluster,2769 IF-RL-CLI-PAG Foxa1 Glut_1,100,0.002
cluster,0499 HPF CR Glut_1,100,0.002
cluster,4003 LDT-PCG Vsx2 Lhx4 Glut_5,100,0.002
cluster,3563 PAG-RN Nkx2-2 Otx1 Gaba_1,100,0.002
cluster,3470 IC Six3 En2 Gaba_1,100,0.002
cluster,4477 MV-SPIV Phox2b Ebf3 Lbx1 Glut_1,100,0.002
cluster,2877 PAG-MRN Pou3f1 Glut_5,100,0.002
cluster,0791 Sst Gaba_6,100,0.002
cluster,1870 PVpo-VMPO-MPN Hmx2 Gaba_1,99,0.002
cluster,2762 MRN-PAG Nkx6-1 Glut_1,99,0.002
cluster,4020 PB Evx2 Glut_1,99,0.002
cluster,2119 ADP-MPO Trp73 Glut_1,99,0.002
cluster,3838 SNc-VTA-RAmb Foxa1 Dopa_1,99,0.002
cluster,2397 PH-ant-LHA Otp Bsx Glut_2,99,0.002
cluster,2208 MEA-BST Otp Zic2 Glut_1,99,0.002
cluster,2151 SI-MA-LPO-LHA Skor1 Glut_2,99,0.002
cluster,0174 IT AON-TT-DP Glut_2,99,0.002
cluster,4177 IPN-LDT Vsx2 Nkx6-1 Glut_1,99,0.002
cluster,3647 LGv-SPFp-SPFm Nkx2-2 Tcf7l2 Gaba_3,99,0.002
cluster,5089 NTS-PARN Neurod2 Gly-Gaba_2,99,0.002
cluster,4992 PAS-MV Ebf2 Gly-Gaba_3,99,0.002
cluster,5152 SPVI-SPVC Sall3 Lhx1 Gly-Gaba_2,99,0.002
cluster,3070 PAG-MRN Tfap2b Glut_1,99,0.002
cluster,1157 LSX Prdm12 Zeb2 Gaba_1,99,0.002
cluster,1904 PVpo-VMPO-MPN Hmx2 Gaba_3,98,0.002
cluster,1730 ZI Pax6 Gaba_3,98,0.002
cluster,4555 DMX VII Tbx20 Chol_1,98,0.002
cluster,2734 PRC-PAG Pax6 Glut_2,98,0.002
cluster,3336 CUN-PPN Evx2 Meis2 Glut_2,98,0.002
cluster,2139 SI-MA-LPO-LHA Skor1 Glut_1,98,0.002
cluster,3600 PRT Tcf7l2 Gaba_1,98,0.002
cluster,4817 PRP Otp Gly-Gaba_1,98,0.002
cluster,4736 LDT-PCG-CS Gata3 Lhx1 Gaba_1,98,0.002
cluster,3702 SCm-PAG Cdh23 Gaba_1,98,0.002
cluster,4929 MY Lhx1 Gly-Gaba_9,98,0.002
cluster,4589 SPVC Nmu Glut_1,98,0.002
cluster,5068 IRN Dmbx1 Pax2 Gly-Gaba_1,98,0.002
cluster,3111 PAG Pou4f1 Ebf2 Glut_2,98,0.002
cluster,3120 PAG Pou4f1 Ebf2 Glut_3,98,0.002
cluster,2911 PRC-PAG Tcf7l2 Irx2 Glut_2,98,0.002
cluster,2995 SPA-SPFm-SPFp-POL-PIL-PoT Sp9 Glut_9,98,0.002
cluster,0788 Sst Gaba_6,98,0.002
cluster,0904 NDB-SI-MA-STRv Lhx8 Gaba_7,98,0.002
cluster,1661 AHN-SBPV-PVHd Pdrm12 Gaba_3,97,0.002
cluster,1377 ACB-BST-FS D1 Gaba_2,97,0.002
cluster,1492 MPN-MPO-LPO Lhx6 Zfhx3 Gaba_2,97,0.002
cluster,1525 PVR Six3 Sox3 Gaba_7,97,0.002
cluster,1531 PVR Six3 Sox3 Gaba_9,97,0.002
cluster,1503 PVR Six3 Sox3 Gaba_1,97,0.002
cluster,1404 CEA-BST Ebf1 Pdyn Gaba_7,97,0.002
cluster,1757 ZI Pax6 Gaba_6,97,0.002
cluster,1880 PVpo-VMPO-MPN Hmx2 Gaba_1,97,0.002
cluster,2765 MRN-PAG Nkx6-1 Glut_2,97,0.002
cluster,2210 MEA-BST Otp Zic2 Glut_1,97,0.002
cluster,4018 PB Evx2 Glut_1,97,0.002
cluster,2171 SI-MA-LPO-LHA Skor1 Glut_5,97,0.002
cluster,2164 SI-MA-LPO-LHA Skor1 Glut_4,97,0.002
cluster,4710 LDT-DTN Gata3 Nfix Gaba_1,97,0.002
cluster,0264 CA1-ProS Glut_1,97,0.002
cluster,3467 IC Six3 En2 Gaba_1,97,0.002
cluster,4407 MV-SPIV Slc6a2 Glut_1,97,0.002
cluster,4464 CU-ECU-SPVI Foxb1 Glut_1,97,0.002
cluster,4967 NTS-MDRNd Prox1 Zic1 Gly-Gaba_1,97,0.002
cluster,5124 SPVI-SPVC Sall3 Nfib Gly-Gaba_1,97,0.002
cluster,4032 PB Evx2 Glut_2,97,0.002
cluster,5078 NTS-PARN Neurod2 Gly-Gaba_1,97,0.002
cluster,5042 PARN-MDRNd-NTS Gbx2 Gly-Gaba_3,97,0.002
cluster,2790 PAG-SC Neurod2 Meis2 Glut_3,97,0.002
cluster,2820 CUN Evx2 Lhx2 Glut_2,97,0.002
cluster,5243 Tanycyte NN_1,97,0.002
cluster,1327 CEA-BST Six3 Cyp26b1 Gaba_1,96,0.002
cluster,1414 BST-SI-AAA Six3 Slc22a3 Gaba_2,96,0.002
cluster,1819 PVHd-DMH Lhx6 Gaba_1,96,0.002
cluster,1872 PVpo-VMPO-MPN Hmx2 Gaba_1,96,0.002
cluster,2099 LHA Barhl2 Glut_1,96,0.002
cluster,2441 STN-PSTN Pitx2 Glut_2,96,0.002
cluster,2089 AVPV-MEPO-SFO Tbr1 Glut_3,96,0.002
cluster,2193 SI-MA-LPO-LHA Skor1 Glut_7,96,0.002
cluster,2194 SI-MA-LPO-LHA Skor1 Glut_7,96,0.002
cluster,4339 PGRN-PARN-MDRN Hoxb5 Glut_2,96,0.002
cluster,3410 MRN-PPN-CUN Pax8 Gaba_1,96,0.002
cluster,3765 PRT Mecom Gaba_1,96,0.002
cluster,3506 IC Six3 En2 Gaba_7,96,0.002
cluster,3494 IC Six3 En2 Gaba_4,96,0.002
cluster,3531 PAG-MRN-RN Foxa2 Gaba_4,96,0.002
cluster,4617 CS-RPO Meis2 Gaba_2,96,0.002
cluster,4623 CS-RPO Meis2 Gaba_4,96,0.002
cluster,4542 NTS Dbh Glut_3,96,0.002
cluster,4972 MV Nkx6-1 Gly-Gaba_1,96,0.002
cluster,5134 SPVI-SPVC Sall3 Nfib Gly-Gaba_1,96,0.002
cluster,4290 NTS Phox2b Glut_8,96,0.002
cluster,3068 PAG-MRN Tfap2b Glut_1,96,0.002
cluster,0250 LA-BLA-BMA-PA Glut_6,96,0.002
cluster,1425 SI-MPO-LPO Lhx8 Gaba_1,96,0.002
cluster,1468 MPO-ADP Lhx8 Gaba_3,95,0.002
cluster,1952 DMH Hmx2 Gaba_5,95,0.002
cluster,1873 PVpo-VMPO-MPN Hmx2 Gaba_1,95,0.002
cluster,1878 PVpo-VMPO-MPN Hmx2 Gaba_1,95,0.002
cluster,2518 PH-LHA Foxb1 Glut_5,95,0.002
cluster,4173 PRNr Otp Nfib Glut_1,95,0.002
cluster,2528 PMd-LHA Foxb1 Glut_2,95,0.002
cluster,3871 SNc-VTA-RAmb Foxa1 Dopa_6,95,0.002
cluster,3889 MB-MY Tph2 Glut-Sero_2,95,0.002
cluster,1993 TRS-BAC Sln Glut_2,95,0.002
cluster,0489 OB Eomes Ms4a15 Glut_2,95,0.002
cluster,4005 LDT-PCG Vsx2 Lhx4 Glut_6,95,0.002
cluster,4095 B-PB Nr4a2 Glut_1,95,0.002
cluster,4501 MV-SPIV Zic4 Neurod2 Glut_2,95,0.002
cluster,4656 PRNc Otp Gly-Gaba_4,95,0.002
cluster,4979 PAS-MV Ebf2 Gly-Gaba_1,95,0.002
cluster,0298 CA3 Glut_1,95,0.002
cluster,3970 PB Pax5 Glut_1,95,0.002
cluster,3107 PAG Pou4f1 Ebf2 Glut_1,95,0.002
cluster,2618 PVT-PT Ntrk1 Glut_1,95,0.002
cluster,0926 PAL-STR Gaba-Chol_1,95,0.002
cluster,1434 SI-MPO-LPO Lhx8 Gaba_2,95,0.002
cluster,1364 CEA-AAA-BST Six3 Sp9 Gaba_4,94,0.002
cluster,1929 DMH Hmx2 Gaba_2,94,0.002
cluster,2294 VMH Fezf1 Glut_2,94,0.002
cluster,2510 PH-LHA Foxb1 Glut_3,94,0.002
cluster,2512 PH-LHA Foxb1 Glut_3,94,0.002
cluster,2523 PMd-LHA Foxb1 Glut_1,94,0.002
cluster,2420 PH-ant-LHA Otp Bsx Glut_6,94,0.002
cluster,2538 PH-SUM Foxa1 Glut_1,94,0.002
cluster,3842 SNc-VTA-RAmb Foxa1 Dopa_1,94,0.002
cluster,2198 SI-MA-LPO-LHA Skor1 Glut_8,94,0.002
cluster,2172 SI-MA-LPO-LHA Skor1 Glut_5,94,0.002
cluster,3409 MRN-PPN-CUN Pax8 Gaba_1,94,0.002
cluster,4794 DTN-LDT-IPN Otp Pax3 Gaba_4,94,0.002
cluster,4763 LDT-PCG St18 Gaba_1,94,0.002
cluster,4777 DTN-LDT-IPN Otp Pax3 Gaba_1,94,0.002
cluster,3992 LDT-PCG Vsx2 Lhx4 Glut_4,94,0.002
cluster,4240 NTS Phox2b Glut_2,94,0.002
cluster,4637 PRNc Otp Gly-Gaba_1,94,0.002
cluster,3379 SCop Sln Glut_1,94,0.002
cluster,3102 PAG Pou4f1 Ebf2 Glut_1,94,0.002
cluster,3145 PAG Pou4f2 Glut_1,94,0.002
cluster,2862 PAG-MRN Pou3f1 Glut_1,94,0.002
cluster,5246 Tanycyte NN_2,94,0.002
cluster,0702 RHP-COA Ndnf Gaba_5,94,0.002
cluster,0922 GPe-SI Sox6 Cyp26b1 Gaba_2,93,0.002
cluster,1308 MEA-BST Lhx6 Nfib Gaba_5,93,0.002
cluster,0511 DG-PIR Ex IMN_1,93,0.002
cluster,1496 BST Tac2 Gaba_1,93,0.002
cluster,3621 PRT Tcf7l2 Gaba_3,93,0.002
cluster,1594 RT-ZI Gnb3 Gaba_3,93,0.002
cluster,1858 TU-ARH Otp Six6 Gaba_3,93,0.002
cluster,2466 PMv-TMv Pitx2 Glut_2,93,0.002
cluster,2550 PH-SUM Foxa1 Glut_4,93,0.002
cluster,3784 SC Tnnt1 Gli3 Gaba_2,93,0.002
cluster,3440 SNr-VTA Pax5 Npas1 Gaba_1,93,0.002
cluster,3690 SC-PAG Lef1 Emx2 Gaba_2,93,0.002
cluster,3714 SCm-PAG Cdh23 Gaba_3,93,0.002
cluster,4368 PGRN-PARN-MDRN Hoxb5 Glut_4,93,0.002
cluster,5097 NTS-PARN Neurod2 Gly-Gaba_3,93,0.002
cluster,4846 GRN-IRN-MDRNd Ikzf1 Gly-Gaba_1,93,0.002
cluster,4492 MV-SPIV Zic4 Neurod2 Glut_1,93,0.002
cluster,3962 PSV Lmx1a Trpv6 Glut_1,93,0.002
cluster,3042 PAG-MRN Tfap2b Glut_1,93,0.002
cluster,2920 PRC-PAG Tcf7l2 Irx2 Glut_4,93,0.002
cluster,2858 PAG-MRN Pou3f1 Glut_1,93,0.002
cluster,2708 MG-POL-SGN Nts Glut_2,93,0.002
cluster,1101 LSX Nkx2-1 Gaba_6,93,0.002
cluster,1305 MEA-BST Lhx6 Nfib Gaba_5,92,0.002
cluster,1537 PVR Six3 Sox3 Gaba_9,92,0.002
cluster,2273 DMH Hmx2 Glut_2,92,0.002
cluster,1722 ZI Pax6 Gaba_1,92,0.002
cluster,4792 DTN-LDT-IPN Otp Pax3 Gaba_4,92,0.002
cluster,3404 PPN-CUN-PCG Otp En1 Gaba_3,92,0.002
cluster,3431 MRN-VTN-PPN Pax5 Cdh23 Gaba_2,92,0.002
cluster,3608 PRT Tcf7l2 Gaba_2,92,0.002
cluster,3822 SCsg Gabrr2 Gaba_4,92,0.002
cluster,3244 SCig-an-PPT Foxb1 Glut_1,92,0.002
cluster,4305 NTS Phox2b Glut_10,92,0.002
cluster,4493 MV-SPIV Zic4 Neurod2 Glut_1,92,0.002
cluster,4441 SPVI-SPVC Tlx3 Ebf3 Glut_6,92,0.002
cluster,5072 NTS-PARN Neurod2 Gly-Gaba_1,92,0.002
cluster,5039 PARN-MDRNd-NTS Gbx2 Gly-Gaba_3,92,0.002
cluster,2796 PAG-SC Neurod2 Meis2 Glut_4,92,0.002
cluster,0202 MEA Slc17a7 Glut_2,92,0.002
cluster,1460 MPO-ADP Lhx8 Gaba_2,91,0.002
cluster,0020 IT EP-CLA Glut_3,91,0.002
cluster,1902 PVpo-VMPO-MPN Hmx2 Gaba_2,91,0.002
cluster,1396 CEA-BST Ebf1 Pdyn Gaba_4,91,0.002
cluster,2241 MPN-MPO-PVpo Hmx2 Glut_2,91,0.002
cluster,1574 TMv-PMv Tbx3 Hist-Gaba_1,91,0.002
cluster,4300 NTS Phox2b Glut_9,91,0.002
cluster,4061 PB Evx2 Glut_5,91,0.002
cluster,3883 MB-MY Tph2 Glut-Sero_1,91,0.002
cluster,2612 LH Pou4f1 Sox1 Glut_4,91,0.002
cluster,3599 PRT Tcf7l2 Gaba_1,91,0.002
cluster,3492 IC Six3 En2 Gaba_4,91,0.002
cluster,4647 PRNc Otp Gly-Gaba_3,91,0.002
cluster,4052 PB Evx2 Glut_4,91,0.002
cluster,3067 PAG-MRN Tfap2b Glut_1,91,0.002
cluster,3100 PAG Pou4f1 Ebf2 Glut_1,91,0.002
cluster,3273 SCiw Pitx2 Glut_2,91,0.002
cluster,1749 ZI Pax6 Gaba_5,90,0.002
cluster,1899 PVpo-VMPO-MPN Hmx2 Gaba_2,90,0.002
cluster,2233 MPN-MPO-PVpo Hmx2 Glut_1,90,0.002
cluster,3877 SNc-VTA-RAmb Foxa1 Dopa_8,90,0.002
cluster,4056 PB Evx2 Glut_5,90,0.002
cluster,2159 SI-MA-LPO-LHA Skor1 Glut_3,90,0.002
cluster,2921 PRC-PAG Tcf7l2 Irx2 Glut_5,90,0.002
cluster,3535 PAG-ND-PCG Onecut1 Gaba_1,90,0.002
cluster,3490 IC Six3 En2 Gaba_4,90,0.002
cluster,3472 IC Six3 En2 Gaba_1,90,0.002
cluster,3420 MRN-VTN-PPN Pax5 Cdh23 Gaba_1,90,0.002
cluster,3622 PRT Tcf7l2 Gaba_4,90,0.002
cluster,3448 PAG-PPN Pax5 Sox21 Gaba_2,90,0.002
cluster,4404 PGRN-PARN-MDRN Hoxb5 Glut_7,90,0.002
cluster,5084 NTS-PARN Neurod2 Gly-Gaba_2,90,0.002
cluster,5026 PARN-MDRNd-NTS Gbx2 Gly-Gaba_1,90,0.002
cluster,4629 CS-RPO Meis2 Gaba_5,90,0.002
cluster,4996 MV Pax6 Gly-Gaba_1,90,0.002
cluster,3134 PAG Pou4f1 Ebf2 Glut_6,90,0.002
cluster,5252 Ependymal NN_1,90,0.002
cluster,0703 RHP-COA Ndnf Gaba_5,90,0.002
cluster,1273 MEA-BST Lhx6 Nr2e1 Gaba_2,89,0.002
cluster,1038 NDB-SI-ant Prdm12 Gaba_2,89,0.002
cluster,0921 GPe-SI Sox6 Cyp26b1 Gaba_2,89,0.002
cluster,0619 OB-STR-CTX Inh IMN_5,89,0.002
cluster,1523 PVR Six3 Sox3 Gaba_6,89,0.002
cluster,1896 PVpo-VMPO-MPN Hmx2 Gaba_2,89,0.002
cluster,2325 LHA-AHN-PVH Otp Trh Glut_1,89,0.002
cluster,2091 AVPV-MEPO-SFO Tbr1 Glut_3,89,0.002
cluster,3841 SNc-VTA-RAmb Foxa1 Dopa_1,89,0.002
cluster,3474 IC Six3 En2 Gaba_1,89,0.002
cluster,4528 NTS Dbh Glut_1,89,0.002
cluster,4968 NTS-MDRNd Prox1 Zic1 Gly-Gaba_1,89,0.002
cluster,5096 NTS-PARN Neurod2 Gly-Gaba_3,89,0.002
cluster,3041 PAG-MRN Tfap2b Glut_1,89,0.002
cluster,3081 PAG Pou4f1 Bnc2 Glut_1,89,0.002
cluster,3075 PAG-MRN Tfap2b Glut_2,89,0.002
cluster,5211 Astro-NT NN_1,89,0.002
cluster,0699 RHP-COA Ndnf Gaba_5,89,0.002
cluster,1447 SI-MPO-LPO Lhx8 Gaba_4,89,0.002
cluster,1342 CEA-BST Six3 Cyp26b1 Gaba_4,88,0.002
cluster,3393 PPN-CUN-PCG Otp En1 Gaba_2,88,0.002
cluster,4863 MY Lhx1 Gly-Gaba_1,88,0.002
cluster,2255 MPN-MPO-PVpo Hmx2 Glut_4,88,0.002
cluster,2321 LHA Pmch Glut_1,88,0.002
cluster,2738 PRC-PAG Pax6 Glut_2,88,0.002
cluster,1999 MEA-COA-BMA Ccdc42 Glut_1,88,0.002
cluster,2147 SI-MA-LPO-LHA Skor1 Glut_2,88,0.002
cluster,2169 SI-MA-LPO-LHA Skor1 Glut_4,88,0.002
cluster,2610 LH Pou4f1 Sox1 Glut_4,88,0.002
cluster,4229 NTS Phox2b Glut_1,88,0.002
cluster,3430 MRN-VTN-PPN Pax5 Cdh23 Gaba_2,88,0.002
cluster,0292 CA1-ProS Glut_5,88,0.002
cluster,4834 PRP Otp Gly-Gaba_4,88,0.002
cluster,4826 PRP Otp Gly-Gaba_3,88,0.002
cluster,4249 NTS Phox2b Glut_3,88,0.002
cluster,4664 PB Sst Gly-Gaba_1,88,0.002
cluster,4940 MV-SPIV-PRP Dmbx1 Gly-Gaba_1,88,0.002
cluster,4558 VCO Mafa Meis2 Glut_1,88,0.002
cluster,4806 NLL Gata3 Gly-Gaba_3,88,0.002
cluster,3965 PB Pax5 Glut_1,88,0.002
cluster,5156 SPVI-SPVC Sall3 Lhx1 Gly-Gaba_2,88,0.002
cluster,3050 PAG-MRN Tfap2b Glut_1,88,0.002
cluster,3376 SCop Sln Glut_1,88,0.002
cluster,3162 PAG Pou4f2 Glut_3,88,0.002
cluster,0851 Sst Chodl Gaba_2,88,0.002
cluster,1136 LSX Prdm12 Slit2 Gaba_3,88,0.002
cluster,1484 MPN-MPO-LPO Lhx6 Zfhx3 Gaba_1,87,0.002
cluster,1490 MPN-MPO-LPO Lhx6 Zfhx3 Gaba_2,87,0.002
cluster,4608 CS-RPO Meis2 Gaba_1,87,0.002
cluster,1972 LGv-ZI Otx2 Gaba_1,87,0.002
cluster,1410 CEA-BST Rai14 Pdyn Crh Gaba_2,87,0.002
cluster,1932 DMH Hmx2 Gaba_2,87,0.002
cluster,2221 LHA-MEA Otp Glut_1,87,0.002
cluster,2486 PH Pitx2 Glut_2,87,0.002
cluster,2162 SI-MA-LPO-LHA Skor1 Glut_3,87,0.002
cluster,3836 IPN Otp Crisp1 Gaba_3,87,0.002
cluster,4178 IPN-LDT Vsx2 Nkx6-1 Glut_1,87,0.002
cluster,3651 LGv-SPFp-SPFm Nkx2-2 Tcf7l2 Gaba_3,87,0.002
cluster,0290 CA1-ProS Glut_5,87,0.002
cluster,4536 NTS Dbh Glut_2,87,0.002
cluster,4503 MV-SPIV Zic4 Neurod2 Glut_2,87,0.002
cluster,4585 SPVC Ccdc172 Glut_1,87,0.002
cluster,5077 NTS-PARN Neurod2 Gly-Gaba_1,87,0.002
cluster,3298 IC Tfap2d Maf Glut_2,87,0.002
cluster,2919 PRC-PAG Tcf7l2 Irx2 Glut_3,87,0.002
cluster,2993 SPA-SPFm-SPFp-POL-PIL-PoT Sp9 Glut_8,87,0.002
cluster,2976 SPA-SPFm-SPFp-POL-PIL-PoT Sp9 Glut_6,87,0.002
cluster,3248 SCig-an-PPT Foxb1 Glut_1,87,0.002
cluster,0838 STR Prox1 Lhx6 Gaba_3,87,0.002
cluster,0697 RHP-COA Ndnf Gaba_4,87,0.002
cluster,1084 LSX Nkx2-1 Gaba_2,87,0.002
cluster,0952 STR D1 Gaba_3,86,0.002
cluster,0920 GPe-SI Sox6 Cyp26b1 Gaba_2,86,0.002
cluster,1498 BST Tac2 Gaba_1,86,0.002
cluster,2234 MPN-MPO-PVpo Hmx2 Glut_1,86,0.002
cluster,1795 DMH-LHA Gsx1 Gaba_2,86,0.002
cluster,2407 PH-ant-LHA Otp Bsx Glut_4,86,0.002
cluster,2137 SI-MA-LPO-LHA Skor1 Glut_1,86,0.002
cluster,0488 OB Eomes Ms4a15 Glut_2,86,0.002
cluster,4766 LDT-PCG St18 Gaba_1,86,0.002
cluster,4227 NTS Phox2b Glut_1,86,0.002
cluster,4502 MV-SPIV Zic4 Neurod2 Glut_2,86,0.002
cluster,4570 SPVC Mafa Glut_1,86,0.002
cluster,5163 SPVI-SPVC Sall3 Lhx1 Gly-Gaba_2,86,0.002
cluster,3314 IC Tfap2d Maf Glut_4,86,0.002
cluster,2902 PRC-PAG Tcf7l2 Irx2 Glut_1,86,0.002
cluster,2996 SPA-SPFm-SPFp-POL-PIL-PoT Sp9 Glut_9,86,0.002
cluster,2945 SPA-SPFm-SPFp-POL-PIL-PoT Sp9 Glut_2,86,0.002
cluster,0937 PAL-STR Gaba-Chol_3,86,0.002
cluster,1420 SI-MPO-LPO Lhx8 Gaba_1,85,0.002
cluster,1229 MEA-BST Sox6 Gaba_8,85,0.002
cluster,1572 ARH-PVi Six6 Dopa-Gaba_2,85,0.002
cluster,1715 ZI Pax6 Gaba_1,85,0.002
cluster,1755 ZI Pax6 Gaba_6,85,0.002
cluster,1792 DMH-LHA Gsx1 Gaba_1,85,0.002
cluster,2507 PH-LHA Foxb1 Glut_2,85,0.002
cluster,2073 AVPV-MEPO-SFO Tbr1 Glut_1,85,0.002
cluster,2101 LHA Barhl2 Glut_1,85,0.002
cluster,2206 MEA Otp Foxp2 Glut_1,85,0.002
cluster,3891 MB-MY Tph2 Glut-Sero_2,85,0.002
cluster,2605 LH Pou4f1 Sox1 Glut_2,85,0.002
cluster,3403 PPN-CUN-PCG Otp En1 Gaba_3,85,0.002
cluster,3770 PRT Mecom Gaba_1,85,0.002
cluster,4231 NTS Phox2b Glut_1,85,0.002
cluster,4287 NTS Phox2b Glut_7,85,0.002
cluster,5176 DCO Il22 Gly-Gaba_3,85,0.002
cluster,3163 PAG Pou4f2 Glut_3,85,0.002
cluster,2916 PRC-PAG Tcf7l2 Irx2 Glut_3,85,0.002
cluster,2951 SPA-SPFm-SPFp-POL-PIL-PoT Sp9 Glut_3,85,0.002
cluster,2804 PAG Pou4f3 Glut_1,85,0.002
cluster,5255 Ependymal NN_1,85,0.002
cluster,0855 Sst Chodl Gaba_3,85,0.002
cluster,1811 DMH-LHA Gsx1 Gaba_4,84,0.002
cluster,2836 CUN Evx2 Lhx2 Glut_4,84,0.002
cluster,2127 ADP-MPO Trp73 Glut_2,84,0.002
cluster,3895 MB-MY Tph2 Glut-Sero_2,84,0.002
cluster,4778 DTN-LDT-IPN Otp Pax3 Gaba_1,84,0.002
cluster,4740 LDT-PCG-CS Gata3 Lhx1 Gaba_2,84,0.002
cluster,5005 RPA Pax6 Hoxb5 Gly-Gaba_1,84,0.002
cluster,0265 CA1-ProS Glut_1,84,0.002
cluster,3505 IC Six3 En2 Gaba_6,84,0.002
cluster,4944 MV-SPIV-PRP Dmbx1 Gly-Gaba_1,84,0.002
cluster,4301 NTS Phox2b Glut_9,84,0.002
cluster,4252 NTS Phox2b Glut_3,84,0.002
cluster,4255 NTS Phox2b Glut_3,84,0.002
cluster,5101 NTS-PARN Neurod2 Gly-Gaba_4,84,0.002
cluster,0227 LA-BLA-BMA-PA Glut_1,84,0.002
cluster,3108 PAG Pou4f1 Ebf2 Glut_1,84,0.002
cluster,0902 NDB-SI-MA-STRv Lhx8 Gaba_6,84,0.002
cluster,1162 LSX Prdm12 Zeb2 Gaba_3,84,0.002
cluster,1049 LSX Sall3 Pax6 Gaba_2,84,0.002
cluster,1004 STR-PAL Chst9 Gaba_2,83,0.002
cluster,1411 BST-SI-AAA Six3 Slc22a3 Gaba_1,83,0.002
cluster,1714 ZI Pax6 Gaba_1,83,0.002
cluster,1782 ZI Pax6 Gaba_11,83,0.002
cluster,2483 PH Pitx2 Glut_1,83,0.002
cluster,3840 SNc-VTA-RAmb Foxa1 Dopa_1,83,0.002
cluster,2207 MEA Otp Foxp2 Glut_1,83,0.002
cluster,4027 PB Evx2 Glut_2,83,0.002
cluster,3351 CUN-PPN Evx2 Meis2 Glut_5,83,0.002
cluster,2604 LH Pou4f1 Sox1 Glut_2,83,0.002
cluster,2596 MH Tac2 Glut_5,83,0.002
cluster,4682 CS-PRNr-PCG Tmem163 Otp Gaba_1,83,0.002
cluster,4786 DTN-LDT-IPN Otp Pax3 Gaba_3,83,0.002
cluster,4113 PCG-PRNr Vsx2 Nkx6-1 Glut_3,83,0.002
cluster,5165 RO-RPA Pkd2l1 Gaba_1,83,0.002
cluster,3762 PRT Mecom Gaba_1,83,0.002
cluster,4688 CS-PRNr-DR En1 Sox2 Gaba_1,83,0.002
cluster,4541 NTS Dbh Glut_2,83,0.002
cluster,4819 PRP Otp Gly-Gaba_1,83,0.002
cluster,4442 SPVI-SPVC Tlx3 Ebf3 Glut_6,83,0.002
cluster,3142 PAG Pou4f1 Ebf2 Glut_8,83,0.002
cluster,2864 PAG-MRN Pou3f1 Glut_1,83,0.002
cluster,1423 SI-MPO-LPO Lhx8 Gaba_1,83,0.002
cluster,1065 LSX Otx2 Gaba_4,83,0.002
cluster,0969 STR D2 Gaba_1,82,0.002
cluster,0610 OB-STR-CTX Inh IMN_3,82,0.002
cluster,1519 PVR Six3 Sox3 Gaba_4,82,0.002
cluster,2058 MS-SF Bsx Glut_1,82,0.002
cluster,0063 L5 IT CTX Glut_4,82,0.002
cluster,2494 PH Pitx2 Glut_2,82,0.002
cluster,2203 MEA Otp Foxp2 Glut_1,82,0.002
cluster,2181 SI-MA-LPO-LHA Skor1 Glut_6,82,0.002
cluster,0332 L2/3 IT PPP Glut_1,82,0.002
cluster,4696 CS-PRNr-DR En1 Sox2 Gaba_2,82,0.002
cluster,4468 CU-ECU-SPVI Foxb1 Glut_2,82,0.002
cluster,4465 CU-ECU-SPVI Foxb1 Glut_1,82,0.002
cluster,4827 PRP Otp Gly-Gaba_3,82,0.002
cluster,4970 NTS-MDRNd Prox1 Zic1 Gly-Gaba_2,82,0.002
cluster,4495 MV-SPIV Zic4 Neurod2 Glut_1,82,0.002
cluster,4171 PRNr Otp Nfib Glut_1,82,0.002
cluster,5138 SPVI-SPVC Sall3 Nfib Gly-Gaba_2,82,0.002
cluster,4157 PB-NTS Phox2b Ebf3 Lmx1b Glut_1,82,0.002
cluster,5147 SPVI-SPVC Sall3 Lhx1 Gly-Gaba_1,82,0.002
cluster,3037 PAG-SC Pou4f1 Zic1 Glut_3,82,0.002
cluster,3016 PAG-SC Pou4f1 Zic1 Glut_1,82,0.002
cluster,2839 CUN Evx2 Lhx2 Glut_5,82,0.002
cluster,3264 SCiw Pitx2 Glut_1,82,0.002
cluster,0938 PAL-STR Gaba-Chol_3,82,0.002
cluster,0901 NDB-SI-MA-STRv Lhx8 Gaba_6,82,0.002
cluster,1113 LSX Nkx2-1 Gaba_11,82,0.002
cluster,0989 STR D2 Gaba_7,81,0.002
cluster,1219 MEA-BST Sox6 Gaba_6,81,0.002
cluster,1780 ZI Pax6 Gaba_10,81,0.002
cluster,1385 CEA-BST Ebf1 Pdyn Gaba_1,81,0.002
cluster,2756 MB-ant-ve Dmrta2 Glut_1,81,0.002
cluster,2132 ADP-MPO Trp73 Glut_3,81,0.002
cluster,2118 ADP-MPO Trp73 Glut_1,81,0.002
cluster,3846 SNc-VTA-RAmb Foxa1 Dopa_2,81,0.002
cluster,3866 SNc-VTA-RAmb Foxa1 Dopa_4,81,0.002
cluster,3265 SCiw Pitx2 Glut_1,81,0.002
cluster,2048 COAa-PAA-MEA Barhl2 Glut_7,81,0.002
cluster,4042 PB Evx2 Glut_3,81,0.002
cluster,3882 MB-MY Tph2 Glut-Sero_1,81,0.002
cluster,2582 MH Tac2 Glut_2,81,0.002
cluster,3990 LDT-PCG Vsx2 Lhx4 Glut_3,81,0.002
cluster,4193 LDT Vsx2 Nkx6-1 Nfib Glut_1,81,0.002
cluster,3783 SC Tnnt1 Gli3 Gaba_2,81,0.002
cluster,3738 SCs Dmbx1 Gaba_4,81,0.002
cluster,2825 CUN Evx2 Lhx2 Glut_2,81,0.002
cluster,4277 NTS Phox2b Glut_5,81,0.002
cluster,4513 MV-SPIV Zic4 Neurod2 Glut_4,81,0.002
cluster,5114 NTS-PARN Neurod2 Gly-Gaba_6,81,0.002
cluster,3087 PAG Pou4f1 Bnc2 Glut_1,81,0.002
cluster,2812 PAG Pou4f3 Glut_3,81,0.002
cluster,2927 SPA-SPFm-SPFp-POL-PIL-PoT Sp9 Glut_1,81,0.002
cluster,2788 PAG-SC Neurod2 Meis2 Glut_2,81,0.002
cluster,3193 PAG Pou4f2 Mesi2 Glut_4,81,0.002
cluster,1063 LSX Otx2 Gaba_3,81,0.002
cluster,1871 PVpo-VMPO-MPN Hmx2 Gaba_1,80,0.002
cluster,2249 MPN-MPO-PVpo Hmx2 Glut_3,80,0.002
cluster,2541 PH-SUM Foxa1 Glut_2,80,0.002
cluster,2425 PH-ant-LHA Otp Bsx Glut_7,80,0.002
cluster,4101 PCG-PRNr Vsx2 Nkx6-1 Glut_1,80,0.002
cluster,4670 CS-PRNr-PCG Tmem163 Otp Gaba_1,80,0.002
cluster,3524 PAG-MRN-RN Foxa2 Gaba_3,80,0.002
cluster,3780 PRT Mecom Gaba_3,80,0.002
cluster,3628 PRT Tcf7l2 Gaba_4,80,0.002
cluster,3419 MRN-VTN-PPN Pax5 Cdh23 Gaba_1,80,0.002
cluster,3611 PRT Tcf7l2 Gaba_2,80,0.002
cluster,3709 SCm-PAG Cdh23 Gaba_1,80,0.002
cluster,4644 PRNc Otp Gly-Gaba_2,80,0.002
cluster,3908 MB-MY Tph2 Glut-Sero_5,80,0.002
cluster,4257 NTS Phox2b Glut_4,80,0.002
cluster,4525 NTS Dbh Glut_1,80,0.002
cluster,4196 NLL-SOC Spp1 Glut_2,80,0.002
cluster,5062 PARN-MDRNd-NTS Gbx2 Gly-Gaba_7,80,0.002
cluster,2833 CUN Evx2 Lhx2 Glut_4,80,0.002
cluster,0763 Sst Gaba_2,80,0.002
cluster,0698 RHP-COA Ndnf Gaba_4,80,0.002
cluster,1043 LSX Sall3 Pax6 Gaba_1,80,0.002
cluster,1039 NDB-SI-ant Prdm12 Gaba_3,79,0.002
cluster,1673 AHN-SBPV-PVHd Pdrm12 Gaba_6,79,0.002
cluster,1547 BST-MPN Six3 Nrgn Gaba_4,79,0.002
cluster,1421 SI-MPO-LPO Lhx8 Gaba_1,79,0.002
cluster,1875 PVpo-VMPO-MPN Hmx2 Gaba_1,79,0.002
cluster,2267 DMH Hmx2 Glut_1,79,0.002
cluster,1951 DMH Hmx2 Gaba_4,79,0.002
cluster,2120 ADP-MPO Trp73 Glut_1,79,0.002
cluster,4811 POR Gata3 Gly-Gaba_1,79,0.002
cluster,2560 PH-SUM Foxa1 Glut_6,79,0.002
cluster,3872 SNc-VTA-RAmb Foxa1 Dopa_6,79,0.002
cluster,4029 PB Evx2 Glut_2,79,0.002
cluster,2195 SI-MA-LPO-LHA Skor1 Glut_7,79,0.002
cluster,4785 DTN-LDT-IPN Otp Pax3 Gaba_3,79,0.002
cluster,4679 CS-PRNr-PCG Tmem163 Otp Gaba_1,79,0.002
cluster,3513 PAG-MRN-RN Foxa2 Gaba_1,79,0.002
cluster,3625 PRT Tcf7l2 Gaba_4,79,0.002
cluster,3620 PRT Tcf7l2 Gaba_3,79,0.002
cluster,4609 CS-RPO Meis2 Gaba_1,79,0.002
cluster,4518 NTS Aldh1a2 Glut_1,79,0.002
cluster,4053 PB Evx2 Glut_4,79,0.002
cluster,3297 IC Tfap2d Maf Glut_2,79,0.002
cluster,3196 PAG Pou4f2 Mesi2 Glut_5,79,0.002
cluster,3365 SCsg Pde5a Glut_2,79,0.002
cluster,0934 PAL-STR Gaba-Chol_3,79,0.002
cluster,1070 LSX Otx2 Gaba_5,79,0.002
cluster,1529 PVR Six3 Sox3 Gaba_8,78,0.002
cluster,1501 BST Tac2 Gaba_2,78,0.002
cluster,2123 ADP-MPO Trp73 Glut_2,78,0.002
cluster,0102 L4/5 IT CTX Glut_6,78,0.002
cluster,2444 STN-PSTN Pitx2 Glut_3,78,0.002
cluster,2536 PH-SUM Foxa1 Glut_1,78,0.002
cluster,2146 SI-MA-LPO-LHA Skor1 Glut_2,78,0.002
cluster,4115 PCG-PRNr Vsx2 Nkx6-1 Glut_3,78,0.002
cluster,4714 LDT-DTN Gata3 Nfix Gaba_2,78,0.002
cluster,3760 PRT Mecom Gaba_1,78,0.002
cluster,4549 NTS Dbh Glut_5,78,0.002
cluster,4413 SPVI-SPVC Tlx3 Ebf3 Glut_1,78,0.002
cluster,0299 CA3 Glut_1,78,0.002
cluster,4571 SPVC Mafa Glut_1,78,0.002
cluster,3119 PAG Pou4f1 Ebf2 Glut_3,78,0.002
cluster,3218 SCig Foxb1 Glut_1,78,0.002
cluster,0890 NDB-SI-MA-STRv Lhx8 Gaba_4,78,0.002
cluster,1907 PVpo-VMPO-MPN Hmx2 Gaba_3,77,0.002
cluster,1502 BST Tac2 Gaba_2,77,0.002
cluster,2063 MS-SF Bsx Glut_1,77,0.002
cluster,1711 AHN Onecut3 Gaba_3,77,0.002
cluster,2094 AVPV-MEPO-SFO Tbr1 Glut_4,77,0.002
cluster,3865 SNc-VTA-RAmb Foxa1 Dopa_4,77,0.002
cluster,3963 PB-SUT Tlx3 Lhx2 Glut_1,77,0.002
cluster,2222 LHA-MEA Otp Glut_1,77,0.002
cluster,4022 PB Evx2 Glut_1,77,0.002
cluster,3880 MB-MY Tph2 Glut-Sero_1,77,0.002
cluster,4401 PGRN-PARN-MDRN Hoxb5 Glut_7,77,0.002
cluster,4798 DTN-LDT-IPN Otp Pax3 Gaba_5,77,0.002
cluster,4100 PCG-PRNr Vsx2 Nkx6-1 Glut_1,77,0.002
cluster,3466 IC Six3 En2 Gaba_1,77,0.002
cluster,3426 MRN-VTN-PPN Pax5 Cdh23 Gaba_2,77,0.002
cluster,3460 PAG-PPN Pax5 Sox21 Gaba_4,77,0.002
cluster,4703 CS-PRNr-DR En1 Sox2 Gaba_2,77,0.002
cluster,3785 SC Tnnt1 Gli3 Gaba_2,77,0.002
cluster,0311 CA3 Glut_3,77,0.002
cluster,4158 PB-NTS Phox2b Ebf3 Lmx1b Glut_1,77,0.002
cluster,4487 MV-SPIV Phox2b Ebf3 Lbx1 Glut_3,77,0.002
cluster,5033 PARN-MDRNd-NTS Gbx2 Gly-Gaba_2,77,0.002
cluster,5036 PARN-MDRNd-NTS Gbx2 Gly-Gaba_2,77,0.002
cluster,3210 SC Bnc2 Glut_4,77,0.002
cluster,0659 Vip Gaba_10,77,0.002
cluster,1567 BST-MPN Six3 Nrgn Gaba_7,76,0.002
cluster,2301 VMH Nr5a1 Glut_1,76,0.002
cluster,2534 PMd-LHA Foxb1 Glut_3,76,0.002
cluster,2408 PH-ant-LHA Otp Bsx Glut_4,76,0.002
cluster,2402 PH-ant-LHA Otp Bsx Glut_3,76,0.002
cluster,4772 LDT-PCG St18 Gaba_2,76,0.002
cluster,3582 PAG-RN Nkx2-2 Otx1 Gaba_3,76,0.002
cluster,3974 LDT-PCG Vsx2 Lhx4 Glut_1,76,0.002
cluster,4224 PRP-NI-PRNc-GRN Otp Glut_4,76,0.002
cluster,3250 SCig-an-PPT Foxb1 Glut_1,76,0.002
cluster,4425 SPVI-SPVC Tlx3 Ebf3 Glut_3,76,0.002
cluster,3093 PAG Pou4f1 Bnc2 Glut_2,76,0.002
cluster,3097 PAG Pou4f1 Bnc2 Glut_2,76,0.002
cluster,2886 MRN Pou3f1 C1ql4 Glut_1,76,0.002
cluster,2813 CUN Evx2 Lhx2 Glut_1,76,0.002
cluster,5303 VLMC NN_4,76,0.002
cluster,0930 PAL-STR Gaba-Chol_2,76,0.002
cluster,0869 NDB-SI-MA-STRv Lhx8 Gaba_1,76,0.002
cluster,0898 NDB-SI-MA-STRv Lhx8 Gaba_5,76,0.002
cluster,0912 NDB-SI-MA-STRv Lhx8 Gaba_10,76,0.002
cluster,1362 CEA-AAA-BST Six3 Sp9 Gaba_3,75,0.002
cluster,2244 MPN-MPO-PVpo Hmx2 Glut_2,75,0.002
cluster,2265 DMH Hmx2 Glut_1,75,0.002
cluster,1841 TU-ARH Otp Six6 Gaba_1,75,0.002
cluster,3338 CUN-PPN Evx2 Meis2 Glut_3,75,0.002
cluster,2374 PVH-SO-PVa Otp Glut_2,75,0.002
cluster,2178 SI-MA-LPO-LHA Skor1 Glut_5,75,0.002
cluster,0501 HPF CR Glut_1,75,0.002
cluster,0153 L2/3 IT PIR-ENTl Glut_3,75,0.002
cluster,3893 MB-MY Tph2 Glut-Sero_2,75,0.002
cluster,2609 LH Pou4f1 Sox1 Glut_4,75,0.002
cluster,3523 PAG-MRN-RN Foxa2 Gaba_3,75,0.002
cluster,4715 LDT-DTN Gata3 Nfix Gaba_2,75,0.002
cluster,3488 IC Six3 En2 Gaba_4,75,0.002
cluster,3473 IC Six3 En2 Gaba_1,75,0.002
cluster,3441 SNr-VTA Pax5 Npas1 Gaba_2,75,0.002
cluster,3699 SC-PAG Lef1 Emx2 Gaba_5,75,0.002
cluster,4372 PGRN-PARN-MDRN Hoxb5 Glut_5,75,0.002
cluster,4552 DMX VII Tbx20 Chol_1,75,0.002
cluster,4529 NTS Dbh Glut_1,75,0.002
cluster,4605 HB Calcb Chol_5,75,0.002
cluster,3139 PAG Pou4f1 Ebf2 Glut_7,75,0.002
cluster,3141 PAG Pou4f1 Ebf2 Glut_7,75,0.002
cluster,2806 PAG Pou4f3 Glut_1,75,0.002
cluster,2878 PAG-MRN Pou3f1 Glut_5,75,0.002
cluster,2795 PAG-SC Neurod2 Meis2 Glut_4,75,0.002
cluster,0886 NDB-SI-MA-STRv Lhx8 Gaba_3,75,0.002
cluster,1442 SI-MPO-LPO Lhx8 Gaba_3,75,0.002
cluster,1950 DMH Hmx2 Gaba_4,74,0.002
cluster,2423 PH-ant-LHA Otp Bsx Glut_7,74,0.002
cluster,2038 COAa-PAA-MEA Barhl2 Glut_6,74,0.002
cluster,3345 CUN-PPN Evx2 Meis2 Glut_4,74,0.002
cluster,4208 PRP-NI-PRNc-GRN Otp Glut_2,74,0.002
cluster,2163 SI-MA-LPO-LHA Skor1 Glut_4,74,0.002
cluster,4132 PRNc-NI-SG-RPO Vsx2 Nr4a2 Glut_3,74,0.002
cluster,4737 LDT-PCG-CS Gata3 Lhx1 Gaba_1,74,0.002
cluster,4739 LDT-PCG-CS Gata3 Lhx1 Gaba_2,74,0.002
cluster,3463 SNr Six3 Gaba_1,74,0.002
cluster,4309 MDRNv Lhx4 Qrfprl Glut_1,74,0.002
cluster,3385 ND-INC Foxd2 Glut_1,74,0.002
cluster,4237 NTS Phox2b Glut_2,74,0.002
cluster,4272 NTS Phox2b Glut_5,74,0.002
cluster,4266 NTS Phox2b Glut_5,74,0.002
cluster,4264 NTS Phox2b Glut_4,74,0.002
cluster,5013 PRP Gata3 Slc6a5 Gly-Gaba_1,74,0.002
cluster,5129 SPVI-SPVC Sall3 Nfib Gly-Gaba_1,74,0.002
cluster,4426 SPVI-SPVC Tlx3 Ebf3 Glut_3,74,0.002
cluster,4064 PB Evx2 Glut_6,74,0.002
cluster,5030 PARN-MDRNd-NTS Gbx2 Gly-Gaba_2,74,0.002
cluster,5041 PARN-MDRNd-NTS Gbx2 Gly-Gaba_3,74,0.002
cluster,3066 PAG-MRN Tfap2b Glut_1,74,0.002
cluster,2969 SPA-SPFm-SPFp-POL-PIL-PoT Sp9 Glut_5,74,0.002
cluster,2932 SPA-SPFm-SPFp-POL-PIL-PoT Sp9 Glut_1,74,0.002
cluster,2889 MRN Pou3f1 C1ql4 Glut_1,74,0.002
cluster,0936 PAL-STR Gaba-Chol_3,74,0.002
cluster,0889 NDB-SI-MA-STRv Lhx8 Gaba_4,74,0.002
cluster,1150 LSX Prdm12 Zeb2 Gaba_1,74,0.002
cluster,1175 LSX Sall3 Lmo1 Gaba_1,74,0.002
cluster,1053 LSX Otx2 Gaba_2,74,0.002
cluster,1241 MEA-BST Lhx6 Sp9 Gaba_1,73,0.002
cluster,1535 PVR Six3 Sox3 Gaba_9,73,0.002
cluster,1779 ZI Pax6 Gaba_10,73,0.002
cluster,1716 ZI Pax6 Gaba_1,73,0.002
cluster,4674 CS-PRNr-PCG Tmem163 Otp Gaba_1,73,0.002
cluster,4106 PCG-PRNr Vsx2 Nkx6-1 Glut_2,73,0.002
cluster,2531 PMd-LHA Foxb1 Glut_2,73,0.002
cluster,2545 PH-SUM Foxa1 Glut_3,73,0.002
cluster,3868 SNc-VTA-RAmb Foxa1 Dopa_5,73,0.002
cluster,2333 LHA-AHN-PVH Otp Trh Glut_2,73,0.002
cluster,4075 PB Evx2 Glut_7,73,0.002
cluster,3349 CUN-PPN Evx2 Meis2 Glut_5,73,0.002
cluster,3918 PB Lmx1a Glut_1,73,0.002
cluster,3590 PAG-RN Nkx2-2 Otx1 Gaba_5,73,0.002
cluster,3715 SCm-PAG Cdh23 Gaba_3,73,0.002
cluster,4822 PRP Otp Gly-Gaba_2,73,0.002
cluster,4219 PRP-NI-PRNc-GRN Otp Glut_3,73,0.002
cluster,4832 PRP Otp Gly-Gaba_4,73,0.002
cluster,4149 PSV Pvalb Lhx2 Glut_1,73,0.002
cluster,3058 PAG-MRN Tfap2b Glut_1,73,0.002
cluster,3026 PAG-SC Pou4f1 Zic1 Glut_2,73,0.002
cluster,3105 PAG Pou4f1 Ebf2 Glut_1,73,0.002
cluster,2819 CUN Evx2 Lhx2 Glut_2,73,0.002
cluster,5317 DC NN_1,73,0.002
cluster,0857 Sst Chodl Gaba_3,73,0.002
cluster,1299 MEA-BST Lhx6 Nfib Gaba_3,72,0.002
cluster,1883 PVpo-VMPO-MPN Hmx2 Gaba_1,72,0.002
cluster,2055 MS-SF Bsx Glut_1,72,0.002
cluster,1320 SI-MA-ACB Ebf1 Bnc2 Gaba_2,72,0.002
cluster,1930 DMH Hmx2 Gaba_2,72,0.002
cluster,2260 MPN-MPO-PVpo Hmx2 Glut_6,72,0.002
cluster,2328 LHA-AHN-PVH Otp Trh Glut_1,72,0.002
cluster,2481 PH Pitx2 Glut_1,72,0.002
cluster,2740 PRC-PAG Pax6 Glut_2,72,0.002
cluster,2526 PMd-LHA Foxb1 Glut_2,72,0.002
cluster,4184 IPN-LDT Vsx2 Nkx6-1 Glut_2,72,0.002
cluster,3936 PB Lmx1a Glut_4,72,0.002
cluster,4188 LDT Vsx2 Nkx6-1 Nfib Glut_1,72,0.002
cluster,3537 PAG-ND-PCG Onecut1 Gaba_1,72,0.002
cluster,3589 PAG-RN Nkx2-2 Otx1 Gaba_5,72,0.002
cluster,3675 SC-PAG Lef1 Emx2 Gaba_1,72,0.002
cluster,4538 NTS Dbh Glut_2,72,0.002
cluster,5187 CBX Golgi Gly-Gaba_1,72,0.002
cluster,5127 SPVI-SPVC Sall3 Nfib Gly-Gaba_1,72,0.002
cluster,4434 SPVI-SPVC Tlx3 Ebf3 Glut_4,72,0.002
cluster,4154 PB-NTS Phox2b Ebf3 Lmx1b Glut_1,72,0.002
cluster,5153 SPVI-SPVC Sall3 Lhx1 Gly-Gaba_2,72,0.002
cluster,2872 PAG-MRN Pou3f1 Glut_4,72,0.002
cluster,2977 SPA-SPFm-SPFp-POL-PIL-PoT Sp9 Glut_6,72,0.002
cluster,3342 CUN-PPN Evx2 Meis2 Glut_4,72,0.002
cluster,1577 TMv-PMv Tbx3 Hist-Gaba_1,72,0.002
cluster,1210 MEA-BST Sox6 Gaba_4,71,0.002
cluster,0591 OB Dopa-Gaba_3,71,0.002
cluster,1815 PVHd-DMH Lhx6 Gaba_1,71,0.002
cluster,1785 ZI Pax6 Gaba_11,71,0.002
cluster,1888 PVpo-VMPO-MPN Hmx2 Gaba_2,71,0.002
cluster,2562 PH-SUM Foxa1 Glut_6,71,0.002
cluster,3874 SNc-VTA-RAmb Foxa1 Dopa_6,71,0.002
cluster,2398 PH-ant-LHA Otp Bsx Glut_2,71,0.002
cluster,2184 SI-MA-LPO-LHA Skor1 Glut_6,71,0.002
cluster,3926 PB Lmx1a Glut_2,71,0.002
cluster,1992 TRS-BAC Sln Glut_1,71,0.002
cluster,3548 PAG-ND-PCG Onecut1 Gaba_2,71,0.002
cluster,3496 IC Six3 En2 Gaba_5,71,0.002
cluster,3734 SCs Dmbx1 Gaba_4,71,0.002
cluster,3088 PAG Pou4f1 Bnc2 Glut_2,71,0.002
cluster,3160 PAG Pou4f2 Glut_2,71,0.002
cluster,3202 PAG Pou4f2 Mesi2 Glut_6,71,0.002
cluster,5294 ABC NN_1,71,0.002
cluster,1437 SI-MPO-LPO Lhx8 Gaba_2,71,0.002
cluster,0847 Sst Chodl Gaba_1,70,0.002
cluster,1514 PVR Six3 Sox3 Gaba_3,70,0.002
cluster,1699 AHN Onecut3 Gaba_1,70,0.002
cluster,1461 MPO-ADP Lhx8 Gaba_2,70,0.002
cluster,1793 DMH-LHA Gsx1 Gaba_1,70,0.002
cluster,3875 SNc-VTA-RAmb Foxa1 Dopa_7,70,0.002
cluster,2354 AHN-RCH-LHA Otp Fezf1 Glut_3,70,0.002
cluster,3902 MB-MY Tph2 Glut-Sero_4,70,0.002
cluster,4775 DTN-LDT-IPN Otp Pax3 Gaba_1,70,0.002
cluster,3475 IC Six3 En2 Gaba_1,70,0.002
cluster,4718 NI-RPO Gata3 Nr4a2 Gaba_1,70,0.002
cluster,3423 MRN-VTN-PPN Pax5 Cdh23 Gaba_1,70,0.002
cluster,3567 PAG-RN Nkx2-2 Otx1 Gaba_2,70,0.002
cluster,3814 SCsg Gabrr2 Gaba_2,70,0.002
cluster,4205 PRP-NI-PRNc-GRN Otp Glut_1,70,0.002
cluster,4607 CS-RPO Meis2 Gaba_1,70,0.002
cluster,3384 ND-INC Foxd2 Glut_1,70,0.002
cluster,4273 NTS Phox2b Glut_5,70,0.002
cluster,4540 NTS Dbh Glut_2,70,0.002
cluster,4952 MDRN Hoxb5 Ebf2 Gly-Gaba_1,70,0.002
cluster,4975 MV Nkx6-1 Gly-Gaba_1,70,0.002
cluster,4172 PRNr Otp Nfib Glut_1,70,0.002
cluster,4419 SPVI-SPVC Tlx3 Ebf3 Glut_2,70,0.002
cluster,3014 PAG-SC Pou4f1 Zic1 Glut_1,70,0.002
cluster,3015 PAG-SC Pou4f1 Zic1 Glut_1,70,0.002
cluster,3110 PAG Pou4f1 Ebf2 Glut_2,70,0.002
cluster,3154 PAG Pou4f2 Glut_1,70,0.002
cluster,0923 PAL-STR Gaba-Chol_1,70,0.002
cluster,1446 SI-MPO-LPO Lhx8 Gaba_4,70,0.002
cluster,1681 AHN-SBPV-PVHd Pdrm12 Gaba_7,69,0.002
cluster,1477 MPO-ADP Lhx8 Gaba_4,69,0.002
cluster,2070 MS-SF Bsx Glut_1,69,0.002
cluster,1865 TMd-DMH Foxd2 Gaba_1,69,0.002
cluster,2731 PRC-PAG Pax6 Glut_1,69,0.002
cluster,3881 MB-MY Tph2 Glut-Sero_1,69,0.002
cluster,4002 LDT-PCG Vsx2 Lhx4 Glut_5,69,0.002
cluster,3551 PAG-ND-PCG Onecut1 Gaba_3,69,0.002
cluster,4352 PGRN-PARN-MDRN Hoxb5 Glut_3,69,0.002
cluster,4331 PGRN-PARN-MDRN Hoxb5 Glut_1,69,0.002
cluster,4141 PRNc-PARN Tlx1 Glut_2,69,0.002
cluster,5012 PRP Gata3 Slc6a5 Gly-Gaba_1,69,0.002
cluster,4957 MDRNd Prox1 Pax6 Gly-Gaba_1,69,0.002
cluster,5184 CB PLI Gly-Gaba_3,69,0.002
cluster,4483 MV-SPIV Phox2b Ebf3 Lbx1 Glut_1,69,0.002
cluster,4586 SPVC Ccdc172 Glut_1,69,0.002
cluster,5157 SPVI-SPVC Sall3 Lhx1 Gly-Gaba_2,69,0.002
cluster,3225 SCig Foxb1 Glut_2,69,0.002
cluster,1430 SI-MPO-LPO Lhx8 Gaba_2,69,0.002
cluster,1064 LSX Otx2 Gaba_4,69,0.002
cluster,1230 MEA-BST Sox6 Gaba_8,68,0.002
cluster,1245 MEA-BST Lhx6 Sp9 Gaba_2,68,0.002
cluster,1487 MPN-MPO-LPO Lhx6 Zfhx3 Gaba_1,68,0.002
cluster,1486 MPN-MPO-LPO Lhx6 Zfhx3 Gaba_1,68,0.002
cluster,2763 MRN-PAG Nkx6-1 Glut_1,68,0.002
cluster,2741 PRC-PAG Pax6 Glut_3,68,0.002
cluster,2434 STN-PSTN Pitx2 Glut_1,68,0.002
cluster,2773 IF-RL-CLI-PAG Foxa1 Glut_2,68,0.002
cluster,3320 CUN-PPN Evx2 Meis2 Glut_1,68,0.002
cluster,4216 PRP-NI-PRNc-GRN Otp Glut_3,68,0.002
cluster,3888 MB-MY Tph2 Glut-Sero_2,68,0.002
cluster,3935 PB Lmx1a Glut_3,68,0.002
cluster,3939 PB Lmx1a Glut_4,68,0.002
cluster,4671 CS-PRNr-PCG Tmem163 Otp Gaba_1,68,0.002
cluster,3664 LGv-SPFp-SPFm Nkx2-2 Tcf7l2 Gaba_6,68,0.002
cluster,3565 PAG-RN Nkx2-2 Otx1 Gaba_2,68,0.002
cluster,0268 CA1-ProS Glut_1,68,0.002
cluster,4137 PRNc-PARN Tlx1 Glut_1,68,0.002
cluster,4281 NTS Phox2b Glut_6,68,0.002
cluster,4821 PRP Otp Gly-Gaba_1,68,0.002
cluster,4987 PAS-MV Ebf2 Gly-Gaba_2,68,0.002
cluster,3077 PAG Pou4f1 Bnc2 Glut_1,68,0.002
cluster,3078 PAG Pou4f1 Bnc2 Glut_1,68,0.002
cluster,3021 PAG-SC Pou4f1 Zic1 Glut_2,68,0.002
cluster,3294 IC Tfap2d Maf Glut_2,68,0.002
cluster,2876 PAG-MRN Pou3f1 Glut_5,68,0.002
cluster,2980 SPA-SPFm-SPFp-POL-PIL-PoT Sp9 Glut_6,68,0.002
cluster,3185 PAG Pou4f2 Mesi2 Glut_2,68,0.002
cluster,2816 CUN Evx2 Lhx2 Glut_1,68,0.002
cluster,1366 CEA-AAA-BST Six3 Sp9 Gaba_4,67,0.002
cluster,1232 MEA-BST Sox6 Gaba_9,67,0.002
cluster,1546 BST-MPN Six3 Nrgn Gaba_3,67,0.002
cluster,1476 MPO-ADP Lhx8 Gaba_4,67,0.002
cluster,1392 CEA-BST Ebf1 Pdyn Gaba_3,67,0.002
cluster,1801 DMH-LHA Gsx1 Gaba_2,67,0.002
cluster,2752 MB-ant-ve Dmrta2 Glut_1,67,0.002
cluster,2435 STN-PSTN Pitx2 Glut_1,67,0.002
cluster,2100 LHA Barhl2 Glut_1,67,0.002
cluster,2090 AVPV-MEPO-SFO Tbr1 Glut_3,67,0.002
cluster,3837 SNc-VTA-RAmb Foxa1 Dopa_1,67,0.002
cluster,4055 PB Evx2 Glut_5,67,0.002
cluster,4046 PB Evx2 Glut_3,67,0.002
cluster,0486 OB Eomes Ms4a15 Glut_1,67,0.002
cluster,4654 PRNc Otp Gly-Gaba_3,67,0.002
cluster,3980 LDT-PCG Vsx2 Lhx4 Glut_2,67,0.002
cluster,3997 LDT-PCG Vsx2 Lhx4 Glut_4,67,0.002
cluster,4402 PGRN-PARN-MDRN Hoxb5 Glut_7,67,0.002
cluster,3501 IC Six3 En2 Gaba_6,67,0.002
cluster,3486 IC Six3 En2 Gaba_3,67,0.002
cluster,3445 PAG-PPN Pax5 Sox21 Gaba_1,67,0.002
cluster,4616 CS-RPO Meis2 Gaba_2,67,0.002
cluster,4261 NTS Phox2b Glut_4,67,0.002
cluster,4415 SPVI-SPVC Tlx3 Ebf3 Glut_1,67,0.002
cluster,3966 PB Pax5 Glut_1,67,0.002
cluster,4480 MV-SPIV Phox2b Ebf3 Lbx1 Glut_1,67,0.002
cluster,4955 MDRN Hoxb5 Ebf2 Gly-Gaba_1,67,0.002
cluster,3051 PAG-MRN Tfap2b Glut_1,67,0.002
cluster,3167 PAG Pou4f2 Glut_4,67,0.002
cluster,3255 SCig Foxb1 Otx2 Glut_1,67,0.002
cluster,2838 CUN Evx2 Lhx2 Glut_5,67,0.002
cluster,0924 PAL-STR Gaba-Chol_1,67,0.002
cluster,1082 LSX Nkx2-1 Gaba_2,67,0.002
cluster,1068 LSX Otx2 Gaba_4,67,0.002
cluster,1248 MEA-BST Lhx6 Sp9 Gaba_3,66,0.002
cluster,0830 STR Prox1 Lhx6 Gaba_1,66,0.002
cluster,1512 PVR Six3 Sox3 Gaba_3,66,0.002
cluster,1680 AHN-SBPV-PVHd Pdrm12 Gaba_7,66,0.002
cluster,1771 ZI Pax6 Gaba_8,66,0.002
cluster,1874 PVpo-VMPO-MPN Hmx2 Gaba_1,66,0.002
cluster,2539 PH-SUM Foxa1 Glut_1,66,0.002
cluster,2479 PH-an Pitx2 Glut_2,66,0.002
cluster,3854 SNc-VTA-RAmb Foxa1 Dopa_3,66,0.002
cluster,4210 PRP-NI-PRNc-GRN Otp Glut_2,66,0.002
cluster,3887 MB-MY Tph2 Glut-Sero_1,66,0.002
cluster,0495 OB Eomes Ms4a15 Glut_5,66,0.002
cluster,4791 DTN-LDT-IPN Otp Pax3 Gaba_4,66,0.002
cluster,3994 LDT-PCG Vsx2 Lhx4 Glut_4,66,0.002
cluster,3434 SNr-VTA Pax5 Npas1 Gaba_1,66,0.002
cluster,3459 PAG-PPN Pax5 Sox21 Gaba_4,66,0.002
cluster,3661 LGv-SPFp-SPFm Nkx2-2 Tcf7l2 Gaba_5,66,0.002
cluster,3793 SCs Lef1 Gli3 Gaba_2,66,0.002
cluster,3795 SCs Lef1 Gli3 Gaba_3,66,0.002
cluster,3721 SCm-PAG Cdh23 Gaba_4,66,0.002
cluster,5008 RPA Pax6 Hoxb5 Gly-Gaba_1,66,0.002
cluster,4375 PGRN-PARN-MDRN Hoxb5 Glut_5,66,0.002
cluster,4080 PB Evx2 Glut_8,66,0.002
cluster,5038 PARN-MDRNd-NTS Gbx2 Gly-Gaba_3,66,0.002
cluster,3036 PAG-SC Pou4f1 Zic1 Glut_3,66,0.002
cluster,3289 IC Tfap2d Maf Glut_1,66,0.002
cluster,2826 CUN Evx2 Lhx2 Glut_3,66,0.002
cluster,2827 CUN Evx2 Lhx2 Glut_3,66,0.002
cluster,5240 Astroependymal NN_2,66,0.002
cluster,0768 Sst Gaba_3,66,0.002
cluster,0910 NDB-SI-MA-STRv Lhx8 Gaba_9,66,0.002
cluster,1073 LSX Otx2 Gaba_5,66,0.002
cluster,1118 LSX Prdm12 Slit2 Gaba_1,66,0.002
cluster,1030 NDB-SI-ant Prdm12 Gaba_1,66,0.002
cluster,1365 CEA-AAA-BST Six3 Sp9 Gaba_4,65,0.002
cluster,0971 STR D2 Gaba_1,65,0.002
cluster,1565 BST-MPN Six3 Nrgn Gaba_7,65,0.002
cluster,0994 STR D1 Sema5a Gaba_2,65,0.002
cluster,1719 ZI Pax6 Gaba_1,65,0.002
cluster,1597 RT-ZI Gnb3 Gaba_4,65,0.002
cluster,1405 CEA-BST Ebf1 Pdyn Gaba_8,65,0.002
cluster,2269 DMH Hmx2 Glut_1,65,0.002
cluster,2544 PH-SUM Foxa1 Glut_3,65,0.002
cluster,4045 PB Evx2 Glut_3,65,0.002
cluster,2191 SI-MA-LPO-LHA Skor1 Glut_6,65,0.002
cluster,3912 PB Lmx1a Glut_1,65,0.002
cluster,3406 PPN-CUN-PCG Otp En1 Gaba_3,65,0.002
cluster,4760 PDTg Otp Olig3 Gaba_1,65,0.002
cluster,4121 PCG-PRNr Vsx2 Nkx6-1 Glut_6,65,0.002
cluster,3542 PAG-ND-PCG Onecut1 Gaba_1,65,0.002
cluster,3633 LGv-SPFp-SPFm Nkx2-2 Tcf7l2 Gaba_1,65,0.002
cluster,3489 IC Six3 En2 Gaba_4,65,0.002
cluster,3456 PAG-PPN Pax5 Sox21 Gaba_3,65,0.002
cluster,4244 NTS Phox2b Glut_2,65,0.002
cluster,4841 PRP Otp Gly-Gaba_5,65,0.002
cluster,4595 MDRNd Bves Glut_1,65,0.002
cluster,4560 VCO Mafa Meis2 Glut_1,65,0.002
cluster,4576 SPVC Mafa Glut_2,65,0.002
cluster,3296 IC Tfap2d Maf Glut_2,65,0.002
cluster,3019 PAG-SC Pou4f1 Zic1 Glut_1,65,0.002
cluster,3003 SPA-SPFm-SPFp-POL-PIL-PoT Sp9 Glut_11,65,0.002
cluster,0787 Sst Gaba_6,65,0.002
cluster,2856 APN C1ql4 Glut_1,65,0.002
cluster,0931 PAL-STR Gaba-Chol_2,65,0.002
cluster,1452 SI-MPO-LPO Lhx8 Gaba_5,65,0.002
cluster,1071 LSX Otx2 Gaba_5,65,0.002
cluster,1533 PVR Six3 Sox3 Gaba_9,64,0.002
cluster,2067 MS-SF Bsx Glut_1,64,0.002
cluster,2755 MB-ant-ve Dmrta2 Glut_1,64,0.002
cluster,3944 PB Lmx1a Glut_5,64,0.002
cluster,2122 ADP-MPO Trp73 Glut_2,64,0.002
cluster,2366 PVH-SO-PVa Otp Glut_1,64,0.002
cluster,4033 PB Evx2 Glut_3,64,0.002
cluster,2186 SI-MA-LPO-LHA Skor1 Glut_6,64,0.002
cluster,3924 PB Lmx1a Glut_1,64,0.002
cluster,3399 PPN-CUN-PCG Otp En1 Gaba_2,64,0.002
cluster,4672 CS-PRNr-PCG Tmem163 Otp Gaba_1,64,0.002
cluster,4764 LDT-PCG St18 Gaba_1,64,0.002
cluster,4010 LDT-PCG Vsx2 Lhx4 Glut_7,64,0.002
cluster,3587 PAG-RN Nkx2-2 Otx1 Gaba_4,64,0.002
cluster,3670 SC Otx2 Gcnt4 Gaba_1,64,0.002
cluster,4311 PGRNd Dmbx1 Glut_1,64,0.002
cluster,4584 SPVC Ccdc172 Glut_1,64,0.002
cluster,4580 SPVC Ccdc172 Glut_1,64,0.002
cluster,5054 PARN-MDRNd-NTS Gbx2 Gly-Gaba_5,64,0.002
cluster,5159 SPVI-SPVC Sall3 Lhx1 Gly-Gaba_2,64,0.002
cluster,3028 PAG-SC Pou4f1 Zic1 Glut_2,64,0.002
cluster,2829 CUN Evx2 Lhx2 Glut_3,64,0.002
cluster,0692 RHP-COA Ndnf Gaba_2,64,0.002
cluster,1086 LSX Nkx2-1 Gaba_2,64,0.002
cluster,1168 LSX Prdm12 Zeb2 Gaba_5,64,0.002
cluster,1876 PVpo-VMPO-MPN Hmx2 Gaba_1,63,0.002
cluster,1957 DMH Hmx2 Gaba_5,63,0.002
cluster,2491 PH Pitx2 Glut_2,63,0.002
cluster,2447 STN-PSTN Pitx2 Glut_3,63,0.002
cluster,3852 SNc-VTA-RAmb Foxa1 Dopa_2,63,0.002
cluster,2327 LHA-AHN-PVH Otp Trh Glut_1,63,0.002
cluster,2350 AHN-RCH-LHA Otp Fezf1 Glut_2,63,0.002
cluster,4150 PSV Pvalb Lhx2 Glut_2,63,0.002
cluster,4729 NI-RPO Gata3 Nr4a2 Gaba_3,63,0.002
cluster,3612 PRT Tcf7l2 Gaba_2,63,0.002
cluster,4920 MY Lhx1 Gly-Gaba_5,63,0.002
cluster,4374 PGRN-PARN-MDRN Hoxb5 Glut_5,63,0.002
cluster,4450 CU-ECU-SPVI Foxb1 Glut_1,63,0.002
cluster,4994 MV Pax6 Gly-Gaba_1,63,0.002
cluster,4269 NTS Phox2b Glut_5,63,0.002
cluster,4662 PRNc Otp Gly-Gaba_5,63,0.002
cluster,4151 PSV Pvalb Lhx2 Glut_2,63,0.002
cluster,4447 SPVI-SPVC Tlx3 Ebf3 Glut_7,63,0.002
cluster,3033 PAG-SC Pou4f1 Zic1 Glut_2,63,0.002
cluster,2992 SPA-SPFm-SPFp-POL-PIL-PoT Sp9 Glut_8,63,0.002
cluster,2805 PAG Pou4f3 Glut_1,63,0.002
cluster,3234 SCig Foxb1 Glut_4,63,0.002
cluster,2837 CUN Evx2 Lhx2 Glut_5,63,0.002
cluster,0935 PAL-STR Gaba-Chol_3,63,0.002
cluster,0658 Vip Gaba_10,63,0.002
cluster,0728 Lamp5 Lhx6 Gaba_1,63,0.002
cluster,3634 LGv-SPFp-SPFm Nkx2-2 Tcf7l2 Gaba_1,62,0.002
cluster,1226 MEA-BST Sox6 Gaba_7,62,0.002
cluster,0588 OB Dopa-Gaba_1,62,0.002
cluster,1618 SCH Six6 Cdc14a Gaba_3,62,0.002
cluster,1557 BST-MPN Six3 Nrgn Gaba_5,62,0.002
cluster,1472 MPO-ADP Lhx8 Gaba_4,62,0.002
cluster,1499 BST Tac2 Gaba_2,62,0.002
cluster,2245 MPN-MPO-PVpo Hmx2 Glut_2,62,0.002
cluster,2508 PH-LHA Foxb1 Glut_2,62,0.002
cluster,3272 SCiw Pitx2 Glut_1,62,0.002
cluster,2543 PH-SUM Foxa1 Glut_3,62,0.002
cluster,3851 SNc-VTA-RAmb Foxa1 Dopa_2,62,0.002
cluster,4683 CS-PRNr-PCG Tmem163 Otp Gaba_2,62,0.002
cluster,4771 LDT-PCG St18 Gaba_1,62,0.002
cluster,4782 DTN-LDT-IPN Otp Pax3 Gaba_2,62,0.002
cluster,3543 PAG-ND-PCG Onecut1 Gaba_2,62,0.002
cluster,4717 NI-RPO Gata3 Nr4a2 Gaba_1,62,0.002
cluster,4317 PGRN-PARN-MDRN Hoxb5 Glut_1,62,0.002
cluster,4526 NTS Dbh Glut_1,62,0.002
cluster,4294 NTS Phox2b Glut_8,62,0.002
cluster,4582 SPVC Ccdc172 Glut_1,62,0.002
cluster,3074 PAG-MRN Tfap2b Glut_2,62,0.002
cluster,3020 PAG-SC Pou4f1 Zic1 Glut_1,62,0.002
cluster,4315 PGRN-PARN-MDRN Hoxb5 Glut_1,62,0.002
cluster,0867 NDB-SI-MA-STRv Lhx8 Gaba_1,62,0.002
cluster,1182 LSX Sall3 Lmo1 Gaba_4,62,0.002
cluster,1142 LSX Prdm12 Slit2 Gaba_5,62,0.002
cluster,0705 RHP-COA Ndnf Gaba_6,61,0.002
cluster,1463 MPO-ADP Lhx8 Gaba_2,61,0.002
cluster,1090 LSX Nkx2-1 Gaba_3,61,0.002
cluster,2054 MS-SF Bsx Glut_1,61,0.002
cluster,1816 PVHd-DMH Lhx6 Gaba_1,61,0.002
cluster,1829 PVHd-DMH Lhx6 Gaba_2,61,0.002
cluster,1407 CEA-BST Rai14 Pdyn Crh Gaba_1,61,0.002
cluster,2305 VMH Nr5a1 Glut_1,61,0.002
cluster,3388 PAG-MRN Rln3 Gaba_1,61,0.002
cluster,2126 ADP-MPO Trp73 Glut_2,61,0.002
cluster,4028 PB Evx2 Glut_2,61,0.002
cluster,2883 PAG-MRN Pou3f1 Glut_6,61,0.002
cluster,4030 PB Evx2 Glut_2,61,0.002
cluster,3925 PB Lmx1a Glut_1,61,0.002
cluster,1994 TRS-BAC Sln Glut_2,61,0.002
cluster,4676 CS-PRNr-PCG Tmem163 Otp Gaba_1,61,0.002
cluster,3528 PAG-MRN-RN Foxa2 Gaba_4,61,0.002
cluster,5003 RPA Pax6 Hoxb5 Gly-Gaba_1,61,0.002
cluster,3584 PAG-RN Nkx2-2 Otx1 Gaba_3,61,0.002
cluster,3586 PAG-RN Nkx2-2 Otx1 Gaba_4,61,0.002
cluster,3727 SCs Dmbx1 Gaba_1,61,0.002
cluster,4228 NTS Phox2b Glut_1,61,0.002
cluster,4508 MV-SPIV Zic4 Neurod2 Glut_3,61,0.002
cluster,4937 MV-SPIV-PRP Dmbx1 Gly-Gaba_1,61,0.002
cluster,4147 PSV Pvalb Lhx2 Glut_1,61,0.002
cluster,5160 SPVI-SPVC Sall3 Lhx1 Gly-Gaba_2,61,0.002
cluster,3069 PAG-MRN Tfap2b Glut_1,61,0.002
cluster,2893 MRN Pou3f1 C1ql4 Glut_2,61,0.002
cluster,3178 PAG Pou4f2 Mesi2 Glut_1,61,0.002
cluster,1183 LSX Sall3 Lmo1 Gaba_5,61,0.002
cluster,1120 LSX Prdm12 Slit2 Gaba_1,61,0.002
cluster,1319 SI-MA-ACB Ebf1 Bnc2 Gaba_1,60,0.001
cluster,1881 PVpo-VMPO-MPN Hmx2 Gaba_1,60,0.001
cluster,4949 MV-SPIV-PRP Dmbx1 Gly-Gaba_3,60,0.001
cluster,4017 LDT-PCG Vsx2 Lhx4 Glut_8,60,0.001
cluster,2768 IF-RL-CLI-PAG Foxa1 Glut_1,60,0.001
cluster,2005 MEA-COA-BMA Ccdc42 Glut_3,60,0.001
cluster,4139 PRNc-PARN Tlx1 Glut_1,60,0.001
cluster,2176 SI-MA-LPO-LHA Skor1 Glut_5,60,0.001
cluster,2189 SI-MA-LPO-LHA Skor1 Glut_6,60,0.001
cluster,2190 SI-MA-LPO-LHA Skor1 Glut_6,60,0.001
cluster,3828 IPN Otp Crisp1 Gaba_1,60,0.001
cluster,4787 DTN-LDT-IPN Otp Pax3 Gaba_3,60,0.001
cluster,4160 PB-NTS Phox2b Ebf3 Lmx1b Glut_1,60,0.001
cluster,3665 LGv-SPFp-SPFm Nkx2-2 Tcf7l2 Gaba_6,60,0.001
cluster,3594 PAG-RN Nkx2-2 Otx1 Gaba_6,60,0.001
cluster,3566 PAG-RN Nkx2-2 Otx1 Gaba_2,60,0.001
cluster,3580 PAG-RN Nkx2-2 Otx1 Gaba_3,60,0.001
cluster,4356 PGRN-PARN-MDRN Hoxb5 Glut_3,60,0.001
cluster,4652 PRNc Otp Gly-Gaba_3,60,0.001
cluster,4922 MY Lhx1 Gly-Gaba_6,60,0.001
cluster,0349 L5 ET CTX Glut_1,60,0.001
cluster,4825 PRP Otp Gly-Gaba_3,60,0.001
cluster,4553 DMX VII Tbx20 Chol_1,60,0.001
cluster,4275 NTS Phox2b Glut_5,60,0.001
cluster,4530 NTS Dbh Glut_1,60,0.001
cluster,4600 MDRNv Crp Glut_1,60,0.001
cluster,5183 CB PLI Gly-Gaba_3,60,0.001
cluster,5168 DCO Il22 Gly-Gaba_1,60,0.001
cluster,4424 SPVI-SPVC Tlx3 Ebf3 Glut_3,60,0.001
cluster,3971 PB Pax5 Glut_1,60,0.001
cluster,0300 CA3 Glut_1,60,0.001
cluster,5057 PARN-MDRNd-NTS Gbx2 Gly-Gaba_6,60,0.001
cluster,3175 PAG Pou4f2 Glut_5,60,0.001
cluster,2918 PRC-PAG Tcf7l2 Irx2 Glut_3,60,0.001
cluster,2873 PAG-MRN Pou3f1 Glut_4,60,0.001
cluster,3357 SCig Tfap2b Chrnb3 Glut_1,60,0.001
cluster,2815 CUN Evx2 Lhx2 Glut_1,60,0.001
cluster,0862 Sst Chodl Gaba_6,60,0.001
cluster,0873 NDB-SI-MA-STRv Lhx8 Gaba_2,60,0.001
cluster,1166 LSX Prdm12 Zeb2 Gaba_4,60,0.001
cluster,1324 SI-MA-ACB Ebf1 Bnc2 Gaba_3,59,0.001
cluster,0831 STR Prox1 Lhx6 Gaba_1,59,0.001
cluster,1283 MEA-BST Lhx6 Nfib Gaba_1,59,0.001
cluster,1527 PVR Six3 Sox3 Gaba_8,59,0.001
cluster,1807 DMH-LHA Gsx1 Gaba_2,59,0.001
cluster,2760 MB-ant-ve Dmrta2 Glut_1,59,0.001
cluster,2750 PRC-PAG Pax6 Glut_4,59,0.001
cluster,4144 PB-PSV Phox2b Glut_1,59,0.001
cluster,4547 NTS Dbh Glut_4,59,0.001
cluster,3901 MB-MY Tph2 Glut-Sero_3,59,0.001
cluster,4685 CS-PRNr-PCG Tmem163 Otp Gaba_2,59,0.001
cluster,4486 MV-SPIV Phox2b Ebf3 Lbx1 Glut_2,59,0.001
cluster,3636 LGv-SPFp-SPFm Nkx2-2 Tcf7l2 Gaba_1,59,0.001
cluster,3504 IC Six3 En2 Gaba_6,59,0.001
cluster,3267 SCiw Pitx2 Glut_1,59,0.001
cluster,4456 CU-ECU-SPVI Foxb1 Glut_1,59,0.001
cluster,4267 NTS Phox2b Glut_5,59,0.001
cluster,4274 NTS Phox2b Glut_5,59,0.001
cluster,4517 NTS Aldh1a2 Glut_1,59,0.001
cluster,4899 MY Lhx1 Gly-Gaba_3,59,0.001
cluster,4524 CBN Neurod2 Pvalb Glut_1,59,0.001
cluster,4562 VCO Mafa Meis2 Glut_3,59,0.001
cluster,4421 SPVI-SPVC Tlx3 Ebf3 Glut_2,59,0.001
cluster,4049 PB Evx2 Glut_4,59,0.001
cluster,2928 SPA-SPFm-SPFp-POL-PIL-PoT Sp9 Glut_1,59,0.001
cluster,3354 SCig Tfap2b Chrnb3 Glut_1,59,0.001
cluster,3254 SCig Foxb1 Otx2 Glut_1,59,0.001
cluster,0837 STR Prox1 Lhx6 Gaba_3,59,0.001
cluster,0727 Lamp5 Lhx6 Gaba_1,59,0.001
cluster,0868 NDB-SI-MA-STRv Lhx8 Gaba_1,59,0.001
cluster,0909 NDB-SI-MA-STRv Lhx8 Gaba_8,59,0.001
cluster,1072 LSX Otx2 Gaba_5,59,0.001
cluster,0965 STR D2 Gaba_1,58,0.001
cluster,0620 OB-STR-CTX Inh IMN_5,58,0.001
cluster,1836 PVHd-DMH Lhx6 Gaba_4,58,0.001
cluster,1748 ZI Pax6 Gaba_4,58,0.001
cluster,1756 ZI Pax6 Gaba_6,58,0.001
cluster,1389 CEA-BST Ebf1 Pdyn Gaba_2,58,0.001
cluster,1323 SI-MA-ACB Ebf1 Bnc2 Gaba_2,58,0.001
cluster,2515 PH-LHA Foxb1 Glut_4,58,0.001
cluster,2467 PMv-TMv Pitx2 Glut_2,58,0.001
cluster,2472 PMv-TMv Pitx2 Glut_3,58,0.001
cluster,2110 LHA Barhl2 Glut_2,58,0.001
cluster,2117 ADP-MPO Trp73 Glut_1,58,0.001
cluster,2476 PH-an Pitx2 Glut_2,58,0.001
cluster,2422 PH-ant-LHA Otp Bsx Glut_6,58,0.001
cluster,2342 AHN-RCH-LHA Otp Fezf1 Glut_1,58,0.001
cluster,3346 CUN-PPN Evx2 Meis2 Glut_4,58,0.001
cluster,4047 PB Evx2 Glut_3,58,0.001
cluster,2187 SI-MA-LPO-LHA Skor1 Glut_6,58,0.001
cluster,3915 PB Lmx1a Glut_1,58,0.001
cluster,3417 MRN-PPN-CUN Pax8 Gaba_2,58,0.001
cluster,3413 MRN-PPN-CUN Pax8 Gaba_2,58,0.001
cluster,4000 LDT-PCG Vsx2 Lhx4 Glut_5,58,0.001
cluster,3975 LDT-PCG Vsx2 Lhx4 Glut_1,58,0.001
cluster,3545 PAG-ND-PCG Onecut1 Gaba_2,58,0.001
cluster,4726 NI-RPO Gata3 Nr4a2 Gaba_2,58,0.001
cluster,4727 NI-RPO Gata3 Nr4a2 Gaba_2,58,0.001
cluster,3779 PRT Mecom Gaba_3,58,0.001
cluster,4701 CS-PRNr-DR En1 Sox2 Gaba_2,58,0.001
cluster,4268 NTS Phox2b Glut_5,58,0.001
cluster,4288 NTS Phox2b Glut_7,58,0.001
cluster,4966 NTS-MDRNd Prox1 Zic1 Gly-Gaba_1,58,0.001
cluster,5164 RO-RPA Pkd2l1 Gaba_1,58,0.001
cluster,4658 PRNc Otp Gly-Gaba_4,58,0.001
cluster,4565 VCO Mafa Meis2 Glut_3,58,0.001
cluster,4435 SPVI-SPVC Tlx3 Ebf3 Glut_4,58,0.001
cluster,5021 PARN-MDRNd-NTS Gbx2 Gly-Gaba_1,58,0.001
cluster,3063 PAG-MRN Tfap2b Glut_1,58,0.001
cluster,3313 IC Tfap2d Maf Glut_4,58,0.001
cluster,2874 PAG-MRN Pou3f1 Glut_5,58,0.001
cluster,1444 SI-MPO-LPO Lhx8 Gaba_3,58,0.001
cluster,1173 LSX Prdm12 Zeb2 Gaba_5,58,0.001
cluster,2180 SI-MA-LPO-LHA Skor1 Glut_6,57,0.001
cluster,1304 MEA-BST Lhx6 Nfib Gaba_5,57,0.001
cluster,0555 OB-in Frmd7 Gaba_4,57,0.001
cluster,1644 PVHd-SBPV Six3 Prox1 Gaba_4,57,0.001
cluster,2062 MS-SF Bsx Glut_1,57,0.001
cluster,2047 COAa-PAA-MEA Barhl2 Glut_7,57,0.001
cluster,2446 STN-PSTN Pitx2 Glut_3,57,0.001
cluster,3269 SCiw Pitx2 Glut_1,57,0.001
cluster,3867 SNc-VTA-RAmb Foxa1 Dopa_5,57,0.001
cluster,4043 PB Evx2 Glut_3,57,0.001
cluster,4307 NTS Phox2b Glut_10,57,0.001
cluster,4127 PRNc-NI-SG-RPO Vsx2 Nr4a2 Glut_2,57,0.001
cluster,4126 PRNc-NI-SG-RPO Vsx2 Nr4a2 Glut_2,57,0.001
cluster,0278 CA1-ProS Glut_3,57,0.001
cluster,4818 PRP Otp Gly-Gaba_1,57,0.001
cluster,4838 PRP Otp Gly-Gaba_5,57,0.001
cluster,4351 PGRN-PARN-MDRN Hoxb5 Glut_3,57,0.001
cluster,4361 PGRN-PARN-MDRN Hoxb5 Glut_4,57,0.001
cluster,5052 PARN-MDRNd-NTS Gbx2 Gly-Gaba_5,57,0.001
cluster,3017 PAG-SC Pou4f1 Zic1 Glut_1,57,0.001
cluster,3126 PAG Pou4f1 Ebf2 Glut_4,57,0.001
cluster,2885 MRN Pou3f1 C1ql4 Glut_1,57,0.001
cluster,5238 Astroependymal NN_1,57,0.001
cluster,0790 Sst Gaba_6,57,0.001
cluster,1284 MEA-BST Lhx6 Nfib Gaba_1,56,0.001
cluster,1553 BST-MPN Six3 Nrgn Gaba_5,56,0.001
cluster,2059 MS-SF Bsx Glut_1,56,0.001
cluster,1656 AHN-SBPV-PVHd Pdrm12 Gaba_2,56,0.001
cluster,2487 PH Pitx2 Glut_2,56,0.001
cluster,3961 PSV Lmx1a Trpv6 Glut_1,56,0.001
cluster,2049 COAa-PAA-MEA Barhl2 Glut_8,56,0.001
cluster,4063 PB Evx2 Glut_6,56,0.001
cluster,2140 SI-MA-LPO-LHA Skor1 Glut_1,56,0.001
cluster,4114 PCG-PRNr Vsx2 Nkx6-1 Glut_3,56,0.001
cluster,3480 IC Six3 En2 Gaba_3,56,0.001
cluster,4719 NI-RPO Gata3 Nr4a2 Gaba_1,56,0.001
cluster,3775 PRT Mecom Gaba_3,56,0.001
cluster,3433 SNr-VTA Pax5 Npas1 Gaba_1,56,0.001
cluster,3447 PAG-PPN Pax5 Sox21 Gaba_2,56,0.001
cluster,4408 MV-SPIV Slc6a2 Glut_1,56,0.001
cluster,4308 MARN-GRN Pyy Glut_1,56,0.001
cluster,4473 CU-ECU-SPVI Foxb1 Glut_3,56,0.001
cluster,4285 NTS Phox2b Glut_7,56,0.001
cluster,4807 NLL Gata3 Gly-Gaba_4,56,0.001
cluster,5130 SPVI-SPVC Sall3 Nfib Gly-Gaba_1,56,0.001
cluster,4165 PB-NTS Phox2b Ebf3 Lmx1b Glut_2,56,0.001
cluster,4067 PB Evx2 Glut_6,56,0.001
cluster,3082 PAG Pou4f1 Bnc2 Glut_1,56,0.001
cluster,2728 PRC-PAG Pax6 Glut_1,56,0.001
cluster,3263 SCiw Pitx2 Glut_1,56,0.001
cluster,0929 PAL-STR Gaba-Chol_2,56,0.001
cluster,1103 LSX Nkx2-1 Gaba_6,56,0.001
cluster,0478 NP SUB Glut_1,56,0.001
cluster,1110 LSX Nkx2-1 Gaba_8,56,0.001
cluster,1933 DMH Hmx2 Gaba_2,55,0.001
cluster,1250 MEA-BST Lhx6 Sp9 Gaba_3,55,0.001
cluster,2069 MS-SF Bsx Glut_1,55,0.001
cluster,2074 AVPV-MEPO-SFO Tbr1 Glut_1,55,0.001
cluster,2553 PH-SUM Foxa1 Glut_5,55,0.001
cluster,3948 PB Lmx1a Glut_5,55,0.001
cluster,3899 MB-MY Tph2 Glut-Sero_3,55,0.001
cluster,3896 MB-MY Tph2 Glut-Sero_3,55,0.001
cluster,4175 IPN-LDT Vsx2 Nkx6-1 Glut_1,55,0.001
cluster,4303 NTS Phox2b Glut_10,55,0.001
cluster,3778 PRT Mecom Gaba_3,55,0.001
cluster,4323 PGRN-PARN-MDRN Hoxb5 Glut_1,55,0.001
cluster,4286 NTS Phox2b Glut_7,55,0.001
cluster,4507 MV-SPIV Zic4 Neurod2 Glut_3,55,0.001
cluster,4999 MV Pax6 Gly-Gaba_2,55,0.001
cluster,5173 DCO Il22 Gly-Gaba_3,55,0.001
cluster,5132 SPVI-SPVC Sall3 Nfib Gly-Gaba_1,55,0.001
cluster,4439 SPVI-SPVC Tlx3 Ebf3 Glut_5,55,0.001
cluster,4482 MV-SPIV Phox2b Ebf3 Lbx1 Glut_1,55,0.001
cluster,5043 PARN-MDRNd-NTS Gbx2 Gly-Gaba_3,55,0.001
cluster,2930 SPA-SPFm-SPFp-POL-PIL-PoT Sp9 Glut_1,55,0.001
cluster,0739 Pvalb Gaba_2,55,0.001
cluster,0853 Sst Chodl Gaba_2,55,0.001
cluster,0887 NDB-SI-MA-STRv Lhx8 Gaba_3,55,0.001
cluster,0916 NDB-SI-MA-STRv Lhx8 Gaba_12,55,0.001
cluster,1163 LSX Prdm12 Zeb2 Gaba_3,55,0.001
cluster,0866 NDB-SI-MA-STRv Lhx8 Gaba_1,54,0.001
cluster,1286 MEA-BST Lhx6 Nfib Gaba_1,54,0.001
cluster,0617 OB-STR-CTX Inh IMN_5,54,0.001
cluster,1406 CEA-BST Ebf1 Pdyn Gaba_8,54,0.001
cluster,1905 PVpo-VMPO-MPN Hmx2 Gaba_3,54,0.001
cluster,1857 TU-ARH Otp Six6 Gaba_3,54,0.001
cluster,1949 DMH Hmx2 Gaba_4,54,0.001
cluster,4403 PGRN-PARN-MDRN Hoxb5 Glut_7,54,0.001
cluster,2779 IF-RL-CLI-PAG Foxa1 Glut_4,54,0.001
cluster,3870 SNc-VTA-RAmb Foxa1 Dopa_5,54,0.001
cluster,3843 SNc-VTA-RAmb Foxa1 Dopa_1,54,0.001
cluster,4058 PB Evx2 Glut_5,54,0.001
cluster,3343 CUN-PPN Evx2 Meis2 Glut_4,54,0.001
cluster,3323 CUN-PPN Evx2 Meis2 Glut_1,54,0.001
cluster,3940 PB Lmx1a Glut_4,54,0.001
cluster,3943 PB Lmx1a Glut_4,54,0.001
cluster,2611 LH Pou4f1 Sox1 Glut_4,54,0.001
cluster,4694 CS-PRNr-DR En1 Sox2 Gaba_2,54,0.001
cluster,3458 PAG-PPN Pax5 Sox21 Gaba_4,54,0.001
cluster,3387 PAG-MRN Rln3 Gaba_1,54,0.001
cluster,3559 PAG-RN Nkx2-2 Otx1 Gaba_1,54,0.001
cluster,4613 CS-RPO Meis2 Gaba_2,54,0.001
cluster,4378 PGRN-PARN-MDRN Hoxb5 Glut_5,54,0.001
cluster,4451 CU-ECU-SPVI Foxb1 Glut_1,54,0.001
cluster,4627 CS-RPO Meis2 Gaba_4,54,0.001
cluster,4251 NTS Phox2b Glut_3,54,0.001
cluster,4512 MV-SPIV Zic4 Neurod2 Glut_4,54,0.001
cluster,4898 MY Lhx1 Gly-Gaba_3,54,0.001
cluster,4051 PB Evx2 Glut_4,54,0.001
cluster,4476 MV-SPIV Phox2b Ebf3 Lbx1 Glut_1,54,0.001
cluster,3035 PAG-SC Pou4f1 Zic1 Glut_3,54,0.001
cluster,3228 SCig Foxb1 Glut_3,54,0.001
cluster,2959 SPA-SPFm-SPFp-POL-PIL-PoT Sp9 Glut_4,54,0.001
cluster,1436 SI-MPO-LPO Lhx8 Gaba_2,54,0.001
cluster,1081 LSX Nkx2-1 Gaba_2,54,0.001
cluster,1083 LSX Nkx2-1 Gaba_2,54,0.001
cluster,1287 MEA-BST Lhx6 Nfib Gaba_1,53,0.001
cluster,1672 AHN-SBPV-PVHd Pdrm12 Gaba_6,53,0.001
cluster,1478 MPO-ADP Lhx8 Gaba_4,53,0.001
cluster,1670 AHN-SBPV-PVHd Pdrm12 Gaba_5,53,0.001
cluster,2504 PH-LHA Foxb1 Glut_1,53,0.001
cluster,2732 PRC-PAG Pax6 Glut_1,53,0.001
cluster,2775 IF-RL-CLI-PAG Foxa1 Glut_3,53,0.001
cluster,3931 PB Lmx1a Glut_3,53,0.001
cluster,3903 MB-MY Tph2 Glut-Sero_4,53,0.001
cluster,3892 MB-MY Tph2 Glut-Sero_2,53,0.001
cluster,4104 PCG-PRNr Vsx2 Nkx6-1 Glut_2,53,0.001
cluster,3533 PAG-ND-PCG Onecut1 Gaba_1,53,0.001
cluster,4732 NI-RPO Gata3 Nr4a2 Gaba_4,53,0.001
cluster,3573 PAG-RN Nkx2-2 Otx1 Gaba_3,53,0.001
cluster,4747 LDT-PCG-CS Gata3 Lhx1 Gaba_5,53,0.001
cluster,4723 NI-RPO Gata3 Nr4a2 Gaba_2,53,0.001
cluster,3457 PAG-PPN Pax5 Sox21 Gaba_4,53,0.001
cluster,3558 PAG-RN Nkx2-2 Otx1 Gaba_1,53,0.001
cluster,4831 PRP Otp Gly-Gaba_3,53,0.001
cluster,4921 MY Lhx1 Gly-Gaba_6,53,0.001
cluster,4460 CU-ECU-SPVI Foxb1 Glut_1,53,0.001
cluster,4534 NTS Dbh Glut_2,53,0.001
cluster,4668 PB Sst Gly-Gaba_2,53,0.001
cluster,5135 SPVI-SPVC Sall3 Nfib Gly-Gaba_1,53,0.001
cluster,4293 NTS Phox2b Glut_8,53,0.001
cluster,5083 NTS-PARN Neurod2 Gly-Gaba_1,53,0.001
cluster,3299 IC Tfap2d Maf Glut_2,53,0.001
cluster,2894 MRN Pou3f1 C1ql4 Glut_2,53,0.001
cluster,3252 SCig Foxb1 Otx2 Glut_1,53,0.001
cluster,0882 NDB-SI-MA-STRv Lhx8 Gaba_3,53,0.001
cluster,1108 LSX Nkx2-1 Gaba_8,53,0.001
cluster,1109 LSX Nkx2-1 Gaba_8,53,0.001
cluster,1122 LSX Prdm12 Slit2 Gaba_1,53,0.001
cluster,0602 OB-STR-CTX Inh IMN_2,52,0.001
cluster,1491 MPN-MPO-LPO Lhx6 Zfhx3 Gaba_2,52,0.001
cluster,2061 MS-SF Bsx Glut_1,52,0.001
cluster,4373 PGRN-PARN-MDRN Hoxb5 Glut_5,52,0.001
cluster,2351 AHN-RCH-LHA Otp Fezf1 Glut_2,52,0.001
cluster,2014 COAa-PAA-MEA Barhl2 Glut_1,52,0.001
cluster,2168 SI-MA-LPO-LHA Skor1 Glut_4,52,0.001
cluster,3396 PPN-CUN-PCG Otp En1 Gaba_2,52,0.001
cluster,4774 LDT-PCG St18 Gaba_2,52,0.001
cluster,4016 LDT-PCG Vsx2 Lhx4 Glut_8,52,0.001
cluster,3525 PAG-MRN-RN Foxa2 Gaba_4,52,0.001
cluster,4735 LDT-PCG-CS Gata3 Lhx1 Gaba_1,52,0.001
cluster,3769 PRT Mecom Gaba_1,52,0.001
cluster,3495 IC Six3 En2 Gaba_5,52,0.001
cluster,3428 MRN-VTN-PPN Pax5 Cdh23 Gaba_2,52,0.001
cluster,4218 PRP-NI-PRNc-GRN Otp Glut_3,52,0.001
cluster,4278 NTS Phox2b Glut_6,52,0.001
cluster,4195 NLL-SOC Spp1 Glut_1,52,0.001
cluster,4569 SPVC Mafa Glut_1,52,0.001
cluster,5075 NTS-PARN Neurod2 Gly-Gaba_1,52,0.001
cluster,5028 PARN-MDRNd-NTS Gbx2 Gly-Gaba_2,52,0.001
cluster,3140 PAG Pou4f1 Ebf2 Glut_7,52,0.001
cluster,3257 SCdg-PAG Tfap2b Glut_1,52,0.001
cluster,5261 Ependymal NN_2,52,0.001
cluster,2057 MS-SF Bsx Glut_1,51,0.001
cluster,1721 ZI Pax6 Gaba_1,51,0.001
cluster,2436 STN-PSTN Pitx2 Glut_2,51,0.001
cluster,2113 ADP-MPO Trp73 Glut_1,51,0.001
cluster,3876 SNc-VTA-RAmb Foxa1 Dopa_7,51,0.001
cluster,4074 PB Evx2 Glut_7,51,0.001
cluster,4031 PB Evx2 Glut_2,51,0.001
cluster,4083 PB Evx2 Glut_9,51,0.001
cluster,3348 CUN-PPN Evx2 Meis2 Glut_4,51,0.001
cluster,2597 MH Tac2 Glut_5,51,0.001
cluster,3390 PPN-CUN-PCG Otp En1 Gaba_1,51,0.001
cluster,3405 PPN-CUN-PCG Otp En1 Gaba_3,51,0.001
cluster,3415 MRN-PPN-CUN Pax8 Gaba_2,51,0.001
cluster,4767 LDT-PCG St18 Gaba_1,51,0.001
cluster,4398 PGRN-PARN-MDRN Hoxb5 Glut_7,51,0.001
cluster,4594 MDRNd Bves Glut_1,51,0.001
cluster,4698 CS-PRNr-DR En1 Sox2 Gaba_2,51,0.001
cluster,4919 MY Lhx1 Gly-Gaba_5,51,0.001
cluster,4839 PRP Otp Gly-Gaba_5,51,0.001
cluster,4556 DMX VII Tbx20 Chol_2,51,0.001
cluster,5139 SPVI-SPVC Sall3 Nfib Gly-Gaba_2,51,0.001
cluster,4054 PB Evx2 Glut_4,51,0.001
cluster,3018 PAG-SC Pou4f1 Zic1 Glut_1,51,0.001
cluster,3312 IC Tfap2d Maf Glut_4,51,0.001
cluster,3125 PAG Pou4f1 Ebf2 Glut_4,51,0.001
cluster,2970 SPA-SPFm-SPFp-POL-PIL-PoT Sp9 Glut_5,51,0.001
cluster,0785 Sst Gaba_6,51,0.001
cluster,0875 NDB-SI-MA-STRv Lhx8 Gaba_2,51,0.001
cluster,1076 LSX Nkx2-1 Gaba_2,51,0.001
cluster,1288 MEA-BST Lhx6 Nfib Gaba_1,50,0.001
cluster,1506 PVR Six3 Sox3 Gaba_1,50,0.001
cluster,1822 PVHd-DMH Lhx6 Gaba_2,50,0.001
cluster,2943 SPA-SPFm-SPFp-POL-PIL-PoT Sp9 Glut_2,50,0.001
cluster,2205 MEA Otp Foxp2 Glut_1,50,0.001
cluster,3916 PB Lmx1a Glut_1,50,0.001
cluster,4376 PGRN-PARN-MDRN Hoxb5 Glut_5,50,0.001
cluster,4009 LDT-PCG Vsx2 Lhx4 Glut_7,50,0.001
cluster,4176 IPN-LDT Vsx2 Nkx6-1 Glut_1,50,0.001
cluster,4118 PCG-PRNr Vsx2 Nkx6-1 Glut_5,50,0.001
cluster,5006 RPA Pax6 Hoxb5 Gly-Gaba_1,50,0.001
cluster,3581 PAG-RN Nkx2-2 Otx1 Gaba_3,50,0.001
cluster,4649 PRNc Otp Gly-Gaba_3,50,0.001
cluster,4222 PRP-NI-PRNc-GRN Otp Glut_4,50,0.001
cluster,4545 NTS Dbh Glut_3,50,0.001
cluster,4815 PRP Otp Gly-Gaba_1,50,0.001
cluster,5182 CB PLI Gly-Gaba_2,50,0.001
cluster,5128 SPVI-SPVC Sall3 Nfib Gly-Gaba_1,50,0.001
cluster,5087 NTS-PARN Neurod2 Gly-Gaba_2,50,0.001
cluster,5098 NTS-PARN Neurod2 Gly-Gaba_3,50,0.001
cluster,5115 NTS-PARN Neurod2 Gly-Gaba_6,50,0.001
cluster,5155 SPVI-SPVC Sall3 Lhx1 Gly-Gaba_2,50,0.001
cluster,2990 SPA-SPFm-SPFp-POL-PIL-PoT Sp9 Glut_8,50,0.001
cluster,3235 SCig Foxb1 Glut_4,50,0.001
cluster,2824 CUN Evx2 Lhx2 Glut_2,50,0.001
cluster,2891 MRN Pou3f1 C1ql4 Glut_2,50,0.001
cluster,2855 APN C1ql4 Glut_1,50,0.001
cluster,1682 AHN-SBPV-PVHd Pdrm12 Gaba_7,49,0.001
cluster,1395 CEA-BST Ebf1 Pdyn Gaba_4,49,0.001
cluster,1897 PVpo-VMPO-MPN Hmx2 Gaba_2,49,0.001
cluster,2084 AVPV-MEPO-SFO Tbr1 Glut_3,49,0.001
cluster,2209 MEA-BST Otp Zic2 Glut_1,49,0.001
cluster,4037 PB Evx2 Glut_3,49,0.001
cluster,4091 PB Evx2 Glut_9,49,0.001
cluster,4084 PB Evx2 Glut_9,49,0.001
cluster,2200 SI-MA-LPO-LHA Skor1 Glut_8,49,0.001
cluster,3985 LDT-PCG Vsx2 Lhx4 Glut_2,49,0.001
cluster,4783 DTN-LDT-IPN Otp Pax3 Gaba_2,49,0.001
cluster,4130 PRNc-NI-SG-RPO Vsx2 Nr4a2 Glut_2,49,0.001
cluster,3544 PAG-ND-PCG Onecut1 Gaba_2,49,0.001
cluster,3540 PAG-ND-PCG Onecut1 Gaba_1,49,0.001
cluster,3605 PRT Tcf7l2 Gaba_1,49,0.001
cluster,3476 IC Six3 En2 Gaba_1,49,0.001
cluster,3764 PRT Mecom Gaba_1,49,0.001
cluster,4457 CU-ECU-SPVI Foxb1 Glut_1,49,0.001
cluster,4814 PRP Otp Gly-Gaba_1,49,0.001
cluster,4998 MV Pax6 Gly-Gaba_2,49,0.001
cluster,4350 PGRN-PARN-MDRN Hoxb5 Glut_3,49,0.001
cluster,4981 PAS-MV Ebf2 Gly-Gaba_1,49,0.001
cluster,4431 SPVI-SPVC Tlx3 Ebf3 Glut_4,49,0.001
cluster,5080 NTS-PARN Neurod2 Gly-Gaba_1,49,0.001
cluster,5145 SPVI-SPVC Sall3 Lhx1 Gly-Gaba_1,49,0.001
cluster,3079 PAG Pou4f1 Bnc2 Glut_1,49,0.001
cluster,3095 PAG Pou4f1 Bnc2 Glut_2,49,0.001
cluster,3148 PAG Pou4f2 Glut_1,49,0.001
cluster,3243 SCig-an-PPT Foxb1 Glut_1,49,0.001
cluster,2814 CUN Evx2 Lhx2 Glut_1,49,0.001
cluster,0903 NDB-SI-MA-STRv Lhx8 Gaba_6,49,0.001
cluster,0723 Lamp5 Gaba_4,48,0.001
cluster,0995 STR D1 Sema5a Gaba_2,48,0.001
cluster,1532 PVR Six3 Sox3 Gaba_9,48,0.001
cluster,1727 ZI Pax6 Gaba_2,48,0.001
cluster,5067 MV Xdh Gly-Gaba_1,48,0.001
cluster,3839 SNc-VTA-RAmb Foxa1 Dopa_1,48,0.001
cluster,2116 ADP-MPO Trp73 Glut_1,48,0.001
cluster,2737 PRC-PAG Pax6 Glut_2,48,0.001
cluster,2552 PH-SUM Foxa1 Glut_5,48,0.001
cluster,3878 SNc-VTA-RAmb Foxa1 Dopa_8,48,0.001
cluster,2199 SI-MA-LPO-LHA Skor1 Glut_8,48,0.001
cluster,2202 SI-MA-LPO-LHA Skor1 Glut_8,48,0.001
cluster,4768 LDT-PCG St18 Gaba_1,48,0.001
cluster,4883 MY Lhx1 Gly-Gaba_2,48,0.001
cluster,3763 PRT Mecom Gaba_1,48,0.001
cluster,3640 LGv-SPFp-SPFm Nkx2-2 Tcf7l2 Gaba_1,48,0.001
cluster,4695 CS-PRNr-DR En1 Sox2 Gaba_2,48,0.001
cluster,4088 PB Evx2 Glut_9,48,0.001
cluster,4245 NTS Phox2b Glut_3,48,0.001
cluster,4537 NTS Dbh Glut_2,48,0.001
cluster,4665 PB Sst Gly-Gaba_1,48,0.001
cluster,4961 MY Prox1 Lmo7 Gly-Gaba_1,48,0.001
cluster,2787 PAG-SC Neurod2 Meis2 Glut_2,48,0.001
cluster,4069 PB Evx2 Glut_6,48,0.001
cluster,4481 MV-SPIV Phox2b Ebf3 Lbx1 Glut_1,48,0.001
cluster,5143 SPVI-SPVC Sall3 Nfib Gly-Gaba_2,48,0.001
cluster,3094 PAG Pou4f1 Bnc2 Glut_2,48,0.001
cluster,2802 PAG Pou4f3 Glut_1,48,0.001
cluster,2707 MG-POL-SGN Nts Glut_2,48,0.001
cluster,2888 MRN Pou3f1 C1ql4 Glut_1,48,0.001
cluster,0839 STR Lhx8 Gaba_1,48,0.001
cluster,1443 SI-MPO-LPO Lhx8 Gaba_3,48,0.001
cluster,1456 SI-MPO-LPO Lhx8 Gaba_6,48,0.001
cluster,2761 RN Spp1 Glut_1,48,0.001
cluster,0972 STR D2 Gaba_2,47,0.001
cluster,0829 STR Prox1 Lhx6 Gaba_1,47,0.001
cluster,2493 PH Pitx2 Glut_2,47,0.001
cluster,2449 STN-PSTN Pitx2 Glut_4,47,0.001
cluster,4034 PB Evx2 Glut_3,47,0.001
cluster,4338 PGRN-PARN-MDRN Hoxb5 Glut_2,47,0.001
cluster,4784 DTN-LDT-IPN Otp Pax3 Gaba_3,47,0.001
cluster,4162 PB-NTS Phox2b Ebf3 Lmx1b Glut_1,47,0.001
cluster,4179 IPN-LDT Vsx2 Nkx6-1 Glut_1,47,0.001
cluster,4708 LDT-DTN Gata3 Nfix Gaba_1,47,0.001
cluster,3510 PAG-MRN-RN Foxa2 Gaba_1,47,0.001
cluster,3432 MRN-VTN-PPN Pax5 Cdh23 Gaba_2,47,0.001
cluster,4934 PPY-PGRNl Vip Glyc-Gaba_1,47,0.001
cluster,4467 CU-ECU-SPVI Foxb1 Glut_1,47,0.001
cluster,4974 MV Nkx6-1 Gly-Gaba_1,47,0.001
cluster,5193 CBX Purkinje Gaba_1,47,0.001
cluster,5082 NTS-PARN Neurod2 Gly-Gaba_1,47,0.001
cluster,5053 PARN-MDRNd-NTS Gbx2 Gly-Gaba_5,47,0.001
cluster,3091 PAG Pou4f1 Bnc2 Glut_2,47,0.001
cluster,3104 PAG Pou4f1 Ebf2 Glut_1,47,0.001
cluster,2797 PAG-SC Neurod2 Meis2 Glut_4,47,0.001
cluster,3061 PAG-MRN Tfap2b Glut_1,47,0.001
cluster,2834 CUN Evx2 Lhx2 Glut_4,47,0.001
cluster,5253 Ependymal NN_1,47,0.001
cluster,1123 LSX Prdm12 Slit2 Gaba_1,47,0.001
cluster,1047 LSX Sall3 Pax6 Gaba_2,47,0.001
cluster,1336 CEA-BST Six3 Cyp26b1 Gaba_3,46,0.001
cluster,0878 NDB-SI-MA-STRv Lhx8 Gaba_2,46,0.001
cluster,1383 ACB-BST-FS D1 Gaba_3,46,0.001
cluster,1886 PVpo-VMPO-MPN Hmx2 Gaba_1,46,0.001
cluster,4236 NTS Phox2b Glut_1,46,0.001
cluster,1954 DMH Hmx2 Gaba_5,46,0.001
cluster,1843 TU-ARH Otp Six6 Gaba_1,46,0.001
cluster,2367 PVH-SO-PVa Otp Glut_1,46,0.001
cluster,2009 MEA-COA-BMA Ccdc42 Glut_3,46,0.001
cluster,4073 PB Evx2 Glut_7,46,0.001
cluster,3329 CUN-PPN Evx2 Meis2 Glut_1,46,0.001
cluster,2152 SI-MA-LPO-LHA Skor1 Glut_2,46,0.001
cluster,4684 CS-PRNr-PCG Tmem163 Otp Gaba_2,46,0.001
cluster,4731 NI-RPO Gata3 Nr4a2 Gaba_4,46,0.001
cluster,3999 LDT-PCG Vsx2 Lhx4 Glut_5,46,0.001
cluster,3520 PAG-MRN-RN Foxa2 Gaba_2,46,0.001
cluster,4712 LDT-DTN Gata3 Nfix Gaba_2,46,0.001
cluster,3768 PRT Mecom Gaba_1,46,0.001
cluster,4642 PRNc Otp Gly-Gaba_2,46,0.001
cluster,4371 PGRN-PARN-MDRN Hoxb5 Glut_5,46,0.001
cluster,4466 CU-ECU-SPVI Foxb1 Glut_1,46,0.001
cluster,4230 NTS Phox2b Glut_1,46,0.001
cluster,4993 PAS-MV Ebf2 Gly-Gaba_4,46,0.001
cluster,4803 NLL Gata3 Gly-Gaba_1,46,0.001
cluster,4488 MV-SPIV Phox2b Ebf3 Lbx1 Glut_4,46,0.001
cluster,4489 MV-SPIV Phox2b Ebf3 Lbx1 Glut_5,46,0.001
cluster,4572 SPVC Mafa Glut_1,46,0.001
cluster,2890 MRN Pou3f1 C1ql4 Glut_2,46,0.001
cluster,3040 PAG-MRN Tfap2b Glut_1,46,0.001
cluster,3168 PAG Pou4f2 Glut_4,46,0.001
cluster,2929 SPA-SPFm-SPFp-POL-PIL-PoT Sp9 Glut_1,46,0.001
cluster,0906 NDB-SI-MA-STRv Lhx8 Gaba_7,46,0.001
cluster,1028 NDB-SI-ant Prdm12 Gaba_1,46,0.001
cluster,1331 CEA-BST Six3 Cyp26b1 Gaba_2,45,0.001
cluster,1428 SI-MPO-LPO Lhx8 Gaba_1,45,0.001
cluster,2065 MS-SF Bsx Glut_1,45,0.001
cluster,2488 PH Pitx2 Glut_2,45,0.001
cluster,2097 AVPV-MEPO-SFO Tbr1 Glut_5,45,0.001
cluster,3327 CUN-PPN Evx2 Meis2 Glut_1,45,0.001
cluster,3418 MRN-PPN-CUN Pax8 Gaba_3,45,0.001
cluster,3592 PAG-RN Nkx2-2 Otx1 Gaba_6,45,0.001
cluster,4889 MY Lhx1 Gly-Gaba_2,45,0.001
cluster,4206 PRP-NI-PRNc-GRN Otp Glut_1,45,0.001
cluster,4932 PPY-PGRNl Vip Glyc-Gaba_1,45,0.001
cluster,4947 MV-SPIV-PRP Dmbx1 Gly-Gaba_2,45,0.001
cluster,4448 CU-ECU-SPVI Foxb1 Glut_1,45,0.001
cluster,4628 CS-RPO Meis2 Gaba_5,45,0.001
cluster,4256 NTS Phox2b Glut_4,45,0.001
cluster,4359 PGRN-PARN-MDRN Hoxb5 Glut_4,45,0.001
cluster,4363 PGRN-PARN-MDRN Hoxb5 Glut_4,45,0.001
cluster,5179 CB PLI Gly-Gaba_1,45,0.001
cluster,5126 SPVI-SPVC Sall3 Nfib Gly-Gaba_1,45,0.001
cluster,5133 SPVI-SPVC Sall3 Nfib Gly-Gaba_1,45,0.001
cluster,4428 SPVI-SPVC Tlx3 Ebf3 Glut_3,45,0.001
cluster,4429 SPVI-SPVC Tlx3 Ebf3 Glut_3,45,0.001
cluster,3030 PAG-SC Pou4f1 Zic1 Glut_2,45,0.001
cluster,3150 PAG Pou4f2 Glut_1,45,0.001
cluster,0211 MEA Slc17a7 Glut_2,45,0.001
cluster,3208 SC Bnc2 Glut_3,45,0.001
cluster,5319 B cells NN_1,45,0.001
cluster,1151 LSX Prdm12 Zeb2 Gaba_1,45,0.001
cluster,1130 LSX Prdm12 Slit2 Gaba_2,45,0.001
cluster,1343 CEA-BST Six3 Cyp26b1 Gaba_4,44,0.001
cluster,1024 IA Mgp Gaba_4,44,0.001
cluster,2766 MRN-PAG Nkx6-1 Glut_2,44,0.001
cluster,2098 AVPV-MEPO-SFO Tbr1 Glut_5,44,0.001
cluster,2733 PRC-PAG Pax6 Glut_2,44,0.001
cluster,4868 PGRN-PARN-MDRN Hoxb5 Glut_7,44,0.001
cluster,4024 PB Evx2 Glut_2,44,0.001
cluster,4023 PB Evx2 Glut_1,44,0.001
cluster,2170 SI-MA-LPO-LHA Skor1 Glut_5,44,0.001
cluster,3954 PB Lmx1a Glut_6,44,0.001
cluster,3911 MB-MY Tph2 Glut-Sero_7,44,0.001
cluster,3894 MB-MY Tph2 Glut-Sero_2,44,0.001
cluster,3408 MRN-PPN-CUN Pax8 Gaba_1,44,0.001
cluster,4304 NTS Phox2b Glut_10,44,0.001
cluster,3541 PAG-ND-PCG Onecut1 Gaba_1,44,0.001
cluster,2880 PAG-MRN Pou3f1 Glut_6,44,0.001
cluster,4933 PPY-PGRNl Vip Glyc-Gaba_1,44,0.001
cluster,4936 MV-SPIV-PRP Dmbx1 Gly-Gaba_1,44,0.001
cluster,4215 PRP-NI-PRNc-GRN Otp Glut_3,44,0.001
cluster,4079 PB Evx2 Glut_8,44,0.001
cluster,4574 SPVC Mafa Glut_2,44,0.001
cluster,2939 SPA-SPFm-SPFp-POL-PIL-PoT Sp9 Glut_2,44,0.001
cluster,3271 SCiw Pitx2 Glut_1,44,0.001
cluster,1187 LSX Sall3 Lmo1 Gaba_6,44,0.001
cluster,1143 LSX Prdm12 Slit2 Gaba_6,44,0.001
cluster,1335 CEA-BST Six3 Cyp26b1 Gaba_2,43,0.001
cluster,0593 OB-STR-CTX Inh IMN_1,43,0.001
cluster,1596 RT-ZI Gnb3 Gaba_4,43,0.001
cluster,2288 DMH-LHA Vgll2 Glut_3,43,0.001
cluster,1868 TMd-DMH Foxd2 Gaba_1,43,0.001
cluster,1799 DMH-LHA Gsx1 Gaba_2,43,0.001
cluster,2757 MB-ant-ve Dmrta2 Glut_1,43,0.001
cluster,2106 LHA Barhl2 Glut_2,43,0.001
cluster,2770 IF-RL-CLI-PAG Foxa1 Glut_1,43,0.001
cluster,3847 SNc-VTA-RAmb Foxa1 Dopa_2,43,0.001
cluster,2419 PH-ant-LHA Otp Bsx Glut_5,43,0.001
cluster,3945 PB Lmx1a Glut_5,43,0.001
cluster,3951 PB Lmx1a Glut_6,43,0.001
cluster,3389 PPN-CUN-PCG Otp En1 Gaba_1,43,0.001
cluster,4145 PB-PSV Phox2b Glut_1,43,0.001
cluster,3521 PAG-MRN-RN Foxa2 Gaba_3,43,0.001
cluster,3527 PAG-MRN-RN Foxa2 Gaba_4,43,0.001
cluster,3635 LGv-SPFp-SPFm Nkx2-2 Tcf7l2 Gaba_1,43,0.001
cluster,4693 CS-PRNr-DR En1 Sox2 Gaba_1,43,0.001
cluster,3609 PRT Tcf7l2 Gaba_2,43,0.001
cluster,4345 PGRN-PARN-MDRN Hoxb5 Glut_2,43,0.001
cluster,4611 CS-RPO Meis2 Gaba_1,43,0.001
cluster,4833 PRP Otp Gly-Gaba_4,43,0.001
cluster,4470 CU-ECU-SPVI Foxb1 Glut_2,43,0.001
cluster,4201 IRN Vip Glut_1,43,0.001
cluster,4298 NTS Phox2b Glut_9,43,0.001
cluster,4253 NTS Phox2b Glut_3,43,0.001
cluster,4950 MDRN Hoxb5 Ebf2 Gly-Gaba_1,43,0.001
cluster,4816 PRP Otp Gly-Gaba_1,43,0.001
cluster,5120 SPVI-SPVC Sall3 Nfib Gly-Gaba_1,43,0.001
cluster,3969 PB Pax5 Glut_1,43,0.001
cluster,4155 PB-NTS Phox2b Ebf3 Lmx1b Glut_1,43,0.001
cluster,5055 PARN-MDRNd-NTS Gbx2 Gly-Gaba_5,43,0.001
cluster,3053 PAG-MRN Tfap2b Glut_1,43,0.001
cluster,3038 PAG-SC Pou4f1 Zic1 Glut_3,43,0.001
cluster,3060 PAG-MRN Tfap2b Glut_1,43,0.001
cluster,2895 MRN Pou3f1 C1ql4 Glut_3,43,0.001
cluster,2863 PAG-MRN Pou3f1 Glut_1,43,0.001
cluster,2810 PAG Pou4f3 Glut_2,43,0.001
cluster,3270 SCiw Pitx2 Glut_1,43,0.001
cluster,1453 SI-MPO-LPO Lhx8 Gaba_5,43,0.001
cluster,1435 SI-MPO-LPO Lhx8 Gaba_2,43,0.001
cluster,1041 NDB-SI-ant Prdm12 Gaba_4,43,0.001
cluster,1373 ACB-BST-FS D1 Gaba_1,42,0.001
cluster,0517 DG-PIR Ex IMN_3,42,0.001
cluster,2066 MS-SF Bsx Glut_1,42,0.001
cluster,2372 PVH-SO-PVa Otp Glut_2,42,0.001
cluster,2285 DMH-LHA Vgll2 Glut_1,42,0.001
cluster,2088 AVPV-MEPO-SFO Tbr1 Glut_3,42,0.001
cluster,3859 SNc-VTA-RAmb Foxa1 Dopa_3,42,0.001
cluster,2046 COAa-PAA-MEA Barhl2 Glut_7,42,0.001
cluster,4142 PRNc-PARN Tlx1 Glut_3,42,0.001
cluster,4347 PGRN-PARN-MDRN Hoxb5 Glut_2,42,0.001
cluster,4097 B-PB Nr4a2 Glut_1,42,0.001
cluster,2134 SI-MA-LPO-LHA Skor1 Glut_1,42,0.001
cluster,2594 MH Tac2 Glut_4,42,0.001
cluster,4773 LDT-PCG St18 Gaba_2,42,0.001
cluster,3398 PPN-CUN-PCG Otp En1 Gaba_2,42,0.001
cluster,4799 DTN-LDT-IPN Otp Pax3 Gaba_5,42,0.001
cluster,4620 CS-RPO Meis2 Gaba_3,42,0.001
cluster,4013 LDT-PCG Vsx2 Lhx4 Glut_7,42,0.001
cluster,4746 LDT-PCG-CS Gata3 Lhx1 Gaba_5,42,0.001
cluster,3536 PAG-ND-PCG Onecut1 Gaba_1,42,0.001
cluster,4728 NI-RPO Gata3 Nr4a2 Gaba_2,42,0.001
cluster,5004 RPA Pax6 Hoxb5 Gly-Gaba_1,42,0.001
cluster,3498 IC Six3 En2 Gaba_5,42,0.001
cluster,3571 PAG-RN Nkx2-2 Otx1 Gaba_2,42,0.001
cluster,4903 MY Lhx1 Gly-Gaba_3,42,0.001
cluster,4945 MV-SPIV-PRP Dmbx1 Gly-Gaba_1,42,0.001
cluster,4388 PGRN-PARN-MDRN Hoxb5 Glut_6,42,0.001
cluster,4462 CU-ECU-SPVI Foxb1 Glut_1,42,0.001
cluster,4836 PRP Otp Gly-Gaba_4,42,0.001
cluster,4204 IRN Vip Glut_1,42,0.001
cluster,4258 NTS Phox2b Glut_4,42,0.001
cluster,4279 NTS Phox2b Glut_6,42,0.001
cluster,4661 PRNc Otp Gly-Gaba_5,42,0.001
cluster,4362 PGRN-PARN-MDRN Hoxb5 Glut_4,42,0.001
cluster,4444 SPVI-SPVC Tlx3 Ebf3 Glut_6,42,0.001
cluster,4478 MV-SPIV Phox2b Ebf3 Lbx1 Glut_1,42,0.001
cluster,5020 PARN-MDRNd-NTS Gbx2 Gly-Gaba_1,42,0.001
cluster,5061 PARN-MDRNd-NTS Gbx2 Gly-Gaba_6,42,0.001
cluster,3085 PAG Pou4f1 Bnc2 Glut_1,42,0.001
cluster,3048 PAG-MRN Tfap2b Glut_1,42,0.001
cluster,3083 PAG Pou4f1 Bnc2 Glut_1,42,0.001
cluster,2879 PAG-MRN Pou3f1 Glut_6,42,0.001
cluster,2811 PAG Pou4f3 Glut_3,42,0.001
cluster,2981 SPA-SPFm-SPFp-POL-PIL-PoT Sp9 Glut_6,42,0.001
cluster,2982 SPA-SPFm-SPFp-POL-PIL-PoT Sp9 Glut_6,42,0.001
cluster,2940 SPA-SPFm-SPFp-POL-PIL-PoT Sp9 Glut_2,42,0.001
cluster,3240 SCig Foxb1 Glut_4,42,0.001
cluster,2625 PVT-PT Ntrk1 Glut_3,42,0.001
cluster,0932 PAL-STR Gaba-Chol_2,42,0.001
cluster,0700 RHP-COA Ndnf Gaba_5,42,0.001
cluster,1161 LSX Prdm12 Zeb2 Gaba_2,42,0.001
cluster,1032 NDB-SI-ant Prdm12 Gaba_1,41,0.001
cluster,1303 MEA-BST Lhx6 Nfib Gaba_4,41,0.001
cluster,0608 OB-STR-CTX Inh IMN_3,41,0.001
cluster,1524 PVR Six3 Sox3 Gaba_7,41,0.001
cluster,2275 ARH-PVp Tbx3 Glut_1,41,0.001
cluster,2124 ADP-MPO Trp73 Glut_2,41,0.001
cluster,4223 PRP-NI-PRNc-GRN Otp Glut_4,41,0.001
cluster,4087 PB Evx2 Glut_9,41,0.001
cluster,3946 PB Lmx1a Glut_5,41,0.001
cluster,3949 PB Lmx1a Glut_5,41,0.001
cluster,3395 PPN-CUN-PCG Otp En1 Gaba_2,41,0.001
cluster,4123 PRNc-NI-SG-RPO Vsx2 Nr4a2 Glut_1,41,0.001
cluster,3529 PAG-MRN-RN Foxa2 Gaba_4,41,0.001
cluster,4951 MDRN Hoxb5 Ebf2 Gly-Gaba_1,41,0.001
cluster,3522 PAG-MRN-RN Foxa2 Gaba_3,41,0.001
cluster,3596 PRT Tcf7l2 Gaba_1,41,0.001
cluster,4741 LDT-PCG-CS Gata3 Lhx1 Gaba_2,41,0.001
cluster,4689 CS-PRNr-DR En1 Sox2 Gaba_1,41,0.001
cluster,3435 SNr-VTA Pax5 Npas1 Gaba_1,41,0.001
cluster,4355 PGRN-PARN-MDRN Hoxb5 Glut_3,41,0.001
cluster,4615 CS-RPO Meis2 Gaba_2,41,0.001
cluster,2764 MRN-PAG Nkx6-1 Glut_1,41,0.001
cluster,4140 PRNc-PARN Tlx1 Glut_2,41,0.001
cluster,4270 NTS Phox2b Glut_5,41,0.001
cluster,4241 NTS Phox2b Glut_2,41,0.001
cluster,4243 NTS Phox2b Glut_2,41,0.001
cluster,4427 SPVI-SPVC Tlx3 Ebf3 Glut_3,41,0.001
cluster,4078 PB Evx2 Glut_8,41,0.001
cluster,3013 PAG-SC Pou4f1 Zic1 Glut_1,41,0.001
cluster,3291 IC Tfap2d Maf Glut_2,41,0.001
cluster,3295 IC Tfap2d Maf Glut_2,41,0.001
cluster,2807 PAG Pou4f3 Glut_1,41,0.001
cluster,2830 CUN Evx2 Lhx2 Glut_3,41,0.001
cluster,5260 Ependymal NN_2,41,0.001
cluster,5250 Tanycyte NN_3,41,0.001
cluster,1094 LSX Nkx2-1 Gaba_4,41,0.001
cluster,1107 LSX Nkx2-1 Gaba_7,41,0.001
cluster,1339 CEA-BST Six3 Cyp26b1 Gaba_3,40,0.001
cluster,1300 MEA-BST Lhx6 Nfib Gaba_3,40,0.001
cluster,2514 PH-LHA Foxb1 Glut_3,40,0.001
cluster,3886 MB-MY Tph2 Glut-Sero_1,40,0.001
cluster,2135 SI-MA-LPO-LHA Skor1 Glut_1,40,0.001
cluster,3984 LDT-PCG Vsx2 Lhx4 Glut_2,40,0.001
cluster,4720 NI-RPO Gata3 Nr4a2 Gaba_1,40,0.001
cluster,3652 LGv-SPFp-SPFm Nkx2-2 Tcf7l2 Gaba_3,40,0.001
cluster,4622 CS-RPO Meis2 Gaba_4,40,0.001
cluster,4164 PB-NTS Phox2b Ebf3 Lmx1b Glut_2,40,0.001
cluster,4263 NTS Phox2b Glut_4,40,0.001
cluster,4283 NTS Phox2b Glut_6,40,0.001
cluster,4959 MY Prox1 Lmo7 Gly-Gaba_1,40,0.001
cluster,4962 MY Prox1 Lmo7 Gly-Gaba_1,40,0.001
cluster,4505 MV-SPIV Zic4 Neurod2 Glut_3,40,0.001
cluster,4515 MV-SPIV Zic4 Neurod2 Glut_5,40,0.001
cluster,5171 DCO Il22 Gly-Gaba_1,40,0.001
cluster,5140 SPVI-SPVC Sall3 Nfib Gly-Gaba_2,40,0.001
cluster,4592 SPVC Nmu Glut_2,40,0.001
cluster,4076 PB Evx2 Glut_8,40,0.001
cluster,3007 PAG-SC Pou4f1 Zic1 Glut_1,40,0.001
cluster,2726 PRC-PAG Pax6 Glut_1,40,0.001
cluster,2999 SPA-SPFm-SPFp-POL-PIL-PoT Sp9 Glut_9,40,0.001
cluster,2915 PRC-PAG Tcf7l2 Irx2 Glut_2,40,0.001
cluster,0911 NDB-SI-MA-STRv Lhx8 Gaba_9,40,0.001
cluster,1046 LSX Sall3 Pax6 Gaba_2,40,0.001
cluster,1359 CEA-AAA-BST Six3 Sp9 Gaba_2,39,0.001
cluster,1724 ZI Pax6 Gaba_1,39,0.001
cluster,2114 ADP-MPO Trp73 Glut_1,39,0.001
cluster,2108 LHA Barhl2 Glut_2,39,0.001
cluster,3848 SNc-VTA-RAmb Foxa1 Dopa_2,39,0.001
cluster,2051 COAa-PAA-MEA Barhl2 Glut_8,39,0.001
cluster,3913 PB Lmx1a Glut_1,39,0.001
cluster,3411 MRN-PPN-CUN Pax8 Gaba_1,39,0.001
cluster,3534 PAG-ND-PCG Onecut1 Gaba_1,39,0.001
cluster,3416 MRN-PPN-CUN Pax8 Gaba_2,39,0.001
cluster,4797 DTN-LDT-IPN Otp Pax3 Gaba_5,39,0.001
cluster,3487 IC Six3 En2 Gaba_3,39,0.001
cluster,4716 LDT-DTN Gata3 Nfix Gaba_2,39,0.001
cluster,3509 PAG-MRN-RN Foxa2 Gaba_1,39,0.001
cluster,3429 MRN-VTN-PPN Pax5 Cdh23 Gaba_2,39,0.001
cluster,3450 PAG-PPN Pax5 Sox21 Gaba_2,39,0.001
cluster,4651 PRNc Otp Gly-Gaba_3,39,0.001
cluster,4835 PRP Otp Gly-Gaba_4,39,0.001
cluster,4280 NTS Phox2b Glut_6,39,0.001
cluster,4988 PAS-MV Ebf2 Gly-Gaba_3,39,0.001
cluster,4559 VCO Mafa Meis2 Glut_1,39,0.001
cluster,4068 PB Evx2 Glut_6,39,0.001
cluster,4159 PB-NTS Phox2b Ebf3 Lmx1b Glut_1,39,0.001
cluster,4168 PB-NTS Phox2b Ebf3 Lmx1b Glut_2,39,0.001
cluster,5069 IRN Dmbx1 Pax2 Gly-Gaba_1,39,0.001
cluster,5045 PARN-MDRNd-NTS Gbx2 Gly-Gaba_3,39,0.001
cluster,5142 SPVI-SPVC Sall3 Nfib Gly-Gaba_2,39,0.001
cluster,3964 PB-SUT Tlx3 Lhx2 Glut_1,39,0.001
cluster,2897 PRC-PAG Tcf7l2 Irx2 Glut_1,39,0.001
cluster,3179 PAG Pou4f2 Mesi2 Glut_1,39,0.001
cluster,2828 CUN Evx2 Lhx2 Glut_3,39,0.001
cluster,1517 PVR Six3 Sox3 Gaba_4,39,0.001
cluster,1145 LSX Prdm12 Slit2 Gaba_7,39,0.001
cluster,1330 CEA-BST Six3 Cyp26b1 Gaba_1,38,0.001
cluster,0523 OB Meis2 Thsd7b Gaba_2,38,0.001
cluster,1723 ZI Pax6 Gaba_1,38,0.001
cluster,2503 PH-LHA Foxb1 Glut_1,38,0.001
cluster,2440 STN-PSTN Pitx2 Glut_2,38,0.001
cluster,4036 PB Evx2 Glut_3,38,0.001
cluster,4044 PB Evx2 Glut_3,38,0.001
cluster,4122 PCG-PRNr Vsx2 Nkx6-1 Glut_6,38,0.001
cluster,3517 PAG-MRN-RN Foxa2 Gaba_2,38,0.001
cluster,3442 PAG-PPN Pax5 Sox21 Gaba_1,38,0.001
cluster,3678 SC-PAG Lef1 Emx2 Gaba_1,38,0.001
cluster,4327 PGRN-PARN-MDRN Hoxb5 Glut_1,38,0.001
cluster,4865 MY Lhx1 Gly-Gaba_1,38,0.001
cluster,4319 PGRN-PARN-MDRN Hoxb5 Glut_1,38,0.001
cluster,4614 CS-RPO Meis2 Gaba_2,38,0.001
cluster,4238 NTS Phox2b Glut_2,38,0.001
cluster,4958 MDRNd Prox1 Pax6 Gly-Gaba_1,38,0.001
cluster,4805 NLL Gata3 Gly-Gaba_2,38,0.001
cluster,4066 PB Evx2 Glut_6,38,0.001
cluster,0310 CA3 Glut_3,38,0.001
cluster,5085 NTS-PARN Neurod2 Gly-Gaba_2,38,0.001
cluster,5099 NTS-PARN Neurod2 Gly-Gaba_3,38,0.001
cluster,5032 PARN-MDRNd-NTS Gbx2 Gly-Gaba_2,38,0.001
cluster,3084 PAG Pou4f1 Bnc2 Glut_1,38,0.001
cluster,3047 PAG-MRN Tfap2b Glut_1,38,0.001
cluster,5244 Tanycyte NN_1,38,0.001
cluster,1450 SI-MPO-LPO Lhx8 Gaba_4,38,0.001
cluster,1202 MEA-BST Sox6 Gaba_3,37,0.001
cluster,1055 LSX Otx2 Gaba_3,37,0.001
cluster,1731 ZI Pax6 Gaba_3,37,0.001
cluster,1573 TMv-PMv Tbx3 Hist-Gaba_1,37,0.001
cluster,2735 PRC-PAG Pax6 Glut_2,37,0.001
cluster,2223 LHA-MEA Otp Glut_1,37,0.001
cluster,4039 PB Evx2 Glut_3,37,0.001
cluster,3917 PB Lmx1a Glut_1,37,0.001
cluster,3950 PB Lmx1a Glut_5,37,0.001
cluster,3941 PB Lmx1a Glut_4,37,0.001
cluster,3955 PB Lmx1a Glut_6,37,0.001
cluster,3515 PAG-MRN-RN Foxa2 Gaba_2,37,0.001
cluster,4884 MY Lhx1 Gly-Gaba_2,37,0.001
cluster,4709 LDT-DTN Gata3 Nfix Gaba_1,37,0.001
cluster,4734 LDT-PCG-CS Gata3 Lhx1 Gaba_1,37,0.001
cluster,3576 PAG-RN Nkx2-2 Otx1 Gaba_3,37,0.001
cluster,3564 PAG-RN Nkx2-2 Otx1 Gaba_1,37,0.001
cluster,3455 PAG-PPN Pax5 Sox21 Gaba_3,37,0.001
cluster,4887 MY Lhx1 Gly-Gaba_2,37,0.001
cluster,4844 GRN-IRN-MDRNd Ikzf1 Gly-Gaba_1,37,0.001
cluster,4334 PGRN-PARN-MDRN Hoxb5 Glut_2,37,0.001
cluster,4322 PGRN-PARN-MDRN Hoxb5 Glut_1,37,0.001
cluster,4411 MV-SPIV Slc6a2 Glut_1,37,0.001
cluster,4410 MV-SPIV Slc6a2 Glut_1,37,0.001
cluster,4643 PRNc Otp Gly-Gaba_2,37,0.001
cluster,4650 PRNc Otp Gly-Gaba_3,37,0.001
cluster,3960 PSV Lmx1a Trpv6 Glut_1,37,0.001
cluster,4203 IRN Vip Glut_1,37,0.001
cluster,4242 NTS Phox2b Glut_2,37,0.001
cluster,4603 HB Calcb Chol_3,37,0.001
cluster,4445 SPVI-SPVC Tlx3 Ebf3 Glut_7,37,0.001
cluster,3287 IC Tfap2d Maf Glut_1,37,0.001
cluster,2941 SPA-SPFm-SPFp-POL-PIL-PoT Sp9 Glut_2,37,0.001
cluster,3368 SCsg Pde5a Glut_3,37,0.001
cluster,1885 PVpo-VMPO-MPN Hmx2 Gaba_1,36,0.001
cluster,1459 MPO-ADP Lhx8 Gaba_1,36,0.001
cluster,1474 MPO-ADP Lhx8 Gaba_4,36,0.001
cluster,2068 MS-SF Bsx Glut_1,36,0.001
cluster,1825 PVHd-DMH Lhx6 Gaba_2,36,0.001
cluster,1386 CEA-BST Ebf1 Pdyn Gaba_1,36,0.001
cluster,2211 MEA-BST Otp Zic2 Glut_1,36,0.001
cluster,2050 COAa-PAA-MEA Barhl2 Glut_8,36,0.001
cluster,4048 PB Evx2 Glut_3,36,0.001
cluster,3927 PB Lmx1a Glut_3,36,0.001
cluster,3900 MB-MY Tph2 Glut-Sero_3,36,0.001
cluster,4675 CS-PRNr-PCG Tmem163 Otp Gaba_1,36,0.001
cluster,4681 CS-PRNr-PCG Tmem163 Otp Gaba_1,36,0.001
cluster,4781 DTN-LDT-IPN Otp Pax3 Gaba_2,36,0.001
cluster,4185 IPN-LDT Vsx2 Nkx6-1 Glut_2,36,0.001
cluster,4120 PCG-PRNr Vsx2 Nkx6-1 Glut_5,36,0.001
cluster,3591 PAG-RN Nkx2-2 Otx1 Gaba_5,36,0.001
cluster,4700 CS-PRNr-DR En1 Sox2 Gaba_2,36,0.001
cluster,4905 MY Lhx1 Gly-Gaba_4,36,0.001
cluster,4646 PRNc Otp Gly-Gaba_2,36,0.001
cluster,4909 MY Lhx1 Gly-Gaba_4,36,0.001
cluster,4543 NTS Dbh Glut_3,36,0.001
cluster,4246 NTS Phox2b Glut_3,36,0.001
cluster,4500 MV-SPIV Zic4 Neurod2 Glut_2,36,0.001
cluster,4506 MV-SPIV Zic4 Neurod2 Glut_3,36,0.001
cluster,4567 SPVO Mafa Meis2 Glut_1,36,0.001
cluster,4422 SPVI-SPVC Tlx3 Ebf3 Glut_2,36,0.001
cluster,4065 PB Evx2 Glut_6,36,0.001
cluster,0306 CA3 Glut_2,36,0.001
cluster,5113 NTS-PARN Neurod2 Gly-Gaba_5,36,0.001
cluster,0200 MEA Slc17a7 Glut_1,36,0.001
cluster,3001 SPA-SPFm-SPFp-POL-PIL-PoT Sp9 Glut_10,36,0.001
cluster,3276 SCiw Pitx2 Glut_2,36,0.001
cluster,5248 Tanycyte NN_2,36,0.001
cluster,1029 NDB-SI-ant Prdm12 Gaba_1,36,0.001
cluster,1294 MEA-BST Lhx6 Nfib Gaba_2,35,0.001
cluster,0528 OB Meis2 Thsd7b Gaba_5,35,0.001
cluster,1530 PVR Six3 Sox3 Gaba_8,35,0.001
cluster,2390 PH-ant-LHA Otp Bsx Glut_1,35,0.001
cluster,5066 MV Nr4a2 Gly-Gaba_1,35,0.001
cluster,2362 AHN-RCH-LHA Otp Fezf1 Glut_6,35,0.001
cluster,4057 PB Evx2 Glut_5,35,0.001
cluster,3341 CUN-PPN Evx2 Meis2 Glut_3,35,0.001
cluster,3958 PB Lmx1a Glut_7,35,0.001
cluster,4743 LDT-PCG-CS Gata3 Lhx1 Gaba_3,35,0.001
cluster,4910 MY Lhx1 Gly-Gaba_4,35,0.001
cluster,4225 NTS Phox2b Glut_1,35,0.001
cluster,4641 PRNc Otp Gly-Gaba_2,35,0.001
cluster,4136 PRNc-PARN Tlx1 Glut_1,35,0.001
cluster,4276 NTS Phox2b Glut_5,35,0.001
cluster,4544 NTS Dbh Glut_3,35,0.001
cluster,4531 NTS Dbh Glut_1,35,0.001
cluster,5011 PRP Gata3 Slc6a5 Gly-Gaba_1,35,0.001
cluster,4519 NTS Aldh1a2 Glut_1,35,0.001
cluster,4659 PRNc Otp Gly-Gaba_4,35,0.001
cluster,5125 SPVI-SPVC Sall3 Nfib Gly-Gaba_1,35,0.001
cluster,4479 MV-SPIV Phox2b Ebf3 Lbx1 Glut_1,35,0.001
cluster,4484 MV-SPIV Phox2b Ebf3 Lbx1 Glut_1,35,0.001
cluster,5071 IRN Dmbx1 Pax2 Gly-Gaba_1,35,0.001
cluster,5023 PARN-MDRNd-NTS Gbx2 Gly-Gaba_1,35,0.001
cluster,5025 PARN-MDRNd-NTS Gbx2 Gly-Gaba_1,35,0.001
cluster,3302 IC Tfap2d Maf Glut_2,35,0.001
cluster,2871 PAG-MRN Pou3f1 Glut_4,35,0.001
cluster,2925 SPA-SPFm-SPFp-POL-PIL-PoT Sp9 Glut_1,35,0.001
cluster,0854 Sst Chodl Gaba_2,35,0.001
cluster,1455 SI-MPO-LPO Lhx8 Gaba_5,35,0.001
cluster,1380 ACB-BST-FS D1 Gaba_3,34,0.001
cluster,2340 AHN-RCH-LHA Otp Fezf1 Glut_1,34,0.001
cluster,3845 SNc-VTA-RAmb Foxa1 Dopa_2,34,0.001
cluster,4025 PB Evx2 Glut_2,34,0.001
cluster,4060 PB Evx2 Glut_5,34,0.001
cluster,4072 PB Evx2 Glut_7,34,0.001
cluster,2103 LHA Barhl2 Glut_1,34,0.001
cluster,3929 PB Lmx1a Glut_3,34,0.001
cluster,3932 PB Lmx1a Glut_3,34,0.001
cluster,3947 PB Lmx1a Glut_5,34,0.001
cluster,3998 LDT-PCG Vsx2 Lhx4 Glut_4,34,0.001
cluster,4190 LDT Vsx2 Nkx6-1 Nfib Glut_1,34,0.001
cluster,4119 PCG-PRNr Vsx2 Nkx6-1 Glut_5,34,0.001
cluster,3539 PAG-ND-PCG Onecut1 Gaba_1,34,0.001
cluster,3508 IC Six3 En2 Gaba_7,34,0.001
cluster,4845 GRN-IRN-MDRNd Ikzf1 Gly-Gaba_1,34,0.001
cluster,4858 MY Lhx1 Gly-Gaba_1,34,0.001
cluster,4648 PRNc Otp Gly-Gaba_3,34,0.001
cluster,4458 CU-ECU-SPVI Foxb1 Glut_1,34,0.001
cluster,4630 CS-RPO Meis2 Gaba_5,34,0.001
cluster,4232 NTS Phox2b Glut_1,34,0.001
cluster,4535 NTS Dbh Glut_2,34,0.001
cluster,4532 NTS Dbh Glut_1,34,0.001
cluster,4991 PAS-MV Ebf2 Gly-Gaba_3,34,0.001
cluster,5175 DCO Il22 Gly-Gaba_3,34,0.001
cluster,4167 PB-NTS Phox2b Ebf3 Lmx1b Glut_2,34,0.001
cluster,4416 SPVI-SPVC Tlx3 Ebf3 Glut_1,34,0.001
cluster,4291 NTS Phox2b Glut_8,34,0.001
cluster,4161 PB-NTS Phox2b Ebf3 Lmx1b Glut_1,34,0.001
cluster,4166 PB-NTS Phox2b Ebf3 Lmx1b Glut_2,34,0.001
cluster,2882 PAG-MRN Pou3f1 Glut_6,34,0.001
cluster,1559 BST-MPN Six3 Nrgn Gaba_6,33,0.001
cluster,1235 MEA-BST Sox6 Gaba_10,33,0.001
cluster,2121 ADP-MPO Trp73 Glut_2,33,0.001
cluster,2213 MEA-BST Otp Zic2 Glut_1,33,0.001
cluster,2052 COAa-PAA-MEA Barhl2 Glut_8,33,0.001
cluster,4038 PB Evx2 Glut_3,33,0.001
cluster,4621 CS-RPO Meis2 Gaba_3,33,0.001
cluster,4108 PCG-PRNr Vsx2 Nkx6-1 Glut_2,33,0.001
cluster,3557 PAG-ND-PCG Onecut1 Gaba_5,33,0.001
cluster,4722 NI-RPO Gata3 Nr4a2 Gaba_2,33,0.001
cluster,3436 SNr-VTA Pax5 Npas1 Gaba_1,33,0.001
cluster,4913 MY Lhx1 Gly-Gaba_5,33,0.001
cluster,4633 PRNc Otp Gly-Gaba_1,33,0.001
cluster,4153 PSV Pvalb Lhx2 Glut_4,33,0.001
cluster,4455 CU-ECU-SPVI Foxb1 Glut_1,33,0.001
cluster,4837 PRP Otp Gly-Gaba_4,33,0.001
cluster,4602 HB Calcb Chol_2,33,0.001
cluster,4306 NTS Phox2b Glut_10,33,0.001
cluster,5110 NTS-PARN Neurod2 Gly-Gaba_5,33,0.001
cluster,3055 PAG-MRN Tfap2b Glut_1,33,0.001
cluster,3197 PAG Pou4f2 Mesi2 Glut_5,33,0.001
cluster,2818 CUN Evx2 Lhx2 Glut_1,33,0.001
cluster,5315 Monocytes NN_1,33,0.001
cluster,4358 PGRN-PARN-MDRN Hoxb5 Glut_3,33,0.001
cluster,1347 CEA-BST Six3 Cyp26b1 Gaba_6,32,0.001
cluster,0622 OB-STR-CTX Inh IMN_7,32,0.001
cluster,1467 MPO-ADP Lhx8 Gaba_3,32,0.001
cluster,2777 IF-RL-CLI-PAG Foxa1 Glut_3,32,0.001
cluster,3952 PB Lmx1a Glut_6,32,0.001
cluster,4174 IPN-LDT Vsx2 Nkx6-1 Glut_1,32,0.001
cluster,4864 MY Lhx1 Gly-Gaba_1,32,0.001
cluster,4730 NI-RPO Gata3 Nr4a2 Gaba_4,32,0.001
cluster,4725 NI-RPO Gata3 Nr4a2 Gaba_2,32,0.001
cluster,3438 SNr-VTA Pax5 Npas1 Gaba_1,32,0.001
cluster,4381 PGRN-PARN-MDRN Hoxb5 Glut_5,32,0.001
cluster,4214 PRP-NI-PRNc-GRN Otp Glut_3,32,0.001
cluster,4386 PGRN-PARN-MDRN Hoxb5 Glut_6,32,0.001
cluster,4454 CU-ECU-SPVI Foxb1 Glut_1,32,0.001
cluster,4520 NTS Aldh1a2 Glut_1,32,0.001
cluster,4638 PRNc Otp Gly-Gaba_1,32,0.001
cluster,4566 VCO Mafa Meis2 Glut_4,32,0.001
cluster,3138 PAG Pou4f1 Ebf2 Glut_7,32,0.001
cluster,2785 PAG-SC Neurod2 Meis2 Glut_1,32,0.001
cluster,1104 LSX Nkx2-1 Gaba_7,31,0.001
cluster,2064 MS-SF Bsx Glut_1,31,0.001
cluster,3976 LDT-PCG Vsx2 Lhx4 Glut_1,31,0.001
cluster,4948 MV-SPIV-PRP Dmbx1 Gly-Gaba_3,31,0.001
cluster,3453 PAG-PPN Pax5 Sox21 Gaba_3,31,0.001
cluster,4880 MY Lhx1 Gly-Gaba_2,31,0.001
cluster,4354 PGRN-PARN-MDRN Hoxb5 Glut_3,31,0.001
cluster,4324 PGRN-PARN-MDRN Hoxb5 Glut_1,31,0.001
cluster,4859 MY Lhx1 Gly-Gaba_1,31,0.001
cluster,4640 PRNc Otp Gly-Gaba_2,31,0.001
cluster,4092 B-PB Nr4a2 Glut_1,31,0.001
cluster,4143 PRNc-PARN Tlx1 Glut_3,31,0.001
cluster,4296 NTS Phox2b Glut_9,31,0.001
cluster,4299 NTS Phox2b Glut_9,31,0.001
cluster,4820 PRP Otp Gly-Gaba_1,31,0.001
cluster,4660 PRNc Otp Gly-Gaba_4,31,0.001
cluster,5136 SPVI-SPVC Sall3 Nfib Gly-Gaba_1,31,0.001
cluster,4437 SPVI-SPVC Tlx3 Ebf3 Glut_4,31,0.001
cluster,4082 PB Evx2 Glut_8,31,0.001
cluster,4169 PB-NTS Phox2b Ebf3 Lmx1b Glut_2,31,0.001
cluster,4156 PB-NTS Phox2b Ebf3 Lmx1b Glut_1,31,0.001
cluster,5024 PARN-MDRNd-NTS Gbx2 Gly-Gaba_1,31,0.001
cluster,3076 PAG-MRN Tfap2b Glut_2,31,0.001
cluster,1454 SI-MPO-LPO Lhx8 Gaba_5,31,0.001
cluster,1034 NDB-SI-ant Prdm12 Gaba_1,31,0.001
cluster,1469 MPO-ADP Lhx8 Gaba_3,30,0.001
cluster,2406 PH-ant-LHA Otp Bsx Glut_3,30,0.001
cluster,4026 PB Evx2 Glut_2,30,0.001
cluster,3957 PB Lmx1a Glut_7,30,0.001
cluster,3401 PPN-CUN-PCG Otp En1 Gaba_3,30,0.001
cluster,4128 PRNc-NI-SG-RPO Vsx2 Nr4a2 Glut_2,30,0.001
cluster,3782 SC Tnnt1 Gli3 Gaba_1,30,0.001
cluster,3789 SCs Lef1 Gli3 Gaba_1,30,0.001
cluster,4930 MY Lhx1 Gly-Gaba_9,30,0.001
cluster,4316 PGRN-PARN-MDRN Hoxb5 Glut_1,30,0.001
cluster,4830 PRP Otp Gly-Gaba_3,30,0.001
cluster,4234 NTS Phox2b Glut_1,30,0.001
cluster,4260 NTS Phox2b Glut_4,30,0.001
cluster,4539 NTS Dbh Glut_2,30,0.001
cluster,4973 MV Nkx6-1 Gly-Gaba_1,30,0.001
cluster,5181 CB PLI Gly-Gaba_2,30,0.001
cluster,5123 SPVI-SPVC Sall3 Nfib Gly-Gaba_1,30,0.001
cluster,4418 SPVI-SPVC Tlx3 Ebf3 Glut_2,30,0.001
cluster,3968 PB Pax5 Glut_1,30,0.001
cluster,4578 SPVC Ccdc172 Glut_1,30,0.001
cluster,4912 MY Lhx1 Gly-Gaba_5,30,0.001
cluster,3043 PAG-MRN Tfap2b Glut_1,30,0.001
cluster,5316 DC NN_1,30,0.001
cluster,1441 SI-MPO-LPO Lhx8 Gaba_3,30,0.001
cluster,3353 PAG Tcf24 Glut_1,29,0.001
cluster,3340 CUN-PPN Evx2 Meis2 Glut_3,29,0.001
cluster,1991 TRS-BAC Sln Glut_1,29,0.001
cluster,2192 SI-MA-LPO-LHA Skor1 Glut_6,29,0.001
cluster,4134 PRNc-NI-SG-RPO Vsx2 Nr4a2 Glut_4,29,0.001
cluster,3555 PAG-ND-PCG Onecut1 Gaba_5,29,0.001
cluster,3638 LGv-SPFp-SPFm Nkx2-2 Tcf7l2 Gaba_1,29,0.001
cluster,3491 IC Six3 En2 Gaba_4,29,0.001
cluster,3671 SC Otx2 Gcnt4 Gaba_1,29,0.001
cluster,4320 PGRN-PARN-MDRN Hoxb5 Glut_1,29,0.001
cluster,4941 MV-SPIV-PRP Dmbx1 Gly-Gaba_1,29,0.001
cluster,4942 MV-SPIV-PRP Dmbx1 Gly-Gaba_1,29,0.001
cluster,4096 B-PB Nr4a2 Glut_1,29,0.001
cluster,4823 PRP Otp Gly-Gaba_2,29,0.001
cluster,4207 PRP-NI-PRNc-GRN Otp Glut_2,29,0.001
cluster,3907 MB-MY Tph2 Glut-Sero_5,29,0.001
cluster,3909 MB-MY Tph2 Glut-Sero_5,29,0.001
cluster,4551 DMX VII Tbx20 Chol_1,29,0.001
cluster,4417 SPVI-SPVC Tlx3 Ebf3 Glut_2,29,0.001
cluster,5037 PARN-MDRNd-NTS Gbx2 Gly-Gaba_2,29,0.001
cluster,1144 LSX Prdm12 Slit2 Gaba_6,29,0.001
cluster,1035 NDB-SI-ant Prdm12 Gaba_1,29,0.001
cluster,1471 MPO-ADP Lhx8 Gaba_3,28,0.001
cluster,2072 MS-SF Bsx Glut_1,28,0.001
cluster,4878 MY Lhx1 Gly-Gaba_2,28,0.001
cluster,1920 DMH Hmx2 Gaba_1,28,0.001
cluster,3873 SNc-VTA-RAmb Foxa1 Dopa_6,28,0.001
cluster,4062 PB Evx2 Glut_5,28,0.001
cluster,3352 PBG Mtnr1a Glut-Chol_1,28,0.001
cluster,4610 CS-RPO Meis2 Gaba_1,28,0.001
cluster,3930 PB Lmx1a Glut_3,28,0.001
cluster,3397 PPN-CUN-PCG Otp En1 Gaba_2,28,0.001
cluster,4677 CS-PRNr-PCG Tmem163 Otp Gaba_1,28,0.001
cluster,4105 PCG-PRNr Vsx2 Nkx6-1 Glut_2,28,0.001
cluster,3562 PAG-RN Nkx2-2 Otx1 Gaba_1,28,0.001
cluster,4866 MY Lhx1 Gly-Gaba_1,28,0.001
cluster,4908 MY Lhx1 Gly-Gaba_4,28,0.001
cluster,4349 PGRN-PARN-MDRN Hoxb5 Glut_3,28,0.001
cluster,4367 PGRN-PARN-MDRN Hoxb5 Glut_4,28,0.001
cluster,4335 PGRN-PARN-MDRN Hoxb5 Glut_2,28,0.001
cluster,4897 MY Lhx1 Gly-Gaba_3,28,0.001
cluster,4302 NTS Phox2b Glut_10,28,0.001
cluster,4271 NTS Phox2b Glut_5,28,0.001
cluster,4498 MV-SPIV Zic4 Neurod2 Glut_1,28,0.001
cluster,4902 MY Lhx1 Gly-Gaba_3,28,0.001
cluster,5056 PARN-MDRNd-NTS Gbx2 Gly-Gaba_5,28,0.001
cluster,3089 PAG Pou4f1 Bnc2 Glut_2,28,0.001
cluster,3149 PAG Pou4f2 Glut_1,28,0.001
cluster,2997 SPA-SPFm-SPFp-POL-PIL-PoT Sp9 Glut_9,28,0.001
cluster,5320 ILC NN_2,28,0.001
cluster,4333 PGRN-PARN-MDRN Hoxb5 Glut_1,28,0.001
cluster,1027 IA Mgp Gaba_5,27,0.001
cluster,2759 MB-ant-ve Dmrta2 Glut_1,27,0.001
cluster,2078 AVPV-MEPO-SFO Tbr1 Glut_1,27,0.001
cluster,2748 PRC-PAG Pax6 Glut_4,27,0.001
cluster,2478 PH-an Pitx2 Glut_2,27,0.001
cluster,3921 PB Lmx1a Glut_1,27,0.001
cluster,3933 PB Lmx1a Glut_3,27,0.001
cluster,3953 PB Lmx1a Glut_6,27,0.001
cluster,3516 PAG-MRN-RN Foxa2 Gaba_2,27,0.001
cluster,4738 LDT-PCG-CS Gata3 Lhx1 Gaba_1,27,0.001
cluster,3483 IC Six3 En2 Gaba_3,27,0.001
cluster,3740 SCs Dmbx1 Gaba_5,27,0.001
cluster,4927 MY Lhx1 Gly-Gaba_9,27,0.001
cluster,4916 MY Lhx1 Gly-Gaba_5,27,0.001
cluster,4202 IRN Vip Glut_1,27,0.001
cluster,4946 MV-SPIV-PRP Dmbx1 Gly-Gaba_2,27,0.001
cluster,4923 MY Lhx1 Gly-Gaba_7,27,0.001
cluster,4461 CU-ECU-SPVI Foxb1 Glut_1,27,0.001
cluster,4596 MDRNd Bves Glut_1,27,0.001
cluster,4071 PB Evx2 Glut_6,27,0.001
cluster,3071 PAG-MRN Tfap2b Glut_1,27,0.001
cluster,2917 PRC-PAG Tcf7l2 Irx2 Glut_3,27,0.001
cluster,2840 CUN Evx2 Lhx2 Glut_5,27,0.001
cluster,4601 HB Calcb Chol_1,27,0.001
cluster,2747 PRC-PAG Pax6 Glut_3,26,0.001
cluster,2142 SI-MA-LPO-LHA Skor1 Glut_1,26,0.001
cluster,3922 PB Lmx1a Glut_1,26,0.001
cluster,3394 PPN-CUN-PCG Otp En1 Gaba_2,26,0.001
cluster,3400 PPN-CUN-PCG Otp En1 Gaba_2,26,0.001
cluster,4624 CS-RPO Meis2 Gaba_4,26,0.001
cluster,3546 PAG-ND-PCG Onecut1 Gaba_2,26,0.001
cluster,4326 PGRN-PARN-MDRN Hoxb5 Glut_1,26,0.001
cluster,5018 PARN-MDRNd-NTS Gbx2 Gly-Gaba_1,26,0.001
cluster,4220 PRP-NI-PRNc-GRN Otp Glut_3,26,0.001
cluster,4632 CS-RPO Meis2 Gaba_5,26,0.001
cluster,4896 MY Lhx1 Gly-Gaba_3,26,0.001
cluster,4634 PRNc Otp Gly-Gaba_1,26,0.001
cluster,4377 PGRN-PARN-MDRN Hoxb5 Glut_5,26,0.001
cluster,4554 DMX VII Tbx20 Chol_1,26,0.001
cluster,4510 MV-SPIV Zic4 Neurod2 Glut_3,26,0.001
cluster,4494 MV-SPIV Zic4 Neurod2 Glut_1,26,0.001
cluster,4077 PB Evx2 Glut_8,26,0.001
cluster,4583 SPVC Ccdc172 Glut_1,26,0.001
cluster,5162 SPVI-SPVC Sall3 Lhx1 Gly-Gaba_2,26,0.001
cluster,2727 PRC-PAG Pax6 Glut_1,26,0.001
cluster,4380 PGRN-PARN-MDRN Hoxb5 Glut_5,26,0.001
cluster,2744 PRC-PAG Pax6 Glut_3,25,0.001
cluster,2129 ADP-MPO Trp73 Glut_3,25,0.001
cluster,3850 SNc-VTA-RAmb Foxa1 Dopa_2,25,0.001
cluster,3920 PB Lmx1a Glut_1,25,0.001
cluster,3934 PB Lmx1a Glut_3,25,0.001
cluster,3905 MB-MY Tph2 Glut-Sero_4,25,0.001
cluster,3518 PAG-MRN-RN Foxa2 Gaba_2,25,0.001
cluster,3481 IC Six3 En2 Gaba_3,25,0.001
cluster,4724 NI-RPO Gata3 Nr4a2 Gaba_2,25,0.001
cluster,4346 PGRN-PARN-MDRN Hoxb5 Glut_2,25,0.001
cluster,4343 PGRN-PARN-MDRN Hoxb5 Glut_2,25,0.001
cluster,4212 PRP-NI-PRNc-GRN Otp Glut_2,25,0.001
cluster,4963 MY Prox1 Lmo7 Gly-Gaba_1,25,0.001
cluster,4954 MDRN Hoxb5 Ebf2 Gly-Gaba_1,25,0.001
cluster,4360 PGRN-PARN-MDRN Hoxb5 Glut_4,25,0.001
cluster,4504 MV-SPIV Zic4 Neurod2 Glut_2,25,0.001
cluster,4943 MV-SPIV-PRP Dmbx1 Gly-Gaba_1,25,0.001
cluster,4564 VCO Mafa Meis2 Glut_3,25,0.001
cluster,4802 NLL Gata3 Gly-Gaba_1,25,0.001
cluster,4070 PB Evx2 Glut_6,25,0.001
cluster,4475 MV-SPIV Phox2b Ebf3 Lbx1 Glut_1,25,0.001
cluster,5086 NTS-PARN Neurod2 Gly-Gaba_2,25,0.001
cluster,3065 PAG-MRN Tfap2b Glut_1,25,0.001
cluster,3124 PAG Pou4f1 Ebf2 Glut_4,25,0.001
cluster,2887 MRN Pou3f1 C1ql4 Glut_1,25,0.001
cluster,3956 PB Lmx1a Glut_7,24,0.001
cluster,4089 PB Evx2 Glut_9,24,0.001
cluster,4035 PB Evx2 Glut_3,24,0.001
cluster,3942 PB Lmx1a Glut_4,24,0.001
cluster,4117 PCG-PRNr Vsx2 Nkx6-1 Glut_5,24,0.001
cluster,3485 IC Six3 En2 Gaba_3,24,0.001
cluster,3624 PRT Tcf7l2 Gaba_4,24,0.001
cluster,4875 MY Lhx1 Gly-Gaba_2,24,0.001
cluster,4893 MY Lhx1 Gly-Gaba_3,24,0.001
cluster,4906 MY Lhx1 Gly-Gaba_4,24,0.001
cluster,4330 PGRN-PARN-MDRN Hoxb5 Glut_1,24,0.001
cluster,4321 PGRN-PARN-MDRN Hoxb5 Glut_1,24,0.001
cluster,4653 PRNc Otp Gly-Gaba_3,24,0.001
cluster,4645 PRNc Otp Gly-Gaba_2,24,0.001
cluster,4384 PGRN-PARN-MDRN Hoxb5 Glut_5,24,0.001
cluster,4626 CS-RPO Meis2 Gaba_4,24,0.001
cluster,2938 SPA-SPFm-SPFp-POL-PIL-PoT Sp9 Glut_2,24,0.001
cluster,5254 Ependymal NN_1,24,0.001
cluster,4808 PSV Pax2 Gly-Gaba_1,24,0.001
cluster,0616 OB-STR-CTX Inh IMN_5,23,0.001
cluster,2071 MS-SF Bsx Glut_1,23,0.001
cluster,3382 PAG Ucn Glut_1,23,0.001
cluster,2358 AHN-RCH-LHA Otp Fezf1 Glut_4,23,0.001
cluster,3914 PB Lmx1a Glut_1,23,0.001
cluster,4686 CS-PRNr-PCG Tmem163 Otp Gaba_3,23,0.001
cluster,2831 CUN Evx2 Lhx2 Glut_3,23,0.001
cluster,3507 IC Six3 En2 Gaba_7,23,0.001
cluster,3424 MRN-VTN-PPN Pax5 Cdh23 Gaba_1,23,0.001
cluster,4885 MY Lhx1 Gly-Gaba_2,23,0.001
cluster,4336 PGRN-PARN-MDRN Hoxb5 Glut_2,23,0.001
cluster,4631 CS-RPO Meis2 Gaba_5,23,0.001
cluster,4867 MY Lhx1 Gly-Gaba_1,23,0.001
cluster,4340 PGRN-PARN-MDRN Hoxb5 Glut_2,23,0.001
cluster,4459 CU-ECU-SPVI Foxb1 Glut_1,23,0.001
cluster,4599 MDRNv Crp Glut_1,23,0.001
cluster,4901 MY Lhx1 Gly-Gaba_3,23,0.001
cluster,5051 PARN-MDRNd-NTS Gbx2 Gly-Gaba_4,23,0.001
cluster,4163 PB-NTS Phox2b Ebf3 Lmx1b Glut_2,23,0.001
cluster,4392 PGRN-PARN-MDRN Hoxb5 Glut_6,22,0.001
cluster,3604 PRT Tcf7l2 Gaba_1,22,0.001
cluster,4874 MY Lhx1 Gly-Gaba_2,22,0.001
cluster,4748 LDT-PCG-CS Gata3 Lhx1 Gaba_5,22,0.001
cluster,4704 CS-PRNr-DR En1 Sox2 Gaba_2,22,0.001
cluster,4924 MY Lhx1 Gly-Gaba_7,22,0.001
cluster,4900 MY Lhx1 Gly-Gaba_3,22,0.001
cluster,4318 PGRN-PARN-MDRN Hoxb5 Glut_1,22,0.001
cluster,4213 PRP-NI-PRNc-GRN Otp Glut_3,22,0.001
cluster,4812 POR Spp1 Gly-Gaba_1,22,0.001
cluster,4895 MY Lhx1 Gly-Gaba_3,22,0.001
cluster,4314 PGRN-PARN-MDRN Hoxb5 Glut_1,22,0.001
cluster,4548 NTS Dbh Glut_4,22,0.001
cluster,4485 MV-SPIV Phox2b Ebf3 Lbx1 Glut_1,22,0.001
cluster,4667 PB Sst Gly-Gaba_1,22,0.001
cluster,4581 SPVC Ccdc172 Glut_1,22,0.001
cluster,4197 MEV Ppp1r1c Glut_1,22,0.001
cluster,1419 SI-MPO-LPO Lhx8 Gaba_1,22,0.001
cluster,1515 PVR Six3 Sox3 Gaba_4,22,0.001
cluster,4801 NLL Gata3 Gly-Gaba_1,22,0.001
cluster,0621 OB-STR-CTX Inh IMN_6,21,0.001
cluster,1481 MPO-ADP Lhx8 Gaba_5,21,0.001
cluster,2391 PH-ant-LHA Otp Bsx Glut_1,21,0.001
cluster,2758 MB-ant-ve Dmrta2 Glut_1,21,0.001
cluster,4395 PGRN-PARN-MDRN Hoxb5 Glut_6,21,0.001
cluster,4059 PB Evx2 Glut_5,21,0.001
cluster,4109 PCG-PRNr Vsx2 Nkx6-1 Glut_2,21,0.001
cluster,3464 SNr Six3 Gaba_1,21,0.001
cluster,4138 PRNc-PARN Tlx1 Glut_1,21,0.001
cluster,4882 MY Lhx1 Gly-Gaba_2,21,0.001
cluster,4870 MY Lhx1 Gly-Gaba_1,21,0.001
cluster,4881 MY Lhx1 Gly-Gaba_2,21,0.001
cluster,4891 MY Lhx1 Gly-Gaba_3,21,0.001
cluster,4452 CU-ECU-SPVI Foxb1 Glut_1,21,0.001
cluster,4357 PGRN-PARN-MDRN Hoxb5 Glut_3,21,0.001
cluster,5141 SPVI-SPVC Sall3 Nfib Gly-Gaba_2,21,0.001
cluster,1451 SI-MPO-LPO Lhx8 Gaba_5,21,0.001
cluster,1480 MPO-ADP Lhx8 Gaba_5,20,0.0
cluster,2155 SI-MA-LPO-LHA Skor1 Glut_3,20,0.0
cluster,3919 PB Lmx1a Glut_1,20,0.0
cluster,4393 PGRN-PARN-MDRN Hoxb5 Glut_6,20,0.0
cluster,3982 LDT-PCG Vsx2 Lhx4 Glut_2,20,0.0
cluster,3554 PAG-ND-PCG Onecut1 Gaba_5,20,0.0
cluster,4982 PAS-MV Ebf2 Gly-Gaba_1,20,0.0
cluster,4926 MY Lhx1 Gly-Gaba_9,20,0.0
cluster,4931 MY Lhx1 Gly-Gaba_9,20,0.0
cluster,4892 MY Lhx1 Gly-Gaba_3,20,0.0
cluster,4385 PGRN-PARN-MDRN Hoxb5 Glut_6,20,0.0
cluster,4328 PGRN-PARN-MDRN Hoxb5 Glut_1,20,0.0
cluster,4353 PGRN-PARN-MDRN Hoxb5 Glut_3,20,0.0
cluster,4284 NTS Phox2b Glut_7,20,0.0
cluster,4612 CS-RPO Meis2 Gaba_1,20,0.0
cluster,4226 NTS Phox2b Glut_1,20,0.0
cluster,5047 PARN-MDRNd-NTS Gbx2 Gly-Gaba_4,20,0.0
cluster,5019 PARN-MDRNd-NTS Gbx2 Gly-Gaba_1,20,0.0
cluster,2884 MRN Pou3f1 C1ql4 Glut_1,20,0.0
cluster,2781 PAG-SC Neurod2 Meis2 Glut_1,20,0.0
cluster,3268 SCiw Pitx2 Glut_1,20,0.0
cluster,0521 OB Meis2 Thsd7b Gaba_2,19,0.0
cluster,4019 PB Evx2 Glut_1,19,0.0
cluster,4849 MY Lhx1 Gly-Gaba_1,19,0.0
cluster,3923 PB Lmx1a Glut_1,19,0.0
cluster,4619 CS-RPO Meis2 Gaba_3,19,0.0
cluster,4180 IPN-LDT Vsx2 Nkx6-1 Glut_1,19,0.0
cluster,4702 CS-PRNr-DR En1 Sox2 Gaba_2,19,0.0
cluster,4886 MY Lhx1 Gly-Gaba_2,19,0.0
cluster,4917 MY Lhx1 Gly-Gaba_5,19,0.0
cluster,4904 MY Lhx1 Gly-Gaba_4,19,0.0
cluster,4397 PGRN-PARN-MDRN Hoxb5 Glut_7,19,0.0
cluster,4894 MY Lhx1 Gly-Gaba_3,19,0.0
cluster,4390 PGRN-PARN-MDRN Hoxb5 Glut_6,19,0.0
cluster,4472 CU-ECU-SPVI Foxb1 Glut_3,19,0.0
cluster,4598 MDRNv Crp Glut_1,19,0.0
cluster,4292 NTS Phox2b Glut_8,19,0.0
cluster,4295 NTS Phox2b Glut_8,19,0.0
cluster,4809 PSV Pax2 Gly-Gaba_2,19,0.0
cluster,4856 MY Lhx1 Gly-Gaba_1,18,0.0
cluster,4935 MV-SPIV-PRP Dmbx1 Gly-Gaba_1,18,0.0
cluster,2128 ADP-MPO Trp73 Glut_2,18,0.0
cluster,4099 B-PB Nr4a2 Glut_2,18,0.0
cluster,3328 CUN-PPN Evx2 Meis2 Glut_1,18,0.0
cluster,5007 RPA Pax6 Hoxb5 Gly-Gaba_1,18,0.0
cluster,3776 PRT Mecom Gaba_3,18,0.0
cluster,4869 MY Lhx1 Gly-Gaba_1,18,0.0
cluster,4855 MY Lhx1 Gly-Gaba_1,18,0.0
cluster,4928 MY Lhx1 Gly-Gaba_9,18,0.0
cluster,4391 PGRN-PARN-MDRN Hoxb5 Glut_6,18,0.0
cluster,4233 NTS Phox2b Glut_1,18,0.0
cluster,4254 NTS Phox2b Glut_3,18,0.0
cluster,4499 MV-SPIV Zic4 Neurod2 Glut_2,18,0.0
cluster,4081 PB Evx2 Glut_8,18,0.0
cluster,5022 PARN-MDRNd-NTS Gbx2 Gly-Gaba_1,18,0.0
cluster,5213 Astro-NT NN_1,18,0.0
cluster,2394 PH-ant-LHA Otp Bsx Glut_1,18,0.0
cluster,2131 ADP-MPO Trp73 Glut_3,17,0.0
cluster,4862 MY Lhx1 Gly-Gaba_1,17,0.0
cluster,2892 MRN Pou3f1 C1ql4 Glut_2,17,0.0
cluster,4337 PGRN-PARN-MDRN Hoxb5 Glut_2,17,0.0
cluster,4860 MY Lhx1 Gly-Gaba_1,17,0.0
cluster,4093 B-PB Nr4a2 Glut_1,17,0.0
cluster,4387 PGRN-PARN-MDRN Hoxb5 Glut_6,17,0.0
cluster,4313 PGRNd Dmbx1 Glut_1,17,0.0
cluster,4666 PB Sst Gly-Gaba_1,17,0.0
cluster,4597 MDRNv Crp Glut_1,17,0.0
cluster,4379 PGRN-PARN-MDRN Hoxb5 Glut_5,17,0.0
cluster,5088 NTS-PARN Neurod2 Gly-Gaba_2,17,0.0
cluster,4810 NLL-po Pax7 Gaba_1,17,0.0
cluster,5195 CBX Purkinje Gaba_2,17,0.0
cluster,1814 PVHd-DMH Lhx6 Gaba_1,16,0.0
cluster,4040 PB Evx2 Glut_3,16,0.0
cluster,3745 SC Lef1 Otx2 Gaba_2,16,0.0
cluster,4365 PGRN-PARN-MDRN Hoxb5 Glut_4,16,0.0
cluster,4344 PGRN-PARN-MDRN Hoxb5 Glut_2,16,0.0
cluster,4850 MY Lhx1 Gly-Gaba_1,16,0.0
cluster,4872 MY Lhx1 Gly-Gaba_2,16,0.0
cluster,4861 MY Lhx1 Gly-Gaba_1,16,0.0
cluster,4329 PGRN-PARN-MDRN Hoxb5 Glut_1,16,0.0
cluster,4090 PB Evx2 Glut_9,16,0.0
cluster,4146 PB-PSV Phox2b Glut_1,16,0.0
cluster,4463 CU-ECU-SPVI Foxb1 Glut_1,16,0.0
cluster,3906 MB-MY Tph2 Glut-Sero_4,16,0.0
cluster,4369 PGRN-PARN-MDRN Hoxb5 Glut_4,16,0.0
cluster,5092 NTS-PARN Neurod2 Gly-Gaba_3,16,0.0
cluster,3059 PAG-MRN Tfap2b Glut_1,16,0.0
cluster,3251 SCig-an-PPT Foxb1 Glut_1,16,0.0
cluster,0928 PAL-STR Gaba-Chol_1,16,0.0
cluster,4800 NLL Gata3 Gly-Gaba_1,16,0.0
cluster,2490 PH Pitx2 Glut_2,15,0.0
cluster,4348 PGRN-PARN-MDRN Hoxb5 Glut_2,15,0.0
cluster,3532 PAG-ND-PCG Onecut1 Gaba_1,15,0.0
cluster,5002 RPA Pax6 Hoxb5 Gly-Gaba_1,15,0.0
cluster,5017 MARN-PPY Ngfr Gly-Gaba_1,15,0.0
cluster,4364 PGRN-PARN-MDRN Hoxb5 Glut_4,15,0.0
cluster,4400 PGRN-PARN-MDRN Hoxb5 Glut_7,15,0.0
cluster,4877 MY Lhx1 Gly-Gaba_2,15,0.0
cluster,4925 MY Lhx1 Gly-Gaba_8,15,0.0
cluster,4911 MY Lhx1 Gly-Gaba_4,15,0.0
cluster,4289 NTS Phox2b Glut_7,15,0.0
cluster,4918 MY Lhx1 Gly-Gaba_5,15,0.0
cluster,4217 PRP-NI-PRNc-GRN Otp Glut_3,15,0.0
cluster,4516 MV-SPIV Zic4 Neurod2 Glut_5,15,0.0
cluster,4414 SPVI-SPVC Tlx3 Ebf3 Glut_1,15,0.0
cluster,3973 PB Pax5 Glut_2,15,0.0
cluster,5278 NFOL NN_2,15,0.0
cluster,4382 PGRN-PARN-MDRN Hoxb5 Glut_5,15,0.0
cluster,1067 LSX Otx2 Gaba_4,15,0.0
cluster,5009 CU-ECU Pax2 Gly-Gaba_1,15,0.0
cluster,2743 PRC-PAG Pax6 Glut_3,14,0.0
cluster,4094 B-PB Nr4a2 Glut_1,14,0.0
cluster,4086 PB Evx2 Glut_9,14,0.0
cluster,4888 MY Lhx1 Gly-Gaba_2,14,0.0
cluster,4332 PGRN-PARN-MDRN Hoxb5 Glut_1,14,0.0
cluster,3959 PSV Lmx1a Trpv6 Glut_1,14,0.0
cluster,4370 PGRN-PARN-MDRN Hoxb5 Glut_4,14,0.0
cluster,4235 NTS Phox2b Glut_1,14,0.0
cluster,1036 NDB-SI-ant Prdm12 Gaba_1,14,0.0
cluster,2753 MB-ant-ve Dmrta2 Glut_1,13,0.0
cluster,4699 CS-PRNr-DR En1 Sox2 Gaba_2,13,0.0
cluster,5016 MARN-PPY Ngfr Gly-Gaba_1,13,0.0
cluster,4915 MY Lhx1 Gly-Gaba_5,13,0.0
cluster,4857 MY Lhx1 Gly-Gaba_1,13,0.0
cluster,4440 SPVI-SPVC Tlx3 Ebf3 Glut_5,13,0.0
cluster,4396 PGRN-PARN-MDRN Hoxb5 Glut_6,13,0.0
cluster,4843 PRP Otp Gly-Gaba_5,13,0.0
cluster,4497 MV-SPIV Zic4 Neurod2 Glut_1,13,0.0
cluster,5027 PARN-MDRNd-NTS Gbx2 Gly-Gaba_2,13,0.0
cluster,5046 PARN-MDRNd-NTS Gbx2 Gly-Gaba_4,13,0.0
cluster,1398 CEA-BST Ebf1 Pdyn Gaba_5,12,0.0
cluster,4847 MY Lhx1 Gly-Gaba_1,12,0.0
cluster,4871 MY Lhx1 Gly-Gaba_2,12,0.0
cluster,4907 MY Lhx1 Gly-Gaba_4,12,0.0
cluster,4848 MY Lhx1 Gly-Gaba_1,11,0.0
cluster,4342 PGRN-PARN-MDRN Hoxb5 Glut_2,11,0.0
cluster,4366 PGRN-PARN-MDRN Hoxb5 Glut_4,11,0.0
cluster,4312 PGRNd Dmbx1 Glut_1,11,0.0
cluster,4389 PGRN-PARN-MDRN Hoxb5 Glut_6,11,0.0
cluster,4471 CU-ECU-SPVI Foxb1 Glut_2,11,0.0
cluster,4533 NTS Dbh Glut_2,11,0.0
cluster,4523 CBN Neurod2 Pvalb Glut_1,11,0.0
cluster,4394 PGRN-PARN-MDRN Hoxb5 Glut_6,11,0.0
cluster,4853 MY Lhx1 Gly-Gaba_1,10,0.0
cluster,3556 PAG-ND-PCG Onecut1 Gaba_5,10,0.0
cluster,4873 MY Lhx1 Gly-Gaba_2,10,0.0
cluster,4876 MY Lhx1 Gly-Gaba_2,10,0.0
cluster,4890 MY Lhx1 Gly-Gaba_3,10,0.0
cluster,2944 SPA-SPFm-SPFp-POL-PIL-PoT Sp9 Glut_2,10,0.0
cluster,5223 Astro-TE NN_2,10,0.0
cluster,4405 PGRN-PARN-MDRN Hoxb5 Glut_7,9,0.0
cluster,3511 PAG-MRN-RN Foxa2 Gaba_1,9,0.0
cluster,4852 MY Lhx1 Gly-Gaba_1,9,0.0
cluster,4879 MY Lhx1 Gly-Gaba_2,9,0.0
cluster,4851 MY Lhx1 Gly-Gaba_1,9,0.0
cluster,4383 PGRN-PARN-MDRN Hoxb5 Glut_5,9,0.0
