cluster,AQ,CB,CTXsp,HPF,HY,Isocortex,MB,MY,OLF,P,PAL,STR,TH,V3,V4,VL,brain-unassigned,cbf,cm,eps,fiber tracts-unassigned,lfbs,mfbs,scwm,unassigned
0001 CLA-EPd-CTX Car3 Glut_1,0.0,0.0,0.23384615384615384,0.002564102564102564,0.0,0.4717948717948718,0.0,0.0,0.23384615384615384,0.0,0.0,0.0005128205128205128,0.0,0.0,0.0,0.0,0.0,0.0,0.0005128205128205128,0.0,0.0,0.03487179487179487,0.0010256410256410256,0.021025641025641025,0.0
0002 CLA-EPd-CTX Car3 Glut_1,0.0,0.0,0.2001696352841391,0.06022052586938083,0.0,0.5911789652247668,0.0,0.0,0.030534351145038167,0.0,0.0,0.0,0.0,0.0,0.0,0.002544529262086514,0.0,0.0,0.0,0.0,0.0,0.09499575911789652,0.0033927056827820186,0.016963528413910092,0.0
0003 CLA-EPd-CTX Car3 Glut_1,0.0,0.0,0.11306740027510316,0.0002751031636863824,0.0,0.8365887207702889,0.0,0.0,0.0024759284731774417,0.0,0.0,0.0005502063273727648,0.0,0.0,0.0,0.0,0.0,0.0,0.0,0.0,0.0,0.03548830811554333,0.0016506189821182944,0.009903713892709767,0.0
0004 CLA-EPd-CTX Car3 Glut_1,0.0,0.0,0.024292205522544564,0.0005242922055225446,0.0,0.9369101712687872,0.0,0.0,0.003844809507165327,0.0,0.0,0.0006990562740300594,0.0,0.0,0.0,0.0,0.0,0.0,0.0,0.0,0.0,0.013981125480601188,0.0,0.01974833974134918,0.0
0005 CLA-EPd-CTX Car3 Glut_2,0.0,0.0,0.22141296431172613,0.004369992716678805,0.0,0.4850691915513474,0.0,0.0,0.22141296431172613,0.0,0.0,0.0021849963583394027,0.0,0.0,0.0,0.0,0.0,0.0,0.0,0.0,0.0,0.05462490895848507,0.0,0.010924981791697014,0.0
0006 IT EP-CLA Glut_1,0.0,0.0,0.15639097744360902,0.01804511278195489,0.0,0.649624060150376,0.0,0.0,0.007518796992481203,0.0,0.0,0.0030075187969924814,0.0,0.0,0.0,0.0,0.0,0.0,0.0,0.0,0.0,0.11278195488721804,0.045112781954887216,0.007518796992481203,0.0
0007 IT EP-CLA Glut_1,0.0,0.0,0.4945612762871646,0.049311094996374184,0.0,0.3263234227701233,0.0,0.0,0.006526468455402465,0.0,0.0,0.0,0.0,0.0,0.0,0.0029006526468455403,0.0007251631617113851,0.0,0.0,0.0,0.0,0.09934735315445975,0.02030456852791878,0.0,0.0
0008 IT EP-CLA Glut_1,0.0,0.0,0.2695238095238095,0.011428571428571429,0.0,0.5676190476190476,0.0,0.0,0.040952380952380955,0.0,0.0,0.024761904761904763,0.0,0.0,0.0,0.0,0.0,0.0,0.0,0.0,0.0,0.07428571428571429,0.0009523809523809524,0.010476190476190476,0.0
0009 IT EP-CLA Glut_1,0.0,0.0,0.440567066521265,0.0,0.0,0.1941112322791712,0.0,0.0,0.31842966194111233,0.0,0.0,0.011995637949836423,0.0,0.0,0.0,0.0,0.0,0.0,0.0,0.0,0.0,0.03489640130861505,0.0,0.0,0.0
0010 IT EP-CLA Glut_1,0.0,0.0,0.3254237288135593,0.01694915254237288,0.0,0.4033898305084746,0.0,0.0,0.17966101694915254,0.0,0.0,0.003389830508474576,0.0,0.0,0.0,0.0,0.0,0.0,0.0,0.0,0.0,0.05423728813559322,0.0,0.013559322033898305,0.003389830508474576
0011 IT EP-CLA Glut_1,0.0,0.0,0.5361702127659574,0.0,0.0,0.33617021276595743,0.0,0.0,0.0425531914893617,0.0,0.0,0.00851063829787234,0.0,0.0,0.0,0.0,0.0,0.0,0.0,0.0,0.0,0.07659574468085106,0.0,0.0,0.0
0012 IT EP-CLA Glut_1,0.0,0.0,0.08885017421602788,0.004645760743321719,0.0,0.7915214866434379,0.0,0.0,0.006387921022067364,0.0,0.0,0.011033681765389082,0.0,0.0,0.0,0.0,0.0,0.0,0.0,0.0,0.0,0.06794425087108014,0.0,0.029616724738675958,0.0
0013 IT EP-CLA Glut_2,0.0,0.0,0.39464882943143814,0.08695652173913043,0.0,0.32441471571906355,0.0,0.0,0.04013377926421405,0.0,0.0,0.0,0.0,0.0,0.0,0.0033444816053511705,0.0,0.0,0.0,0.0,0.0,0.12709030100334448,0.020066889632107024,0.0,0.0033444816053511705
0014 IT EP-CLA Glut_2,0.0,0.0,0.1650485436893204,0.47249190938511326,0.0,0.16828478964401294,0.0,0.0,0.025889967637540454,0.0,0.0,0.0,0.0,0.0,0.0,0.003236245954692557,0.0,0.0,0.0,0.0,0.0,0.12944983818770225,0.03559870550161812,0.0,0.0
0015 IT EP-CLA Glut_2,0.0,0.0,0.12264150943396226,0.3867924528301887,0.0,0.25471698113207547,0.0,0.0,0.0,0.0,0.0,0.0,0.0,0.0,0.0,0.009433962264150943,0.0,0.0,0.0,0.0,0.0,0.2169811320754717,0.009433962264150943,0.0,0.0
0016 IT EP-CLA Glut_2,0.0,0.0,0.20238095238095238,0.04931972789115646,0.0,0.1360544217687075,0.0,0.0,0.5697278911564626,0.0,0.0,0.0017006802721088435,0.0,0.0,0.0,0.0,0.0,0.0,0.0017006802721088435,0.0,0.0,0.0391156462585034,0.0,0.0,0.0
0017 IT EP-CLA Glut_2,0.0,0.0,0.4373956594323873,0.07345575959933222,0.0,0.07345575959933222,0.0,0.0,0.3121869782971619,0.0,0.0,0.0,0.0,0.0,0.0,0.0,0.0,0.0,0.0,0.0,0.0,0.08514190317195326,0.018363939899833055,0.0,0.0
0018 IT EP-CLA Glut_3,0.0,0.0,0.650887573964497,0.0,0.0,0.0,0.0,0.0,0.2603550295857988,0.0,0.0,0.07100591715976332,0.0,0.0,0.0,0.0,0.0,0.0,0.0,0.0,0.0,0.0,0.01775147928994083,0.0,0.0
0019 IT EP-CLA Glut_3,0.0,0.0,0.45698924731182794,0.0,0.0,0.053763440860215055,0.0,0.0,0.46774193548387094,0.0,0.0,0.0,0.0,0.0,0.0,0.0,0.0,0.0,0.0,0.0,0.0,0.016129032258064516,0.005376344086021506,0.0,0.0
0020 IT EP-CLA Glut_3,0.0,0.0,0.40350877192982454,0.0,0.0,0.03508771929824561,0.0,0.0,0.49122807017543857,0.0,0.0,0.05263157894736842,0.0,0.0,0.0,0.0,0.0,0.0,0.0,0.0,0.0,0.0,0.017543859649122806,0.0,0.0
0021 IT EP-CLA Glut_4,0.0,0.0,0.22424242424242424,0.0,0.0,0.10757575757575757,0.0,0.0,0.6515151515151515,0.0,0.0,0.0,0.0,0.0,0.0,0.0,0.0,0.0,0.010606060606060607,0.0,0.0,0.004545454545454545,0.0,0.0015151515151515152,0.0
0022 IT EP-CLA Glut_4,0.0,0.0,0.06442577030812324,0.0,0.0,0.07282913165266107,0.0,0.0,0.8389355742296919,0.0,0.0,0.011204481792717087,0.0,0.0,0.0,0.0,0.0,0.0,0.0056022408963585435,0.0,0.0,0.0056022408963585435,0.0,0.0014005602240896359,0.0
0023 L5/6 IT TPE-ENT Glut_1,0.0,0.0,0.14105852179995337,0.07927255770575892,0.0,0.7258102121706691,0.0,0.0,0.04476567964560504,0.0,0.00023315458148752622,0.005362555374213103,0.0,0.0,0.0,0.0,0.0,0.0,0.00023315458148752622,0.0,0.0,0.0011657729074376311,0.0018652366519002097,0.0,0.00023315458148752622
0024 L5/6 IT TPE-ENT Glut_1,0.0,0.0,0.017676767676767676,0.6262626262626263,0.0,0.18181818181818182,0.0,0.0,0.10353535353535354,0.0,0.0,0.0,0.0,0.0,0.0,0.0,0.0,0.0,0.0,0.0,0.0,0.05808080808080808,0.010101010101010102,0.0025252525252525255,0.0
0025 L5/6 IT TPE-ENT Glut_1,0.0,0.0,0.0,0.6259541984732825,0.0,0.37404580152671757,0.0,0.0,0.0,0.0,0.0,0.0,0.0,0.0,0.0,0.0,0.0,0.0,0.0,0.0,0.0,0.0,0.0,0.0,0.0
0026 L5/6 IT TPE-ENT Glut_2,0.0,0.0,0.006356544351343542,0.07483386304536262,0.0,0.9055186362323028,0.0,0.0,0.005778676683039584,0.0,0.0,0.001444669170759896,0.0,0.0,0.0,0.0,0.0,0.0,0.0,0.0,0.0,0.004334007512279688,0.0,0.0011557353366079169,0.0005778676683039584
0027 L5/6 IT TPE-ENT Glut_2,0.0,0.0,0.0010030090270812437,0.6349047141424273,0.0,0.3279839518555667,0.0,0.0,0.025075225677031094,0.0,0.0,0.0,0.0,0.0,0.0,0.0,0.0,0.0,0.0,0.0,0.0,0.007021063189568706,0.0010030090270812437,0.0010030090270812437,0.0020060180541624875
0028 L5/6 IT TPE-ENT Glut_2,0.0,0.0,0.002257336343115124,0.16252821670428894,0.0,0.8284424379232506,0.0,0.0,0.004514672686230248,0.0,0.0,0.0,0.0,0.0,0.0,0.0,0.0,0.0,0.0,0.0,0.0,0.0,0.002257336343115124,0.0,0.0
0029 L5/6 IT TPE-ENT Glut_3,0.0,0.0,0.021176470588235293,0.004705882352941176,0.0,0.9670588235294117,0.0,0.0,0.0,0.0,0.0,0.0,0.0,0.0,0.0,0.0,0.0,0.0,0.0,0.0,0.0,0.007058823529411765,0.0,0.0,0.0
0030 L5/6 IT TPE-ENT Glut_4,0.0,0.0,0.0006775067750677507,0.8414634146341463,0.0,0.14905149051490515,0.0,0.0,0.0040650406504065045,0.0,0.0,0.0,0.0,0.0,0.0,0.0,0.0,0.0,0.0,0.0,0.0,0.0027100271002710027,0.0013550135501355014,0.0,0.0006775067750677507
0031 L5/6 IT TPE-ENT Glut_5,0.0,0.0,0.0,0.09068627450980392,0.0,0.9068627450980392,0.0,0.0,0.0,0.0,0.0,0.0,0.0,0.0,0.0,0.0,0.0,0.0,0.0,0.0,0.0,0.0024509803921568627,0.0,0.0,0.0
0032 L5/6 IT TPE-ENT Glut_6,0.0,0.0,0.0,1.0,0.0,0.0,0.0,0.0,0.0,0.0,0.0,0.0,0.0,0.0,0.0,0.0,0.0,0.0,0.0,0.0,0.0,0.0,0.0,0.0,0.0
0033 L6 IT CTX Glut_1,0.0,0.0,0.0,0.04009433962264151,0.0,0.9575471698113207,0.0,0.0,0.0,0.0,0.0,0.0,0.0,0.0,0.0,0.0,0.0,0.0,0.0,0.0,0.0,0.0023584905660377358,0.0,0.0,0.0
0034 L6 IT CTX Glut_1,0.0,0.0,0.020134228187919462,0.004793863854266539,0.0,0.9232981783317353,0.0,0.0,0.005752636625119847,0.0,0.0,0.004793863854266539,0.0,0.0,0.0,0.0,0.0,0.0,0.0,0.0,0.0,0.028763183125599234,0.004793863854266539,0.007670182166826462,0.0
0035 L6 IT CTX Glut_1,0.0,0.0,0.0,0.004123711340206186,0.0,0.9896907216494846,0.0,0.0,0.002061855670103093,0.0,0.0,0.0,0.0,0.0,0.0,0.0,0.0,0.0,0.0,0.0,0.0,0.0,0.004123711340206186,0.0,0.0
0036 L6 IT CTX Glut_1,0.0,0.0,0.07653910149750416,0.0,0.0,0.7470881863560732,0.0,0.0,0.0033277870216306157,0.0,0.0,0.04326123128119801,0.0,0.0,0.0,0.0,0.0,0.0,0.0,0.0,0.0,0.10149750415973377,0.008319467554076539,0.018302828618968387,0.0016638935108153079
0037 L6 IT CTX Glut_1,0.0,0.0,0.0004957858205255329,0.07387208725830441,0.0,0.9028259791769956,0.0,0.0,0.0,0.0,0.0,0.0009915716410510659,0.0,0.0,0.0,0.0,0.0,0.0,0.0,0.0,0.0,0.006445215666831929,0.0,0.015369360436291522,0.0
0038 L6 IT CTX Glut_2,0.0,0.0,0.010717230008244023,0.00247320692497939,0.0,0.7889530090684254,0.0,0.0,0.03297609233305853,0.0,0.0,0.025556471558120363,0.0,0.0,0.0,0.0,0.0,0.0,0.0,0.0,0.0,0.11046990931574609,0.0,0.028854080791426217,0.0
0039 L6 IT CTX Glut_2,0.0,0.0,0.0,0.0,0.0,0.9986486486486487,0.0,0.0,0.0010395010395010396,0.0,0.0,0.0,0.0,0.0,0.0,0.0,0.0,0.0,0.0,0.0,0.0,0.00031185031185031187,0.0,0.0,0.0
0040 L6 IT CTX Glut_2,0.0,0.0,0.003204614645088928,0.0035250761095978207,0.0,0.914917481172889,0.0,0.0,0.0004806921967633392,0.0,0.0,0.013459381509373498,0.0,0.0,0.0,0.0,0.0,0.0,0.0,0.0,0.0,0.03669283768626823,0.0014420765902900176,0.02627784008972921,0.0
0041 L6 IT CTX Glut_2,0.0,0.0,0.001480993911469475,0.005759420766825736,0.0,0.9318742800724041,0.0,0.0,0.0003291097581043278,0.0,0.0,0.01859470133289452,0.0,0.0,0.0,0.0,0.0,0.0,0.0,0.0,0.0,0.02649333552739839,0.0008227743952608195,0.014645384235642586,0.0
0042 L6 IT CTX Glut_2,0.0,0.0,0.00015740594994490792,0.0,0.0,0.9957500393514875,0.0,0.0,0.00015740594994490792,0.0,0.0,0.0,0.0,0.0,0.0,0.0,0.0,0.0,0.0,0.0,0.0,0.002203683299228711,0.00015740594994490792,0.0015740594994490791,0.0
0043 L6 IT CTX Glut_2,0.0,0.0,0.0,0.0011807924429283652,0.0,0.9912096562581999,0.0,0.0,0.0011807924429283652,0.0,0.0,0.0005247966413014956,0.0,0.0,0.0,0.0,0.0,0.0,0.0,0.0,0.0,0.0036735764891104696,0.0,0.0022303857255313564,0.0
0044 L6 IT CTX Glut_3,0.0,0.0,0.014380530973451327,0.0,0.0,0.963495575221239,0.0,0.0,0.004424778761061947,0.0,0.0,0.0,0.0,0.0,0.0,0.0,0.0,0.0,0.0,0.0,0.0,0.012168141592920354,0.0,0.0055309734513274336,0.0
0045 L6 IT CTX Glut_3,0.0,0.0,0.0030120481927710845,0.004518072289156626,0.0,0.9784136546184738,0.0,0.0,0.0050200803212851405,0.0,0.0,0.004016064257028112,0.0,0.0,0.0,0.0,0.0,0.0,0.0,0.0,0.0,0.0025100401606425703,0.0,0.0025100401606425703,0.0
0046 L6 IT CTX Glut_3,0.0,0.0,0.0,0.0014097744360902255,0.0,0.9953007518796992,0.0,0.0,0.0,0.0,0.0,0.00046992481203007516,0.0,0.0,0.0,0.0,0.0,0.0,0.0,0.0,0.0,0.00046992481203007516,0.0,0.002349624060150376,0.0
0047 L6 IT CTX Glut_3,0.0,0.0,0.0,0.0,0.0,0.999003984063745,0.0,0.0,0.00049800796812749,0.0,0.0,0.0,0.0,0.0,0.0,0.0,0.0,0.0,0.0,0.0,0.0,0.0,0.0,0.00049800796812749,0.0
0048 L6 IT CTX Glut_3,0.0,0.0,0.0,0.0008460236886632825,0.0,0.9915397631133672,0.0,0.0,0.0,0.0,0.0,0.0008460236886632825,0.0,0.0,0.0,0.0,0.0,0.0,0.0,0.0,0.0,0.0025380710659898475,0.0,0.004230118443316413,0.0
0049 L6 IT CTX Glut_4,0.0,0.0,0.02030456852791878,0.04568527918781726,0.0,0.9137055837563451,0.0,0.0,0.01015228426395939,0.0,0.0,0.0,0.0,0.0,0.0,0.0,0.0,0.0,0.0,0.0,0.0,0.005076142131979695,0.0,0.005076142131979695,0.0
0050 L6 IT CTX Glut_4,0.0,0.0,0.0,0.02100840336134454,0.0,0.9747899159663865,0.0,0.0,0.0,0.0,0.0,0.0,0.0,0.0,0.0,0.0,0.0,0.0,0.0,0.0,0.0,0.0,0.0,0.004201680672268907,0.0
0051 L6 IT CTX Glut_4,0.0,0.0,0.0,0.005128205128205128,0.0,0.9948717948717949,0.0,0.0,0.0,0.0,0.0,0.0,0.0,0.0,0.0,0.0,0.0,0.0,0.0,0.0,0.0,0.0,0.0,0.0,0.0
0052 L6 IT CTX Glut_4,0.0,0.0,0.0005770340450086555,0.01673398730525101,0.0,0.9728793998845932,0.0,0.0,0.0,0.0,0.0,0.0005770340450086555,0.0,0.0,0.0,0.0,0.0,0.0,0.0,0.0,0.0,0.002308136180034622,0.0,0.006924408540103866,0.0
0053 L6 IT CTX Glut_5,0.0,0.0,0.0,0.0,0.0,0.9967897271268058,0.0,0.0,0.0,0.0,0.0,0.0,0.0,0.0,0.0,0.0,0.0,0.0,0.0,0.0,0.0,0.0032102728731942215,0.0,0.0,0.0
0054 L6 IT CTX Glut_5,0.0,0.0,0.0007173601147776184,0.004782400765184123,0.0,0.9909134385461502,0.0,0.0,0.0,0.0,0.0,0.001673840267814443,0.0,0.0,0.0,0.0,0.0,0.0,0.0,0.0,0.0,0.0007173601147776184,0.00047824007651841227,0.00047824007651841227,0.00023912003825920613
0055 L5 IT CTX Glut_1,0.0,0.0,0.006825938566552901,0.0,0.0,0.9658703071672355,0.0,0.0,0.0034129692832764505,0.0,0.0,0.0,0.0,0.0,0.0,0.0,0.0,0.0,0.0,0.0,0.0,0.017064846416382253,0.0,0.006825938566552901,0.0
0056 L5 IT CTX Glut_1,0.0,0.0,0.0,0.005633802816901409,0.0,0.992018779342723,0.0,0.0,0.0,0.0,0.0,0.0,0.0,0.0,0.0,0.0,0.0,0.0,0.0,0.0,0.0,0.0014084507042253522,0.0,0.0009389671361502347,0.0
0057 L5 IT CTX Glut_1,0.0,0.0,0.0,0.002962962962962963,0.0,0.997037037037037,0.0,0.0,0.0,0.0,0.0,0.0,0.0,0.0,0.0,0.0,0.0,0.0,0.0,0.0,0.0,0.0,0.0,0.0,0.0
0058 L5 IT CTX Glut_2,0.0,0.0,0.0,0.017837235228539576,0.0,0.9818840579710145,0.0,0.0,0.0002787068004459309,0.0,0.0,0.0,0.0,0.0,0.0,0.0,0.0,0.0,0.0,0.0,0.0,0.0,0.0,0.0,0.0
0059 L5 IT CTX Glut_2,0.0,0.0,0.0,0.014097744360902255,0.0,0.9830827067669173,0.0,0.0,0.0,0.0,0.0,0.0,0.0,0.0,0.0,0.0,0.0,0.0,0.0,0.0,0.0,0.002819548872180451,0.0,0.0,0.0
0060 L5 IT CTX Glut_2,0.0,0.0,0.0,0.0016114592658907788,0.0,0.9948075201432408,0.0,0.0,0.0,0.0,0.0,0.0,0.0,0.0,0.0,0.0,0.0,0.0,0.0,0.0,0.0,0.0035810205908683975,0.0,0.0,0.0
0061 L5 IT CTX Glut_3,0.0,0.0,0.0,0.00031338138514572234,0.0,0.999582158153139,0.0,0.0,0.0,0.0,0.0,0.0,0.0,0.0,0.0,0.0,0.0,0.0,0.0,0.0,0.0,0.0,0.00010446046171524079,0.0,0.0
0062 L5 IT CTX Glut_3,0.0,0.0,0.0,0.014450867052023121,0.0,0.9816955684007708,0.0,0.0,0.0009633911368015414,0.0,0.0,0.0009633911368015414,0.0,0.0,0.0,0.0,0.0,0.0,0.0,0.0,0.0,0.0009633911368015414,0.0,0.0009633911368015414,0.0
0063 L5 IT CTX Glut_4,0.0,0.0,0.0,0.0013280212483399733,0.0,0.99867197875166,0.0,0.0,0.0,0.0,0.0,0.0,0.0,0.0,0.0,0.0,0.0,0.0,0.0,0.0,0.0,0.0,0.0,0.0,0.0
0064 L5 IT CTX Glut_4,0.0,0.0,0.0,0.011589403973509934,0.0,0.9884105960264901,0.0,0.0,0.0,0.0,0.0,0.0,0.0,0.0,0.0,0.0,0.0,0.0,0.0,0.0,0.0,0.0,0.0,0.0,0.0
0065 L5 IT CTX Glut_5,0.0,0.0,0.006711409395973154,0.0,0.0,0.9932885906040269,0.0,0.0,0.0,0.0,0.0,0.0,0.0,0.0,0.0,0.0,0.0,0.0,0.0,0.0,0.0,0.0,0.0,0.0,0.0
0066 L4/5 IT CTX Glut_1,0.0,0.0,0.0,0.028308563340410473,0.0,0.9667374380750177,0.0,0.0,0.0,0.0,0.0,0.0,0.0,0.0,0.0,0.0,0.0,0.0,0.0,0.0,0.0,0.004953998584571833,0.0,0.0,0.0
0067 L4/5 IT CTX Glut_1,0.0,0.0,0.0004192872117400419,0.007966457023060796,0.0,0.990356394129979,0.0,0.0,0.0008385744234800838,0.0,0.0,0.0,0.0,0.0,0.0,0.0,0.0,0.0,0.0,0.0,0.0,0.0,0.0,0.0,0.0004192872117400419
0068 L4/5 IT CTX Glut_1,0.0,0.0,0.0,0.012682926829268294,0.0,0.9873170731707317,0.0,0.0,0.0,0.0,0.0,0.0,0.0,0.0,0.0,0.0,0.0,0.0,0.0,0.0,0.0,0.0,0.0,0.0,0.0
0069 L4/5 IT CTX Glut_1,0.0,0.0,0.0,0.0,0.0,1.0,0.0,0.0,0.0,0.0,0.0,0.0,0.0,0.0,0.0,0.0,0.0,0.0,0.0,0.0,0.0,0.0,0.0,0.0,0.0
0070 L4/5 IT CTX Glut_1,0.0,0.0,0.0,0.00039085401602501464,0.0,0.9990228649599374,0.0,0.0,0.00039085401602501464,0.0,0.0,0.00019542700801250732,0.0,0.0,0.0,0.0,0.0,0.0,0.0,0.0,0.0,0.0,0.0,0.0,0.0
0071 L4/5 IT CTX Glut_1,0.0,0.0,0.0,0.0,0.0,1.0,0.0,0.0,0.0,0.0,0.0,0.0,0.0,0.0,0.0,0.0,0.0,0.0,0.0,0.0,0.0,0.0,0.0,0.0,0.0
0072 L4/5 IT CTX Glut_1,0.0,0.0,0.0,0.0020434227330779057,0.0,0.9964240102171137,0.0,0.0,0.0015325670498084292,0.0,0.0,0.0,0.0,0.0,0.0,0.0,0.0,0.0,0.0,0.0,0.0,0.0,0.0,0.0,0.0
0073 L4/5 IT CTX Glut_1,0.0,0.0,0.0,0.0019801980198019802,0.0,0.998019801980198,0.0,0.0,0.0,0.0,0.0,0.0,0.0,0.0,0.0,0.0,0.0,0.0,0.0,0.0,0.0,0.0,0.0,0.0,0.0
0074 L4/5 IT CTX Glut_1,0.0,0.0,0.0,0.0020695364238410598,0.0,0.9979304635761589,0.0,0.0,0.0,0.0,0.0,0.0,0.0,0.0,0.0,0.0,0.0,0.0,0.0,0.0,0.0,0.0,0.0,0.0,0.0
0075 L4/5 IT CTX Glut_2,0.0,0.0,0.0,0.0,0.0,1.0,0.0,0.0,0.0,0.0,0.0,0.0,0.0,0.0,0.0,0.0,0.0,0.0,0.0,0.0,0.0,0.0,0.0,0.0,0.0
0076 L4/5 IT CTX Glut_2,0.0,0.0,0.0,0.0,0.0,0.988,0.0,0.0,0.012,0.0,0.0,0.0,0.0,0.0,0.0,0.0,0.0,0.0,0.0,0.0,0.0,0.0,0.0,0.0,0.0
0077 L4/5 IT CTX Glut_2,0.0,0.0,0.0,0.0006031363088057901,0.0,0.9963811821471653,0.0,0.0,0.0030156815440289505,0.0,0.0,0.0,0.0,0.0,0.0,0.0,0.0,0.0,0.0,0.0,0.0,0.0,0.0,0.0,0.0
0078 L4/5 IT CTX Glut_2,0.0,0.0,0.0,0.0,0.0,0.9937888198757764,0.0,0.0,0.006211180124223602,0.0,0.0,0.0,0.0,0.0,0.0,0.0,0.0,0.0,0.0,0.0,0.0,0.0,0.0,0.0,0.0
0079 L4/5 IT CTX Glut_2,0.0,0.0,0.0,0.0,0.0,0.9999665182308233,0.0,0.0,0.0,0.0,0.0,0.0,0.0,0.0,0.0,0.0,0.0,0.0,0.0,0.0,0.0,0.0,0.0,0.0,3.34817691766833e-05
0080 L4/5 IT CTX Glut_2,0.0,0.0,0.0,0.0,0.0,1.0,0.0,0.0,0.0,0.0,0.0,0.0,0.0,0.0,0.0,0.0,0.0,0.0,0.0,0.0,0.0,0.0,0.0,0.0,0.0
0081 L4/5 IT CTX Glut_2,0.0,0.0,0.0,0.0,0.0,1.0,0.0,0.0,0.0,0.0,0.0,0.0,0.0,0.0,0.0,0.0,0.0,0.0,0.0,0.0,0.0,0.0,0.0,0.0,0.0
0082 L4/5 IT CTX Glut_2,0.0,0.0,0.0,0.0,0.0,0.9975880971025842,0.0,0.0,0.002004698512137823,0.0,0.0,0.0,0.0,0.0,0.0,0.0,0.0,0.0,0.00034455755677368835,0.0,0.0,0.0,3.1323414252153486e-05,0.0,3.1323414252153486e-05
0083 L4/5 IT CTX Glut_3,0.0,0.0,0.0,0.003738317757009346,0.0,0.994392523364486,0.0,0.0,0.001869158878504673,0.0,0.0,0.0,0.0,0.0,0.0,0.0,0.0,0.0,0.0,0.0,0.0,0.0,0.0,0.0,0.0
0084 L4/5 IT CTX Glut_3,0.0,0.0,0.0,0.004048582995951417,0.0,0.994331983805668,0.0,0.0,0.0016194331983805667,0.0,0.0,0.0,0.0,0.0,0.0,0.0,0.0,0.0,0.0,0.0,0.0,0.0,0.0,0.0,0.0
0085 L4/5 IT CTX Glut_3,0.0,0.0,0.0,0.006941907197661673,0.0,0.9919620021921812,0.0,0.0,0.0007307270734380709,0.0,0.0,0.0,0.0,0.0,0.0,0.0,0.0,0.0,0.0,0.0,0.0,0.00036536353671903543,0.0,0.0,0.0
0086 L4/5 IT CTX Glut_3,0.0,0.0,0.0,0.013559322033898305,0.0,0.9776271186440678,0.0,0.0,0.008813559322033898,0.0,0.0,0.0,0.0,0.0,0.0,0.0,0.0,0.0,0.0,0.0,0.0,0.0,0.0,0.0,0.0
0087 L4/5 IT CTX Glut_3,0.0,0.0,0.0,0.0023781212841854932,0.0,0.9976218787158145,0.0,0.0,0.0,0.0,0.0,0.0,0.0,0.0,0.0,0.0,0.0,0.0,0.0,0.0,0.0,0.0,0.0,0.0,0.0
0088 L4/5 IT CTX Glut_3,0.0,0.0,0.00032562683165092806,0.0,0.0,0.9990231195050472,0.0,0.0,0.0006512536633018561,0.0,0.0,0.0,0.0,0.0,0.0,0.0,0.0,0.0,0.0,0.0,0.0,0.0,0.0,0.0,0.0
0089 L4/5 IT CTX Glut_4,0.0,0.0,0.0017331022530329288,0.0017331022530329288,0.0,0.9930675909878682,0.0,0.0,0.0034662045060658577,0.0,0.0,0.0,0.0,0.0,0.0,0.0,0.0,0.0,0.0,0.0,0.0,0.0,0.0,0.0,0.0
0090 L4/5 IT CTX Glut_4,0.0,0.0,0.001293103448275862,0.0004310344827586207,0.0,0.9978448275862069,0.0,0.0,0.0,0.0,0.0,0.0,0.0,0.0,0.0,0.0,0.0,0.0,0.0,0.0,0.0,0.0004310344827586207,0.0,0.0,0.0
0091 L4/5 IT CTX Glut_4,0.0,0.0,0.0005039052658100278,0.0,0.0,0.99949609473419,0.0,0.0,0.0,0.0,0.0,0.0,0.0,0.0,0.0,0.0,0.0,0.0,0.0,0.0,0.0,0.0,0.0,0.0,0.0
0092 L4/5 IT CTX Glut_4,0.0,0.0,0.0,0.0,0.0,0.9997479203428283,0.0,0.0,0.0,0.0,0.0,0.00025207965717166626,0.0,0.0,0.0,0.0,0.0,0.0,0.0,0.0,0.0,0.0,0.0,0.0,0.0
0093 L4/5 IT CTX Glut_4,0.0,0.0,0.0016273393002441008,0.0,0.0,0.985353946297803,0.0,0.0,0.0040683482506102524,0.0,0.0,0.007323026851098454,0.0,0.0,0.0,0.0,0.0,0.0,0.0,0.0,0.0,0.0,0.0008136696501220504,0.0,0.0008136696501220504
0094 L4/5 IT CTX Glut_4,0.0,0.0,0.0,0.00044543429844097997,0.0,0.9977728285077951,0.0,0.0,0.0017817371937639199,0.0,0.0,0.0,0.0,0.0,0.0,0.0,0.0,0.0,0.0,0.0,0.0,0.0,0.0,0.0,0.0
0095 L4/5 IT CTX Glut_5,0.0,0.0,0.0,0.0,0.0,0.9987096774193548,0.0,0.0,0.0012903225806451613,0.0,0.0,0.0,0.0,0.0,0.0,0.0,0.0,0.0,0.0,0.0,0.0,0.0,0.0,0.0,0.0
0096 L4/5 IT CTX Glut_5,0.0,0.0,0.0,0.0005793742757821553,0.0,0.9992275009656237,0.0,0.0,0.0,0.0,0.0,0.0,0.0,0.0,0.0,0.0,0.0,0.0,0.0,0.0,0.0,0.0,0.0,0.0,0.00019312475859405175
0097 L4/5 IT CTX Glut_5,0.0,0.0,0.0,0.0,0.0,0.9980035492457853,0.0,0.0,0.0,0.0,0.0,0.0,0.0,0.0,0.0,0.0,0.0,0.0,0.0,0.0,0.0,0.0011091393078970719,0.0008873114463176575,0.0,0.0
0098 L4/5 IT CTX Glut_5,0.0,0.0,0.0,0.002201430930104568,0.0,0.9950467804072647,0.0,0.0,0.0,0.0,0.0,0.0,0.0,0.0,0.0,0.0,0.0,0.0,0.0,0.0,0.0,0.00275178866263071,0.0,0.0,0.0
0099 L4/5 IT CTX Glut_6,0.0,0.0,0.0,0.04697286012526096,0.0,0.9519832985386222,0.0,0.0,0.0,0.0,0.0,0.0,0.0,0.0,0.0,0.0,0.0,0.0,0.0,0.0,0.0,0.0,0.0010438413361169101,0.0,0.0
0100 L4/5 IT CTX Glut_6,0.0,0.0,0.0,0.0015557193154835012,0.0,0.9983624007205437,0.0,0.0,0.0,0.0,0.0,0.0,0.0,0.0,0.0,0.0,0.0,0.0,0.0,0.0,0.0,0.0,0.0,0.0,8.187996397281586e-05
0101 L4/5 IT CTX Glut_6,0.0,0.0,0.0,0.010505581089954037,0.0,0.989494418910046,0.0,0.0,0.0,0.0,0.0,0.0,0.0,0.0,0.0,0.0,0.0,0.0,0.0,0.0,0.0,0.0,0.0,0.0,0.0
0102 L4/5 IT CTX Glut_6,0.0,0.0,0.0,0.73224043715847,0.0,0.2677595628415301,0.0,0.0,0.0,0.0,0.0,0.0,0.0,0.0,0.0,0.0,0.0,0.0,0.0,0.0,0.0,0.0,0.0,0.0,0.0
0103 L2/3 IT CTX Glut_1,0.0,0.0,0.0,0.0,0.0,1.0,0.0,0.0,0.0,0.0,0.0,0.0,0.0,0.0,0.0,0.0,0.0,0.0,0.0,0.0,0.0,0.0,0.0,0.0,0.0
0104 L2/3 IT CTX Glut_1,0.0,0.0,0.0,0.001349527665317139,0.0,0.9817813765182186,0.0,0.0,0.016869095816464237,0.0,0.0,0.0,0.0,0.0,0.0,0.0,0.0,0.0,0.0,0.0,0.0,0.0,0.0,0.0,0.0
0105 L2/3 IT CTX Glut_1,0.0,0.0,0.0,0.000963020030816641,0.0,0.9940292758089369,0.0,0.0,0.004429892141756549,0.0,0.0,0.0,0.0,0.0,0.0,0.0,0.0,0.0,0.0001926040061633282,0.0,0.0,0.0003852080123266564,0.0,0.0,0.0
0106 L2/3 IT CTX Glut_1,0.0,0.0,0.0,0.0022222222222222222,0.0,0.9933333333333333,0.0,0.0,0.0007407407407407407,0.0,0.0,0.0,0.0,0.0,0.0,0.0,0.0,0.0,0.0,0.0,0.0,0.0007407407407407407,0.0,0.0,0.002962962962962963
0107 L2/3 IT CTX Glut_1,0.0,0.0,0.0,0.0,0.0,1.0,0.0,0.0,0.0,0.0,0.0,0.0,0.0,0.0,0.0,0.0,0.0,0.0,0.0,0.0,0.0,0.0,0.0,0.0,0.0
0108 L2/3 IT CTX Glut_2,0.0,0.0,0.0,0.0,0.0,1.0,0.0,0.0,0.0,0.0,0.0,0.0,0.0,0.0,0.0,0.0,0.0,0.0,0.0,0.0,0.0,0.0,0.0,0.0,0.0
0109 L2/3 IT CTX Glut_2,0.0,0.0,0.0,7.14683895313103e-05,0.0,0.9925387001329312,0.0,0.0,0.0062034562113177346,0.0,0.0,2.858735581252412e-05,0.0,0.0,0.0,1.429367790626206e-05,0.0,0.0,0.000471691370906648,0.0,0.0,0.00017152413487514474,0.00010005574534383443,0.00011434942325009648,0.0002858735581252412
0110 L2/3 IT CTX Glut_2,0.0,0.0,0.0,0.001188253267696486,0.0,0.9950772364624003,0.0,0.0,0.0,0.0,0.0,0.0,0.0,0.0,0.0,0.0,0.0,0.0,0.0,0.0,0.0,0.00016975046681378373,0.00033950093362756747,0.0006790018672551349,0.002546257002206756
0111 L2/3 IT CTX Glut_2,0.0,0.0,0.0,0.0,0.0,0.9980557355800389,0.0,0.0,0.0006480881399870382,0.0,0.0,0.0,0.0,0.0,0.0,0.0,0.0,0.0,0.0012961762799740765,0.0,0.0,0.0,0.0,0.0,0.0
0112 L2/3 IT CTX Glut_2,0.0,0.0,0.0,0.0021777003484320556,0.0,0.9917247386759582,0.0,0.0,0.0,0.0,0.0,0.0,0.0,0.0,0.0,0.0,0.0,0.0,0.0,0.0,0.0,0.005662020905923345,0.00043554006968641115,0.0,0.0
0113 L2/3 IT CTX Glut_3,0.0,0.0,0.00375,0.0,0.0,0.995,0.0,0.0,0.0008333333333333334,0.0,0.0,0.0,0.0,0.0,0.0,0.0,0.0,0.0,0.0,0.0,0.0,0.0004166666666666667,0.0,0.0,0.0
0114 L2/3 IT CTX Glut_3,0.0,0.0,0.0,0.0319693094629156,0.0,0.9296675191815856,0.0,0.0,0.037723785166240406,0.0,0.0,0.0006393861892583121,0.0,0.0,0.0,0.0,0.0,0.0,0.0,0.0,0.0,0.0,0.0,0.0,0.0
0115 L2/3 IT CTX Glut_3,0.0,0.0,0.0015527950310559005,0.0015527950310559005,0.0,0.9347826086956522,0.0,0.0,0.062111801242236024,0.0,0.0,0.0,0.0,0.0,0.0,0.0,0.0,0.0,0.0,0.0,0.0,0.0,0.0,0.0,0.0
0116 L2/3 IT CTX Glut_3,0.0,0.0,0.00019331142470520006,0.0013531799729364006,0.0,0.99516721438237,0.0,0.0,0.0017398028223468006,0.0,0.0,0.0,0.0,0.0,0.0,0.0,0.0,0.0,0.0,0.0,0.0,0.0,0.0,0.0,0.0015464913976416005
0117 L2/3 IT CTX Glut_4,0.0,0.0,0.00044689408610159393,0.006107552510055117,0.0,0.9559064501713094,0.0,0.0,0.034857738715924326,0.0,0.0,0.0,0.0,0.0,0.0,0.0,0.0,0.0,0.0008937881722031879,0.0,0.0,0.0,0.0,0.00014896469536719798,0.0016386116490391778
0118 L2/3 IT CTX Glut_4,0.0,0.0,0.0003935458480913026,0.002295684113865932,0.0,0.9893742621015348,0.0,0.0,0.005181686999868818,0.0,0.0,0.0,0.0,0.0,0.0,0.0,0.0,0.0,0.00013118194936376755,0.0,0.0,0.00013118194936376755,0.00013118194936376755,0.0001967729240456513,0.0021645021645021645
0119 L2/3 IT CTX Glut_4,0.0,0.0,0.013418079096045197,0.05155367231638418,0.0,0.806497175141243,0.0,0.0,0.1285310734463277,0.0,0.0,0.0,0.0,0.0,0.0,0.0,0.0,0.0,0.0,0.0,0.0,0.0,0.0,0.0,0.0
0120 L2/3 IT CTX Glut_4,0.0,0.0,0.012371134020618556,0.002061855670103093,0.0,0.9360824742268041,0.0,0.0,0.04329896907216495,0.0,0.0,0.0,0.0,0.0,0.0,0.0,0.0,0.0,0.0,0.0,0.0,0.0,0.0,0.0,0.006185567010309278
0121 L2/3 IT ENT Glut_1,0.0,0.0,0.03153153153153153,0.4144144144144144,0.0,0.0,0.0,0.0,0.5540540540540541,0.0,0.0,0.0,0.0,0.0,0.0,0.0,0.0,0.0,0.0,0.0,0.0,0.0,0.0,0.0,0.0
0122 L2/3 IT ENT Glut_1,0.0,0.0,0.036414565826330535,0.8123249299719888,0.0,0.02100840336134454,0.0,0.0,0.13025210084033614,0.0,0.0,0.0,0.0,0.0,0.0,0.0,0.0,0.0,0.0,0.0,0.0,0.0,0.0,0.0,0.0
0123 L2/3 IT ENT Glut_1,0.0,0.0,0.0021691973969631237,0.735357917570499,0.0,0.16268980477223427,0.0,0.0,0.09761388286334056,0.0,0.0,0.0,0.0,0.0,0.0,0.0,0.0,0.0,0.0,0.0,0.0,0.0021691973969631237,0.0,0.0,0.0
0124 L2/3 IT ENT Glut_2,0.0,0.0,0.00425531914893617,0.8808510638297873,0.0,0.0,0.0,0.0,0.1148936170212766,0.0,0.0,0.0,0.0,0.0,0.0,0.0,0.0,0.0,0.0,0.0,0.0,0.0,0.0,0.0,0.0
0125 L2/3 IT ENT Glut_2,0.0,0.0,0.0,0.8092105263157895,0.0,0.19078947368421054,0.0,0.0,0.0,0.0,0.0,0.0,0.0,0.0,0.0,0.0,0.0,0.0,0.0,0.0,0.0,0.0,0.0,0.0,0.0
0126 L2/3 IT ENT Glut_2,0.0,0.0,0.0,0.969047619047619,0.0,0.023809523809523808,0.0,0.0,0.004761904761904762,0.0,0.0,0.0,0.0,0.0,0.0,0.0,0.0,0.0,0.0,0.0,0.0,0.0,0.0,0.0,0.002380952380952381
0127 L2/3 IT ENT Glut_3,0.0,0.0,0.0011299435028248588,0.576271186440678,0.0,0.3423728813559322,0.0,0.0,0.07909604519774012,0.0,0.0,0.0011299435028248588,0.0,0.0,0.0,0.0,0.0,0.0,0.0,0.0,0.0,0.0,0.0,0.0,0.0
0128 L2/3 IT ENT Glut_3,0.0,0.0,0.0,0.82,0.0,0.0,0.0,0.0,0.18,0.0,0.0,0.0,0.0,0.0,0.0,0.0,0.0,0.0,0.0,0.0,0.0,0.0,0.0,0.0,0.0
0129 L2/3 IT ENT Glut_3,0.0,0.0,0.0,0.8478260869565217,0.0,0.01956521739130435,0.0,0.0,0.13260869565217392,0.0,0.0,0.0,0.0,0.0,0.0,0.0,0.0,0.0,0.0,0.0,0.0,0.0,0.0,0.0,0.0
0130 L2/3 IT ENT Glut_4,0.0,0.0,0.0,0.970668023058664,0.0,0.02899287894201424,0.0,0.0,0.0,0.0,0.0,0.0,0.0,0.0,0.0,0.0,0.0,0.0,0.0,0.0,0.0,0.0,0.0,0.0,0.00033909799932180403
0131 L2/3 IT ENT Glut_4,0.0,0.0,0.0,0.9681159420289855,0.0,0.03188405797101449,0.0,0.0,0.0,0.0,0.0,0.0,0.0,0.0,0.0,0.0,0.0,0.0,0.0,0.0,0.0,0.0,0.0,0.0,0.0
0132 L2/3 IT ENT Glut_4,0.0,0.0,0.0,1.0,0.0,0.0,0.0,0.0,0.0,0.0,0.0,0.0,0.0,0.0,0.0,0.0,0.0,0.0,0.0,0.0,0.0,0.0,0.0,0.0,0.0
0133 L2/3 IT ENT Glut_5,0.0,0.0,0.0,1.0,0.0,0.0,0.0,0.0,0.0,0.0,0.0,0.0,0.0,0.0,0.0,0.0,0.0,0.0,0.0,0.0,0.0,0.0,0.0,0.0,0.0
0134 L2/3 IT ENT Glut_5,0.0,0.0,0.0,0.9982190560997328,0.0,0.0008904719501335708,0.0,0.0,0.0008904719501335708,0.0,0.0,0.0,0.0,0.0,0.0,0.0,0.0,0.0,0.0,0.0,0.0,0.0,0.0,0.0,0.0
0135 L2/3 IT ENT Glut_5,0.0,0.0,0.0,0.7903225806451613,0.0,0.2077798861480076,0.0,0.0,0.0009487666034155598,0.0,0.0,0.0,0.0,0.0,0.0,0.0,0.0,0.0,0.0,0.0,0.0,0.0,0.0,0.0,0.0009487666034155598
0136 L2/3 IT ENT Glut_6,0.0,0.0,0.008561643835616438,0.6815068493150684,0.0,0.03424657534246575,0.0,0.0,0.2756849315068493,0.0,0.0,0.0,0.0,0.0,0.0,0.0,0.0,0.0,0.0,0.0,0.0,0.0,0.0,0.0,0.0
0137 L2/3 IT ENT Glut_6,0.0,0.0,0.0,0.9101796407185628,0.0,0.08383233532934131,0.0,0.0,0.0,0.0,0.0,0.0,0.0,0.0,0.0,0.0,0.0,0.0,0.0,0.0,0.0,0.0,0.0,0.0,0.005988023952095809
0138 L2/3 IT PIR-ENTl Glut_1,0.0,0.0,0.016097875080489377,0.017385705086928525,0.0,0.050869285254346426,0.0,0.0,0.9150032195750161,0.0,0.0,0.0003219575016097875,0.0,0.0,0.0,0.0,0.0,0.0,0.0,0.0,0.0,0.0,0.0,0.0,0.0003219575016097875
0139 L2/3 IT PIR-ENTl Glut_1,0.0,0.0,0.008880994671403197,0.14564831261101244,0.0,0.10124333925399645,0.0,0.0,0.7438721136767318,0.0,0.00035523978685612787,0.0,0.0,0.0,0.0,0.0,0.0,0.0,0.0,0.0,0.0,0.0,0.0,0.0,0.0
0140 L2/3 IT PIR-ENTl Glut_1,0.0,0.0,0.017726798748696558,0.0031282586027111575,0.0,0.016684045881126174,0.0,0.0,0.9614181438998958,0.0,0.0,0.0010427528675703858,0.0,0.0,0.0,0.0,0.0,0.0,0.0,0.0,0.0,0.0,0.0,0.0,0.0
0141 L2/3 IT PIR-ENTl Glut_1,0.0,0.0,0.047217537942664416,0.0008431703204047217,0.0,0.0008431703204047217,0.0,0.0,0.9510961214165261,0.0,0.0,0.0,0.0,0.0,0.0,0.0,0.0,0.0,0.0,0.0,0.0,0.0,0.0,0.0,0.0
0142 L2/3 IT PIR-ENTl Glut_1,0.0,0.0,0.5867158671586716,0.0,0.0,0.005535055350553505,0.0,0.0,0.4077490774907749,0.0,0.0,0.0,0.0,0.0,0.0,0.0,0.0,0.0,0.0,0.0,0.0,0.0,0.0,0.0,0.0
0143 L2/3 IT PIR-ENTl Glut_1,0.0,0.0,0.17275747508305647,0.0,0.0,0.0033222591362126247,0.0,0.0,0.8239202657807309,0.0,0.0,0.0,0.0,0.0,0.0,0.0,0.0,0.0,0.0,0.0,0.0,0.0,0.0,0.0,0.0
0144 L2/3 IT PIR-ENTl Glut_2,0.0,0.0,0.007655502392344498,0.0,0.0,0.0,0.0,0.0,0.9904306220095693,0.0,0.0,0.0012759170653907496,0.0,0.0,0.0,0.0,0.0,0.0,0.0003189792663476874,0.0,0.0,0.0003189792663476874,0.0,0.0,0.0
0145 L2/3 IT PIR-ENTl Glut_2,0.0,0.0,0.00957771005659556,0.0030474531998258597,0.0,0.0174140182847192,0.0,0.0,0.9686547670875054,0.0,0.0,0.0,0.0,0.0,0.0,0.0,0.0,0.0,0.0,0.0,0.0,0.00130605137135394,0.0,0.0,0.0
0146 L2/3 IT PIR-ENTl Glut_2,0.0,0.0,0.0,0.0,0.0,0.008484162895927601,0.0,0.0,0.9915158371040724,0.0,0.0,0.0,0.0,0.0,0.0,0.0,0.0,0.0,0.0,0.0,0.0,0.0,0.0,0.0,0.0
0147 L2/3 IT PIR-ENTl Glut_2,0.0,0.0,0.006240822320117474,0.002936857562408223,0.0,0.07452276064610866,0.0,0.0,0.9140969162995595,0.0,0.0,0.0007342143906020558,0.0,0.0,0.0,0.0,0.0,0.0,0.0,0.0,0.0,0.0007342143906020558,0.0,0.0,0.0007342143906020558
0148 L2/3 IT PIR-ENTl Glut_2,0.0,0.0,0.0,0.0,0.0,0.06283118849356548,0.0,0.0,0.9341408024224073,0.0,0.0,0.000757002271006813,0.0,0.0,0.0,0.0,0.0,0.0,0.0,0.0,0.0,0.0,0.0,0.0,0.002271006813020439
0149 L2/3 IT PIR-ENTl Glut_3,0.0,0.0,0.013900955690703735,0.15638575152041703,0.0,0.13032145960034752,0.0,0.0,0.6993918331885317,0.0,0.0,0.0,0.0,0.0,0.0,0.0,0.0,0.0,0.0,0.0,0.0,0.0,0.0,0.0,0.0
0150 L2/3 IT PIR-ENTl Glut_3,0.0,0.0,0.006855867346938775,0.007174744897959184,0.0,0.14652423469387754,0.0,0.0,0.8380102040816326,0.0,0.0,0.0009566326530612245,0.0,0.0,0.0,0.0,0.0,0.0,0.0,0.0,0.0,0.00015943877551020407,0.0,0.0,0.00031887755102040814
0151 L2/3 IT PIR-ENTl Glut_3,0.0,0.0,0.027624309392265192,0.0,0.0,0.15469613259668508,0.0,0.0,0.8176795580110497,0.0,0.0,0.0,0.0,0.0,0.0,0.0,0.0,0.0,0.0,0.0,0.0,0.0,0.0,0.0,0.0
0152 L2/3 IT PIR-ENTl Glut_3,0.0,0.0,0.002702702702702703,0.0009009009009009009,0.0,0.053603603603603604,0.0,0.0,0.9427927927927928,0.0,0.0,0.0,0.0,0.0,0.0,0.0,0.0,0.0,0.0,0.0,0.0,0.0,0.0,0.0,0.0
0153 L2/3 IT PIR-ENTl Glut_3,0.0,0.0,0.0,0.0,0.0,0.021464646464646464,0.0,0.0,0.9785353535353535,0.0,0.0,0.0,0.0,0.0,0.0,0.0,0.0,0.0,0.0,0.0,0.0,0.0,0.0,0.0,0.0
0154 L2/3 IT PIR-ENTl Glut_3,0.0,0.0,0.0,0.0,0.0,0.021302744776730848,0.0,0.0,0.9782875870544858,0.0,0.0,0.00040966816878328555,0.0,0.0,0.0,0.0,0.0,0.0,0.0,0.0,0.0,0.0,0.0,0.0,0.0
0155 L2/3 IT PIR-ENTl Glut_4,0.0,0.0,0.0,0.9885297184567258,0.0,0.0010427528675703858,0.0,0.0,0.010427528675703858,0.0,0.0,0.0,0.0,0.0,0.0,0.0,0.0,0.0,0.0,0.0,0.0,0.0,0.0,0.0,0.0
0156 L2/3 IT PIR-ENTl Glut_4,0.0,0.0,0.00019876764062810574,0.0003975352812562115,0.0,0.08566885311071358,0.0,0.0,0.9121447028423773,0.0,0.0,0.0,0.0,0.0,0.0,0.0,0.0,0.0,0.0,0.0,0.0,0.0,0.0,0.0,0.001590141125024846
0157 L2/3 IT PIR-ENTl Glut_4,0.0,0.0,0.0,0.03907637655417407,0.0,0.056838365896980464,0.0,0.0,0.9040852575488455,0.0,0.0,0.0,0.0,0.0,0.0,0.0,0.0,0.0,0.0,0.0,0.0,0.0,0.0,0.0,0.0
0158 L2/3 IT PIR-ENTl Glut_4,0.0,0.0,0.0,0.7718204488778054,0.0,0.16895261845386533,0.0,0.0,0.05423940149625935,0.0,0.0,0.0,0.0,0.0,0.0,0.0,0.0,0.0,0.0,0.0,0.0,0.0,0.0,0.0,0.004987531172069825
0159 L2/3 IT PIR-ENTl Glut_4,0.0,0.0,0.0,0.5779944289693594,0.0,0.002785515320334262,0.0,0.0,0.4136490250696379,0.0,0.0,0.0,0.0,0.0,0.0,0.0,0.0,0.0,0.0,0.0,0.0,0.0,0.0,0.0,0.005571030640668524
0160 L2/3 IT PIR-ENTl Glut_4,0.0,0.0,0.02335609054976644,0.022278117139777218,0.0,0.0643190801293568,0.0,0.0,0.8893280632411067,0.0,0.0,0.0007186489399928135,0.0,0.0,0.0,0.0,0.0,0.0,0.0,0.0,0.0,0.0,0.0,0.0,0.0
0161 L2/3 IT PIR-ENTl Glut_5,0.0,0.0,0.06494960806270997,0.2911534154535274,0.0,0.11198208286674133,0.0,0.0,0.5218365061590146,0.0,0.0,0.0022396416573348264,0.0,0.0,0.0,0.0,0.0,0.0,0.0011198208286674132,0.0,0.0,0.005599104143337066,0.0,0.0,0.0011198208286674132
0162 L2/3 IT PIR-ENTl Glut_6,0.0,0.0,0.19387755102040816,0.24693877551020407,0.0,0.013265306122448979,0.0,0.0,0.536734693877551,0.0,0.0,0.0,0.0,0.0,0.0,0.0,0.0,0.0,0.0,0.0,0.0,0.006122448979591836,0.003061224489795918,0.0,0.0
0163 L2/3 IT PIR-ENTl Glut_6,0.0,0.0,0.026611694152923537,0.19865067466266867,0.0,0.007871064467766116,0.0,0.0,0.7664917541229386,0.0,0.0,0.0003748125937031484,0.0,0.0,0.0,0.0,0.0,0.0,0.0,0.0,0.0,0.0,0.0,0.0,0.0
0164 L2/3 IT PIR-ENTl Glut_7,0.0,0.0,0.32323232323232326,0.0,0.0,0.0,0.0,0.0,0.494949494949495,0.0,0.0,0.12121212121212122,0.0,0.0,0.0,0.0,0.0,0.0,0.0,0.0,0.0,0.050505050505050504,0.010101010101010102,0.0,0.0
0165 L2/3 IT PIR-ENTl Glut_7,0.0,0.0,0.40240641711229946,0.0,0.0,0.008021390374331552,0.0,0.0,0.20588235294117646,0.0,0.0,0.28810160427807485,0.0,0.0,0.0,0.0,0.0,0.0,0.009358288770053475,0.0,0.0,0.07553475935828877,0.0106951871657754,0.0,0.0
0166 IT AON-TT-DP Glut_1,0.0,0.0,0.037783375314861464,0.012594458438287154,0.0,0.07304785894206549,0.0,0.0,0.8463476070528967,0.0,0.0,0.020151133501259445,0.0,0.0,0.0,0.0,0.0,0.0,0.0,0.0,0.0,0.007556675062972292,0.0025188916876574307,0.0,0.0
0167 IT AON-TT-DP Glut_1,0.0,0.0,0.0015710919088766694,0.0,0.0,0.1657501963864886,0.0,0.0,0.8201099764336214,0.0,0.0,0.01178318931657502,0.0,0.0,0.0,0.0,0.0,0.0,0.0007855459544383347,0.0,0.0,0.0,0.0,0.0,0.0
0168 IT AON-TT-DP Glut_1,0.0,0.0,0.05789473684210526,0.013157894736842105,0.0,0.07368421052631578,0.0,0.0,0.8315789473684211,0.0,0.0,0.021052631578947368,0.0,0.0,0.0,0.0,0.0,0.0,0.0,0.0,0.0,0.0,0.002631578947368421,0.0,0.0
0169 IT AON-TT-DP Glut_1,0.0,0.0,0.008791208791208791,0.012087912087912088,0.0,0.08351648351648351,0.0,0.0,0.8197802197802198,0.0,0.0,0.025274725274725275,0.0,0.0,0.0,0.0,0.0,0.0,0.0,0.0,0.0,0.05054945054945055,0.0,0.0,0.0
0170 IT AON-TT-DP Glut_1,0.0,0.0,0.0,0.00033955857385398983,0.0,0.013921901528013583,0.0,0.0,0.9752122241086587,0.0,0.0,0.010526315789473684,0.0,0.0,0.0,0.0,0.0,0.0,0.0,0.0,0.0,0.0,0.0,0.0,0.0
0171 IT AON-TT-DP Glut_2,0.0,0.0,0.0,0.0,0.0,0.0,0.0,0.0,0.9983726606997559,0.0,0.0,0.0,0.0,0.0,0.0,0.0,0.0,0.0,0.0016273393002441008,0.0,0.0,0.0,0.0,0.0,0.0
0172 IT AON-TT-DP Glut_2,0.0,0.0,0.0,0.0,0.0,0.0,0.0,0.0,1.0,0.0,0.0,0.0,0.0,0.0,0.0,0.0,0.0,0.0,0.0,0.0,0.0,0.0,0.0,0.0,0.0
0173 IT AON-TT-DP Glut_2,0.0,0.0,0.0,0.0,0.0,0.0,0.0,0.0,0.9954954954954955,0.0,0.0,0.0,0.0,0.0,0.0,0.0,0.0,0.0,0.0045045045045045045,0.0,0.0,0.0,0.0,0.0,0.0
0174 IT AON-TT-DP Glut_2,0.0,0.0,0.0,0.0,0.0,0.0,0.0,0.0,0.9690721649484536,0.0,0.0,0.030927835051546393,0.0,0.0,0.0,0.0,0.0,0.0,0.0,0.0,0.0,0.0,0.0,0.0,0.0
0175 IT AON-TT-DP Glut_3,0.0,0.0,0.0,0.0,0.0,0.0,0.0,0.0,0.9932735426008968,0.0,0.0,0.0,0.0,0.0,0.0,0.0,0.0,0.0,0.006726457399103139,0.0,0.0,0.0,0.0,0.0,0.0
0176 IT AON-TT-DP Glut_3,0.0,0.0,0.0,0.0,0.0,0.002336448598130841,0.0,0.0,0.9976635514018691,0.0,0.0,0.0,0.0,0.0,0.0,0.0,0.0,0.0,0.0,0.0,0.0,0.0,0.0,0.0,0.0
0177 IT AON-TT-DP Glut_3,0.0,0.0,0.0,0.0,0.0,0.0039177277179236044,0.0,0.0,0.9735553379040157,0.0,0.0,0.0,0.0,0.0,0.0,0.0,0.0,0.0,0.022526934378060724,0.0,0.0,0.0,0.0,0.0,0.0
0178 IT AON-TT-DP Glut_3,0.0,0.0,0.0,0.0,0.0,0.0,0.0,0.0,0.9948717948717949,0.0,0.0,0.0,0.0,0.0,0.0,0.0,0.0,0.0,0.005128205128205128,0.0,0.0,0.0,0.0,0.0,0.0
0179 IT AON-TT-DP Glut_4,0.0,0.0,0.0,0.0,0.0,0.0016181229773462784,0.0,0.0,0.9838187702265372,0.0,0.0,0.008090614886731391,0.0,0.0,0.0,0.0,0.0,0.0,0.006472491909385114,0.0,0.0,0.0,0.0,0.0,0.0
0180 IT AON-TT-DP Glut_4,0.0,0.0,0.021153846153846155,0.0,0.0,0.0009615384615384616,0.0,0.0,0.9278846153846154,0.0,0.0,0.03461538461538462,0.0,0.0,0.0,0.0,0.0,0.0,0.015384615384615385,0.0,0.0,0.0,0.0,0.0,0.0
0181 IT AON-TT-DP Glut_4,0.0,0.0,0.0,0.0,0.0,0.006920415224913495,0.0,0.0,0.9532871972318339,0.0,0.0,0.03460207612456748,0.0,0.0,0.0,0.0,0.0,0.0,0.005190311418685121,0.0,0.0,0.0,0.0,0.0,0.0
0182 IT AON-TT-DP Glut_5,0.0,0.0,0.0,0.0,0.0,0.018018018018018018,0.0,0.0,0.9806949806949807,0.0,0.0,0.0,0.0,0.0,0.0,0.0,0.0,0.0,0.001287001287001287,0.0,0.0,0.0,0.0,0.0,0.0
0183 IT AON-TT-DP Glut_5,0.0,0.0,0.0,0.0,0.0,0.011351909184726523,0.0,0.0,0.9628482972136223,0.0,0.0,0.0005159958720330237,0.0,0.0,0.0,0.0,0.0,0.0,0.025283797729618165,0.0,0.0,0.0,0.0,0.0,0.0
0184 IT AON-TT-DP Glut_5,0.0,0.0,0.0,0.0,0.0,0.0029265809899478305,0.0,0.0,0.9708614327522586,0.0,0.0,0.0,0.0,0.0,0.0,0.0,0.0,0.0,0.026211986257793612,0.0,0.0,0.0,0.0,0.0,0.0
0185 IT AON-TT-DP Glut_5,0.0,0.0,0.0,0.0,0.0,0.0070838252656434475,0.0,0.0,0.9858323494687131,0.0,0.0,0.0,0.0,0.0,0.0,0.0,0.0,0.0,0.0070838252656434475,0.0,0.0,0.0,0.0,0.0,0.0
0186 L2 IT ENT-po Glut_1,0.0,0.0,0.0,0.8925619834710744,0.0,0.1046831955922865,0.0,0.0,0.0,0.0,0.0,0.0,0.0,0.0,0.0,0.0,0.0,0.0,0.0,0.0,0.0,0.0,0.0027548209366391185,0.0,0.0
0187 L2 IT ENT-po Glut_1,0.0,0.0,0.0,0.9829234972677595,0.0,0.01707650273224044,0.0,0.0,0.0,0.0,0.0,0.0,0.0,0.0,0.0,0.0,0.0,0.0,0.0,0.0,0.0,0.0,0.0,0.0,0.0
0188 L2 IT ENT-po Glut_2,0.0,0.0,0.0,1.0,0.0,0.0,0.0,0.0,0.0,0.0,0.0,0.0,0.0,0.0,0.0,0.0,0.0,0.0,0.0,0.0,0.0,0.0,0.0,0.0,0.0
0189 L2 IT ENT-po Glut_2,0.0,0.0,0.0,1.0,0.0,0.0,0.0,0.0,0.0,0.0,0.0,0.0,0.0,0.0,0.0,0.0,0.0,0.0,0.0,0.0,0.0,0.0,0.0,0.0,0.0
0190 L2 IT ENT-po Glut_3,0.0,0.0,0.0,0.9905362776025236,0.0,0.0,0.0,0.0,0.00946372239747634,0.0,0.0,0.0,0.0,0.0,0.0,0.0,0.0,0.0,0.0,0.0,0.0,0.0,0.0,0.0,0.0
0191 L2 IT ENT-po Glut_4,0.0,0.0,0.0,0.9986586183769283,0.0,0.0,0.0,0.0,0.0,0.0,0.0,0.0,0.0,0.0,0.0,0.0,0.0,0.0,0.0,0.0,0.0,0.0,0.0,0.0,0.0013413816230717639
0192 MEA Slc17a7 Glut_1,0.0,0.0,0.3333333333333333,0.0,0.0,0.0,0.0,0.0,0.0,0.0,0.0,0.59,0.0,0.0,0.0,0.0,0.0,0.0,0.0,0.0,0.0,0.0,0.07666666666666666,0.0,0.0
0193 MEA Slc17a7 Glut_1,0.0,0.0,0.3179791976225854,0.004457652303120356,0.0,0.0,0.0,0.0,0.05349182763744428,0.0,0.0,0.6240713224368499,0.0,0.0,0.0,0.0,0.0,0.0,0.0,0.0,0.0,0.0,0.0,0.0,0.0
0194 MEA Slc17a7 Glut_1,0.0,0.0,0.5891891891891892,0.0,0.0,0.0,0.0,0.0,0.07027027027027027,0.0,0.0,0.33513513513513515,0.0,0.0,0.0,0.0,0.0,0.0,0.0,0.0,0.005405405405405406,0.0,0.0,0.0,0.0
0195 MEA Slc17a7 Glut_1,0.0,0.0,0.1456,0.0,0.0,0.0,0.0,0.0,0.0352,0.0,0.0,0.8192,0.0,0.0,0.0,0.0,0.0,0.0,0.0,0.0,0.0,0.0,0.0,0.0,0.0
0196 MEA Slc17a7 Glut_1,0.0,0.0,0.0,0.0,0.0,0.0,0.0,0.0,0.0,0.0,0.0,1.0,0.0,0.0,0.0,0.0,0.0,0.0,0.0,0.0,0.0,0.0,0.0,0.0,0.0
0197 MEA Slc17a7 Glut_1,0.0,0.0,0.016786570743405275,0.007194244604316547,0.0,0.0,0.0,0.0,0.03357314148681055,0.0,0.0,0.8465227817745803,0.0,0.0,0.0,0.0,0.002398081534772182,0.0,0.004796163069544364,0.0,0.08633093525179857,0.0,0.0,0.0,0.002398081534772182
0198 MEA Slc17a7 Glut_1,0.0,0.0,0.1940928270042194,0.002109704641350211,0.0,0.0,0.0,0.0,0.47257383966244726,0.0,0.0,0.33122362869198313,0.0,0.0,0.0,0.0,0.0,0.0,0.0,0.0,0.0,0.0,0.0,0.0,0.0
0199 MEA Slc17a7 Glut_1,0.0,0.0,0.4864864864864865,0.0,0.0,0.0,0.0,0.0,0.5135135135135135,0.0,0.0,0.0,0.0,0.0,0.0,0.0,0.0,0.0,0.0,0.0,0.0,0.0,0.0,0.0,0.0
0200 MEA Slc17a7 Glut_1,0.0,0.0,0.38666666666666666,0.0,0.0,0.0,0.0,0.0,0.0,0.0,0.0,0.6133333333333333,0.0,0.0,0.0,0.0,0.0,0.0,0.0,0.0,0.0,0.0,0.0,0.0,0.0
0201 MEA Slc17a7 Glut_2,0.0,0.0,0.8362068965517241,0.0,0.0,0.0,0.0,0.0,0.16379310344827586,0.0,0.0,0.0,0.0,0.0,0.0,0.0,0.0,0.0,0.0,0.0,0.0,0.0,0.0,0.0,0.0
0202 MEA Slc17a7 Glut_2,0.0,0.0,0.30434782608695654,0.0,0.014492753623188406,0.0,0.0,0.0,0.08695652173913043,0.0,0.18840579710144928,0.37681159420289856,0.0,0.0,0.0,0.0,0.014492753623188406,0.0,0.0,0.0,0.0,0.0,0.014492753623188406,0.0,0.0
0203 MEA Slc17a7 Glut_2,0.0,0.0,0.03546099290780142,0.0,0.09929078014184398,0.0,0.0,0.0,0.0070921985815602835,0.0,0.375886524822695,0.44680851063829785,0.0070921985815602835,0.0,0.0,0.0,0.0070921985815602835,0.0,0.0,0.0,0.0,0.0070921985815602835,0.014184397163120567,0.0,0.0
0204 MEA Slc17a7 Glut_2,0.0,0.0,0.46226415094339623,0.0,0.0,0.0,0.0,0.0,0.12264150943396226,0.0,0.018867924528301886,0.3867924528301887,0.0,0.0,0.0,0.0,0.0,0.0,0.0,0.0,0.0,0.0,0.009433962264150943,0.0,0.0
0205 MEA Slc17a7 Glut_2,0.0,0.0,0.319672131147541,0.0,0.004098360655737705,0.004098360655737705,0.0,0.0,0.19262295081967212,0.0,0.004098360655737705,0.4713114754098361,0.0,0.0,0.0,0.0,0.0,0.0,0.0,0.0,0.0,0.0,0.004098360655737705,0.0,0.0
0206 MEA Slc17a7 Glut_2,0.0,0.0,0.5583333333333333,0.0,0.0,0.0,0.0,0.0,0.375,0.0,0.0,0.05,0.0,0.0,0.0,0.0,0.0,0.0,0.0,0.0,0.0,0.008333333333333333,0.008333333333333333,0.0,0.0
0207 MEA Slc17a7 Glut_2,0.0,0.0,0.2361111111111111,0.0,0.013888888888888888,0.0,0.0,0.0,0.16666666666666666,0.0,0.05555555555555555,0.5277777777777778,0.0,0.0,0.0,0.0,0.0,0.0,0.0,0.0,0.0,0.0,0.0,0.0,0.0
0208 MEA Slc17a7 Glut_2,0.0,0.0,0.5121951219512195,0.0,0.0,0.0,0.0,0.0,0.4634146341463415,0.0,0.0,0.024390243902439025,0.0,0.0,0.0,0.0,0.0,0.0,0.0,0.0,0.0,0.0,0.0,0.0,0.0
0209 MEA Slc17a7 Glut_2,0.0,0.0,0.16230366492146597,0.005235602094240838,0.0,0.0,0.0,0.0,0.5078534031413613,0.0,0.0,0.32460732984293195,0.0,0.0,0.0,0.0,0.0,0.0,0.0,0.0,0.0,0.0,0.0,0.0,0.0
0210 MEA Slc17a7 Glut_2,0.0,0.0,0.21195652173913043,0.0,0.0,0.0,0.0,0.0,0.7608695652173914,0.0,0.0,0.010869565217391304,0.0,0.0,0.0,0.0,0.0,0.0,0.0,0.0,0.0,0.016304347826086956,0.0,0.0,0.0
0211 MEA Slc17a7 Glut_2,0.0,0.0,0.125,0.0,0.0,0.0,0.0,0.0,0.0,0.0,0.0,0.84375,0.0,0.0,0.0,0.0,0.0,0.0,0.0,0.0,0.0,0.0,0.03125,0.0,0.0
0212 MEA Slc17a7 Glut_2,0.0,0.0,0.10810810810810811,0.0,0.0,0.0,0.0,0.0,0.10810810810810811,0.0,0.0,0.7837837837837838,0.0,0.0,0.0,0.0,0.0,0.0,0.0,0.0,0.0,0.0,0.0,0.0,0.0
0213 MEA Slc17a7 Glut_3,0.0,0.0,0.23834886817576564,0.0,0.0,0.0,0.0,0.0,0.6045272969374168,0.0,0.0,0.15712383488681758,0.0,0.0,0.0,0.0,0.0,0.0,0.0,0.0,0.0,0.0,0.0,0.0,0.0
0214 MEA Slc17a7 Glut_3,0.0,0.0,0.01634472511144131,0.0014858841010401188,0.0,0.0,0.0,0.0,0.2838038632986627,0.0,0.0,0.6671619613670133,0.0,0.0,0.0,0.0,0.0014858841010401188,0.0,0.0014858841010401188,0.0,0.014858841010401188,0.0,0.0,0.0,0.01337295690936107
0215 COAp Grxcr2 Glut_1,0.0,0.0,0.490930142802007,0.008490930142802007,0.0,0.004631416441528367,0.0,0.0,0.48977228869162487,0.0,0.0,0.0030876109610189118,0.0,0.0,0.0,0.0,0.0,0.0,0.0,0.0,0.0,0.0007719027402547279,0.0023157082207641835,0.0,0.0
0216 COAp Grxcr2 Glut_2,0.0,0.0,0.03525264394829612,0.0011750881316098707,0.0,0.0011750881316098707,0.0,0.0,0.9553466509988249,0.0,0.0,0.005875440658049354,0.0,0.0,0.0,0.0,0.0,0.0,0.0,0.0,0.0011750881316098707,0.0,0.0,0.0,0.0
0217 COAp Grxcr2 Glut_2,0.0,0.0,0.05910735826296743,0.0006031363088057901,0.0,0.0,0.0,0.0,0.9336550060313631,0.0,0.0,0.006031363088057901,0.0,0.0,0.0,0.0,0.0,0.0,0.0,0.0,0.0,0.0,0.0006031363088057901,0.0,0.0
0218 COAp Grxcr2 Glut_2,0.0,0.0,0.019230769230769232,0.019230769230769232,0.0,0.0,0.0,0.0,0.46153846153846156,0.0,0.0,0.4807692307692308,0.0,0.0,0.0,0.0,0.0,0.0,0.0,0.0,0.019230769230769232,0.0,0.0,0.0,0.0
0219 COAp Grxcr2 Glut_2,0.0,0.0,0.21729957805907174,0.004922644163150493,0.0,0.0,0.0,0.0,0.7651195499296765,0.0,0.0,0.0007032348804500703,0.0,0.0,0.0,0.0,0.0028129395218002813,0.0,0.0,0.0,0.0,0.005625879043600563,0.0035161744022503515,0.0,0.0
0220 COAp Grxcr2 Glut_2,0.0,0.0,0.004816955684007707,0.0,0.0,0.0,0.0,0.0,0.9344894026974951,0.0,0.0,0.06069364161849711,0.0,0.0,0.0,0.0,0.0,0.0,0.0,0.0,0.0,0.0,0.0,0.0,0.0
0221 LA-BLA-BMA-PA Glut_1,0.0,0.0,0.89937106918239,0.0,0.0,0.0,0.0,0.0,0.09748427672955975,0.0,0.0,0.0031446540880503146,0.0,0.0,0.0,0.0,0.0,0.0,0.0,0.0,0.0,0.0,0.0,0.0,0.0
0222 LA-BLA-BMA-PA Glut_1,0.0,0.0,0.6125461254612546,0.014760147601476014,0.0,0.0,0.0,0.0,0.3726937269372694,0.0,0.0,0.0,0.0,0.0,0.0,0.0,0.0,0.0,0.0,0.0,0.0,0.0,0.0,0.0,0.0
0223 LA-BLA-BMA-PA Glut_1,0.0,0.0,0.9603729603729604,0.018648018648018648,0.0,0.0,0.0,0.0,0.013986013986013986,0.0,0.0,0.0,0.0,0.0,0.0,0.0,0.002331002331002331,0.0,0.0,0.0,0.0,0.0,0.004662004662004662,0.0,0.0
0224 LA-BLA-BMA-PA Glut_1,0.0,0.0,0.6952054794520548,0.010273972602739725,0.0,0.0,0.0,0.0,0.2876712328767123,0.0,0.0,0.0,0.0,0.0,0.0,0.0,0.0,0.0,0.0,0.0,0.0,0.0,0.00684931506849315,0.0,0.0
0225 LA-BLA-BMA-PA Glut_1,0.0,0.0,0.7954545454545454,0.03409090909090909,0.0,0.0,0.0,0.0,0.17045454545454544,0.0,0.0,0.0,0.0,0.0,0.0,0.0,0.0,0.0,0.0,0.0,0.0,0.0,0.0,0.0,0.0
0226 LA-BLA-BMA-PA Glut_1,0.0,0.0,0.8627450980392157,0.058823529411764705,0.0,0.0,0.0,0.0,0.029411764705882353,0.0,0.0,0.0,0.0,0.0,0.0,0.0,0.029411764705882353,0.0,0.0,0.0,0.0,0.0,0.0196078431372549,0.0,0.0
0227 LA-BLA-BMA-PA Glut_1,0.0,0.0,0.34710743801652894,0.0,0.0,0.0,0.0,0.0,0.19834710743801653,0.0,0.0,0.45454545454545453,0.0,0.0,0.0,0.0,0.0,0.0,0.0,0.0,0.0,0.0,0.0,0.0,0.0
0228 LA-BLA-BMA-PA Glut_1,0.0,0.0,0.9007352941176471,0.0,0.0,0.0,0.0,0.0,0.014705882352941176,0.0,0.0,0.08455882352941177,0.0,0.0,0.0,0.0,0.0,0.0,0.0,0.0,0.0,0.0,0.0,0.0,0.0
0229 LA-BLA-BMA-PA Glut_1,0.0,0.0,0.47536617842876167,0.2303595206391478,0.0,0.0,0.0,0.0,0.25166444740346205,0.0,0.0,0.0,0.0,0.0,0.0,0.0,0.02929427430093209,0.0,0.0,0.0,0.0,0.0,0.013315579227696404,0.0,0.0
0230 LA-BLA-BMA-PA Glut_2,0.0,0.0,0.6238698010849909,0.0018083182640144665,0.0,0.0,0.0,0.0,0.3743218806509946,0.0,0.0,0.0,0.0,0.0,0.0,0.0,0.0,0.0,0.0,0.0,0.0,0.0,0.0,0.0,0.0
0231 LA-BLA-BMA-PA Glut_2,0.0,0.0,0.9038054968287527,0.008456659619450317,0.0,0.0010570824524312897,0.0,0.0,0.0708245243128964,0.0,0.0,0.0,0.0,0.0,0.0,0.005285412262156448,0.007399577167019027,0.0,0.0,0.0,0.0,0.0010570824524312897,0.0021141649048625794,0.0,0.0
0232 LA-BLA-BMA-PA Glut_2,0.0,0.0,0.936,0.002,0.0,0.0,0.0,0.0,0.056,0.0,0.0,0.0,0.0,0.0,0.0,0.0,0.002,0.0,0.0,0.0,0.0,0.0,0.004,0.0,0.0
0233 LA-BLA-BMA-PA Glut_2,0.0,0.0,0.694047619047619,0.05238095238095238,0.0,0.0,0.0,0.0,0.175,0.0,0.0,0.0,0.0,0.0,0.0,0.002380952380952381,0.041666666666666664,0.0,0.0,0.0,0.0,0.014285714285714285,0.02023809523809524,0.0,0.0
0234 LA-BLA-BMA-PA Glut_2,0.0,0.0,0.8369098712446352,0.02145922746781116,0.0,0.0,0.0,0.0,0.12875536480686695,0.0,0.0,0.0,0.0,0.0,0.0,0.0,0.008583690987124463,0.0,0.0,0.0,0.0,0.004291845493562232,0.0,0.0,0.0
0235 LA-BLA-BMA-PA Glut_2,0.0,0.0,0.9961904761904762,0.0,0.0,0.0,0.0,0.0,0.0,0.0,0.0,0.0019047619047619048,0.0,0.0,0.0,0.0,0.0,0.0,0.0,0.0,0.0,0.0019047619047619048,0.0,0.0,0.0
0236 LA-BLA-BMA-PA Glut_3,0.0,0.0,0.9707602339181286,0.0,0.0,0.01364522417153996,0.0,0.0,0.0,0.0,0.0,0.011695906432748537,0.0,0.0,0.0,0.0,0.0,0.0,0.0,0.0,0.0,0.0,0.003898635477582846,0.0,0.0
0237 LA-BLA-BMA-PA Glut_3,0.0,0.0,0.8975979772439949,0.0,0.0,0.0025284450063211127,0.0,0.0,0.0,0.0,0.0,0.07964601769911504,0.0,0.0,0.0,0.0,0.0,0.0,0.0,0.0,0.0,0.012642225031605562,0.007585335018963337,0.0,0.0
0238 LA-BLA-BMA-PA Glut_3,0.0,0.0,0.9548532731376975,0.0,0.0,0.0,0.0,0.0,0.0,0.0,0.0,0.011286681715575621,0.0,0.0,0.0,0.0,0.0,0.0,0.0,0.0,0.0,0.006772009029345372,0.02708803611738149,0.0,0.0
0239 LA-BLA-BMA-PA Glut_3,0.0,0.0,0.905811623246493,0.0,0.0,0.0,0.0,0.0,0.002004008016032064,0.0,0.002004008016032064,0.08216432865731463,0.0,0.0,0.0,0.0,0.0,0.0,0.0,0.0,0.0,0.004008016032064128,0.004008016032064128,0.0,0.0
0240 LA-BLA-BMA-PA Glut_3,0.0,0.0,0.5347912524850894,0.0,0.0,0.02584493041749503,0.0,0.0,0.019880715705765408,0.0,0.0,0.2664015904572565,0.0,0.0,0.0,0.0,0.0,0.0,0.0,0.0,0.0,0.10934393638170974,0.0437375745526839,0.0,0.0
0241 LA-BLA-BMA-PA Glut_4,0.0,0.0,1.0,0.0,0.0,0.0,0.0,0.0,0.0,0.0,0.0,0.0,0.0,0.0,0.0,0.0,0.0,0.0,0.0,0.0,0.0,0.0,0.0,0.0,0.0
0242 LA-BLA-BMA-PA Glut_4,0.0,0.0,0.9605263157894737,0.0,0.0,0.0,0.0,0.0,0.0,0.0,0.0,0.039473684210526314,0.0,0.0,0.0,0.0,0.0,0.0,0.0,0.0,0.0,0.0,0.0,0.0,0.0
0243 LA-BLA-BMA-PA Glut_4,0.0,0.0,0.43946188340807174,0.17488789237668162,0.0,0.0,0.0,0.0,0.32286995515695066,0.0,0.0,0.0,0.0,0.0,0.0,0.0,0.008968609865470852,0.0,0.0,0.0,0.0,0.017937219730941704,0.03587443946188341,0.0,0.0
0244 LA-BLA-BMA-PA Glut_4,0.0,0.0,0.9405797101449276,0.0,0.0,0.004347826086956522,0.0,0.0,0.02318840579710145,0.0,0.002898550724637681,0.02318840579710145,0.0,0.0,0.0,0.0,0.0,0.0,0.0,0.0,0.0014492753623188406,0.0014492753623188406,0.002898550724637681,0.0,0.0
0245 LA-BLA-BMA-PA Glut_5,0.0,0.0,0.8806333739342266,0.0,0.0,0.0,0.0,0.0,0.0,0.0,0.001218026796589525,0.08160779537149818,0.0,0.0,0.0,0.0,0.0,0.0,0.0,0.0,0.0,0.025578562728380026,0.008526187576126675,0.0,0.00243605359317905
0246 LA-BLA-BMA-PA Glut_5,0.0,0.0,0.9705882352941176,0.0,0.0,0.0,0.0,0.0,0.0,0.0,0.0,0.0,0.0,0.0,0.0,0.0,0.0,0.0,0.0,0.0,0.0,0.0,0.029411764705882353,0.0,0.0
0247 LA-BLA-BMA-PA Glut_5,0.0,0.0,0.8995535714285714,0.0,0.0,0.0,0.0,0.0,0.002232142857142857,0.0,0.0,0.06919642857142858,0.0,0.0,0.0,0.0,0.0,0.0,0.0,0.0,0.0,0.006696428571428571,0.020089285714285716,0.0,0.002232142857142857
0248 LA-BLA-BMA-PA Glut_5,0.0,0.0,0.9184027777777778,0.013888888888888888,0.0,0.0,0.0,0.0,0.005208333333333333,0.0,0.0,0.04513888888888889,0.0,0.0,0.0,0.008680555555555556,0.008680555555555556,0.0,0.0,0.0,0.0,0.0,0.0,0.0,0.0
0249 LA-BLA-BMA-PA Glut_6,0.0,0.0,0.9802631578947368,0.0,0.0,0.0,0.0,0.0,0.0,0.0,0.0,0.019736842105263157,0.0,0.0,0.0,0.0,0.0,0.0,0.0,0.0,0.0,0.0,0.0,0.0,0.0
0250 LA-BLA-BMA-PA Glut_6,0.0,0.0,0.8622950819672132,0.0,0.0,0.0,0.0,0.0,0.0,0.0,0.0,0.08196721311475409,0.0,0.0,0.0,0.0,0.0,0.0,0.0,0.0,0.0,0.01639344262295082,0.03934426229508197,0.0,0.0
0251 LA-BLA-BMA-PA Glut_6,0.0,0.0,0.9844961240310077,0.0,0.0,0.0,0.0,0.0,0.0,0.0,0.0,0.0,0.0,0.0,0.0,0.0,0.0,0.0,0.0,0.0,0.0,0.0,0.015503875968992248,0.0,0.0
0252 ENTmv-PA-COAp Glut_1,0.0,0.0,0.23839009287925697,0.21362229102167182,0.0,0.0,0.0,0.0,0.5356037151702786,0.0,0.0,0.0,0.0,0.0,0.0,0.0,0.006191950464396285,0.0,0.0,0.0,0.0,0.0,0.006191950464396285,0.0,0.0
0253 ENTmv-PA-COAp Glut_1,0.0,0.0,0.5039370078740157,0.33070866141732286,0.0,0.0,0.0,0.0,0.07611548556430446,0.0,0.0,0.0,0.0,0.0,0.0,0.0,0.031496062992125984,0.0,0.0,0.0,0.0,0.0,0.05774278215223097,0.0,0.0
0254 ENTmv-PA-COAp Glut_1,0.0,0.0,0.17064846416382254,0.7508532423208191,0.0,0.0,0.0,0.0,0.04607508532423208,0.0,0.0,0.0,0.0,0.0,0.0,0.0,0.013651877133105802,0.0,0.0,0.0,0.0,0.0017064846416382253,0.017064846416382253,0.0,0.0
0255 ENTmv-PA-COAp Glut_1,0.0,0.0,0.19714964370546317,0.24703087885985747,0.0,0.0,0.0,0.0,0.5558194774346793,0.0,0.0,0.0,0.0,0.0,0.0,0.0,0.0,0.0,0.0,0.0,0.0,0.0,0.0,0.0,0.0
0256 ENTmv-PA-COAp Glut_2,0.0,0.0,0.0,0.9895833333333334,0.0,0.010416666666666666,0.0,0.0,0.0,0.0,0.0,0.0,0.0,0.0,0.0,0.0,0.0,0.0,0.0,0.0,0.0,0.0,0.0,0.0,0.0
0257 ENTmv-PA-COAp Glut_2,0.0,0.0,0.01951219512195122,0.8951219512195122,0.0,0.0024390243902439024,0.0,0.0,0.07804878048780488,0.0,0.0,0.0,0.0,0.0,0.0,0.0,0.0024390243902439024,0.0,0.0,0.0,0.0,0.0,0.0024390243902439024,0.0,0.0
0258 ENTmv-PA-COAp Glut_2,0.0,0.0,0.0872093023255814,0.6453488372093024,0.0,0.0,0.0,0.0,0.26744186046511625,0.0,0.0,0.0,0.0,0.0,0.0,0.0,0.0,0.0,0.0,0.0,0.0,0.0,0.0,0.0,0.0
0259 ENTmv-PA-COAp Glut_3,0.0,0.0,0.0,0.7333333333333333,0.0,0.0,0.0,0.0,0.25,0.0,0.0,0.0,0.0,0.0,0.0,0.0,0.0,0.0,0.0,0.0,0.0,0.0,0.016666666666666666,0.0,0.0
0260 ENTmv-PA-COAp Glut_3,0.0,0.0,0.08130081300813008,0.6097560975609756,0.0,0.0,0.0,0.0,0.2845528455284553,0.0,0.0,0.0,0.0,0.0,0.0,0.0,0.0,0.0,0.0,0.0,0.0,0.0,0.024390243902439025,0.0,0.0
0261 CA1-ProS Glut_1,0.0,0.0,0.0,0.9886578449905482,0.0,0.0,0.0,0.0,0.0,0.0,0.0,0.0,0.0,0.0,0.0,0.0,0.001890359168241966,0.0,0.0,0.0,0.0,0.005671077504725898,0.003780718336483932,0.0,0.0
0262 CA1-ProS Glut_1,0.0,0.0,0.0,0.9942464736451373,0.0,0.0,0.0,0.0,0.0,0.0,0.0,0.0,0.0,0.0,0.0,0.0,0.0001855976243504083,0.0,0.0,0.0,0.0,0.004083147735708983,0.0014847809948032665,0.0,0.0
0263 CA1-ProS Glut_1,0.0,0.0,0.0,0.9941887494188749,0.0,0.0,0.0,0.0,0.0,0.0,0.0,0.0,0.0,0.0,0.0,0.0,0.001394700139470014,0.0,0.0,0.0,0.0,0.003719200371920037,0.000697350069735007,0.0,0.0
0264 CA1-ProS Glut_1,0.0,0.0,0.12921348314606743,0.7359550561797753,0.0,0.0,0.0,0.0,0.0,0.0,0.0,0.0,0.0,0.0,0.0,0.0,0.028089887640449437,0.0,0.0,0.0,0.0,0.02247191011235955,0.08426966292134831,0.0,0.0
0265 CA1-ProS Glut_1,0.0,0.0,0.018518518518518517,0.8148148148148148,0.0,0.0,0.0,0.0,0.0,0.0,0.0,0.0,0.0,0.0,0.0,0.0,0.009259259259259259,0.0,0.0,0.0,0.0,0.027777777777777776,0.12962962962962962,0.0,0.0
0266 CA1-ProS Glut_1,0.0,0.0,0.004,0.974,0.0,0.0,0.0,0.0,0.0,0.0,0.0,0.0,0.0,0.0,0.0,0.0,0.002,0.0,0.0,0.0,0.0,0.004,0.016,0.0,0.0
0267 CA1-ProS Glut_1,0.0,0.0,0.0009328358208955224,0.9524253731343284,0.0,0.0,0.0,0.0,0.0018656716417910447,0.0,0.0,0.0,0.0,0.0,0.0,0.0,0.0018656716417910447,0.0,0.0,0.0,0.0,0.026119402985074626,0.016791044776119403,0.0,0.0
0268 CA1-ProS Glut_1,0.0,0.0,0.17424242424242425,0.5909090909090909,0.0,0.0,0.0,0.0,0.0,0.0,0.0,0.0,0.0,0.0,0.0,0.022727272727272728,0.06060606060606061,0.0,0.0,0.0,0.022727272727272728,0.015151515151515152,0.11363636363636363,0.0,0.0
0269 CA1-ProS Glut_1,0.0,0.0,0.0065040650406504065,0.9869918699186991,0.0,0.0,0.0,0.0,0.0,0.0,0.0,0.0,0.0,0.0,0.0,0.0032520325203252032,0.0016260162601626016,0.0,0.0,0.0,0.0,0.0016260162601626016,0.0,0.0,0.0
0270 CA1-ProS Glut_1,0.0,0.0,0.04153354632587859,0.8466453674121406,0.0,0.0,0.0,0.0,0.0,0.0,0.0,0.0,0.0,0.0,0.0,0.006389776357827476,0.02875399361022364,0.0,0.0,0.0,0.009584664536741214,0.0,0.0670926517571885,0.0,0.0
0271 CA1-ProS Glut_2,0.0,0.0,0.016853932584269662,0.9756554307116105,0.0,0.0,0.0,0.0,0.0,0.0,0.0,0.0,0.0,0.0,0.0,0.0,0.0,0.0,0.0,0.0,0.0,0.003745318352059925,0.003745318352059925,0.0,0.0
0272 CA1-ProS Glut_2,0.0,0.0,0.0,1.0,0.0,0.0,0.0,0.0,0.0,0.0,0.0,0.0,0.0,0.0,0.0,0.0,0.0,0.0,0.0,0.0,0.0,0.0,0.0,0.0,0.0
0273 CA1-ProS Glut_2,0.0,0.0,0.0,0.9953703703703703,0.0,0.0,0.0,0.0,0.0,0.0,0.0,0.0,0.0,0.0,0.0,0.0,0.0,0.0,0.0,0.0,0.0,0.0,0.004629629629629629,0.0,0.0
0274 CA1-ProS Glut_2,0.0,0.0,0.0,0.9866666666666667,0.0,0.0,0.0,0.0,0.0,0.0,0.0,0.0,0.0,0.0,0.0,0.0,0.0,0.0,0.0,0.0,0.0,0.0014814814814814814,0.011851851851851851,0.0,0.0
0275 CA1-ProS Glut_2,0.0,0.0,0.0,0.9773913043478261,0.0,0.0,0.0,0.0,0.0,0.0,0.0,0.0,0.0,0.0,0.0,0.0,0.0,0.0,0.0,0.0,0.0,0.01217391304347826,0.010434782608695653,0.0,0.0
0276 CA1-ProS Glut_2,0.0,0.0,0.005952380952380952,0.9702380952380952,0.0,0.001488095238095238,0.0,0.0,0.0,0.0,0.0,0.0,0.0,0.0,0.0,0.0,0.0,0.0,0.0,0.0,0.0,0.00744047619047619,0.01488095238095238,0.0,0.0
0277 CA1-ProS Glut_2,0.0,0.0,0.0,0.9879518072289156,0.0,0.0,0.0,0.0,0.0,0.0,0.0,0.0,0.0,0.0,0.0,0.0,0.0,0.0,0.0,0.0,0.0,0.0,0.012048192771084338,0.0,0.0
0278 CA1-ProS Glut_3,0.0,0.0,0.21296296296296297,0.5277777777777778,0.0,0.0,0.0,0.0,0.009259259259259259,0.0,0.0,0.009259259259259259,0.0,0.0,0.0,0.0,0.07407407407407407,0.0,0.0,0.0,0.0,0.07407407407407407,0.09259259259259259,0.0,0.0
0279 CA1-ProS Glut_3,0.0,0.0,0.0033444816053511705,0.9966555183946488,0.0,0.0,0.0,0.0,0.0,0.0,0.0,0.0,0.0,0.0,0.0,0.0,0.0,0.0,0.0,0.0,0.0,0.0,0.0,0.0,0.0
0280 CA1-ProS Glut_3,0.0,0.0,0.022222222222222223,0.9694444444444444,0.0,0.0,0.0,0.0,0.0,0.0,0.0,0.0,0.0,0.0,0.0,0.0,0.005555555555555556,0.0,0.0,0.0,0.0,0.0,0.002777777777777778,0.0,0.0
0281 CA1-ProS Glut_3,0.0,0.0,0.02335456475583864,0.9278131634819533,0.0,0.0,0.0,0.0,0.0,0.0,0.0,0.0,0.0,0.0,0.0,0.0,0.016985138004246284,0.0,0.0,0.0,0.0,0.006369426751592357,0.025477707006369428,0.0,0.0
0282 CA1-ProS Glut_3,0.0,0.0,0.023809523809523808,0.9761904761904762,0.0,0.0,0.0,0.0,0.0,0.0,0.0,0.0,0.0,0.0,0.0,0.0,0.0,0.0,0.0,0.0,0.0,0.0,0.0,0.0,0.0
0283 CA1-ProS Glut_3,0.0,0.0,0.0,1.0,0.0,0.0,0.0,0.0,0.0,0.0,0.0,0.0,0.0,0.0,0.0,0.0,0.0,0.0,0.0,0.0,0.0,0.0,0.0,0.0,0.0
0284 CA1-ProS Glut_4,0.0,0.0,0.0,0.9961089494163424,0.0,0.0,0.0,0.0,0.0,0.0,0.0,0.0,0.0,0.0,0.0,0.0,0.0025940337224383916,0.0,0.0,0.0,0.0,0.0,0.0012970168612191958,0.0,0.0
0285 CA1-ProS Glut_4,0.0,0.0,0.15384615384615385,0.7509157509157509,0.0,0.0,0.0,0.0,0.0,0.0,0.0,0.0,0.0,0.0,0.0,0.0,0.029304029304029304,0.0,0.0,0.0,0.0,0.0,0.06593406593406594,0.0,0.0
0286 CA1-ProS Glut_4,0.0,0.0,0.0,1.0,0.0,0.0,0.0,0.0,0.0,0.0,0.0,0.0,0.0,0.0,0.0,0.0,0.0,0.0,0.0,0.0,0.0,0.0,0.0,0.0,0.0
0287 CA1-ProS Glut_4,0.0,0.0,0.0,1.0,0.0,0.0,0.0,0.0,0.0,0.0,0.0,0.0,0.0,0.0,0.0,0.0,0.0,0.0,0.0,0.0,0.0,0.0,0.0,0.0,0.0
0288 CA1-ProS Glut_4,0.0,0.0,0.0038314176245210726,0.9846743295019157,0.0,0.0019157088122605363,0.0,0.0,0.0038314176245210726,0.0,0.0,0.0,0.0,0.0,0.0,0.0,0.0,0.0,0.0,0.0,0.0,0.0,0.005747126436781609,0.0,0.0
0289 CA1-ProS Glut_5,0.0,0.0,0.12178387650085763,0.7324185248713551,0.0,0.0,0.0,0.0,0.0,0.0,0.0,0.0,0.0,0.0,0.0,0.0017152658662092624,0.0634648370497427,0.0,0.0,0.0,0.003430531732418525,0.0,0.07718696397941681,0.0,0.0
0290 CA1-ProS Glut_5,0.0,0.0,0.33076923076923076,0.5,0.0,0.007692307692307693,0.0,0.0,0.038461538461538464,0.0,0.0,0.0,0.0,0.0,0.0,0.0,0.007692307692307693,0.0,0.0,0.0,0.015384615384615385,0.0,0.1,0.0,0.0
0291 CA1-ProS Glut_5,0.0,0.0,0.4464720194647202,0.44768856447688565,0.0,0.0,0.0,0.0,0.0,0.0,0.0,0.0,0.0,0.0,0.0,0.00851581508515815,0.030413625304136254,0.0,0.0,0.0,0.01338199513381995,0.0,0.0535279805352798,0.0,0.0
0292 CA1-ProS Glut_5,0.0,0.0,0.2692307692307692,0.5923076923076923,0.0,0.0,0.0,0.0,0.007692307692307693,0.0,0.0,0.0,0.0,0.0,0.0,0.0,0.023076923076923078,0.0,0.0,0.0,0.0,0.015384615384615385,0.09230769230769231,0.0,0.0
0293 CA1-ProS Glut_6,0.0,0.0,0.0,0.9971509971509972,0.0,0.0,0.0,0.0,0.002849002849002849,0.0,0.0,0.0,0.0,0.0,0.0,0.0,0.0,0.0,0.0,0.0,0.0,0.0,0.0,0.0,0.0
0294 CA1-ProS Glut_6,0.0,0.0,0.0,0.9933993399339934,0.0,0.0,0.0,0.0,0.0,0.0,0.0,0.0,0.0,0.0,0.0,0.0,0.0,0.0,0.0,0.0,0.0,0.006600660066006601,0.0,0.0,0.0
0295 CA1-ProS Glut_6,0.0,0.0,0.010101010101010102,0.9393939393939394,0.0,0.0,0.0,0.0,0.04040404040404041,0.0,0.0,0.0,0.0,0.0,0.0,0.0,0.0,0.0,0.0,0.0,0.0,0.010101010101010102,0.0,0.0,0.0
0296 CA3 Glut_1,0.0,0.0,0.1417624521072797,0.6398467432950191,0.0,0.0,0.0,0.0,0.0,0.0,0.0,0.0,0.0,0.0,0.0,0.05363984674329502,0.02681992337164751,0.0,0.0,0.0,0.0038314176245210726,0.007662835249042145,0.12643678160919541,0.0,0.0
0297 CA3 Glut_1,0.0,0.0,0.0,0.7781402936378466,0.0,0.0,0.0,0.0,0.0,0.0,0.0,0.0,0.0,0.0,0.0,0.05057096247960848,0.0032626427406199023,0.0,0.0,0.0,0.004078303425774877,0.0,0.1639477977161501,0.0,0.0
0298 CA3 Glut_1,0.0,0.0,0.0,0.7083333333333334,0.0,0.0,0.0,0.0,0.0,0.0,0.0,0.0,0.0,0.0,0.0,0.2222222222222222,0.0,0.0,0.0,0.0,0.0,0.0,0.06944444444444445,0.0,0.0
0299 CA3 Glut_1,0.0,0.0,0.021844660194174758,0.558252427184466,0.0,0.0,0.0,0.0,0.0,0.0,0.0,0.012135922330097087,0.0,0.0,0.0,0.30339805825242716,0.007281553398058253,0.0,0.0,0.0,0.0,0.0,0.0970873786407767,0.0,0.0
0300 CA3 Glut_1,0.0,0.0,0.09615384615384616,0.11538461538461539,0.0,0.0,0.0,0.0,0.0,0.0,0.0,0.0,0.0,0.0,0.0,0.47115384615384615,0.04807692307692308,0.0,0.0,0.0,0.11538461538461539,0.0,0.15384615384615385,0.0,0.0
0301 CA3 Glut_1,0.0,0.0,0.012269938650306749,0.6871165644171779,0.0,0.0,0.0,0.0,0.0,0.0,0.0,0.006134969325153374,0.0,0.0,0.0,0.17791411042944785,0.018404907975460124,0.0,0.0,0.0,0.006134969325153374,0.0,0.09202453987730061,0.0,0.0
0302 CA3 Glut_2,0.0,0.0,0.8579234972677595,0.04918032786885246,0.0,0.0,0.0,0.0,0.04371584699453552,0.0,0.0,0.04918032786885246,0.0,0.0,0.0,0.0,0.0,0.0,0.0,0.0,0.0,0.0,0.0,0.0,0.0
0303 CA3 Glut_2,0.0,0.0,0.06993006993006994,0.7412587412587412,0.0,0.0,0.0,0.0,0.0,0.0,0.0,0.1888111888111888,0.0,0.0,0.0,0.0,0.0,0.0,0.0,0.0,0.0,0.0,0.0,0.0,0.0
0304 CA3 Glut_2,0.0,0.0,0.11990407673860912,0.8489208633093526,0.0,0.0,0.0,0.0,0.0,0.0,0.0,0.0,0.0,0.0,0.0,0.009592326139088728,0.007194244604316547,0.0,0.0,0.0,0.004796163069544364,0.0,0.009592326139088728,0.0,0.0
0305 CA3 Glut_2,0.0,0.0,0.145933014354067,0.84688995215311,0.0,0.0,0.0,0.0,0.0,0.0,0.0,0.0023923444976076554,0.0,0.0,0.0,0.0023923444976076554,0.0,0.0,0.0,0.0,0.0,0.0,0.0023923444976076554,0.0,0.0
0306 CA3 Glut_2,0.0,0.0,0.6666666666666666,0.24404761904761904,0.0,0.0,0.0,0.0,0.005952380952380952,0.0,0.0,0.0,0.0,0.0,0.0,0.0,0.02976190476190476,0.0,0.0,0.0,0.0,0.0,0.05357142857142857,0.0,0.0
0307 CA3 Glut_3,0.0,0.0,0.0,0.9974391805377721,0.0,0.0,0.0,0.0,0.0,0.0,0.0,0.0,0.0,0.0,0.0,0.0,0.0,0.0,0.0,0.0,0.0,0.0,0.002560819462227913,0.0,0.0
0308 CA3 Glut_3,0.0,0.0,0.14082278481012658,0.5300632911392406,0.0,0.0,0.0,0.0,0.0,0.0,0.0,0.0,0.0,0.0,0.0,0.11867088607594936,0.04746835443037975,0.0,0.0,0.0,0.04272151898734177,0.0,0.12025316455696203,0.0,0.0
0309 CA3 Glut_3,0.0,0.0,0.0,0.9022324865280985,0.0,0.0,0.0,0.0,0.0,0.0,0.0,0.0,0.0,0.0,0.0,0.02424942263279446,0.004234026173979984,0.0,0.0,0.0,0.0007698229407236335,0.0,0.06851424172440339,0.0,0.0
0310 CA3 Glut_3,0.0,0.0,0.0011961722488038277,0.9090909090909091,0.0,0.0,0.0,0.0,0.0,0.0,0.0,0.0,0.0,0.0,0.0,0.03229665071770335,0.0,0.0,0.0,0.0,0.0,0.0,0.05741626794258373,0.0,0.0
0311 CA3 Glut_3,0.0,0.0,0.0,1.0,0.0,0.0,0.0,0.0,0.0,0.0,0.0,0.0,0.0,0.0,0.0,0.0,0.0,0.0,0.0,0.0,0.0,0.0,0.0,0.0,0.0
0312 CA3 Glut_3,0.0,0.0,0.30980392156862746,0.6823529411764706,0.0,0.0,0.0,0.0,0.0,0.0,0.0,0.0,0.0,0.0,0.0,0.0,0.0,0.0,0.0,0.0,0.00784313725490196,0.0,0.0,0.0,0.0
0313 CA3 Glut_4,0.0,0.0,0.0,0.9556213017751479,0.0,0.0014792899408284023,0.0,0.0,0.0,0.0,0.0,0.0,0.0,0.0,0.0,0.0029585798816568047,0.0029585798816568047,0.0,0.0,0.0,0.0029585798816568047,0.0,0.034023668639053255,0.0,0.0
0314 CA3 Glut_4,0.0,0.0,0.0,0.9647231749142577,0.0,0.0,0.0004899559039686428,0.0,0.0,0.0,0.0,0.0,0.0,0.0,0.0,0.0,0.0004899559039686428,0.0,0.0,0.0,0.005389514943655071,0.0,0.028907398334149927,0.0,0.0
0315 CA3 Glut_4,0.0,0.0,0.0,0.9973262032085561,0.0,0.0,0.0,0.0,0.0,0.0,0.0,0.0,0.0,0.0,0.0,0.0,0.0,0.0,0.0,0.0,0.00033422459893048126,0.0,0.002339572192513369,0.0,0.0
0316 CA3 Glut_5,0.0,0.0,0.0,0.88,0.0,0.0,0.0,0.0,0.0,0.0,0.0,0.12,0.0,0.0,0.0,0.0,0.0,0.0,0.0,0.0,0.0,0.0,0.0,0.0,0.0
0317 CA3 Glut_5,0.0,0.0,0.0,1.0,0.0,0.0,0.0,0.0,0.0,0.0,0.0,0.0,0.0,0.0,0.0,0.0,0.0,0.0,0.0,0.0,0.0,0.0,0.0,0.0,0.0
0318 L2 IT PPP-APr Glut_1,0.0,0.0,0.0,0.7180043383947939,0.0,0.28199566160520606,0.0,0.0,0.0,0.0,0.0,0.0,0.0,0.0,0.0,0.0,0.0,0.0,0.0,0.0,0.0,0.0,0.0,0.0,0.0
0319 L2 IT PPP-APr Glut_1,0.0,0.0,0.0,0.9550561797752809,0.0,0.0449438202247191,0.0,0.0,0.0,0.0,0.0,0.0,0.0,0.0,0.0,0.0,0.0,0.0,0.0,0.0,0.0,0.0,0.0,0.0,0.0
0320 L2 IT PPP-APr Glut_1,0.0,0.0,0.0,1.0,0.0,0.0,0.0,0.0,0.0,0.0,0.0,0.0,0.0,0.0,0.0,0.0,0.0,0.0,0.0,0.0,0.0,0.0,0.0,0.0,0.0
0321 L2 IT PPP-APr Glut_1,0.0,0.0,0.0,0.9835164835164835,0.0,0.016483516483516484,0.0,0.0,0.0,0.0,0.0,0.0,0.0,0.0,0.0,0.0,0.0,0.0,0.0,0.0,0.0,0.0,0.0,0.0,0.0
0322 L2 IT PPP-APr Glut_2,0.0,0.0,0.0,0.9820359281437125,0.0,0.0,0.0,0.0,0.0,0.0,0.0,0.0,0.0,0.0,0.0,0.0,0.005988023952095809,0.0,0.0,0.0,0.011976047904191617,0.0,0.0,0.0,0.0
0323 L2 IT PPP-APr Glut_2,0.0,0.0,0.0,0.9939024390243902,0.0,0.0,0.0,0.0,0.0,0.0,0.0,0.0,0.0,0.0,0.0,0.0,0.006097560975609756,0.0,0.0,0.0,0.0,0.0,0.0,0.0,0.0
0324 L2 IT PPP-APr Glut_2,0.0,0.0,0.0,0.9303944315545244,0.0,0.0,0.0,0.0,0.0,0.0,0.0,0.0,0.0,0.0,0.0,0.0,0.04640371229698376,0.0,0.02088167053364269,0.0,0.002320185614849188,0.0,0.0,0.0,0.0
0325 L2 IT PPP-APr Glut_2,0.0,0.0,0.0,1.0,0.0,0.0,0.0,0.0,0.0,0.0,0.0,0.0,0.0,0.0,0.0,0.0,0.0,0.0,0.0,0.0,0.0,0.0,0.0,0.0,0.0
0326 L2 IT PPP-APr Glut_3,0.0,0.0,0.0,0.8744588744588745,0.0,0.0,0.0,0.0,0.0,0.0,0.0,0.0,0.0,0.0,0.0,0.0,0.0735930735930736,0.0,0.05194805194805195,0.0,0.0,0.0,0.0,0.0,0.0
0327 L2 IT PPP-APr Glut_3,0.0,0.0,0.0,1.0,0.0,0.0,0.0,0.0,0.0,0.0,0.0,0.0,0.0,0.0,0.0,0.0,0.0,0.0,0.0,0.0,0.0,0.0,0.0,0.0,0.0
0328 L2 IT PPP-APr Glut_4,0.0,0.0,0.0,0.8754646840148699,0.0,0.09293680297397769,0.0,0.0,0.0,0.0,0.0,0.0,0.0,0.0,0.0,0.0,0.0,0.0,0.0,0.0,0.0,0.020446096654275093,0.011152416356877323,0.0,0.0
0329 L2/3 IT PPP Glut_1,0.0,0.0,0.0,0.9578207381370826,0.0,0.028119507908611598,0.0,0.0,0.0,0.0,0.0,0.0,0.0,0.0,0.0,0.0,0.0,0.0,0.0,0.0,0.0,0.0,0.0,0.0,0.014059753954305799
0330 L2/3 IT PPP Glut_1,0.0,0.0,0.0,0.9592592592592593,0.0,0.034074074074074076,0.0,0.0,0.0,0.0,0.0,0.0,0.0,0.0,0.0,0.0,0.0,0.0,0.0,0.0,0.0,0.0,0.0,0.0,0.006666666666666667
0331 L2/3 IT PPP Glut_1,0.0,0.0,0.0,1.0,0.0,0.0,0.0,0.0,0.0,0.0,0.0,0.0,0.0,0.0,0.0,0.0,0.0,0.0,0.0,0.0,0.0,0.0,0.0,0.0,0.0
0332 L2/3 IT PPP Glut_1,0.0,0.0,0.0,1.0,0.0,0.0,0.0,0.0,0.0,0.0,0.0,0.0,0.0,0.0,0.0,0.0,0.0,0.0,0.0,0.0,0.0,0.0,0.0,0.0,0.0
0333 L2/3 IT PPP Glut_2,0.0,0.0,0.0,0.9456140350877194,0.0,0.0,0.0,0.0,0.0,0.0,0.0,0.0,0.0,0.0,0.0,0.0,0.05087719298245614,0.0,0.0035087719298245615,0.0,0.0,0.0,0.0,0.0,0.0
0334 L2/3 IT PPP Glut_2,0.0,0.0,0.0,0.9810640216411182,0.0,0.0009017132551848512,0.0,0.0,0.0,0.0,0.0,0.0,0.0,0.0,0.0,0.0,0.018034265103697024,0.0,0.0,0.0,0.0,0.0,0.0,0.0,0.0
0335 L2/3 IT PPP Glut_2,0.0,0.0,0.0,0.9543810289389068,0.0,0.022709003215434082,0.0,0.0,0.0,0.0,0.0,0.0,0.0,0.0,0.0,0.0,0.0020096463022508037,0.0,0.0,0.0,0.00020096463022508038,0.005827974276527331,0.014670418006430869,0.0,0.00020096463022508038
0336 L2/3 IT PPP Glut_2,0.0,0.0,0.0,1.0,0.0,0.0,0.0,0.0,0.0,0.0,0.0,0.0,0.0,0.0,0.0,0.0,0.0,0.0,0.0,0.0,0.0,0.0,0.0,0.0,0.0
0337 L2/3 IT PPP Glut_3,0.0,0.0,0.0,0.9430979978925185,0.0,0.04636459430979979,0.0,0.0,0.0,0.0,0.0,0.0,0.0,0.0,0.0,0.0,0.0,0.0,0.0,0.0,0.0,0.0,0.0,0.0,0.01053740779768177
0338 L2/3 IT PPP Glut_3,0.0,0.0,0.0,0.8442687747035573,0.0,0.091699604743083,0.0,0.0,0.0,0.0,0.0,0.0,0.0,0.0,0.0,0.0,0.0,0.0,0.0,0.0,0.0,0.0,0.0,0.0,0.06403162055335969
0339 L2/3 IT PPP Glut_3,0.0,0.0,0.0,0.957556270096463,0.0,0.012861736334405145,0.0,0.0,0.0,0.0,0.0,0.0,0.0,0.0,0.0,0.0,0.0,0.0,0.0,0.0,0.0,0.0006430868167202572,0.0,0.0,0.028938906752411574
0340 L2/3 IT PPP Glut_3,0.0,0.0,0.0,1.0,0.0,0.0,0.0,0.0,0.0,0.0,0.0,0.0,0.0,0.0,0.0,0.0,0.0,0.0,0.0,0.0,0.0,0.0,0.0,0.0,0.0
0341 L2/3 IT PPP Glut_3,0.0,0.0,0.0,0.9457917261055635,0.0,0.04136947218259629,0.0,0.0,0.0,0.0,0.0,0.0,0.0,0.0,0.0,0.0,0.0,0.0,0.0,0.0,0.0,0.0,0.0,0.0,0.012838801711840228
0342 L2/3 IT RSP Glut_1,0.0,0.0,0.0,0.0004506534474988734,0.0,0.9986480396575034,0.0,0.0,0.0,0.0,0.0,0.0,0.0,0.0,0.0,0.0,0.0,0.0,0.0,0.0,0.0,0.0006759801712483101,0.0002253267237494367,0.0,0.0
0343 L2/3 IT RSP Glut_2,0.0,0.0,0.0,0.012071597058415429,0.0,0.9857083391147495,0.0,0.0,0.0,0.0,0.0,0.0,0.0,0.0,0.0,0.0,0.0,0.0,0.0,0.0,0.0,0.002081309837657833,0.00013875398917718884,0.0,0.0
0344 L2/3 IT RSP Glut_2,0.0,0.0,0.0,0.05014749262536873,0.0,0.9498525073746312,0.0,0.0,0.0,0.0,0.0,0.0,0.0,0.0,0.0,0.0,0.0,0.0,0.0,0.0,0.0,0.0,0.0,0.0,0.0
0345 L2/3 IT RSP Glut_2,0.0,0.0,0.0,0.011627906976744186,0.0,0.9790697674418605,0.0,0.0,0.0,0.0,0.0,0.0,0.0,0.0,0.0,0.0,0.0,0.0,0.0,0.0,0.0,0.009302325581395349,0.0,0.0,0.0
0346 L2/3 IT RSP Glut_2,0.0,0.0,0.0,0.21132075471698114,0.0,0.7849056603773585,0.0,0.0,0.0,0.0,0.0,0.0,0.0,0.0,0.0,0.0,0.0,0.0,0.0,0.0,0.0,0.0037735849056603774,0.0,0.0,0.0
0347 L4 RSP-ACA Glut_1,0.0,0.0,0.0,0.053117782909930716,0.0,0.9468822170900693,0.0,0.0,0.0,0.0,0.0,0.0,0.0,0.0,0.0,0.0,0.0,0.0,0.0,0.0,0.0,0.0,0.0,0.0,0.0
0348 L4 RSP-ACA Glut_1,0.0,0.0,0.0,0.00918318028032866,0.0,0.9879168680521991,0.0,0.0,0.0,0.0,0.0,0.0,0.0,0.0,0.0,0.0,0.0,0.0,0.0,0.0,0.0,0.0028999516674722086,0.0,0.0,0.0
0349 L5 ET CTX Glut_1,0.0,0.0,0.0,0.0,0.0,1.0,0.0,0.0,0.0,0.0,0.0,0.0,0.0,0.0,0.0,0.0,0.0,0.0,0.0,0.0,0.0,0.0,0.0,0.0,0.0
0350 L5 ET CTX Glut_1,0.0,0.0,0.0,0.0013679890560875513,0.0,0.9931600547195623,0.0,0.0,0.005471956224350205,0.0,0.0,0.0,0.0,0.0,0.0,0.0,0.0,0.0,0.0,0.0,0.0,0.0,0.0,0.0,0.0
0351 L5 ET CTX Glut_1,0.0,0.0,0.0025165146272412707,0.0,0.0,0.9871028625353885,0.0,0.0,0.010380622837370242,0.0,0.0,0.0,0.0,0.0,0.0,0.0,0.0,0.0,0.0,0.0,0.0,0.0,0.0,0.0,0.0
0352 L5 ET CTX Glut_1,0.0,0.0,0.0,0.0,0.0,1.0,0.0,0.0,0.0,0.0,0.0,0.0,0.0,0.0,0.0,0.0,0.0,0.0,0.0,0.0,0.0,0.0,0.0,0.0,0.0
0353 L5 ET CTX Glut_1,0.0,0.0,0.0,0.0,0.0,1.0,0.0,0.0,0.0,0.0,0.0,0.0,0.0,0.0,0.0,0.0,0.0,0.0,0.0,0.0,0.0,0.0,0.0,0.0,0.0
0354 L5 ET CTX Glut_1,0.0,0.0,0.0,0.006493506493506494,0.0,0.9924242424242424,0.0,0.0,0.0010822510822510823,0.0,0.0,0.0,0.0,0.0,0.0,0.0,0.0,0.0,0.0,0.0,0.0,0.0,0.0,0.0,0.0
0355 L5 ET CTX Glut_1,0.0,0.0,0.0,0.0,0.0,1.0,0.0,0.0,0.0,0.0,0.0,0.0,0.0,0.0,0.0,0.0,0.0,0.0,0.0,0.0,0.0,0.0,0.0,0.0,0.0
0356 L5 ET CTX Glut_1,0.0,0.0,0.0,0.0,0.0,0.9990196078431373,0.0,0.0,0.000980392156862745,0.0,0.0,0.0,0.0,0.0,0.0,0.0,0.0,0.0,0.0,0.0,0.0,0.0,0.0,0.0,0.0
0357 L5 ET CTX Glut_1,0.0,0.0,0.0,0.0,0.0,1.0,0.0,0.0,0.0,0.0,0.0,0.0,0.0,0.0,0.0,0.0,0.0,0.0,0.0,0.0,0.0,0.0,0.0,0.0,0.0
0358 L5 ET CTX Glut_1,0.0,0.0,0.0,0.0,0.0,1.0,0.0,0.0,0.0,0.0,0.0,0.0,0.0,0.0,0.0,0.0,0.0,0.0,0.0,0.0,0.0,0.0,0.0,0.0,0.0
0359 L5 ET CTX Glut_2,0.0,0.0,0.0005277044854881266,0.04643799472295514,0.0,0.9435356200527705,0.0,0.0,0.00949868073878628,0.0,0.0,0.0,0.0,0.0,0.0,0.0,0.0,0.0,0.0,0.0,0.0,0.0,0.0,0.0,0.0
0360 L5 ET CTX Glut_2,0.0,0.0,0.0026929982046678637,0.004488330341113106,0.0,0.9299820466786356,0.0,0.0,0.06134051466187911,0.0,0.0,0.0,0.0,0.0,0.0,0.0,0.0,0.0,0.0,0.0,0.0,0.0011968880909634949,0.0,0.0,0.0002992220227408737
0361 L5 ET CTX Glut_2,0.0,0.0,0.0,0.0026917900403768506,0.0,0.5787348586810229,0.0,0.0,0.3728129205921938,0.0,0.0,0.010767160161507403,0.0,0.0,0.0,0.0,0.0,0.0,0.0,0.0,0.0,0.034993270524899055,0.0,0.0,0.0
0362 L5 ET CTX Glut_2,0.0,0.0,0.0,0.011142061281337047,0.0,0.6295264623955432,0.0,0.0,0.31197771587743733,0.0,0.0,0.0,0.0,0.0,0.0,0.0,0.0,0.0,0.0,0.0,0.0,0.04735376044568245,0.0,0.0,0.0
0363 L5 ET CTX Glut_2,0.0,0.0,0.0,0.0029850746268656717,0.0,0.9701492537313433,0.0,0.0,0.022388059701492536,0.0,0.0,0.0,0.0,0.0,0.0,0.0,0.0,0.0,0.0,0.0,0.0,0.004477611940298508,0.0,0.0,0.0
0364 L5 ET CTX Glut_2,0.0,0.0,0.0,0.0,0.0,0.999450065992081,0.0,0.0,0.00010998680158380995,0.0,0.0,0.0,0.0,0.0,0.0,0.00010998680158380995,0.0,0.0,0.0,0.0,0.0,0.0002199736031676199,0.0,0.0,0.00010998680158380995
0365 L5 ET CTX Glut_3,0.0,0.0,0.0,0.025423728813559324,0.0,0.9745762711864406,0.0,0.0,0.0,0.0,0.0,0.0,0.0,0.0,0.0,0.0,0.0,0.0,0.0,0.0,0.0,0.0,0.0,0.0,0.0
0366 L5 ET CTX Glut_3,0.0,0.0,0.0,0.0025806451612903226,0.0,0.9967741935483871,0.0,0.0,0.0,0.0,0.0,0.0,0.0,0.0,0.0,0.0,0.0,0.0,0.0,0.0,0.0,0.0006451612903225806,0.0,0.0,0.0
0367 L5 ET CTX Glut_3,0.0,0.0,0.0,0.015384615384615385,0.0,0.9846153846153847,0.0,0.0,0.0,0.0,0.0,0.0,0.0,0.0,0.0,0.0,0.0,0.0,0.0,0.0,0.0,0.0,0.0,0.0,0.0
0368 L5 ET CTX Glut_3,0.0,0.0,0.0,0.015734265734265736,0.0,0.9842657342657343,0.0,0.0,0.0,0.0,0.0,0.0,0.0,0.0,0.0,0.0,0.0,0.0,0.0,0.0,0.0,0.0,0.0,0.0,0.0
0369 L5 ET CTX Glut_3,0.0,0.0,0.0,0.005291005291005291,0.0,0.9947089947089947,0.0,0.0,0.0,0.0,0.0,0.0,0.0,0.0,0.0,0.0,0.0,0.0,0.0,0.0,0.0,0.0,0.0,0.0,0.0
0370 L5 ET CTX Glut_4,0.0,0.0,0.0,0.005780346820809248,0.0,0.9884393063583815,0.0,0.0,0.005780346820809248,0.0,0.0,0.0,0.0,0.0,0.0,0.0,0.0,0.0,0.0,0.0,0.0,0.0,0.0,0.0,0.0
0371 L5 ET CTX Glut_4,0.0,0.0,0.0,0.014044943820224719,0.0,0.9859550561797753,0.0,0.0,0.0,0.0,0.0,0.0,0.0,0.0,0.0,0.0,0.0,0.0,0.0,0.0,0.0,0.0,0.0,0.0,0.0
0372 L5 ET CTX Glut_4,0.0,0.0,0.0,0.0,0.0,1.0,0.0,0.0,0.0,0.0,0.0,0.0,0.0,0.0,0.0,0.0,0.0,0.0,0.0,0.0,0.0,0.0,0.0,0.0,0.0
0373 L5 ET CTX Glut_4,0.0,0.0,0.0,0.013422818791946308,0.0,0.9865771812080537,0.0,0.0,0.0,0.0,0.0,0.0,0.0,0.0,0.0,0.0,0.0,0.0,0.0,0.0,0.0,0.0,0.0,0.0,0.0
0374 L5 ET CTX Glut_4,0.0,0.0,0.0,0.0,0.0,1.0,0.0,0.0,0.0,0.0,0.0,0.0,0.0,0.0,0.0,0.0,0.0,0.0,0.0,0.0,0.0,0.0,0.0,0.0,0.0
0375 L5 ET CTX Glut_5,0.0,0.0,0.0008169934640522876,0.0032679738562091504,0.0,0.9926470588235294,0.0,0.0,0.0032679738562091504,0.0,0.0,0.0,0.0,0.0,0.0,0.0,0.0,0.0,0.0,0.0,0.0,0.0,0.0,0.0,0.0
0376 L5 ET CTX Glut_5,0.0,0.0,0.0,0.0,0.0,0.9302325581395349,0.0,0.0,0.06976744186046512,0.0,0.0,0.0,0.0,0.0,0.0,0.0,0.0,0.0,0.0,0.0,0.0,0.0,0.0,0.0,0.0
0377 L5 ET CTX Glut_5,0.0,0.0,0.002280501710376283,0.0,0.0,0.9669327251995439,0.0,0.0,0.029646522234891677,0.0,0.0,0.0011402508551881414,0.0,0.0,0.0,0.0,0.0,0.0,0.0,0.0,0.0,0.0,0.0,0.0,0.0
0378 L5 ET CTX Glut_5,0.0,0.0,0.0,0.0,0.0,0.9852941176470589,0.0,0.0,0.014705882352941176,0.0,0.0,0.0,0.0,0.0,0.0,0.0,0.0,0.0,0.0,0.0,0.0,0.0,0.0,0.0,0.0
0379 L5 ET CTX Glut_6,0.0,0.0,0.0,0.07692307692307693,0.0,0.9142011834319527,0.0,0.0,0.0,0.0,0.0,0.0,0.0,0.0,0.0,0.0,0.0,0.0,0.0,0.0,0.0,0.008875739644970414,0.0,0.0,0.0
0380 L5 ET CTX Glut_6,0.0,0.0,0.0,0.7959770114942529,0.0,0.1724137931034483,0.0,0.0,0.0,0.0,0.0,0.0,0.0,0.0,0.0,0.0,0.0,0.0,0.0,0.0,0.0,0.028735632183908046,0.0,0.0028735632183908046,0.0
0381 L5 ET CTX Glut_6,0.0,0.0,0.0,0.03390742734122713,0.0,0.946178686759957,0.0,0.0,0.0,0.0,0.0,0.0,0.0,0.0,0.0,0.0,0.0,0.0,0.0,0.0,0.0,0.01829924650161464,0.0016146393972012918,0.0,0.0
0382 L5 ET CTX Glut_6,0.0,0.0,0.0,0.07255520504731862,0.0,0.9085173501577287,0.0,0.0,0.0,0.0,0.0,0.0,0.0,0.0,0.0,0.0,0.0,0.0,0.0,0.0,0.0,0.01892744479495268,0.0,0.0,0.0
0383 SUB-ProS Glut_1,0.0,0.0,0.0,1.0,0.0,0.0,0.0,0.0,0.0,0.0,0.0,0.0,0.0,0.0,0.0,0.0,0.0,0.0,0.0,0.0,0.0,0.0,0.0,0.0,0.0
0384 SUB-ProS Glut_1,0.0,0.0,0.0,0.9989270386266095,0.0,0.0,0.0,0.0,0.0,0.0,0.0,0.001072961373390558,0.0,0.0,0.0,0.0,0.0,0.0,0.0,0.0,0.0,0.0,0.0,0.0,0.0
0385 SUB-ProS Glut_1,0.0,0.0,0.0,0.997624703087886,0.0,0.0023752969121140144,0.0,0.0,0.0,0.0,0.0,0.0,0.0,0.0,0.0,0.0,0.0,0.0,0.0,0.0,0.0,0.0,0.0,0.0,0.0
0386 SUB-ProS Glut_1,0.0,0.0,0.0,0.995,0.0,0.0,0.0,0.0,0.0,0.0,0.0,0.0,0.0,0.0,0.0,0.0,0.0016666666666666668,0.0,0.0,0.0,0.0,0.0016666666666666668,0.0016666666666666668,0.0,0.0
0387 SUB-ProS Glut_1,0.0,0.0,0.0,1.0,0.0,0.0,0.0,0.0,0.0,0.0,0.0,0.0,0.0,0.0,0.0,0.0,0.0,0.0,0.0,0.0,0.0,0.0,0.0,0.0,0.0
0388 SUB-ProS Glut_2,0.0,0.0,0.027640671273445213,0.8361303060217177,0.0,0.0029615004935834156,0.0,0.0,0.006910167818361303,0.0,0.0,0.0009871668311944718,0.0,0.0,0.0,0.0,0.005923000987166831,0.0,0.0,0.0,0.0,0.04244817374136229,0.0769990128331688,0.0,0.0
0389 SUB-ProS Glut_2,0.0,0.0,0.18858560794044665,0.5905707196029777,0.0,0.0,0.0,0.0,0.04714640198511166,0.0,0.0,0.0,0.0,0.0,0.0,0.0,0.04466501240694789,0.0,0.0,0.0,0.0,0.062034739454094295,0.06699751861042183,0.0,0.0
0390 SUB-ProS Glut_2,0.0,0.0,0.01675257731958763,0.9755154639175257,0.0,0.0,0.0,0.0,0.002577319587628866,0.0,0.0,0.0,0.0,0.0,0.0,0.0,0.001288659793814433,0.0,0.0,0.0,0.0,0.002577319587628866,0.001288659793814433,0.0,0.0
0391 SUB-ProS Glut_2,0.0,0.0,0.3772455089820359,0.5389221556886228,0.0,0.0,0.0,0.0,0.05389221556886228,0.0,0.0,0.0,0.0,0.0,0.0,0.0,0.003992015968063872,0.0,0.0,0.0,0.0,0.005988023952095809,0.01996007984031936,0.0,0.0
0392 SUB-ProS Glut_2,0.0,0.0,0.0,1.0,0.0,0.0,0.0,0.0,0.0,0.0,0.0,0.0,0.0,0.0,0.0,0.0,0.0,0.0,0.0,0.0,0.0,0.0,0.0,0.0,0.0
0393 SUB-ProS Glut_2,0.0,0.0,0.0,1.0,0.0,0.0,0.0,0.0,0.0,0.0,0.0,0.0,0.0,0.0,0.0,0.0,0.0,0.0,0.0,0.0,0.0,0.0,0.0,0.0,0.0
0394 SUB-ProS Glut_3,0.0,0.0,0.0034129692832764505,0.9232081911262798,0.0,0.0,0.0,0.0,0.0,0.0,0.0,0.0,0.0,0.0,0.0,0.0,0.0008532423208191126,0.0,0.0,0.0,0.0,0.051194539249146756,0.021331058020477817,0.0,0.0
0395 SUB-ProS Glut_3,0.0,0.0,0.0,0.9453551912568307,0.0,0.0,0.0,0.0,0.0,0.0,0.0,0.0,0.0,0.0,0.0,0.0,0.0,0.0,0.0,0.0,0.0,0.03825136612021858,0.01639344262295082,0.0,0.0
0396 SUB-ProS Glut_3,0.0,0.0,0.0,1.0,0.0,0.0,0.0,0.0,0.0,0.0,0.0,0.0,0.0,0.0,0.0,0.0,0.0,0.0,0.0,0.0,0.0,0.0,0.0,0.0,0.0
0397 SUB-ProS Glut_3,0.0,0.0,0.0,1.0,0.0,0.0,0.0,0.0,0.0,0.0,0.0,0.0,0.0,0.0,0.0,0.0,0.0,0.0,0.0,0.0,0.0,0.0,0.0,0.0,0.0
0398 L5 PPP Glut_1,0.0,0.0,0.0,0.9558823529411765,0.0,0.02100840336134454,0.0,0.0,0.0,0.0,0.0,0.0,0.0,0.0,0.0,0.0,0.0,0.0,0.0,0.0,0.0,0.008403361344537815,0.014705882352941176,0.0,0.0
0399 CA2-FC-IG Glut_1,0.0,0.0,0.0009124087591240876,0.9917883211678832,0.0,0.0,0.0,0.0,0.0,0.0,0.0,0.0,0.0,0.0,0.0,0.004562043795620438,0.0,0.0,0.0,0.0,0.0,0.0,0.002737226277372263,0.0,0.0
0400 CA2-FC-IG Glut_2,0.0,0.0,0.0,0.275,0.0,0.0125,0.0,0.0,0.0,0.0,0.0,0.04375,0.0,0.0,0.0,0.0,0.0,0.0,0.0,0.0,0.0,0.66875,0.0,0.0,0.0
0401 CA2-FC-IG Glut_2,0.0,0.0,0.0,0.7152317880794702,0.0,0.0016556291390728477,0.0,0.0,0.0,0.0,0.0,0.0,0.0,0.006622516556291391,0.0,0.0033112582781456954,0.059602649006622516,0.0,0.0,0.0,0.0,0.2052980132450331,0.008278145695364239,0.0,0.0
0402 NLOT Rho Glut_1,0.0,0.0,0.11065573770491803,0.0,0.0,0.0,0.0,0.0,0.6987704918032787,0.0,0.0,0.16598360655737704,0.0,0.0,0.0,0.0,0.0020491803278688526,0.0,0.0,0.0,0.0,0.0,0.020491803278688523,0.0,0.0020491803278688526
0403 L6b EPd Glut_1,0.0,0.0,0.2717391304347826,0.0,0.0,0.059006211180124224,0.0,0.0,0.6040372670807453,0.0,0.0,0.013975155279503106,0.0,0.0,0.0,0.0,0.0,0.0,0.043478260869565216,0.0,0.0,0.007763975155279503,0.0,0.0,0.0
0404 L6b EPd Glut_1,0.0,0.0,0.3546099290780142,0.002364066193853428,0.0,0.16312056737588654,0.0,0.0,0.34515366430260047,0.0,0.0,0.04491725768321513,0.0,0.0,0.0,0.0,0.0,0.0,0.026004728132387706,0.0,0.0,0.05673758865248227,0.004728132387706856,0.002364066193853428,0.0
0405 L6b EPd Glut_2,0.0,0.0,0.5071090047393365,0.004739336492890996,0.0,0.35545023696682465,0.0,0.0,0.0,0.0,0.0,0.0,0.0,0.0,0.0,0.0,0.0,0.0,0.0,0.0,0.0,0.07582938388625593,0.05687203791469194,0.0,0.0
0406 L6b EPd Glut_2,0.0,0.0,0.7693920335429769,0.0020964360587002098,0.0,0.14046121593291405,0.0,0.0,0.012578616352201259,0.0,0.0,0.0041928721174004195,0.0,0.0,0.0,0.0,0.0,0.0,0.0,0.0,0.0,0.050314465408805034,0.020964360587002098,0.0,0.0
0407 L6b EPd Glut_3,0.0,0.0,0.5676767676767677,0.020202020202020204,0.0,0.18585858585858586,0.0,0.0,0.08888888888888889,0.0,0.0,0.006060606060606061,0.0,0.0,0.0,0.010101010101010102,0.0,0.0,0.0,0.0,0.0,0.08282828282828283,0.03838383838383838,0.0,0.0
0408 L6b EPd Glut_3,0.0,0.0,0.7956834532374101,0.004316546762589928,0.0,0.0618705035971223,0.0,0.0,0.014388489208633094,0.0,0.0,0.0028776978417266188,0.0,0.0,0.0,0.0,0.0,0.0,0.0,0.0,0.0,0.06330935251798561,0.05755395683453238,0.0,0.0
0409 L6b EPd Glut_3,0.0,0.0,0.7465277777777778,0.036458333333333336,0.0,0.0763888888888889,0.0,0.0,0.08159722222222222,0.0,0.0,0.006944444444444444,0.0,0.0,0.0,0.0,0.0,0.0,0.0,0.0,0.0,0.050347222222222224,0.001736111111111111,0.0,0.0
0410 L6b/CT ENT Glut_1,0.0,0.0,0.1027689030883919,0.6272630457933972,0.0,0.09424920127795527,0.0,0.0,0.043663471778487756,0.0,0.0,0.0005324813631522897,0.0,0.0,0.0,0.0026624068157614484,0.0,0.0,0.0,0.0,0.0,0.09904153354632587,0.02875399361022364,0.0010649627263045794,0.0
0411 L6b/CT ENT Glut_1,0.0,0.0,0.08125,0.5958333333333333,0.0,0.016666666666666666,0.0,0.0,0.22083333333333333,0.0,0.0,0.0,0.0,0.0,0.0,0.0,0.0,0.0,0.0,0.0,0.0,0.05625,0.029166666666666667,0.0,0.0
0412 L6b/CT ENT Glut_1,0.0,0.0,0.00034458993797381116,0.8828394210889042,0.0,0.06202618883528601,0.0,0.0,0.004135079255685734,0.0,0.0,0.0,0.0,0.0,0.0,0.0,0.0,0.0,0.0,0.0,0.0,0.042729152308752585,0.007236388697450034,0.0006891798759476223,0.0
0413 L6b/CT ENT Glut_1,0.0,0.0,0.0010330578512396695,0.746900826446281,0.0,0.10847107438016529,0.0,0.0,0.0,0.0,0.0,0.0,0.0,0.0,0.0,0.0,0.0,0.0,0.0,0.0,0.0,0.10847107438016529,0.03305785123966942,0.002066115702479339,0.0
0414 L6b/CT ENT Glut_2,0.0,0.0,0.06306306306306306,0.31891891891891894,0.0,0.18198198198198198,0.0,0.0,0.11171171171171171,0.0,0.0,0.007207207207207207,0.0,0.0,0.0,0.0,0.0,0.0,0.010810810810810811,0.0,0.0,0.1945945945945946,0.06486486486486487,0.04684684684684685,0.0
0415 L6b/CT ENT Glut_2,0.0,0.0,0.012759170653907496,0.6236044657097288,0.0,0.025518341307814992,0.0,0.0,0.07177033492822966,0.0,0.0,0.001594896331738437,0.0,0.0,0.0,0.001594896331738437,0.0,0.0,0.0,0.0,0.0,0.16427432216905902,0.09090909090909091,0.007974481658692184,0.0
0416 L6b/CT ENT Glut_2,0.0,0.0,0.5637583892617449,0.26174496644295303,0.0,0.0,0.0,0.0,0.10738255033557047,0.0,0.0,0.0,0.0,0.0,0.0,0.0,0.013422818791946308,0.0,0.0,0.0,0.0,0.006711409395973154,0.04697986577181208,0.0,0.0
0417 L6b/CT ENT Glut_2,0.0,0.0,0.1590909090909091,0.20454545454545456,0.0,0.0,0.0,0.0,0.5965909090909091,0.0,0.0,0.0,0.0,0.0,0.0,0.0,0.0,0.0,0.0,0.0,0.0,0.017045454545454544,0.022727272727272728,0.0,0.0
0418 L6b/CT ENT Glut_3,0.0,0.0,0.0037593984962406013,0.6240601503759399,0.0,0.16165413533834586,0.0,0.0,0.03383458646616541,0.0,0.0,0.0037593984962406013,0.0,0.0,0.0,0.0,0.0,0.0,0.0,0.0,0.0,0.08270676691729323,0.07894736842105263,0.011278195488721804,0.0
0419 L6b/CT ENT Glut_3,0.0,0.0,0.003278688524590164,0.4524590163934426,0.0,0.33114754098360655,0.0,0.0,0.018032786885245903,0.0,0.0,0.006557377049180328,0.0,0.0,0.0,0.0,0.0,0.0,0.0,0.0,0.0,0.09672131147540984,0.05901639344262295,0.03278688524590164,0.0
0420 L6b/CT ENT Glut_3,0.0,0.0,0.08970099667774087,0.6644518272425249,0.0,0.026578073089700997,0.0,0.0,0.08305647840531562,0.0,0.0,0.0,0.0,0.0,0.0,0.0,0.0,0.0,0.0,0.0,0.0,0.08637873754152824,0.04983388704318937,0.0,0.0
0421 L6b/CT ENT Glut_4,0.0,0.0,0.0,0.9334479371316307,0.0,0.046414538310412576,0.0,0.0,0.0,0.0,0.0,0.0,0.0,0.0,0.0,0.0,0.0,0.0,0.0,0.0,0.0,0.018664047151277015,0.0012278978388998035,0.0002455795677799607,0.0
0422 L6b/CT ENT Glut_4,0.0,0.0,0.0,0.9123273113708821,0.0,0.052603613177470775,0.0,0.0,0.0,0.0,0.0,0.0,0.0,0.0,0.0,0.0,0.0,0.0,0.0,0.0,0.0,0.02763018065887354,0.007438894792773645,0.0,0.0
0423 L6b/CT ENT Glut_4,0.0,0.0,0.0,0.9195046439628483,0.0,0.05572755417956656,0.0,0.0,0.0,0.0,0.0,0.0,0.0,0.0,0.0,0.0,0.0,0.0,0.0,0.0,0.0,0.01238390092879257,0.006191950464396285,0.006191950464396285,0.0
0424 L6b CTX Glut_1,0.0,0.0,0.031652989449003514,0.011723329425556858,0.0,0.2731535756154748,0.0,0.0,0.45603751465416176,0.0,0.0,0.05158264947245018,0.0,0.0,0.0,0.0,0.0,0.0,0.0011723329425556857,0.0,0.0,0.12778429073856976,0.04572098475967175,0.0011723329425556857,0.0
0425 L6b CTX Glut_1,0.0,0.0,0.0044609665427509295,0.0037174721189591076,0.0,0.7885997521685254,0.0,0.0,0.0076827757125154895,0.0,0.0,0.011648079306071871,0.0,0.0,0.0,0.0,0.0,0.0,0.0,0.0,0.0,0.04287484510532838,0.02825278810408922,0.1127633209417596,0.0
0426 L6b CTX Glut_1,0.0,0.0,0.010159010600706713,0.001325088339222615,0.0,0.6316254416961131,0.0,0.0,0.04858657243816254,0.0,0.0,0.007950530035335688,0.0,0.0,0.0,0.0,0.0,0.0,0.00441696113074205,0.0,0.0,0.06448763250883392,0.03842756183745583,0.19302120141342757,0.0
0427 L6b CTX Glut_2,0.0,0.0,0.001221001221001221,0.1330891330891331,0.0,0.5164835164835165,0.0,0.0,0.002442002442002442,0.0,0.0,0.0,0.0,0.0,0.0,0.0,0.0,0.0,0.0,0.0,0.0,0.054945054945054944,0.0927960927960928,0.199023199023199,0.0
0428 L6b CTX Glut_2,0.0,0.0,0.0,0.01485148514851485,0.0,0.5198019801980198,0.0,0.0,0.0,0.0,0.0,0.0,0.0,0.0,0.0,0.0,0.0,0.0,0.0,0.0,0.0,0.04950495049504951,0.009900990099009901,0.40594059405940597,0.0
0429 L6b CTX Glut_2,0.0,0.0,0.0005603810591202018,0.0008405715886803026,0.0,0.530680862986831,0.0,0.0,0.0008405715886803026,0.0,0.0,0.0005603810591202018,0.0,0.0,0.0,0.0,0.0,0.0,0.0,0.0,0.0,0.08097506304286915,0.039787055197534324,0.3457551134771645,0.0
0430 L6b CTX Glut_2,0.0,0.0,0.018301610541727673,0.05490483162518302,0.0,0.6925329428989752,0.0,0.0,0.005856515373352855,0.0,0.0,0.0021961932650073207,0.0,0.0,0.0,0.0,0.0,0.0,0.0,0.0,0.0,0.12298682284040996,0.005124450951683748,0.09809663250366032,0.0
0431 L6b CTX Glut_3,0.0,0.0,0.012325390304026294,0.05341002465078061,0.0,0.5488907148726376,0.0,0.0,0.1076417419884963,0.0,0.0,0.01314708299096138,0.0,0.0,0.0,0.0,0.0,0.0,0.009038619556285949,0.0,0.0,0.06162695152013147,0.05094494658997535,0.142974527526705,0.0
0432 L6b CTX Glut_3,0.0,0.0,0.004119464469618949,0.0010298661174047373,0.0,0.518022657054583,0.0,0.0,0.025746652935118436,0.0,0.0,0.008238928939237899,0.0,0.0,0.0,0.0,0.0,0.0,0.0020597322348094747,0.0,0.0,0.0937178166838311,0.08650875386199794,0.26055612770339853,0.0
0433 L6b CTX Glut_3,0.0,0.0,0.01607717041800643,0.0,0.0,0.7277599142550911,0.0,0.0,0.05466237942122187,0.0,0.0,0.006430868167202572,0.0,0.0,0.0,0.0,0.0,0.0,0.0053590568060021436,0.0,0.0,0.04608788853161844,0.09003215434083602,0.05359056806002144,0.0
0434 L6b CTX Glut_3,0.0,0.0,0.0,0.0,0.0,0.5734463276836158,0.0,0.0,0.0,0.0,0.0,0.0,0.0,0.0,0.0,0.0,0.0,0.0,0.0,0.0,0.0,0.06779661016949153,0.05790960451977401,0.3008474576271186,0.0
0435 L6b CTX Glut_4,0.0,0.0,0.0026246719160104987,0.05511811023622047,0.0,0.8556430446194225,0.0,0.0,0.01837270341207349,0.0,0.0,0.005249343832020997,0.0,0.0,0.0,0.0,0.0,0.0,0.0,0.0,0.0,0.01837270341207349,0.023622047244094488,0.015748031496062992,0.005249343832020997
0436 L6 CT CTX Glut_1,0.0,0.0,0.0030550533075628158,0.00149635264043893,0.0,0.9828542926616373,0.0,0.0,0.0011222644803291976,0.0,0.0,0.0015587006671238855,0.0,0.0,0.0,0.0,0.0,0.0,0.0,0.0,0.0,0.00367853357441237,0.0013716565870690192,0.004800798054741567,6.234802668495543e-05
0437 L6 CT CTX Glut_1,0.0,0.0,0.00017815784785319794,0.01977552111170497,0.0,0.918047389987529,0.0,0.0,0.0,0.0,0.0,0.00017815784785319794,0.0,0.0,0.0,0.0,0.0,0.0,0.0,0.0,0.0,0.0085515766969535,0.015321574915375022,0.03705683235346517,0.0008907892392659896
0438 L6 CT CTX Glut_1,0.0,0.0,0.0,0.00411522633744856,0.0,0.9938271604938271,0.0,0.0,0.0,0.0,0.0,0.0,0.0,0.0,0.0,0.0,0.0,0.0,0.0,0.0,0.0,0.0,0.0,0.00205761316872428,0.0
0439 L6 CT CTX Glut_1,0.0,0.0,0.0,0.0003732736095558044,0.0,0.9969204927211646,0.0,0.0,0.0,0.0,0.0,0.0,0.0,0.0,0.0,0.0,0.0,0.0,0.0,0.0,0.0,0.000513251213139231,0.00013997760358342665,0.002053004852556924,0.0
0440 L6 CT CTX Glut_1,0.0,0.0,0.0,0.019253208868144692,0.0,0.9766627771295215,0.0,0.0,0.0,0.0,0.0,0.0,0.0,0.0,0.0,0.0,0.0,0.0,0.0,0.0,0.0,0.001750291715285881,0.0011668611435239206,0.0011668611435239206,0.0
0441 L6 CT CTX Glut_2,0.0,0.0,0.00199203187250996,0.09362549800796813,0.0,0.898406374501992,0.0,0.0,0.0,0.0,0.0,0.0,0.0,0.0,0.0,0.0,0.0,0.0,0.0,0.0,0.0,0.00199203187250996,0.00199203187250996,0.00199203187250996,0.0
0442 L6 CT CTX Glut_2,0.0,0.0,0.0,0.00039491351394044705,0.0,0.9694336940210094,0.0,0.0,7.898270278808941e-05,0.0,0.0,0.0008688097306689834,0.0,0.0,0.0,0.0,0.0,0.0,0.0,0.0,0.0,0.005528789195166258,0.0048969275728615435,0.01871890056077719,7.898270278808941e-05
0443 L6 CT CTX Glut_2,0.0,0.0,0.0,0.0,0.0,0.9983309352517986,0.0,0.0,0.0,0.0,0.0,0.00011510791366906474,0.0,0.0,0.0,0.0,0.0,0.0,0.0,0.0,0.0,0.0004028776978417266,0.00017266187050359714,0.000920863309352518,5.755395683453237e-05
0444 L6 CT CTX Glut_2,0.0,0.0,0.0,0.000783315382355821,0.0,0.9863898952315676,0.0,0.0,0.0002937432683834329,0.0,0.0,0.0004895721139723881,0.0,0.0,0.0,0.0,0.0,0.0,0.0,0.0,0.0,0.003427004797806717,0.0006854009595613434,0.007931068246352688,0.0
0445 L6 CT CTX Glut_3,0.0,0.0,0.0,0.017767767767767766,0.0,0.9476976976976977,0.0,0.0,0.0,0.0,0.0,0.0,0.0,0.0,0.0,0.0,0.0,0.0,0.0,0.0,0.0,0.013013013013013013,0.021521521521521522,0.0,0.0
0446 L6 CT CTX Glut_3,0.0,0.0,0.0,0.0,0.0,0.9793510324483776,0.0,0.0,0.0,0.0,0.0,0.0,0.0,0.0,0.0,0.0,0.0,0.0,0.0,0.0,0.0,0.0029498525073746312,0.017699115044247787,0.0,0.0
0447 L6 CT CTX Glut_3,0.0,0.0,0.0,0.0016420361247947454,0.0,0.9885057471264368,0.0,0.0,0.0,0.0,0.0,0.0,0.0,0.0,0.0,0.0,0.0,0.0,0.0,0.0,0.0,0.0049261083743842365,0.0049261083743842365,0.0,0.0
0448 L6 CT CTX Glut_3,0.0,0.0,0.006535947712418301,0.026143790849673203,0.0,0.954248366013072,0.0,0.0,0.006535947712418301,0.0,0.0,0.0,0.0,0.0,0.0,0.0,0.0,0.0,0.0,0.0,0.0,0.006535947712418301,0.0,0.0,0.0
0449 L6 CT CTX Glut_3,0.0,0.0,0.0,0.0,0.0,0.9779874213836478,0.0,0.0,0.0031446540880503146,0.0,0.0,0.0,0.0,0.0,0.0,0.0,0.0,0.0,0.0,0.0,0.0,0.012578616352201259,0.006289308176100629,0.0,0.0
0450 L6 CT CTX Glut_4,0.0,0.0,0.0,0.09280138768430182,0.0,0.8699045967042498,0.0,0.0,0.0,0.0,0.0,0.0,0.0,0.0,0.0,0.0,0.0,0.0,0.0,0.0,0.0,0.008673026886383347,0.028620988725065046,0.0,0.0
0451 L6 CT CTX Glut_5,0.0,0.0,0.0,0.007434944237918215,0.0,0.26765799256505574,0.0,0.0,0.5985130111524164,0.0,0.0,0.048327137546468404,0.0,0.0,0.0,0.0,0.0,0.0,0.0,0.0,0.0,0.07063197026022305,0.007434944237918215,0.0,0.0
0452 L6 CT CTX Glut_5,0.0,0.0,0.025016903313049357,0.0,0.0,0.18593644354293443,0.0,0.0,0.4117647058823529,0.0,0.0,0.23867478025693037,0.0,0.0,0.0,0.0,0.0,0.0,0.002704530087897228,0.0,0.0,0.13252197430696416,0.0033806626098715348,0.0,0.0
0453 L6 CT CTX Glut_5,0.0,0.0,0.054455445544554455,0.0016501650165016502,0.0,0.504950495049505,0.0,0.0,0.17656765676567657,0.0,0.0,0.026402640264026403,0.0,0.0,0.0,0.0,0.0,0.0,0.0,0.0,0.0,0.21122112211221122,0.02145214521452145,0.0033003300330033004,0.0
0454 L6 CT CTX Glut_5,0.0,0.0,0.01098901098901099,0.028846153846153848,0.0,0.7451923076923077,0.0,0.0,0.012362637362637362,0.0,0.0,0.0020604395604395605,0.0,0.0,0.0,0.0,0.0,0.0,0.0,0.0,0.0,0.10782967032967034,0.017170329670329672,0.07554945054945054,0.0
0455 L6 CT CTX Glut_5,0.0,0.0,0.009160136850237281,0.0028694404591104736,0.0,0.8990177684582276,0.0,0.0,0.0300187617260788,0.0,0.0,0.01611301180885112,0.0,0.0,0.0,0.0,0.0,0.0,0.0,0.0,0.0,0.03046021410440349,0.006511422580289151,0.005849244012802119,0.0
0456 L6 CT CTX Glut_5,0.0,0.0,0.0,0.0015822784810126582,0.0,0.9810126582278481,0.0,0.0,0.0,0.0,0.0,0.0,0.0,0.0,0.0,0.0,0.0,0.0,0.0,0.0,0.0,0.0015822784810126582,0.0031645569620253164,0.012658227848101266,0.0
0457 L6 CT CTX Glut_6,0.0,0.0,0.0,0.0,0.0,0.99,0.0,0.0,0.0014285714285714286,0.0,0.0,0.0,0.0,0.0,0.0,0.0,0.0,0.0,0.0,0.0,0.0,0.004285714285714286,0.0,0.004285714285714286,0.0
0458 CT SUB Glut_1,0.0,0.0,0.001367053998632946,0.961038961038961,0.0,0.01572112098427888,0.0,0.0,0.0,0.0,0.0,0.0,0.0,0.0,0.0,0.0,0.0,0.0,0.0,0.0,0.0,0.004784688995215311,0.017088174982911826,0.0,0.0
0459 CT SUB Glut_2,0.0,0.0,0.07653061224489796,0.7397959183673469,0.0,0.030612244897959183,0.0,0.0,0.04591836734693878,0.0,0.0,0.0,0.0,0.0,0.0,0.0,0.0,0.0,0.0,0.0,0.0,0.0663265306122449,0.04081632653061224,0.0,0.0
0460 CT SUB Glut_2,0.0,0.0,0.05660377358490566,0.8280922431865828,0.0,0.0020964360587002098,0.0,0.0,0.0440251572327044,0.0,0.0,0.0,0.0,0.0,0.0,0.0,0.006289308176100629,0.0,0.0,0.0,0.0,0.03773584905660377,0.025157232704402517,0.0,0.0
0461 L5 NP CTX Glut_1,0.0,0.0,0.0,0.0,0.0,0.9940828402366864,0.0,0.0,0.0,0.0,0.0,0.0,0.0,0.0,0.0,0.0,0.0,0.0,0.0,0.0,0.0,0.0,0.005917159763313609,0.0,0.0
0462 L5 NP CTX Glut_1,0.0,0.0,0.0,0.0030864197530864196,0.0,0.9475308641975309,0.0,0.0,0.0,0.0,0.0,0.0,0.0,0.0,0.0,0.0,0.0,0.0,0.0,0.0,0.0,0.04938271604938271,0.0,0.0,0.0
0463 L5 NP CTX Glut_1,0.0,0.0,0.0,0.03787878787878788,0.0,0.9303030303030303,0.0,0.0,0.0015151515151515152,0.0,0.0,0.0,0.0,0.0,0.0,0.0,0.0,0.0,0.0,0.0,0.0,0.025757575757575757,0.004545454545454545,0.0,0.0
0464 L5 NP CTX Glut_2,0.0,0.0,0.002669717772692601,0.002669717772692601,0.0,0.9077040427154843,0.0,0.0,0.07932875667429443,0.0,0.0,0.0064836003051106025,0.0,0.0,0.0,0.0,0.0,0.0,0.0,0.0,0.0,0.0007627765064836003,0.00038138825324180017,0.0,0.0
0465 L5 NP CTX Glut_2,0.0,0.0,0.0,0.0006361323155216285,0.0,0.9853689567430025,0.0,0.0,0.010814249363867684,0.0,0.0,0.0006361323155216285,0.0,0.0,0.0,0.0,0.0,0.0,0.0,0.0,0.0,0.0019083969465648854,0.0006361323155216285,0.0,0.0
0466 L5 NP CTX Glut_2,0.0,0.0,0.0006353240152477764,0.007623888182973317,0.0,0.9911054637865311,0.0,0.0,0.0006353240152477764,0.0,0.0,0.0,0.0,0.0,0.0,0.0,0.0,0.0,0.0,0.0,0.0,0.0,0.0,0.0,0.0
0467 L5 NP CTX Glut_2,0.0,0.0,0.0,0.00437636761487965,0.0,0.849015317286652,0.0,0.0,0.10722100656455143,0.0,0.0,0.00437636761487965,0.0,0.0,0.0,0.0,0.0,0.0,0.0,0.0,0.0,0.0350109409190372,0.0,0.0,0.0
0468 L5 NP CTX Glut_3,0.0,0.0,0.00030637254901960784,0.007352941176470588,0.0,0.9917279411764706,0.0,0.0,0.00030637254901960784,0.0,0.0,0.0,0.0,0.0,0.0,0.0,0.0,0.0,0.0,0.0,0.0,0.00030637254901960784,0.0,0.0,0.0
0469 L5 NP CTX Glut_3,0.0,0.0,0.0,0.0,0.0,1.0,0.0,0.0,0.0,0.0,0.0,0.0,0.0,0.0,0.0,0.0,0.0,0.0,0.0,0.0,0.0,0.0,0.0,0.0,0.0
0470 L5 NP CTX Glut_3,0.0,0.0,0.0,0.0,0.0,1.0,0.0,0.0,0.0,0.0,0.0,0.0,0.0,0.0,0.0,0.0,0.0,0.0,0.0,0.0,0.0,0.0,0.0,0.0,0.0
0471 L5 NP CTX Glut_3,0.0,0.0,0.0,0.0038022813688212928,0.0,0.9961977186311787,0.0,0.0,0.0,0.0,0.0,0.0,0.0,0.0,0.0,0.0,0.0,0.0,0.0,0.0,0.0,0.0,0.0,0.0,0.0
0472 L5 NP CTX Glut_4,0.0,0.0,0.0030303030303030303,0.0,0.0,0.996969696969697,0.0,0.0,0.0,0.0,0.0,0.0,0.0,0.0,0.0,0.0,0.0,0.0,0.0,0.0,0.0,0.0,0.0,0.0,0.0
0473 L5 NP CTX Glut_4,0.0,0.0,0.0008210180623973727,0.012315270935960592,0.0,0.9786535303776683,0.0,0.0,0.007389162561576354,0.0,0.0,0.0,0.0,0.0,0.0,0.0,0.0,0.0,0.0,0.0,0.0,0.0008210180623973727,0.0,0.0,0.0
0474 L5 NP CTX Glut_4,0.0,0.0,0.0,0.02152414194299011,0.0,0.9610238510762071,0.0,0.0,0.009889470622454915,0.0,0.0,0.0005817335660267597,0.0,0.0,0.0,0.0,0.0,0.0,0.0,0.0,0.0,0.006399069226294357,0.0005817335660267597,0.0,0.0
0475 L5 NP CTX Glut_5,0.0,0.0,0.0,0.017094017094017096,0.0,0.9829059829059829,0.0,0.0,0.0,0.0,0.0,0.0,0.0,0.0,0.0,0.0,0.0,0.0,0.0,0.0,0.0,0.0,0.0,0.0,0.0
0476 L5 NP CTX Glut_5,0.0,0.0,0.0,0.014598540145985401,0.0,0.9562043795620438,0.0,0.0,0.0,0.0,0.0,0.0,0.0,0.0,0.0,0.0,0.0,0.0,0.0,0.0,0.0,0.021897810218978103,0.0072992700729927005,0.0,0.0
0477 NP SUB Glut_1,0.0,0.0,0.04931794333683106,0.7691500524658972,0.0,0.01888772298006296,0.0,0.0,0.02833158447009444,0.0,0.0,0.001049317943336831,0.0,0.0,0.0,0.0,0.00944386149003148,0.0,0.0,0.0,0.0,0.06925498426023086,0.05456453305351522,0.0,0.0
0478 NP SUB Glut_1,0.0,0.0,0.23421052631578948,0.5710526315789474,0.0,0.021052631578947368,0.0,0.0,0.034210526315789476,0.0,0.0,0.0,0.0,0.0,0.0,0.0,0.010526315789473684,0.0,0.0,0.0,0.0,0.07368421052631578,0.05526315789473684,0.0,0.0
0479 NP SUB Glut_2,0.0,0.0,0.0,0.9736147757255936,0.0,0.002638522427440633,0.0,0.0,0.0,0.0,0.0,0.0,0.0,0.0,0.0,0.0,0.0,0.0,0.0,0.0,0.0,0.005277044854881266,0.018469656992084433,0.0,0.0
0480 NP SUB Glut_2,0.0,0.0,0.0,0.9725,0.0,0.01,0.0,0.0,0.0,0.0,0.0,0.0,0.0,0.0,0.0,0.0,0.0,0.0,0.0,0.0,0.0,0.0025,0.015,0.0,0.0
0481 NP SUB Glut_2,0.0,0.0,0.0,0.9596083231334149,0.0,0.01835985312117503,0.0,0.0,0.0,0.0,0.0,0.0,0.0,0.0,0.0,0.0,0.0012239902080783353,0.0,0.0,0.0,0.0,0.012239902080783354,0.008567931456548347,0.0,0.0
0482 NP SUB Glut_2,0.0,0.0,0.0,0.9696969696969697,0.0,0.006587615283267457,0.0,0.0,0.0,0.0,0.0,0.0,0.0,0.0,0.0,0.0,0.0,0.0,0.0,0.0,0.0,0.017127799736495388,0.006587615283267457,0.0,0.0
0483 NP PPP Glut_1,0.0,0.0,0.0,0.8225806451612904,0.0,0.1774193548387097,0.0,0.0,0.0,0.0,0.0,0.0,0.0,0.0,0.0,0.0,0.0,0.0,0.0,0.0,0.0,0.0,0.0,0.0,0.0
0484 NP PPP Glut_1,0.0,0.0,0.0,0.9421157684630739,0.0,0.017964071856287425,0.0,0.0,0.0,0.0,0.0,0.0,0.0,0.0,0.0,0.0,0.0,0.0,0.0,0.0,0.0,0.005988023952095809,0.033932135728542916,0.0,0.0
0485 NP PPP Glut_1,0.0,0.0,0.0,0.9887640449438202,0.0,0.0056179775280898875,0.0,0.0,0.0,0.0,0.0,0.0,0.0,0.0,0.0,0.0,0.0,0.0,0.0,0.0,0.0,0.0,0.0,0.0,0.0056179775280898875
0486 OB Eomes Ms4a15 Glut_1,0.0,0.0,0.0,0.0,0.0,0.0007446016381236039,0.0,0.0,0.9657483246463142,0.0,0.0,0.0,0.0,0.0,0.0,0.0,0.0,0.0,0.03276247207743857,0.0,0.0,0.0,0.0,0.0,0.0007446016381236039
0487 OB Eomes Ms4a15 Glut_1,0.0,0.0,0.0,0.0,0.0,0.003663003663003663,0.0,0.0,0.9377289377289377,0.0,0.0,0.0,0.0,0.0,0.0,0.0,0.0,0.0,0.05860805860805861,0.0,0.0,0.0,0.0,0.0,0.0
0488 OB Eomes Ms4a15 Glut_2,0.0,0.0,0.0,0.0,0.0,0.003067484662576687,0.0,0.0,0.7515337423312883,0.0,0.0,0.0,0.0,0.0,0.0,0.0,0.0,0.0,0.2392638036809816,0.0,0.0,0.0,0.0,0.0,0.006134969325153374
0489 OB Eomes Ms4a15 Glut_2,0.0,0.0,0.0,0.0,0.0,0.005376344086021506,0.0,0.0,0.7293906810035843,0.0,0.0,0.0,0.0,0.0,0.0,0.0,0.0,0.0,0.25448028673835127,0.0,0.0,0.0,0.0,0.0,0.010752688172043012
0490 OB Eomes Ms4a15 Glut_2,0.0,0.0,0.0,0.0,0.0,0.002849002849002849,0.0,0.0,0.7407407407407407,0.0,0.0,0.0,0.0,0.0,0.0,0.0,0.0,0.0,0.22507122507122507,0.0,0.0,0.0,0.0,0.0,0.03133903133903134
0491 OB Eomes Ms4a15 Glut_2,0.0,0.0,0.0,0.0,0.0,0.003913894324853229,0.0,0.0,0.6868884540117417,0.0,0.0,0.0,0.0,0.0,0.0,0.0,0.0,0.0,0.2945205479452055,0.0,0.0,0.0,0.0,0.0,0.014677103718199608
0492 OB Eomes Ms4a15 Glut_3,0.0,0.0,0.0,0.010638297872340425,0.0035460992907801418,0.024822695035460994,0.0,0.0,0.7588652482269503,0.0,0.0,0.0070921985815602835,0.0,0.0,0.0,0.0,0.0,0.0,0.19148936170212766,0.0,0.0,0.0,0.0,0.0,0.0035460992907801418
0493 OB Eomes Ms4a15 Glut_3,0.0,0.0,0.0,0.007067137809187279,0.0,0.0176678445229682,0.0035335689045936395,0.0,0.7667844522968198,0.0,0.0,0.0176678445229682,0.0,0.0,0.0,0.0,0.0,0.0,0.17667844522968199,0.0,0.0,0.0,0.0,0.0,0.01060070671378092
0494 OB Eomes Ms4a15 Glut_4,0.0,0.0,0.0,0.0,0.0,0.003739094308267553,0.0,0.0,0.8142916493560449,0.0,0.0,0.0,0.0,0.0,0.0,0.0,0.0,0.0,0.17823016202742004,0.0,0.0,0.0,0.0,0.0,0.003739094308267553
0495 OB Eomes Ms4a15 Glut_5,0.0,0.0,0.0,0.0,0.0,0.0,0.0,0.0,0.883248730964467,0.0,0.0,0.0,0.0,0.0,0.0,0.0,0.0,0.0,0.116751269035533,0.0,0.0,0.0,0.0,0.0,0.0
0496 OB Eomes Ms4a15 Glut_5,0.0,0.0,0.0,0.0,0.0,0.004784688995215311,0.0,0.0,0.8851674641148325,0.0,0.0,0.004784688995215311,0.0,0.0,0.0,0.0,0.0,0.0,0.10526315789473684,0.0,0.0,0.0,0.0,0.0,0.0
0497 HPF CR Glut_1,0.0,0.0,0.005724098454493417,0.8036634230108758,0.0,0.044075558099599316,0.0017172295363480253,0.0,0.04350314825414997,0.0,0.0028620492272467086,0.021751574127074985,0.0011448196908986834,0.0022896393817973667,0.0,0.0017172295363480253,0.03777904979965655,0.0,0.008586147681740127,0.0,0.0017172295363480253,0.0005724098454493417,0.0017172295363480253,0.0,0.021179164281625643
0498 HPF CR Glut_1,0.0,0.0,0.0,0.03508771929824561,0.0,0.12280701754385964,0.0,0.0,0.40350877192982454,0.0,0.03508771929824561,0.08771929824561403,0.0,0.0,0.0,0.0,0.0,0.0,0.22807017543859648,0.0,0.0,0.0,0.0,0.0,0.08771929824561403
0499 HPF CR Glut_1,0.0,0.0,0.0,0.07407407407407407,0.0,0.07407407407407407,0.0,0.0,0.5185185185185185,0.0,0.0,0.1111111111111111,0.0,0.0,0.0,0.0,0.0,0.0,0.07407407407407407,0.0,0.0,0.0,0.0,0.0,0.14814814814814814
0500 HPF CR Glut_1,0.0,0.0,0.023529411764705882,0.32941176470588235,0.011764705882352941,0.07058823529411765,0.0,0.0,0.3411764705882353,0.0,0.03529411764705882,0.03529411764705882,0.0,0.011764705882352941,0.0,0.0,0.047058823529411764,0.0,0.03529411764705882,0.0,0.0,0.0,0.023529411764705882,0.0,0.03529411764705882
0501 HPF CR Glut_1,0.0,0.0,0.0,0.0,0.038461538461538464,0.2692307692307692,0.0,0.0,0.11538461538461539,0.0,0.19230769230769232,0.15384615384615385,0.0,0.0,0.0,0.0,0.0,0.0,0.0,0.0,0.0,0.0,0.0,0.0,0.23076923076923078
0502 DG Glut_1,0.0,0.0,0.0,0.17771084337349397,0.0,0.0,0.0,0.0,0.0,0.0,0.0,0.7831325301204819,0.0,0.0,0.0,0.0,0.0,0.0,0.0,0.0,0.0391566265060241,0.0,0.0,0.0,0.0
0503 DG Glut_1,0.0,0.0,0.0,0.9884516680923866,0.0,0.0,0.0,0.0,0.0,0.0,0.0,0.0051325919589392645,0.0,0.0,0.0,0.0,0.0,0.0,0.0,0.0,0.00641573994867408,0.0,0.0,0.0,0.0
0504 DG Glut_1,0.0,0.0,0.0,0.7555555555555555,0.0,0.0,0.0,0.0,0.014814814814814815,0.0,0.0,0.2,0.0,0.0,0.0,0.0,0.014814814814814815,0.0,0.0,0.0,0.014814814814814815,0.0,0.0,0.0,0.0
0505 DG Glut_2,0.0,0.0,0.0,0.9968249936499873,0.0,0.000381000762001524,0.0,0.0,0.0,0.0,0.0,0.0,0.0,0.0,0.0,0.0,0.000254000508001016,0.0,0.0,0.0,0.000254000508001016,0.0,0.002286004572009144,0.0,0.0
0506 DG Glut_2,0.0,0.0,0.0,0.9964685108887581,0.0,0.0,0.0,0.0,0.0,0.0,0.0,0.0,0.0,0.0,0.0,0.0,0.0005885815185403178,0.0,0.0,0.0,0.0005885815185403178,0.0,0.002354326074161271,0.0,0.0
0507 DG Glut_2,0.0,0.0,0.0,0.9927096985583224,0.0,0.0,0.0,0.0,0.0,0.0,0.0,0.0,0.0,0.0,0.0,0.0,0.001556356487549148,0.0,0.0,0.0,0.0009010484927916121,0.0,0.004832896461336829,0.0,0.0
0508 DG Glut_3,0.0,0.0,0.0,0.9899497487437185,0.0,0.0,0.0,0.0,0.0,0.0,0.0,0.0,0.0,0.0,0.0,0.0,0.005025125628140704,0.0,0.0,0.0,0.0,0.0,0.005025125628140704,0.0,0.0
0509 DG Glut_3,0.0,0.0,0.0,0.9824561403508771,0.0,0.0,0.0,0.0,0.0,0.0,0.0,0.0,0.0,0.0,0.0,0.0,0.0043859649122807015,0.0,0.0,0.0,0.0,0.0,0.013157894736842105,0.0,0.0
0510 DG Glut_4,0.0,0.0,0.0,0.9962727472045604,0.0,0.0,0.0,0.0,0.0,0.0,0.0,0.0,0.0,0.0,0.0,0.0,0.00021925016443762334,0.0,0.0,0.0,0.0,0.0,0.0035080026310019734,0.0,0.0
0511 DG-PIR Ex IMN_1,0.0,0.0,0.0896551724137931,0.07586206896551724,0.0,0.0,0.0,0.0,0.06206896551724138,0.0,0.0,0.006896551724137931,0.0,0.0,0.0,0.06896551724137931,0.0,0.0,0.0,0.0,0.0,0.5724137931034483,0.11724137931034483,0.006896551724137931,0.0
0512 DG-PIR Ex IMN_2,0.0,0.0,0.0,0.9598765432098766,0.0,0.0,0.0,0.0,0.0,0.0,0.0,0.0,0.0,0.0,0.0,0.0030864197530864196,0.0,0.0,0.0,0.0,0.0,0.018518518518518517,0.018518518518518517,0.0,0.0
0513 DG-PIR Ex IMN_2,0.0,0.0,0.014354066985645933,0.6124401913875598,0.0,0.0,0.0,0.0,0.0,0.0,0.0,0.004784688995215311,0.0,0.0,0.0,0.014354066985645933,0.0,0.0,0.0,0.0,0.0,0.2535885167464115,0.0861244019138756,0.014354066985645933,0.0
0514 DG-PIR Ex IMN_2,0.0,0.0,0.0,0.987012987012987,0.0,0.0,0.0,0.0,0.0,0.0,0.0,0.0,0.0,0.0,0.0,0.0,0.0,0.0,0.0,0.0,0.003246753246753247,0.0,0.00974025974025974,0.0,0.0
0515 DG-PIR Ex IMN_2,0.0,0.0,0.0,0.9956896551724138,0.0,0.0,0.0,0.0,0.0,0.0,0.0,0.0,0.0,0.0,0.0,0.0,0.0,0.0,0.0,0.0,0.0,0.0,0.004310344827586207,0.0,0.0
0516 DG-PIR Ex IMN_3,0.0,0.0,0.22972972972972974,0.0,0.0,0.06756756756756757,0.0,0.0,0.5743243243243243,0.0,0.0,0.02702702702702703,0.0,0.0,0.0,0.0,0.0,0.0,0.0,0.0,0.0,0.04054054054054054,0.060810810810810814,0.0,0.0
0517 DG-PIR Ex IMN_3,0.0,0.0,0.3,0.0,0.0,0.04,0.0,0.0,0.12,0.0,0.0,0.28,0.0,0.0,0.0,0.0,0.0,0.0,0.02,0.0,0.0,0.18,0.04,0.02,0.0
0518 OB Meis2 Thsd7b Gaba_1,0.0,0.0,0.09090909090909091,0.0,0.003952569169960474,0.003952569169960474,0.0,0.0,0.6561264822134387,0.0,0.03557312252964427,0.16600790513833993,0.003952569169960474,0.0,0.0,0.0,0.0,0.0,0.019762845849802372,0.0,0.0,0.011857707509881422,0.007905138339920948,0.0,0.0
0519 OB Meis2 Thsd7b Gaba_1,0.0,0.0,0.0017899761336515514,0.0005966587112171838,0.0,0.0029832935560859188,0.0,0.0,0.668854415274463,0.0,0.004176610978520286,0.022673031026252982,0.0,0.0,0.0,0.0,0.0,0.0,0.2822195704057279,0.0,0.0,0.0017899761336515514,0.0,0.0,0.014916467780429593
0520 OB Meis2 Thsd7b Gaba_1,0.0,0.0,0.0,0.0,0.0,0.006666666666666667,0.0,0.0,0.7155555555555555,0.0,0.0,0.0,0.0,0.0,0.0,0.0,0.0,0.0,0.26222222222222225,0.0,0.0,0.0,0.0,0.0,0.015555555555555555
0521 OB Meis2 Thsd7b Gaba_2,0.0,0.0,0.0,0.0,0.0,0.0,0.0,0.0,0.9508196721311475,0.0,0.0,0.01092896174863388,0.0,0.0,0.0,0.0,0.0,0.0,0.03825136612021858,0.0,0.0,0.0,0.0,0.0,0.0
0522 OB Meis2 Thsd7b Gaba_2,0.0,0.0,0.0,0.0,0.0,0.0,0.0,0.0,0.8706293706293706,0.0,0.0,0.06993006993006994,0.0,0.0,0.0,0.006993006993006993,0.0,0.0,0.045454545454545456,0.0,0.0,0.0034965034965034965,0.0,0.0034965034965034965,0.0
0523 OB Meis2 Thsd7b Gaba_2,0.0,0.0,0.0,0.0,0.0,0.0,0.0,0.0,0.9119496855345912,0.0,0.0,0.006289308176100629,0.0,0.0,0.0,0.0,0.0,0.0,0.08176100628930817,0.0,0.0,0.0,0.0,0.0,0.0
0524 OB Meis2 Thsd7b Gaba_2,0.0,0.0,0.0,0.0,0.0,0.0,0.0,0.0,0.9435215946843853,0.0,0.0033222591362126247,0.0033222591362126247,0.0,0.0,0.0,0.0,0.0,0.0,0.04983388704318937,0.0,0.0,0.0,0.0,0.0,0.0
0525 OB Meis2 Thsd7b Gaba_3,0.0,0.0,0.0,0.0,0.0,0.0,0.0,0.0,0.9921875,0.0,0.0,0.0026041666666666665,0.0,0.0,0.0,0.0,0.0,0.0,0.005208333333333333,0.0,0.0,0.0,0.0,0.0,0.0
0526 OB Meis2 Thsd7b Gaba_4,0.0,0.0,0.0,0.0,0.0,0.004849660523763337,0.0,0.0,0.7216294859359845,0.0,0.0,0.0019398642095053346,0.0,0.0,0.0,0.0,0.0,0.0,0.2541222114451988,0.0,0.0,0.0,0.0,0.0,0.01745877788554801
0527 OB Meis2 Thsd7b Gaba_5,0.0,0.0,0.004962779156327543,0.0,0.0,0.009925558312655087,0.0,0.0,0.8784119106699751,0.0,0.0,0.022332506203473945,0.0,0.0,0.0,0.0024813895781637717,0.0,0.0,0.0794044665012407,0.0,0.0,0.0024813895781637717,0.0,0.0,0.0
0528 OB Meis2 Thsd7b Gaba_5,0.0,0.0,0.21052631578947367,0.0,0.0,0.2631578947368421,0.0,0.0,0.2631578947368421,0.0,0.0,0.15789473684210525,0.0,0.0,0.0,0.0,0.0,0.0,0.05263157894736842,0.0,0.0,0.05263157894736842,0.0,0.0,0.0
0529 OB Trdn Gaba_1,0.0,0.0,0.0,0.0,0.0,0.0,0.0,0.0,0.9937943262411347,0.0,0.0,0.0017730496453900709,0.0,0.0,0.0,0.0,0.0,0.0,0.004432624113475178,0.0,0.0,0.0,0.0,0.0,0.0
0530 OB Trdn Gaba_2,0.0,0.0,0.0,0.0,0.0,0.0,0.0,0.0,0.9990224828934506,0.0,0.0,0.0009775171065493646,0.0,0.0,0.0,0.0,0.0,0.0,0.0,0.0,0.0,0.0,0.0,0.0,0.0
0531 OB Trdn Gaba_2,0.0,0.0,0.0,0.0,0.0,0.0,0.0,0.0,0.9967105263157895,0.0,0.0,0.003289473684210526,0.0,0.0,0.0,0.0,0.0,0.0,0.0,0.0,0.0,0.0,0.0,0.0,0.0
0532 OB-in Frmd7 Gaba_1,0.0,0.0,0.0,0.0,0.0,0.0,0.0,0.0,0.9888059701492538,0.0,0.0,0.0,0.0,0.0,0.0,0.0,0.0,0.0,0.011194029850746268,0.0,0.0,0.0,0.0,0.0,0.0
0533 OB-in Frmd7 Gaba_1,0.0,0.0,0.0,0.0,0.0,0.0,0.0,0.0,0.99560546875,0.0,0.0,0.00048828125,0.0,0.0,0.0,0.0,0.0,0.0,0.00390625,0.0,0.0,0.0,0.0,0.0,0.0
0534 OB-in Frmd7 Gaba_1,0.0,0.0,0.0,0.0,0.0,0.0,0.0,0.0,0.9617563739376771,0.0,0.0,0.0,0.0,0.0,0.0,0.0,0.0,0.0,0.03824362606232295,0.0,0.0,0.0,0.0,0.0,0.0
0535 OB-in Frmd7 Gaba_1,0.0,0.0,0.0,0.0,0.0,0.0,0.0,0.0,0.9906172839506173,0.0,0.0,0.0,0.0,0.0,0.0,0.0,0.0,0.0,0.009382716049382716,0.0,0.0,0.0,0.0,0.0,0.0
0536 OB-in Frmd7 Gaba_1,0.0,0.0,0.0,0.0,0.0,0.0010282776349614395,0.0,0.0,0.9750642673521851,0.0,0.0,0.0,0.0,0.0,0.0,0.0,0.0,0.0,0.021336760925449873,0.0,0.0,0.0002570694087403599,0.0,0.0,0.002313624678663239
0537 OB-in Frmd7 Gaba_1,0.0,0.0,0.0,0.0,0.0,0.0,0.0,0.0,0.9982847341337907,0.0,0.0,0.0,0.0,0.0,0.0,0.0,0.0,0.0,0.0017152658662092624,0.0,0.0,0.0,0.0,0.0,0.0
0538 OB-in Frmd7 Gaba_1,0.0,0.0,0.0,0.0,0.0,0.0,0.0,0.0,1.0,0.0,0.0,0.0,0.0,0.0,0.0,0.0,0.0,0.0,0.0,0.0,0.0,0.0,0.0,0.0,0.0
0539 OB-in Frmd7 Gaba_1,0.0,0.0,0.0,0.0,0.0,0.0,0.0,0.0,0.9908854166666666,0.0,0.0,0.0,0.0,0.0,0.0,0.0,0.0,0.0,0.009114583333333334,0.0,0.0,0.0,0.0,0.0,0.0
0540 OB-in Frmd7 Gaba_1,0.0,0.0,0.0,0.0,0.0,0.0,0.0,0.0,0.9976076555023924,0.0,0.0,0.0,0.0,0.0,0.0,0.0,0.0,0.0,0.0023923444976076554,0.0,0.0,0.0,0.0,0.0,0.0
0541 OB-in Frmd7 Gaba_1,0.0,0.0,0.0,0.0,0.0,0.004021447721179625,0.0,0.0,0.9738605898123325,0.0,0.0,0.0020107238605898124,0.0,0.0,0.0,0.0,0.0006702412868632708,0.0,0.0160857908847185,0.0,0.0,0.0006702412868632708,0.0013404825737265416,0.0,0.0013404825737265416
0542 OB-in Frmd7 Gaba_2,0.0,0.0,0.0,0.0,0.0,0.0,0.0,0.0,0.9976456739258387,0.0,0.0,0.0005885815185403178,0.0,0.0,0.0,0.0,0.0,0.0,0.0005885815185403178,0.0,0.0,0.0011771630370806356,0.0,0.0,0.0
0543 OB-in Frmd7 Gaba_2,0.0,0.0,0.0,0.0,0.0,0.0,0.0,0.0,0.9690291840381179,0.0,0.0005955926146515784,0.02561048243001787,0.0,0.0,0.0,0.0005955926146515784,0.0,0.0,0.0,0.0,0.0,0.0029779630732578916,0.0005955926146515784,0.0,0.0005955926146515784
0544 OB-in Frmd7 Gaba_2,0.0,0.0,0.0,0.0,0.0,0.0,0.0,0.0,0.9919932574799831,0.0,0.0,0.0067425200168563,0.0,0.0,0.0,0.00042140750105351877,0.0,0.0,0.0,0.0,0.0,0.00042140750105351877,0.00042140750105351877,0.0,0.0
0545 OB-in Frmd7 Gaba_2,0.0,0.0,0.0,0.0,0.0,0.0019646365422396855,0.0,0.0,0.9960707269155207,0.0,0.0,0.0019646365422396855,0.0,0.0,0.0,0.0,0.0,0.0,0.0,0.0,0.0,0.0,0.0,0.0,0.0
0546 OB-in Frmd7 Gaba_2,0.0,0.0,0.0,0.0,0.0,0.0,0.0,0.0,0.9987546699875467,0.0,0.0,0.0012453300124533001,0.0,0.0,0.0,0.0,0.0,0.0,0.0,0.0,0.0,0.0,0.0,0.0,0.0
0547 OB-in Frmd7 Gaba_2,0.0,0.0,0.0,0.0,0.0,0.0,0.0,0.0,0.9986238532110092,0.0,0.0,0.0007645259938837921,0.0,0.0,0.0,0.0001529051987767584,0.0,0.0,0.0003058103975535168,0.0,0.0,0.0001529051987767584,0.0,0.0,0.0
0548 OB-in Frmd7 Gaba_2,0.0,0.0,0.0,0.0,0.0,0.0006988120195667365,0.0,0.0,0.9968553459119497,0.0,0.0,0.0006988120195667365,0.0,0.0,0.0,0.0,0.0,0.0,0.00034940600978336826,0.0,0.0,0.0006988120195667365,0.0,0.0006988120195667365,0.0
0549 OB-in Frmd7 Gaba_2,0.0,0.0,0.0075,0.0,0.0,0.0025,0.0,0.0,0.965,0.0,0.0,0.01,0.0,0.0,0.0,0.0,0.0,0.0,0.00125,0.0,0.0,0.0075,0.005,0.00125,0.0
0550 OB-in Frmd7 Gaba_3,0.0,0.0,0.0,0.0,0.0,0.0,0.0,0.0,1.0,0.0,0.0,0.0,0.0,0.0,0.0,0.0,0.0,0.0,0.0,0.0,0.0,0.0,0.0,0.0,0.0
0551 OB-in Frmd7 Gaba_3,0.0,0.0,0.0,0.0,0.0,0.0,0.0,0.0,1.0,0.0,0.0,0.0,0.0,0.0,0.0,0.0,0.0,0.0,0.0,0.0,0.0,0.0,0.0,0.0,0.0
0552 OB-in Frmd7 Gaba_3,0.0,0.0,0.004366812227074236,0.0,0.0,0.008733624454148471,0.0,0.0,0.9606986899563319,0.0,0.0,0.013100436681222707,0.0,0.0,0.0,0.0,0.0,0.0,0.004366812227074236,0.0,0.0,0.008733624454148471,0.0,0.0,0.0
0553 OB-in Frmd7 Gaba_3,0.0,0.0,0.001697792869269949,0.001697792869269949,0.0,0.003395585738539898,0.0,0.0,0.9728353140916808,0.0,0.0,0.0050933786078098476,0.0,0.0,0.0,0.0,0.0,0.0,0.0,0.0,0.0,0.013582342954159592,0.0,0.001697792869269949,0.0
0554 OB-in Frmd7 Gaba_3,0.0,0.0,0.01680672268907563,0.0,0.0,0.025210084033613446,0.0,0.0,0.9159663865546218,0.0,0.0,0.01680672268907563,0.0,0.0,0.0,0.0,0.0,0.0,0.0,0.0,0.0,0.01680672268907563,0.008403361344537815,0.0,0.0
0555 OB-in Frmd7 Gaba_4,0.0,0.0,0.012345679012345678,0.0,0.0,0.012345679012345678,0.0,0.0,0.9629629629629629,0.0,0.0,0.0,0.0,0.0,0.0,0.0,0.0,0.0,0.0,0.0,0.0,0.012345679012345678,0.0,0.0,0.0
0556 OB-in Frmd7 Gaba_4,0.0,0.0,0.0,0.0,0.0,0.0006053268765133172,0.0,0.0,0.9909200968523002,0.0,0.0006053268765133172,0.00423728813559322,0.0,0.0,0.0,0.0,0.0,0.0,0.0006053268765133172,0.0,0.0,0.002421307506053269,0.0,0.0006053268765133172,0.0
0557 OB-in Frmd7 Gaba_4,0.0,0.0,0.0,0.0,0.0,0.0,0.0,0.0,0.996078431372549,0.0,0.0,0.0,0.0,0.0,0.0,0.0,0.0,0.0,0.0,0.0,0.0,0.00392156862745098,0.0,0.0,0.0
0558 OB-in Frmd7 Gaba_4,0.0,0.0,0.0,0.0,0.0,0.0,0.0,0.0,0.9983164983164983,0.0,0.0,0.0,0.0,0.0,0.0,0.0,0.0,0.0,0.0016835016835016834,0.0,0.0,0.0,0.0,0.0,0.0
0559 OB-in Frmd7 Gaba_5,0.0,0.0,0.0,0.0,0.0,0.0,0.0,0.0,0.9770992366412213,0.0,0.0,0.022900763358778626,0.0,0.0,0.0,0.0,0.0,0.0,0.0,0.0,0.0,0.0,0.0,0.0,0.0
0560 OB-in Frmd7 Gaba_5,0.0,0.0,0.0,0.0,0.0,0.007575757575757576,0.0,0.0,0.9090909090909091,0.0,0.0,0.07575757575757576,0.0,0.0,0.0,0.0,0.0,0.0,0.0,0.0,0.0,0.0,0.007575757575757576,0.0,0.0
0561 OB-in Frmd7 Gaba_5,0.0,0.0,0.0,0.0,0.0,0.017543859649122806,0.0,0.0,0.45614035087719296,0.0,0.0,0.47368421052631576,0.0,0.0,0.0,0.017543859649122806,0.0,0.0,0.03508771929824561,0.0,0.0,0.0,0.0,0.0,0.0
0562 OB-in Frmd7 Gaba_5,0.0,0.0,0.0,0.0,0.0,0.00980392156862745,0.0,0.0,0.9852941176470589,0.0,0.0,0.004901960784313725,0.0,0.0,0.0,0.0,0.0,0.0,0.0,0.0,0.0,0.0,0.0,0.0,0.0
0563 OB-in Frmd7 Gaba_5,0.0,0.0,0.0,0.0,0.0,0.023255813953488372,0.0,0.0,0.8837209302325582,0.0,0.0,0.09302325581395349,0.0,0.0,0.0,0.0,0.0,0.0,0.0,0.0,0.0,0.0,0.0,0.0,0.0
0564 OB-in Frmd7 Gaba_5,0.0,0.0,0.0,0.0,0.0,0.0041841004184100415,0.0,0.0,0.9790794979079498,0.0,0.0,0.0,0.0,0.0,0.0,0.0,0.0,0.0,0.016736401673640166,0.0,0.0,0.0,0.0,0.0,0.0
0565 OB-in Frmd7 Gaba_6,0.0,0.0,0.0,0.0,0.0,0.0,0.0,0.0,0.9879518072289156,0.0,0.0,0.006024096385542169,0.0,0.0,0.0,0.0,0.0,0.0,0.006024096385542169,0.0,0.0,0.0,0.0,0.0,0.0
0566 OB-in Frmd7 Gaba_7,0.0,0.0,0.0,0.0,0.0,0.0,0.0,0.0,0.997872340425532,0.0,0.0,0.002127659574468085,0.0,0.0,0.0,0.0,0.0,0.0,0.0,0.0,0.0,0.0,0.0,0.0,0.0
0567 OB-in Frmd7 Gaba_8,0.0,0.0,0.0,0.0,0.0,0.004608294930875576,0.0,0.0,0.9708141321044547,0.0,0.0,0.007680491551459293,0.0,0.0,0.0,0.0030721966205837174,0.0,0.0,0.013824884792626729,0.0,0.0,0.0,0.0,0.0,0.0
0568 OB-out Frmd7 Gaba_1,0.0,0.0,0.0,0.0,0.0,0.010321100917431193,0.0,0.0,0.7006880733944955,0.0,0.0,0.0022935779816513763,0.0,0.0,0.0,0.0,0.0,0.0,0.27293577981651373,0.0,0.0,0.0,0.0,0.0,0.013761467889908258
0569 OB-out Frmd7 Gaba_1,0.0,0.0,0.0004909180166912126,0.0,0.0,0.037800687285223365,0.0004909180166912126,0.0,0.6332842415316642,0.0,0.0,0.016691212567501227,0.0,0.0,0.0,0.0009818360333824251,0.0,0.0,0.27933235149729996,0.0,0.0,0.008345606283750613,0.003436426116838488,0.0019636720667648502,0.01718213058419244
0570 OB-out Frmd7 Gaba_1,0.0,0.0,0.0,0.0,0.0,0.012165450121654502,0.0,0.0,0.7055961070559611,0.0,0.0,0.0024330900243309003,0.0,0.0,0.0,0.0,0.0,0.0,0.27007299270072993,0.0,0.0,0.0,0.0,0.0,0.009732360097323601
0571 OB-out Frmd7 Gaba_1,0.0,0.0,0.0,0.0,0.0,0.011296882060551287,0.0,0.0,0.6113872571170357,0.0,0.0,0.009941256213285133,0.0,0.0,0.0,0.00045187528242205153,0.0,0.0,0.3298689561680976,0.0,0.0,0.0036150022593764122,0.0036150022593764122,0.0018075011296882061,0.028016267510167194
0572 OB-out Frmd7 Gaba_1,0.0,0.0,0.0,0.0,0.0,0.007038712921065862,0.0,0.0,0.624937154348919,0.0,0.0,0.0015082956259426848,0.0,0.0,0.0,0.0,0.0,0.0,0.3479135243841126,0.0,0.0,0.0,0.0,0.0,0.01860231271995978
0573 OB-out Frmd7 Gaba_1,0.0,0.0,0.0,0.0,0.0,0.030035335689045935,0.0,0.0,0.6024734982332155,0.0,0.0,0.04946996466431095,0.0,0.0,0.0,0.00530035335689046,0.0017667844522968198,0.0,0.26325088339222613,0.0,0.0,0.015901060070671377,0.014134275618374558,0.0035335689045936395,0.014134275618374558
0574 OB-out Frmd7 Gaba_1,0.0,0.0,0.0,0.0,0.0,0.009503695881731784,0.0,0.0,0.6599788806758183,0.0,0.0,0.01583949313621964,0.0,0.0,0.0,0.0,0.0,0.0,0.2914466737064414,0.0,0.0,0.0031678986272439284,0.0021119324181626186,0.0,0.01795142555438226
0575 OB-out Frmd7 Gaba_2,0.0,0.0,0.0,0.0,0.0,0.009900990099009901,0.0,0.0,0.6554455445544555,0.0,0.0,0.0039603960396039604,0.0,0.0,0.0,0.0039603960396039604,0.0,0.0,0.3108910891089109,0.0,0.0,0.0,0.0,0.0,0.015841584158415842
0576 OB-out Frmd7 Gaba_2,0.0,0.0,0.0,0.0,0.0,0.009302325581395349,0.0,0.0,0.5906976744186047,0.0,0.0,0.0,0.0,0.0,0.0,0.0,0.0,0.0,0.3813953488372093,0.0,0.0,0.0,0.0,0.0,0.018604651162790697
0577 OB-out Frmd7 Gaba_2,0.0,0.0,0.0,0.0,0.0,0.019801980198019802,0.0,0.0,0.6039603960396039,0.0,0.0,0.0,0.0,0.0,0.0,0.0,0.0,0.0,0.3696369636963696,0.0,0.0,0.0,0.0,0.0,0.006600660066006601
0578 OB-out Frmd7 Gaba_3,0.0,0.0,0.0012033694344163659,0.0,0.0,0.026474127557160047,0.0,0.0,0.7075812274368231,0.0,0.0,0.0421179302045728,0.0,0.0,0.0,0.007220216606498195,0.0,0.0,0.1444043321299639,0.0,0.0,0.02888086642599278,0.021660649819494584,0.006016847172081829,0.01444043321299639
0579 OB-mi Frmd7 Gaba_1,0.0,0.0,0.0,0.0,0.0,0.00505902192242833,0.0,0.0,0.8381112984822934,0.0,0.0,0.0016863406408094434,0.0,0.0,0.0,0.0,0.0,0.0,0.15008431703204048,0.0,0.0,0.0,0.0,0.0,0.00505902192242833
0580 OB-mi Frmd7 Gaba_1,0.0,0.0,0.0,0.0,0.0,0.02823529411764706,0.0,0.0,0.9011764705882352,0.0,0.004705882352941176,0.007058823529411765,0.0,0.0,0.0,0.0,0.0,0.0,0.05411764705882353,0.0,0.0,0.0,0.0,0.0,0.004705882352941176
0581 OB-mi Frmd7 Gaba_1,0.0,0.0,0.0,0.0,0.0,0.0,0.0,0.0,0.9263157894736842,0.0,0.0035087719298245615,0.007017543859649123,0.0,0.0,0.0,0.0,0.0,0.0,0.06315789473684211,0.0,0.0,0.0,0.0,0.0,0.0
0582 OB Dopa-Gaba_1,0.0,0.0,0.0,0.0,0.0,0.011560693641618497,0.0,0.0,0.6427745664739885,0.0,0.0,0.0011560693641618498,0.0,0.0,0.0,0.0,0.0,0.0,0.3236994219653179,0.0,0.0,0.0,0.0,0.0,0.020809248554913295
0583 OB Dopa-Gaba_1,0.0,0.0,0.0,0.0,0.0,0.018726591760299626,0.0,0.0,0.6666666666666666,0.0,0.0,0.018726591760299626,0.0,0.0,0.0,0.0,0.0,0.0,0.24344569288389514,0.0,0.0,0.011235955056179775,0.02247191011235955,0.00749063670411985,0.011235955056179775
0584 OB Dopa-Gaba_1,0.0,0.0,0.0,0.0,0.0,0.006958250497017893,0.0,0.0,0.647117296222664,0.0,0.0,0.0,0.0,0.0,0.0,0.0,0.0,0.0,0.3260437375745527,0.0,0.0,0.0,0.0,0.0009940357852882703,0.018886679920477135
0585 OB Dopa-Gaba_1,0.0,0.0,0.0,0.0,0.0,0.0297029702970297,0.0,0.0,0.8415841584158416,0.0,0.0,0.0297029702970297,0.0,0.0,0.0,0.0,0.0,0.0,0.09900990099009901,0.0,0.0,0.0,0.0,0.0,0.0
0586 OB Dopa-Gaba_1,0.0,0.0,0.0,0.0,0.0,0.007751937984496124,0.0,0.0,0.6425495262704565,0.0,0.0,0.0008613264427217916,0.0,0.0,0.0,0.0,0.0,0.0,0.330749354005168,0.0,0.0,0.0,0.0,0.0,0.01808785529715762
0587 OB Dopa-Gaba_1,0.0,0.0,0.0,0.0,0.0,0.028391167192429023,0.0,0.0,0.6782334384858044,0.0,0.0,0.031545741324921134,0.0,0.0,0.0,0.0,0.0,0.0,0.24605678233438485,0.0,0.0,0.006309148264984227,0.0,0.0,0.00946372239747634
0588 OB Dopa-Gaba_1,0.0,0.0,0.0,0.0,0.0,0.03070175438596491,0.0,0.0,0.7324561403508771,0.0,0.0043859649122807015,0.0,0.0,0.0,0.0,0.0,0.0,0.0,0.21052631578947367,0.0,0.0,0.0,0.0,0.0,0.021929824561403508
0589 OB Dopa-Gaba_1,0.0,0.0,0.0,0.0030581039755351682,0.0,0.016819571865443424,0.0,0.0,0.6039755351681957,0.0,0.0,0.016819571865443424,0.0,0.0,0.0,0.0,0.0,0.0,0.3318042813455658,0.0,0.0,0.0030581039755351682,0.0045871559633027525,0.0,0.019877675840978593
0590 OB Dopa-Gaba_2,0.0,0.0,0.05813953488372093,0.011627906976744186,0.0,0.09302325581395349,0.0,0.0,0.5232558139534884,0.0,0.011627906976744186,0.19767441860465115,0.0,0.0,0.0,0.0,0.0,0.0,0.03488372093023256,0.0,0.0,0.03488372093023256,0.011627906976744186,0.011627906976744186,0.011627906976744186
0591 OB Dopa-Gaba_3,0.0,0.0,0.0,0.0,0.0,0.012048192771084338,0.0,0.0,0.7228915662650602,0.0,0.0,0.024096385542168676,0.0,0.0,0.0,0.0,0.0,0.0,0.24096385542168675,0.0,0.0,0.0,0.0,0.0,0.0
0592 OB Dopa-Gaba_4,0.0,0.0,0.0022123893805309734,0.0,0.0,0.015486725663716814,0.0,0.0,0.7477876106194691,0.0,0.0,0.008849557522123894,0.0,0.0,0.0,0.0,0.0,0.0,0.21460176991150443,0.0,0.0,0.004424778761061947,0.0,0.004424778761061947,0.0022123893805309734
0593 OB-STR-CTX Inh IMN_1,0.0,0.0,0.015384615384615385,0.09230769230769231,0.0,0.0,0.0,0.0,0.16923076923076924,0.0,0.0,0.07692307692307693,0.0,0.0,0.0,0.2,0.0,0.0,0.0,0.0,0.015384615384615385,0.3230769230769231,0.1076923076923077,0.0,0.0
0594 OB-STR-CTX Inh IMN_1,0.0,0.0,0.007722007722007722,0.047619047619047616,0.0,0.001287001287001287,0.0,0.0,0.11583011583011583,0.0,0.0,0.06435006435006435,0.0,0.0,0.0,0.24195624195624196,0.001287001287001287,0.0,0.0,0.0,0.001287001287001287,0.46589446589446587,0.04504504504504504,0.007722007722007722,0.0
0595 OB-STR-CTX Inh IMN_1,0.0,0.0,0.12280701754385964,0.12280701754385964,0.0,0.014619883040935672,0.0,0.0,0.017543859649122806,0.0,0.0,0.043859649122807015,0.0,0.0,0.0,0.09941520467836257,0.0029239766081871343,0.0,0.0,0.0,0.0029239766081871343,0.4678362573099415,0.08187134502923976,0.023391812865497075,0.0
0596 OB-STR-CTX Inh IMN_1,0.0,0.0,0.0,0.15441176470588236,0.0,0.0,0.0,0.0,0.0661764705882353,0.0,0.0,0.08088235294117647,0.0,0.0,0.0,0.09558823529411764,0.0,0.0,0.007352941176470588,0.0,0.0,0.4485294117647059,0.09558823529411764,0.051470588235294115,0.0
0597 OB-STR-CTX Inh IMN_1,0.0,0.0,0.0012738853503184713,0.011464968152866241,0.0,0.0,0.0,0.0,0.11719745222929936,0.0,0.0,0.12993630573248408,0.0,0.0,0.0,0.3414012738853503,0.003821656050955414,0.0,0.0012738853503184713,0.0,0.0012738853503184713,0.34777070063694265,0.035668789808917196,0.008917197452229299,0.0
0598 OB-STR-CTX Inh IMN_1,0.0,0.0,0.01331967213114754,0.0584016393442623,0.0,0.0020491803278688526,0.0,0.0,0.12192622950819672,0.0,0.0,0.07991803278688525,0.0,0.0,0.0,0.21721311475409835,0.0,0.0,0.0030737704918032786,0.0,0.0010245901639344263,0.4405737704918033,0.045081967213114756,0.017418032786885244,0.0
0599 OB-STR-CTX Inh IMN_1,0.0,0.0,0.007556675062972292,0.020151133501259445,0.0,0.0,0.0,0.0,0.18639798488664988,0.0,0.0,0.09571788413098237,0.0,0.0,0.0,0.2871536523929471,0.0025188916876574307,0.0,0.0,0.0,0.0025188916876574307,0.36272040302267,0.027707808564231738,0.007556675062972292,0.0
0600 OB-STR-CTX Inh IMN_1,0.0,0.0,0.0007199424046076314,0.007919366450683946,0.0,0.0,0.0,0.0,0.1468682505399568,0.0,0.0,0.09791216702663787,0.0,0.0,0.0,0.3174946004319654,0.0014398848092152627,0.0,0.0028797696184305254,0.0,0.0,0.39812814974802013,0.01511879049676026,0.011519078473722102,0.0
0601 OB-STR-CTX Inh IMN_2,0.0,0.0,0.0,0.0,0.0,0.0,0.0,0.0,0.7888888888888889,0.0,0.0,0.16666666666666666,0.0,0.0,0.0,0.03333333333333333,0.0,0.0,0.0,0.0,0.0,0.011111111111111112,0.0,0.0,0.0
0602 OB-STR-CTX Inh IMN_2,0.0,0.0,0.0,0.0,0.0,0.0,0.0,0.0,1.0,0.0,0.0,0.0,0.0,0.0,0.0,0.0,0.0,0.0,0.0,0.0,0.0,0.0,0.0,0.0,0.0
0603 OB-STR-CTX Inh IMN_2,0.0,0.0,0.0,0.0,0.0,0.0,0.0,0.0,0.9084507042253521,0.0,0.0,0.04225352112676056,0.0,0.0,0.0,0.04929577464788732,0.0,0.0,0.0,0.0,0.0,0.0,0.0,0.0,0.0
0604 OB-STR-CTX Inh IMN_2,0.0,0.0,0.0,0.0,0.0,0.0,0.0,0.0,0.7872340425531915,0.0,0.0,0.14893617021276595,0.0,0.0,0.0,0.06382978723404255,0.0,0.0,0.0,0.0,0.0,0.0,0.0,0.0,0.0
0605 OB-STR-CTX Inh IMN_2,0.0,0.0,0.0,0.0,0.0,0.0,0.0,0.0,0.9040247678018576,0.0,0.0,0.05572755417956656,0.0,0.0,0.0,0.034055727554179564,0.0,0.0,0.0030959752321981426,0.0,0.0,0.0030959752321981426,0.0,0.0,0.0
0606 OB-STR-CTX Inh IMN_2,0.0,0.0,0.0,0.0,0.0,0.0,0.0,0.0,0.9285714285714286,0.0,0.0,0.07142857142857142,0.0,0.0,0.0,0.0,0.0,0.0,0.0,0.0,0.0,0.0,0.0,0.0,0.0
0607 OB-STR-CTX Inh IMN_2,0.0,0.0,0.0,0.0,0.0,0.0,0.0,0.0,1.0,0.0,0.0,0.0,0.0,0.0,0.0,0.0,0.0,0.0,0.0,0.0,0.0,0.0,0.0,0.0,0.0
0608 OB-STR-CTX Inh IMN_3,0.0,0.0,0.0,0.0070921985815602835,0.0,0.0,0.0,0.0,0.41134751773049644,0.0,0.0,0.0070921985815602835,0.0,0.0,0.0,0.1347517730496454,0.0,0.0,0.0,0.0,0.0,0.40425531914893614,0.0070921985815602835,0.028368794326241134,0.0
0609 OB-STR-CTX Inh IMN_3,0.0,0.0,0.0,0.00935278713056491,0.0,0.0,0.0,0.0,0.18069584736251404,0.0,0.0,0.05312383090160868,0.0,0.0,0.0,0.23943135054246165,0.0003741114852225963,0.0,0.0014964459408903852,0.0,0.0,0.4683875794986906,0.029928918817807706,0.017209128320239433,0.0
0610 OB-STR-CTX Inh IMN_3,0.0,0.0,0.0,0.015873015873015872,0.0,0.015873015873015872,0.0,0.0,0.031746031746031744,0.0,0.0,0.14285714285714285,0.0,0.0,0.0,0.5238095238095238,0.0,0.0,0.0,0.0,0.007936507936507936,0.1746031746031746,0.07142857142857142,0.015873015873015872,0.0
0611 OB-STR-CTX Inh IMN_4,0.0,0.0,0.0,0.0,0.0,0.0,0.0,0.0,0.9375,0.0,0.0,0.0,0.0,0.0,0.0,0.0,0.0,0.0,0.0625,0.0,0.0,0.0,0.0,0.0,0.0
0612 OB-STR-CTX Inh IMN_4,0.0,0.0,0.0,0.0010145417653026716,0.0,0.0,0.0,0.0,0.5380453161988502,0.0,0.0,0.09029421711193777,0.0,0.0,0.0,0.2252282718971931,0.0,0.0,0.0010145417653026716,0.0,0.0,0.13087588772404463,0.006763611768684477,0.006763611768684477,0.0
0613 OB-STR-CTX Inh IMN_4,0.0,0.0,0.0,0.0,0.0,0.0,0.0,0.0,0.8767123287671232,0.0,0.0,0.0,0.0,0.0,0.0,0.0,0.0,0.0,0.1095890410958904,0.0,0.0,0.0136986301369863,0.0,0.0,0.0
0614 OB-STR-CTX Inh IMN_4,0.0,0.0,0.0,0.0,0.0,0.0,0.0,0.0,0.9917355371900827,0.0,0.0,0.0,0.0,0.0,0.0,0.0,0.0,0.0,0.008264462809917356,0.0,0.0,0.0,0.0,0.0,0.0
0615 OB-STR-CTX Inh IMN_4,0.0,0.0,0.0,0.0,0.0,0.007518796992481203,0.0,0.0,0.8270676691729323,0.0,0.0,0.06015037593984962,0.0,0.0,0.0,0.06015037593984962,0.0,0.0,0.007518796992481203,0.0,0.0,0.03007518796992481,0.007518796992481203,0.0,0.0
0616 OB-STR-CTX Inh IMN_5,0.0,0.0,0.0,0.0,0.0,0.0,0.0,0.0,0.15789473684210525,0.0,0.0,0.5964912280701754,0.0,0.0,0.0,0.22807017543859648,0.0,0.0,0.0,0.0,0.0,0.0,0.017543859649122806,0.0,0.0
0617 OB-STR-CTX Inh IMN_5,0.0,0.0,0.0,0.0,0.0,0.0,0.0,0.0,0.7317073170731707,0.0,0.0,0.0975609756097561,0.0,0.0,0.0,0.0,0.0,0.0,0.14634146341463414,0.0,0.0,0.0,0.0,0.0,0.024390243902439025
0618 OB-STR-CTX Inh IMN_5,0.0,0.0,0.0,0.0,0.0,0.0,0.0,0.0,0.2967032967032967,0.0,0.0,0.4065934065934066,0.0,0.0,0.0,0.2967032967032967,0.0,0.0,0.0,0.0,0.0,0.0,0.0,0.0,0.0
0619 OB-STR-CTX Inh IMN_5,0.0,0.0,0.0,0.0,0.0,0.0,0.0,0.0,0.7777777777777778,0.0,0.0,0.1111111111111111,0.0,0.0,0.0,0.022222222222222223,0.0,0.0,0.08888888888888889,0.0,0.0,0.0,0.0,0.0,0.0
0620 OB-STR-CTX Inh IMN_5,0.0,0.0,0.0,0.0,0.0,0.0,0.0,0.0,0.5373493975903615,0.0,0.0,0.2289156626506024,0.0,0.0,0.0,0.19759036144578312,0.0,0.0,0.007228915662650603,0.0,0.0,0.01927710843373494,0.00963855421686747,0.0,0.0
0621 OB-STR-CTX Inh IMN_6,0.0,0.0,0.0,0.0,0.0,0.0,0.0,0.0,0.0,0.0,0.0,0.2,0.0,0.0,0.0,0.6,0.0,0.0,0.2,0.0,0.0,0.0,0.0,0.0,0.0
0622 OB-STR-CTX Inh IMN_7,0.0,0.0,0.17117117117117117,0.05405405405405406,0.0,0.0,0.0,0.0,0.0,0.0,0.0,0.018018018018018018,0.0,0.0,0.0,0.12612612612612611,0.02702702702702703,0.0,0.0,0.0,0.018018018018018018,0.4144144144144144,0.13513513513513514,0.036036036036036036,0.0
0623 Vip Gaba_1,0.0,0.0,0.024213075060532687,0.14769975786924938,0.0,0.7481840193704601,0.0,0.0,0.03389830508474576,0.0,0.002421307506053269,0.004842615012106538,0.0,0.0,0.0,0.0,0.0,0.0,0.002421307506053269,0.0,0.0,0.012106537530266344,0.009685230024213076,0.007263922518159807,0.007263922518159807
0624 Vip Gaba_1,0.0,0.0,0.0,0.05200945626477541,0.0,0.9066193853427896,0.001182033096926714,0.0,0.01773049645390071,0.0,0.0,0.002364066193853428,0.0,0.0,0.0,0.0,0.001182033096926714,0.0,0.0,0.0,0.0,0.009456264775413711,0.004728132387706856,0.004728132387706856,0.0
0625 Vip Gaba_1,0.0,0.0,0.2597402597402597,0.19109461966604824,0.0018552875695732839,0.2782931354359926,0.0,0.0,0.13543599257884972,0.0,0.0074211502782931356,0.07421150278293136,0.0,0.0,0.0,0.0055658627087198514,0.0018552875695732839,0.0,0.0,0.0,0.0,0.016697588126159554,0.027829313543599257,0.0,0.0
0626 Vip Gaba_1,0.0,0.0,0.10256410256410256,0.1452991452991453,0.0,0.4017094017094017,0.0,0.0,0.2222222222222222,0.0,0.0,0.07692307692307693,0.0,0.0,0.0,0.0,0.0,0.0,0.008547008547008548,0.0,0.0,0.017094017094017096,0.008547008547008548,0.0,0.017094017094017096
0627 Vip Gaba_2,0.0,0.0,0.001976284584980237,0.08300395256916997,0.0,0.8458498023715415,0.0,0.0,0.03359683794466403,0.0,0.0,0.0,0.0,0.0,0.0,0.0,0.0,0.0,0.001976284584980237,0.0,0.0,0.015810276679841896,0.009881422924901186,0.005928853754940711,0.001976284584980237
0628 Vip Gaba_2,0.0,0.0,0.13722397476340695,0.361198738170347,0.0,0.21451104100946372,0.0,0.0,0.21451104100946372,0.0,0.007886435331230283,0.04574132492113565,0.0,0.0,0.0,0.0,0.0015772870662460567,0.0,0.0,0.0,0.0,0.00946372239747634,0.006309148264984227,0.0,0.0015772870662460567
0629 Vip Gaba_2,0.0,0.0,0.0031746031746031746,0.11746031746031746,0.0,0.8063492063492064,0.0,0.0,0.031746031746031744,0.0,0.0,0.006349206349206349,0.0,0.0,0.0,0.0,0.0031746031746031746,0.0,0.0,0.0,0.0,0.006349206349206349,0.012698412698412698,0.009523809523809525,0.0031746031746031746
0630 Vip Gaba_2,0.0,0.0,0.1969111969111969,0.5135135135135135,0.0,0.11969111969111969,0.0,0.0,0.12355212355212356,0.0,0.0,0.03861003861003861,0.0,0.0,0.0,0.0,0.003861003861003861,0.0,0.0,0.0,0.0,0.0,0.003861003861003861,0.0,0.0
0631 Vip Gaba_2,0.0,0.0,0.05660377358490566,0.20440251572327045,0.0031446540880503146,0.5314465408805031,0.0,0.0,0.14779874213836477,0.0,0.009433962264150943,0.012578616352201259,0.0,0.0,0.0,0.0,0.006289308176100629,0.0,0.0,0.0,0.0,0.012578616352201259,0.006289308176100629,0.006289308176100629,0.0031446540880503146
0632 Vip Gaba_3,0.0,0.0,0.003968253968253968,0.023809523809523808,0.0,0.9484126984126984,0.0,0.0,0.011904761904761904,0.0,0.0,0.007936507936507936,0.0,0.0,0.0,0.0,0.0,0.0,0.0,0.0,0.0,0.0,0.0,0.003968253968253968,0.0
0633 Vip Gaba_3,0.0,0.0,0.06529209621993128,0.18041237113402062,0.0,0.5292096219931272,0.0,0.0,0.18900343642611683,0.0,0.005154639175257732,0.018900343642611683,0.0,0.0,0.0,0.0,0.0,0.0,0.0,0.0,0.001718213058419244,0.006872852233676976,0.003436426116838488,0.0,0.0
0634 Vip Gaba_3,0.0,0.0,0.1726315789473684,0.21052631578947367,0.0,0.25263157894736843,0.0,0.0,0.28210526315789475,0.0,0.004210526315789474,0.061052631578947365,0.002105263157894737,0.0,0.0,0.0,0.0,0.0,0.002105263157894737,0.0,0.0,0.004210526315789474,0.008421052631578947,0.0,0.0
0635 Vip Gaba_3,0.0,0.0,0.1638655462184874,0.12184873949579832,0.0,0.18907563025210083,0.0,0.0,0.47058823529411764,0.0,0.0,0.046218487394957986,0.0,0.0,0.0,0.0,0.0,0.0,0.004201680672268907,0.0,0.0,0.004201680672268907,0.0,0.0,0.0
0636 Vip Gaba_4,0.0,0.0,0.31203007518796994,0.19548872180451127,0.0,0.20676691729323307,0.0,0.0,0.20300751879699247,0.0,0.007518796992481203,0.03759398496240601,0.0,0.0,0.0,0.0037593984962406013,0.0,0.0,0.007518796992481203,0.0,0.0,0.015037593984962405,0.011278195488721804,0.0,0.0
0637 Vip Gaba_4,0.0,0.0,0.19545454545454546,0.36363636363636365,0.00909090909090909,0.17727272727272728,0.0,0.0,0.11363636363636363,0.0,0.031818181818181815,0.045454545454545456,0.0,0.0,0.0,0.0,0.004545454545454545,0.0,0.004545454545454545,0.0,0.0,0.045454545454545456,0.004545454545454545,0.004545454545454545,0.0
0638 Vip Gaba_4,0.0,0.0,0.01904761904761905,0.17142857142857143,0.004761904761904762,0.6904761904761905,0.0,0.0,0.06190476190476191,0.0,0.0,0.004761904761904762,0.0,0.0,0.0,0.0,0.0,0.0,0.004761904761904762,0.0,0.0,0.0380952380952381,0.004761904761904762,0.0,0.0
0639 Vip Gaba_4,0.0,0.0,0.006514657980456026,0.06514657980456026,0.0,0.8680781758957655,0.0,0.0,0.03420195439739414,0.0,0.0016286644951140066,0.008143322475570033,0.0,0.0,0.0,0.0,0.0,0.0,0.003257328990228013,0.0,0.0,0.006514657980456026,0.0016286644951140066,0.004885993485342019,0.0
0640 Vip Gaba_5,0.0,0.0,0.03206997084548105,0.18221574344023322,0.0,0.6005830903790087,0.0,0.0,0.15743440233236153,0.0,0.007288629737609329,0.01020408163265306,0.0,0.0,0.0,0.0,0.0014577259475218659,0.0,0.0,0.0,0.0,0.007288629737609329,0.0,0.0,0.0014577259475218659
0641 Vip Gaba_5,0.0,0.0,0.011574074074074073,0.06712962962962964,0.0,0.875,0.0,0.0,0.032407407407407406,0.0,0.0,0.0023148148148148147,0.0,0.0,0.0,0.0,0.0,0.0,0.0,0.0,0.0,0.006944444444444444,0.0023148148148148147,0.0023148148148148147,0.0
0642 Vip Gaba_5,0.0,0.0,0.007982583454281567,0.12336719883889695,0.0,0.7960812772133526,0.0,0.0,0.04281567489114659,0.0,0.001451378809869376,0.008708272859216255,0.0,0.0,0.0,0.0,0.000725689404934688,0.0,0.001451378809869376,0.0,0.000725689404934688,0.012336719883889695,0.002902757619738752,0.001451378809869376,0.0
0643 Vip Gaba_5,0.0,0.0,0.0,0.08818342151675485,0.0,0.8800705467372134,0.0,0.0,0.021164021164021163,0.0,0.0,0.001763668430335097,0.0,0.0,0.0,0.0,0.0,0.0,0.001763668430335097,0.0,0.0,0.007054673721340388,0.0,0.0,0.0
0644 Vip Gaba_5,0.0,0.0,0.018018018018018018,0.581081081081081,0.0,0.2882882882882883,0.0,0.0,0.02702702702702703,0.0,0.0045045045045045045,0.009009009009009009,0.0,0.0,0.0,0.0045045045045045045,0.009009009009009009,0.0,0.0,0.0,0.0,0.04054054054054054,0.018018018018018018,0.0,0.0
0645 Vip Gaba_6,0.0,0.0,0.005373134328358209,0.06507462686567164,0.0,0.8567164179104477,0.0,0.0,0.06507462686567164,0.0,0.0,0.0023880597014925373,0.0,0.0,0.0,0.0,0.0,0.0,0.0,0.0,0.0005970149253731343,0.0023880597014925373,0.001791044776119403,0.0,0.0005970149253731343
0646 Vip Gaba_6,0.0,0.0,0.005208333333333333,0.14583333333333334,0.0,0.7890625,0.0,0.0,0.049479166666666664,0.0,0.0026041666666666665,0.0,0.0,0.0,0.0,0.0,0.0,0.0,0.0,0.0,0.0,0.0026041666666666665,0.0026041666666666665,0.0,0.0026041666666666665
0647 Vip Gaba_6,0.0,0.0,0.0,0.15789473684210525,0.0,0.7368421052631579,0.0,0.0,0.10526315789473684,0.0,0.0,0.0,0.0,0.0,0.0,0.0,0.0,0.0,0.0,0.0,0.0,0.0,0.0,0.0,0.0
0648 Vip Gaba_6,0.0,0.0,0.006954102920723227,0.09735744089012517,0.0,0.8011126564673157,0.0,0.0,0.08066759388038942,0.0,0.0027816411682892906,0.005563282336578581,0.0,0.0,0.0,0.0,0.0,0.0,0.0,0.0,0.0,0.0027816411682892906,0.0,0.0013908205841446453,0.0013908205841446453
0649 Vip Gaba_7,0.0,0.0,0.1346153846153846,0.75,0.0,0.0,0.0,0.0,0.07692307692307693,0.0,0.0,0.019230769230769232,0.0,0.0,0.0,0.0,0.019230769230769232,0.0,0.0,0.0,0.0,0.0,0.0,0.0,0.0
0650 Vip Gaba_7,0.0,0.0,0.029411764705882353,0.9411764705882353,0.00980392156862745,0.0,0.0,0.0,0.0,0.0,0.00980392156862745,0.0,0.0,0.0,0.0,0.0,0.0,0.0,0.0,0.0,0.0,0.00980392156862745,0.0,0.0,0.0
0651 Vip Gaba_7,0.0,0.0,0.06557377049180328,0.8524590163934426,0.0,0.0,0.0,0.0,0.0,0.0,0.0,0.03278688524590164,0.0,0.0,0.0,0.01639344262295082,0.0,0.0,0.0,0.0,0.0,0.01639344262295082,0.01639344262295082,0.0,0.0
0652 Vip Gaba_8,0.0,0.0,0.0,0.05741626794258373,0.0,0.8086124401913876,0.0,0.0,0.07655502392344497,0.0,0.0,0.0,0.0,0.0,0.0,0.0,0.0,0.0,0.0,0.0,0.0,0.028708133971291867,0.019138755980861243,0.009569377990430622,0.0
0653 Vip Gaba_8,0.0,0.0,0.08333333333333333,0.6805555555555556,0.0,0.06944444444444445,0.0,0.0,0.06944444444444445,0.0,0.0,0.013888888888888888,0.0,0.0,0.0,0.0,0.013888888888888888,0.0,0.0,0.0,0.0,0.041666666666666664,0.027777777777777776,0.0,0.0
0654 Vip Gaba_9,0.0,0.0,0.029411764705882353,0.8725490196078431,0.0,0.0392156862745098,0.0,0.0,0.0196078431372549,0.0,0.0,0.029411764705882353,0.0,0.0,0.0,0.0,0.0,0.0,0.0,0.0,0.0,0.00980392156862745,0.0,0.0,0.0
0655 Vip Gaba_9,0.0,0.0,0.031914893617021274,0.776595744680851,0.0,0.0851063829787234,0.0,0.0,0.02127659574468085,0.0,0.010638297872340425,0.0,0.0,0.0,0.0,0.010638297872340425,0.0,0.0,0.0,0.0,0.0,0.02127659574468085,0.0425531914893617,0.0,0.0
0656 Vip Gaba_9,0.0,0.0,0.25688073394495414,0.27522935779816515,0.009174311926605505,0.14678899082568808,0.0,0.0,0.14678899082568808,0.0,0.01834862385321101,0.09174311926605505,0.0,0.0,0.0,0.0,0.0,0.0,0.0,0.0,0.01834862385321101,0.01834862385321101,0.01834862385321101,0.0,0.0
0657 Vip Gaba_9,0.0,0.0,0.3668639053254438,0.2603550295857988,0.005917159763313609,0.11834319526627218,0.0,0.0,0.17159763313609466,0.0,0.0,0.07100591715976332,0.0,0.0,0.0,0.0,0.0,0.0,0.0,0.0,0.0,0.0,0.005917159763313609,0.0,0.0
0658 Vip Gaba_10,0.0,0.0,0.24324324324324326,0.0,0.0,0.0,0.0,0.0,0.24324324324324326,0.0,0.02702702702702703,0.4594594594594595,0.0,0.0,0.0,0.0,0.0,0.0,0.0,0.0,0.02702702702702703,0.0,0.0,0.0,0.0
0659 Vip Gaba_10,0.0,0.0,0.2,0.65,0.0,0.0,0.0,0.0,0.05,0.0,0.0,0.03333333333333333,0.0,0.0,0.0,0.016666666666666666,0.03333333333333333,0.0,0.0,0.0,0.0,0.016666666666666666,0.0,0.0,0.0
0660 Vip Gaba_11,0.0,0.0,0.0,0.07975460122699386,0.0,0.8711656441717791,0.0,0.0,0.03680981595092025,0.0,0.006134969325153374,0.0,0.0,0.0,0.0,0.0,0.0,0.0,0.0,0.0,0.0,0.0,0.0,0.0,0.006134969325153374
0661 Vip Gaba_11,0.0,0.0,0.004592422502870264,0.03788748564867968,0.0,0.8955223880597015,0.0,0.0,0.040183696900114814,0.0,0.0,0.006888633754305396,0.0,0.0,0.0,0.0,0.0,0.0,0.001148105625717566,0.0,0.0,0.010332950631458095,0.0,0.001148105625717566,0.002296211251435132
0662 Vip Gaba_12,0.0,0.0,0.00436046511627907,0.023255813953488372,0.0,0.9171511627906976,0.0,0.0,0.036337209302325583,0.0,0.0014534883720930232,0.005813953488372093,0.0,0.0,0.0,0.0,0.0,0.0,0.0014534883720930232,0.0,0.0,0.00436046511627907,0.0,0.00436046511627907,0.0014534883720930232
0663 Vip Gaba_12,0.0,0.0,0.0,0.02714440825190011,0.0,0.9066232356134636,0.0,0.0,0.053203040173724216,0.0,0.0,0.006514657980456026,0.0,0.0,0.0,0.0,0.0,0.0,0.0,0.0,0.0,0.002171552660152009,0.002171552660152009,0.002171552660152009,0.0
0664 Sncg Gaba_1,0.0,0.0,0.21875,0.25,0.0,0.375,0.0,0.0,0.09375,0.0,0.0,0.0,0.0,0.0,0.0,0.0,0.0,0.0,0.0,0.0,0.0,0.0,0.0625,0.0,0.0
0665 Sncg Gaba_1,0.0,0.0,0.0989010989010989,0.4725274725274725,0.0,0.25274725274725274,0.0,0.0,0.14652014652014653,0.0,0.003663003663003663,0.014652014652014652,0.0,0.0,0.0,0.0,0.0,0.0,0.003663003663003663,0.0,0.0,0.0,0.007326007326007326,0.0,0.0
0666 Sncg Gaba_1,0.0,0.0,0.2289156626506024,0.3102409638554217,0.0,0.18072289156626506,0.0,0.0,0.21987951807228914,0.0,0.0030120481927710845,0.03614457831325301,0.0,0.0,0.0,0.0,0.0,0.0,0.006024096385542169,0.0,0.0,0.006024096385542169,0.009036144578313253,0.0,0.0
0667 Sncg Gaba_1,0.0,0.0,0.014705882352941176,0.1213235294117647,0.0,0.7794117647058824,0.0,0.0,0.058823529411764705,0.0,0.0,0.0,0.0,0.0,0.0,0.0,0.0,0.0,0.003676470588235294,0.0,0.0,0.011029411764705883,0.003676470588235294,0.003676470588235294,0.003676470588235294
0668 Sncg Gaba_1,0.0,0.0,0.15311004784688995,0.22488038277511962,0.004784688995215311,0.05741626794258373,0.0,0.0,0.4258373205741627,0.0,0.019138755980861243,0.10047846889952153,0.0,0.0,0.0,0.0,0.0,0.0,0.009569377990430622,0.0,0.0,0.004784688995215311,0.0,0.0,0.0
0669 Sncg Gaba_2,0.0,0.0,0.02247191011235955,0.028089887640449437,0.0,0.8426966292134831,0.0,0.0,0.07865168539325842,0.0,0.0,0.0056179775280898875,0.0,0.0,0.0,0.0,0.0,0.0,0.0,0.0,0.0,0.0056179775280898875,0.011235955056179775,0.0056179775280898875,0.0
0670 Sncg Gaba_2,0.0,0.0,0.015873015873015872,0.09523809523809523,0.0,0.6468253968253969,0.0,0.0,0.1746031746031746,0.0,0.0,0.007936507936507936,0.0,0.0,0.0,0.0,0.0,0.0,0.007936507936507936,0.0,0.0,0.011904761904761904,0.011904761904761904,0.027777777777777776,0.0
0671 Sncg Gaba_2,0.0,0.0,0.02631578947368421,0.018796992481203006,0.0,0.6954887218045113,0.0,0.0,0.09398496240601503,0.0,0.0,0.0,0.0,0.0,0.0,0.0,0.0037593984962406013,0.0,0.0037593984962406013,0.0,0.0,0.05639097744360902,0.06015037593984962,0.041353383458646614,0.0
0672 Sncg Gaba_3,0.0,0.0,0.07906976744186046,0.29767441860465116,0.0,0.30697674418604654,0.0,0.0,0.2930232558139535,0.0,0.0,0.023255813953488372,0.0,0.0,0.0,0.0,0.0,0.0,0.0,0.0,0.0,0.0,0.0,0.0,0.0
0673 Sncg Gaba_3,0.0,0.0,0.007352941176470588,0.0661764705882353,0.0,0.8676470588235294,0.0,0.0,0.04779411764705882,0.0,0.0,0.0,0.0,0.0,0.0,0.0,0.0,0.0,0.0,0.0,0.0,0.007352941176470588,0.003676470588235294,0.0,0.0
0674 Sncg Gaba_3,0.0,0.0,0.059063136456211814,0.14052953156822812,0.0,0.6415478615071283,0.0,0.0,0.1364562118126273,0.0,0.0,0.016293279022403257,0.0,0.0,0.0,0.0,0.0,0.0,0.0,0.0,0.0,0.002036659877800407,0.0,0.002036659877800407,0.002036659877800407
0675 Sncg Gaba_3,0.0,0.0,0.17117117117117117,0.5585585585585585,0.0,0.13513513513513514,0.0,0.0,0.09009009009009009,0.0,0.0,0.02702702702702703,0.0,0.0,0.0,0.0,0.0,0.0,0.0,0.0,0.0,0.009009009009009009,0.009009009009009009,0.0,0.0
0676 Sncg Gaba_3,0.0,0.0,0.03482587064676617,0.14676616915422885,0.0,0.7388059701492538,0.0,0.0,0.05970149253731343,0.0,0.0,0.007462686567164179,0.0,0.0,0.0,0.0,0.0,0.0,0.0024875621890547263,0.0,0.0,0.009950248756218905,0.0,0.0,0.0
0677 Sncg Gaba_3,0.0,0.0,0.21120689655172414,0.17672413793103448,0.0,0.3793103448275862,0.0,0.0,0.1853448275862069,0.0,0.004310344827586207,0.02586206896551724,0.0,0.0,0.0,0.0,0.0,0.0,0.0,0.0,0.004310344827586207,0.008620689655172414,0.004310344827586207,0.0,0.0
0678 Sncg Gaba_4,0.0,0.0,0.0485781990521327,0.32701421800947866,0.0,0.41706161137440756,0.0,0.0,0.15165876777251186,0.0,0.001184834123222749,0.002369668246445498,0.0,0.0,0.0,0.0,0.0,0.0,0.001184834123222749,0.0,0.0,0.027251184834123223,0.013033175355450236,0.01066350710900474,0.0
0679 Sncg Gaba_5,0.0,0.0,0.039473684210526314,0.4517543859649123,0.0,0.17105263157894737,0.0,0.0,0.07017543859649122,0.0,0.0,0.0,0.0,0.0,0.0,0.013157894736842105,0.0043859649122807015,0.0,0.0043859649122807015,0.0,0.0,0.10087719298245613,0.11842105263157894,0.02631578947368421,0.0
0680 Sncg Gaba_5,0.0,0.0,0.07006369426751592,0.36942675159235666,0.0,0.3184713375796178,0.0,0.0,0.10191082802547771,0.0,0.0,0.0,0.0,0.0,0.0,0.0,0.0,0.0,0.0,0.0,0.0,0.050955414012738856,0.05732484076433121,0.03184713375796178,0.0
0681 Sncg Gaba_5,0.0,0.0,0.09917355371900827,0.7024793388429752,0.0,0.008264462809917356,0.0,0.0,0.05785123966942149,0.0,0.0,0.0,0.0,0.0,0.0,0.024793388429752067,0.0,0.0,0.0,0.0,0.0,0.024793388429752067,0.08264462809917356,0.0,0.0
0682 Sncg Gaba_6,0.0,0.0,0.029876977152899824,0.0984182776801406,0.0,0.7152899824253075,0.0,0.0,0.10720562390158173,0.0,0.0,0.0017574692442882249,0.0,0.0,0.0,0.0,0.0,0.0,0.0017574692442882249,0.0,0.0,0.01757469244288225,0.007029876977152899,0.0210896309314587,0.0
0683 Sncg Gaba_7,0.0,0.0,0.020100502512562814,0.08040201005025126,0.0,0.7989949748743719,0.0,0.0,0.06532663316582915,0.0,0.005025125628140704,0.010050251256281407,0.0,0.0,0.0,0.0,0.0,0.0,0.0,0.0,0.0,0.010050251256281407,0.005025125628140704,0.005025125628140704,0.0
0684 Sncg Gaba_8,0.0,0.0,0.041237113402061855,0.05670103092783505,0.0,0.7525773195876289,0.0,0.0,0.1134020618556701,0.0,0.0,0.02577319587628866,0.005154639175257732,0.0,0.0,0.0,0.0,0.0,0.0,0.0,0.0,0.005154639175257732,0.0,0.0,0.0
0685 Sncg Gaba_8,0.0,0.0,0.021505376344086023,0.16129032258064516,0.0,0.3763440860215054,0.0,0.0,0.43010752688172044,0.0,0.0,0.010752688172043012,0.0,0.0,0.0,0.0,0.0,0.0,0.0,0.0,0.0,0.0,0.0,0.0,0.0
0686 RHP-COA Ndnf Gaba_1,0.0,0.0,0.037383177570093455,0.8629283489096573,0.0,0.024922118380062305,0.0,0.0,0.040498442367601244,0.0,0.0,0.03115264797507788,0.0,0.0,0.0,0.0,0.0,0.0,0.0,0.0,0.0,0.0,0.0,0.0,0.003115264797507788
0687 RHP-COA Ndnf Gaba_1,0.0,0.0,0.0,1.0,0.0,0.0,0.0,0.0,0.0,0.0,0.0,0.0,0.0,0.0,0.0,0.0,0.0,0.0,0.0,0.0,0.0,0.0,0.0,0.0,0.0
0688 RHP-COA Ndnf Gaba_1,0.0,0.0,0.0,1.0,0.0,0.0,0.0,0.0,0.0,0.0,0.0,0.0,0.0,0.0,0.0,0.0,0.0,0.0,0.0,0.0,0.0,0.0,0.0,0.0,0.0
0689 RHP-COA Ndnf Gaba_1,0.0,0.0,0.04589371980676329,0.9130434782608695,0.0,0.0024154589371980675,0.0,0.0,0.00966183574879227,0.0,0.0,0.016908212560386472,0.0,0.0,0.0,0.0024154589371980675,0.0024154589371980675,0.0,0.0,0.0,0.0,0.0,0.007246376811594203,0.0,0.0
0690 RHP-COA Ndnf Gaba_2,0.0,0.0,0.2971014492753623,0.021739130434782608,0.0,0.07246376811594203,0.0,0.0,0.4927536231884058,0.0,0.0,0.11594202898550725,0.0,0.0,0.0,0.0,0.0,0.0,0.0,0.0,0.0,0.0,0.0,0.0,0.0
0691 RHP-COA Ndnf Gaba_2,0.0,0.0,0.12359550561797752,0.011235955056179775,0.0,0.0056179775280898875,0.0,0.0,0.6966292134831461,0.0,0.02247191011235955,0.10112359550561797,0.0,0.0,0.0,0.0,0.0,0.0,0.02247191011235955,0.0,0.0,0.0,0.0,0.0,0.016853932584269662
0692 RHP-COA Ndnf Gaba_2,0.0,0.0,0.030303030303030304,0.015151515151515152,0.015151515151515152,0.06818181818181818,0.0,0.0,0.7045454545454546,0.0,0.0,0.10606060606060606,0.007575757575757576,0.0,0.0,0.0,0.0,0.0,0.022727272727272728,0.0,0.0,0.0,0.0,0.0,0.030303030303030304
0693 RHP-COA Ndnf Gaba_3,0.0,0.0,0.04245283018867924,0.37264150943396224,0.0,0.014150943396226415,0.0,0.0,0.42452830188679247,0.0,0.0,0.1320754716981132,0.0,0.0,0.0,0.0,0.0,0.0,0.014150943396226415,0.0,0.0,0.0,0.0,0.0,0.0
0694 RHP-COA Ndnf Gaba_3,0.0,0.0,0.2621359223300971,0.6407766990291263,0.0,0.0,0.0,0.0,0.038834951456310676,0.0,0.0,0.05825242718446602,0.0,0.0,0.0,0.0,0.0,0.0,0.0,0.0,0.0,0.0,0.0,0.0,0.0
0695 RHP-COA Ndnf Gaba_3,0.0,0.0,0.0,0.8385416666666666,0.0,0.041666666666666664,0.0,0.0,0.06770833333333333,0.0,0.0,0.005208333333333333,0.0,0.005208333333333333,0.0,0.0,0.005208333333333333,0.0,0.005208333333333333,0.0,0.0,0.026041666666666668,0.0,0.0,0.005208333333333333
0696 RHP-COA Ndnf Gaba_3,0.0,0.0,0.03821656050955414,0.5477707006369427,0.0,0.1464968152866242,0.0,0.0,0.2229299363057325,0.0,0.0,0.006369426751592357,0.0,0.0,0.0,0.0,0.006369426751592357,0.0,0.006369426751592357,0.0,0.0,0.0,0.012738853503184714,0.0,0.012738853503184714
0697 RHP-COA Ndnf Gaba_4,0.0,0.0,0.041666666666666664,0.9166666666666666,0.0,0.0,0.0,0.0,0.0,0.0,0.0,0.0,0.0,0.0,0.0,0.0,0.0,0.0,0.0,0.0,0.0,0.0,0.041666666666666664,0.0,0.0
0698 RHP-COA Ndnf Gaba_4,0.0,0.0,0.21311475409836064,0.6885245901639344,0.0,0.0,0.0,0.0,0.01639344262295082,0.0,0.0,0.01639344262295082,0.0,0.0,0.0,0.0,0.0,0.0,0.0,0.0,0.01639344262295082,0.0,0.04918032786885246,0.0,0.0
0699 RHP-COA Ndnf Gaba_5,0.0,0.0,0.03278688524590164,0.9508196721311475,0.0,0.0,0.0,0.0,0.0,0.0,0.0,0.0,0.0,0.0,0.0,0.0,0.0,0.0,0.0,0.0,0.0,0.0,0.01639344262295082,0.0,0.0
0700 RHP-COA Ndnf Gaba_5,0.0,0.0,0.0,0.9230769230769231,0.0,0.038461538461538464,0.0,0.0,0.0,0.0,0.0,0.0,0.0,0.0,0.0,0.0,0.0,0.0,0.0,0.0,0.0,0.038461538461538464,0.0,0.0,0.0
0701 RHP-COA Ndnf Gaba_5,0.0,0.0,0.029411764705882353,0.8333333333333334,0.0,0.0,0.0,0.0,0.0,0.0,0.0,0.0,0.0,0.0,0.0,0.049019607843137254,0.0196078431372549,0.0,0.0,0.0,0.0,0.0196078431372549,0.049019607843137254,0.0,0.0
0702 RHP-COA Ndnf Gaba_5,0.0,0.0,0.0,0.7538461538461538,0.0,0.0,0.0,0.0,0.0,0.0,0.0,0.0,0.0,0.0,0.0,0.046153846153846156,0.0,0.0,0.0,0.0,0.015384615384615385,0.015384615384615385,0.16923076923076924,0.0,0.0
0703 RHP-COA Ndnf Gaba_5,0.0,0.0,0.1375,0.75,0.0,0.0,0.0,0.0,0.0,0.0,0.0,0.0,0.0,0.0,0.0,0.05,0.0125,0.0,0.0,0.0,0.0,0.0,0.05,0.0,0.0
0704 RHP-COA Ndnf Gaba_6,0.0,0.0,0.07329842931937172,0.6701570680628273,0.0,0.002617801047120419,0.0,0.0,0.01832460732984293,0.0,0.002617801047120419,0.015706806282722512,0.0,0.002617801047120419,0.0,0.015706806282722512,0.015706806282722512,0.0,0.0,0.0,0.005235602094240838,0.04712041884816754,0.12827225130890052,0.002617801047120419,0.0
0705 RHP-COA Ndnf Gaba_6,0.0,0.0,0.13725490196078433,0.5882352941176471,0.0,0.0196078431372549,0.0,0.0,0.0784313725490196,0.0,0.0196078431372549,0.0784313725490196,0.0,0.0,0.0,0.0196078431372549,0.0,0.0,0.0,0.0,0.0,0.0392156862745098,0.0196078431372549,0.0,0.0
0706 Lamp5 Gaba_1,0.0,0.0,0.029288702928870293,0.1297071129707113,0.0,0.7489539748953975,0.0,0.0,0.07531380753138076,0.0,0.0041841004184100415,0.0041841004184100415,0.0,0.0,0.0,0.0,0.0,0.0,0.0,0.0,0.0,0.008368200836820083,0.0,0.0,0.0
0707 Lamp5 Gaba_1,0.0,0.0,0.004944666823640216,0.14527902048504826,0.0,0.6618789733929833,0.0007063809748057452,0.0,0.1031316223216388,0.0,0.0021191429244172355,0.009418412997409937,0.0011773016246762421,0.0,0.0,0.0004709206498704968,0.0037673651989639746,0.0,0.014127619496114905,0.0,0.0007063809748057452,0.005415587473510714,0.0014127619496114904,0.0018836825994819873,0.043560160113020954
0708 Lamp5 Gaba_1,0.0,0.0,0.01705237515225335,0.19732034104750304,0.0,0.43727161997563946,0.0,0.0,0.2697929354445798,0.0,0.009135200974421437,0.020097442143727162,0.0006090133982947625,0.0,0.0,0.0,0.0030450669914738123,0.0,0.013398294762484775,0.0,0.0,0.0048721071863581,0.00243605359317905,0.0006090133982947625,0.024360535931790498
0709 Lamp5 Gaba_1,0.0,0.0,0.008431703204047217,0.035975267003934795,0.0007494847292486415,0.8388607832115421,0.0,0.0,0.051527075135844105,0.0,0.0026231965523702454,0.02829304852913622,0.00018737118231216038,0.0,0.0,0.00018737118231216038,0.00018737118231216038,0.0,0.0013115982761851227,0.0,0.0,0.016488664043470113,0.004122166010867528,0.0099306726625445,0.0011242270938729624
0710 Lamp5 Gaba_1,0.0,0.0,0.10949529512403763,0.2249786142001711,0.001710863986313088,0.39948674080410607,0.0,0.0,0.20017108639863132,0.0,0.0051325919589392645,0.029940119760479042,0.000855431993156544,0.0,0.0,0.0,0.001710863986313088,0.0,0.0025662959794696323,0.0,0.0,0.01283147989734816,0.0051325919589392645,0.003421727972626176,0.0025662959794696323
0711 Lamp5 Gaba_1,0.0,0.0,0.14172185430463577,0.2728476821192053,0.0026490066225165563,0.09403973509933775,0.0,0.0,0.3841059602649007,0.0,0.0026490066225165563,0.0781456953642384,0.0,0.0,0.0,0.0,0.0026490066225165563,0.0,0.003973509933774834,0.0,0.003973509933774834,0.0026490066225165563,0.009271523178807948,0.0,0.0013245033112582781
0712 Lamp5 Gaba_1,0.0,0.0,0.13333333333333333,0.20833333333333334,0.0,0.14166666666666666,0.0,0.0,0.45,0.0,0.008333333333333333,0.058333333333333334,0.0,0.0,0.0,0.0,0.0,0.0,0.0,0.0,0.0,0.0,0.0,0.0,0.0
0713 Lamp5 Gaba_1,0.0,0.0,0.05972434915773354,0.2894333843797856,0.0015313935681470138,0.12710566615620214,0.0,0.0,0.3675344563552833,0.0,0.013782542113323124,0.08116385911179173,0.0,0.0,0.0,0.0,0.0015313935681470138,0.0,0.015313935681470138,0.0,0.0015313935681470138,0.007656967840735069,0.004594180704441042,0.0,0.02909647779479326
0714 Lamp5 Gaba_2,0.0,0.0,0.004672897196261682,0.11214953271028037,0.0,0.8177570093457944,0.0,0.0,0.0514018691588785,0.0,0.0,0.004672897196261682,0.0,0.0,0.0,0.0,0.0,0.0,0.0,0.0,0.0,0.0,0.0,0.0,0.009345794392523364
0715 Lamp5 Gaba_2,0.0,0.0,0.06306306306306306,0.27927927927927926,0.0,0.36936936936936937,0.0,0.0,0.23423423423423423,0.0,0.0,0.04504504504504504,0.0,0.0,0.0,0.0,0.0,0.0,0.0,0.0,0.0,0.0,0.0,0.0,0.009009009009009009
0716 Lamp5 Gaba_2,0.0,0.0,0.002506265664160401,0.045112781954887216,0.0,0.899749373433584,0.0,0.0,0.02756892230576441,0.0,0.0,0.0,0.0,0.0,0.0,0.0,0.002506265664160401,0.0,0.005012531328320802,0.0,0.0,0.0,0.0,0.0,0.017543859649122806
0717 Lamp5 Gaba_2,0.0,0.0,0.0,0.06965174129353234,0.0,0.900497512437811,0.0,0.0,0.01990049751243781,0.0,0.0,0.0,0.0,0.0,0.0,0.0,0.004975124378109453,0.0,0.0,0.0,0.0,0.0,0.0,0.0,0.004975124378109453
0718 Lamp5 Gaba_2,0.0,0.0,0.0,0.03076923076923077,0.0,0.9254437869822485,0.0,0.0,0.03550295857988166,0.0,0.0,0.0,0.0,0.0,0.0,0.0,0.0,0.0,0.0035502958579881655,0.0,0.0,0.001183431952662722,0.0,0.0,0.0035502958579881655
0719 Lamp5 Gaba_3,0.0,0.0,0.0,0.02280130293159609,0.0,0.9348534201954397,0.0,0.0,0.02768729641693811,0.0,0.0,0.0,0.0,0.0,0.0,0.0,0.0,0.0,0.0,0.0,0.0,0.0,0.0,0.0,0.014657980456026058
0720 Lamp5 Gaba_3,0.0,0.0,0.0,0.021341463414634148,0.0,0.9451219512195121,0.0,0.0,0.018292682926829267,0.0,0.0,0.0,0.0,0.0,0.0,0.0,0.0,0.0,0.0,0.0,0.0,0.0,0.0,0.006097560975609756,0.009146341463414634
0721 Lamp5 Gaba_3,0.0,0.0,0.006369426751592357,0.06369426751592357,0.0,0.8535031847133758,0.0,0.0,0.044585987261146494,0.0,0.0,0.0031847133757961785,0.0,0.0,0.0,0.0,0.0031847133757961785,0.0,0.0031847133757961785,0.0,0.0,0.0031847133757961785,0.0,0.0,0.01910828025477707
0722 Lamp5 Gaba_4,0.0,0.0,0.010183299389002037,0.018329938900203666,0.0,0.924643584521385,0.0,0.0,0.03054989816700611,0.0,0.002036659877800407,0.002036659877800407,0.0,0.0,0.0,0.0,0.0,0.0,0.002036659877800407,0.0,0.0,0.0,0.002036659877800407,0.006109979633401222,0.002036659877800407
0723 Lamp5 Gaba_4,0.0,0.0,0.08783783783783784,0.04054054054054054,0.0,0.10135135135135136,0.0,0.0,0.2905405405405405,0.0,0.08108108108108109,0.39864864864864863,0.0,0.0,0.0,0.0,0.0,0.0,0.0,0.0,0.0,0.0,0.0,0.0,0.0
0724 Lamp5 Lhx6 Gaba_1,0.0,0.0,0.09048067860508954,0.3581526861451461,0.0,0.3091423185673893,0.0,0.0,0.08482563619227144,0.0,0.000942507068803016,0.011310084825636193,0.0,0.0,0.0,0.005655042412818096,0.000942507068803016,0.0,0.003770028275212064,0.0,0.001885014137606032,0.0527803958529689,0.036757775683317624,0.04147031102733271,0.001885014137606032
0725 Lamp5 Lhx6 Gaba_1,0.0,0.0,0.07575757575757576,0.7272727272727273,0.0,0.045454545454545456,0.0,0.0,0.09848484848484848,0.0,0.0,0.015151515151515152,0.0,0.0,0.0,0.0,0.0,0.0,0.0,0.0,0.0,0.022727272727272728,0.0,0.015151515151515152,0.0
0726 Lamp5 Lhx6 Gaba_1,0.0,0.0,0.032044198895027624,0.7458563535911602,0.0,0.0861878453038674,0.0,0.0,0.05082872928176796,0.0,0.0,0.0022099447513812156,0.0,0.0,0.0,0.0033149171270718232,0.008839779005524863,0.0,0.0011049723756906078,0.0,0.0,0.022099447513812154,0.017679558011049725,0.02541436464088398,0.004419889502762431
0727 Lamp5 Lhx6 Gaba_1,0.0,0.0,0.04,0.864,0.0,0.0,0.0,0.0,0.032,0.0,0.0,0.064,0.0,0.0,0.0,0.0,0.0,0.0,0.0,0.0,0.0,0.0,0.0,0.0,0.0
0728 Lamp5 Lhx6 Gaba_1,0.0,0.0,0.06557377049180328,0.8852459016393442,0.0,0.0,0.0,0.0,0.0,0.0,0.0,0.01639344262295082,0.0,0.0,0.0,0.0,0.0,0.0,0.0,0.0,0.0,0.0,0.03278688524590164,0.0,0.0
0729 Lamp5 Lhx6 Gaba_1,0.0,0.0,0.0420353982300885,0.911504424778761,0.0,0.0022123893805309734,0.0,0.0,0.004424778761061947,0.0,0.0,0.024336283185840708,0.0022123893805309734,0.0022123893805309734,0.0,0.0,0.0022123893805309734,0.0,0.0,0.0,0.0022123893805309734,0.0,0.00663716814159292,0.0,0.0
0730 Lamp5 Lhx6 Gaba_1,0.0,0.0,0.047619047619047616,0.8571428571428571,0.0,0.0,0.0,0.0,0.0,0.0,0.0,0.0,0.0,0.0,0.0,0.015873015873015872,0.0,0.0,0.0,0.0,0.015873015873015872,0.0,0.06349206349206349,0.0,0.0
0731 Lamp5 Lhx6 Gaba_1,0.0,0.0,0.21713147410358566,0.5737051792828686,0.0,0.0099601593625498,0.0,0.0,0.049800796812749,0.0,0.00597609561752988,0.04780876494023904,0.0,0.0,0.0,0.021912350597609563,0.00796812749003984,0.0,0.0,0.0,0.00398406374501992,0.0099601593625498,0.05179282868525897,0.0,0.0
0732 Pvalb chandelier Gaba_1,0.0,0.0,0.03305785123966942,0.8884297520661157,0.0,0.01652892561983471,0.0,0.0,0.0,0.0,0.0,0.004132231404958678,0.0,0.0,0.0,0.02066115702479339,0.004132231404958678,0.0,0.0,0.0,0.0,0.004132231404958678,0.024793388429752067,0.004132231404958678,0.0
0733 Pvalb chandelier Gaba_1,0.0,0.0,0.13036117381489842,0.14672686230248308,0.0,0.4018058690744921,0.0,0.0,0.27200902934537247,0.0,0.0,0.028216704288939052,0.0,0.0,0.0,0.000564334085778781,0.0,0.0,0.001693002257336343,0.0,0.000564334085778781,0.009593679458239277,0.0039503386004514675,0.004514672686230248,0.0
0734 Pvalb Gaba_1,0.0,0.0,0.06420927467300833,0.262782401902497,0.0,0.4625445897740785,0.0,0.0,0.0535077288941736,0.0,0.0,0.008323424494649227,0.0,0.0,0.0,0.0011890606420927466,0.0011890606420927466,0.0,0.0,0.0,0.0,0.07966706302021404,0.04518430439952437,0.02140309155766944,0.0
0735 Pvalb Gaba_1,0.0,0.0,0.006220839813374806,0.04510108864696734,0.0,0.9066874027993779,0.0,0.0,0.007776049766718507,0.0,0.0,0.0015552099533437014,0.0,0.0,0.0,0.0,0.0,0.0,0.0,0.0,0.0,0.013996889580093312,0.01088646967340591,0.007776049766718507,0.0
0736 Pvalb Gaba_1,0.0,0.0,0.011970534069981584,0.13167587476979742,0.0,0.7992633517495396,0.0,0.0,0.007366482504604052,0.0,0.0,0.0027624309392265192,0.0,0.0,0.0,0.0,0.0,0.0,0.0009208103130755065,0.0,0.0,0.02117863720073665,0.009208103130755065,0.01565377532228361,0.0
0737 Pvalb Gaba_2,0.0,0.0,0.07926829268292683,0.6219512195121951,0.0,0.14329268292682926,0.0,0.0,0.01524390243902439,0.0,0.0,0.0022865853658536584,0.0,0.0,0.0,0.027439024390243903,0.014481707317073171,0.0,0.0,0.0,0.001524390243902439,0.03353658536585366,0.06021341463414634,0.0,0.0007621951219512195
0738 Pvalb Gaba_2,0.0,0.0,0.45085066162570886,0.07844990548204159,0.0,0.08412098298676748,0.0,0.0,0.27977315689981097,0.0,0.002835538752362949,0.0888468809073724,0.0,0.0,0.0,0.003780718336483932,0.001890359168241966,0.0,0.0,0.0,0.000945179584120983,0.003780718336483932,0.004725897920604915,0.0,0.0
0739 Pvalb Gaba_2,0.0,0.0,0.018367346938775512,0.8755102040816326,0.0,0.022448979591836733,0.0,0.0,0.004081632653061225,0.0,0.0,0.0020408163265306124,0.0,0.0,0.0,0.03469387755102041,0.0020408163265306124,0.0,0.0,0.0,0.0020408163265306124,0.00816326530612245,0.030612244897959183,0.0,0.0
0740 Pvalb Gaba_3,0.0,0.0,0.0,0.021478350279904034,0.0,0.9761224722952131,0.0,0.0,0.00125671198446247,0.0,0.0,0.00022849308808408546,0.0,0.0,0.0,0.0,0.0,0.0,0.00011424654404204273,0.0,0.0,0.00011424654404204273,0.0004569861761681709,0.00011424654404204273,0.00011424654404204273
0741 Pvalb Gaba_3,0.0,0.0,0.0005293806246691371,0.021175224986765485,0.0,0.9767072525145579,0.0,0.0,0.0005293806246691371,0.0,0.0,0.0,0.0,0.0,0.0,0.0005293806246691371,0.0,0.0,0.0,0.0,0.0,0.0005293806246691371,0.0,0.0,0.0
0742 Pvalb Gaba_3,0.0,0.0,0.0010199918400652795,0.0554875560995512,0.0,0.9171766625866993,0.0,0.0,0.021623827009383926,0.0,0.0002039983680130559,0.0012239902080783353,0.0,0.0,0.0,0.0,0.0,0.0,0.0004079967360261118,0.0,0.0,0.0014279885760913912,0.0,0.0012239902080783353,0.0002039983680130559
0743 Pvalb Gaba_4,0.0,0.0,0.002643912991227016,0.12834995793774787,0.0,0.8550654969354645,0.0,0.0,0.005888715298641991,0.0,0.0,0.00012017786323759164,0.0,0.0,0.0,0.0,0.00012017786323759164,0.0,0.00012017786323759164,0.0,0.0,0.003364980170652566,0.003004446580939791,0.0012017786323759163,0.00012017786323759164
0744 Pvalb Gaba_4,0.0,0.0,0.003676470588235294,0.14246323529411764,0.0,0.7748161764705882,0.0,0.0,0.03125,0.0,0.0,0.0,0.0,0.0,0.0,0.0,0.0,0.0,0.001838235294117647,0.0,0.0,0.03125,0.004595588235294118,0.01011029411764706,0.0
0745 Pvalb Gaba_4,0.0,0.0,0.14457831325301204,0.28313253012048195,0.0,0.24246987951807228,0.0,0.0,0.2710843373493976,0.0,0.0,0.007530120481927711,0.0,0.0,0.0,0.0015060240963855422,0.0,0.0,0.016566265060240965,0.0,0.0015060240963855422,0.022590361445783132,0.006024096385542169,0.0030120481927710845,0.0
0746 Pvalb Gaba_4,0.0,0.0,0.06092436974789916,0.04201680672268908,0.0,0.7626050420168067,0.0,0.0,0.07983193277310924,0.0,0.0,0.0,0.0,0.0,0.0,0.0,0.0,0.0,0.004201680672268907,0.0,0.0,0.0273109243697479,0.01050420168067227,0.012605042016806723,0.0
0747 Pvalb Gaba_4,0.0,0.0,0.023537323470073975,0.1425689307330195,0.0,0.7471418964357768,0.0,0.0,0.011432414256893073,0.0,0.0,0.004034969737726967,0.0,0.0,0.0,0.0,0.0,0.0,0.0006724949562878278,0.0,0.0,0.03227975790181574,0.014122394082044385,0.0242098184263618,0.0
0748 Pvalb Gaba_5,0.0,0.0,0.07914523149980214,0.27146814404432135,0.0,0.1373169766521567,0.0,0.0,0.48357736446379107,0.0,0.0003957261574990107,0.009497427779976256,0.0,0.0,0.0,0.0003957261574990107,0.0007914523149980214,0.0,0.007914523149980214,0.0,0.0,0.007123070834982192,0.0019786307874950534,0.0,0.0003957261574990107
0749 Pvalb Gaba_5,0.0,0.0,0.03934010152284264,0.22461928934010153,0.0,0.08883248730964467,0.0,0.0,0.6370558375634517,0.0,0.0,0.007614213197969543,0.0,0.0,0.0,0.0,0.0,0.0,0.0,0.0,0.0,0.0025380710659898475,0.0,0.0,0.0
0750 Pvalb Gaba_5,0.0,0.0,0.02857142857142857,0.3047619047619048,0.0,0.07142857142857142,0.0,0.0,0.5571428571428572,0.0,0.0,0.009523809523809525,0.0,0.0,0.0,0.004761904761904762,0.0,0.0,0.01904761904761905,0.0,0.0,0.004761904761904762,0.0,0.0,0.0
0751 Pvalb Gaba_6,0.0,0.0,0.08111615833874107,0.1810512654120701,0.0,0.5373134328358209,0.0,0.0,0.1719662556781311,0.0,0.0012978585334198572,0.00973393900064893,0.0006489292667099286,0.0,0.0,0.0,0.0,0.0,0.003244646333549643,0.0,0.0,0.009085009733939001,0.0025957170668397143,0.0012978585334198572,0.0006489292667099286
0752 Pvalb Gaba_6,0.0,0.0,0.0,0.008695652173913044,0.0,0.9826086956521739,0.0,0.0,0.004347826086956522,0.0,0.0,0.0,0.0,0.0,0.0,0.0,0.0,0.0,0.0,0.0,0.0,0.004347826086956522,0.0,0.0,0.0
0753 Pvalb Gaba_7,0.0,0.0,0.14033149171270717,0.2674033149171271,0.0,0.36464088397790057,0.0,0.0,0.11491712707182321,0.0,0.0,0.0077348066298342545,0.0,0.0,0.0,0.0033149171270718232,0.0011049723756906078,0.0,0.0,0.0,0.0,0.0430939226519337,0.03867403314917127,0.01878453038674033,0.0
0754 Pvalb Gaba_8,0.0,0.0,0.007428227263601686,0.2957237502509536,0.0,0.6498695041156395,0.0,0.0,0.035133507327845814,0.0,0.0,0.0002007628990162618,0.0,0.0,0.0,0.0,0.0002007628990162618,0.0,0.0008030515960650472,0.0,0.0004015257980325236,0.005822124071471592,0.0034129692832764505,0.001003814495081309,0.0
0755 Pvalb Gaba_9,0.0,0.0,0.0,0.46923076923076923,0.0,0.3769230769230769,0.0,0.0,0.015384615384615385,0.0,0.0,0.0,0.0,0.0,0.0,0.0,0.0,0.0,0.0,0.0,0.0,0.09230769230769231,0.046153846153846156,0.0,0.0
0756 Sst Gaba_1,0.0,0.0,0.0,0.0213903743315508,0.0,0.9786096256684492,0.0,0.0,0.0,0.0,0.0,0.0,0.0,0.0,0.0,0.0,0.0,0.0,0.0,0.0,0.0,0.0,0.0,0.0,0.0
0757 Sst Gaba_1,0.0,0.0,0.003067484662576687,0.027607361963190184,0.0,0.8128834355828221,0.0,0.0,0.027607361963190184,0.0,0.0,0.006134969325153374,0.0,0.0,0.0,0.0,0.0,0.0,0.0,0.0,0.0,0.03374233128834356,0.05521472392638037,0.03374233128834356,0.0
0758 Sst Gaba_1,0.0,0.0,0.0011248593925759281,0.01799775028121485,0.0,0.9797525309336333,0.0,0.0,0.0,0.0,0.0,0.0,0.0,0.0,0.0,0.0,0.0,0.0,0.0,0.0,0.0,0.0011248593925759281,0.0,0.0,0.0
0759 Sst Gaba_1,0.0,0.0,0.0,0.005893909626719057,0.0,0.9823182711198428,0.0,0.0,0.0,0.0,0.0,0.0,0.0,0.0,0.0,0.0,0.0,0.0,0.0,0.0,0.0,0.007858546168958742,0.0,0.003929273084479371,0.0
0760 Sst Gaba_1,0.0,0.0,0.0021929824561403508,0.006578947368421052,0.0,0.9736842105263158,0.0,0.0,0.0043859649122807015,0.0,0.0,0.0,0.0,0.0,0.0,0.0,0.0,0.0,0.0,0.0,0.0,0.0021929824561403508,0.0043859649122807015,0.006578947368421052,0.0
0761 Sst Gaba_1,0.0,0.0,0.007537688442211055,0.032663316582914576,0.0,0.8567839195979899,0.0,0.0,0.03768844221105527,0.0,0.0,0.010050251256281407,0.0,0.0,0.0,0.0,0.0,0.0,0.0,0.0,0.0,0.035175879396984924,0.010050251256281407,0.010050251256281407,0.0
0762 Sst Gaba_2,0.0,0.0,0.21153846153846154,0.30982905982905984,0.0,0.00641025641025641,0.0,0.0,0.41452991452991456,0.0,0.0,0.0405982905982906,0.0,0.0,0.0,0.0,0.00641025641025641,0.0,0.0,0.0,0.0,0.010683760683760684,0.0,0.0,0.0
0763 Sst Gaba_2,0.0,0.0,0.16532258064516128,0.07258064516129033,0.0,0.06048387096774194,0.0,0.0,0.657258064516129,0.0,0.006048387096774193,0.016129032258064516,0.0,0.0,0.0,0.0,0.0,0.0,0.0,0.0,0.0,0.016129032258064516,0.006048387096774193,0.0,0.0
0764 Sst Gaba_2,0.0,0.0,0.4740973312401884,0.10204081632653061,0.0,0.05337519623233909,0.0,0.0,0.27472527472527475,0.0,0.0015698587127158557,0.06907378335949764,0.0,0.0,0.0,0.0031397174254317113,0.009419152276295133,0.0,0.0,0.0,0.0,0.0031397174254317113,0.009419152276295133,0.0,0.0
0765 Sst Gaba_2,0.0,0.0,0.631578947368421,0.013157894736842105,0.01644736842105263,0.003289473684210526,0.0,0.0,0.10197368421052631,0.0,0.01644736842105263,0.19407894736842105,0.0,0.0,0.0,0.0,0.003289473684210526,0.0,0.0,0.0,0.003289473684210526,0.013157894736842105,0.003289473684210526,0.0,0.0
0766 Sst Gaba_2,0.0,0.0,0.1337719298245614,0.08552631578947369,0.0,0.16447368421052633,0.0,0.0,0.5570175438596491,0.0,0.006578947368421052,0.03289473684210526,0.0,0.0,0.0,0.0,0.0,0.0,0.006578947368421052,0.0,0.0,0.010964912280701754,0.0,0.0021929824561403508,0.0
0767 Sst Gaba_3,0.0,0.0,0.0481283422459893,0.6631016042780749,0.0,0.0053475935828877,0.0,0.0,0.0,0.0,0.0,0.0,0.0,0.0,0.0,0.10695187165775401,0.0053475935828877,0.0,0.0,0.0,0.0053475935828877,0.0427807486631016,0.12299465240641712,0.0,0.0
0768 Sst Gaba_3,0.0,0.0,0.0,0.64576802507837,0.0,0.06269592476489028,0.0,0.0,0.0,0.0,0.0,0.0,0.0,0.0,0.0,0.006269592476489028,0.0,0.0,0.0,0.0,0.0,0.09090909090909091,0.19122257053291536,0.003134796238244514,0.0
0769 Sst Gaba_3,0.0,0.0,0.28193832599118945,0.5198237885462555,0.0,0.05066079295154185,0.0,0.0,0.09030837004405286,0.0,0.0,0.0022026431718061676,0.0,0.0,0.0,0.0,0.006607929515418502,0.0,0.0,0.0,0.0,0.011013215859030838,0.03303964757709251,0.004405286343612335,0.0
0770 Sst Gaba_3,0.0,0.0,0.06725146198830409,0.652046783625731,0.0,0.15204678362573099,0.0,0.0,0.02631578947368421,0.0,0.0,0.0,0.0,0.0,0.0,0.0,0.011695906432748537,0.0,0.0,0.0,0.0,0.06140350877192982,0.02046783625730994,0.008771929824561403,0.0
0771 Sst Gaba_3,0.0,0.0,0.015228426395939087,0.565989847715736,0.0,0.2563451776649746,0.0,0.0,0.0025380710659898475,0.0,0.0,0.0,0.0,0.0,0.0,0.01015228426395939,0.0,0.0,0.0,0.0,0.0,0.09644670050761421,0.050761421319796954,0.0025380710659898475,0.0
0772 Sst Gaba_3,0.0,0.0,0.07142857142857142,0.7371428571428571,0.0,0.017142857142857144,0.0,0.0,0.005714285714285714,0.0,0.0,0.005714285714285714,0.0,0.0,0.0,0.02857142857142857,0.008571428571428572,0.0,0.0,0.0,0.0,0.04,0.08285714285714285,0.002857142857142857,0.0
0773 Sst Gaba_3,0.0,0.0,0.21610169491525424,0.5847457627118644,0.0,0.0211864406779661,0.0,0.0,0.00847457627118644,0.0,0.0,0.00423728813559322,0.0,0.0,0.0,0.012711864406779662,0.029661016949152543,0.0,0.0,0.0,0.00423728813559322,0.0635593220338983,0.05508474576271186,0.0,0.0
0774 Sst Gaba_3,0.0,0.0,0.1032258064516129,0.6451612903225806,0.0,0.01935483870967742,0.0,0.0,0.00967741935483871,0.0,0.0,0.012903225806451613,0.0,0.0,0.0,0.04516129032258064,0.016129032258064516,0.0,0.0,0.0,0.012903225806451613,0.035483870967741936,0.1,0.0,0.0
0775 Sst Gaba_3,0.0,0.0,0.016666666666666666,0.65,0.0,0.15833333333333333,0.0,0.0,0.025,0.0,0.0,0.0,0.0,0.0,0.0,0.0,0.008333333333333333,0.0,0.0,0.0,0.0,0.075,0.06666666666666667,0.0,0.0
0776 Sst Gaba_4,0.0,0.0,0.003745318352059925,0.10486891385767791,0.0,0.8726591760299626,0.0,0.0,0.00749063670411985,0.0,0.0,0.00749063670411985,0.0,0.0,0.0,0.0,0.0,0.0,0.0,0.0,0.0,0.0,0.003745318352059925,0.0,0.0
0777 Sst Gaba_4,0.0,0.0,0.0031847133757961785,0.01910828025477707,0.0,0.9315286624203821,0.0,0.0,0.03184713375796178,0.0,0.0,0.0,0.0,0.0,0.0,0.0,0.0,0.0,0.0,0.0,0.0,0.007961783439490446,0.0031847133757961785,0.0031847133757961785,0.0
0778 Sst Gaba_4,0.0,0.0,0.0,0.004454342984409799,0.0,0.9910913140311804,0.0,0.0,0.0,0.0,0.0,0.0,0.0,0.0,0.0,0.0,0.0,0.0,0.0,0.0,0.0,0.0,0.0022271714922048997,0.0022271714922048997,0.0
0779 Sst Gaba_4,0.0,0.0,0.0,0.0,0.0,0.9988262910798122,0.0,0.0,0.0,0.0,0.0,0.0,0.0,0.0,0.0,0.0,0.0,0.0,0.0,0.0,0.0,0.0011737089201877935,0.0,0.0,0.0
0780 Sst Gaba_4,0.0,0.0,0.0022002200220022,0.02585258525852585,0.0,0.9620462046204621,0.0,0.0,0.0038503850385038503,0.0,0.0,0.0,0.0,0.0,0.0,0.0,0.0,0.0,0.0,0.0,0.0,0.0027502750275027505,0.0016501650165016502,0.0011001100110011,0.00055005500550055
0781 Sst Gaba_5,0.0,0.0,0.059931506849315065,0.04965753424657534,0.0,0.7534246575342466,0.0,0.0,0.0839041095890411,0.0,0.0017123287671232876,0.005136986301369863,0.0,0.0,0.0,0.0,0.0,0.0,0.011986301369863013,0.0,0.0,0.0136986301369863,0.008561643835616438,0.010273972602739725,0.0017123287671232876
0782 Sst Gaba_5,0.0,0.0,0.02247191011235955,0.0,0.0,0.8595505617977528,0.0,0.0,0.07865168539325842,0.0,0.0,0.0,0.0,0.0,0.0,0.0,0.0,0.0,0.011235955056179775,0.0,0.0,0.016853932584269662,0.0,0.011235955056179775,0.0
0783 Sst Gaba_5,0.0,0.0,0.061465721040189124,0.02127659574468085,0.0,0.8132387706855791,0.0,0.0,0.06619385342789598,0.0,0.0,0.002364066193853428,0.0,0.0,0.0,0.0,0.0,0.0,0.0,0.0,0.0,0.02127659574468085,0.004728132387706856,0.009456264775413711,0.0
0784 Sst Gaba_5,0.0,0.0,0.0,0.027131782945736434,0.0,0.9534883720930233,0.0,0.0,0.007751937984496124,0.0,0.0,0.0,0.0,0.0,0.0,0.0,0.0,0.0,0.0,0.0,0.0,0.0,0.007751937984496124,0.003875968992248062,0.0
0785 Sst Gaba_6,0.0,0.0,0.0,0.9809523809523809,0.0,0.0,0.0,0.0,0.0,0.0,0.0,0.0,0.0,0.0,0.0,0.0,0.0,0.0,0.0,0.0,0.0,0.004761904761904762,0.014285714285714285,0.0,0.0
0786 Sst Gaba_6,0.0,0.0,0.03367003367003367,0.8855218855218855,0.0,0.0,0.0,0.0,0.006734006734006734,0.0,0.0,0.016835016835016835,0.0,0.0,0.0,0.02356902356902357,0.0,0.0,0.0,0.0,0.003367003367003367,0.003367003367003367,0.026936026936026935,0.0,0.0
0787 Sst Gaba_6,0.0,0.0,0.1157556270096463,0.5884244372990354,0.0,0.0,0.0,0.0,0.0,0.0,0.0,0.003215434083601286,0.0,0.0,0.0,0.12861736334405144,0.04501607717041801,0.0,0.006430868167202572,0.0,0.01607717041800643,0.0,0.09646302250803858,0.0,0.0
0788 Sst Gaba_6,0.0,0.0,0.0,0.863013698630137,0.0,0.0136986301369863,0.0,0.0,0.0,0.0,0.0,0.0,0.0,0.0,0.0,0.0,0.0,0.0,0.0136986301369863,0.0,0.0,0.0821917808219178,0.0273972602739726,0.0,0.0
0789 Sst Gaba_6,0.0,0.0,0.07251908396946564,0.7633587786259542,0.0,0.0,0.0,0.0,0.019083969465648856,0.0,0.0,0.1183206106870229,0.0,0.0,0.0,0.0,0.0,0.0,0.0,0.0,0.0,0.015267175572519083,0.011450381679389313,0.0,0.0
0790 Sst Gaba_6,0.0,0.0,0.06437768240343347,0.8369098712446352,0.0,0.0,0.0,0.0,0.0,0.0,0.0,0.012875536480686695,0.0,0.004291845493562232,0.0,0.02145922746781116,0.008583690987124463,0.0,0.0,0.0,0.02145922746781116,0.0,0.030042918454935622,0.0,0.0
0791 Sst Gaba_6,0.0,0.0,0.0,0.8715596330275229,0.0,0.0,0.0,0.0,0.0,0.0,0.0,0.009174311926605505,0.0,0.009174311926605505,0.0,0.01834862385321101,0.009174311926605505,0.0,0.0,0.0,0.0,0.03669724770642202,0.045871559633027525,0.0,0.0
0792 Sst Gaba_7,0.0,0.0,0.0005096839959225281,0.0030581039755351682,0.0,0.9954128440366973,0.0,0.0,0.0010193679918450561,0.0,0.0,0.0,0.0,0.0,0.0,0.0,0.0,0.0,0.0,0.0,0.0,0.0,0.0,0.0,0.0
0793 Sst Gaba_7,0.0,0.0,0.0,0.0019342359767891683,0.0,0.9970986460348162,0.0,0.0,0.0009671179883945841,0.0,0.0,0.0,0.0,0.0,0.0,0.0,0.0,0.0,0.0,0.0,0.0,0.0,0.0,0.0,0.0
0794 Sst Gaba_7,0.0,0.0,0.001422475106685633,0.310099573257468,0.0,0.6557610241820768,0.0,0.0,0.015647226173541962,0.0,0.0,0.0,0.0,0.0,0.0,0.0,0.001422475106685633,0.0,0.001422475106685633,0.0,0.001422475106685633,0.005689900426742532,0.004267425320056899,0.0,0.002844950213371266
0795 Sst Gaba_8,0.0,0.0,0.0,0.03126916002452483,0.0,0.9595340282035562,0.0,0.0,0.007357449417535254,0.0,0.0,0.0,0.0,0.0,0.0,0.0,0.0,0.0,0.001226241569589209,0.0,0.0,0.0006131207847946045,0.0,0.0,0.0
0796 Sst Gaba_8,0.0,0.0,0.0,0.0,0.0,1.0,0.0,0.0,0.0,0.0,0.0,0.0,0.0,0.0,0.0,0.0,0.0,0.0,0.0,0.0,0.0,0.0,0.0,0.0,0.0
0797 Sst Gaba_8,0.0,0.0,0.004333694474539545,0.028169014084507043,0.0,0.9566630552546046,0.0,0.0,0.0065005417118093175,0.0,0.0010834236186348862,0.0,0.0,0.0,0.0,0.0,0.0,0.0,0.0,0.0,0.0,0.0,0.0021668472372697724,0.0010834236186348862,0.0
0798 Sst Gaba_9,0.0,0.0,0.001597444089456869,0.04313099041533546,0.0,0.9440894568690096,0.0,0.0,0.004792332268370607,0.0,0.0,0.0,0.0,0.0,0.0,0.0,0.0,0.0,0.0,0.0,0.0,0.003194888178913738,0.0,0.001597444089456869,0.001597444089456869
0799 Sst Gaba_9,0.0,0.0,0.0,0.0,0.0,1.0,0.0,0.0,0.0,0.0,0.0,0.0,0.0,0.0,0.0,0.0,0.0,0.0,0.0,0.0,0.0,0.0,0.0,0.0,0.0
0800 Sst Gaba_9,0.0,0.0,0.0,0.006269592476489028,0.0,0.9937304075235109,0.0,0.0,0.0,0.0,0.0,0.0,0.0,0.0,0.0,0.0,0.0,0.0,0.0,0.0,0.0,0.0,0.0,0.0,0.0
0801 Sst Gaba_9,0.0,0.0,0.0,0.0,0.0,0.9959758551307847,0.0,0.0,0.0,0.0,0.0,0.0,0.0,0.0,0.0,0.0,0.0,0.0,0.0,0.0,0.0,0.002012072434607646,0.0,0.002012072434607646,0.0
0802 Sst Gaba_10,0.0,0.0,0.013333333333333334,0.14333333333333334,0.0,0.7533333333333333,0.0,0.0,0.03333333333333333,0.0,0.0,0.0033333333333333335,0.0033333333333333335,0.0,0.0,0.0,0.0033333333333333335,0.0,0.0,0.0,0.0,0.02666666666666667,0.016666666666666666,0.0,0.0033333333333333335
0803 Sst Gaba_10,0.0,0.0,0.0,0.018010642652476462,0.0,0.9770773638968482,0.0,0.0,0.0028653295128939827,0.0,0.0,0.00040933278755628325,0.0,0.0,0.0,0.0,0.0,0.0,0.0,0.0,0.0,0.00040933278755628325,0.0008186655751125665,0.0,0.00040933278755628325
0804 Sst Gaba_10,0.0,0.0,0.0,0.014705882352941176,0.0,0.9754901960784313,0.0,0.0,0.0,0.0,0.0,0.0,0.0,0.0,0.0,0.0,0.0,0.0,0.0,0.0,0.0,0.004901960784313725,0.0,0.004901960784313725,0.0
0805 Sst Gaba_11,0.0,0.0,0.035650623885918005,0.1408199643493761,0.0,0.6916221033868093,0.0,0.0,0.10338680926916222,0.0,0.0,0.0053475935828877,0.0,0.0,0.0,0.0,0.0,0.0,0.0035650623885918,0.0,0.0,0.017825311942959002,0.0,0.0017825311942959,0.0
0806 Sst Gaba_11,0.0,0.0,0.003865979381443299,0.1134020618556701,0.0,0.8337628865979382,0.0,0.0,0.020618556701030927,0.0,0.0,0.002577319587628866,0.0,0.0,0.0,0.0,0.0,0.0,0.0,0.0,0.0,0.010309278350515464,0.015463917525773196,0.0,0.0
0807 Sst Gaba_12,0.0,0.0,0.014388489208633094,0.6834532374100719,0.0,0.2446043165467626,0.0,0.0,0.025179856115107913,0.0,0.01079136690647482,0.0035971223021582736,0.0,0.0,0.0,0.0,0.0,0.0,0.0,0.0,0.0,0.014388489208633094,0.0035971223021582736,0.0,0.0
0808 Sst Gaba_12,0.0,0.0,0.012345679012345678,0.6666666666666666,0.0,0.24691358024691357,0.0,0.0,0.043209876543209874,0.0,0.0,0.0,0.0,0.0,0.0,0.0,0.0,0.0,0.0,0.0,0.0,0.018518518518518517,0.012345679012345678,0.0,0.0
0809 Sst Gaba_12,0.0,0.0,0.015,0.595,0.0,0.3375,0.0,0.0,0.0175,0.0,0.0,0.0,0.0,0.0,0.0,0.0,0.0,0.0,0.0,0.0,0.0,0.02,0.0125,0.0025,0.0
0810 Sst Gaba_13,0.0,0.0,0.0,0.015384615384615385,0.0,0.9555555555555556,0.0,0.0,0.018803418803418803,0.0,0.0,0.0017094017094017094,0.0,0.0,0.0,0.0,0.0,0.0,0.0,0.0,0.0,0.003418803418803419,0.005128205128205128,0.0,0.0
0811 Sst Gaba_13,0.0,0.0,0.10339506172839506,0.15123456790123457,0.0,0.5679012345679012,0.0,0.0,0.09567901234567901,0.0,0.0,0.0030864197530864196,0.0,0.0,0.0,0.0,0.0,0.0,0.0,0.0,0.0,0.06635802469135803,0.007716049382716049,0.004629629629629629,0.0
0812 Sst Gaba_14,0.0,0.0,0.21551724137931033,0.10632183908045977,0.0,0.25862068965517243,0.0,0.0,0.25862068965517243,0.0,0.0,0.011494252873563218,0.0,0.0,0.0,0.0,0.0,0.0,0.0028735632183908046,0.0,0.0,0.0603448275862069,0.02586206896551724,0.0603448275862069,0.0
0813 Sst Gaba_14,0.0,0.0,0.006060606060606061,0.03636363636363636,0.0,0.8303030303030303,0.0,0.0,0.03636363636363636,0.0,0.0,0.0,0.0,0.0,0.0,0.0,0.0,0.0,0.006060606060606061,0.0,0.0,0.030303030303030304,0.030303030303030304,0.024242424242424242,0.0
0814 Sst Gaba_14,0.0,0.0,0.11313394018205461,0.1846553966189857,0.0,0.47854356306892065,0.0,0.0,0.07282184655396619,0.0,0.0,0.006501950585175552,0.0,0.0,0.0,0.0,0.0,0.0,0.0039011703511053317,0.0,0.0,0.05981794538361508,0.03901170351105332,0.04161248374512354,0.0
0815 Sst Gaba_15,0.0,0.0,0.002136752136752137,0.8632478632478633,0.0,0.12179487179487179,0.0,0.0,0.00641025641025641,0.0,0.0,0.0,0.0,0.0,0.0,0.0,0.0,0.0,0.0,0.0,0.0,0.004273504273504274,0.002136752136752137,0.0,0.0
0816 Sst Gaba_15,0.0,0.0,0.0,0.8962264150943396,0.0,0.07547169811320754,0.0,0.0,0.018867924528301886,0.0,0.0,0.0,0.0,0.0,0.0,0.0,0.0,0.0,0.0,0.0,0.0,0.009433962264150943,0.0,0.0,0.0
0817 Sst Gaba_15,0.0,0.0,0.0,0.9647887323943662,0.0,0.028169014084507043,0.0,0.0,0.0,0.0,0.0,0.0,0.0,0.0,0.0,0.0,0.0035211267605633804,0.0,0.0,0.0,0.0,0.0,0.0,0.0,0.0035211267605633804
0818 Sst Gaba_16,0.0,0.0,0.021479713603818614,0.07398568019093078,0.0,0.7565632458233891,0.0,0.0,0.12410501193317422,0.0,0.0,0.008353221957040573,0.0,0.0,0.0,0.0,0.0,0.0,0.002386634844868735,0.0,0.0,0.00954653937947494,0.0011933174224343676,0.002386634844868735,0.0
0819 Sst Gaba_16,0.0,0.0,0.0099601593625498,0.043824701195219126,0.0,0.9143426294820717,0.0,0.0,0.025896414342629483,0.0,0.0,0.00199203187250996,0.0,0.0,0.0,0.0,0.0,0.0,0.00199203187250996,0.0,0.0,0.00199203187250996,0.0,0.0,0.0
0820 Sst Gaba_16,0.0,0.0,0.0017857142857142857,0.0035714285714285713,0.0,0.9714285714285714,0.0,0.0,0.01607142857142857,0.0,0.0,0.0,0.0,0.0,0.0,0.0,0.0,0.0,0.0017857142857142857,0.0,0.0,0.0017857142857142857,0.0017857142857142857,0.0017857142857142857,0.0
0821 Sst Gaba_16,0.0,0.0,0.006024096385542169,0.7259036144578314,0.0,0.21686746987951808,0.0,0.0,0.0391566265060241,0.0,0.0,0.0,0.0,0.0,0.0,0.0,0.0030120481927710845,0.0,0.0,0.0,0.0,0.0030120481927710845,0.006024096385542169,0.0,0.0
0822 Sst Gaba_17,0.0,0.0,0.49523809523809526,0.06666666666666667,0.0,0.02666666666666667,0.0,0.0,0.15619047619047619,0.0,0.0,0.21904761904761905,0.0,0.0,0.0,0.0,0.009523809523809525,0.0,0.0019047619047619048,0.0,0.0,0.0,0.024761904761904763,0.0,0.0
0823 Sst Gaba_17,0.0,0.0,0.54,0.095,0.0,0.085,0.0,0.0,0.08,0.0,0.035,0.145,0.0,0.0,0.0,0.005,0.0,0.0,0.0,0.0,0.0,0.005,0.01,0.0,0.0
0824 Sst Gaba_17,0.0,0.0,0.23711340206185566,0.05154639175257732,0.0,0.020618556701030927,0.0,0.0,0.5051546391752577,0.0,0.010309278350515464,0.17525773195876287,0.0,0.0,0.0,0.0,0.0,0.0,0.0,0.0,0.0,0.0,0.0,0.0,0.0
0825 Sst Gaba_18,0.0,0.0,0.061224489795918366,0.21428571428571427,0.0,0.11836734693877551,0.0,0.0,0.4897959183673469,0.0,0.006122448979591836,0.02857142857142857,0.0,0.0,0.0,0.0,0.0,0.0,0.036734693877551024,0.0,0.0020408163265306124,0.026530612244897958,0.00816326530612245,0.006122448979591836,0.0020408163265306124
0826 Sst Gaba_18,0.0,0.0,0.13382899628252787,0.1412639405204461,0.0,0.1449814126394052,0.0,0.0,0.5130111524163569,0.0,0.01486988847583643,0.02973977695167286,0.0,0.0,0.0,0.0,0.0,0.0,0.01486988847583643,0.0,0.0,0.0037174721189591076,0.0,0.0037174721189591076,0.0
0827 Sst Gaba_19,0.0,0.0,0.041379310344827586,0.7034482758620689,0.0,0.05172413793103448,0.0,0.0,0.1482758620689655,0.0,0.0,0.0034482758620689655,0.0,0.0,0.0,0.0,0.0034482758620689655,0.0,0.0,0.0,0.0,0.02413793103448276,0.017241379310344827,0.0,0.006896551724137931
0828 Sst Gaba_19,0.0,0.0,0.0,0.954954954954955,0.0,0.018018018018018018,0.0,0.0,0.018018018018018018,0.0,0.0,0.0,0.0,0.0,0.0,0.0,0.0,0.0,0.0,0.0,0.0,0.0,0.009009009009009009,0.0,0.0
0829 STR Prox1 Lhx6 Gaba_1,0.0,0.0,0.04225352112676056,0.0,0.056338028169014086,0.0,0.0,0.0,0.056338028169014086,0.0,0.4084507042253521,0.38028169014084506,0.014084507042253521,0.0,0.0,0.0,0.0,0.0,0.028169014084507043,0.0,0.0,0.0,0.014084507042253521,0.0,0.0
0830 STR Prox1 Lhx6 Gaba_1,0.0,0.0,0.04,0.0,0.04,0.0,0.0,0.0,0.12,0.0,0.08,0.72,0.0,0.0,0.0,0.0,0.0,0.0,0.0,0.0,0.0,0.0,0.0,0.0,0.0
0831 STR Prox1 Lhx6 Gaba_1,0.0,0.0,0.11538461538461539,0.11538461538461539,0.07692307692307693,0.0,0.0,0.0,0.038461538461538464,0.0,0.15384615384615385,0.4230769230769231,0.0,0.0,0.0,0.0,0.0,0.0,0.0,0.0,0.038461538461538464,0.0,0.038461538461538464,0.0,0.0
0832 STR Prox1 Lhx6 Gaba_1,0.0,0.0,0.2375,0.03125,0.0125,0.0,0.0,0.0,0.075,0.0,0.08125,0.54375,0.0,0.0,0.0,0.0,0.0,0.0,0.0125,0.0,0.0,0.0,0.00625,0.0,0.0
0833 STR Prox1 Lhx6 Gaba_2,0.0,0.0,0.09596928982725528,0.0,0.0,0.015355086372360844,0.0,0.0,0.005758157389635317,0.0,0.046065259117082535,0.7600767754318618,0.0,0.0,0.0,0.013435700575815739,0.0019193857965451055,0.0,0.009596928982725527,0.0,0.003838771593090211,0.036468330134357005,0.011516314779270634,0.0,0.0
0834 STR Prox1 Lhx6 Gaba_2,0.0,0.0,0.0033222591362126247,0.0,0.0,0.0016611295681063123,0.0,0.0,0.02159468438538206,0.0,0.018272425249169437,0.9169435215946844,0.0,0.0,0.0,0.009966777408637873,0.0,0.0,0.0033222591362126247,0.0,0.0,0.02159468438538206,0.0033222591362126247,0.0,0.0
0835 STR Prox1 Lhx6 Gaba_2,0.0,0.0,0.25757575757575757,0.0,0.007575757575757576,0.015151515151515152,0.0,0.0,0.015151515151515152,0.0,0.06818181818181818,0.553030303030303,0.0,0.0,0.0,0.015151515151515152,0.0,0.0,0.0,0.0,0.0,0.03787878787878788,0.030303030303030304,0.0,0.0
0836 STR Prox1 Lhx6 Gaba_2,0.0,0.0,0.0004940711462450593,0.0,0.0,0.0004940711462450593,0.0,0.0,0.0009881422924901185,0.0,0.001976284584980237,0.9807312252964426,0.0004940711462450593,0.0,0.0,0.0029644268774703555,0.0,0.0,0.0004940711462450593,0.0,0.0,0.011363636363636364,0.0,0.0,0.0
0837 STR Prox1 Lhx6 Gaba_3,0.0,0.0,0.564935064935065,0.01948051948051948,0.0,0.01948051948051948,0.0,0.0,0.012987012987012988,0.0,0.1038961038961039,0.24025974025974026,0.0,0.0,0.0,0.0,0.0,0.0,0.006493506493506494,0.0,0.0,0.0,0.032467532467532464,0.0,0.0
0838 STR Prox1 Lhx6 Gaba_3,0.0,0.0,0.35106382978723405,0.010638297872340425,0.02127659574468085,0.010638297872340425,0.0,0.0,0.031914893617021274,0.0,0.09574468085106383,0.44680851063829785,0.0,0.0,0.0,0.0,0.010638297872340425,0.0,0.0,0.0,0.0,0.010638297872340425,0.010638297872340425,0.0,0.0
0839 STR Lhx8 Gaba_1,0.0,0.0,0.0,0.0,0.0,0.0,0.0,0.0,0.0,0.0,0.019704433497536946,0.9605911330049262,0.0,0.0,0.0,0.014778325123152709,0.0,0.0,0.0,0.0,0.0,0.0,0.0049261083743842365,0.0,0.0
0840 STR Lhx8 Gaba_1,0.0,0.0,0.0,0.0,0.001876172607879925,0.0,0.0,0.0,0.0,0.0,0.005628517823639775,0.9849906191369606,0.0,0.0,0.0,0.0,0.0,0.0,0.0,0.0,0.0,0.005628517823639775,0.001876172607879925,0.0,0.0
0841 STR Lhx8 Gaba_1,0.0,0.0,0.0,0.0,0.09846153846153846,0.0,0.0,0.0,0.003076923076923077,0.0,0.2953846153846154,0.5723076923076923,0.0,0.0,0.0,0.0,0.003076923076923077,0.0,0.009230769230769232,0.0,0.003076923076923077,0.006153846153846154,0.009230769230769232,0.0,0.0
0842 STR Lhx8 Gaba_1,0.0,0.0,0.0,0.0,0.005763688760806916,0.0,0.0,0.0,0.005763688760806916,0.0,0.025936599423631124,0.930835734870317,0.0,0.0,0.0,0.002881844380403458,0.0,0.0,0.01729106628242075,0.0,0.0,0.005763688760806916,0.005763688760806916,0.0,0.0
0843 STR Lhx8 Gaba_2,0.0,0.0,0.0,0.0,0.14,0.0,0.0,0.0,0.0,0.0,0.435,0.365,0.0,0.0,0.0,0.01,0.0,0.0,0.025,0.0,0.0,0.01,0.015,0.0,0.0
0844 STR Lhx8 Gaba_2,0.0,0.0,0.014545454545454545,0.0,0.04363636363636364,0.0018181818181818182,0.0,0.0,0.005454545454545455,0.0,0.21272727272727274,0.6290909090909091,0.0,0.0,0.0,0.00909090909090909,0.0036363636363636364,0.0,0.025454545454545455,0.0,0.0,0.02,0.034545454545454546,0.0,0.0
0845 Sst Chodl Gaba_1,0.0,0.0,0.0,0.0,0.0967741935483871,0.0,0.0,0.0,0.0,0.0,0.3709677419354839,0.3870967741935484,0.0,0.0,0.0,0.0,0.0,0.0,0.016129032258064516,0.0,0.0,0.03225806451612903,0.0967741935483871,0.0,0.0
0846 Sst Chodl Gaba_1,0.0,0.0,0.0,0.0,0.10377358490566038,0.0,0.0,0.0,0.0,0.0,0.4716981132075472,0.36792452830188677,0.0,0.0,0.0,0.018867924528301886,0.0,0.0,0.0,0.0,0.009433962264150943,0.0,0.02830188679245283,0.0,0.0
0847 Sst Chodl Gaba_1,0.0,0.0,0.038461538461538464,0.0,0.15384615384615385,0.0,0.0,0.0,0.0,0.0,0.46153846153846156,0.2692307692307692,0.0,0.0,0.0,0.0,0.0,0.0,0.0,0.0,0.038461538461538464,0.0,0.038461538461538464,0.0,0.0
0848 Sst Chodl Gaba_1,0.0,0.0,0.09230769230769231,0.0,0.046153846153846156,0.015384615384615385,0.0,0.0,0.09230769230769231,0.0,0.4,0.3230769230769231,0.0,0.0,0.0,0.0,0.0,0.0,0.0,0.0,0.0,0.0,0.03076923076923077,0.0,0.0
0849 Sst Chodl Gaba_2,0.0,0.0,0.0023148148148148147,0.0,0.0023148148148148147,0.003472222222222222,0.0,0.0,0.01273148148148148,0.0,0.061342592592592594,0.8668981481481481,0.0,0.0,0.0,0.010416666666666666,0.0,0.0,0.004629629629629629,0.0,0.0,0.028935185185185185,0.004629629629629629,0.0011574074074074073,0.0011574074074074073
0850 Sst Chodl Gaba_2,0.0,0.0,0.1488095238095238,0.05952380952380952,0.005952380952380952,0.08928571428571429,0.0,0.0,0.06547619047619048,0.0,0.08928571428571429,0.4642857142857143,0.0,0.0,0.0,0.011904761904761904,0.0,0.0,0.005952380952380952,0.0,0.0,0.047619047619047616,0.011904761904761904,0.0,0.0
0851 Sst Chodl Gaba_2,0.0,0.0,0.00390625,0.0,0.0,0.00390625,0.0,0.0,0.0078125,0.0,0.03515625,0.9140625,0.0,0.0,0.0,0.00390625,0.0,0.0,0.0,0.0,0.0,0.03125,0.0,0.0,0.0
0852 Sst Chodl Gaba_2,0.0,0.0,0.008746355685131196,0.0,0.0,0.004373177842565598,0.0,0.0,0.04956268221574344,0.0,0.06705539358600583,0.8192419825072886,0.0,0.0,0.0,0.0014577259475218659,0.0,0.0,0.0029154518950437317,0.0,0.0,0.04081632653061224,0.0058309037900874635,0.0,0.0
0853 Sst Chodl Gaba_2,0.0,0.0,0.05555555555555555,0.018518518518518517,0.0,0.037037037037037035,0.0,0.0,0.5740740740740741,0.0,0.16666666666666666,0.1111111111111111,0.0,0.0,0.0,0.0,0.0,0.0,0.0,0.0,0.0,0.037037037037037035,0.0,0.0,0.0
0854 Sst Chodl Gaba_2,0.0,0.0,0.03125,0.0,0.03125,0.0,0.0,0.0,0.25,0.0,0.46875,0.15625,0.0,0.0,0.0,0.0,0.0,0.0,0.03125,0.0,0.0,0.03125,0.0,0.0,0.0
0855 Sst Chodl Gaba_3,0.0,0.0,0.0,0.012195121951219513,0.036585365853658534,0.0,0.0,0.0,0.024390243902439025,0.0,0.7439024390243902,0.18292682926829268,0.0,0.0,0.0,0.0,0.0,0.0,0.0,0.0,0.0,0.0,0.0,0.0,0.0
0856 Sst Chodl Gaba_3,0.0,0.0,0.007246376811594203,0.0,0.0,0.0,0.0,0.0,0.10144927536231885,0.0,0.5217391304347826,0.3695652173913043,0.0,0.0,0.0,0.0,0.0,0.0,0.0,0.0,0.0,0.0,0.0,0.0,0.0
0857 Sst Chodl Gaba_3,0.0,0.0,0.011363636363636364,0.0,0.022727272727272728,0.0,0.0,0.0,0.06818181818181818,0.0,0.4090909090909091,0.4431818181818182,0.0,0.0,0.0,0.0,0.0,0.0,0.011363636363636364,0.0,0.0,0.011363636363636364,0.022727272727272728,0.0,0.0
0858 Sst Chodl Gaba_4,0.0,0.0,0.09243697478991597,0.1134453781512605,0.004201680672268907,0.42436974789915966,0.0,0.0,0.17647058823529413,0.0,0.008403361344537815,0.058823529411764705,0.0,0.0,0.0,0.008403361344537815,0.0,0.0,0.008403361344537815,0.0,0.0,0.0546218487394958,0.025210084033613446,0.025210084033613446,0.0
0859 Sst Chodl Gaba_4,0.0,0.0,0.04096170970614425,0.04630454140694568,0.0,0.6081923419412288,0.0,0.0,0.10151380231522707,0.0,0.01157613535173642,0.04986642920747997,0.0,0.0,0.0,0.003561887800534283,0.0008904719501335708,0.0,0.006233303650934996,0.0,0.0,0.0730186999109528,0.024933214603739984,0.03294746215494212,0.0
0860 Sst Chodl Gaba_5,0.0,0.0,0.13186813186813187,0.01098901098901099,0.02197802197802198,0.06593406593406594,0.0,0.0,0.0,0.0,0.4065934065934066,0.24175824175824176,0.0,0.0,0.0,0.0,0.0,0.0,0.04395604395604396,0.0,0.0,0.02197802197802198,0.054945054945054944,0.0,0.0
0861 Sst Chodl Gaba_5,0.0,0.0,0.112,0.004,0.008,0.044,0.0,0.0,0.336,0.0,0.264,0.176,0.0,0.0,0.0,0.0,0.0,0.0,0.032,0.0,0.0,0.008,0.016,0.0,0.0
0862 Sst Chodl Gaba_6,0.0,0.0,0.02127659574468085,0.0,0.0425531914893617,0.0,0.0,0.0,0.0,0.0,0.3191489361702128,0.574468085106383,0.0,0.0,0.0,0.0,0.0,0.0,0.0,0.0,0.0,0.0,0.0425531914893617,0.0,0.0
0863 NDB-SI-MA-STRv Lhx8 Gaba_1,0.0,0.0,0.0,0.0,0.034482758620689655,0.0,0.0,0.0,0.034482758620689655,0.0,0.4827586206896552,0.4482758620689655,0.0,0.0,0.0,0.0,0.0,0.0,0.0,0.0,0.0,0.0,0.0,0.0,0.0
0864 NDB-SI-MA-STRv Lhx8 Gaba_1,0.0,0.0,0.0,0.0,0.14035087719298245,0.0,0.008771929824561403,0.0,0.0,0.0,0.5877192982456141,0.2631578947368421,0.0,0.0,0.0,0.0,0.0,0.0,0.0,0.0,0.0,0.0,0.0,0.0,0.0
0865 NDB-SI-MA-STRv Lhx8 Gaba_1,0.0,0.0,0.0,0.0,0.12,0.0,0.0,0.0,0.0,0.0,0.656,0.224,0.0,0.0,0.0,0.0,0.0,0.0,0.0,0.0,0.0,0.0,0.0,0.0,0.0
0866 NDB-SI-MA-STRv Lhx8 Gaba_1,0.0,0.0,0.0,0.0,0.16666666666666666,0.0,0.0,0.0,0.0,0.0,0.6805555555555556,0.1527777777777778,0.0,0.0,0.0,0.0,0.0,0.0,0.0,0.0,0.0,0.0,0.0,0.0,0.0
0867 NDB-SI-MA-STRv Lhx8 Gaba_1,0.0,0.0,0.0,0.0,0.046875,0.0,0.0,0.0,0.0,0.0,0.71875,0.21875,0.0,0.0,0.0,0.0,0.015625,0.0,0.0,0.0,0.0,0.0,0.0,0.0,0.0
0868 NDB-SI-MA-STRv Lhx8 Gaba_1,0.0,0.0,0.0,0.0,0.09375,0.0,0.0,0.0,0.0,0.0,0.84375,0.0625,0.0,0.0,0.0,0.0,0.0,0.0,0.0,0.0,0.0,0.0,0.0,0.0,0.0
0869 NDB-SI-MA-STRv Lhx8 Gaba_1,0.0,0.0,0.008928571428571428,0.0,0.07142857142857142,0.0,0.017857142857142856,0.0,0.026785714285714284,0.0,0.75,0.10714285714285714,0.0,0.0,0.0,0.0,0.0,0.0,0.008928571428571428,0.0,0.0,0.0,0.008928571428571428,0.0,0.0
0870 NDB-SI-MA-STRv Lhx8 Gaba_2,0.0,0.0,0.009433962264150943,0.0,0.030660377358490566,0.0,0.0,0.0,0.054245283018867926,0.0,0.7099056603773585,0.19339622641509435,0.0,0.0,0.0,0.0,0.0,0.0,0.0,0.0,0.0,0.0,0.0023584905660377358,0.0,0.0
0871 NDB-SI-MA-STRv Lhx8 Gaba_2,0.0,0.0,0.0,0.0,0.03773584905660377,0.0,0.0,0.0,0.0,0.0,0.8915094339622641,0.0660377358490566,0.0,0.0,0.0,0.0,0.0,0.0,0.0023584905660377358,0.0,0.0023584905660377358,0.0,0.0,0.0,0.0
0872 NDB-SI-MA-STRv Lhx8 Gaba_2,0.0,0.0,0.0,0.0,0.046511627906976744,0.0,0.0,0.0,0.0,0.0,0.7829457364341085,0.17054263565891473,0.0,0.0,0.0,0.0,0.0,0.0,0.0,0.0,0.0,0.0,0.0,0.0,0.0
0873 NDB-SI-MA-STRv Lhx8 Gaba_2,0.0,0.0,0.010416666666666666,0.0,0.10416666666666667,0.0,0.0,0.0,0.0,0.0,0.65625,0.20833333333333334,0.0,0.0,0.0,0.0,0.0,0.0,0.0,0.0,0.0,0.0,0.020833333333333332,0.0,0.0
0874 NDB-SI-MA-STRv Lhx8 Gaba_2,0.0,0.0,0.0025906735751295338,0.0,0.03626943005181347,0.0,0.0,0.0,0.0,0.0,0.8393782383419689,0.11658031088082901,0.0,0.0,0.0,0.0,0.0,0.0,0.0,0.0,0.0,0.0051813471502590676,0.0,0.0,0.0
0875 NDB-SI-MA-STRv Lhx8 Gaba_2,0.0,0.0,0.020895522388059702,0.0,0.03880597014925373,0.0,0.0,0.0,0.03582089552238806,0.0,0.8119402985074626,0.07462686567164178,0.0,0.0,0.0,0.0,0.0,0.0,0.0,0.0,0.0,0.005970149253731343,0.011940298507462687,0.0,0.0
0876 NDB-SI-MA-STRv Lhx8 Gaba_2,0.0,0.0,0.025899280575539568,0.0,0.004316546762589928,0.0,0.0,0.0,0.04748201438848921,0.0,0.6345323741007194,0.27050359712230215,0.0,0.0,0.0,0.0,0.0,0.0,0.0028776978417266188,0.0,0.0,0.0014388489208633094,0.012949640287769784,0.0,0.0
0877 NDB-SI-MA-STRv Lhx8 Gaba_2,0.0,0.0,0.004807692307692308,0.0,0.0,0.0,0.0,0.0,0.15865384615384615,0.0,0.5961538461538461,0.23076923076923078,0.0,0.0,0.0,0.0,0.0,0.0,0.009615384615384616,0.0,0.0,0.0,0.0,0.0,0.0
0878 NDB-SI-MA-STRv Lhx8 Gaba_2,0.0,0.0,0.009389671361502348,0.0,0.014084507042253521,0.0,0.0,0.0,0.07981220657276995,0.0,0.5915492957746479,0.3051643192488263,0.0,0.0,0.0,0.0,0.0,0.0,0.0,0.0,0.0,0.0,0.0,0.0,0.0
0879 NDB-SI-MA-STRv Lhx8 Gaba_3,0.0,0.0,0.0,0.0,0.06201550387596899,0.0,0.0,0.0,0.0,0.0,0.7984496124031008,0.13953488372093023,0.0,0.0,0.0,0.0,0.0,0.0,0.0,0.0,0.0,0.0,0.0,0.0,0.0
0880 NDB-SI-MA-STRv Lhx8 Gaba_3,0.0,0.0,0.0,0.0,0.07692307692307693,0.0,0.0,0.0,0.0,0.0,0.7846153846153846,0.13846153846153847,0.0,0.0,0.0,0.0,0.0,0.0,0.0,0.0,0.0,0.0,0.0,0.0,0.0
0881 NDB-SI-MA-STRv Lhx8 Gaba_3,0.0,0.0,0.0,0.0,0.03389830508474576,0.0,0.0,0.0,0.0,0.0,0.9322033898305084,0.03389830508474576,0.0,0.0,0.0,0.0,0.0,0.0,0.0,0.0,0.0,0.0,0.0,0.0,0.0
0882 NDB-SI-MA-STRv Lhx8 Gaba_3,0.0,0.0,0.0,0.0,0.125,0.0,0.0,0.0,0.0,0.0,0.75,0.125,0.0,0.0,0.0,0.0,0.0,0.0,0.0,0.0,0.0,0.0,0.0,0.0,0.0
0883 NDB-SI-MA-STRv Lhx8 Gaba_3,0.0,0.0,0.0,0.0,0.03333333333333333,0.0,0.0,0.0,0.0,0.0,0.4866666666666667,0.48,0.0,0.0,0.0,0.0,0.0,0.0,0.0,0.0,0.0,0.0,0.0,0.0,0.0
0884 NDB-SI-MA-STRv Lhx8 Gaba_3,0.0,0.0,0.0025188916876574307,0.0,0.027707808564231738,0.0,0.0,0.0,0.010075566750629723,0.0,0.9168765743073047,0.04030226700251889,0.0,0.0,0.0,0.0,0.0,0.0,0.0,0.0,0.0,0.0,0.0025188916876574307,0.0,0.0
0885 NDB-SI-MA-STRv Lhx8 Gaba_3,0.0,0.0,0.0,0.0,0.05069124423963134,0.0,0.0,0.0,0.0,0.0,0.9308755760368663,0.018433179723502304,0.0,0.0,0.0,0.0,0.0,0.0,0.0,0.0,0.0,0.0,0.0,0.0,0.0
0886 NDB-SI-MA-STRv Lhx8 Gaba_3,0.0,0.0,0.0,0.0,0.06060606060606061,0.0,0.0,0.0,0.0,0.0,0.8787878787878788,0.06060606060606061,0.0,0.0,0.0,0.0,0.0,0.0,0.0,0.0,0.0,0.0,0.0,0.0,0.0
0887 NDB-SI-MA-STRv Lhx8 Gaba_3,0.0,0.0,0.0,0.0,0.0,0.0,0.0,0.0,0.0,0.0,0.875,0.08333333333333333,0.0,0.0,0.0,0.0,0.0,0.0,0.0,0.0,0.0,0.0,0.041666666666666664,0.0,0.0
0888 NDB-SI-MA-STRv Lhx8 Gaba_3,0.0,0.0,0.0,0.0,0.2,0.0,0.0,0.0,0.0,0.0,0.7578947368421053,0.042105263157894736,0.0,0.0,0.0,0.0,0.0,0.0,0.0,0.0,0.0,0.0,0.0,0.0,0.0
0889 NDB-SI-MA-STRv Lhx8 Gaba_4,0.0,0.0,0.0,0.0,0.13157894736842105,0.0,0.0,0.0,0.0,0.0,0.7105263157894737,0.02631578947368421,0.0,0.0,0.0,0.0,0.0,0.0,0.0,0.0,0.0,0.13157894736842105,0.0,0.0,0.0
0890 NDB-SI-MA-STRv Lhx8 Gaba_4,0.0,0.0,0.0,0.0,0.09859154929577464,0.0,0.0,0.0,0.0,0.0,0.7323943661971831,0.028169014084507043,0.0,0.0,0.0,0.0,0.0,0.0,0.0,0.0,0.0,0.14084507042253522,0.0,0.0,0.0
0891 NDB-SI-MA-STRv Lhx8 Gaba_4,0.0,0.0,0.0,0.0,0.031578947368421054,0.0,0.0,0.0,0.0013157894736842105,0.0,0.8013157894736842,0.06315789473684211,0.0,0.0,0.0,0.0,0.0,0.0,0.0,0.0,0.0,0.1013157894736842,0.0013157894736842105,0.0,0.0
0892 NDB-SI-MA-STRv Lhx8 Gaba_4,0.0,0.0,0.0,0.0,0.03461538461538462,0.0,0.0,0.0,0.0,0.0,0.8176923076923077,0.05692307692307692,0.0,0.0,0.0,0.0,0.0,0.0,0.0,0.0,0.0,0.08923076923076922,0.0015384615384615385,0.0,0.0
0893 NDB-SI-MA-STRv Lhx8 Gaba_5,0.0,0.0,0.0,0.0,0.225,0.0,0.0,0.0,0.0,0.0,0.5,0.25,0.0,0.0,0.0,0.0,0.0,0.0,0.0,0.0,0.0,0.0,0.025,0.0,0.0
0894 NDB-SI-MA-STRv Lhx8 Gaba_5,0.0,0.0,0.0,0.0,0.4583333333333333,0.0,0.0,0.0,0.0,0.0,0.375,0.16666666666666666,0.0,0.0,0.0,0.0,0.0,0.0,0.0,0.0,0.0,0.0,0.0,0.0,0.0
0895 NDB-SI-MA-STRv Lhx8 Gaba_5,0.0,0.0,0.0,0.0,0.2916666666666667,0.0,0.0,0.0,0.0,0.0,0.4722222222222222,0.2222222222222222,0.0,0.0,0.0,0.0,0.0,0.0,0.0,0.0,0.0,0.0,0.013888888888888888,0.0,0.0
0896 NDB-SI-MA-STRv Lhx8 Gaba_5,0.0,0.0,0.0,0.0,0.0975609756097561,0.0,0.0,0.0,0.0,0.0,0.7967479674796748,0.10569105691056911,0.0,0.0,0.0,0.0,0.0,0.0,0.0,0.0,0.0,0.0,0.0,0.0,0.0
0897 NDB-SI-MA-STRv Lhx8 Gaba_5,0.0,0.0,0.0,0.0,0.07692307692307693,0.0,0.0,0.0,0.0,0.0,0.5641025641025641,0.34615384615384615,0.0,0.0,0.0,0.0,0.0,0.0,0.0,0.0,0.0,0.0,0.0,0.0,0.01282051282051282
0898 NDB-SI-MA-STRv Lhx8 Gaba_5,0.0,0.0,0.0,0.0,0.16379310344827586,0.0,0.0,0.0,0.0,0.0,0.6896551724137931,0.13793103448275862,0.0,0.0,0.0,0.0,0.0,0.0,0.0,0.0,0.0,0.0,0.008620689655172414,0.0,0.0
0899 NDB-SI-MA-STRv Lhx8 Gaba_6,0.0,0.0,0.04128440366972477,0.0,0.1926605504587156,0.0,0.0,0.0,0.0,0.0,0.41743119266055045,0.3394495412844037,0.0,0.0,0.0,0.0,0.0,0.0,0.0,0.0,0.0,0.0,0.009174311926605505,0.0,0.0
0900 NDB-SI-MA-STRv Lhx8 Gaba_6,0.0,0.0,0.0,0.0,0.47619047619047616,0.0,0.0,0.0,0.0,0.0,0.32142857142857145,0.17857142857142858,0.0,0.0,0.0,0.0,0.0,0.0,0.0,0.0,0.0,0.0,0.023809523809523808,0.0,0.0
0901 NDB-SI-MA-STRv Lhx8 Gaba_6,0.0,0.0,0.007751937984496124,0.0,0.2248062015503876,0.0,0.0,0.0,0.0,0.0,0.4186046511627907,0.3333333333333333,0.0,0.0,0.0,0.0,0.0,0.0,0.0,0.0,0.0,0.0,0.015503875968992248,0.0,0.0
0902 NDB-SI-MA-STRv Lhx8 Gaba_6,0.0,0.0,0.03278688524590164,0.0,0.04918032786885246,0.0,0.0,0.0,0.0,0.0,0.3114754098360656,0.5901639344262295,0.0,0.0,0.0,0.0,0.0,0.0,0.0,0.0,0.0,0.0,0.01639344262295082,0.0,0.0
0903 NDB-SI-MA-STRv Lhx8 Gaba_6,0.0,0.0,0.0,0.0,0.02666666666666667,0.0,0.0,0.0,0.0,0.0,0.32,0.6533333333333333,0.0,0.0,0.0,0.0,0.0,0.0,0.0,0.0,0.0,0.0,0.0,0.0,0.0
0904 NDB-SI-MA-STRv Lhx8 Gaba_7,0.0,0.0,0.0,0.0,0.12554112554112554,0.0,0.0,0.0,0.004329004329004329,0.0,0.49783549783549785,0.3722943722943723,0.0,0.0,0.0,0.0,0.0,0.0,0.0,0.0,0.0,0.0,0.0,0.0,0.0
0905 NDB-SI-MA-STRv Lhx8 Gaba_7,0.0,0.0,0.0,0.0,0.087248322147651,0.0,0.0,0.0,0.0,0.0,0.7046979865771812,0.2080536912751678,0.0,0.0,0.0,0.0,0.0,0.0,0.0,0.0,0.0,0.0,0.0,0.0,0.0
0906 NDB-SI-MA-STRv Lhx8 Gaba_7,0.0,0.0,0.0,0.0,0.15137614678899083,0.0,0.0,0.0,0.045871559633027525,0.0,0.48623853211009177,0.3165137614678899,0.0,0.0,0.0,0.0,0.0,0.0,0.0,0.0,0.0,0.0,0.0,0.0,0.0
0907 NDB-SI-MA-STRv Lhx8 Gaba_8,0.0,0.0,0.0,0.0,0.104,0.0,0.0,0.0,0.042666666666666665,0.0,0.7066666666666667,0.13333333333333333,0.0,0.0,0.0,0.0,0.0,0.0,0.0,0.0,0.0,0.005333333333333333,0.008,0.0,0.0
0908 NDB-SI-MA-STRv Lhx8 Gaba_8,0.0,0.0,0.0,0.0,0.11290322580645161,0.0,0.0,0.0,0.0,0.0,0.6008064516129032,0.056451612903225805,0.004032258064516129,0.0,0.0,0.0,0.0,0.0,0.0,0.0,0.0,0.22580645161290322,0.0,0.0,0.0
0909 NDB-SI-MA-STRv Lhx8 Gaba_8,0.0,0.0,0.0,0.0,0.034482758620689655,0.0,0.0,0.0,0.0,0.0,0.7931034482758621,0.10344827586206896,0.0,0.0,0.0,0.0,0.0,0.0,0.0,0.0,0.0,0.06896551724137931,0.0,0.0,0.0
0910 NDB-SI-MA-STRv Lhx8 Gaba_9,0.0,0.0,0.0,0.0,0.09154929577464789,0.0,0.0,0.0,0.0,0.0,0.5563380281690141,0.34507042253521125,0.0,0.0,0.0,0.0,0.0,0.0,0.0,0.0,0.0,0.0,0.007042253521126761,0.0,0.0
0911 NDB-SI-MA-STRv Lhx8 Gaba_9,0.0,0.0,0.0,0.0,0.2549019607843137,0.0,0.0,0.0,0.0,0.0,0.49019607843137253,0.2549019607843137,0.0,0.0,0.0,0.0,0.0,0.0,0.0,0.0,0.0,0.0,0.0,0.0,0.0
0912 NDB-SI-MA-STRv Lhx8 Gaba_10,0.0,0.0,0.01238390092879257,0.0,0.04953560371517028,0.006191950464396285,0.0030959752321981426,0.0,0.24458204334365324,0.0,0.43962848297213625,0.23219814241486067,0.0,0.0,0.0,0.0,0.0,0.0,0.0030959752321981426,0.0030959752321981426,0.0,0.0,0.0,0.0,0.006191950464396285
0913 NDB-SI-MA-STRv Lhx8 Gaba_10,0.0,0.0,0.0,0.0,0.061946902654867256,0.0,0.0,0.0,0.008849557522123894,0.0,0.6371681415929203,0.2743362831858407,0.0,0.0,0.0,0.0,0.0,0.0,0.0,0.0,0.0,0.0,0.0,0.0,0.017699115044247787
0914 NDB-SI-MA-STRv Lhx8 Gaba_10,0.0,0.0,0.00980392156862745,0.0,0.049019607843137254,0.0,0.0,0.0,0.08823529411764706,0.00980392156862745,0.5588235294117647,0.2647058823529412,0.0,0.0,0.0,0.0,0.0,0.0,0.00980392156862745,0.0,0.0,0.00980392156862745,0.0,0.0,0.0
0915 NDB-SI-MA-STRv Lhx8 Gaba_11,0.0,0.0,0.004210526315789474,0.0,0.01263157894736842,0.0,0.0,0.0,0.08210526315789474,0.0,0.6378947368421053,0.26105263157894737,0.0,0.0,0.0,0.0,0.0,0.0,0.0,0.0,0.0,0.0,0.002105263157894737,0.0,0.0
0916 NDB-SI-MA-STRv Lhx8 Gaba_12,0.0,0.0,0.08854166666666667,0.0,0.07291666666666667,0.005208333333333333,0.0,0.0,0.052083333333333336,0.0,0.2760416666666667,0.421875,0.0,0.0,0.0,0.0,0.0,0.0,0.010416666666666666,0.0,0.0,0.020833333333333332,0.052083333333333336,0.0,0.0
0917 NDB-SI-MA-STRv Lhx8 Gaba_13,0.0,0.0,0.0,0.0,0.0,0.0,0.0,0.0,0.037037037037037035,0.0,0.6111111111111112,0.35185185185185186,0.0,0.0,0.0,0.0,0.0,0.0,0.0,0.0,0.0,0.0,0.0,0.0,0.0
0918 GPe-SI Sox6 Cyp26b1 Gaba_1,0.0,0.0,0.0,0.0,0.0015723270440251573,0.0,0.0,0.0,0.0,0.0,0.7641509433962265,0.0440251572327044,0.0,0.0,0.0,0.0,0.0,0.0,0.0,0.0,0.0,0.18867924528301888,0.0015723270440251573,0.0,0.0
0919 GPe-SI Sox6 Cyp26b1 Gaba_2,0.0,0.0,0.0,0.0,0.08583690987124463,0.0,0.0,0.0,0.004291845493562232,0.0,0.5493562231759657,0.18454935622317598,0.0,0.0,0.0,0.0,0.0,0.0,0.0,0.0,0.0,0.1630901287553648,0.012875536480686695,0.0,0.0
0920 GPe-SI Sox6 Cyp26b1 Gaba_2,0.0,0.0,0.0,0.0,0.0,0.0,0.0,0.0,0.0,0.0,0.6071428571428571,0.32142857142857145,0.0,0.0,0.0,0.0,0.0,0.0,0.0,0.0,0.0,0.07142857142857142,0.0,0.0,0.0
0921 GPe-SI Sox6 Cyp26b1 Gaba_2,0.0,0.0,0.011834319526627219,0.0,0.029585798816568046,0.0,0.0,0.0,0.005917159763313609,0.0,0.757396449704142,0.1893491124260355,0.0,0.0,0.0,0.0,0.0,0.0,0.0,0.0,0.0,0.005917159763313609,0.0,0.0,0.0
0922 GPe-SI Sox6 Cyp26b1 Gaba_2,0.0,0.0,0.02564102564102564,0.0,0.02564102564102564,0.0,0.0,0.0,0.1282051282051282,0.0,0.41025641025641024,0.41025641025641024,0.0,0.0,0.0,0.0,0.0,0.0,0.0,0.0,0.0,0.0,0.0,0.0,0.0
0923 PAL-STR Gaba-Chol_1,0.0,0.0,0.0,0.0,0.0,0.0,0.0,0.0,0.0,0.0,0.8484848484848485,0.15151515151515152,0.0,0.0,0.0,0.0,0.0,0.0,0.0,0.0,0.0,0.0,0.0,0.0,0.0
0924 PAL-STR Gaba-Chol_1,0.0,0.0,0.0,0.0,0.10483870967741936,0.0,0.0,0.0,0.0,0.0,0.7056451612903226,0.1814516129032258,0.0,0.0,0.0,0.0,0.004032258064516129,0.0,0.0,0.0,0.0,0.0,0.004032258064516129,0.0,0.0
0925 PAL-STR Gaba-Chol_1,0.0,0.0,0.0,0.0,0.02512562814070352,0.0,0.0,0.0,0.0,0.0,0.8190954773869347,0.15577889447236182,0.0,0.0,0.0,0.0,0.0,0.0,0.0,0.0,0.0,0.0,0.0,0.0,0.0
0926 PAL-STR Gaba-Chol_1,0.0,0.0,0.0,0.0,0.13333333333333333,0.0,0.0,0.0,0.0,0.0,0.7333333333333333,0.13333333333333333,0.0,0.0,0.0,0.0,0.0,0.0,0.0,0.0,0.0,0.0,0.0,0.0,0.0
0927 PAL-STR Gaba-Chol_1,0.0,0.0,0.0,0.0,0.08156028368794327,0.0,0.0,0.0,0.005319148936170213,0.0,0.7180851063829787,0.0726950354609929,0.0,0.0017730496453900709,0.0,0.0,0.0,0.0,0.0,0.0,0.0070921985815602835,0.11170212765957446,0.0017730496453900709,0.0,0.0
0928 PAL-STR Gaba-Chol_1,0.0,0.0,0.0,0.0,0.047872340425531915,0.0,0.0,0.0,0.0,0.0,0.7819148936170213,0.16489361702127658,0.0,0.0,0.0,0.0,0.005319148936170213,0.0,0.0,0.0,0.0,0.0,0.0,0.0,0.0
0929 PAL-STR Gaba-Chol_2,0.0,0.0,0.0,0.0,0.012195121951219513,0.0,0.0,0.0,0.0,0.0,0.4634146341463415,0.4268292682926829,0.0,0.0,0.0,0.0,0.0,0.0,0.0,0.0,0.0,0.06097560975609756,0.036585365853658534,0.0,0.0
0930 PAL-STR Gaba-Chol_2,0.0,0.0,0.0,0.0,0.0,0.0,0.0,0.0,0.0,0.0,0.6326530612244898,0.3673469387755102,0.0,0.0,0.0,0.0,0.0,0.0,0.0,0.0,0.0,0.0,0.0,0.0,0.0
0931 PAL-STR Gaba-Chol_2,0.0,0.0,0.004347826086956522,0.0,0.0,0.0,0.0,0.0,0.08260869565217391,0.0,0.2608695652173913,0.6478260869565218,0.0,0.0,0.0,0.0,0.0,0.0,0.0,0.0,0.0,0.0,0.004347826086956522,0.0,0.0
0932 PAL-STR Gaba-Chol_2,0.0,0.0,0.0,0.0,0.0375,0.0,0.0,0.0,0.0125,0.0,0.6125,0.325,0.0,0.0,0.0,0.0,0.0,0.0,0.0,0.0,0.0,0.0,0.0125,0.0,0.0
0933 PAL-STR Gaba-Chol_2,0.0,0.0,0.0,0.0,0.005128205128205128,0.0008547008547008547,0.0,0.0,0.011111111111111112,0.0,0.11965811965811966,0.8435897435897436,0.0,0.0,0.0,0.0008547008547008547,0.0,0.0,0.0008547008547008547,0.0,0.0,0.011965811965811967,0.004273504273504274,0.0,0.0017094017094017094
0934 PAL-STR Gaba-Chol_3,0.0,0.0,0.0,0.0,0.13513513513513514,0.0,0.0,0.0,0.0,0.0,0.6891891891891891,0.13513513513513514,0.013513513513513514,0.013513513513513514,0.0,0.0,0.0,0.0,0.0,0.0,0.0,0.0,0.013513513513513514,0.0,0.0
0935 PAL-STR Gaba-Chol_3,0.0,0.0,0.0,0.0,0.015151515151515152,0.0,0.0,0.0,0.0,0.0,0.6363636363636364,0.3484848484848485,0.0,0.0,0.0,0.0,0.0,0.0,0.0,0.0,0.0,0.0,0.0,0.0,0.0
0936 PAL-STR Gaba-Chol_3,0.0,0.0,0.0,0.0,0.03529411764705882,0.0,0.0,0.0,0.0,0.0,0.9529411764705882,0.011764705882352941,0.0,0.0,0.0,0.0,0.0,0.0,0.0,0.0,0.0,0.0,0.0,0.0,0.0
0937 PAL-STR Gaba-Chol_3,0.0,0.0,0.0,0.0,0.07947019867549669,0.0,0.0,0.0,0.0,0.0,0.7748344370860927,0.1456953642384106,0.0,0.0,0.0,0.0,0.0,0.0,0.0,0.0,0.0,0.0,0.0,0.0,0.0
0938 PAL-STR Gaba-Chol_3,0.0,0.0,0.0,0.0,0.030303030303030304,0.0,0.0,0.0,0.007575757575757576,0.0,0.803030303030303,0.1590909090909091,0.0,0.0,0.0,0.0,0.0,0.0,0.0,0.0,0.0,0.0,0.0,0.0,0.0
0939 OT D3 Folh1 Gaba_1,0.0,0.0,0.0,0.0,0.00020903010033444816,0.0,0.0,0.0,0.00020903010033444816,0.0,0.07922240802675586,0.9142976588628763,0.0,0.0,0.0,0.0,0.0,0.0,0.00020903010033444816,0.0,0.0,0.0,0.0,0.0,0.005852842809364548
0940 OT D3 Folh1 Gaba_2,0.0,0.0,0.0,0.0,0.0,0.0,0.0,0.0,0.0024813895781637717,0.0,0.07692307692307693,0.9181141439205955,0.0,0.0,0.0,0.0,0.0,0.0,0.0,0.0,0.0,0.0,0.0,0.0,0.0024813895781637717
0941 OT D3 Folh1 Gaba_3,0.0,0.0,0.0,0.00033200531208499334,0.0,0.0,0.0,0.0,0.05644090305444887,0.0,0.022908366533864542,0.8904382470119522,0.0,0.0,0.0,0.0,0.0013280212483399733,0.0,0.00099601593625498,0.0,0.0,0.0,0.0,0.0,0.02755644090305445
0942 OT D3 Folh1 Gaba_3,0.0,0.0,0.0,0.0,0.0,0.0,0.0,0.0,0.386962890625,0.0,0.001708984375,0.585205078125,0.0,0.0,0.0,0.0,0.0,0.0,0.00830078125,0.0,0.0,0.0,0.0,0.0,0.017822265625
0943 STR D1 Gaba_1,0.0,0.0,0.0013012361743656475,0.0,0.0016265452179570592,0.0,0.0,0.0,0.0029277813923227064,0.0,0.05172413793103448,0.9313597918022121,0.0,0.0,0.0,0.0006506180871828237,0.0016265452179570592,0.0,0.00032530904359141186,0.0,0.0,0.0009759271307742355,0.004554326610279766,0.0,0.0029277813923227064
0944 STR D1 Gaba_1,0.0,0.0,0.0,0.0,0.0,0.0,0.0,0.0,0.0,0.0,0.07869742198100407,0.9185888738127544,0.0,0.0,0.0,0.0,0.0,0.0,0.0,0.0,0.0,0.0027137042062415195,0.0,0.0,0.0
0945 STR D1 Gaba_1,0.0,0.0,0.007246376811594203,0.0,0.0,0.0,0.0,0.0,0.010869565217391304,0.0,0.043478260869565216,0.9329710144927537,0.0,0.0,0.0,0.0,0.0,0.0,0.0,0.0,0.0,0.0,0.005434782608695652,0.0,0.0
0946 STR D1 Gaba_1,0.0,0.0,0.0,0.0,0.0,0.0,0.0,0.0,0.0,0.0,0.005063291139240506,0.9949367088607595,0.0,0.0,0.0,0.0,0.0,0.0,0.0,0.0,0.0,0.0,0.0,0.0,0.0
0947 STR D1 Gaba_1,0.0,0.0,0.012084592145015106,0.0,0.0030211480362537764,0.0,0.0,0.0,0.08459214501510574,0.0,0.1661631419939577,0.7129909365558912,0.0,0.0,0.0,0.0,0.0,0.0,0.0,0.0,0.0,0.0030211480362537764,0.01812688821752266,0.0,0.0
0948 STR D1 Gaba_2,0.0,0.0,0.00029726516052318666,0.0,0.0,0.0,0.0,0.0,0.0014863258026159335,0.0,0.01248513674197384,0.9738406658739596,0.0,0.0,0.0,0.00267538644470868,0.0008917954815695601,0.0,0.0035671819262782403,0.0,0.0,0.002972651605231867,0.0014863258026159335,0.0,0.00029726516052318666
0949 STR D1 Gaba_2,0.0,0.0,0.0,0.0,0.0,0.0,0.0,0.0,0.0,0.0,0.0,0.9984732824427481,0.0,0.0,0.0,0.0,0.0,0.0,0.0,0.0,0.0,0.0,0.0015267175572519084,0.0,0.0
0950 STR D1 Gaba_3,0.0,0.0,0.0,0.0,0.0,0.00011909369696608807,0.0,0.0,5.954684848304403e-05,0.0,0.00026796081817369815,0.9921695894244797,0.0,0.0,0.0,0.0032453032423259,0.0,0.0,0.0,0.0,0.0,0.004019412272605472,8.932027272456605e-05,0.0,2.9773424241522017e-05
0951 STR D1 Gaba_3,0.0,0.0,0.0,0.0,0.0,0.0005513059058645166,0.0,0.0,0.00013782647646612916,0.0,0.0,0.9962786851354145,0.0,0.0,0.0,0.0,0.0,0.0,0.0,0.0,0.0,0.003032182482254841,0.0,0.0,0.0
0952 STR D1 Gaba_3,0.0,0.0,0.0,0.0,0.0,0.0,0.0,0.0,0.0,0.0,0.0,0.9986807387862797,0.0,0.0,0.0,0.0,0.0,0.0,0.0,0.0,0.0,0.0013192612137203166,0.0,0.0,0.0
0953 STR D1 Gaba_4,0.0,0.0,0.00017029972752043596,0.0,0.0,0.0008514986376021798,0.0,0.0,0.0008514986376021798,0.0,0.0013623978201634877,0.9158719346049047,0.0,0.0,0.0,0.0042574931880109,0.0,0.0,0.0,0.0,0.0,0.07663487738419618,0.0,0.0,0.0
0954 STR D1 Gaba_4,0.0,0.0,6.153088850603002e-05,0.0,0.0,0.0,0.0,0.0,0.0004307162195422102,0.0,0.0017228648781688408,0.9700344572975633,0.0,0.0,0.0,0.010029534826482894,0.00012306177701206005,0.0,0.00036918533103618014,0.0,0.00012306177701206005,0.016797932562146196,0.00012306177701206005,0.0,0.00018459266551809007
0955 STR D1 Gaba_5,0.0,0.0,0.0,0.0,0.0,0.0,0.0,0.0,0.0,0.0,0.26875,0.73125,0.0,0.0,0.0,0.0,0.0,0.0,0.0,0.0,0.0,0.0,0.0,0.0,0.0
0956 STR D1 Gaba_5,0.0,0.0,0.0,0.0,0.0,0.0,0.0,0.0,0.0,0.0,0.17801047120418848,0.8010471204188482,0.0,0.0,0.0,0.0,0.0,0.0,0.0,0.0,0.0,0.015706806282722512,0.005235602094240838,0.0,0.0
0957 STR D1 Gaba_5,0.0,0.0,0.0,0.0,0.0,0.0,0.0,0.0,0.0,0.0,0.12475442043222004,0.8703339882121808,0.0,0.0,0.0,0.0,0.0,0.0,0.0,0.0,0.0,0.0019646365422396855,0.0029469548133595285,0.0,0.0
0958 STR D1 Gaba_6,0.0,0.0,0.00015332720024532353,0.0,0.0,0.0,0.0,0.0,0.028518859245630176,0.0,0.03235203925176326,0.9181232750689973,0.0,0.0,0.0,0.008739650413983441,0.0,0.0,0.0018399264029438822,0.0,0.0,0.008432996013492794,0.00015332720024532353,0.0,0.0016865992026985587
0959 STR D1 Gaba_6,0.0,0.0,0.00019749185346104473,0.0,0.0,0.0,0.0,0.0,0.043053224054507754,0.0,0.032388663967611336,0.9084625259208058,0.0,0.0,0.0,0.004542312629604029,9.874592673052236e-05,0.0,0.0006912214871136566,0.0,0.0,0.004048582995951417,9.874592673052236e-05,0.0,0.006418485237483954
0960 STR D1 Gaba_7,0.0,0.0,0.04982346018046293,0.0,0.0,0.00039231071008238524,0.0,0.0,0.0,0.0,0.10710082385249117,0.4970576696743821,0.0,0.0,0.0,0.017653981953707338,0.005884660651235779,0.0,0.0,0.0,0.005884660651235779,0.30717928599450767,0.009023146331894862,0.0,0.0
0961 STR D1 Gaba_8,0.0,0.0,0.0007054673721340388,0.0,0.0,0.0,0.0,0.0,0.0,0.0,0.006701940035273368,0.9756613756613757,0.0,0.0,0.0,0.008112874779541446,0.0003527336860670194,0.0,0.003703703703703704,0.0,0.0005291005291005291,0.0038800705467372134,0.0003527336860670194,0.0,0.0
0962 STR D1 Gaba_8,0.0,0.0,0.0,0.0,0.002320185614849188,0.0,0.0,0.0,0.004640371229698376,0.0,0.06264501160092807,0.91415313225058,0.0,0.0,0.0,0.001160092807424594,0.001160092807424594,0.0,0.01160092807424594,0.0,0.001160092807424594,0.001160092807424594,0.0,0.0,0.0
0963 STR D1 Gaba_8,0.0,0.0,0.0,0.0,0.0,0.0,0.0,0.0,0.0045662100456621,0.0,0.001141552511415525,0.9885844748858448,0.0,0.0,0.0,0.005707762557077625,0.0,0.0,0.0,0.0,0.0,0.0,0.0,0.0,0.0
0964 STR D1 Gaba_9,0.0,0.0,0.0,0.0,0.0,0.0,0.0,0.0,0.0022742040285899934,0.0,0.001949317738791423,0.98862897985705,0.0,0.0,0.0,0.005847953216374269,0.0,0.0,0.000649772579597141,0.0,0.0,0.000649772579597141,0.0,0.0,0.0
0965 STR D2 Gaba_1,0.0,0.0,0.0,0.0,0.008130081300813009,0.0,0.0,0.0,0.0,0.0,0.22764227642276422,0.6341463414634146,0.0,0.0,0.0,0.024390243902439025,0.0,0.0,0.08943089430894309,0.0,0.0,0.0,0.016260162601626018,0.0,0.0
0966 STR D2 Gaba_1,0.0,0.0,0.0,0.0,0.0,0.0,0.0,0.0,0.0,0.0,0.16326530612244897,0.8367346938775511,0.0,0.0,0.0,0.0,0.0,0.0,0.0,0.0,0.0,0.0,0.0,0.0,0.0
0967 STR D2 Gaba_1,0.0,0.0,0.0,0.0,0.0,0.0,0.0,0.0,0.0,0.0,0.030612244897959183,0.9387755102040817,0.0,0.0,0.0,0.0,0.0,0.0,0.0,0.0,0.0,0.030612244897959183,0.0,0.0,0.0
0968 STR D2 Gaba_1,0.0,0.0,0.0211864406779661,0.0,0.0,0.0,0.0,0.0,0.0,0.0,0.00847457627118644,0.9576271186440678,0.0,0.0,0.0,0.0,0.0,0.0,0.0,0.0,0.0,0.012711864406779662,0.0,0.0,0.0
0969 STR D2 Gaba_1,0.0,0.0,0.0,0.0,0.0,0.0,0.0,0.0,0.0,0.0,0.34782608695652173,0.6086956521739131,0.0,0.0,0.0,0.0,0.0,0.0,0.0,0.0,0.0,0.0,0.043478260869565216,0.0,0.0
0970 STR D2 Gaba_1,0.0,0.0,0.16041076487252123,0.0,0.0010623229461756375,0.0010623229461756375,0.0,0.0,0.000708215297450425,0.0,0.021954674220963172,0.7234419263456091,0.0,0.0,0.0,0.004957507082152974,0.002124645892351275,0.0,0.0010623229461756375,0.0,0.002124645892351275,0.0764872521246459,0.004603399433427762,0.0,0.0
0971 STR D2 Gaba_1,0.0,0.0,0.0,0.0,0.011764705882352941,0.0,0.0,0.0,0.0,0.0,0.15294117647058825,0.6588235294117647,0.0,0.0,0.0,0.09411764705882353,0.0058823529411764705,0.0,0.01764705882352941,0.0,0.0,0.0,0.058823529411764705,0.0,0.0
0972 STR D2 Gaba_2,0.0,0.0,0.0668824163969795,0.0,0.0,0.0,0.0,0.0,0.003236245954692557,0.0,0.014023732470334413,0.8284789644012945,0.0,0.0,0.0,0.003236245954692557,0.0,0.0,0.0,0.0,0.0010787486515641855,0.08090614886731391,0.002157497303128371,0.0,0.0
0973 STR D2 Gaba_2,0.0,0.0,0.0,0.0,0.0,0.0,0.0,0.0,0.0007630675314765357,0.0,0.00038153376573826786,0.9950400610454025,0.0,0.0,0.0,0.003052270125906143,0.0,0.0,0.00038153376573826786,0.0,0.0,0.00038153376573826786,0.0,0.0,0.0
0974 STR D2 Gaba_2,0.0,0.0,0.0,0.0,0.0,0.0,0.0,0.0,0.0,0.0,0.012658227848101266,0.9852320675105485,0.0,0.0,0.0,0.0,0.002109704641350211,0.0,0.0,0.0,0.0,0.0,0.0,0.0,0.0
0975 STR D2 Gaba_2,0.0,0.0,0.0014417878168929473,0.0,0.0,0.00048059593896431575,0.0,0.0,0.012855941367295447,0.0,0.020545476390724498,0.9371620809804158,0.0,0.0,0.0,0.016099963955304577,0.00036044695422323683,0.0,0.0014417878168929473,0.0,0.0,0.007569386038687973,0.0012014898474107894,0.0,0.0008410428931875525
0976 STR D2 Gaba_2,0.0,0.0,0.0009243364584708834,0.0,0.0,0.0,0.0,0.0,0.03235177604648092,0.0,0.041463092565693915,0.9157533342136538,0.0,0.0,0.0,0.0014525287204542453,0.00013204806549584047,0.0,0.0,0.0,0.0,0.005810114881816981,0.0006602403274792025,0.0,0.0014525287204542453
0977 STR D2 Gaba_2,0.0,0.0,0.00022007042253521127,0.0,0.0,0.0,0.0,0.0,0.0011003521126760564,0.0,0.009683098591549295,0.9700704225352113,0.0,0.0,0.0,0.014084507042253521,0.0006602112676056338,0.0,0.0013204225352112676,0.0,0.0,0.0013204225352112676,0.0013204225352112676,0.0,0.00022007042253521127
0978 STR D2 Gaba_3,0.0,0.0,0.07370184254606366,0.0,0.0016750418760469012,0.005025125628140704,0.0,0.0,0.02680067001675042,0.0,0.08877721943048576,0.7152428810720268,0.0,0.0,0.0,0.010050251256281407,0.0,0.0,0.018425460636515914,0.0,0.0,0.023450586264656615,0.03685092127303183,0.0,0.0
0979 STR D2 Gaba_4,0.0,0.0,0.0006770480704129993,0.0,0.0,0.002031144211238998,0.0,0.0,0.002708192281651997,0.0,0.0011284134506883321,0.9304897314375987,0.0,0.0,0.0,0.004739336492890996,0.0,0.0,0.00022568269013766644,0.0,0.0,0.058000451365380276,0.0,0.0,0.0
0980 STR D2 Gaba_4,0.0,0.0,0.0,0.0,0.0,0.0,0.0,0.0,0.0,0.0,0.0005694760820045558,0.9638382687927107,0.0,0.0,0.0,0.022779043280182234,0.0002847380410022779,0.0,0.0005694760820045558,0.0,0.0,0.011674259681093395,0.0002847380410022779,0.0,0.0
0981 STR D2 Gaba_4,0.0,0.0,4.5071438229593905e-05,0.0,0.0,0.00013521431468878172,0.0,0.0,0.00018028575291837562,0.0,0.0008112858881326904,0.9883715689367648,0.0,0.0,0.0,0.004462072384729797,0.0,0.0,4.5071438229593905e-05,0.0,0.0,0.005949429846306396,0.0,0.0,0.0
0982 STR D2 Gaba_4,0.0,0.0,5.0503775157193e-05,0.0,0.0,0.0002777707633645615,0.0,0.0,0.0002777707633645615,0.0,0.000151511325471579,0.9865912476957652,0.0,0.0,0.0,0.0004797858639933335,0.0,0.0,2.52518875785965e-05,0.0,0.0,0.01212090603772632,2.52518875785965e-05,0.0,0.0
0983 STR D2 Gaba_5,0.0,0.0,0.0005991611743559018,0.0,0.0,0.0,0.0,0.0,0.0,0.0,0.0695026962252846,0.92690233672858,0.0,0.0,0.0,0.0,0.0,0.0,0.0017974835230677051,0.0,0.0,0.0,0.0011983223487118035,0.0,0.0
0984 STR D2 Gaba_5,0.0,0.0,0.0,0.0,0.020050125313283207,0.0,0.0,0.0,0.0,0.0,0.20300751879699247,0.7418546365914787,0.0,0.0,0.0,0.0,0.0,0.0,0.02756892230576441,0.0,0.0,0.0,0.005012531328320802,0.0,0.002506265664160401
0985 STR D2 Gaba_5,0.0,0.0,0.0,0.0,0.0007996801279488205,0.0,0.0,0.0,0.00039984006397441024,0.0,0.009996001599360257,0.9812075169932027,0.0,0.0,0.0,0.0027988804478208716,0.0,0.0,0.004398240703718513,0.0,0.0,0.0,0.00039984006397441024,0.0,0.0
0986 STR D2 Gaba_6,0.0,0.0,0.0,0.0,0.0,0.0,0.0,0.0,0.026722925457102673,0.0,0.007032348804500703,0.9465541490857946,0.0,0.0,0.0,0.008438818565400843,0.0,0.0,0.007032348804500703,0.0,0.0,0.004219409282700422,0.0,0.0,0.0
0987 STR D2 Gaba_6,0.0,0.0,0.004098360655737705,0.0,0.0,0.0,0.0,0.0,0.012295081967213115,0.0,0.001366120218579235,0.8907103825136612,0.0,0.0,0.0,0.009562841530054645,0.0,0.0,0.0,0.0,0.0,0.08196721311475409,0.0,0.0,0.0
0988 STR D2 Gaba_6,0.0,0.0,0.0,0.0,0.0,0.0,0.0,0.0,0.006641366223908918,0.0,0.003795066413662239,0.9705882352941176,0.0,0.0,0.0,0.0,0.0,0.0,0.003795066413662239,0.0,0.0,0.015180265654648957,0.0,0.0,0.0
0989 STR D2 Gaba_7,0.0,0.0,0.019417475728155338,0.0,0.0,0.0,0.0,0.0,0.0,0.0,0.16990291262135923,0.7330097087378641,0.0,0.0,0.0,0.019417475728155338,0.0,0.0,0.0,0.0,0.009708737864077669,0.009708737864077669,0.038834951456310676,0.0,0.0
0990 STR D1 Sema5a Gaba_1,0.0,0.0,0.007272727272727273,0.0,0.0,0.009696969696969697,0.0,0.0,0.019393939393939394,0.0,0.03151515151515152,0.8072727272727273,0.0,0.0,0.0,0.03272727272727273,0.0,0.0,0.013333333333333334,0.0,0.0,0.0703030303030303,0.007272727272727273,0.0012121212121212121,0.0
0991 STR D1 Sema5a Gaba_1,0.0,0.0,0.0,0.0,0.0,0.0014822134387351778,0.0,0.0,0.0014822134387351778,0.0,0.001976284584980237,0.9461462450592886,0.0,0.0,0.0,0.015810276679841896,0.0,0.0,0.0029644268774703555,0.0,0.0,0.02717391304347826,0.0009881422924901185,0.001976284584980237,0.0
0992 STR D1 Sema5a Gaba_2,0.0,0.0,0.0,0.0,0.0,0.0,0.0,0.0,0.0416141235813367,0.0,0.027742749054224466,0.9104665825977302,0.0,0.0,0.0,0.01008827238335435,0.0,0.0,0.01008827238335435,0.0,0.0,0.0,0.0,0.0,0.0
0993 STR D1 Sema5a Gaba_2,0.0,0.0,0.0,0.0,0.0,0.0,0.0,0.0,0.03260869565217391,0.0,0.043478260869565216,0.8804347826086957,0.0,0.0,0.0,0.021739130434782608,0.0,0.0,0.010869565217391304,0.0,0.0,0.005434782608695652,0.005434782608695652,0.0,0.0
0994 STR D1 Sema5a Gaba_2,0.0,0.0,0.0,0.0,0.0,0.0,0.0,0.0,0.022916666666666665,0.0,0.00625,0.9520833333333333,0.0,0.0,0.0,0.01875,0.0,0.0,0.0,0.0,0.0,0.0,0.0,0.0,0.0
0995 STR D1 Sema5a Gaba_2,0.0,0.0,0.002242152466367713,0.0,0.0,0.0,0.0,0.0,0.02242152466367713,0.0,0.013452914798206279,0.9349775784753364,0.0,0.0,0.0,0.004484304932735426,0.0,0.0,0.017937219730941704,0.0,0.0,0.002242152466367713,0.0,0.0,0.002242152466367713
0996 STR D1 Sema5a Gaba_2,0.0,0.0,0.01592356687898089,0.0,0.0,0.003980891719745223,0.0,0.0,0.12340764331210191,0.0,0.0875796178343949,0.6719745222929936,0.0,0.0,0.0,0.020700636942675158,0.0015923566878980893,0.0,0.01910828025477707,0.0,0.0,0.046974522292993634,0.007961783439490446,0.0007961783439490446,0.0
0997 STR D1 Sema5a Gaba_3,0.0,0.0,0.007349938750510413,0.0,0.0,0.0004083299305839118,0.0,0.0,0.32666394446712943,0.0,0.19804001633319723,0.4254797876684361,0.0,0.0,0.0,0.0,0.0004083299305839118,0.0,0.00449162923642303,0.0,0.0,0.00449162923642303,0.0012249897917517355,0.0,0.03144140465496121
0998 STR D1 Sema5a Gaba_3,0.0,0.0,0.032520325203252036,0.0,0.0032520325203252032,0.0032520325203252032,0.0,0.0,0.2048780487804878,0.0,0.23089430894308943,0.43414634146341463,0.0,0.0,0.0,0.0,0.0032520325203252032,0.0,0.0032520325203252032,0.0,0.0,0.013008130081300813,0.026016260162601626,0.0,0.04552845528455285
0999 STR D1 Sema5a Gaba_4,0.0,0.0,0.02631578947368421,0.0,0.0,0.0,0.0,0.0,0.0,0.0,0.19736842105263158,0.6710526315789473,0.0,0.0,0.0,0.013157894736842105,0.0,0.0,0.0,0.0,0.0,0.02631578947368421,0.06578947368421052,0.0,0.0
1000 STR D1 Sema5a Gaba_4,0.0,0.0,0.051490514905149054,0.0,0.0005420054200542005,0.007046070460704607,0.0,0.0,0.03902439024390244,0.0,0.18644986449864498,0.5897018970189702,0.0,0.0,0.0,0.013550135501355014,0.001084010840108401,0.0,0.018970189701897018,0.0,0.0016260162601626016,0.06449864498644986,0.025474254742547425,0.0005420054200542005,0.0
1001 STR-PAL Chst9 Gaba_1,0.0,0.0,0.033846153846153845,0.0,0.006153846153846154,0.03076923076923077,0.0,0.0,0.1123076923076923,0.0,0.11692307692307692,0.45692307692307693,0.0,0.0,0.0,0.0,0.0,0.0,0.010769230769230769,0.0,0.0,0.2123076923076923,0.016923076923076923,0.003076923076923077,0.0
1002 STR-PAL Chst9 Gaba_1,0.0,0.0,0.022321428571428572,0.0,0.004464285714285714,0.004464285714285714,0.0,0.0,0.3482142857142857,0.0,0.140625,0.39285714285714285,0.0,0.0,0.0,0.0,0.0,0.0,0.026785714285714284,0.0,0.0,0.03794642857142857,0.022321428571428572,0.0,0.0
1003 STR-PAL Chst9 Gaba_1,0.0,0.0,0.032167832167832165,0.0009324009324009324,0.013986013986013986,0.011188811188811189,0.0,0.0,0.03682983682983683,0.0,0.21585081585081586,0.48671328671328673,0.0013986013986013986,0.0,0.0,0.004662004662004662,0.0013986013986013986,0.0,0.007925407925407926,0.0,0.002331002331002331,0.15384615384615385,0.02843822843822844,0.002331002331002331,0.0
1004 STR-PAL Chst9 Gaba_2,0.0,0.0,0.11666666666666667,0.0,0.016666666666666666,0.0,0.0,0.0,0.0,0.0,0.25,0.55,0.016666666666666666,0.0,0.0,0.0,0.0,0.0,0.0,0.0,0.0,0.016666666666666666,0.03333333333333333,0.0,0.0
1005 STR-PAL Chst9 Gaba_2,0.0,0.0,0.30246913580246915,0.00102880658436214,0.00823045267489712,0.00720164609053498,0.0,0.0,0.037037037037037035,0.0,0.07818930041152264,0.4434156378600823,0.00102880658436214,0.0,0.0,0.0,0.00102880658436214,0.0,0.00411522633744856,0.0,0.00205761316872428,0.07304526748971193,0.0411522633744856,0.0,0.0
1006 STR-PAL Chst9 Gaba_2,0.0,0.0,0.19489559164733178,0.004640371229698376,0.002320185614849188,0.027842227378190254,0.0,0.0,0.1136890951276102,0.0,0.14617169373549885,0.39211136890951276,0.0,0.0,0.0,0.0,0.0,0.0,0.01160092807424594,0.0,0.0,0.0951276102088167,0.01160092807424594,0.0,0.0
1007 STR-PAL Chst9 Gaba_2,0.0,0.0,0.278,0.003,0.011,0.009,0.0,0.0,0.059,0.0,0.138,0.388,0.003,0.0,0.0,0.0,0.002,0.0,0.008,0.0,0.006,0.071,0.023,0.001,0.0
1008 STR-PAL Chst9 Gaba_3,0.0,0.0,0.0,0.0,0.012903225806451613,0.0,0.0,0.0,0.0064516129032258064,0.0,0.0967741935483871,0.8516129032258064,0.0,0.0,0.0,0.01935483870967742,0.0,0.0,0.012903225806451613,0.0,0.0,0.0,0.0,0.0,0.0
1009 STR-PAL Chst9 Gaba_3,0.0,0.0,0.09154929577464789,0.0,0.01733477789815818,0.009750812567713976,0.0,0.0,0.007583965330444204,0.0,0.21451787648970747,0.5455037919826652,0.0005417118093174431,0.0,0.0,0.009209100758396533,0.0005417118093174431,0.0,0.004333694474539545,0.0,0.0032502708559046588,0.05796316359696641,0.03791982665222102,0.0,0.0
1010 STR-PAL Chst9 Gaba_3,0.0,0.0,0.0594059405940594,0.0007616146230007616,0.0057121096725057125,0.0072353389185072356,0.0,0.0,0.03655750190403656,0.0,0.19154607768469153,0.6051028179741051,0.0007616146230007616,0.0003808073115003808,0.0,0.012566641279512566,0.0015232292460015233,0.0,0.015613099771515614,0.0,0.0015232292460015233,0.04455445544554455,0.016374714394516376,0.0003808073115003808,0.0
1011 STR-PAL Chst9 Gaba_4,0.0,0.0,0.29364278506559033,0.0,0.0010090817356205853,0.0,0.0,0.0,0.0030272452068617556,0.0,0.04944500504540868,0.6125126135216953,0.0010090817356205853,0.0,0.0,0.0010090817356205853,0.0,0.0,0.0,0.0,0.0020181634712411706,0.014127144298688193,0.022199798183652877,0.0,0.0
1012 STR-PAL Chst9 Gaba_4,0.0,0.0,0.2992125984251969,0.0,0.007874015748031496,0.0,0.0,0.0,0.005249343832020997,0.0,0.06561679790026247,0.5748031496062992,0.0,0.0,0.0,0.0,0.0,0.0,0.0026246719160104987,0.0,0.0,0.01837270341207349,0.026246719160104987,0.0,0.0
1013 STR-PAL Chst9 Gaba_5,0.0,0.0,0.4166666666666667,0.0,0.0,0.0,0.0,0.0,0.016666666666666666,0.0,0.0,0.5,0.0,0.0,0.0,0.0,0.0,0.0,0.0,0.0,0.0,0.0,0.06666666666666667,0.0,0.0
1014 STR-PAL Chst9 Gaba_5,0.0,0.0,0.25925925925925924,0.0,0.0,0.0,0.0,0.0,0.0,0.0,0.043209876543209874,0.691358024691358,0.0,0.0,0.0,0.0,0.0,0.0,0.006172839506172839,0.0,0.0,0.0,0.0,0.0,0.0
1015 STR-PAL Chst9 Gaba_5,0.0,0.0,0.3918918918918919,0.0,0.0,0.0,0.0,0.0,0.01891891891891892,0.0,0.005405405405405406,0.5243243243243243,0.0,0.0,0.0,0.0,0.0,0.0,0.0,0.0,0.0,0.03513513513513514,0.021621621621621623,0.0,0.002702702702702703
1016 IA Mgp Gaba_1,0.0,0.0,0.039735099337748346,0.0,0.0,0.006622516556291391,0.0,0.0,0.543046357615894,0.0,0.059602649006622516,0.271523178807947,0.0,0.0,0.0,0.0,0.0,0.0,0.033112582781456956,0.0,0.0,0.039735099337748346,0.0,0.0,0.006622516556291391
1017 IA Mgp Gaba_1,0.0,0.0,0.30303030303030304,0.0,0.0,0.0,0.0,0.0,0.45454545454545453,0.0,0.03636363636363636,0.12727272727272726,0.0,0.0,0.0,0.0,0.0,0.0,0.006060606060606061,0.0,0.0,0.05454545454545454,0.01818181818181818,0.0,0.0
1018 IA Mgp Gaba_1,0.0,0.0,0.43529411764705883,0.023529411764705882,0.0,0.047058823529411764,0.0,0.0,0.25882352941176473,0.0,0.0,0.21176470588235294,0.0,0.0,0.0,0.0,0.0,0.0,0.0,0.0,0.0,0.011764705882352941,0.011764705882352941,0.0,0.0
1019 IA Mgp Gaba_2,0.0,0.0,0.5436893203883495,0.02912621359223301,0.0,0.038834951456310676,0.0,0.0,0.08737864077669903,0.0,0.04854368932038835,0.22330097087378642,0.0,0.0,0.0,0.0,0.0,0.0,0.0,0.0,0.0,0.019417475728155338,0.009708737864077669,0.0,0.0
1020 IA Mgp Gaba_2,0.0,0.0,0.625,0.0,0.0,0.0,0.0,0.0,0.041666666666666664,0.0,0.013888888888888888,0.1388888888888889,0.0,0.0,0.0,0.0,0.0,0.0,0.0,0.0,0.0,0.1111111111111111,0.06944444444444445,0.0,0.0
1021 IA Mgp Gaba_3,0.0,0.0,0.6730769230769231,0.0,0.0,0.07692307692307693,0.0,0.0,0.019230769230769232,0.0,0.0,0.1346153846153846,0.0,0.0,0.0,0.0,0.0,0.0,0.0,0.0,0.0,0.019230769230769232,0.07692307692307693,0.0,0.0
1022 IA Mgp Gaba_3,0.0,0.0,0.36363636363636365,0.0,0.0,0.16363636363636364,0.0,0.0,0.2,0.0,0.0,0.2,0.0,0.0,0.0,0.0,0.0,0.0,0.0,0.0,0.0,0.05454545454545454,0.01818181818181818,0.0,0.0
1023 IA Mgp Gaba_3,0.0,0.0,0.43661971830985913,0.0,0.0,0.04225352112676056,0.0,0.0,0.28169014084507044,0.0,0.014084507042253521,0.11267605633802817,0.0,0.0,0.0,0.0,0.0,0.0,0.014084507042253521,0.0,0.0,0.07042253521126761,0.028169014084507043,0.0,0.0
1024 IA Mgp Gaba_4,0.0,0.0,0.03,0.0,0.0,0.02,0.0,0.0,0.91,0.0,0.0,0.02,0.0,0.0,0.0,0.0,0.0,0.0,0.01,0.0,0.0,0.005,0.005,0.0,0.0
1025 IA Mgp Gaba_5,0.0,0.0,0.3625,0.0,0.0,0.0125,0.0,0.0,0.175,0.0,0.05,0.3375,0.0,0.0,0.0,0.0,0.0,0.0,0.0,0.0,0.0,0.0,0.0625,0.0,0.0
1026 IA Mgp Gaba_5,0.0,0.0,0.11764705882352941,0.0,0.014705882352941176,0.0,0.0,0.0,0.0,0.0,0.17647058823529413,0.6764705882352942,0.0,0.0,0.0,0.0,0.0,0.0,0.0,0.0,0.0,0.0,0.014705882352941176,0.0,0.0
1027 IA Mgp Gaba_5,0.0,0.0,0.10526315789473684,0.0,0.05263157894736842,0.0,0.0,0.0,0.10526315789473684,0.0,0.15789473684210525,0.5263157894736842,0.0,0.0,0.0,0.0,0.0,0.0,0.0,0.0,0.0,0.05263157894736842,0.0,0.0,0.0
1028 NDB-SI-ant Prdm12 Gaba_1,0.0,0.0,0.013671875,0.0,0.0078125,0.001953125,0.0,0.0,0.732421875,0.0,0.017578125,0.08203125,0.009765625,0.0,0.0,0.0,0.0,0.0,0.1015625,0.0,0.015625,0.005859375,0.001953125,0.0,0.009765625
1029 NDB-SI-ant Prdm12 Gaba_1,0.0,0.0,0.04411764705882353,0.0,0.014705882352941176,0.0,0.0,0.0,0.6470588235294118,0.0,0.029411764705882353,0.22058823529411764,0.029411764705882353,0.0,0.0,0.0,0.0,0.0,0.0,0.0,0.0,0.014705882352941176,0.0,0.0,0.0
1030 NDB-SI-ant Prdm12 Gaba_1,0.0,0.0,0.0,0.0,0.0,0.0,0.0,0.0,0.061946902654867256,0.0,0.3008849557522124,0.6371681415929203,0.0,0.0,0.0,0.0,0.0,0.0,0.0,0.0,0.0,0.0,0.0,0.0,0.0
1031 NDB-SI-ant Prdm12 Gaba_1,0.0,0.0,0.007653061224489796,0.0,0.003826530612244898,0.002551020408163265,0.0,0.0,0.17346938775510204,0.0,0.22193877551020408,0.5433673469387755,0.026785714285714284,0.0,0.0,0.0,0.0012755102040816326,0.0,0.006377551020408163,0.0,0.002551020408163265,0.003826530612244898,0.00510204081632653,0.0,0.0012755102040816326
1032 NDB-SI-ant Prdm12 Gaba_1,0.0,0.0,0.0,0.0,0.0,0.0,0.0,0.0,0.2571428571428571,0.0,0.2,0.5142857142857142,0.0,0.0,0.0,0.0,0.0,0.0,0.0,0.0,0.0,0.0,0.0,0.02857142857142857,0.0
1033 NDB-SI-ant Prdm12 Gaba_1,0.0,0.0,0.06611570247933884,0.0,0.0027548209366391185,0.01652892561983471,0.0,0.0,0.4628099173553719,0.0,0.09641873278236915,0.3415977961432507,0.0,0.0,0.0,0.0,0.0,0.0,0.0027548209366391185,0.0,0.0,0.0027548209366391185,0.008264462809917356,0.0,0.0
1034 NDB-SI-ant Prdm12 Gaba_1,0.0,0.0,0.0,0.0,0.0,0.0,0.0,0.0,0.23684210526315788,0.0,0.10526315789473684,0.631578947368421,0.0,0.0,0.0,0.0,0.0,0.0,0.02631578947368421,0.0,0.0,0.0,0.0,0.0,0.0
1035 NDB-SI-ant Prdm12 Gaba_1,0.0,0.0,0.008333333333333333,0.0,0.0,0.0,0.0,0.0,0.7916666666666666,0.0,0.0375,0.125,0.0,0.0,0.0,0.0,0.0,0.0,0.029166666666666667,0.0,0.0,0.0,0.0,0.0,0.008333333333333333
1036 NDB-SI-ant Prdm12 Gaba_1,0.0,0.0,0.022058823529411766,0.0,0.0,0.007352941176470588,0.0,0.0,0.6617647058823529,0.0,0.08088235294117647,0.17647058823529413,0.0,0.0,0.0,0.0,0.0,0.0,0.04411764705882353,0.0,0.0,0.0,0.0,0.0,0.007352941176470588
1037 NDB-SI-ant Prdm12 Gaba_1,0.0,0.0,0.03048780487804878,0.0,0.06097560975609756,0.0,0.0,0.0,0.24390243902439024,0.0,0.16463414634146342,0.4817073170731707,0.006097560975609756,0.0,0.0,0.0,0.0,0.0,0.0,0.0,0.0,0.006097560975609756,0.0,0.0,0.006097560975609756
1038 NDB-SI-ant Prdm12 Gaba_2,0.0,0.0,0.0,0.007462686567164179,0.0,0.007462686567164179,0.0,0.0,0.17164179104477612,0.0,0.2462686567164179,0.4626865671641791,0.0,0.022388059701492536,0.0,0.0,0.007462686567164179,0.0,0.0,0.0,0.0,0.0,0.07462686567164178,0.0,0.0
1039 NDB-SI-ant Prdm12 Gaba_3,0.0,0.0,0.0,0.0,0.0,0.013574660633484163,0.0,0.0,0.8371040723981901,0.0,0.013574660633484163,0.04072398190045249,0.0,0.0,0.0,0.0,0.0,0.0,0.09502262443438914,0.0,0.0,0.0,0.0,0.0,0.0
1040 NDB-SI-ant Prdm12 Gaba_3,0.0,0.0,0.03333333333333333,0.0,0.0,0.0,0.0,0.0,0.26666666666666666,0.0,0.31666666666666665,0.38333333333333336,0.0,0.0,0.0,0.0,0.0,0.0,0.0,0.0,0.0,0.0,0.0,0.0,0.0
1041 NDB-SI-ant Prdm12 Gaba_4,0.0,0.0,0.0,0.0,0.0,0.0,0.0,0.0,0.41292134831460675,0.0,0.10955056179775281,0.47752808988764045,0.0,0.0,0.0,0.0,0.0,0.0,0.0,0.0,0.0,0.0,0.0,0.0,0.0
1042 LSX Sall3 Pax6 Gaba_1,0.0,0.0,0.0,0.0,0.0,0.0,0.0,0.0,0.006329113924050633,0.0,0.0189873417721519,0.8417721518987342,0.0,0.02531645569620253,0.0,0.012658227848101266,0.0,0.0,0.0,0.0,0.0,0.0,0.0949367088607595,0.0,0.0
1043 LSX Sall3 Pax6 Gaba_1,0.0,0.0,0.0,0.0,0.0,0.0,0.0,0.0,0.0,0.0,0.011494252873563218,0.9885057471264368,0.0,0.0,0.0,0.0,0.0,0.0,0.0,0.0,0.0,0.0,0.0,0.0,0.0
1044 LSX Sall3 Pax6 Gaba_2,0.0,0.0,0.0,0.0,0.012987012987012988,0.0,0.0,0.0,0.05194805194805195,0.0,0.025974025974025976,0.8961038961038961,0.0,0.0,0.0,0.0,0.0,0.0,0.012987012987012988,0.0,0.0,0.0,0.0,0.0,0.0
1045 LSX Sall3 Pax6 Gaba_2,0.0,0.0,0.0,0.0,0.0,0.0,0.0,0.0,0.0,0.0,0.0,0.8742138364779874,0.0,0.03773584905660377,0.0,0.0,0.0,0.0,0.0,0.0,0.0,0.0,0.0880503144654088,0.0,0.0
1046 LSX Sall3 Pax6 Gaba_2,0.0,0.0,0.0,0.0,0.0,0.0,0.0,0.0,0.0,0.0,0.0,0.40476190476190477,0.0,0.2857142857142857,0.0,0.0,0.023809523809523808,0.0,0.0,0.0,0.0,0.0,0.2857142857142857,0.0,0.0
1047 LSX Sall3 Pax6 Gaba_2,0.0,0.0,0.0,0.0,0.0,0.0,0.0,0.0,0.0,0.0,0.0,0.9558823529411765,0.0,0.014705882352941176,0.0,0.0,0.0,0.0,0.0,0.0,0.0,0.0,0.029411764705882353,0.0,0.0
1048 LSX Sall3 Pax6 Gaba_2,0.0,0.0,0.0,0.0,0.005025125628140704,0.005025125628140704,0.0,0.0,0.01507537688442211,0.0,0.035175879396984924,0.8442211055276382,0.0,0.0,0.0,0.0,0.005025125628140704,0.0,0.0,0.0,0.0,0.0,0.09045226130653267,0.0,0.0
1049 LSX Sall3 Pax6 Gaba_2,0.0,0.0,0.0,0.005235602094240838,0.0,0.0,0.0,0.0,0.04712041884816754,0.0,0.020942408376963352,0.6230366492146597,0.0,0.03664921465968586,0.0,0.0,0.020942408376963352,0.0,0.005235602094240838,0.0,0.0,0.0,0.24083769633507854,0.0,0.0
1050 LSX Otx2 Gaba_1,0.0,0.0,0.0,0.0,0.0,0.0,0.0,0.0,0.0,0.0,0.0,1.0,0.0,0.0,0.0,0.0,0.0,0.0,0.0,0.0,0.0,0.0,0.0,0.0,0.0
1051 LSX Otx2 Gaba_1,0.0,0.0,0.0,0.0,0.0,0.0,0.0,0.0,0.0,0.0,0.022556390977443608,0.9473684210526315,0.0,0.0,0.0,0.0,0.0,0.0,0.0,0.0,0.0,0.0,0.03007518796992481,0.0,0.0
1052 LSX Otx2 Gaba_2,0.0,0.0,0.0,0.0,0.007751937984496124,0.0,0.0,0.0,0.0,0.0,0.0,0.9689922480620154,0.0,0.023255813953488372,0.0,0.0,0.0,0.0,0.0,0.0,0.0,0.0,0.0,0.0,0.0
1053 LSX Otx2 Gaba_2,0.0,0.0,0.0,0.0,0.0,0.0,0.0,0.0,0.0,0.0,0.0,0.9714285714285714,0.0,0.02857142857142857,0.0,0.0,0.0,0.0,0.0,0.0,0.0,0.0,0.0,0.0,0.0
1054 LSX Otx2 Gaba_2,0.0,0.0,0.0,0.0,0.0,0.0,0.0,0.0,0.0,0.0,0.0,0.9550561797752809,0.0,0.0056179775280898875,0.0,0.0056179775280898875,0.0,0.0,0.0,0.0,0.0,0.0,0.033707865168539325,0.0,0.0
1055 LSX Otx2 Gaba_3,0.0,0.0,0.0,0.0,0.12121212121212122,0.0,0.0,0.0,0.0,0.0,0.15151515151515152,0.5454545454545454,0.030303030303030304,0.030303030303030304,0.0,0.0,0.0,0.0,0.0,0.0,0.030303030303030304,0.0,0.09090909090909091,0.0,0.0
1056 LSX Otx2 Gaba_3,0.0,0.0,0.0,0.0,0.030612244897959183,0.0,0.0,0.0,0.0,0.0,0.01020408163265306,0.7857142857142857,0.07142857142857142,0.02040816326530612,0.0,0.0,0.030612244897959183,0.0,0.0,0.0,0.02040816326530612,0.0,0.030612244897959183,0.0,0.0
1057 LSX Otx2 Gaba_3,0.0,0.0,0.0,0.0,0.012345679012345678,0.0,0.0,0.0,0.0,0.0,0.0,0.9876543209876543,0.0,0.0,0.0,0.0,0.0,0.0,0.0,0.0,0.0,0.0,0.0,0.0,0.0
1058 LSX Otx2 Gaba_3,0.0,0.0,0.0,0.0,0.0,0.0,0.0,0.0,0.0,0.0,0.0,1.0,0.0,0.0,0.0,0.0,0.0,0.0,0.0,0.0,0.0,0.0,0.0,0.0,0.0
1059 LSX Otx2 Gaba_3,0.0,0.0,0.0,0.0,0.0,0.0,0.0,0.0,0.0,0.0,0.0,1.0,0.0,0.0,0.0,0.0,0.0,0.0,0.0,0.0,0.0,0.0,0.0,0.0,0.0
1060 LSX Otx2 Gaba_3,0.0,0.0,0.0,0.0,0.0,0.0,0.0,0.0,0.0,0.0,0.011904761904761904,0.9880952380952381,0.0,0.0,0.0,0.0,0.0,0.0,0.0,0.0,0.0,0.0,0.0,0.0,0.0
1061 LSX Otx2 Gaba_3,0.0,0.0,0.0,0.0,0.0,0.0,0.0,0.0,0.0,0.0,0.02054794520547945,0.9383561643835616,0.00684931506849315,0.0,0.0,0.0,0.00684931506849315,0.0,0.0,0.0,0.00684931506849315,0.0,0.02054794520547945,0.0,0.0
1062 LSX Otx2 Gaba_3,0.0,0.0,0.0,0.0,0.0,0.0,0.0,0.0,0.0,0.0,0.0,1.0,0.0,0.0,0.0,0.0,0.0,0.0,0.0,0.0,0.0,0.0,0.0,0.0,0.0
1063 LSX Otx2 Gaba_3,0.0,0.0,0.0,0.0,0.0,0.0,0.0,0.0,0.0,0.0,0.0,1.0,0.0,0.0,0.0,0.0,0.0,0.0,0.0,0.0,0.0,0.0,0.0,0.0,0.0
1064 LSX Otx2 Gaba_4,0.0,0.0,0.0,0.0,0.0,0.0,0.0,0.0,0.0,0.0,0.0,1.0,0.0,0.0,0.0,0.0,0.0,0.0,0.0,0.0,0.0,0.0,0.0,0.0,0.0
1065 LSX Otx2 Gaba_4,0.0,0.0,0.0,0.0,0.0,0.0,0.0,0.0,0.0,0.0,0.0,1.0,0.0,0.0,0.0,0.0,0.0,0.0,0.0,0.0,0.0,0.0,0.0,0.0,0.0
1066 LSX Otx2 Gaba_4,0.0,0.0,0.0,0.0,0.0,0.0,0.0,0.0,0.0,0.0,0.0,1.0,0.0,0.0,0.0,0.0,0.0,0.0,0.0,0.0,0.0,0.0,0.0,0.0,0.0
1067 LSX Otx2 Gaba_4,0.0,0.0,0.0,0.0,0.0,0.0,0.0,0.0,0.0,0.0,0.0,1.0,0.0,0.0,0.0,0.0,0.0,0.0,0.0,0.0,0.0,0.0,0.0,0.0,0.0
1068 LSX Otx2 Gaba_4,0.0,0.0,0.0,0.0,0.0,0.0,0.0,0.0,0.0,0.0,0.0,1.0,0.0,0.0,0.0,0.0,0.0,0.0,0.0,0.0,0.0,0.0,0.0,0.0,0.0
1069 LSX Otx2 Gaba_5,0.0,0.0,0.0,0.0,0.0,0.0,0.0,0.0,0.0058823529411764705,0.0,0.052941176470588235,0.9411764705882353,0.0,0.0,0.0,0.0,0.0,0.0,0.0,0.0,0.0,0.0,0.0,0.0,0.0
1070 LSX Otx2 Gaba_5,0.0,0.0,0.0,0.0,0.0,0.0,0.0,0.0,0.0,0.0,0.014705882352941176,0.9852941176470589,0.0,0.0,0.0,0.0,0.0,0.0,0.0,0.0,0.0,0.0,0.0,0.0,0.0
1071 LSX Otx2 Gaba_5,0.0,0.0,0.0,0.0,0.0,0.0,0.0,0.0,0.0,0.0,0.0,1.0,0.0,0.0,0.0,0.0,0.0,0.0,0.0,0.0,0.0,0.0,0.0,0.0,0.0
1072 LSX Otx2 Gaba_5,0.0,0.0,0.0,0.0,0.0,0.0,0.0,0.0,0.0,0.0,0.0,0.975,0.0,0.0,0.0,0.0,0.0,0.0,0.0,0.0,0.0,0.025,0.0,0.0,0.0
1073 LSX Otx2 Gaba_5,0.0,0.0,0.0,0.0,0.0,0.0,0.0,0.0,0.0,0.0,0.009900990099009901,0.9702970297029703,0.0,0.0,0.0,0.0,0.0,0.0,0.0,0.0,0.0,0.009900990099009901,0.009900990099009901,0.0,0.0
1074 LSX Nkx2-1 Gaba_1,0.0,0.0,0.0,0.0,0.0,0.0,0.0,0.0,0.0,0.0,0.014492753623188406,0.9855072463768116,0.0,0.0,0.0,0.0,0.0,0.0,0.0,0.0,0.0,0.0,0.0,0.0,0.0
1075 LSX Nkx2-1 Gaba_1,0.0,0.0,0.0,0.0,0.0,0.0,0.0,0.0,0.0,0.0,0.0,0.9803921568627451,0.0,0.0,0.0,0.0,0.0,0.0,0.0,0.0,0.0,0.0196078431372549,0.0,0.0,0.0
1076 LSX Nkx2-1 Gaba_2,0.0,0.0,0.0,0.0,0.0,0.0,0.0,0.0,0.0,0.0,0.0,1.0,0.0,0.0,0.0,0.0,0.0,0.0,0.0,0.0,0.0,0.0,0.0,0.0,0.0
1077 LSX Nkx2-1 Gaba_2,0.0,0.0,0.0,0.0,0.0,0.0,0.0,0.0,0.0,0.0,0.0,1.0,0.0,0.0,0.0,0.0,0.0,0.0,0.0,0.0,0.0,0.0,0.0,0.0,0.0
1078 LSX Nkx2-1 Gaba_2,0.0,0.0,0.0,0.0,0.0,0.0,0.0,0.0,0.0,0.0,0.0,1.0,0.0,0.0,0.0,0.0,0.0,0.0,0.0,0.0,0.0,0.0,0.0,0.0,0.0
1079 LSX Nkx2-1 Gaba_2,0.0,0.0,0.0,0.0,0.0,0.0,0.0,0.0,0.0,0.0,0.017241379310344827,0.9655172413793104,0.0,0.0,0.0,0.0,0.0,0.0,0.0,0.0,0.0,0.017241379310344827,0.0,0.0,0.0
1080 LSX Nkx2-1 Gaba_2,0.0,0.0,0.0,0.0,0.0,0.0,0.0,0.0,0.0,0.0,0.0,1.0,0.0,0.0,0.0,0.0,0.0,0.0,0.0,0.0,0.0,0.0,0.0,0.0,0.0
1081 LSX Nkx2-1 Gaba_2,0.0,0.0,0.0,0.0,0.0,0.0,0.0,0.0,0.0,0.0,0.0,1.0,0.0,0.0,0.0,0.0,0.0,0.0,0.0,0.0,0.0,0.0,0.0,0.0,0.0
1082 LSX Nkx2-1 Gaba_2,0.0,0.0,0.0,0.0,0.0,0.0,0.0,0.0,0.0,0.0,0.0,1.0,0.0,0.0,0.0,0.0,0.0,0.0,0.0,0.0,0.0,0.0,0.0,0.0,0.0
1083 LSX Nkx2-1 Gaba_2,0.0,0.0,0.0,0.0,0.0,0.0,0.0,0.0,0.0,0.0,0.0,1.0,0.0,0.0,0.0,0.0,0.0,0.0,0.0,0.0,0.0,0.0,0.0,0.0,0.0
1084 LSX Nkx2-1 Gaba_2,0.0,0.0,0.0,0.0,0.0,0.0,0.0,0.0,0.0,0.0,0.0,1.0,0.0,0.0,0.0,0.0,0.0,0.0,0.0,0.0,0.0,0.0,0.0,0.0,0.0
1085 LSX Nkx2-1 Gaba_2,0.0,0.0,0.0,0.0,0.0,0.0,0.0,0.0,0.0,0.0,0.0,1.0,0.0,0.0,0.0,0.0,0.0,0.0,0.0,0.0,0.0,0.0,0.0,0.0,0.0
1086 LSX Nkx2-1 Gaba_2,0.0,0.0,0.0,0.0,0.0,0.0,0.0,0.0,0.0,0.0,0.0,1.0,0.0,0.0,0.0,0.0,0.0,0.0,0.0,0.0,0.0,0.0,0.0,0.0,0.0
1087 LSX Nkx2-1 Gaba_2,0.0,0.0,0.0,0.0,0.0,0.0,0.0,0.0,0.0,0.0,0.0,0.9832402234636871,0.0,0.0,0.0,0.0,0.0,0.0,0.0,0.0,0.0,0.0,0.01675977653631285,0.0,0.0
1088 LSX Nkx2-1 Gaba_3,0.0,0.0,0.0,0.0,0.03937007874015748,0.0,0.0,0.0,0.0,0.0,0.14173228346456693,0.8110236220472441,0.0,0.0,0.0,0.0,0.0,0.0,0.0,0.0,0.0,0.0,0.007874015748031496,0.0,0.0
1089 LSX Nkx2-1 Gaba_3,0.0,0.0,0.0,0.0,0.007905138339920948,0.0,0.0,0.0,0.0,0.0,0.019762845849802372,0.9723320158102767,0.0,0.0,0.0,0.0,0.0,0.0,0.0,0.0,0.0,0.0,0.0,0.0,0.0
1090 LSX Nkx2-1 Gaba_3,0.0,0.0,0.0,0.0,0.0,0.0,0.0,0.0,0.0,0.0,0.04,0.94,0.0,0.0,0.0,0.0,0.02,0.0,0.0,0.0,0.0,0.0,0.0,0.0,0.0
1091 LSX Nkx2-1 Gaba_3,0.0,0.0,0.0,0.0,0.02857142857142857,0.0,0.0,0.0,0.0,0.0,0.01904761904761905,0.9523809523809523,0.0,0.0,0.0,0.0,0.0,0.0,0.0,0.0,0.0,0.0,0.0,0.0,0.0
1092 LSX Nkx2-1 Gaba_3,0.0,0.0,0.0,0.0,0.014388489208633094,0.0,0.0,0.0,0.007194244604316547,0.0,0.17266187050359713,0.8057553956834532,0.0,0.0,0.0,0.0,0.0,0.0,0.0,0.0,0.0,0.0,0.0,0.0,0.0
1093 LSX Nkx2-1 Gaba_4,0.0,0.0,0.0,0.0,0.0,0.0,0.0,0.0,0.0,0.0,0.0,1.0,0.0,0.0,0.0,0.0,0.0,0.0,0.0,0.0,0.0,0.0,0.0,0.0,0.0
1094 LSX Nkx2-1 Gaba_4,0.0,0.0,0.0,0.0,0.0,0.0,0.0,0.0,0.0,0.0,0.05333333333333334,0.9333333333333333,0.0,0.0,0.0,0.0,0.0,0.0,0.0,0.0,0.0,0.0,0.013333333333333334,0.0,0.0
1095 LSX Nkx2-1 Gaba_4,0.0,0.0,0.0,0.0,0.0,0.0,0.0,0.0,0.015151515151515152,0.0,0.0,0.9848484848484849,0.0,0.0,0.0,0.0,0.0,0.0,0.0,0.0,0.0,0.0,0.0,0.0,0.0
1096 LSX Nkx2-1 Gaba_4,0.0,0.0,0.0,0.0,0.0,0.0,0.0,0.0,0.0,0.0,0.0,1.0,0.0,0.0,0.0,0.0,0.0,0.0,0.0,0.0,0.0,0.0,0.0,0.0,0.0
1097 LSX Nkx2-1 Gaba_5,0.0,0.0,0.0,0.0,0.0,0.0,0.0,0.0,0.0,0.0,0.0,1.0,0.0,0.0,0.0,0.0,0.0,0.0,0.0,0.0,0.0,0.0,0.0,0.0,0.0
1098 LSX Nkx2-1 Gaba_5,0.0,0.0,0.0,0.0,0.0,0.0,0.0,0.0,0.0,0.0,0.0,1.0,0.0,0.0,0.0,0.0,0.0,0.0,0.0,0.0,0.0,0.0,0.0,0.0,0.0
1099 LSX Nkx2-1 Gaba_5,0.0,0.0,0.0,0.0,0.0,0.0,0.0,0.0,0.0,0.0,0.0,1.0,0.0,0.0,0.0,0.0,0.0,0.0,0.0,0.0,0.0,0.0,0.0,0.0,0.0
1100 LSX Nkx2-1 Gaba_5,0.0,0.0,0.0,0.0,0.0,0.0,0.0,0.0,0.0,0.0,0.0,1.0,0.0,0.0,0.0,0.0,0.0,0.0,0.0,0.0,0.0,0.0,0.0,0.0,0.0
1101 LSX Nkx2-1 Gaba_6,0.0,0.0,0.0,0.0,0.0,0.0,0.0,0.0,0.0,0.0,0.0,1.0,0.0,0.0,0.0,0.0,0.0,0.0,0.0,0.0,0.0,0.0,0.0,0.0,0.0
1102 LSX Nkx2-1 Gaba_6,0.0,0.0,0.0,0.0,0.0,0.0,0.0,0.0,0.0,0.0,0.0,0.984251968503937,0.0,0.0,0.0,0.0,0.0,0.0,0.0,0.0,0.0,0.007874015748031496,0.007874015748031496,0.0,0.0
1103 LSX Nkx2-1 Gaba_6,0.0,0.0,0.0,0.0,0.0,0.0,0.0,0.0,0.0,0.0,0.0,1.0,0.0,0.0,0.0,0.0,0.0,0.0,0.0,0.0,0.0,0.0,0.0,0.0,0.0
1104 LSX Nkx2-1 Gaba_7,0.0,0.0,0.0,0.0,0.0,0.0,0.0,0.0,0.0,0.0,0.025,0.975,0.0,0.0,0.0,0.0,0.0,0.0,0.0,0.0,0.0,0.0,0.0,0.0,0.0
1105 LSX Nkx2-1 Gaba_7,0.0,0.0,0.0,0.0,0.0,0.0,0.0,0.0,0.0,0.0,0.0,1.0,0.0,0.0,0.0,0.0,0.0,0.0,0.0,0.0,0.0,0.0,0.0,0.0,0.0
1106 LSX Nkx2-1 Gaba_7,0.0,0.0,0.0,0.0,0.0,0.0,0.0,0.0,0.0,0.0,0.0,1.0,0.0,0.0,0.0,0.0,0.0,0.0,0.0,0.0,0.0,0.0,0.0,0.0,0.0
1107 LSX Nkx2-1 Gaba_7,0.0,0.0,0.0,0.0,0.0,0.0,0.0,0.0,0.0,0.0,0.0,1.0,0.0,0.0,0.0,0.0,0.0,0.0,0.0,0.0,0.0,0.0,0.0,0.0,0.0
1108 LSX Nkx2-1 Gaba_8,0.0,0.0,0.0,0.0,0.018518518518518517,0.0,0.0,0.0,0.0,0.0,0.0,0.9814814814814815,0.0,0.0,0.0,0.0,0.0,0.0,0.0,0.0,0.0,0.0,0.0,0.0,0.0
1109 LSX Nkx2-1 Gaba_8,0.0,0.0,0.0,0.0,0.0,0.0,0.0,0.0,0.0,0.0,0.0,1.0,0.0,0.0,0.0,0.0,0.0,0.0,0.0,0.0,0.0,0.0,0.0,0.0,0.0
1110 LSX Nkx2-1 Gaba_8,0.0,0.0,0.0,0.0,0.0,0.0,0.0,0.0,0.0,0.0,0.0,1.0,0.0,0.0,0.0,0.0,0.0,0.0,0.0,0.0,0.0,0.0,0.0,0.0,0.0
1111 LSX Nkx2-1 Gaba_9,0.0,0.0,0.0,0.0,0.0,0.0,0.0,0.0,0.0,0.0,0.0,0.9948186528497409,0.0,0.0,0.0,0.0,0.0,0.0,0.0,0.0,0.0,0.0,0.0051813471502590676,0.0,0.0
1112 LSX Nkx2-1 Gaba_10,0.0,0.0,0.0,0.0,0.0,0.0,0.0,0.0,0.0,0.0,0.023121387283236993,0.9190751445086706,0.0,0.0,0.0,0.0,0.0,0.0,0.0,0.0,0.0,0.005780346820809248,0.05202312138728324,0.0,0.0
1113 LSX Nkx2-1 Gaba_11,0.0,0.0,0.0,0.0,0.0,0.0,0.0,0.0,0.0,0.0,0.06976744186046512,0.872093023255814,0.0,0.0,0.0,0.0,0.0,0.0,0.0,0.0,0.0,0.0,0.05813953488372093,0.0,0.0
1114 LSX Nkx2-1 Gaba_11,0.0,0.0,0.0,0.0,0.0,0.0,0.0,0.0,0.0,0.0,0.06178489702517163,0.8924485125858124,0.0,0.0,0.0,0.0,0.002288329519450801,0.0,0.0,0.0,0.0,0.009153318077803204,0.034324942791762014,0.0,0.0
1115 LSX Prdm12 Slit2 Gaba_1,0.0,0.0,0.0,0.0,0.0,0.0,0.0,0.0,0.016597510373443983,0.0,0.016597510373443983,0.966804979253112,0.0,0.0,0.0,0.0,0.0,0.0,0.0,0.0,0.0,0.0,0.0,0.0,0.0
1116 LSX Prdm12 Slit2 Gaba_1,0.0,0.0,0.0,0.0,0.0,0.0,0.0,0.0,0.0,0.0,0.0,1.0,0.0,0.0,0.0,0.0,0.0,0.0,0.0,0.0,0.0,0.0,0.0,0.0,0.0
1117 LSX Prdm12 Slit2 Gaba_1,0.0,0.0,0.0,0.0,0.0,0.00847457627118644,0.0,0.0,0.0423728813559322,0.0,0.00847457627118644,0.940677966101695,0.0,0.0,0.0,0.0,0.0,0.0,0.0,0.0,0.0,0.0,0.0,0.0,0.0
1118 LSX Prdm12 Slit2 Gaba_1,0.0,0.0,0.0,0.0,0.0,0.0,0.0,0.0,0.0,0.0,0.0,1.0,0.0,0.0,0.0,0.0,0.0,0.0,0.0,0.0,0.0,0.0,0.0,0.0,0.0
1119 LSX Prdm12 Slit2 Gaba_1,0.0,0.0,0.0,0.0,0.0,0.0,0.0,0.0,0.0,0.0,0.0,1.0,0.0,0.0,0.0,0.0,0.0,0.0,0.0,0.0,0.0,0.0,0.0,0.0,0.0
1120 LSX Prdm12 Slit2 Gaba_1,0.0,0.0,0.0,0.0,0.0,0.0,0.0,0.0,0.11688311688311688,0.0,0.012987012987012988,0.8701298701298701,0.0,0.0,0.0,0.0,0.0,0.0,0.0,0.0,0.0,0.0,0.0,0.0,0.0
1121 LSX Prdm12 Slit2 Gaba_1,0.0,0.0,0.0,0.0,0.0,0.0,0.0,0.0,0.0,0.0,0.0,1.0,0.0,0.0,0.0,0.0,0.0,0.0,0.0,0.0,0.0,0.0,0.0,0.0,0.0
1122 LSX Prdm12 Slit2 Gaba_1,0.0,0.0,0.0,0.0,0.0,0.0,0.0,0.0,0.0,0.0,0.0,1.0,0.0,0.0,0.0,0.0,0.0,0.0,0.0,0.0,0.0,0.0,0.0,0.0,0.0
1123 LSX Prdm12 Slit2 Gaba_1,0.0,0.0,0.0,0.0,0.0,0.0,0.0,0.0,0.0,0.0,0.0,0.9714285714285714,0.0,0.0,0.0,0.02857142857142857,0.0,0.0,0.0,0.0,0.0,0.0,0.0,0.0,0.0
1124 LSX Prdm12 Slit2 Gaba_2,0.0,0.0,0.0,0.0,0.0,0.0,0.0,0.0,0.0,0.0,0.0,1.0,0.0,0.0,0.0,0.0,0.0,0.0,0.0,0.0,0.0,0.0,0.0,0.0,0.0
1125 LSX Prdm12 Slit2 Gaba_2,0.0,0.0,0.0,0.0,0.0,0.0,0.0,0.0,0.0,0.0,0.0,1.0,0.0,0.0,0.0,0.0,0.0,0.0,0.0,0.0,0.0,0.0,0.0,0.0,0.0
1126 LSX Prdm12 Slit2 Gaba_2,0.0,0.0,0.0,0.0,0.0,0.0,0.0,0.0,0.0,0.0,0.0,1.0,0.0,0.0,0.0,0.0,0.0,0.0,0.0,0.0,0.0,0.0,0.0,0.0,0.0
1127 LSX Prdm12 Slit2 Gaba_2,0.0,0.0,0.0,0.0,0.0,0.0,0.0,0.0,0.0,0.0,0.0,1.0,0.0,0.0,0.0,0.0,0.0,0.0,0.0,0.0,0.0,0.0,0.0,0.0,0.0
1128 LSX Prdm12 Slit2 Gaba_2,0.0,0.0,0.0,0.0,0.0,0.0,0.0,0.0,0.0,0.0,0.0,1.0,0.0,0.0,0.0,0.0,0.0,0.0,0.0,0.0,0.0,0.0,0.0,0.0,0.0
1129 LSX Prdm12 Slit2 Gaba_2,0.0,0.0,0.0,0.0,0.0,0.0,0.0,0.0,0.0392156862745098,0.0,0.0392156862745098,0.9215686274509803,0.0,0.0,0.0,0.0,0.0,0.0,0.0,0.0,0.0,0.0,0.0,0.0,0.0
1130 LSX Prdm12 Slit2 Gaba_2,0.0,0.0,0.0,0.0,0.0,0.0,0.0,0.0,0.0,0.0,0.05,0.95,0.0,0.0,0.0,0.0,0.0,0.0,0.0,0.0,0.0,0.0,0.0,0.0,0.0
1131 LSX Prdm12 Slit2 Gaba_3,0.0,0.0,0.0,0.0,0.0,0.0,0.0,0.0,0.0,0.0,0.0,1.0,0.0,0.0,0.0,0.0,0.0,0.0,0.0,0.0,0.0,0.0,0.0,0.0,0.0
1132 LSX Prdm12 Slit2 Gaba_3,0.0,0.0,0.0,0.0,0.0,0.0,0.0,0.0,0.0,0.0,0.0,1.0,0.0,0.0,0.0,0.0,0.0,0.0,0.0,0.0,0.0,0.0,0.0,0.0,0.0
1133 LSX Prdm12 Slit2 Gaba_3,0.0,0.0,0.0,0.0,0.0,0.0,0.0,0.0,0.0,0.0,0.006993006993006993,0.986013986013986,0.0,0.0,0.0,0.006993006993006993,0.0,0.0,0.0,0.0,0.0,0.0,0.0,0.0,0.0
1134 LSX Prdm12 Slit2 Gaba_3,0.0,0.0,0.0,0.0,0.0,0.0,0.0,0.0,0.0,0.0,0.0,1.0,0.0,0.0,0.0,0.0,0.0,0.0,0.0,0.0,0.0,0.0,0.0,0.0,0.0
1135 LSX Prdm12 Slit2 Gaba_3,0.0,0.0,0.0,0.0,0.0,0.0,0.0,0.0,0.0,0.0,0.005263157894736842,0.9947368421052631,0.0,0.0,0.0,0.0,0.0,0.0,0.0,0.0,0.0,0.0,0.0,0.0,0.0
1136 LSX Prdm12 Slit2 Gaba_3,0.0,0.0,0.0,0.0,0.0,0.0,0.0,0.0,0.0,0.0,0.0,1.0,0.0,0.0,0.0,0.0,0.0,0.0,0.0,0.0,0.0,0.0,0.0,0.0,0.0
1137 LSX Prdm12 Slit2 Gaba_4,0.0,0.0,0.0,0.0,0.0,0.0,0.0,0.0,0.10804597701149425,0.0,0.0022988505747126436,0.8827586206896552,0.0,0.0,0.0,0.0,0.0,0.0,0.0,0.0,0.0,0.0022988505747126436,0.004597701149425287,0.0,0.0
1138 LSX Prdm12 Slit2 Gaba_4,0.0,0.0,0.0,0.0,0.0,0.0,0.0,0.0,0.06153846153846154,0.0,0.007692307692307693,0.9153846153846154,0.0,0.0,0.0,0.0,0.0,0.0,0.0,0.0,0.0,0.015384615384615385,0.0,0.0,0.0
1139 LSX Prdm12 Slit2 Gaba_5,0.0,0.0,0.0,0.0,0.0,0.0,0.0,0.0,0.0,0.0,0.0,1.0,0.0,0.0,0.0,0.0,0.0,0.0,0.0,0.0,0.0,0.0,0.0,0.0,0.0
1140 LSX Prdm12 Slit2 Gaba_5,0.0,0.0,0.0,0.0,0.0,0.0,0.0,0.0,0.0,0.0,0.0,0.9952830188679245,0.0,0.0,0.0,0.0047169811320754715,0.0,0.0,0.0,0.0,0.0,0.0,0.0,0.0,0.0
1141 LSX Prdm12 Slit2 Gaba_5,0.0,0.0,0.0,0.0,0.0,0.0,0.0,0.0,0.0,0.0,0.0,1.0,0.0,0.0,0.0,0.0,0.0,0.0,0.0,0.0,0.0,0.0,0.0,0.0,0.0
1142 LSX Prdm12 Slit2 Gaba_5,0.0,0.0,0.0,0.0,0.0,0.0,0.0,0.0,0.0,0.0,0.0,1.0,0.0,0.0,0.0,0.0,0.0,0.0,0.0,0.0,0.0,0.0,0.0,0.0,0.0
1143 LSX Prdm12 Slit2 Gaba_6,0.0,0.0,0.0,0.0,0.0,0.0,0.0,0.0,0.0,0.0,0.125,0.3854166666666667,0.0,0.15625,0.0,0.0,0.020833333333333332,0.0,0.0,0.0,0.0,0.0,0.3125,0.0,0.0
1144 LSX Prdm12 Slit2 Gaba_6,0.0,0.0,0.0,0.0,0.0,0.0,0.0,0.0,0.0,0.0,0.018867924528301886,0.6037735849056604,0.0,0.32075471698113206,0.0,0.0,0.0,0.0,0.0,0.0,0.0,0.0,0.05660377358490566,0.0,0.0
1145 LSX Prdm12 Slit2 Gaba_7,0.0,0.0,0.0,0.0,0.0,0.0,0.0,0.0,0.0,0.0,0.0,0.9696969696969697,0.0,0.0,0.0,0.030303030303030304,0.0,0.0,0.0,0.0,0.0,0.0,0.0,0.0,0.0
1146 LSX Prdm12 Slit2 Gaba_7,0.0,0.0,0.0,0.0,0.0,0.0,0.0,0.0,0.0,0.0,0.0,1.0,0.0,0.0,0.0,0.0,0.0,0.0,0.0,0.0,0.0,0.0,0.0,0.0,0.0
1147 LSX Prdm12 Slit2 Gaba_8,0.0,0.0,0.0,0.0,0.0038910505836575876,0.0,0.0,0.0,0.0,0.0,0.019455252918287938,0.8054474708171206,0.0,0.042801556420233464,0.0,0.0,0.007782101167315175,0.0,0.0,0.0,0.0,0.0,0.12062256809338522,0.0,0.0
1148 LSX Prdm12 Slit2 Gaba_9,0.0,0.0,0.0,0.0,0.0,0.0,0.0,0.0,0.0,0.0,0.05185185185185185,0.8222222222222222,0.0,0.0,0.0,0.0,0.0,0.0,0.0,0.0,0.0,0.0,0.1259259259259259,0.0,0.0
1149 LSX Prdm12 Zeb2 Gaba_1,0.0,0.0,0.0,0.02072538860103627,0.0,0.0,0.0,0.0,0.0,0.0,0.02072538860103627,0.7098445595854922,0.0,0.010362694300518135,0.0,0.0,0.010362694300518135,0.0,0.0,0.0,0.0,0.0,0.22797927461139897,0.0,0.0
1150 LSX Prdm12 Zeb2 Gaba_1,0.0,0.0,0.0,0.0,0.0,0.0,0.0,0.0,0.0,0.0,0.00909090909090909,0.8818181818181818,0.0,0.0,0.0,0.0,0.00909090909090909,0.0,0.0,0.0,0.0,0.09090909090909091,0.00909090909090909,0.0,0.0
1151 LSX Prdm12 Zeb2 Gaba_1,0.0,0.0,0.0,0.0,0.0,0.0,0.0,0.0,0.010471204188481676,0.0,0.015706806282722512,0.806282722513089,0.0,0.0,0.0,0.0,0.005235602094240838,0.0,0.0,0.0,0.0,0.14136125654450263,0.020942408376963352,0.0,0.0
1152 LSX Prdm12 Zeb2 Gaba_1,0.0,0.0,0.0,0.0,0.0,0.0013089005235602095,0.0,0.0,0.0,0.0,0.010471204188481676,0.862565445026178,0.0,0.0,0.0,0.005235602094240838,0.03926701570680628,0.0,0.0,0.0,0.0,0.0693717277486911,0.011780104712041885,0.0,0.0
1153 LSX Prdm12 Zeb2 Gaba_1,0.0,0.0,0.0,0.0,0.0,0.0,0.0,0.0,0.005628517823639775,0.0,0.05628517823639775,0.7617260787992496,0.0,0.0,0.0,0.00375234521575985,0.039399624765478425,0.0,0.0,0.0,0.0,0.05065666041275797,0.0825515947467167,0.0,0.0
1154 LSX Prdm12 Zeb2 Gaba_1,0.0,0.0,0.0,0.005449591280653951,0.0,0.0,0.0,0.0,0.005449591280653951,0.0,0.027247956403269755,0.9264305177111717,0.0,0.0,0.0,0.0,0.0027247956403269754,0.0,0.0,0.0,0.0,0.008174386920980926,0.02452316076294278,0.0,0.0
1155 LSX Prdm12 Zeb2 Gaba_1,0.0,0.0,0.0,0.0,0.0,0.0,0.0,0.0,0.0,0.0,0.0,0.9640718562874252,0.0,0.0,0.0,0.005988023952095809,0.0,0.0,0.0,0.0,0.0,0.0,0.029940119760479042,0.0,0.0
1156 LSX Prdm12 Zeb2 Gaba_1,0.0,0.0,0.0,0.0,0.0,0.0,0.0,0.0,0.0,0.0,0.0,1.0,0.0,0.0,0.0,0.0,0.0,0.0,0.0,0.0,0.0,0.0,0.0,0.0,0.0
1157 LSX Prdm12 Zeb2 Gaba_1,0.0,0.0,0.0,0.0,0.0,0.0,0.0,0.0,0.0,0.0,0.0,0.9,0.0,0.011111111111111112,0.0,0.0,0.0,0.0,0.0,0.0,0.0,0.0,0.08888888888888889,0.0,0.0
1158 LSX Prdm12 Zeb2 Gaba_2,0.0,0.0,0.0,0.0,0.0,0.0,0.0,0.0,0.0,0.0,0.0,0.9555555555555556,0.0,0.0,0.0,0.0,0.0,0.0,0.0,0.0,0.0,0.0,0.044444444444444446,0.0,0.0
1159 LSX Prdm12 Zeb2 Gaba_2,0.0,0.0,0.0,0.014388489208633094,0.0,0.0,0.0,0.0,0.0035971223021582736,0.0,0.0,0.5971223021582733,0.0,0.007194244604316547,0.0,0.007194244604316547,0.007194244604316547,0.0,0.0,0.0,0.0,0.0,0.36330935251798563,0.0,0.0
1160 LSX Prdm12 Zeb2 Gaba_2,0.0,0.0,0.0,0.0,0.0,0.0,0.0,0.0,0.0,0.0,0.0,0.8235294117647058,0.0,0.00980392156862745,0.0,0.0392156862745098,0.0,0.0,0.0,0.0,0.0,0.0,0.12745098039215685,0.0,0.0
1161 LSX Prdm12 Zeb2 Gaba_2,0.0,0.0,0.0,0.0,0.0,0.008771929824561403,0.0,0.0,0.0,0.0,0.0,0.9736842105263158,0.0,0.0,0.0,0.008771929824561403,0.0,0.0,0.0,0.0,0.0,0.008771929824561403,0.0,0.0,0.0
1162 LSX Prdm12 Zeb2 Gaba_3,0.0,0.0,0.0,0.0,0.0,0.0,0.0,0.0,0.007518796992481203,0.0,0.0,0.9774436090225563,0.0,0.0,0.0,0.0,0.0,0.0,0.0,0.0,0.0,0.015037593984962405,0.0,0.0,0.0
1163 LSX Prdm12 Zeb2 Gaba_3,0.0,0.0,0.0,0.0,0.0,0.0,0.0,0.0,0.0,0.0,0.0,0.9615384615384616,0.0,0.0,0.0,0.038461538461538464,0.0,0.0,0.0,0.0,0.0,0.0,0.0,0.0,0.0
1164 LSX Prdm12 Zeb2 Gaba_3,0.0,0.0,0.0,0.0,0.0,0.0,0.0,0.0,0.0,0.0,0.0,1.0,0.0,0.0,0.0,0.0,0.0,0.0,0.0,0.0,0.0,0.0,0.0,0.0,0.0
1165 LSX Prdm12 Zeb2 Gaba_3,0.0,0.0,0.0,0.0,0.0,0.0,0.0,0.0,0.0,0.0,0.0,0.989010989010989,0.0,0.0,0.0,0.01098901098901099,0.0,0.0,0.0,0.0,0.0,0.0,0.0,0.0,0.0
1166 LSX Prdm12 Zeb2 Gaba_4,0.0,0.0,0.0,0.0,0.0,0.0,0.0,0.0,0.0,0.0,0.0,0.975609756097561,0.0,0.0,0.0,0.0,0.0,0.0,0.0,0.0,0.0,0.0,0.024390243902439025,0.0,0.0
1167 LSX Prdm12 Zeb2 Gaba_4,0.0,0.0,0.0,0.0,0.0,0.0,0.0,0.0,0.0,0.0,0.0,0.9950738916256158,0.0,0.0,0.0,0.0,0.0,0.0,0.0,0.0,0.0,0.0,0.0049261083743842365,0.0,0.0
1168 LSX Prdm12 Zeb2 Gaba_5,0.0,0.0,0.0,0.0,0.0,0.0,0.0,0.0,0.016722408026755852,0.0,0.006688963210702341,0.9698996655518395,0.0,0.0,0.0,0.0,0.0,0.0,0.0,0.0,0.0,0.0,0.006688963210702341,0.0,0.0
1169 LSX Prdm12 Zeb2 Gaba_5,0.0,0.0,0.0,0.0,0.0,0.0,0.0,0.0,0.0,0.0,0.0,0.9935483870967742,0.0,0.0,0.0,0.0,0.0,0.0,0.0,0.0,0.0,0.0,0.0064516129032258064,0.0,0.0
1170 LSX Prdm12 Zeb2 Gaba_5,0.0,0.0,0.0,0.0,0.0,0.0,0.0,0.0,0.0,0.0,0.0,1.0,0.0,0.0,0.0,0.0,0.0,0.0,0.0,0.0,0.0,0.0,0.0,0.0,0.0
1171 LSX Prdm12 Zeb2 Gaba_5,0.0,0.0,0.0,0.0,0.0,0.0,0.0,0.0,0.0,0.0,0.0,1.0,0.0,0.0,0.0,0.0,0.0,0.0,0.0,0.0,0.0,0.0,0.0,0.0,0.0
1172 LSX Prdm12 Zeb2 Gaba_5,0.0,0.0,0.0,0.0,0.0,0.0,0.0,0.0,0.0,0.0,0.0,1.0,0.0,0.0,0.0,0.0,0.0,0.0,0.0,0.0,0.0,0.0,0.0,0.0,0.0
1173 LSX Prdm12 Zeb2 Gaba_5,0.0,0.0,0.0,0.0,0.0,0.0,0.0,0.0,0.0,0.0,0.0,1.0,0.0,0.0,0.0,0.0,0.0,0.0,0.0,0.0,0.0,0.0,0.0,0.0,0.0
1174 LSX Sall3 Lmo1 Gaba_1,0.0,0.0,0.0,0.0,0.0,0.0,0.0,0.0,0.0,0.0,0.0,0.9897959183673469,0.0,0.0,0.0,0.0,0.0,0.0,0.0,0.0,0.0,0.0,0.01020408163265306,0.0,0.0
1175 LSX Sall3 Lmo1 Gaba_1,0.0,0.0,0.0,0.0,0.0,0.0,0.0,0.0,0.0,0.0,0.0,0.9583333333333334,0.0,0.0,0.0,0.0,0.0,0.0,0.0,0.0,0.0,0.0,0.041666666666666664,0.0,0.0
1176 LSX Sall3 Lmo1 Gaba_2,0.0,0.0,0.0,0.0,0.0,0.0,0.0,0.0,0.0,0.0,0.0,1.0,0.0,0.0,0.0,0.0,0.0,0.0,0.0,0.0,0.0,0.0,0.0,0.0,0.0
1177 LSX Sall3 Lmo1 Gaba_2,0.0,0.0,0.0,0.0,0.0,0.0,0.0,0.0,0.0,0.0,0.0,1.0,0.0,0.0,0.0,0.0,0.0,0.0,0.0,0.0,0.0,0.0,0.0,0.0,0.0
1178 LSX Sall3 Lmo1 Gaba_2,0.0,0.0,0.0,0.0,0.0,0.0,0.0,0.0,0.0,0.0,0.0425531914893617,0.8368794326241135,0.0,0.0,0.0,0.0,0.0,0.0,0.0,0.0,0.0,0.0,0.12056737588652482,0.0,0.0
1179 LSX Sall3 Lmo1 Gaba_2,0.0,0.0,0.0,0.0,0.0,0.0,0.0,0.0,0.0,0.0,0.0,1.0,0.0,0.0,0.0,0.0,0.0,0.0,0.0,0.0,0.0,0.0,0.0,0.0,0.0
1180 LSX Sall3 Lmo1 Gaba_3,0.0,0.0,0.0,0.13782542113323124,0.0,0.0,0.0,0.0,0.0015313935681470138,0.0,0.0444104134762634,0.37978560490045943,0.0,0.007656967840735069,0.0,0.0,0.016845329249617153,0.0,0.0,0.0,0.0,0.01225114854517611,0.3981623277182236,0.0,0.0015313935681470138
1181 LSX Sall3 Lmo1 Gaba_3,0.0,0.0,0.0,0.1111111111111111,0.0,0.0,0.0,0.0,0.0,0.0,0.16444444444444445,0.6177777777777778,0.0,0.0,0.0,0.0,0.008888888888888889,0.0,0.0,0.0,0.0,0.017777777777777778,0.08,0.0,0.0
1182 LSX Sall3 Lmo1 Gaba_4,0.0,0.0,0.0,0.0,0.0,0.0,0.0,0.0,0.0,0.0,0.0,0.9629629629629629,0.0,0.037037037037037035,0.0,0.0,0.0,0.0,0.0,0.0,0.0,0.0,0.0,0.0,0.0
1183 LSX Sall3 Lmo1 Gaba_5,0.0,0.0,0.0,0.0,0.0,0.0,0.0,0.0,0.0,0.0,0.06097560975609756,0.8292682926829268,0.0,0.012195121951219513,0.0,0.0,0.012195121951219513,0.0,0.0,0.0,0.0,0.0,0.08536585365853659,0.0,0.0
1184 LSX Sall3 Lmo1 Gaba_5,0.0,0.0,0.0,0.0,0.0,0.0,0.0,0.0,0.0,0.0,0.03007518796992481,0.9548872180451128,0.0,0.0,0.0,0.0,0.0,0.0,0.0,0.0,0.0,0.0,0.015037593984962405,0.0,0.0
1185 LSX Sall3 Lmo1 Gaba_6,0.0,0.0,0.0,0.031862745098039214,0.0,0.0,0.0,0.0,0.04411764705882353,0.0,0.06862745098039216,0.553921568627451,0.0,0.049019607843137254,0.0,0.0,0.06372549019607843,0.0,0.0,0.0,0.0,0.004901960784313725,0.18382352941176472,0.0,0.0
1186 LSX Sall3 Lmo1 Gaba_6,0.0,0.0,0.0,0.0,0.0,0.0,0.0,0.0,0.0,0.0,0.02586206896551724,0.9568965517241379,0.0,0.0,0.0,0.0,0.0,0.0,0.0,0.0,0.0,0.0,0.017241379310344827,0.0,0.0
1187 LSX Sall3 Lmo1 Gaba_6,0.0,0.0,0.0,0.0,0.0,0.0,0.0,0.0,0.0,0.0,0.011363636363636364,0.9545454545454546,0.0,0.0,0.0,0.0,0.011363636363636364,0.0,0.0,0.0,0.0,0.011363636363636364,0.011363636363636364,0.0,0.0
1188 MEA-BST Sox6 Gaba_1,0.0,0.0,0.11764705882352941,0.058823529411764705,0.0,0.0,0.0,0.0,0.29411764705882354,0.0,0.058823529411764705,0.47058823529411764,0.0,0.0,0.0,0.0,0.0,0.0,0.0,0.0,0.0,0.0,0.0,0.0,0.0
1189 MEA-BST Sox6 Gaba_1,0.0,0.0,0.04918032786885246,0.0,0.0,0.0,0.0,0.0,0.08196721311475409,0.0,0.13114754098360656,0.7377049180327869,0.0,0.0,0.0,0.0,0.0,0.0,0.0,0.0,0.0,0.0,0.0,0.0,0.0
1190 MEA-BST Sox6 Gaba_1,0.0,0.0,0.0,0.0,0.08,0.0,0.0,0.0,0.04,0.0,0.52,0.28,0.0,0.0,0.0,0.0,0.0,0.0,0.04,0.0,0.0,0.0,0.04,0.0,0.0
1191 MEA-BST Sox6 Gaba_1,0.0,0.0,0.0136986301369863,0.0,0.0136986301369863,0.0,0.0,0.0,0.0684931506849315,0.0,0.0410958904109589,0.7808219178082192,0.0273972602739726,0.0,0.0,0.0,0.0,0.0,0.0410958904109589,0.0,0.0,0.0,0.0,0.0,0.0136986301369863
1192 MEA-BST Sox6 Gaba_2,0.0,0.0,0.0,0.0,0.03278688524590164,0.0,0.0,0.0,0.0,0.0,0.4918032786885246,0.4426229508196721,0.0,0.0,0.0,0.0,0.0,0.0,0.01639344262295082,0.0,0.0,0.01639344262295082,0.0,0.0,0.0
1193 MEA-BST Sox6 Gaba_2,0.0,0.0,0.08783783783783784,0.006756756756756757,0.0,0.0,0.0,0.0,0.3310810810810811,0.0,0.02027027027027027,0.5472972972972973,0.0,0.0,0.0,0.0,0.0,0.0,0.0,0.0,0.006756756756756757,0.0,0.0,0.0,0.0
1194 MEA-BST Sox6 Gaba_2,0.0,0.0,0.07865168539325842,0.0,0.011235955056179775,0.0,0.0,0.0,0.2696629213483146,0.0,0.033707865168539325,0.6067415730337079,0.0,0.0,0.0,0.0,0.0,0.0,0.0,0.0,0.0,0.0,0.0,0.0,0.0
1195 MEA-BST Sox6 Gaba_2,0.0,0.0,0.09523809523809523,0.0,0.0,0.0,0.0,0.0,0.2222222222222222,0.0,0.031746031746031744,0.6349206349206349,0.0,0.0,0.0,0.0,0.0,0.0,0.015873015873015872,0.0,0.0,0.0,0.0,0.0,0.0
1196 MEA-BST Sox6 Gaba_2,0.0,0.0,0.032467532467532464,0.0,0.0,0.0,0.0,0.0,0.09090909090909091,0.0,0.025974025974025976,0.7857142857142857,0.006493506493506494,0.0,0.0,0.0,0.0,0.0,0.05844155844155844,0.0,0.0,0.0,0.0,0.0,0.0
1197 MEA-BST Sox6 Gaba_2,0.0,0.0,0.0,0.0,0.06060606060606061,0.0,0.0,0.0,0.0,0.030303030303030304,0.6060606060606061,0.2727272727272727,0.0,0.0,0.0,0.0,0.0,0.0,0.0,0.0,0.0,0.0,0.030303030303030304,0.0,0.0
1198 MEA-BST Sox6 Gaba_3,0.0,0.0,0.0,0.0,0.0,0.0,0.0,0.0,0.0,0.0,0.06944444444444445,0.8888888888888888,0.0,0.0,0.0,0.0,0.0,0.0,0.0,0.0,0.0,0.0,0.041666666666666664,0.0,0.0
1199 MEA-BST Sox6 Gaba_3,0.0,0.0,0.045454545454545456,0.0,0.13636363636363635,0.0,0.0,0.0,0.045454545454545456,0.0,0.13636363636363635,0.5909090909090909,0.0,0.0,0.0,0.0,0.0,0.0,0.0,0.0,0.0,0.045454545454545456,0.0,0.0,0.0
1200 MEA-BST Sox6 Gaba_3,0.0,0.0,0.0,0.0,0.1,0.0,0.0,0.0,0.03333333333333333,0.0,0.3333333333333333,0.5333333333333333,0.0,0.0,0.0,0.0,0.0,0.0,0.0,0.0,0.0,0.0,0.0,0.0,0.0
1201 MEA-BST Sox6 Gaba_3,0.0,0.0,0.045454545454545456,0.0,0.13636363636363635,0.0,0.0,0.0,0.0,0.0,0.5,0.3181818181818182,0.0,0.0,0.0,0.0,0.0,0.0,0.0,0.0,0.0,0.0,0.0,0.0,0.0
1202 MEA-BST Sox6 Gaba_3,0.0,0.0,0.0,0.0,0.0,0.0,0.0,0.0,0.10714285714285714,0.0,0.4642857142857143,0.42857142857142855,0.0,0.0,0.0,0.0,0.0,0.0,0.0,0.0,0.0,0.0,0.0,0.0,0.0
1203 MEA-BST Sox6 Gaba_3,0.0,0.0,0.0,0.0,0.08571428571428572,0.0,0.0,0.0,0.0,0.0,0.3142857142857143,0.5714285714285714,0.0,0.0,0.0,0.0,0.0,0.0,0.0,0.0,0.0,0.0,0.02857142857142857,0.0,0.0
1204 MEA-BST Sox6 Gaba_3,0.0,0.0,0.012345679012345678,0.0,0.09876543209876543,0.0,0.0,0.0,0.012345679012345678,0.0,0.49382716049382713,0.3333333333333333,0.012345679012345678,0.0,0.0,0.0,0.012345679012345678,0.0,0.012345679012345678,0.0,0.0,0.0,0.012345679012345678,0.0,0.0
1205 MEA-BST Sox6 Gaba_4,0.0,0.0,0.0392156862745098,0.0,0.0,0.0,0.0,0.0,0.0,0.0,0.0196078431372549,0.9411764705882353,0.0,0.0,0.0,0.0,0.0,0.0,0.0,0.0,0.0,0.0,0.0,0.0,0.0
1206 MEA-BST Sox6 Gaba_4,0.0,0.0,0.06451612903225806,0.0,0.0,0.0,0.0,0.0,0.3225806451612903,0.0,0.0,0.5161290322580645,0.0,0.0,0.0,0.0,0.0,0.0,0.0967741935483871,0.0,0.0,0.0,0.0,0.0,0.0
1207 MEA-BST Sox6 Gaba_4,0.0,0.0,0.0,0.0,0.07142857142857142,0.0,0.0,0.0,0.0,0.0,0.047619047619047616,0.8571428571428571,0.0,0.0,0.0,0.0,0.0,0.0,0.0,0.0,0.0,0.0,0.023809523809523808,0.0,0.0
1208 MEA-BST Sox6 Gaba_4,0.0,0.0,0.010101010101010102,0.0,0.010101010101010102,0.0,0.0,0.0,0.010101010101010102,0.0,0.020202020202020204,0.9090909090909091,0.0,0.0,0.0,0.0,0.0,0.0,0.030303030303030304,0.0,0.0,0.0,0.010101010101010102,0.0,0.0
1209 MEA-BST Sox6 Gaba_4,0.0,0.0,0.07352941176470588,0.0,0.0,0.0,0.0,0.0,0.6470588235294118,0.0,0.0,0.27941176470588236,0.0,0.0,0.0,0.0,0.0,0.0,0.0,0.0,0.0,0.0,0.0,0.0,0.0
1210 MEA-BST Sox6 Gaba_4,0.0,0.0,0.038461538461538464,0.0,0.038461538461538464,0.0,0.0,0.0,0.0,0.0,0.07692307692307693,0.8461538461538461,0.0,0.0,0.0,0.0,0.0,0.0,0.0,0.0,0.0,0.0,0.0,0.0,0.0
1211 MEA-BST Sox6 Gaba_4,0.0,0.0,0.13636363636363635,0.0,0.0,0.022727272727272728,0.0,0.0,0.18181818181818182,0.0,0.022727272727272728,0.5909090909090909,0.0,0.0,0.0,0.0,0.0,0.0,0.045454545454545456,0.0,0.0,0.0,0.0,0.0,0.0
1212 MEA-BST Sox6 Gaba_5,0.0,0.0,0.2608695652173913,0.0,0.0,0.0,0.0,0.0,0.5434782608695652,0.0,0.043478260869565216,0.15217391304347827,0.0,0.0,0.0,0.0,0.0,0.0,0.0,0.0,0.0,0.0,0.0,0.0,0.0
1213 MEA-BST Sox6 Gaba_5,0.0,0.0,0.1,0.0,0.04,0.0,0.0,0.0,0.12,0.0,0.22,0.5,0.0,0.0,0.0,0.0,0.0,0.0,0.0,0.0,0.0,0.0,0.02,0.0,0.0
1214 MEA-BST Sox6 Gaba_5,0.0,0.0,0.11428571428571428,0.0,0.0,0.0,0.0,0.0,0.6571428571428571,0.0,0.0,0.22857142857142856,0.0,0.0,0.0,0.0,0.0,0.0,0.0,0.0,0.0,0.0,0.0,0.0,0.0
1215 MEA-BST Sox6 Gaba_5,0.0,0.0,0.02564102564102564,0.0,0.0,0.0,0.0,0.0,0.20512820512820512,0.0,0.1282051282051282,0.6153846153846154,0.0,0.0,0.0,0.0,0.02564102564102564,0.0,0.0,0.0,0.0,0.0,0.0,0.0,0.0
1216 MEA-BST Sox6 Gaba_5,0.0,0.0,0.02702702702702703,0.0,0.013513513513513514,0.0,0.0,0.0,0.5675675675675675,0.0,0.05405405405405406,0.3108108108108108,0.013513513513513514,0.0,0.0,0.0,0.0,0.0,0.0,0.0,0.0,0.0,0.013513513513513514,0.0,0.0
1217 MEA-BST Sox6 Gaba_5,0.0,0.0,0.2,0.0,0.0,0.0,0.0,0.0,0.35555555555555557,0.0,0.044444444444444446,0.37777777777777777,0.0,0.0,0.0,0.0,0.0,0.0,0.0,0.022222222222222223,0.0,0.0,0.0,0.0,0.0
1218 MEA-BST Sox6 Gaba_5,0.0,0.0,0.041666666666666664,0.0,0.08333333333333333,0.0,0.020833333333333332,0.0,0.25,0.0,0.020833333333333332,0.5625,0.0,0.0,0.0,0.0,0.0,0.0,0.020833333333333332,0.0,0.0,0.0,0.0,0.0,0.0
1219 MEA-BST Sox6 Gaba_6,0.0,0.0,0.2,0.0,0.0,0.0,0.0,0.0,0.0,0.0,0.0,0.7,0.0,0.0,0.0,0.0,0.0,0.0,0.0,0.0,0.0,0.0,0.1,0.0,0.0
1220 MEA-BST Sox6 Gaba_6,0.0,0.0,0.0,0.0,0.11904761904761904,0.0,0.0,0.0,0.0,0.0,0.19047619047619047,0.6904761904761905,0.0,0.0,0.0,0.0,0.0,0.0,0.0,0.0,0.0,0.0,0.0,0.0,0.0
1221 MEA-BST Sox6 Gaba_6,0.0,0.0,0.009433962264150943,0.0,0.009433962264150943,0.0,0.0,0.0,0.0,0.0,0.0660377358490566,0.9056603773584906,0.0,0.0,0.0,0.0,0.0,0.0,0.0,0.0,0.0,0.0,0.009433962264150943,0.0,0.0
1222 MEA-BST Sox6 Gaba_6,0.0,0.0,0.14893617021276595,0.0,0.02127659574468085,0.0,0.0,0.0,0.10638297872340426,0.0,0.031914893617021274,0.6702127659574468,0.0,0.0,0.0,0.0,0.0,0.0,0.0,0.0,0.0,0.0,0.02127659574468085,0.0,0.0
1223 MEA-BST Sox6 Gaba_6,0.0,0.0,0.2037037037037037,0.0,0.0,0.0,0.0,0.0,0.018518518518518517,0.0,0.037037037037037035,0.7407407407407407,0.0,0.0,0.0,0.0,0.0,0.0,0.0,0.0,0.0,0.0,0.0,0.0,0.0
1224 MEA-BST Sox6 Gaba_6,0.0,0.0,0.23076923076923078,0.0,0.0,0.0,0.0,0.0,0.05128205128205128,0.0,0.0,0.7051282051282052,0.0,0.0,0.0,0.0,0.0,0.0,0.0,0.0,0.0,0.0,0.01282051282051282,0.0,0.0
1225 MEA-BST Sox6 Gaba_6,0.0,0.0,0.0,0.0,0.02531645569620253,0.0,0.0,0.0,0.0,0.0,0.05063291139240506,0.9113924050632911,0.0,0.0,0.0,0.0,0.0,0.0,0.012658227848101266,0.0,0.0,0.0,0.0,0.0,0.0
1226 MEA-BST Sox6 Gaba_7,0.0,0.0,0.0,0.0,0.1446280991735537,0.0,0.0,0.0,0.0,0.0,0.7892561983471075,0.049586776859504134,0.0,0.0,0.0,0.0,0.0,0.0,0.004132231404958678,0.0,0.004132231404958678,0.0,0.008264462809917356,0.0,0.0
1227 MEA-BST Sox6 Gaba_7,0.0,0.0,0.0,0.0,0.2541899441340782,0.0,0.0,0.0,0.0,0.0,0.29329608938547486,0.4301675977653631,0.0,0.0,0.0,0.0,0.0,0.0,0.0111731843575419,0.0,0.002793296089385475,0.0,0.008379888268156424,0.0,0.0
1228 MEA-BST Sox6 Gaba_7,0.0,0.0,0.0,0.0,0.6470588235294118,0.0,0.0,0.0,0.0,0.0,0.24064171122994651,0.10160427807486631,0.0,0.0,0.0,0.0,0.0,0.0,0.0,0.0,0.0,0.0,0.0106951871657754,0.0,0.0
1229 MEA-BST Sox6 Gaba_8,0.0,0.0,0.0,0.0,0.0,0.0,0.0,0.0,0.0,0.0,0.0,1.0,0.0,0.0,0.0,0.0,0.0,0.0,0.0,0.0,0.0,0.0,0.0,0.0,0.0
1230 MEA-BST Sox6 Gaba_8,0.0,0.0,0.0,0.0,0.07142857142857142,0.0,0.0,0.0,0.0,0.0,0.16666666666666666,0.7380952380952381,0.0,0.0,0.0,0.0,0.0,0.0,0.023809523809523808,0.0,0.0,0.0,0.0,0.0,0.0
1231 MEA-BST Sox6 Gaba_8,0.0,0.0,0.0,0.0,0.0,0.0,0.0,0.0,0.0,0.0,0.07142857142857142,0.9285714285714286,0.0,0.0,0.0,0.0,0.0,0.0,0.0,0.0,0.0,0.0,0.0,0.0,0.0
1232 MEA-BST Sox6 Gaba_9,0.0,0.0,0.04,0.0,0.013333333333333334,0.013333333333333334,0.0,0.0,0.26666666666666666,0.0,0.24,0.37333333333333335,0.0,0.0,0.0,0.0,0.0,0.0,0.013333333333333334,0.0,0.0,0.0,0.04,0.0,0.0
1233 MEA-BST Sox6 Gaba_9,0.0,0.0,0.09090909090909091,0.012987012987012988,0.0,0.0,0.0,0.0,0.06493506493506493,0.0,0.05194805194805195,0.7792207792207793,0.0,0.0,0.0,0.0,0.0,0.0,0.0,0.0,0.0,0.0,0.0,0.0,0.0
1234 MEA-BST Sox6 Gaba_9,0.0,0.0,0.04477611940298507,0.0,0.05970149253731343,0.029850746268656716,0.0,0.0,0.23880597014925373,0.0,0.14925373134328357,0.3880597014925373,0.0,0.0,0.0,0.0,0.0,0.0,0.029850746268656716,0.0,0.0,0.014925373134328358,0.029850746268656716,0.0,0.014925373134328358
1235 MEA-BST Sox6 Gaba_10,0.0,0.0,0.0,0.0,0.6206896551724138,0.0,0.0,0.0,0.0,0.0,0.3793103448275862,0.0,0.0,0.0,0.0,0.0,0.0,0.0,0.0,0.0,0.0,0.0,0.0,0.0,0.0
1236 MEA-BST Sox6 Gaba_10,0.0,0.0,0.0,0.0,0.2631578947368421,0.0,0.0,0.0,0.0,0.0,0.543859649122807,0.14035087719298245,0.017543859649122806,0.0,0.0,0.0,0.0,0.0,0.0,0.0,0.0,0.0,0.03508771929824561,0.0,0.0
1237 MEA-BST Sox6 Gaba_10,0.0,0.0,0.15873015873015872,0.0,0.06349206349206349,0.0,0.0,0.0,0.12698412698412698,0.0,0.23809523809523808,0.38095238095238093,0.0,0.0,0.0,0.0,0.0,0.0,0.0,0.0,0.0,0.0,0.031746031746031744,0.0,0.0
1238 MEA-BST Lhx6 Sp9 Gaba_1,0.0,0.0,0.0,0.0,0.0,0.0,0.0,0.0,0.0,0.0,0.08737864077669903,0.8932038834951457,0.0,0.0,0.0,0.0,0.0,0.0,0.009708737864077669,0.0,0.0,0.0,0.009708737864077669,0.0,0.0
1239 MEA-BST Lhx6 Sp9 Gaba_1,0.0,0.0,0.006289308176100629,0.0,0.025157232704402517,0.0,0.0,0.0,0.006289308176100629,0.0,0.18867924528301888,0.7672955974842768,0.0,0.0,0.0,0.0,0.0,0.0,0.006289308176100629,0.0,0.0,0.0,0.0,0.0,0.0
1240 MEA-BST Lhx6 Sp9 Gaba_1,0.0,0.0,0.0,0.0,0.02608695652173913,0.0,0.0,0.0,0.0,0.0,0.2391304347826087,0.6,0.0,0.0,0.0,0.0,0.004347826086956522,0.0,0.017391304347826087,0.0,0.04782608695652174,0.0,0.06521739130434782,0.0,0.0
1241 MEA-BST Lhx6 Sp9 Gaba_1,0.0,0.0,0.0,0.0,0.0,0.0,0.0,0.0,0.0,0.0,0.5357142857142857,0.4642857142857143,0.0,0.0,0.0,0.0,0.0,0.0,0.0,0.0,0.0,0.0,0.0,0.0,0.0
1242 MEA-BST Lhx6 Sp9 Gaba_1,0.0,0.0,0.0,0.0,0.006711409395973154,0.0,0.0,0.0,0.0,0.0,0.087248322147651,0.8657718120805369,0.0,0.0,0.0,0.0,0.0,0.0,0.040268456375838924,0.0,0.0,0.0,0.0,0.0,0.0
1243 MEA-BST Lhx6 Sp9 Gaba_1,0.0,0.0,0.0,0.0,0.009615384615384616,0.0,0.0,0.0,0.0,0.0,0.10576923076923077,0.8461538461538461,0.0,0.0,0.0,0.0,0.0,0.0,0.028846153846153848,0.0,0.0,0.0,0.009615384615384616,0.0,0.0
1244 MEA-BST Lhx6 Sp9 Gaba_2,0.0,0.0,0.0,0.0,0.3236363636363636,0.0,0.0,0.0,0.0,0.0,0.5963636363636363,0.05090909090909091,0.0,0.0,0.0,0.0,0.0,0.0,0.0,0.0,0.014545454545454545,0.0,0.014545454545454545,0.0,0.0
1245 MEA-BST Lhx6 Sp9 Gaba_2,0.0,0.0,0.0,0.0,0.030303030303030304,0.0,0.0,0.0,0.0,0.0,0.8484848484848485,0.0,0.0,0.0,0.0,0.0,0.0,0.0,0.0,0.0,0.09090909090909091,0.0,0.030303030303030304,0.0,0.0
1246 MEA-BST Lhx6 Sp9 Gaba_2,0.0,0.0,0.0,0.0,0.625,0.0,0.0,0.0,0.0,0.0,0.375,0.0,0.0,0.0,0.0,0.0,0.0,0.0,0.0,0.0,0.0,0.0,0.0,0.0,0.0
1247 MEA-BST Lhx6 Sp9 Gaba_2,0.0,0.0,0.0,0.0,0.0,0.0,0.0,0.0,0.0,0.0,0.09090909090909091,0.7727272727272727,0.0,0.0,0.0,0.0,0.030303030303030304,0.0,0.0,0.0,0.045454545454545456,0.0,0.06060606060606061,0.0,0.0
1248 MEA-BST Lhx6 Sp9 Gaba_3,0.0,0.0,0.0,0.0,0.041666666666666664,0.0,0.0,0.0,0.08333333333333333,0.0,0.4305555555555556,0.4444444444444444,0.0,0.0,0.0,0.0,0.0,0.0,0.0,0.0,0.0,0.0,0.0,0.0,0.0
1249 MEA-BST Lhx6 Sp9 Gaba_3,0.0,0.0,0.0,0.0,0.06153846153846154,0.0,0.0,0.0,0.0,0.0,0.09230769230769231,0.8153846153846154,0.0,0.0,0.0,0.0,0.0,0.0,0.0,0.0,0.0,0.015384615384615385,0.015384615384615385,0.0,0.0
1250 MEA-BST Lhx6 Sp9 Gaba_3,0.0,0.0,0.14285714285714285,0.0,0.0,0.0,0.0,0.0,0.0,0.0,0.03571428571428571,0.8214285714285714,0.0,0.0,0.0,0.0,0.0,0.0,0.0,0.0,0.0,0.0,0.0,0.0,0.0
1251 MEA-BST Lhx6 Sp9 Gaba_3,0.0,0.0,0.06060606060606061,0.0,0.010101010101010102,0.0,0.0,0.0,0.06060606060606061,0.0,0.1111111111111111,0.7474747474747475,0.0,0.0,0.0,0.0,0.0,0.0,0.0,0.0,0.0,0.0,0.010101010101010102,0.0,0.0
1252 MEA-BST Lhx6 Sp9 Gaba_3,0.0,0.0,0.06382978723404255,0.0,0.07446808510638298,0.0,0.0,0.0,0.06382978723404255,0.0,0.05319148936170213,0.7021276595744681,0.0,0.0,0.0,0.0,0.0,0.0,0.0425531914893617,0.0,0.0,0.0,0.0,0.0,0.0
1253 MEA-BST Lhx6 Sp9 Gaba_4,0.0,0.0,0.0,0.0,0.0,0.0,0.0,0.0,0.0,0.0,0.10071942446043165,0.8633093525179856,0.0,0.0,0.0,0.0,0.0,0.0,0.03597122302158273,0.0,0.0,0.0,0.0,0.0,0.0
1254 MEA-BST Lhx6 Sp9 Gaba_4,0.0,0.0,0.0,0.0,0.0,0.0,0.0,0.0,0.0,0.0,0.03225806451612903,0.9032258064516129,0.0,0.0,0.0,0.0,0.0,0.0,0.04838709677419355,0.0,0.016129032258064516,0.0,0.0,0.0,0.0
1255 MEA-BST Lhx6 Sp9 Gaba_4,0.0,0.0,0.052083333333333336,0.0,0.03125,0.0,0.0,0.0,0.03125,0.0,0.08333333333333333,0.7604166666666666,0.0,0.0,0.0,0.0,0.0,0.0,0.020833333333333332,0.0,0.0,0.0,0.020833333333333332,0.0,0.0
1256 MEA-BST Lhx6 Sp9 Gaba_4,0.0,0.0,0.1095890410958904,0.0,0.0547945205479452,0.0,0.0,0.0,0.2465753424657534,0.0,0.0547945205479452,0.5342465753424658,0.0,0.0,0.0,0.0,0.0,0.0,0.0,0.0,0.0,0.0,0.0,0.0,0.0
1257 MEA-BST Lhx6 Sp9 Gaba_5,0.0,0.0,0.013513513513513514,0.0,0.06756756756756757,0.0,0.0,0.0,0.0,0.0,0.12162162162162163,0.7162162162162162,0.0,0.0,0.0,0.0,0.0,0.0,0.06756756756756757,0.0,0.0,0.0,0.013513513513513514,0.0,0.0
1258 MEA-BST Lhx6 Sp9 Gaba_5,0.0,0.0,0.0,0.0,0.029411764705882353,0.0,0.0,0.0,0.0,0.0,0.20588235294117646,0.7352941176470589,0.0,0.0,0.0,0.0,0.0,0.0,0.0,0.0,0.0,0.0,0.029411764705882353,0.0,0.0
1259 MEA-BST Lhx6 Sp9 Gaba_5,0.0,0.0,0.022988505747126436,0.0,0.022988505747126436,0.0,0.0,0.0,0.0,0.0,0.08045977011494253,0.8735632183908046,0.0,0.0,0.0,0.0,0.0,0.0,0.0,0.0,0.0,0.0,0.0,0.0,0.0
1260 MEA-BST Lhx6 Sp9 Gaba_5,0.0,0.0,0.0,0.0,0.034482758620689655,0.0,0.0,0.0,0.0,0.0,0.27586206896551724,0.6724137931034483,0.0,0.0,0.0,0.0,0.0,0.0,0.0,0.0,0.0,0.0,0.017241379310344827,0.0,0.0
1261 MEA-BST Lhx6 Sp9 Gaba_6,0.0,0.0,0.0,0.0,0.12037037037037036,0.0,0.0,0.0,0.0,0.0,0.37962962962962965,0.47685185185185186,0.0,0.0,0.0,0.0,0.0,0.0,0.018518518518518517,0.0,0.0,0.0,0.004629629629629629,0.0,0.0
1262 MEA-BST Lhx6 Sp9 Gaba_6,0.0,0.0,0.0,0.0,0.058823529411764705,0.0,0.0,0.0,0.0,0.0,0.4068627450980392,0.43137254901960786,0.0,0.0,0.0,0.0,0.004901960784313725,0.0,0.0,0.0,0.029411764705882353,0.0,0.06862745098039216,0.0,0.0
1263 MEA-BST Lhx6 Sp9 Gaba_7,0.0,0.0,0.0,0.0,0.631578947368421,0.0,0.0,0.0,0.0,0.0,0.3157894736842105,0.02631578947368421,0.0,0.0,0.0,0.0,0.0,0.0,0.0,0.0,0.0,0.0,0.02631578947368421,0.0,0.0
1264 MEA-BST Lhx6 Sp9 Gaba_7,0.0,0.0,0.0,0.0,0.24719101123595505,0.0,0.0,0.0,0.0,0.0,0.5280898876404494,0.14606741573033707,0.0449438202247191,0.0,0.0,0.0,0.0,0.0,0.011235955056179775,0.0,0.011235955056179775,0.0,0.011235955056179775,0.0,0.0
1265 MEA-BST Lhx6 Sp9 Gaba_7,0.0,0.0,0.0,0.0,0.75,0.0,0.0,0.0,0.0,0.0,0.25,0.0,0.0,0.0,0.0,0.0,0.0,0.0,0.0,0.0,0.0,0.0,0.0,0.0,0.0
1266 MEA-BST Lhx6 Sp9 Gaba_7,0.0,0.0,0.0,0.0,0.19148936170212766,0.0,0.0,0.0,0.0,0.0,0.8085106382978723,0.0,0.0,0.0,0.0,0.0,0.0,0.0,0.0,0.0,0.0,0.0,0.0,0.0,0.0
1267 MEA-BST Lhx6 Sp9 Gaba_7,0.0,0.0,0.0,0.0,0.24719101123595505,0.0,0.0,0.0,0.0,0.0,0.6853932584269663,0.0449438202247191,0.0,0.0,0.0,0.0,0.0,0.0,0.0,0.0,0.0,0.0,0.02247191011235955,0.0,0.0
1268 MEA-BST Lhx6 Sp9 Gaba_7,0.0,0.0,0.0,0.0,0.7037037037037037,0.0,0.0,0.0,0.0,0.0,0.2777777777777778,0.009259259259259259,0.0,0.0,0.0,0.0,0.0,0.0,0.0,0.0,0.0,0.0,0.009259259259259259,0.0,0.0
1269 MEA-BST Lhx6 Nr2e1 Gaba_1,0.0,0.0,0.015384615384615385,0.0,0.0,0.0,0.0,0.0,0.0,0.0,0.015384615384615385,0.9538461538461539,0.0,0.0,0.0,0.0,0.0,0.0,0.0,0.0,0.0,0.0,0.015384615384615385,0.0,0.0
1270 MEA-BST Lhx6 Nr2e1 Gaba_1,0.0,0.0,0.0,0.0,0.0,0.0,0.0,0.0,0.0,0.0,0.0,0.9761904761904762,0.0,0.0,0.0,0.0,0.0,0.0,0.0,0.0,0.0,0.0,0.023809523809523808,0.0,0.0
1271 MEA-BST Lhx6 Nr2e1 Gaba_1,0.0,0.0,0.043478260869565216,0.0,0.0,0.0,0.0,0.0,0.021739130434782608,0.0,0.0,0.8043478260869565,0.0,0.0,0.0,0.0,0.0,0.0,0.10869565217391304,0.0,0.0,0.021739130434782608,0.0,0.0,0.0
1272 MEA-BST Lhx6 Nr2e1 Gaba_1,0.0,0.0,0.0,0.0,0.06521739130434782,0.0,0.0,0.0,0.0,0.0,0.32608695652173914,0.5652173913043478,0.0,0.0,0.0,0.021739130434782608,0.021739130434782608,0.0,0.0,0.0,0.0,0.0,0.0,0.0,0.0
1273 MEA-BST Lhx6 Nr2e1 Gaba_2,0.0,0.0,0.25,0.03571428571428571,0.0,0.0,0.0,0.0,0.10714285714285714,0.0,0.03571428571428571,0.5714285714285714,0.0,0.0,0.0,0.0,0.0,0.0,0.0,0.0,0.0,0.0,0.0,0.0,0.0
1274 MEA-BST Lhx6 Nr2e1 Gaba_2,0.0,0.0,0.0,0.0,0.0,0.0,0.0,0.0,0.0,0.0,0.13333333333333333,0.8,0.0,0.0,0.0,0.0,0.0,0.0,0.0,0.0,0.03333333333333333,0.0,0.03333333333333333,0.0,0.0
1275 MEA-BST Lhx6 Nr2e1 Gaba_2,0.0,0.0,0.2553191489361702,0.02127659574468085,0.0,0.02127659574468085,0.0,0.0,0.0425531914893617,0.0,0.0,0.5531914893617021,0.0,0.0,0.0,0.0,0.0,0.0,0.0,0.0,0.0,0.02127659574468085,0.0851063829787234,0.0,0.0
1276 MEA-BST Lhx6 Nr2e1 Gaba_2,0.0,0.0,0.46875,0.03125,0.03125,0.0,0.0,0.0,0.0625,0.0,0.03125,0.34375,0.0,0.0,0.0,0.0,0.0,0.0,0.0,0.0,0.0,0.0,0.03125,0.0,0.0
1277 MEA-BST Lhx6 Nr2e1 Gaba_2,0.0,0.0,0.5108695652173914,0.021739130434782608,0.0,0.010869565217391304,0.0,0.0,0.29347826086956524,0.0,0.0,0.14130434782608695,0.0,0.0,0.0,0.0,0.0,0.0,0.0,0.0,0.0,0.010869565217391304,0.010869565217391304,0.0,0.0
1278 MEA-BST Lhx6 Nr2e1 Gaba_2,0.0,0.0,0.4878048780487805,0.0,0.024390243902439025,0.0,0.0,0.0,0.024390243902439025,0.0,0.0,0.4634146341463415,0.0,0.0,0.0,0.0,0.0,0.0,0.0,0.0,0.0,0.0,0.0,0.0,0.0
1279 MEA-BST Lhx6 Nr2e1 Gaba_2,0.0,0.0,0.0,0.0058823529411764705,0.058823529411764705,0.0,0.0,0.0,0.0058823529411764705,0.0,0.3941176470588235,0.48823529411764705,0.0058823529411764705,0.0,0.0,0.0,0.011764705882352941,0.0,0.0,0.0,0.0,0.0058823529411764705,0.023529411764705882,0.0,0.0
1280 MEA-BST Lhx6 Nr2e1 Gaba_3,0.0,0.0,0.464,0.008,0.008,0.0,0.0,0.0,0.176,0.0,0.04,0.28,0.0,0.0,0.0,0.0,0.0,0.0,0.0,0.0,0.0,0.0,0.024,0.0,0.0
1281 MEA-BST Lhx6 Nfib Gaba_1,0.0,0.0,0.0847457627118644,0.0,0.07627118644067797,0.0,0.0,0.0,0.0,0.0,0.2457627118644068,0.5084745762711864,0.0,0.0,0.0,0.0,0.00847457627118644,0.0,0.0,0.0,0.01694915254237288,0.0,0.059322033898305086,0.0,0.0
1282 MEA-BST Lhx6 Nfib Gaba_1,0.0,0.0,0.0,0.0,0.5483870967741935,0.0,0.0,0.0,0.0,0.0,0.22119815668202766,0.12442396313364056,0.0,0.0,0.0,0.004608294930875576,0.009216589861751152,0.0,0.0,0.0,0.027649769585253458,0.0,0.06451612903225806,0.0,0.0
1283 MEA-BST Lhx6 Nfib Gaba_1,0.0,0.0,0.0,0.0,0.4444444444444444,0.0,0.0,0.0,0.0,0.0,0.3333333333333333,0.0,0.0,0.0,0.0,0.0,0.0,0.0,0.0,0.0,0.2222222222222222,0.0,0.0,0.0,0.0
1284 MEA-BST Lhx6 Nfib Gaba_1,0.0,0.0,0.0,0.017857142857142856,0.14285714285714285,0.0,0.0,0.0,0.0,0.0,0.32142857142857145,0.30357142857142855,0.017857142857142856,0.0,0.0,0.0,0.017857142857142856,0.0,0.0,0.0,0.03571428571428571,0.0,0.14285714285714285,0.0,0.0
1285 MEA-BST Lhx6 Nfib Gaba_1,0.0,0.0,0.0,0.0,0.46875,0.0,0.0,0.0,0.0,0.0,0.234375,0.09375,0.0,0.0,0.0,0.0,0.0,0.0,0.0,0.0,0.078125,0.0,0.125,0.0,0.0
1286 MEA-BST Lhx6 Nfib Gaba_1,0.0,0.0,0.0,0.0,0.24285714285714285,0.0,0.0,0.0,0.0,0.0,0.45714285714285713,0.2714285714285714,0.0,0.0,0.0,0.0,0.0,0.0,0.0,0.0,0.014285714285714285,0.0,0.014285714285714285,0.0,0.0
1287 MEA-BST Lhx6 Nfib Gaba_1,0.0,0.0,0.0,0.0,0.3137254901960784,0.0,0.0,0.0,0.0,0.0,0.35294117647058826,0.3137254901960784,0.0196078431372549,0.0,0.0,0.0,0.0,0.0,0.0,0.0,0.0,0.0,0.0,0.0,0.0
1288 MEA-BST Lhx6 Nfib Gaba_1,0.0,0.0,0.0,0.0,0.15789473684210525,0.0,0.0,0.0,0.0,0.0,0.42105263157894735,0.42105263157894735,0.0,0.0,0.0,0.0,0.0,0.0,0.0,0.0,0.0,0.0,0.0,0.0,0.0
1289 MEA-BST Lhx6 Nfib Gaba_2,0.0,0.0,0.0,0.0,0.0784313725490196,0.0,0.0,0.0,0.0,0.0,0.45098039215686275,0.37254901960784315,0.0,0.0,0.0,0.0,0.0196078431372549,0.0,0.0,0.0,0.0196078431372549,0.0,0.058823529411764705,0.0,0.0
1290 MEA-BST Lhx6 Nfib Gaba_2,0.0,0.0,0.017699115044247787,0.0,0.04424778761061947,0.0,0.0,0.0,0.017699115044247787,0.0,0.415929203539823,0.40707964601769914,0.008849557522123894,0.0,0.0,0.0,0.017699115044247787,0.0,0.0,0.0,0.02654867256637168,0.0,0.04424778761061947,0.0,0.0
1291 MEA-BST Lhx6 Nfib Gaba_2,0.0,0.0,0.0,0.006289308176100629,0.018867924528301886,0.0,0.0,0.0,0.018867924528301886,0.0,0.13836477987421383,0.7735849056603774,0.012578616352201259,0.0,0.0,0.0,0.0,0.0,0.006289308176100629,0.0,0.006289308176100629,0.0,0.018867924528301886,0.0,0.0
1292 MEA-BST Lhx6 Nfib Gaba_2,0.0,0.0,0.032,0.032,0.016,0.0,0.0,0.0,0.096,0.0,0.088,0.704,0.0,0.0,0.0,0.0,0.008,0.0,0.0,0.0,0.0,0.0,0.024,0.0,0.0
1293 MEA-BST Lhx6 Nfib Gaba_2,0.0,0.0,0.0,0.0,0.005952380952380952,0.0,0.0,0.0,0.0,0.0,0.17261904761904762,0.7916666666666666,0.0,0.0,0.0,0.0,0.005952380952380952,0.0,0.0,0.0,0.0,0.0,0.023809523809523808,0.0,0.0
1294 MEA-BST Lhx6 Nfib Gaba_2,0.0,0.0,0.0,0.0,0.0,0.0,0.0,0.0,0.0,0.0,0.5,0.4166666666666667,0.0,0.0,0.0,0.0,0.0,0.0,0.0,0.0,0.0,0.0,0.08333333333333333,0.0,0.0
1295 MEA-BST Lhx6 Nfib Gaba_2,0.0,0.0,0.02631578947368421,0.0,0.05263157894736842,0.0,0.0,0.0,0.0,0.0,0.2631578947368421,0.5789473684210527,0.0,0.0,0.0,0.0,0.0,0.0,0.0,0.0,0.05263157894736842,0.0,0.02631578947368421,0.0,0.0
1296 MEA-BST Lhx6 Nfib Gaba_3,0.0,0.0,0.0,0.0,0.0,0.0,0.0,0.0,0.0,0.0,0.21052631578947367,0.7719298245614035,0.0,0.0,0.0,0.0,0.0,0.0,0.0,0.0,0.0,0.0,0.017543859649122806,0.0,0.0
1297 MEA-BST Lhx6 Nfib Gaba_3,0.0,0.0,0.0,0.003389830508474576,0.003389830508474576,0.0,0.0,0.0,0.003389830508474576,0.0,0.08135593220338982,0.8542372881355932,0.0,0.0,0.0,0.0,0.003389830508474576,0.0,0.02711864406779661,0.0,0.0,0.003389830508474576,0.020338983050847456,0.0,0.0
1298 MEA-BST Lhx6 Nfib Gaba_3,0.0,0.0,0.07142857142857142,0.0,0.0,0.0,0.0,0.0,0.0,0.0,0.10714285714285714,0.7857142857142857,0.0,0.0,0.0,0.0,0.0,0.0,0.0,0.0,0.0,0.0,0.03571428571428571,0.0,0.0
1299 MEA-BST Lhx6 Nfib Gaba_3,0.0,0.0,0.011627906976744186,0.0,0.0,0.0,0.0,0.0,0.0,0.0,0.1744186046511628,0.813953488372093,0.0,0.0,0.0,0.0,0.0,0.0,0.0,0.0,0.0,0.0,0.0,0.0,0.0
1300 MEA-BST Lhx6 Nfib Gaba_3,0.0,0.0,0.0,0.0,0.0,0.0,0.0,0.0,0.0,0.0,0.03571428571428571,0.8571428571428571,0.0,0.0,0.0,0.0,0.0,0.0,0.03571428571428571,0.0,0.03571428571428571,0.0,0.03571428571428571,0.0,0.0
1301 MEA-BST Lhx6 Nfib Gaba_4,0.0,0.0,0.0,0.0,0.7,0.0,0.0,0.0,0.0,0.0,0.2,0.1,0.0,0.0,0.0,0.0,0.0,0.0,0.0,0.0,0.0,0.0,0.0,0.0,0.0
1302 MEA-BST Lhx6 Nfib Gaba_4,0.0,0.0,0.0,0.0,0.3157894736842105,0.0,0.0,0.0,0.0,0.0,0.47368421052631576,0.05263157894736842,0.0,0.0,0.0,0.0,0.0,0.0,0.0,0.0,0.02631578947368421,0.0,0.13157894736842105,0.0,0.0
1303 MEA-BST Lhx6 Nfib Gaba_4,0.0,0.0,0.0,0.0,1.0,0.0,0.0,0.0,0.0,0.0,0.0,0.0,0.0,0.0,0.0,0.0,0.0,0.0,0.0,0.0,0.0,0.0,0.0,0.0,0.0
1304 MEA-BST Lhx6 Nfib Gaba_5,0.0,0.0,0.0,0.0,0.6511627906976745,0.0,0.0,0.0,0.0,0.0,0.27906976744186046,0.0,0.0,0.0,0.0,0.0,0.0,0.0,0.0,0.0,0.0,0.0,0.06976744186046512,0.0,0.0
1305 MEA-BST Lhx6 Nfib Gaba_5,0.0,0.0,0.0,0.0,0.85,0.0,0.0,0.0,0.0,0.0,0.15,0.0,0.0,0.0,0.0,0.0,0.0,0.0,0.0,0.0,0.0,0.0,0.0,0.0,0.0
1306 MEA-BST Lhx6 Nfib Gaba_5,0.0,0.0,0.0,0.0,0.36129032258064514,0.0,0.0,0.0,0.0064516129032258064,0.0,0.47096774193548385,0.06451612903225806,0.0,0.0,0.0,0.0,0.0,0.0,0.0064516129032258064,0.0,0.07096774193548387,0.0,0.01935483870967742,0.0,0.0
1307 MEA-BST Lhx6 Nfib Gaba_5,0.0,0.0,0.0,0.0,0.3125,0.0,0.0,0.0,0.0,0.0,0.46875,0.0,0.0,0.0,0.0,0.0,0.03125,0.0,0.0,0.0,0.09375,0.0,0.09375,0.0,0.0
1308 MEA-BST Lhx6 Nfib Gaba_5,0.0,0.0,0.0,0.0,1.0,0.0,0.0,0.0,0.0,0.0,0.0,0.0,0.0,0.0,0.0,0.0,0.0,0.0,0.0,0.0,0.0,0.0,0.0,0.0,0.0
1309 MEA-BST Lhx6 Nfib Gaba_5,0.0,0.0,0.0,0.0,0.96,0.0,0.0,0.0,0.0,0.0,0.01,0.0,0.0,0.0,0.0,0.0,0.0,0.0,0.02,0.0,0.01,0.0,0.0,0.0,0.0
1310 MEA-BST Lhx6 Nfib Gaba_5,0.0,0.0,0.0,0.0,0.7835051546391752,0.0,0.0,0.0,0.0,0.0,0.1958762886597938,0.010309278350515464,0.0,0.0,0.0,0.0,0.0,0.0,0.0,0.0,0.010309278350515464,0.0,0.0,0.0,0.0
1311 MEA-BST Lhx6 Nfib Gaba_6,0.0,0.0,0.0,0.0,0.06578947368421052,0.0,0.0,0.0,0.0,0.0,0.2236842105263158,0.6710526315789473,0.0,0.0,0.0,0.0,0.0,0.0,0.0,0.0,0.02631578947368421,0.0,0.013157894736842105,0.0,0.0
1312 MEA-BST Lhx6 Nfib Gaba_6,0.0,0.0,0.04,0.0,0.0,0.0,0.0,0.0,0.0,0.0,0.22,0.72,0.0,0.0,0.0,0.0,0.0,0.0,0.0,0.0,0.0,0.0,0.02,0.0,0.0
1313 MEA-BST Lhx6 Nfib Gaba_6,0.0,0.0,0.010869565217391304,0.0,0.5,0.0,0.0,0.0,0.0,0.0,0.40217391304347827,0.05434782608695652,0.0,0.0,0.0,0.0,0.0,0.0,0.0,0.0,0.0,0.0,0.03260869565217391,0.0,0.0
1314 MEA-BST Lhx6 Nfib Gaba_6,0.0,0.0,0.04854368932038835,0.03398058252427184,0.0048543689320388345,0.0,0.0,0.0,0.1553398058252427,0.0,0.014563106796116505,0.7378640776699029,0.0,0.0,0.0,0.0,0.0,0.0,0.0,0.0,0.0048543689320388345,0.0,0.0,0.0,0.0
1315 CEA-BST Gal Avp Gaba_1,0.0,0.0,0.0,0.0,0.05263157894736842,0.0,0.0,0.0,0.0,0.0,0.47368421052631576,0.42105263157894735,0.0,0.0,0.0,0.0,0.017543859649122806,0.0,0.0,0.0,0.017543859649122806,0.0,0.017543859649122806,0.0,0.0
1316 CEA-BST Gal Avp Gaba_1,0.0,0.0,0.0,0.0,0.12612612612612611,0.0,0.0,0.0,0.0,0.0,0.5135135135135135,0.2882882882882883,0.0,0.0,0.0,0.0,0.0,0.0,0.0,0.0,0.0,0.02702702702702703,0.04504504504504504,0.0,0.0
1317 SI-MA-ACB Ebf1 Bnc2 Gaba_1,0.0,0.0,0.0,0.0,0.0,0.0,0.0,0.0,0.012195121951219513,0.0,0.6463414634146342,0.32926829268292684,0.0,0.0,0.0,0.0,0.0,0.0,0.0,0.0,0.0,0.0,0.012195121951219513,0.0,0.0
1318 SI-MA-ACB Ebf1 Bnc2 Gaba_1,0.0,0.0,0.0,0.0,0.023076923076923078,0.0,0.0,0.0,0.0,0.0,0.5153846153846153,0.46153846153846156,0.0,0.0,0.0,0.0,0.0,0.0,0.0,0.0,0.0,0.0,0.0,0.0,0.0
1319 SI-MA-ACB Ebf1 Bnc2 Gaba_1,0.0,0.0,0.0,0.0,0.0,0.0,0.0,0.0,0.0,0.0,0.4166666666666667,0.5416666666666666,0.0,0.0,0.0,0.0,0.0,0.0,0.0,0.0,0.0,0.0,0.041666666666666664,0.0,0.0
1320 SI-MA-ACB Ebf1 Bnc2 Gaba_2,0.0,0.0,0.0,0.0,0.0,0.0,0.0,0.0,0.25,0.0,0.5,0.25,0.0,0.0,0.0,0.0,0.0,0.0,0.0,0.0,0.0,0.0,0.0,0.0,0.0
1321 SI-MA-ACB Ebf1 Bnc2 Gaba_2,0.0,0.0,0.0,0.0,0.014084507042253521,0.0,0.0,0.0,0.0,0.0,0.7464788732394366,0.23943661971830985,0.0,0.0,0.0,0.0,0.0,0.0,0.0,0.0,0.0,0.0,0.0,0.0,0.0
1322 SI-MA-ACB Ebf1 Bnc2 Gaba_2,0.0,0.0,0.01818181818181818,0.0,0.01818181818181818,0.0,0.0,0.0,0.0,0.0,0.32727272727272727,0.6363636363636364,0.0,0.0,0.0,0.0,0.0,0.0,0.0,0.0,0.0,0.0,0.0,0.0,0.0
1323 SI-MA-ACB Ebf1 Bnc2 Gaba_2,0.0,0.0,0.0,0.0,0.045454545454545456,0.0,0.0,0.0,0.0,0.0,0.6818181818181818,0.2727272727272727,0.0,0.0,0.0,0.0,0.0,0.0,0.0,0.0,0.0,0.0,0.0,0.0,0.0
1324 SI-MA-ACB Ebf1 Bnc2 Gaba_3,0.0,0.0,0.0,0.0,0.0,0.0,0.0,0.0,0.0,0.0,0.45,0.55,0.0,0.0,0.0,0.0,0.0,0.0,0.0,0.0,0.0,0.0,0.0,0.0,0.0
1325 SI-MA-ACB Ebf1 Bnc2 Gaba_3,0.0,0.0,0.0,0.0,0.014492753623188406,0.0,0.0,0.0,0.028985507246376812,0.0,0.5652173913043478,0.36231884057971014,0.0,0.0,0.0,0.0,0.0,0.0,0.028985507246376812,0.0,0.0,0.0,0.0,0.0,0.0
1326 SI-MA-ACB Ebf1 Bnc2 Gaba_3,0.0,0.0,0.0,0.0,0.0,0.0,0.0,0.0,0.0,0.0,0.6129032258064516,0.3870967741935484,0.0,0.0,0.0,0.0,0.0,0.0,0.0,0.0,0.0,0.0,0.0,0.0,0.0
1327 CEA-BST Six3 Cyp26b1 Gaba_1,0.0,0.0,0.0,0.0,0.06060606060606061,0.0,0.0,0.0,0.0,0.0,0.3939393939393939,0.4696969696969697,0.0,0.0,0.0,0.0,0.0,0.0,0.015151515151515152,0.0,0.0,0.0,0.06060606060606061,0.0,0.0
1328 CEA-BST Six3 Cyp26b1 Gaba_1,0.0,0.0,0.0,0.0,0.03508771929824561,0.0,0.0,0.0,0.008771929824561403,0.0,0.5,0.41228070175438597,0.0,0.0,0.0,0.008771929824561403,0.0,0.0,0.008771929824561403,0.0,0.0,0.0,0.02631578947368421,0.0,0.0
1329 CEA-BST Six3 Cyp26b1 Gaba_1,0.0,0.0,0.0,0.0,0.0,0.0,0.0,0.0,0.0,0.0,0.5285714285714286,0.30714285714285716,0.0,0.0,0.0,0.02142857142857143,0.0,0.0,0.08571428571428572,0.0,0.0,0.0,0.05714285714285714,0.0,0.0
1330 CEA-BST Six3 Cyp26b1 Gaba_1,0.0,0.0,0.02040816326530612,0.0,0.08163265306122448,0.0,0.0,0.0,0.02040816326530612,0.0,0.46938775510204084,0.3877551020408163,0.0,0.0,0.0,0.0,0.0,0.0,0.02040816326530612,0.0,0.0,0.0,0.0,0.0,0.0
1331 CEA-BST Six3 Cyp26b1 Gaba_2,0.0,0.0,0.0,0.020833333333333332,0.0,0.0,0.0,0.0,0.0,0.0,0.5416666666666666,0.4375,0.0,0.0,0.0,0.0,0.0,0.0,0.0,0.0,0.0,0.0,0.0,0.0,0.0
1332 CEA-BST Six3 Cyp26b1 Gaba_2,0.0,0.0,0.0028089887640449437,0.0,0.0,0.0,0.0,0.0,0.0,0.0,0.31179775280898875,0.6573033707865169,0.0,0.0,0.0,0.0,0.0,0.0,0.0,0.0,0.0,0.016853932584269662,0.011235955056179775,0.0,0.0
1333 CEA-BST Six3 Cyp26b1 Gaba_2,0.0,0.0,0.0043859649122807015,0.0,0.0,0.0,0.0,0.0,0.0,0.0,0.08333333333333333,0.881578947368421,0.0,0.0,0.0,0.0,0.0,0.0,0.0,0.0,0.0,0.03070175438596491,0.0,0.0,0.0
1334 CEA-BST Six3 Cyp26b1 Gaba_2,0.0,0.0,0.0,0.0,0.0,0.0,0.0,0.0,0.0,0.0,0.30526315789473685,0.6421052631578947,0.0,0.0,0.0,0.0,0.0,0.0,0.0,0.0,0.0,0.05263157894736842,0.0,0.0,0.0
1335 CEA-BST Six3 Cyp26b1 Gaba_2,0.0,0.0,0.03508771929824561,0.0,0.0,0.0,0.0,0.0,0.0,0.0,0.0,0.9122807017543859,0.0,0.0,0.0,0.0,0.0,0.0,0.0,0.0,0.0,0.05263157894736842,0.0,0.0,0.0
1336 CEA-BST Six3 Cyp26b1 Gaba_3,0.0,0.0,0.0,0.0,0.0,0.0,0.0,0.0,0.0,0.0,0.0625,0.9375,0.0,0.0,0.0,0.0,0.0,0.0,0.0,0.0,0.0,0.0,0.0,0.0,0.0
1337 CEA-BST Six3 Cyp26b1 Gaba_3,0.0,0.0,0.0,0.0,0.0,0.0,0.0,0.0,0.0,0.0,0.21333333333333335,0.7733333333333333,0.0,0.0,0.0,0.0,0.0,0.0,0.0,0.0,0.013333333333333334,0.0,0.0,0.0,0.0
1338 CEA-BST Six3 Cyp26b1 Gaba_3,0.0,0.0,0.0,0.0,0.01694915254237288,0.0,0.0,0.0,0.0,0.0,0.423728813559322,0.4915254237288136,0.0,0.0,0.0,0.0,0.0,0.0,0.0,0.0,0.0,0.0,0.06779661016949153,0.0,0.0
1339 CEA-BST Six3 Cyp26b1 Gaba_3,0.0,0.0,0.0,0.0,0.06896551724137931,0.0,0.0,0.0,0.0,0.0,0.41379310344827586,0.3793103448275862,0.0,0.0,0.0,0.0,0.0,0.0,0.034482758620689655,0.0,0.0,0.034482758620689655,0.06896551724137931,0.0,0.0
1340 CEA-BST Six3 Cyp26b1 Gaba_4,0.0,0.0,0.0,0.0,0.0,0.0,0.0,0.0,0.0,0.0,0.13114754098360656,0.8633879781420765,0.0,0.0,0.0,0.0,0.0,0.0,0.0,0.0,0.0,0.0,0.00546448087431694,0.0,0.0
1341 CEA-BST Six3 Cyp26b1 Gaba_4,0.0,0.0,0.0,0.0,0.0,0.0,0.0,0.0,0.0,0.0,0.0,0.98989898989899,0.0,0.0,0.0,0.0,0.0,0.0,0.0,0.0,0.0,0.0,0.010101010101010102,0.0,0.0
1342 CEA-BST Six3 Cyp26b1 Gaba_4,0.0,0.0,0.0,0.0,0.0,0.0,0.0,0.0,0.0,0.0,0.0,1.0,0.0,0.0,0.0,0.0,0.0,0.0,0.0,0.0,0.0,0.0,0.0,0.0,0.0
1343 CEA-BST Six3 Cyp26b1 Gaba_4,0.0,0.0,0.0,0.0,0.0,0.0,0.0,0.0,0.0,0.0,0.0,1.0,0.0,0.0,0.0,0.0,0.0,0.0,0.0,0.0,0.0,0.0,0.0,0.0,0.0
1344 CEA-BST Six3 Cyp26b1 Gaba_5,0.0,0.0,0.026771653543307086,0.0,0.0,0.0,0.0,0.0,0.0,0.0,0.15118110236220472,0.710236220472441,0.0,0.0,0.0,0.0031496062992125984,0.0,0.0,0.0,0.0,0.025196850393700787,0.0,0.08346456692913386,0.0,0.0
1345 CEA-BST Six3 Cyp26b1 Gaba_5,0.0,0.0,0.0,0.0,0.0,0.0,0.0,0.0,0.0,0.0,0.024096385542168676,0.9759036144578314,0.0,0.0,0.0,0.0,0.0,0.0,0.0,0.0,0.0,0.0,0.0,0.0,0.0
1346 CEA-BST Six3 Cyp26b1 Gaba_6,0.0,0.0,0.03225806451612903,0.0,0.0064516129032258064,0.0,0.0,0.0,0.0,0.0,0.04516129032258064,0.9032258064516129,0.0,0.0,0.0,0.0,0.0,0.0,0.0,0.0,0.0,0.0064516129032258064,0.0064516129032258064,0.0,0.0
1347 CEA-BST Six3 Cyp26b1 Gaba_6,0.0,0.0,0.023255813953488372,0.0,0.023255813953488372,0.0,0.0,0.0,0.023255813953488372,0.0,0.06976744186046512,0.7906976744186046,0.0,0.0,0.0,0.023255813953488372,0.0,0.0,0.0,0.0,0.0,0.046511627906976744,0.0,0.0,0.0
1348 CEA-AAA-BST Six3 Sp9 Gaba_1,0.0,0.0,0.009259259259259259,0.0,0.17592592592592593,0.0,0.0,0.0,0.0,0.0,0.46296296296296297,0.3333333333333333,0.009259259259259259,0.0,0.0,0.0,0.0,0.0,0.0,0.0,0.0,0.0,0.009259259259259259,0.0,0.0
1349 CEA-AAA-BST Six3 Sp9 Gaba_1,0.0,0.0,0.038834951456310676,0.0,0.1553398058252427,0.0,0.0,0.0,0.038834951456310676,0.0,0.23300970873786409,0.5145631067961165,0.0,0.0,0.0,0.0,0.0,0.0,0.0,0.0,0.009708737864077669,0.0,0.009708737864077669,0.0,0.0
1350 CEA-AAA-BST Six3 Sp9 Gaba_1,0.0,0.0,0.10294117647058823,0.0,0.0,0.0,0.0,0.0,0.17647058823529413,0.0,0.08823529411764706,0.6176470588235294,0.0,0.0,0.0,0.0,0.0,0.0,0.0,0.0,0.0,0.0,0.014705882352941176,0.0,0.0
1351 CEA-AAA-BST Six3 Sp9 Gaba_1,0.0,0.0,0.019230769230769232,0.0,0.019230769230769232,0.0,0.0,0.0,0.0,0.0,0.28846153846153844,0.6538461538461539,0.0,0.0,0.0,0.0,0.0,0.0,0.0,0.0,0.0,0.0,0.019230769230769232,0.0,0.0
1352 CEA-AAA-BST Six3 Sp9 Gaba_1,0.0,0.0,0.022222222222222223,0.0,0.044444444444444446,0.0,0.0,0.0,0.0,0.0,0.3333333333333333,0.5333333333333333,0.0,0.0,0.0,0.0,0.0,0.0,0.0,0.0,0.0,0.0,0.06666666666666667,0.0,0.0
1353 CEA-AAA-BST Six3 Sp9 Gaba_1,0.0,0.0,0.13,0.0,0.0,0.0,0.0,0.0,0.27,0.0,0.17,0.43,0.0,0.0,0.0,0.0,0.0,0.0,0.0,0.0,0.0,0.0,0.0,0.0,0.0
1354 CEA-AAA-BST Six3 Sp9 Gaba_2,0.0,0.0,0.023809523809523808,0.0,0.0,0.0,0.0,0.0,0.0,0.0,0.2619047619047619,0.5714285714285714,0.0,0.0,0.0,0.023809523809523808,0.0,0.0,0.07142857142857142,0.0,0.0,0.0,0.047619047619047616,0.0,0.0
1355 CEA-AAA-BST Six3 Sp9 Gaba_2,0.0,0.0,0.05235602094240838,0.0,0.015706806282722512,0.005235602094240838,0.0,0.0,0.03664921465968586,0.0,0.16753926701570682,0.7015706806282722,0.0,0.0,0.0,0.0,0.0,0.0,0.0,0.0,0.0,0.010471204188481676,0.010471204188481676,0.0,0.0
1356 CEA-AAA-BST Six3 Sp9 Gaba_2,0.0,0.0,0.22448979591836735,0.0,0.0,0.0,0.0,0.0,0.015306122448979591,0.0,0.061224489795918366,0.6122448979591837,0.0,0.0,0.0,0.0,0.0,0.0,0.01020408163265306,0.0,0.0,0.01020408163265306,0.0663265306122449,0.0,0.0
1357 CEA-AAA-BST Six3 Sp9 Gaba_2,0.0,0.0,0.07894736842105263,0.0,0.013157894736842105,0.0,0.0,0.0,0.013157894736842105,0.0,0.27631578947368424,0.5394736842105263,0.0,0.0,0.0,0.0,0.0,0.0,0.039473684210526314,0.0,0.0,0.0,0.039473684210526314,0.0,0.0
1358 CEA-AAA-BST Six3 Sp9 Gaba_2,0.0,0.0,0.0,0.0,0.02564102564102564,0.0,0.0,0.0,0.0,0.0,0.358974358974359,0.5897435897435898,0.0,0.0,0.0,0.0,0.0,0.0,0.0,0.0,0.0,0.02564102564102564,0.0,0.0,0.0
1359 CEA-AAA-BST Six3 Sp9 Gaba_2,0.0,0.0,0.23255813953488372,0.0,0.0,0.0,0.0,0.0,0.0,0.0,0.13953488372093023,0.5813953488372093,0.0,0.0,0.0,0.0,0.0,0.0,0.0,0.0,0.0,0.0,0.046511627906976744,0.0,0.0
1360 CEA-AAA-BST Six3 Sp9 Gaba_3,0.0,0.0,0.006711409395973154,0.0,0.020134228187919462,0.0,0.0,0.0,0.0,0.0,0.5771812080536913,0.3624161073825503,0.0,0.0,0.0,0.0,0.0,0.0,0.020134228187919462,0.0,0.0,0.0,0.013422818791946308,0.0,0.0
1361 CEA-AAA-BST Six3 Sp9 Gaba_3,0.0,0.0,0.023809523809523808,0.0,0.12698412698412698,0.0,0.0,0.0,0.0,0.0,0.38095238095238093,0.4365079365079365,0.0,0.0,0.0,0.0,0.0,0.0,0.007936507936507936,0.0,0.0,0.0,0.023809523809523808,0.0,0.0
1362 CEA-AAA-BST Six3 Sp9 Gaba_3,0.0,0.0,0.0,0.0,0.0,0.0,0.0,0.0,0.0,0.0,0.5666666666666667,0.2,0.0,0.0,0.0,0.1,0.0,0.0,0.03333333333333333,0.0,0.0,0.0,0.1,0.0,0.0
1363 CEA-AAA-BST Six3 Sp9 Gaba_4,0.0,0.0,0.34782608695652173,0.0,0.003952569169960474,0.0,0.0,0.0,0.1541501976284585,0.0,0.03557312252964427,0.44664031620553357,0.0,0.0,0.0,0.0,0.003952569169960474,0.0,0.0,0.0,0.0,0.0,0.007905138339920948,0.0,0.0
1364 CEA-AAA-BST Six3 Sp9 Gaba_4,0.0,0.0,0.22727272727272727,0.0,0.0,0.0,0.0,0.0,0.2878787878787879,0.0,0.045454545454545456,0.4393939393939394,0.0,0.0,0.0,0.0,0.0,0.0,0.0,0.0,0.0,0.0,0.0,0.0,0.0
1365 CEA-AAA-BST Six3 Sp9 Gaba_4,0.0,0.0,0.0048543689320388345,0.0,0.009708737864077669,0.0048543689320388345,0.0,0.0,0.0048543689320388345,0.0,0.1796116504854369,0.7233009708737864,0.0,0.0,0.0,0.0,0.0,0.0,0.009708737864077669,0.0,0.0,0.009708737864077669,0.05339805825242718,0.0,0.0
1366 CEA-AAA-BST Six3 Sp9 Gaba_4,0.0,0.0,0.06896551724137931,0.0,0.0,0.0,0.0,0.0,0.0,0.0,0.06896551724137931,0.7241379310344828,0.0,0.0,0.0,0.0,0.0,0.0,0.0,0.0,0.0,0.034482758620689655,0.10344827586206896,0.0,0.0
1367 CEA-AAA-BST Six3 Sp9 Gaba_4,0.0,0.0,0.17692307692307693,0.0,0.007692307692307693,0.0,0.0,0.0,0.07692307692307693,0.0,0.09230769230769231,0.5461538461538461,0.0,0.0,0.0,0.0,0.0,0.0,0.007692307692307693,0.0,0.0,0.03076923076923077,0.06153846153846154,0.0,0.0
1368 CEA-AAA-BST Six3 Sp9 Gaba_5,0.0,0.0,0.3170731707317073,0.0,0.0,0.0,0.0,0.0,0.0,0.0,0.0,0.6707317073170732,0.0,0.0,0.0,0.0,0.0,0.0,0.0,0.0,0.0,0.0,0.012195121951219513,0.0,0.0
1369 CEA-AAA-BST Six3 Sp9 Gaba_6,0.0,0.0,0.08157099697885196,0.0,0.0,0.0,0.0,0.0,0.11782477341389729,0.0,0.17522658610271905,0.56797583081571,0.0,0.0,0.0,0.0,0.0,0.0,0.0030211480362537764,0.0,0.0,0.012084592145015106,0.04229607250755287,0.0,0.0
1370 CEA-AAA-BST Six3 Sp9 Gaba_7,0.0,0.0,0.07692307692307693,0.0,0.04487179487179487,0.0,0.0,0.0,0.0,0.0,0.4230769230769231,0.3782051282051282,0.0,0.0,0.0,0.0,0.0,0.0,0.04487179487179487,0.0,0.0,0.0,0.03205128205128205,0.0,0.0
1371 CEA-AAA-BST Six3 Sp9 Gaba_8,0.0,0.0,0.2992125984251969,0.0,0.0,0.023622047244094488,0.0,0.0,0.2204724409448819,0.0,0.015748031496062992,0.41732283464566927,0.0,0.0,0.0,0.0,0.0,0.0,0.0,0.0,0.0,0.015748031496062992,0.007874015748031496,0.0,0.0
1372 CEA-AAA-BST Six3 Sp9 Gaba_8,0.0,0.0,0.48623853211009177,0.009174311926605505,0.0,0.06422018348623854,0.0,0.0,0.30275229357798167,0.0,0.009174311926605505,0.10091743119266056,0.0,0.0,0.0,0.0,0.0,0.0,0.0,0.0,0.0,0.01834862385321101,0.009174311926605505,0.0,0.0
1373 ACB-BST-FS D1 Gaba_1,0.0,0.0,0.0,0.0,0.0,0.0,0.0,0.0,0.0,0.0,0.6730769230769231,0.21153846153846154,0.0,0.0,0.0,0.0,0.0,0.0,0.09615384615384616,0.0,0.0,0.0,0.019230769230769232,0.0,0.0
1374 ACB-BST-FS D1 Gaba_1,0.0,0.0,0.0,0.0,0.010101010101010102,0.0,0.0,0.0,0.0,0.0,0.696969696969697,0.24242424242424243,0.0,0.0,0.0,0.0,0.0,0.0,0.04040404040404041,0.0,0.0,0.0,0.010101010101010102,0.0,0.0
1375 ACB-BST-FS D1 Gaba_1,0.0,0.0,0.0,0.0,0.03067484662576687,0.0,0.0,0.0,0.0,0.0,0.35736196319018404,0.5429447852760736,0.0,0.0,0.0,0.003067484662576687,0.0015337423312883436,0.0,0.0352760736196319,0.0,0.0,0.004601226993865031,0.024539877300613498,0.0,0.0
1376 ACB-BST-FS D1 Gaba_2,0.0,0.0,0.005714285714285714,0.0,0.0,0.0,0.0,0.0,0.005714285714285714,0.0,0.12,0.8514285714285714,0.0,0.0,0.0,0.0,0.0,0.0,0.0,0.0,0.0,0.005714285714285714,0.011428571428571429,0.0,0.0
1377 ACB-BST-FS D1 Gaba_2,0.0,0.0,0.02,0.0,0.013333333333333334,0.0,0.0,0.0,0.02,0.0,0.46,0.41333333333333333,0.0,0.0,0.0,0.0,0.0,0.0,0.02,0.0,0.0,0.006666666666666667,0.04666666666666667,0.0,0.0
1378 ACB-BST-FS D1 Gaba_2,0.0,0.0,0.014040561622464899,0.0,0.0109204368174727,0.0,0.0,0.0,0.0093603744149766,0.0,0.3416536661466459,0.5959438377535101,0.0,0.0,0.0,0.0015600624024961,0.0,0.0,0.0093603744149766,0.0,0.0,0.0,0.0171606864274571,0.0,0.0
1379 ACB-BST-FS D1 Gaba_2,0.0,0.0,0.0625,0.0,0.017857142857142856,0.0,0.0,0.0,0.03571428571428571,0.0,0.25,0.5803571428571429,0.0,0.0,0.0,0.0,0.0,0.0,0.008928571428571428,0.0,0.0,0.017857142857142856,0.026785714285714284,0.0,0.0
1380 ACB-BST-FS D1 Gaba_3,0.0,0.0,0.0,0.0,0.0,0.0,0.0,0.0,0.0,0.0,0.46,0.52,0.0,0.0,0.0,0.0,0.0,0.0,0.02,0.0,0.0,0.0,0.0,0.0,0.0
1381 ACB-BST-FS D1 Gaba_3,0.0,0.0,0.0,0.0,0.011904761904761904,0.0,0.0,0.0,0.0,0.0,0.6349206349206349,0.34523809523809523,0.0,0.0,0.0,0.0,0.0,0.0,0.003968253968253968,0.0,0.0,0.0,0.003968253968253968,0.0,0.0
1382 ACB-BST-FS D1 Gaba_3,0.0,0.0,0.003115264797507788,0.0,0.03426791277258567,0.0,0.0,0.0,0.0,0.0,0.6230529595015576,0.29283489096573206,0.0,0.0,0.0,0.0,0.0,0.0,0.028037383177570093,0.0,0.0,0.0,0.018691588785046728,0.0,0.0
1383 ACB-BST-FS D1 Gaba_3,0.0,0.0,0.00819672131147541,0.0,0.0,0.0,0.0,0.0,0.0,0.0,0.7950819672131147,0.16393442622950818,0.0,0.0,0.0,0.0,0.0,0.0,0.03278688524590164,0.0,0.0,0.0,0.0,0.0,0.0
1384 CEA-BST Ebf1 Pdyn Gaba_1,0.0,0.0,0.009210526315789473,0.0,0.014473684210526316,0.0,0.0,0.0,0.003947368421052632,0.0,0.3736842105263158,0.5118421052631579,0.0,0.0,0.0,0.0013157894736842105,0.0,0.0,0.0013157894736842105,0.0,0.0013157894736842105,0.030263157894736843,0.05263157894736842,0.0,0.0
1385 CEA-BST Ebf1 Pdyn Gaba_1,0.0,0.0,0.0,0.0,0.0,0.0,0.0,0.0,0.0,0.0,0.2608695652173913,0.6521739130434783,0.0,0.0,0.0,0.0,0.0,0.0,0.0,0.0,0.0,0.021739130434782608,0.06521739130434782,0.0,0.0
1386 CEA-BST Ebf1 Pdyn Gaba_1,0.0,0.0,0.0,0.0,0.0,0.0,0.0,0.0,0.0,0.0,0.5204081632653061,0.24489795918367346,0.0,0.0,0.0,0.0,0.0,0.0,0.02040816326530612,0.0,0.0,0.030612244897959183,0.1836734693877551,0.0,0.0
1387 CEA-BST Ebf1 Pdyn Gaba_2,0.0,0.0,0.0,0.0,0.0,0.0,0.0,0.0,0.0,0.0,0.39655172413793105,0.5517241379310345,0.0,0.0,0.0,0.0,0.0,0.0,0.0,0.0,0.0,0.0,0.05172413793103448,0.0,0.0
1388 CEA-BST Ebf1 Pdyn Gaba_2,0.0,0.0,0.025,0.0,0.0,0.0,0.0,0.0,0.0,0.0,0.15,0.7875,0.0,0.0,0.0,0.0,0.0,0.0,0.0,0.0,0.0,0.0125,0.025,0.0,0.0
1389 CEA-BST Ebf1 Pdyn Gaba_2,0.0,0.0,0.0,0.0,0.0,0.0,0.0,0.0,0.0,0.0,0.5,0.4583333333333333,0.0,0.0,0.0,0.0,0.0,0.0,0.0,0.0,0.0,0.0,0.041666666666666664,0.0,0.0
1390 CEA-BST Ebf1 Pdyn Gaba_3,0.0,0.0,0.0,0.0,0.0,0.0,0.0,0.0,0.0,0.0,0.13559322033898305,0.7796610169491526,0.0,0.0,0.0,0.0,0.0,0.0,0.0,0.0,0.0,0.01694915254237288,0.06779661016949153,0.0,0.0
1391 CEA-BST Ebf1 Pdyn Gaba_3,0.0,0.0,0.0,0.0,0.0,0.0,0.0,0.0,0.0,0.0,0.45430809399477806,0.4934725848563969,0.0,0.0,0.0,0.0,0.0026109660574412533,0.0,0.0,0.0,0.0,0.005221932114882507,0.044386422976501305,0.0,0.0
1392 CEA-BST Ebf1 Pdyn Gaba_3,0.0,0.0,0.0,0.0,0.0,0.0,0.0,0.0,0.0,0.0,0.2,0.7,0.0,0.0,0.0,0.0,0.0,0.0,0.0,0.0,0.0,0.0,0.1,0.0,0.0
1393 CEA-BST Ebf1 Pdyn Gaba_3,0.0,0.0,0.004608294930875576,0.0,0.0,0.004608294930875576,0.0,0.0,0.0,0.0,0.08755760368663594,0.8986175115207373,0.0,0.0,0.0,0.0,0.0,0.0,0.0,0.0,0.0,0.004608294930875576,0.0,0.0,0.0
1394 CEA-BST Ebf1 Pdyn Gaba_3,0.0,0.0,0.0,0.0,0.0,0.0,0.0,0.0,0.0,0.0,0.20175438596491227,0.793859649122807,0.0,0.0,0.0,0.0,0.0,0.0,0.0,0.0,0.0,0.0043859649122807015,0.0,0.0,0.0
1395 CEA-BST Ebf1 Pdyn Gaba_4,0.0,0.0,0.0,0.0,0.0,0.0,0.0,0.0,0.0,0.0,0.21212121212121213,0.7878787878787878,0.0,0.0,0.0,0.0,0.0,0.0,0.0,0.0,0.0,0.0,0.0,0.0,0.0
1396 CEA-BST Ebf1 Pdyn Gaba_4,0.0,0.0,0.0,0.0,0.05714285714285714,0.0,0.0,0.0,0.004761904761904762,0.0,0.5476190476190477,0.30952380952380953,0.0,0.0,0.0,0.0,0.0,0.0,0.0,0.0,0.004761904761904762,0.023809523809523808,0.04285714285714286,0.0,0.009523809523809525
1397 CEA-BST Ebf1 Pdyn Gaba_4,0.0,0.0,0.0,0.0,0.04477611940298507,0.0,0.0,0.0,0.0,0.0,0.417910447761194,0.4626865671641791,0.0,0.0,0.0,0.0,0.0,0.0,0.0,0.0,0.014925373134328358,0.014925373134328358,0.04477611940298507,0.0,0.0
1398 CEA-BST Ebf1 Pdyn Gaba_5,0.0,0.0,0.0,0.0,0.0,0.0,0.0,0.0,0.0,0.0,0.0,1.0,0.0,0.0,0.0,0.0,0.0,0.0,0.0,0.0,0.0,0.0,0.0,0.0,0.0
1399 CEA-BST Ebf1 Pdyn Gaba_5,0.0,0.0,0.0,0.0,0.022727272727272728,0.0,0.0,0.0,0.0,0.0,0.3409090909090909,0.5681818181818182,0.0,0.0,0.0,0.0,0.0,0.0,0.0,0.0,0.0,0.022727272727272728,0.045454545454545456,0.0,0.0
1400 CEA-BST Ebf1 Pdyn Gaba_5,0.0,0.0,0.0,0.0,0.0,0.0,0.0,0.0,0.0,0.0,0.15151515151515152,0.8181818181818182,0.0,0.0,0.0,0.0,0.0,0.0,0.0,0.0,0.0,0.0,0.030303030303030304,0.0,0.0
1401 CEA-BST Ebf1 Pdyn Gaba_5,0.0,0.0,0.0,0.0,0.018867924528301886,0.0,0.0,0.0,0.0,0.0,0.32075471698113206,0.5283018867924528,0.0,0.0,0.0,0.0,0.0,0.0,0.0,0.0,0.0,0.03773584905660377,0.09433962264150944,0.0,0.0
1402 CEA-BST Ebf1 Pdyn Gaba_6,0.0,0.0,0.0,0.0,0.0,0.0,0.0,0.0,0.0,0.0,0.23076923076923078,0.5384615384615384,0.0,0.0,0.0,0.0,0.0,0.0,0.0,0.0,0.0,0.07692307692307693,0.15384615384615385,0.0,0.0
1403 CEA-BST Ebf1 Pdyn Gaba_6,0.0,0.0,0.0,0.0,0.014925373134328358,0.0,0.0,0.0,0.0,0.0,0.13432835820895522,0.7164179104477612,0.0,0.0,0.0,0.0,0.0,0.0,0.0,0.0,0.0,0.029850746268656716,0.1044776119402985,0.0,0.0
1404 CEA-BST Ebf1 Pdyn Gaba_7,0.0,0.0,0.0,0.0,0.03361344537815126,0.0,0.0,0.0,0.0,0.0,0.4369747899159664,0.4957983193277311,0.0,0.0,0.0,0.0,0.0,0.0,0.01680672268907563,0.0,0.0,0.0,0.01680672268907563,0.0,0.0
1405 CEA-BST Ebf1 Pdyn Gaba_8,0.0,0.0,0.0,0.0,0.0,0.0,0.0,0.0,0.0,0.0,0.25,0.7083333333333334,0.0,0.0,0.0,0.0,0.0,0.0,0.0,0.0,0.0,0.020833333333333332,0.020833333333333332,0.0,0.0
1406 CEA-BST Ebf1 Pdyn Gaba_8,0.0,0.0,0.0,0.0,0.006756756756756757,0.0,0.0,0.0,0.0,0.0,0.30405405405405406,0.46621621621621623,0.0,0.0,0.0,0.0,0.006756756756756757,0.0,0.006756756756756757,0.0,0.0,0.04054054054054054,0.16891891891891891,0.0,0.0
1407 CEA-BST Rai14 Pdyn Crh Gaba_1,0.0,0.0,0.007751937984496124,0.0,0.007751937984496124,0.0,0.0,0.0,0.0,0.0,0.43410852713178294,0.3953488372093023,0.0,0.0,0.0,0.015503875968992248,0.007751937984496124,0.0,0.015503875968992248,0.0,0.007751937984496124,0.023255813953488372,0.08527131782945736,0.0,0.0
1408 CEA-BST Rai14 Pdyn Crh Gaba_1,0.0,0.0,0.035398230088495575,0.0,0.02654867256637168,0.0,0.0,0.0,0.0,0.0,0.35398230088495575,0.4336283185840708,0.0,0.0,0.0,0.008849557522123894,0.0,0.0,0.0,0.0,0.0,0.0,0.1415929203539823,0.0,0.0
1409 CEA-BST Rai14 Pdyn Crh Gaba_2,0.0,0.0,0.0,0.0,0.14285714285714285,0.0,0.0,0.0,0.0,0.0,0.5324675324675324,0.3116883116883117,0.0,0.0,0.0,0.0,0.0,0.0,0.0,0.0,0.0,0.0,0.012987012987012988,0.0,0.0
1410 CEA-BST Rai14 Pdyn Crh Gaba_2,0.0,0.0,0.0,0.0,0.0,0.0,0.0,0.0,0.0,0.0,0.6818181818181818,0.19480519480519481,0.0,0.0,0.0,0.006493506493506494,0.0,0.0,0.09090909090909091,0.0,0.0,0.0,0.025974025974025976,0.0,0.0
1411 BST-SI-AAA Six3 Slc22a3 Gaba_1,0.0,0.0,0.018867924528301886,0.0,0.5283018867924528,0.0,0.0,0.0,0.0,0.0,0.2830188679245283,0.16981132075471697,0.0,0.0,0.0,0.0,0.0,0.0,0.0,0.0,0.0,0.0,0.0,0.0,0.0
1412 BST-SI-AAA Six3 Slc22a3 Gaba_1,0.0,0.0,0.0,0.0,0.23484848484848486,0.0,0.0,0.0,0.0,0.0,0.45454545454545453,0.3106060606060606,0.0,0.0,0.0,0.0,0.0,0.0,0.0,0.0,0.0,0.0,0.0,0.0,0.0
1413 BST-SI-AAA Six3 Slc22a3 Gaba_1,0.0,0.0,0.022222222222222223,0.0,0.2222222222222222,0.0,0.0,0.0,0.0,0.0,0.5333333333333333,0.2222222222222222,0.0,0.0,0.0,0.0,0.0,0.0,0.0,0.0,0.0,0.0,0.0,0.0,0.0
1414 BST-SI-AAA Six3 Slc22a3 Gaba_2,0.0,0.0,0.0,0.0,0.19047619047619047,0.0,0.0,0.0,0.0,0.0,0.7380952380952381,0.07142857142857142,0.0,0.0,0.0,0.0,0.0,0.0,0.0,0.0,0.0,0.0,0.0,0.0,0.0
1415 BST-SI-AAA Six3 Slc22a3 Gaba_2,0.0,0.0,0.0,0.0,0.26,0.0,0.0,0.0,0.0,0.0,0.68,0.06,0.0,0.0,0.0,0.0,0.0,0.0,0.0,0.0,0.0,0.0,0.0,0.0,0.0
1416 BST-SI-AAA Six3 Slc22a3 Gaba_2,0.0,0.0,0.0,0.0,0.35714285714285715,0.0,0.0,0.0,0.0,0.0,0.5892857142857143,0.05357142857142857,0.0,0.0,0.0,0.0,0.0,0.0,0.0,0.0,0.0,0.0,0.0,0.0,0.0
1417 BST-SI-AAA Six3 Slc22a3 Gaba_2,0.0,0.0,0.03260869565217391,0.0,0.08695652173913043,0.0,0.0,0.0,0.021739130434782608,0.0,0.42391304347826086,0.43478260869565216,0.0,0.0,0.0,0.0,0.0,0.0,0.0,0.0,0.0,0.0,0.0,0.0,0.0
1418 SI-MPO-LPO Lhx8 Gaba_1,0.0,0.0,0.0,0.0,0.16778523489932887,0.0,0.0,0.0,0.0,0.0,0.6912751677852349,0.14093959731543623,0.0,0.0,0.0,0.0,0.0,0.0,0.0,0.0,0.0,0.0,0.0,0.0,0.0
1419 SI-MPO-LPO Lhx8 Gaba_1,0.0,0.0,0.0,0.0,0.18461538461538463,0.0,0.0,0.0,0.0,0.0,0.7076923076923077,0.1076923076923077,0.0,0.0,0.0,0.0,0.0,0.0,0.0,0.0,0.0,0.0,0.0,0.0,0.0
1420 SI-MPO-LPO Lhx8 Gaba_1,0.0,0.0,0.0,0.0,0.03125,0.0,0.0,0.0,0.0,0.0,0.75,0.2109375,0.0,0.0,0.0,0.0,0.0,0.0,0.0,0.0,0.0,0.0,0.0,0.0,0.0078125
1421 SI-MPO-LPO Lhx8 Gaba_1,0.0,0.0,0.0,0.0,0.3148148148148148,0.0,0.0,0.0,0.0,0.0,0.46296296296296297,0.2222222222222222,0.0,0.0,0.0,0.0,0.0,0.0,0.0,0.0,0.0,0.0,0.0,0.0,0.0
1422 SI-MPO-LPO Lhx8 Gaba_1,0.0,0.0,0.0,0.0,0.043478260869565216,0.0,0.0,0.0,0.0,0.0,0.34782608695652173,0.6086956521739131,0.0,0.0,0.0,0.0,0.0,0.0,0.0,0.0,0.0,0.0,0.0,0.0,0.0
1423 SI-MPO-LPO Lhx8 Gaba_1,0.0,0.0,0.0,0.0,0.1,0.0,0.0,0.0,0.0,0.0,0.6857142857142857,0.21428571428571427,0.0,0.0,0.0,0.0,0.0,0.0,0.0,0.0,0.0,0.0,0.0,0.0,0.0
1424 SI-MPO-LPO Lhx8 Gaba_1,0.0,0.0,0.0,0.0,0.14166666666666666,0.0,0.0,0.0,0.0,0.0,0.6583333333333333,0.2,0.0,0.0,0.0,0.0,0.0,0.0,0.0,0.0,0.0,0.0,0.0,0.0,0.0
1425 SI-MPO-LPO Lhx8 Gaba_1,0.0,0.0,0.0,0.0,0.06870229007633588,0.0,0.0,0.0,0.0015267175572519084,0.0,0.7893129770992366,0.11908396946564885,0.0,0.0,0.0,0.0,0.0,0.0,0.0,0.0,0.0,0.016793893129770993,0.004580152671755725,0.0,0.0
1426 SI-MPO-LPO Lhx8 Gaba_1,0.0,0.0,0.0,0.0,0.0,0.0,0.0,0.0,0.010309278350515464,0.0,0.6494845360824743,0.3402061855670103,0.0,0.0,0.0,0.0,0.0,0.0,0.0,0.0,0.0,0.0,0.0,0.0,0.0
1427 SI-MPO-LPO Lhx8 Gaba_1,0.0,0.0,0.0,0.0,0.028985507246376812,0.0,0.0,0.0,0.0,0.0,0.7536231884057971,0.2028985507246377,0.0,0.0,0.0,0.0,0.0,0.0,0.0,0.0,0.0,0.0,0.014492753623188406,0.0,0.0
1428 SI-MPO-LPO Lhx8 Gaba_1,0.0,0.0,0.0,0.0,0.0,0.0,0.0,0.0,0.0,0.0,0.9523809523809523,0.047619047619047616,0.0,0.0,0.0,0.0,0.0,0.0,0.0,0.0,0.0,0.0,0.0,0.0,0.0
1429 SI-MPO-LPO Lhx8 Gaba_2,0.0,0.0,0.0,0.0,0.41353383458646614,0.0,0.0,0.0,0.0,0.0,0.10526315789473684,0.43609022556390975,0.0,0.007518796992481203,0.0,0.0,0.0,0.0,0.0,0.0,0.0,0.0,0.03759398496240601,0.0,0.0
1430 SI-MPO-LPO Lhx8 Gaba_2,0.0,0.0,0.0,0.0,0.5543478260869565,0.0,0.0,0.0,0.0,0.0,0.2391304347826087,0.20652173913043478,0.0,0.0,0.0,0.0,0.0,0.0,0.0,0.0,0.0,0.0,0.0,0.0,0.0
1431 SI-MPO-LPO Lhx8 Gaba_2,0.0,0.0,0.0,0.0,0.7862068965517242,0.0,0.0,0.0,0.0,0.0,0.16551724137931034,0.041379310344827586,0.0,0.0,0.0,0.0,0.0,0.0,0.0,0.0,0.0,0.0,0.006896551724137931,0.0,0.0
1432 SI-MPO-LPO Lhx8 Gaba_2,0.0,0.0,0.0,0.0,0.6751269035532995,0.0,0.0,0.0,0.0,0.0,0.20304568527918782,0.1218274111675127,0.0,0.0,0.0,0.0,0.0,0.0,0.0,0.0,0.0,0.0,0.0,0.0,0.0
1433 SI-MPO-LPO Lhx8 Gaba_2,0.0,0.0,0.0,0.0,0.9338235294117647,0.0,0.0,0.0,0.0,0.0,0.04411764705882353,0.022058823529411766,0.0,0.0,0.0,0.0,0.0,0.0,0.0,0.0,0.0,0.0,0.0,0.0,0.0
1434 SI-MPO-LPO Lhx8 Gaba_2,0.0,0.0,0.0,0.0,0.2988505747126437,0.0,0.0,0.0,0.0,0.0,0.22988505747126436,0.47126436781609193,0.0,0.0,0.0,0.0,0.0,0.0,0.0,0.0,0.0,0.0,0.0,0.0,0.0
1435 SI-MPO-LPO Lhx8 Gaba_2,0.0,0.0,0.0,0.0,0.6923076923076923,0.0,0.0,0.0,0.0,0.0,0.3076923076923077,0.0,0.0,0.0,0.0,0.0,0.0,0.0,0.0,0.0,0.0,0.0,0.0,0.0,0.0
1436 SI-MPO-LPO Lhx8 Gaba_2,0.0,0.0,0.0,0.0,0.24,0.0,0.0,0.0,0.0,0.0,0.68,0.04,0.0,0.0,0.0,0.0,0.0,0.0,0.0,0.0,0.0,0.0,0.04,0.0,0.0
1437 SI-MPO-LPO Lhx8 Gaba_2,0.0,0.0,0.0,0.0,0.45714285714285713,0.0,0.0,0.0,0.0,0.0,0.5428571428571428,0.0,0.0,0.0,0.0,0.0,0.0,0.0,0.0,0.0,0.0,0.0,0.0,0.0,0.0
1438 SI-MPO-LPO Lhx8 Gaba_2,0.0,0.0,0.0,0.0,0.34375,0.0,0.0,0.0,0.0,0.0,0.625,0.03125,0.0,0.0,0.0,0.0,0.0,0.0,0.0,0.0,0.0,0.0,0.0,0.0,0.0
1439 SI-MPO-LPO Lhx8 Gaba_3,0.0,0.0,0.0,0.0,0.5616438356164384,0.0,0.0,0.0,0.0,0.0,0.1917808219178082,0.1780821917808219,0.00684931506849315,0.0,0.0,0.0,0.00684931506849315,0.0,0.0,0.0,0.0,0.0,0.0547945205479452,0.0,0.0
1440 SI-MPO-LPO Lhx8 Gaba_3,0.0,0.0,0.0,0.0,0.9489795918367347,0.0,0.0,0.0,0.0,0.0,0.02040816326530612,0.01020408163265306,0.0,0.0,0.0,0.0,0.01020408163265306,0.0,0.01020408163265306,0.0,0.0,0.0,0.0,0.0,0.0
1441 SI-MPO-LPO Lhx8 Gaba_3,0.0,0.0,0.0,0.0,0.9069767441860465,0.0,0.0,0.0,0.0,0.0,0.023255813953488372,0.0,0.0,0.0,0.0,0.0,0.046511627906976744,0.0,0.0,0.0,0.0,0.0,0.023255813953488372,0.0,0.0
1442 SI-MPO-LPO Lhx8 Gaba_3,0.0,0.0,0.0,0.0,0.9411764705882353,0.0,0.0,0.0,0.0,0.0,0.0,0.0,0.0,0.0,0.0,0.0,0.058823529411764705,0.0,0.0,0.0,0.0,0.0,0.0,0.0,0.0
1443 SI-MPO-LPO Lhx8 Gaba_3,0.0,0.0,0.0,0.0,0.96,0.0,0.0,0.0,0.0,0.0,0.04,0.0,0.0,0.0,0.0,0.0,0.0,0.0,0.0,0.0,0.0,0.0,0.0,0.0,0.0
1444 SI-MPO-LPO Lhx8 Gaba_3,0.0,0.0,0.0,0.0,0.9629629629629629,0.0,0.0,0.0,0.0,0.0,0.0,0.0,0.037037037037037035,0.0,0.0,0.0,0.0,0.0,0.0,0.0,0.0,0.0,0.0,0.0,0.0
1445 SI-MPO-LPO Lhx8 Gaba_3,0.0,0.0,0.0,0.0,0.825,0.0,0.0,0.0,0.0,0.0,0.1,0.0,0.0,0.0,0.0,0.0,0.075,0.0,0.0,0.0,0.0,0.0,0.0,0.0,0.0
1446 SI-MPO-LPO Lhx8 Gaba_4,0.0,0.0,0.0,0.0,0.6222222222222222,0.0,0.0,0.0,0.0,0.0,0.06666666666666667,0.3111111111111111,0.0,0.0,0.0,0.0,0.0,0.0,0.0,0.0,0.0,0.0,0.0,0.0,0.0
1447 SI-MPO-LPO Lhx8 Gaba_4,0.0,0.0,0.0,0.0,0.875,0.0,0.0,0.0,0.0,0.0,0.03125,0.09375,0.0,0.0,0.0,0.0,0.0,0.0,0.0,0.0,0.0,0.0,0.0,0.0,0.0
1448 SI-MPO-LPO Lhx8 Gaba_4,0.0,0.0,0.0,0.0,0.8230088495575221,0.0,0.0,0.0,0.0,0.0,0.04424778761061947,0.12389380530973451,0.0,0.0,0.0,0.0,0.0,0.0,0.0,0.0,0.0,0.0,0.008849557522123894,0.0,0.0
1449 SI-MPO-LPO Lhx8 Gaba_4,0.0,0.0,0.0,0.0,0.7611940298507462,0.0,0.0,0.0,0.0,0.0,0.23880597014925373,0.0,0.0,0.0,0.0,0.0,0.0,0.0,0.0,0.0,0.0,0.0,0.0,0.0,0.0
1450 SI-MPO-LPO Lhx8 Gaba_4,0.0,0.0,0.0,0.0,0.25,0.0,0.0,0.0,0.0,0.0,0.25,0.5,0.0,0.0,0.0,0.0,0.0,0.0,0.0,0.0,0.0,0.0,0.0,0.0,0.0
1451 SI-MPO-LPO Lhx8 Gaba_5,0.0,0.0,0.0,0.0,0.5217391304347826,0.0,0.0,0.0,0.0,0.0,0.2608695652173913,0.21739130434782608,0.0,0.0,0.0,0.0,0.0,0.0,0.0,0.0,0.0,0.0,0.0,0.0,0.0
1452 SI-MPO-LPO Lhx8 Gaba_5,0.0,0.0,0.0,0.0,1.0,0.0,0.0,0.0,0.0,0.0,0.0,0.0,0.0,0.0,0.0,0.0,0.0,0.0,0.0,0.0,0.0,0.0,0.0,0.0,0.0
1453 SI-MPO-LPO Lhx8 Gaba_5,0.0,0.0,0.0,0.0,0.803030303030303,0.0,0.0,0.0,0.0,0.0,0.18181818181818182,0.015151515151515152,0.0,0.0,0.0,0.0,0.0,0.0,0.0,0.0,0.0,0.0,0.0,0.0,0.0
1454 SI-MPO-LPO Lhx8 Gaba_5,0.0,0.0,0.0,0.0,0.6470588235294118,0.0,0.0,0.0,0.0,0.0,0.11764705882352941,0.11764705882352941,0.0,0.0,0.0,0.0,0.0,0.0,0.0,0.0,0.0,0.058823529411764705,0.058823529411764705,0.0,0.0
1455 SI-MPO-LPO Lhx8 Gaba_5,0.0,0.0,0.0,0.0,0.09917355371900827,0.0,0.0,0.0,0.0,0.0,0.6198347107438017,0.21487603305785125,0.0,0.0,0.0,0.0,0.0,0.0,0.0,0.0,0.0,0.05785123966942149,0.008264462809917356,0.0,0.0
1456 SI-MPO-LPO Lhx8 Gaba_6,0.0,0.0,0.0,0.0,1.0,0.0,0.0,0.0,0.0,0.0,0.0,0.0,0.0,0.0,0.0,0.0,0.0,0.0,0.0,0.0,0.0,0.0,0.0,0.0,0.0
1457 MPO-ADP Lhx8 Gaba_1,0.0,0.0,0.0,0.0,0.5217391304347826,0.0,0.0,0.0,0.0,0.0,0.3565217391304348,0.043478260869565216,0.0,0.0,0.0,0.0,0.0,0.0,0.0,0.0,0.008695652173913044,0.0,0.06956521739130435,0.0,0.0
1458 MPO-ADP Lhx8 Gaba_1,0.0,0.0,0.0,0.0,0.7924528301886793,0.0,0.0,0.0,0.0,0.0,0.20754716981132076,0.0,0.0,0.0,0.0,0.0,0.0,0.0,0.0,0.0,0.0,0.0,0.0,0.0,0.0
1459 MPO-ADP Lhx8 Gaba_1,0.0,0.0,0.0,0.0,0.8113207547169812,0.0,0.018867924528301886,0.0,0.0,0.0,0.1509433962264151,0.0,0.0,0.0,0.0,0.0,0.0,0.0,0.018867924528301886,0.0,0.0,0.0,0.0,0.0,0.0
1460 MPO-ADP Lhx8 Gaba_2,0.0,0.0,0.0,0.0,0.6521739130434783,0.0,0.0,0.0,0.0,0.0,0.30434782608695654,0.043478260869565216,0.0,0.0,0.0,0.0,0.0,0.0,0.0,0.0,0.0,0.0,0.0,0.0,0.0
1461 MPO-ADP Lhx8 Gaba_2,0.0,0.0,0.0,0.0,0.7833333333333333,0.0,0.0,0.0,0.0,0.0,0.1,0.11666666666666667,0.0,0.0,0.0,0.0,0.0,0.0,0.0,0.0,0.0,0.0,0.0,0.0,0.0
1462 MPO-ADP Lhx8 Gaba_2,0.0,0.0,0.0,0.0,0.835820895522388,0.0,0.0,0.0,0.0,0.0,0.14925373134328357,0.014925373134328358,0.0,0.0,0.0,0.0,0.0,0.0,0.0,0.0,0.0,0.0,0.0,0.0,0.0
1463 MPO-ADP Lhx8 Gaba_2,0.0,0.0,0.0,0.0,0.32926829268292684,0.0,0.0,0.0,0.0,0.0,0.17073170731707318,0.5,0.0,0.0,0.0,0.0,0.0,0.0,0.0,0.0,0.0,0.0,0.0,0.0,0.0
1464 MPO-ADP Lhx8 Gaba_2,0.0,0.0,0.0,0.0,0.8421052631578947,0.0,0.0,0.0,0.0,0.0,0.013157894736842105,0.14473684210526316,0.0,0.0,0.0,0.0,0.0,0.0,0.0,0.0,0.0,0.0,0.0,0.0,0.0
1465 MPO-ADP Lhx8 Gaba_2,0.0,0.0,0.0,0.0,0.9879518072289156,0.0,0.0,0.0,0.0,0.0,0.012048192771084338,0.0,0.0,0.0,0.0,0.0,0.0,0.0,0.0,0.0,0.0,0.0,0.0,0.0,0.0
1466 MPO-ADP Lhx8 Gaba_3,0.0,0.0,0.0,0.0,0.7900763358778626,0.0,0.003816793893129771,0.0,0.0,0.0,0.17557251908396945,0.003816793893129771,0.0,0.003816793893129771,0.0,0.0,0.011450381679389313,0.0,0.0,0.0,0.007633587786259542,0.0,0.003816793893129771,0.0,0.0
1467 MPO-ADP Lhx8 Gaba_3,0.0,0.0,0.0,0.0,0.896551724137931,0.0,0.0,0.0,0.0,0.0,0.06896551724137931,0.034482758620689655,0.0,0.0,0.0,0.0,0.0,0.0,0.0,0.0,0.0,0.0,0.0,0.0,0.0
1468 MPO-ADP Lhx8 Gaba_3,0.0,0.0,0.0,0.0,0.803030303030303,0.0,0.0,0.0,0.0,0.0,0.06060606060606061,0.015151515151515152,0.0,0.030303030303030304,0.0,0.0,0.030303030303030304,0.0,0.0,0.0,0.06060606060606061,0.0,0.0,0.0,0.0
1469 MPO-ADP Lhx8 Gaba_3,0.0,0.0,0.0,0.0,0.7978723404255319,0.0,0.0,0.0,0.0,0.0,0.10638297872340426,0.02127659574468085,0.0,0.0425531914893617,0.0,0.0,0.0,0.0,0.031914893617021274,0.0,0.0,0.0,0.0,0.0,0.0
1470 MPO-ADP Lhx8 Gaba_3,0.0,0.0,0.0,0.0,0.7777777777777778,0.0,0.044444444444444446,0.0,0.0,0.0,0.17037037037037037,0.0,0.0,0.0,0.0,0.0,0.0,0.0,0.0,0.0,0.0,0.0,0.007407407407407408,0.0,0.0
1471 MPO-ADP Lhx8 Gaba_3,0.0,0.0,0.0,0.0,0.6206896551724138,0.0,0.0,0.0,0.0,0.0,0.3793103448275862,0.0,0.0,0.0,0.0,0.0,0.0,0.0,0.0,0.0,0.0,0.0,0.0,0.0,0.0
1472 MPO-ADP Lhx8 Gaba_4,0.0,0.0,0.0,0.0,0.7,0.0,0.0,0.0,0.0,0.0,0.25,0.05,0.0,0.0,0.0,0.0,0.0,0.0,0.0,0.0,0.0,0.0,0.0,0.0,0.0
1473 MPO-ADP Lhx8 Gaba_4,0.0,0.0,0.0,0.0,0.2734375,0.0,0.0,0.0,0.0,0.0,0.5625,0.1484375,0.0,0.0,0.0,0.0078125,0.0,0.0,0.0,0.0,0.0078125,0.0,0.0,0.0,0.0
1474 MPO-ADP Lhx8 Gaba_4,0.0,0.0,0.0,0.0,0.8157894736842105,0.0,0.0,0.0,0.0,0.0,0.18421052631578946,0.0,0.0,0.0,0.0,0.0,0.0,0.0,0.0,0.0,0.0,0.0,0.0,0.0,0.0
1475 MPO-ADP Lhx8 Gaba_4,0.0,0.0,0.0,0.0,0.46835443037974683,0.0,0.0,0.0,0.0,0.0,0.4936708860759494,0.02531645569620253,0.0,0.0,0.0,0.0,0.0,0.0,0.012658227848101266,0.0,0.0,0.0,0.0,0.0,0.0
1476 MPO-ADP Lhx8 Gaba_4,0.0,0.0,0.0,0.0,0.375,0.0,0.0,0.0,0.0,0.0,0.5916666666666667,0.0,0.0,0.0,0.0,0.0,0.0,0.0,0.03333333333333333,0.0,0.0,0.0,0.0,0.0,0.0
1477 MPO-ADP Lhx8 Gaba_4,0.0,0.0,0.0,0.0,0.36885245901639346,0.0,0.0,0.0,0.0,0.0,0.6229508196721312,0.0,0.0,0.0,0.0,0.0,0.0,0.0,0.00819672131147541,0.0,0.0,0.0,0.0,0.0,0.0
1478 MPO-ADP Lhx8 Gaba_4,0.0,0.0,0.0,0.0,0.5,0.0,0.0,0.0,0.0,0.0,0.4264705882352941,0.07352941176470588,0.0,0.0,0.0,0.0,0.0,0.0,0.0,0.0,0.0,0.0,0.0,0.0,0.0
1479 MPO-ADP Lhx8 Gaba_4,0.0,0.0,0.0,0.0,0.22916666666666666,0.0,0.0,0.0,0.0,0.0,0.71875,0.052083333333333336,0.0,0.0,0.0,0.0,0.0,0.0,0.0,0.0,0.0,0.0,0.0,0.0,0.0
1480 MPO-ADP Lhx8 Gaba_5,0.0,0.0,0.0,0.0,0.6666666666666666,0.0,0.037037037037037035,0.0,0.0,0.0,0.14814814814814814,0.14814814814814814,0.0,0.0,0.0,0.0,0.0,0.0,0.0,0.0,0.0,0.0,0.0,0.0,0.0
1481 MPO-ADP Lhx8 Gaba_5,0.0,0.0,0.0,0.0,0.1724137931034483,0.0,0.0,0.0,0.0,0.0,0.06896551724137931,0.7241379310344828,0.034482758620689655,0.0,0.0,0.0,0.0,0.0,0.0,0.0,0.0,0.0,0.0,0.0,0.0
1482 MPO-ADP Lhx8 Gaba_5,0.0,0.0,0.0,0.0,0.676056338028169,0.0,0.0,0.0,0.0,0.0,0.19718309859154928,0.11267605633802817,0.0,0.009389671361502348,0.0,0.0,0.0,0.0,0.004694835680751174,0.0,0.0,0.0,0.0,0.0,0.0
1483 MPN-MPO-LPO Lhx6 Zfhx3 Gaba_1,0.0,0.0,0.0,0.0,0.34328358208955223,0.0,0.0,0.0,0.0,0.0,0.373134328358209,0.23880597014925373,0.0,0.0,0.0,0.0,0.014925373134328358,0.0,0.0,0.0,0.014925373134328358,0.0,0.014925373134328358,0.0,0.0
1484 MPN-MPO-LPO Lhx6 Zfhx3 Gaba_1,0.0,0.0,0.0,0.0,0.2127659574468085,0.0,0.0,0.0,0.0,0.0,0.2127659574468085,0.40425531914893614,0.02127659574468085,0.0,0.0,0.0,0.06382978723404255,0.0,0.0,0.0,0.0,0.0,0.0851063829787234,0.0,0.0
1485 MPN-MPO-LPO Lhx6 Zfhx3 Gaba_1,0.0,0.0,0.0,0.0,0.8256410256410256,0.0,0.0,0.0,0.0,0.0,0.046153846153846156,0.11794871794871795,0.0,0.0,0.0,0.0,0.0,0.0,0.0,0.0,0.005128205128205128,0.0,0.005128205128205128,0.0,0.0
1486 MPN-MPO-LPO Lhx6 Zfhx3 Gaba_1,0.0,0.0,0.0,0.0,0.31666666666666665,0.0,0.0,0.0,0.0,0.0,0.31666666666666665,0.31666666666666665,0.016666666666666666,0.0,0.0,0.0,0.0,0.0,0.0,0.0,0.016666666666666666,0.0,0.016666666666666666,0.0,0.0
1487 MPN-MPO-LPO Lhx6 Zfhx3 Gaba_1,0.0,0.0,0.0,0.0,0.9285714285714286,0.0,0.0,0.0,0.0,0.0,0.047619047619047616,0.0,0.0,0.0,0.0,0.0,0.0,0.0,0.0,0.0,0.011904761904761904,0.0,0.011904761904761904,0.0,0.0
1488 MPN-MPO-LPO Lhx6 Zfhx3 Gaba_1,0.0,0.0,0.0,0.0,0.851063829787234,0.0,0.0,0.0,0.0,0.0,0.1276595744680851,0.0,0.02127659574468085,0.0,0.0,0.0,0.0,0.0,0.0,0.0,0.0,0.0,0.0,0.0,0.0
1489 MPN-MPO-LPO Lhx6 Zfhx3 Gaba_2,0.0,0.0,0.0,0.0,0.8095238095238095,0.0,0.0,0.0,0.0,0.0,0.16666666666666666,0.0,0.0,0.0,0.0,0.0,0.0,0.0,0.0,0.0,0.011904761904761904,0.0,0.011904761904761904,0.0,0.0
1490 MPN-MPO-LPO Lhx6 Zfhx3 Gaba_2,0.0,0.0,0.0,0.0,0.5507246376811594,0.0,0.0,0.0,0.0,0.0,0.2753623188405797,0.028985507246376812,0.0,0.014492753623188406,0.0,0.0,0.0,0.0,0.0,0.0,0.014492753623188406,0.0,0.11594202898550725,0.0,0.0
1491 MPN-MPO-LPO Lhx6 Zfhx3 Gaba_2,0.0,0.0,0.0,0.0,1.0,0.0,0.0,0.0,0.0,0.0,0.0,0.0,0.0,0.0,0.0,0.0,0.0,0.0,0.0,0.0,0.0,0.0,0.0,0.0,0.0
1492 MPN-MPO-LPO Lhx6 Zfhx3 Gaba_2,0.0,0.0,0.0,0.0,0.9230769230769231,0.0,0.0,0.0,0.0,0.0,0.06837606837606838,0.0,0.0,0.0,0.0,0.0,0.0,0.0,0.0,0.0,0.008547008547008548,0.0,0.0,0.0,0.0
1493 BST Tac2 Gaba_1,0.0,0.0,0.0,0.0,0.725,0.0,0.0,0.0,0.0,0.0,0.275,0.0,0.0,0.0,0.0,0.0,0.0,0.0,0.0,0.0,0.0,0.0,0.0,0.0,0.0
1494 BST Tac2 Gaba_1,0.0,0.0,0.0,0.0,0.46078431372549017,0.0,0.0,0.0,0.0,0.0,0.5196078431372549,0.0196078431372549,0.0,0.0,0.0,0.0,0.0,0.0,0.0,0.0,0.0,0.0,0.0,0.0,0.0
1495 BST Tac2 Gaba_1,0.0,0.0,0.0,0.0,0.3125,0.0,0.0,0.0,0.0,0.0,0.675,0.0125,0.0,0.0,0.0,0.0,0.0,0.0,0.0,0.0,0.0,0.0,0.0,0.0,0.0
1496 BST Tac2 Gaba_1,0.0,0.0,0.0,0.0,0.7007874015748031,0.0,0.0,0.0,0.0,0.0,0.28346456692913385,0.007874015748031496,0.0,0.0,0.0,0.0,0.0,0.0,0.0,0.0,0.0,0.0,0.007874015748031496,0.0,0.0
1497 BST Tac2 Gaba_1,0.0,0.0,0.0,0.0,0.6571428571428571,0.0,0.009523809523809525,0.0,0.0,0.0,0.3142857142857143,0.01904761904761905,0.0,0.0,0.0,0.0,0.0,0.0,0.0,0.0,0.0,0.0,0.0,0.0,0.0
1498 BST Tac2 Gaba_1,0.0,0.0,0.0,0.0,0.5570469798657718,0.0,0.0,0.0,0.0,0.006711409395973154,0.3422818791946309,0.04697986577181208,0.006711409395973154,0.006711409395973154,0.0,0.0,0.0,0.0,0.006711409395973154,0.0,0.006711409395973154,0.0,0.020134228187919462,0.0,0.0
1499 BST Tac2 Gaba_2,0.0,0.0,0.0,0.0,0.25,0.0,0.0,0.0,0.0,0.0,0.6875,0.05,0.0,0.0,0.0,0.0,0.0,0.0,0.0,0.0,0.0,0.0125,0.0,0.0,0.0
1500 BST Tac2 Gaba_2,0.0,0.0,0.0,0.0,0.3333333333333333,0.0,0.0,0.0,0.0,0.0,0.6133333333333333,0.04,0.0,0.0,0.0,0.0,0.0,0.0,0.0,0.0,0.013333333333333334,0.0,0.0,0.0,0.0
1501 BST Tac2 Gaba_2,0.0,0.0,0.0,0.0,0.034722222222222224,0.0,0.0,0.0,0.0,0.0,0.8402777777777778,0.09027777777777778,0.0,0.0,0.0,0.0,0.0,0.0,0.006944444444444444,0.0,0.006944444444444444,0.006944444444444444,0.013888888888888888,0.0,0.0
1502 BST Tac2 Gaba_2,0.0,0.0,0.0,0.0,0.14893617021276595,0.0,0.0,0.0,0.0,0.0,0.5531914893617021,0.2553191489361702,0.010638297872340425,0.0,0.0,0.0,0.0,0.0,0.0,0.0,0.0,0.010638297872340425,0.010638297872340425,0.0,0.010638297872340425
1503 PVR Six3 Sox3 Gaba_1,0.0,0.0,0.0,0.0,0.7638888888888888,0.0,0.0,0.0,0.0,0.0,0.1388888888888889,0.06944444444444445,0.0,0.0,0.0,0.0,0.013888888888888888,0.0,0.0,0.0,0.013888888888888888,0.0,0.0,0.0,0.0
1504 PVR Six3 Sox3 Gaba_1,0.0,0.0,0.0,0.0,0.42,0.0,0.01,0.0,0.0,0.0,0.28,0.27,0.01,0.01,0.0,0.0,0.0,0.0,0.0,0.0,0.0,0.0,0.0,0.0,0.0
1505 PVR Six3 Sox3 Gaba_1,0.0,0.0,0.0,0.0,0.37735849056603776,0.0,0.018867924528301886,0.0,0.0,0.0,0.3018867924528302,0.22641509433962265,0.03773584905660377,0.0,0.0,0.0,0.0,0.0,0.0,0.0,0.0,0.018867924528301886,0.018867924528301886,0.0,0.0
1506 PVR Six3 Sox3 Gaba_1,0.0,0.0,0.0,0.0,0.1951219512195122,0.0,0.0,0.0,0.0,0.0,0.24390243902439024,0.5365853658536586,0.0,0.0,0.0,0.0,0.0,0.0,0.0,0.0,0.024390243902439025,0.0,0.0,0.0,0.0
1507 PVR Six3 Sox3 Gaba_1,0.0,0.0,0.0,0.0,0.7926829268292683,0.0,0.0,0.0,0.0,0.0,0.13414634146341464,0.024390243902439025,0.0,0.0,0.0,0.0,0.036585365853658534,0.0,0.0,0.0,0.012195121951219513,0.0,0.0,0.0,0.0
1508 PVR Six3 Sox3 Gaba_2,0.0,0.0,0.0,0.0,0.9615384615384616,0.0,0.0,0.0,0.0,0.0,0.01282051282051282,0.0,0.0,0.0,0.0,0.0,0.0,0.0,0.0,0.0,0.0,0.0,0.02564102564102564,0.0,0.0
1509 PVR Six3 Sox3 Gaba_2,0.0,0.0,0.0,0.0,0.8223350253807107,0.0,0.0,0.0,0.0,0.0,0.005076142131979695,0.0,0.0,0.02030456852791878,0.0,0.0,0.01015228426395939,0.0,0.07106598984771574,0.0,0.06091370558375635,0.0,0.005076142131979695,0.0,0.005076142131979695
1510 PVR Six3 Sox3 Gaba_2,0.0,0.0,0.0,0.0,0.8541666666666666,0.0,0.0,0.0,0.0,0.0,0.0,0.0,0.0,0.0625,0.0,0.0,0.020833333333333332,0.0,0.041666666666666664,0.0,0.020833333333333332,0.0,0.0,0.0,0.0
1511 PVR Six3 Sox3 Gaba_3,0.0,0.0,0.0,0.0,0.8170731707317073,0.0,0.0,0.0,0.0,0.0,0.012195121951219513,0.0,0.0,0.012195121951219513,0.0,0.0,0.012195121951219513,0.0,0.07317073170731707,0.0,0.04878048780487805,0.0,0.0,0.0,0.024390243902439025
1512 PVR Six3 Sox3 Gaba_3,0.0,0.0,0.0,0.0,0.8529411764705882,0.0,0.0,0.0,0.0,0.0,0.0,0.0,0.0,0.0,0.0,0.0,0.0,0.0,0.08823529411764706,0.0,0.058823529411764705,0.0,0.0,0.0,0.0
1513 PVR Six3 Sox3 Gaba_3,0.0,0.0,0.0,0.0,0.9482758620689655,0.0,0.0,0.0,0.0,0.0,0.0,0.0,0.0,0.0,0.0,0.0,0.0,0.0,0.05172413793103448,0.0,0.0,0.0,0.0,0.0,0.0
1514 PVR Six3 Sox3 Gaba_3,0.0,0.0,0.0,0.0,0.8909090909090909,0.0,0.0,0.0,0.0,0.0,0.0,0.0,0.01818181818181818,0.05454545454545454,0.0,0.0,0.0,0.0,0.03636363636363636,0.0,0.0,0.0,0.0,0.0,0.0
1515 PVR Six3 Sox3 Gaba_4,0.0,0.0,0.0,0.0,0.7848101265822784,0.0,0.0,0.0,0.0,0.0,0.11392405063291139,0.06329113924050633,0.012658227848101266,0.0,0.0,0.0,0.0,0.0,0.012658227848101266,0.0,0.0,0.0,0.012658227848101266,0.0,0.0
1516 PVR Six3 Sox3 Gaba_4,0.0,0.0,0.0,0.0,0.5359477124183006,0.0,0.0,0.0,0.0,0.0,0.06535947712418301,0.3202614379084967,0.0,0.0,0.0,0.0,0.006535947712418301,0.0,0.0,0.0,0.0,0.0,0.0718954248366013,0.0,0.0
1517 PVR Six3 Sox3 Gaba_4,0.0,0.0,0.0,0.0,0.6754385964912281,0.0,0.0,0.0,0.0,0.0,0.11403508771929824,0.20175438596491227,0.0,0.0,0.0,0.0,0.0,0.0,0.0,0.0,0.0,0.0,0.008771929824561403,0.0,0.0
1518 PVR Six3 Sox3 Gaba_4,0.0,0.0,0.0,0.0,0.05084745762711865,0.0,0.0,0.0,0.0,0.0,0.1016949152542373,0.847457627118644,0.0,0.0,0.0,0.0,0.0,0.0,0.0,0.0,0.0,0.0,0.0,0.0,0.0
1519 PVR Six3 Sox3 Gaba_4,0.0,0.0,0.0,0.0,0.2620689655172414,0.0,0.0,0.0,0.0,0.0,0.3724137931034483,0.3586206896551724,0.0,0.0,0.0,0.0,0.0,0.0,0.0,0.0,0.0,0.006896551724137931,0.0,0.0,0.0
1520 PVR Six3 Sox3 Gaba_5,0.0,0.0,0.0,0.0,0.13793103448275862,0.0,0.0,0.0,0.0,0.0,0.3620689655172414,0.5,0.0,0.0,0.0,0.0,0.0,0.0,0.0,0.0,0.0,0.0,0.0,0.0,0.0
1521 PVR Six3 Sox3 Gaba_5,0.0,0.0,0.0,0.0,0.3877551020408163,0.0,0.0,0.0,0.0,0.0,0.30612244897959184,0.24489795918367346,0.02040816326530612,0.0,0.0,0.0,0.02040816326530612,0.0,0.02040816326530612,0.0,0.0,0.0,0.0,0.0,0.0
1522 PVR Six3 Sox3 Gaba_5,0.0,0.0,0.0,0.0,0.13157894736842105,0.0,0.0,0.0,0.0,0.0,0.5789473684210527,0.2631578947368421,0.02631578947368421,0.0,0.0,0.0,0.0,0.0,0.0,0.0,0.0,0.0,0.0,0.0,0.0
1523 PVR Six3 Sox3 Gaba_6,0.0,0.0,0.0,0.0,0.3888888888888889,0.0,0.0,0.0,0.0,0.0,0.1527777777777778,0.4583333333333333,0.0,0.0,0.0,0.0,0.0,0.0,0.0,0.0,0.0,0.0,0.0,0.0,0.0
1524 PVR Six3 Sox3 Gaba_7,0.0,0.0,0.0,0.0,0.3888888888888889,0.0,0.0,0.0,0.0,0.0,0.05555555555555555,0.3333333333333333,0.0,0.05555555555555555,0.0,0.0,0.0,0.0,0.0,0.0,0.0,0.0,0.16666666666666666,0.0,0.0
1525 PVR Six3 Sox3 Gaba_7,0.0,0.0,0.0,0.0,0.896551724137931,0.0,0.0,0.0,0.0,0.0,0.0,0.0,0.0,0.0,0.0,0.0,0.034482758620689655,0.0,0.0,0.0,0.034482758620689655,0.0,0.034482758620689655,0.0,0.0
1526 PVR Six3 Sox3 Gaba_7,0.0,0.0,0.0,0.0,0.7380952380952381,0.0,0.0,0.0,0.0,0.0,0.07142857142857142,0.047619047619047616,0.023809523809523808,0.023809523809523808,0.0,0.0,0.023809523809523808,0.0,0.0,0.0,0.023809523809523808,0.0,0.047619047619047616,0.0,0.0
1527 PVR Six3 Sox3 Gaba_8,0.0,0.0,0.0,0.0,1.0,0.0,0.0,0.0,0.0,0.0,0.0,0.0,0.0,0.0,0.0,0.0,0.0,0.0,0.0,0.0,0.0,0.0,0.0,0.0,0.0
1528 PVR Six3 Sox3 Gaba_8,0.0,0.0,0.0,0.0,0.4745762711864407,0.0,0.0,0.0,0.0,0.0,0.0,0.0,0.0,0.15254237288135594,0.0,0.3389830508474576,0.00847457627118644,0.0,0.01694915254237288,0.0,0.0,0.0,0.0,0.0,0.00847457627118644
1529 PVR Six3 Sox3 Gaba_8,0.0,0.0,0.0,0.0,0.4583333333333333,0.0,0.0,0.0,0.0,0.0,0.0,0.041666666666666664,0.0,0.375,0.0,0.08333333333333333,0.0,0.0,0.0,0.0,0.041666666666666664,0.0,0.0,0.0,0.0
1530 PVR Six3 Sox3 Gaba_8,0.0,0.0,0.0,0.0,0.7692307692307693,0.0,0.0,0.0,0.0,0.0,0.0,0.0,0.0,0.15384615384615385,0.0,0.0,0.0,0.0,0.0,0.0,0.07692307692307693,0.0,0.0,0.0,0.0
1531 PVR Six3 Sox3 Gaba_9,0.0,0.0,0.0,0.0,0.7575757575757576,0.0,0.0,0.0,0.0,0.0,0.09090909090909091,0.09090909090909091,0.0,0.0,0.0,0.0,0.030303030303030304,0.0,0.030303030303030304,0.0,0.0,0.0,0.0,0.0,0.0
1532 PVR Six3 Sox3 Gaba_9,0.0,0.0,0.0,0.0,0.7,0.0,0.0,0.0,0.0,0.0,0.3,0.0,0.0,0.0,0.0,0.0,0.0,0.0,0.0,0.0,0.0,0.0,0.0,0.0,0.0
1533 PVR Six3 Sox3 Gaba_9,0.0,0.0,0.0,0.0,0.8541666666666666,0.0,0.0,0.0,0.0,0.0,0.10416666666666667,0.020833333333333332,0.0,0.0,0.0,0.0,0.0,0.0,0.020833333333333332,0.0,0.0,0.0,0.0,0.0,0.0
1534 PVR Six3 Sox3 Gaba_9,0.0,0.0,0.0,0.0,0.6551724137931034,0.0,0.0,0.0,0.0,0.0,0.2413793103448276,0.0,0.0,0.0,0.0,0.0,0.10344827586206896,0.0,0.0,0.0,0.0,0.0,0.0,0.0,0.0
1535 PVR Six3 Sox3 Gaba_9,0.0,0.0,0.0,0.0,0.9555555555555556,0.0,0.0,0.0,0.0,0.0,0.044444444444444446,0.0,0.0,0.0,0.0,0.0,0.0,0.0,0.0,0.0,0.0,0.0,0.0,0.0,0.0
1536 PVR Six3 Sox3 Gaba_9,0.0,0.0,0.0,0.0,0.7580645161290323,0.0,0.0,0.0,0.0,0.0,0.12903225806451613,0.11290322580645161,0.0,0.0,0.0,0.0,0.0,0.0,0.0,0.0,0.0,0.0,0.0,0.0,0.0
1537 PVR Six3 Sox3 Gaba_9,0.0,0.0,0.0,0.0,0.8611111111111112,0.0,0.0,0.0,0.0,0.0,0.027777777777777776,0.027777777777777776,0.0,0.027777777777777776,0.0,0.0,0.0,0.0,0.0,0.0,0.0,0.0,0.05555555555555555,0.0,0.0
1538 BST-MPN Six3 Nrgn Gaba_1,0.0,0.0,0.0,0.0,0.9692307692307692,0.0,0.0,0.0,0.0,0.0,0.015384615384615385,0.0,0.015384615384615385,0.0,0.0,0.0,0.0,0.0,0.0,0.0,0.0,0.0,0.0,0.0,0.0
1539 BST-MPN Six3 Nrgn Gaba_1,0.0,0.0,0.0,0.0,0.9411764705882353,0.0,0.0,0.0,0.0,0.0,0.047058823529411764,0.011764705882352941,0.0,0.0,0.0,0.0,0.0,0.0,0.0,0.0,0.0,0.0,0.0,0.0,0.0
1540 BST-MPN Six3 Nrgn Gaba_2,0.0,0.0,0.007142857142857143,0.0,0.7142857142857143,0.0,0.0,0.0,0.0,0.0,0.16428571428571428,0.07857142857142857,0.014285714285714285,0.007142857142857143,0.0,0.0,0.0,0.0,0.0,0.0,0.007142857142857143,0.0,0.007142857142857143,0.0,0.0
1541 BST-MPN Six3 Nrgn Gaba_3,0.0,0.0,0.0,0.0,0.9175257731958762,0.0,0.0,0.0,0.0,0.0,0.05154639175257732,0.010309278350515464,0.010309278350515464,0.0,0.0,0.0,0.010309278350515464,0.0,0.0,0.0,0.0,0.0,0.0,0.0,0.0
1542 BST-MPN Six3 Nrgn Gaba_3,0.0,0.0,0.0,0.0,1.0,0.0,0.0,0.0,0.0,0.0,0.0,0.0,0.0,0.0,0.0,0.0,0.0,0.0,0.0,0.0,0.0,0.0,0.0,0.0,0.0
1543 BST-MPN Six3 Nrgn Gaba_3,0.0,0.0,0.0,0.0,0.9328859060402684,0.0,0.006711409395973154,0.0,0.0,0.006711409395973154,0.026845637583892617,0.006711409395973154,0.006711409395973154,0.0,0.0,0.0,0.0,0.0,0.0,0.0,0.006711409395973154,0.0,0.006711409395973154,0.0,0.0
1544 BST-MPN Six3 Nrgn Gaba_3,0.0,0.0,0.0,0.0,0.9798994974874372,0.0,0.010050251256281407,0.0,0.0,0.0,0.0,0.0,0.0,0.0,0.0,0.0,0.0,0.0,0.0,0.0,0.0,0.0,0.010050251256281407,0.0,0.0
1545 BST-MPN Six3 Nrgn Gaba_3,0.0,0.0,0.0,0.0,1.0,0.0,0.0,0.0,0.0,0.0,0.0,0.0,0.0,0.0,0.0,0.0,0.0,0.0,0.0,0.0,0.0,0.0,0.0,0.0,0.0
1546 BST-MPN Six3 Nrgn Gaba_3,0.0,0.0,0.0,0.0,1.0,0.0,0.0,0.0,0.0,0.0,0.0,0.0,0.0,0.0,0.0,0.0,0.0,0.0,0.0,0.0,0.0,0.0,0.0,0.0,0.0
1547 BST-MPN Six3 Nrgn Gaba_4,0.0,0.0,0.0,0.0,0.2830188679245283,0.0,0.0,0.0,0.0,0.0,0.4528301886792453,0.2641509433962264,0.0,0.0,0.0,0.0,0.0,0.0,0.0,0.0,0.0,0.0,0.0,0.0,0.0
1548 BST-MPN Six3 Nrgn Gaba_4,0.0,0.00558659217877095,0.0,0.0,0.8491620111731844,0.0,0.01675977653631285,0.0,0.0,0.0111731843575419,0.07262569832402235,0.0111731843575419,0.0,0.0,0.0,0.0,0.00558659217877095,0.0,0.00558659217877095,0.0,0.0,0.0,0.0223463687150838,0.0,0.0
1549 BST-MPN Six3 Nrgn Gaba_4,0.0,0.0,0.0,0.0,1.0,0.0,0.0,0.0,0.0,0.0,0.0,0.0,0.0,0.0,0.0,0.0,0.0,0.0,0.0,0.0,0.0,0.0,0.0,0.0,0.0
1550 BST-MPN Six3 Nrgn Gaba_4,0.0,0.0,0.0,0.0,0.9583333333333334,0.0,0.0,0.0,0.0,0.0,0.0,0.041666666666666664,0.0,0.0,0.0,0.0,0.0,0.0,0.0,0.0,0.0,0.0,0.0,0.0,0.0
1551 BST-MPN Six3 Nrgn Gaba_5,0.0,0.0,0.0,0.0,0.11764705882352941,0.0,0.0,0.0,0.0,0.0,0.17647058823529413,0.6862745098039216,0.0,0.0,0.0,0.0,0.0196078431372549,0.0,0.0,0.0,0.0,0.0,0.0,0.0,0.0
1552 BST-MPN Six3 Nrgn Gaba_5,0.0,0.0,0.0,0.0,0.12931034482758622,0.0,0.0,0.0,0.017241379310344827,0.0,0.5,0.31896551724137934,0.0,0.0,0.0,0.0,0.008620689655172414,0.0,0.017241379310344827,0.0,0.0,0.0,0.008620689655172414,0.0,0.0
1553 BST-MPN Six3 Nrgn Gaba_5,0.0,0.0,0.0,0.0,0.0,0.0,0.0,0.0,0.058823529411764705,0.0,0.3235294117647059,0.5588235294117647,0.0,0.0,0.0,0.0,0.0,0.0,0.058823529411764705,0.0,0.0,0.0,0.0,0.0,0.0
1554 BST-MPN Six3 Nrgn Gaba_5,0.0,0.0,0.0,0.0,0.03508771929824561,0.0,0.0,0.0,0.0043859649122807015,0.0,0.17543859649122806,0.7807017543859649,0.0,0.0,0.0,0.0,0.0,0.0,0.0043859649122807015,0.0,0.0,0.0,0.0,0.0,0.0
1555 BST-MPN Six3 Nrgn Gaba_5,0.0,0.0,0.0,0.0,0.008928571428571428,0.0,0.0,0.0,0.0,0.0,0.026785714285714284,0.9642857142857143,0.0,0.0,0.0,0.0,0.0,0.0,0.0,0.0,0.0,0.0,0.0,0.0,0.0
1556 BST-MPN Six3 Nrgn Gaba_5,0.0,0.0,0.0,0.0,0.09939759036144578,0.0,0.0030120481927710845,0.0,0.045180722891566265,0.0,0.3132530120481928,0.5210843373493976,0.0030120481927710845,0.0,0.0,0.0,0.015060240963855422,0.0,0.0,0.0,0.0,0.0,0.0,0.0,0.0
1557 BST-MPN Six3 Nrgn Gaba_5,0.0,0.0,0.0,0.0,0.025,0.0,0.0,0.0,0.3,0.0,0.25,0.325,0.0,0.0,0.0,0.0,0.05,0.0,0.025,0.0,0.0,0.0,0.0,0.0,0.025
1558 BST-MPN Six3 Nrgn Gaba_6,0.0,0.0,0.018867924528301886,0.0,0.3584905660377358,0.0,0.0,0.0,0.0,0.0,0.16981132075471697,0.39622641509433965,0.0,0.0,0.0,0.0,0.0,0.0,0.018867924528301886,0.0,0.0,0.0,0.03773584905660377,0.0,0.0
1559 BST-MPN Six3 Nrgn Gaba_6,0.0,0.0,0.0,0.0,0.2,0.0,0.0,0.0,0.0,0.0,0.1,0.7,0.0,0.0,0.0,0.0,0.0,0.0,0.0,0.0,0.0,0.0,0.0,0.0,0.0
1560 BST-MPN Six3 Nrgn Gaba_6,0.0,0.0,0.00980392156862745,0.0,0.10784313725490197,0.0,0.0,0.0,0.0,0.0,0.5294117647058824,0.30392156862745096,0.0,0.0,0.0,0.0,0.0196078431372549,0.0,0.0,0.0,0.00980392156862745,0.0,0.0196078431372549,0.0,0.0
1561 BST-MPN Six3 Nrgn Gaba_6,0.0,0.0,0.0,0.0,0.918918918918919,0.0,0.0,0.0,0.0,0.0,0.02702702702702703,0.0,0.0,0.0,0.0,0.0,0.02702702702702703,0.0,0.02702702702702703,0.0,0.0,0.0,0.0,0.0,0.0
1562 BST-MPN Six3 Nrgn Gaba_6,0.0,0.0,0.0,0.0,0.6195652173913043,0.0,0.0,0.0,0.0,0.0,0.21014492753623187,0.13768115942028986,0.0,0.0,0.0,0.0,0.0,0.0,0.0036231884057971015,0.0,0.007246376811594203,0.0,0.021739130434782608,0.0,0.0
1563 BST-MPN Six3 Nrgn Gaba_6,0.0,0.0,0.0,0.0,0.7142857142857143,0.0,0.0,0.0,0.0,0.0,0.14285714285714285,0.14285714285714285,0.0,0.0,0.0,0.0,0.0,0.0,0.0,0.0,0.0,0.0,0.0,0.0,0.0
1564 BST-MPN Six3 Nrgn Gaba_6,0.0,0.0,0.0,0.0,0.35135135135135137,0.0,0.0,0.0,0.0,0.0,0.32432432432432434,0.3108108108108108,0.0,0.0,0.0,0.0,0.0,0.0,0.0,0.0,0.0,0.0,0.013513513513513514,0.0,0.0
1565 BST-MPN Six3 Nrgn Gaba_7,0.0,0.0,0.0,0.0,0.8095238095238095,0.0,0.0,0.0,0.0,0.0,0.047619047619047616,0.0,0.0,0.0,0.0,0.0,0.0,0.0,0.09523809523809523,0.0,0.0,0.0,0.047619047619047616,0.0,0.0
1566 BST-MPN Six3 Nrgn Gaba_7,0.0,0.0,0.0,0.0,1.0,0.0,0.0,0.0,0.0,0.0,0.0,0.0,0.0,0.0,0.0,0.0,0.0,0.0,0.0,0.0,0.0,0.0,0.0,0.0,0.0
1567 BST-MPN Six3 Nrgn Gaba_7,0.0,0.0,0.0,0.0,0.8909090909090909,0.0,0.0,0.0,0.0,0.0,0.10909090909090909,0.0,0.0,0.0,0.0,0.0,0.0,0.0,0.0,0.0,0.0,0.0,0.0,0.0,0.0
1568 BST-MPN Six3 Nrgn Gaba_7,0.0,0.0,0.0,0.0,0.972972972972973,0.0,0.0,0.0,0.0,0.0,0.0,0.0,0.0,0.0,0.0,0.0,0.0,0.0,0.0,0.0,0.0,0.0,0.02702702702702703,0.0,0.0
1569 ARH-PVi Six6 Dopa-Gaba_1,0.0,0.0,0.0,0.0,1.0,0.0,0.0,0.0,0.0,0.0,0.0,0.0,0.0,0.0,0.0,0.0,0.0,0.0,0.0,0.0,0.0,0.0,0.0,0.0,0.0
1570 ARH-PVi Six6 Dopa-Gaba_1,0.0,0.0,0.0,0.0,0.9811320754716981,0.0,0.0,0.0,0.0,0.0,0.0,0.0,0.0,0.018867924528301886,0.0,0.0,0.0,0.0,0.0,0.0,0.0,0.0,0.0,0.0,0.0
1571 ARH-PVi Six6 Dopa-Gaba_1,0.0,0.0,0.0,0.0,1.0,0.0,0.0,0.0,0.0,0.0,0.0,0.0,0.0,0.0,0.0,0.0,0.0,0.0,0.0,0.0,0.0,0.0,0.0,0.0,0.0
1572 ARH-PVi Six6 Dopa-Gaba_2,0.0,0.0,0.0,0.0,0.9615384615384616,0.0,0.0,0.0,0.0,0.0,0.0,0.0,0.0,0.019230769230769232,0.0,0.0,0.0,0.0,0.019230769230769232,0.0,0.0,0.0,0.0,0.0,0.0
1573 TMv-PMv Tbx3 Hist-Gaba_1,0.0,0.0,0.0,0.0,1.0,0.0,0.0,0.0,0.0,0.0,0.0,0.0,0.0,0.0,0.0,0.0,0.0,0.0,0.0,0.0,0.0,0.0,0.0,0.0,0.0
1574 TMv-PMv Tbx3 Hist-Gaba_1,0.0,0.0,0.0,0.0,1.0,0.0,0.0,0.0,0.0,0.0,0.0,0.0,0.0,0.0,0.0,0.0,0.0,0.0,0.0,0.0,0.0,0.0,0.0,0.0,0.0
1575 TMv-PMv Tbx3 Hist-Gaba_1,0.0,0.0,0.0,0.0,1.0,0.0,0.0,0.0,0.0,0.0,0.0,0.0,0.0,0.0,0.0,0.0,0.0,0.0,0.0,0.0,0.0,0.0,0.0,0.0,0.0
1576 TMv-PMv Tbx3 Hist-Gaba_1,0.0,0.0,0.0,0.0,0.9716981132075472,0.0,0.0,0.0,0.0,0.0,0.0,0.0,0.0,0.0,0.0,0.0,0.0,0.0,0.0,0.0,0.0,0.0,0.02830188679245283,0.0,0.0
1577 TMv-PMv Tbx3 Hist-Gaba_1,0.0,0.0,0.0,0.0,1.0,0.0,0.0,0.0,0.0,0.0,0.0,0.0,0.0,0.0,0.0,0.0,0.0,0.0,0.0,0.0,0.0,0.0,0.0,0.0,0.0
1578 TMv-PMv Tbx3 Hist-Gaba_2,0.0,0.0,0.0,0.0,0.9838709677419355,0.0,0.0,0.0,0.0,0.0,0.0,0.0,0.0,0.0,0.0,0.0,0.0,0.0,0.0,0.0,0.0,0.0,0.016129032258064516,0.0,0.0
1579 TMv-PMv Tbx3 Hist-Gaba_2,0.0,0.0,0.0,0.0,0.9714285714285714,0.0,0.0,0.0,0.0,0.0,0.0,0.0,0.0,0.0,0.0,0.0,0.0,0.0,0.0,0.0,0.0,0.0,0.02857142857142857,0.0,0.0
1580 RT-ZI Gnb3 Gaba_1,0.0,0.0,0.0,0.0,0.6666666666666666,0.0,0.0,0.0,0.0,0.0,0.0,0.0,0.32,0.0,0.0,0.0,0.0,0.0,0.0,0.0,0.0,0.013333333333333334,0.0,0.0,0.0
1581 RT-ZI Gnb3 Gaba_1,0.0,0.0,0.0,0.0,0.1037037037037037,0.0,0.0,0.0,0.0,0.0,0.0,0.0,0.8962962962962963,0.0,0.0,0.0,0.0,0.0,0.0,0.0,0.0,0.0,0.0,0.0,0.0
1582 RT-ZI Gnb3 Gaba_1,0.0,0.0,0.0,0.0,0.039603960396039604,0.0,0.0,0.0,0.0,0.0,0.06435643564356436,0.0049504950495049506,0.8712871287128713,0.0,0.0,0.0,0.0,0.0,0.0,0.0,0.0,0.019801980198019802,0.0,0.0,0.0
1583 RT-ZI Gnb3 Gaba_1,0.0,0.0,0.0,0.0,0.11904761904761904,0.0,0.0,0.0,0.0,0.0,0.023809523809523808,0.011904761904761904,0.8333333333333334,0.0,0.0,0.0,0.0,0.0,0.0,0.011904761904761904,0.0,0.0,0.0,0.0,0.0
1584 RT-ZI Gnb3 Gaba_1,0.0,0.0,0.0,0.0,0.4807692307692308,0.0,0.0,0.0,0.0,0.0,0.0,0.0,0.4807692307692308,0.0,0.0,0.0,0.0,0.0,0.0,0.0,0.038461538461538464,0.0,0.0,0.0,0.0
1585 RT-ZI Gnb3 Gaba_1,0.0,0.0,0.0,0.0,0.06666666666666667,0.0,0.0,0.0,0.0,0.0,0.022222222222222223,0.0,0.9111111111111111,0.0,0.0,0.0,0.0,0.0,0.0,0.0,0.0,0.0,0.0,0.0,0.0
1586 RT-ZI Gnb3 Gaba_2,0.0,0.0,0.0,0.0,0.0,0.0,0.0,0.0,0.0,0.0,0.0,0.0,1.0,0.0,0.0,0.0,0.0,0.0,0.0,0.0,0.0,0.0,0.0,0.0,0.0
1587 RT-ZI Gnb3 Gaba_2,0.0,0.0,0.0,0.0,0.04,0.0,0.0,0.0,0.0,0.0,0.02,0.0,0.94,0.0,0.0,0.0,0.0,0.0,0.0,0.0,0.0,0.0,0.0,0.0,0.0
1588 RT-ZI Gnb3 Gaba_2,0.0,0.0,0.0,0.0,0.0,0.0,0.0,0.0,0.0,0.0,0.0,0.0,1.0,0.0,0.0,0.0,0.0,0.0,0.0,0.0,0.0,0.0,0.0,0.0,0.0
1589 RT-ZI Gnb3 Gaba_2,0.0,0.0,0.0,0.0,0.14285714285714285,0.0,0.0,0.0,0.0,0.0,0.0,0.0,0.8095238095238095,0.0,0.0,0.0,0.0,0.0,0.0,0.0,0.0,0.0,0.047619047619047616,0.0,0.0
1590 RT-ZI Gnb3 Gaba_2,0.0,0.0,0.0,0.0,0.029850746268656716,0.0,0.0,0.0,0.0,0.0,0.014925373134328358,0.0,0.9552238805970149,0.0,0.0,0.0,0.0,0.0,0.0,0.0,0.0,0.0,0.0,0.0,0.0
1591 RT-ZI Gnb3 Gaba_3,0.0,0.0,0.0,0.0,0.01263157894736842,0.0,0.0,0.0,0.0,0.0,0.061052631578947365,0.0,0.848421052631579,0.0,0.0,0.0,0.0,0.0,0.0,0.0,0.021052631578947368,0.05473684210526316,0.002105263157894737,0.0,0.0
1592 RT-ZI Gnb3 Gaba_3,0.0,0.0,0.0,0.0,0.00186219739292365,0.0,0.0,0.0,0.0,0.0,0.0297951582867784,0.0037243947858473,0.8584729981378026,0.0,0.0,0.0,0.0037243947858473,0.0,0.00186219739292365,0.0,0.0335195530726257,0.06517690875232775,0.00186219739292365,0.0,0.0
1593 RT-ZI Gnb3 Gaba_3,0.0,0.0,0.0,0.0,0.0,0.0,0.0,0.0,0.0,0.0,0.0042643923240938165,0.0,0.9722814498933902,0.0,0.0,0.0,0.0021321961620469083,0.0,0.0,0.0,0.0021321961620469083,0.019189765458422176,0.0,0.0,0.0
1594 RT-ZI Gnb3 Gaba_3,0.0,0.0,0.0,0.0,0.038461538461538464,0.0,0.0,0.0,0.0,0.0,0.19230769230769232,0.038461538461538464,0.46153846153846156,0.0,0.0,0.0,0.0,0.0,0.038461538461538464,0.0,0.038461538461538464,0.19230769230769232,0.0,0.0,0.0
1595 RT-ZI Gnb3 Gaba_4,0.0,0.0,0.0,0.0,0.391304347826087,0.0,0.05434782608695652,0.0,0.0,0.0,0.09782608695652174,0.08695652173913043,0.13043478260869565,0.0,0.0,0.0,0.0,0.0,0.043478260869565216,0.0,0.05434782608695652,0.14130434782608695,0.0,0.0,0.0
1596 RT-ZI Gnb3 Gaba_4,0.0,0.0,0.0,0.0,0.5217391304347826,0.0,0.06521739130434782,0.0,0.0,0.0,0.2391304347826087,0.0,0.0,0.0,0.0,0.0,0.0,0.0,0.021739130434782608,0.0,0.021739130434782608,0.13043478260869565,0.0,0.0,0.0
1597 RT-ZI Gnb3 Gaba_4,0.0,0.0,0.0,0.0,0.021505376344086023,0.0,0.0,0.0,0.0,0.0,0.21505376344086022,0.010752688172043012,0.25268817204301075,0.0,0.0,0.0,0.0,0.0,0.0,0.005376344086021506,0.0,0.4946236559139785,0.0,0.0,0.0
1598 RT-ZI Gnb3 Gaba_4,0.0,0.0,0.0,0.0,0.20652173913043478,0.0,0.0,0.0,0.0,0.0,0.1956521739130435,0.010869565217391304,0.4782608695652174,0.0,0.0,0.0,0.0,0.0,0.0,0.03260869565217391,0.0,0.05434782608695652,0.021739130434782608,0.0,0.0
1599 RT-ZI Gnb3 Gaba_4,0.0,0.0,0.0,0.0,0.6938775510204082,0.0,0.04081632653061224,0.0,0.0,0.0,0.02040816326530612,0.0,0.20408163265306123,0.0,0.0,0.0,0.0,0.0,0.0,0.02040816326530612,0.02040816326530612,0.0,0.0,0.0,0.0
1600 RT-ZI Gnb3 Gaba_5,0.0,0.0,0.0,0.006349206349206349,0.006349206349206349,0.0,0.0,0.0,0.0,0.0,0.022222222222222223,0.0031746031746031746,0.7746031746031746,0.0,0.0,0.0,0.06349206349206349,0.0,0.0,0.0,0.044444444444444446,0.031746031746031744,0.047619047619047616,0.0,0.0
1601 RT-ZI Gnb3 Gaba_5,0.0,0.0,0.0,0.0,0.010596026490066225,0.0,0.0,0.0,0.0,0.0,0.005298013245033113,0.0,0.7324503311258278,0.0,0.0,0.0,0.0,0.0,0.0,0.0013245033112582781,0.031788079470198675,0.21589403973509932,0.0026490066225165563,0.0,0.0
1602 RT-ZI Gnb3 Gaba_5,0.0,0.0,0.0,0.0,0.0,0.0,0.0,0.0,0.0,0.0,0.0,0.0,0.8620689655172413,0.0,0.0,0.0,0.07836990595611286,0.0,0.0,0.0,0.01567398119122257,0.025078369905956112,0.018808777429467086,0.0,0.0
1603 RT-ZI Gnb3 Gaba_5,0.0,0.0,0.0,0.004024144869215292,0.008048289738430584,0.0,0.0,0.0,0.0,0.0,0.004024144869215292,0.0,0.9496981891348089,0.0,0.0,0.0,0.0,0.0,0.0,0.0,0.006036217303822937,0.026156941649899398,0.002012072434607646,0.0,0.0
1604 RT-ZI Gnb3 Gaba_5,0.0,0.0,0.0,0.0,0.000832408435072142,0.0,0.0,0.0,0.0,0.0,0.004162042175360711,0.0,0.9095449500554939,0.0,0.0,0.0,0.009433962264150943,0.0,0.0,0.0,0.010266370699223086,0.06520532741398447,0.0005549389567147614,0.0,0.0
1605 SCH Six6 Cdc14a Gaba_1,0.0,0.0,0.0,0.0,0.8181818181818182,0.0,0.0,0.0,0.0,0.0,0.0,0.0,0.0,0.06060606060606061,0.0,0.0,0.0,0.0,0.12121212121212122,0.0,0.0,0.0,0.0,0.0,0.0
1606 SCH Six6 Cdc14a Gaba_1,0.0,0.0,0.0,0.0,0.9696969696969697,0.0,0.0,0.0,0.0,0.0,0.0,0.0,0.0,0.006060606060606061,0.0,0.0,0.0,0.0,0.024242424242424242,0.0,0.0,0.0,0.0,0.0,0.0
1607 SCH Six6 Cdc14a Gaba_1,0.0,0.0,0.0,0.0,0.97165991902834,0.0,0.0,0.0,0.0,0.0,0.0,0.0,0.0,0.012145748987854251,0.0,0.0,0.0,0.0,0.016194331983805668,0.0,0.0,0.0,0.0,0.0,0.0
1608 SCH Six6 Cdc14a Gaba_1,0.0,0.0,0.0,0.0,1.0,0.0,0.0,0.0,0.0,0.0,0.0,0.0,0.0,0.0,0.0,0.0,0.0,0.0,0.0,0.0,0.0,0.0,0.0,0.0,0.0
1609 SCH Six6 Cdc14a Gaba_1,0.0,0.0,0.0,0.0,1.0,0.0,0.0,0.0,0.0,0.0,0.0,0.0,0.0,0.0,0.0,0.0,0.0,0.0,0.0,0.0,0.0,0.0,0.0,0.0,0.0
1610 SCH Six6 Cdc14a Gaba_1,0.0,0.0,0.0,0.0,0.922077922077922,0.0,0.0,0.0,0.0,0.0,0.0,0.0,0.0,0.06493506493506493,0.0,0.0,0.0,0.0,0.012987012987012988,0.0,0.0,0.0,0.0,0.0,0.0
1611 SCH Six6 Cdc14a Gaba_2,0.0,0.0,0.0,0.0,1.0,0.0,0.0,0.0,0.0,0.0,0.0,0.0,0.0,0.0,0.0,0.0,0.0,0.0,0.0,0.0,0.0,0.0,0.0,0.0,0.0
1612 SCH Six6 Cdc14a Gaba_2,0.0,0.0,0.0,0.0,0.9025069637883009,0.0,0.0,0.0,0.0,0.0,0.0,0.0,0.0,0.0,0.0,0.0,0.0,0.0,0.022284122562674095,0.0,0.07242339832869081,0.0,0.0,0.0,0.002785515320334262
1613 SCH Six6 Cdc14a Gaba_2,0.0,0.0,0.0,0.0,0.9935064935064936,0.0,0.0,0.0,0.0,0.0,0.0,0.0,0.0,0.006493506493506494,0.0,0.0,0.0,0.0,0.0,0.0,0.0,0.0,0.0,0.0,0.0
1614 SCH Six6 Cdc14a Gaba_2,0.0,0.0,0.0,0.0,0.9744525547445255,0.0,0.0,0.0,0.0,0.0,0.0,0.0,0.0,0.0072992700729927005,0.0,0.0,0.0,0.0,0.01824817518248175,0.0,0.0,0.0,0.0,0.0,0.0
1615 SCH Six6 Cdc14a Gaba_3,0.0,0.0,0.0,0.0,1.0,0.0,0.0,0.0,0.0,0.0,0.0,0.0,0.0,0.0,0.0,0.0,0.0,0.0,0.0,0.0,0.0,0.0,0.0,0.0,0.0
1616 SCH Six6 Cdc14a Gaba_3,0.0,0.0,0.0,0.0,1.0,0.0,0.0,0.0,0.0,0.0,0.0,0.0,0.0,0.0,0.0,0.0,0.0,0.0,0.0,0.0,0.0,0.0,0.0,0.0,0.0
1617 SCH Six6 Cdc14a Gaba_3,0.0,0.0,0.0,0.0,0.9084507042253521,0.0,0.0,0.0,0.0,0.0,0.0,0.0,0.0,0.0,0.0,0.0,0.007042253521126761,0.0,0.04929577464788732,0.0,0.028169014084507043,0.0,0.0,0.0,0.007042253521126761
1618 SCH Six6 Cdc14a Gaba_3,0.0,0.0,0.0,0.0,0.875,0.0,0.0,0.0,0.0,0.0,0.0,0.0,0.0,0.0,0.0,0.0,0.0,0.0,0.125,0.0,0.0,0.0,0.0,0.0,0.0
1619 DMH Prdm13 Gaba_1,0.0,0.0,0.0,0.0,1.0,0.0,0.0,0.0,0.0,0.0,0.0,0.0,0.0,0.0,0.0,0.0,0.0,0.0,0.0,0.0,0.0,0.0,0.0,0.0,0.0
1620 DMH Prdm13 Gaba_1,0.0,0.0,0.0,0.0,1.0,0.0,0.0,0.0,0.0,0.0,0.0,0.0,0.0,0.0,0.0,0.0,0.0,0.0,0.0,0.0,0.0,0.0,0.0,0.0,0.0
1621 DMH Prdm13 Gaba_1,0.0,0.0,0.0,0.0,1.0,0.0,0.0,0.0,0.0,0.0,0.0,0.0,0.0,0.0,0.0,0.0,0.0,0.0,0.0,0.0,0.0,0.0,0.0,0.0,0.0
1622 DMH Prdm13 Gaba_1,0.0,0.0,0.0,0.0,1.0,0.0,0.0,0.0,0.0,0.0,0.0,0.0,0.0,0.0,0.0,0.0,0.0,0.0,0.0,0.0,0.0,0.0,0.0,0.0,0.0
1623 DMH Prdm13 Gaba_2,0.0,0.0,0.0,0.0,1.0,0.0,0.0,0.0,0.0,0.0,0.0,0.0,0.0,0.0,0.0,0.0,0.0,0.0,0.0,0.0,0.0,0.0,0.0,0.0,0.0
1624 DMH Prdm13 Gaba_2,0.0,0.0,0.0,0.0,1.0,0.0,0.0,0.0,0.0,0.0,0.0,0.0,0.0,0.0,0.0,0.0,0.0,0.0,0.0,0.0,0.0,0.0,0.0,0.0,0.0
1625 PVHd Gsc Gaba_1,0.0,0.0,0.0,0.0,1.0,0.0,0.0,0.0,0.0,0.0,0.0,0.0,0.0,0.0,0.0,0.0,0.0,0.0,0.0,0.0,0.0,0.0,0.0,0.0,0.0
1626 PVHd-SBPV Six3 Prox1 Gaba_1,0.0,0.0,0.0,0.0,0.7894736842105263,0.0,0.03508771929824561,0.0,0.0,0.03508771929824561,0.017543859649122806,0.0,0.08771929824561403,0.0,0.0,0.0,0.0,0.0,0.0,0.0,0.0,0.0,0.03508771929824561,0.0,0.0
1627 PVHd-SBPV Six3 Prox1 Gaba_1,0.0,0.0,0.0,0.0,1.0,0.0,0.0,0.0,0.0,0.0,0.0,0.0,0.0,0.0,0.0,0.0,0.0,0.0,0.0,0.0,0.0,0.0,0.0,0.0,0.0
1628 PVHd-SBPV Six3 Prox1 Gaba_1,0.0,0.0,0.0,0.0,0.9782608695652174,0.0,0.021739130434782608,0.0,0.0,0.0,0.0,0.0,0.0,0.0,0.0,0.0,0.0,0.0,0.0,0.0,0.0,0.0,0.0,0.0,0.0
1629 PVHd-SBPV Six3 Prox1 Gaba_1,0.0,0.0,0.0,0.0,0.9368421052631579,0.0,0.0,0.0,0.0,0.0,0.042105263157894736,0.0,0.0,0.0,0.0,0.0,0.0,0.0,0.0,0.0,0.0,0.010526315789473684,0.010526315789473684,0.0,0.0
1630 PVHd-SBPV Six3 Prox1 Gaba_1,0.0,0.0,0.0,0.0,0.9767441860465116,0.0,0.0,0.0,0.0,0.005813953488372093,0.0,0.0,0.005813953488372093,0.0,0.0,0.0,0.0,0.0,0.0,0.0,0.0,0.005813953488372093,0.005813953488372093,0.0,0.0
1631 PVHd-SBPV Six3 Prox1 Gaba_1,0.0,0.0,0.0,0.0,0.9906542056074766,0.0,0.0,0.0,0.0,0.0,0.0,0.0,0.0,0.0,0.0,0.0,0.0,0.0,0.0,0.0,0.0,0.0,0.009345794392523364,0.0,0.0
1632 PVHd-SBPV Six3 Prox1 Gaba_1,0.0,0.0,0.0,0.0,0.8524590163934426,0.0,0.0,0.0,0.0,0.0,0.01639344262295082,0.03278688524590164,0.08196721311475409,0.0,0.0,0.0,0.0,0.0,0.0,0.0,0.0,0.01639344262295082,0.0,0.0,0.0
1633 PVHd-SBPV Six3 Prox1 Gaba_2,0.0,0.0,0.0,0.0,1.0,0.0,0.0,0.0,0.0,0.0,0.0,0.0,0.0,0.0,0.0,0.0,0.0,0.0,0.0,0.0,0.0,0.0,0.0,0.0,0.0
1634 PVHd-SBPV Six3 Prox1 Gaba_2,0.0,0.0,0.0,0.0,0.8651685393258427,0.0,0.0,0.0,0.0,0.0,0.0449438202247191,0.0449438202247191,0.02247191011235955,0.0,0.0,0.0,0.0,0.0,0.0,0.0,0.02247191011235955,0.0,0.0,0.0,0.0
1635 PVHd-SBPV Six3 Prox1 Gaba_2,0.0,0.0,0.0,0.0,0.9871794871794872,0.0,0.0,0.0,0.0,0.0,0.01282051282051282,0.0,0.0,0.0,0.0,0.0,0.0,0.0,0.0,0.0,0.0,0.0,0.0,0.0,0.0
1636 PVHd-SBPV Six3 Prox1 Gaba_2,0.0,0.0,0.0,0.0,1.0,0.0,0.0,0.0,0.0,0.0,0.0,0.0,0.0,0.0,0.0,0.0,0.0,0.0,0.0,0.0,0.0,0.0,0.0,0.0,0.0
1637 PVHd-SBPV Six3 Prox1 Gaba_2,0.0,0.0,0.0,0.0,0.9640287769784173,0.0,0.0,0.0,0.0,0.007194244604316547,0.007194244604316547,0.0,0.0,0.0,0.0,0.0,0.0,0.0,0.007194244604316547,0.0,0.0,0.0,0.014388489208633094,0.0,0.0
1638 PVHd-SBPV Six3 Prox1 Gaba_3,0.0,0.0,0.0,0.0,1.0,0.0,0.0,0.0,0.0,0.0,0.0,0.0,0.0,0.0,0.0,0.0,0.0,0.0,0.0,0.0,0.0,0.0,0.0,0.0,0.0
1639 PVHd-SBPV Six3 Prox1 Gaba_3,0.0,0.0,0.0,0.0,1.0,0.0,0.0,0.0,0.0,0.0,0.0,0.0,0.0,0.0,0.0,0.0,0.0,0.0,0.0,0.0,0.0,0.0,0.0,0.0,0.0
1640 PVHd-SBPV Six3 Prox1 Gaba_3,0.0,0.0,0.0,0.0,1.0,0.0,0.0,0.0,0.0,0.0,0.0,0.0,0.0,0.0,0.0,0.0,0.0,0.0,0.0,0.0,0.0,0.0,0.0,0.0,0.0
1641 PVHd-SBPV Six3 Prox1 Gaba_3,0.0,0.0,0.0,0.0,1.0,0.0,0.0,0.0,0.0,0.0,0.0,0.0,0.0,0.0,0.0,0.0,0.0,0.0,0.0,0.0,0.0,0.0,0.0,0.0,0.0
1642 PVHd-SBPV Six3 Prox1 Gaba_4,0.0,0.0,0.0,0.0,0.9333333333333333,0.0,0.0,0.0,0.0,0.0,0.013333333333333334,0.0,0.0,0.0,0.0,0.0,0.0,0.0,0.013333333333333334,0.0,0.013333333333333334,0.0,0.02666666666666667,0.0,0.0
1643 PVHd-SBPV Six3 Prox1 Gaba_4,0.0,0.0,0.0,0.0,0.8846153846153846,0.0,0.0,0.0,0.0,0.0,0.038461538461538464,0.038461538461538464,0.038461538461538464,0.0,0.0,0.0,0.0,0.0,0.0,0.0,0.0,0.0,0.0,0.0,0.0
1644 PVHd-SBPV Six3 Prox1 Gaba_4,0.0,0.0,0.0,0.0,0.9333333333333333,0.0,0.0,0.0,0.0,0.0,0.0,0.0,0.0,0.0,0.0,0.0,0.0,0.0,0.06666666666666667,0.0,0.0,0.0,0.0,0.0,0.0
1645 PVHd-SBPV Six3 Prox1 Gaba_4,0.0,0.0,0.0,0.0,0.8275862068965517,0.0,0.0,0.0,0.0,0.0,0.0,0.0,0.0,0.0,0.0,0.0,0.017241379310344827,0.0,0.1206896551724138,0.0,0.034482758620689655,0.0,0.0,0.0,0.0
1646 PVHd-SBPV Six3 Prox1 Gaba_4,0.0,0.0,0.0,0.0,0.9428571428571428,0.0,0.0,0.0,0.0,0.0,0.0,0.0,0.0,0.0,0.0,0.0,0.0,0.0,0.0,0.0,0.05714285714285714,0.0,0.0,0.0,0.0
1647 AHN-SBPV-PVHd Pdrm12 Gaba_1,0.0,0.0,0.0,0.0,0.9878048780487805,0.0,0.0,0.0,0.0,0.0,0.0,0.0,0.0,0.0,0.0,0.0,0.0,0.0,0.0,0.0,0.0,0.0,0.012195121951219513,0.0,0.0
1648 AHN-SBPV-PVHd Pdrm12 Gaba_1,0.0,0.0,0.0,0.0,1.0,0.0,0.0,0.0,0.0,0.0,0.0,0.0,0.0,0.0,0.0,0.0,0.0,0.0,0.0,0.0,0.0,0.0,0.0,0.0,0.0
1649 AHN-SBPV-PVHd Pdrm12 Gaba_1,0.0,0.0,0.0,0.0,1.0,0.0,0.0,0.0,0.0,0.0,0.0,0.0,0.0,0.0,0.0,0.0,0.0,0.0,0.0,0.0,0.0,0.0,0.0,0.0,0.0
1650 AHN-SBPV-PVHd Pdrm12 Gaba_1,0.0,0.0,0.0,0.0,0.9767441860465116,0.0,0.0,0.0,0.0,0.0,0.0,0.0,0.0,0.0,0.0,0.0,0.0,0.0,0.0,0.0,0.011627906976744186,0.0,0.0,0.0,0.011627906976744186
1651 AHN-SBPV-PVHd Pdrm12 Gaba_2,0.0,0.0,0.0,0.0,1.0,0.0,0.0,0.0,0.0,0.0,0.0,0.0,0.0,0.0,0.0,0.0,0.0,0.0,0.0,0.0,0.0,0.0,0.0,0.0,0.0
1652 AHN-SBPV-PVHd Pdrm12 Gaba_2,0.0,0.0,0.0,0.0,0.956989247311828,0.0,0.0,0.0,0.0,0.0,0.0,0.0,0.0,0.0,0.0,0.0,0.0,0.0,0.0,0.0,0.0,0.0,0.043010752688172046,0.0,0.0
1653 AHN-SBPV-PVHd Pdrm12 Gaba_2,0.0,0.0,0.0,0.0,0.8947368421052632,0.0,0.0,0.0,0.0,0.0,0.0,0.0,0.0,0.0,0.0,0.0,0.0,0.0,0.0,0.0,0.0,0.0,0.10526315789473684,0.0,0.0
1654 AHN-SBPV-PVHd Pdrm12 Gaba_2,0.0,0.0,0.0,0.0,1.0,0.0,0.0,0.0,0.0,0.0,0.0,0.0,0.0,0.0,0.0,0.0,0.0,0.0,0.0,0.0,0.0,0.0,0.0,0.0,0.0
1655 AHN-SBPV-PVHd Pdrm12 Gaba_2,0.0,0.0,0.0,0.0,0.9764705882352941,0.0,0.0,0.0,0.0,0.0,0.0,0.0,0.0,0.0,0.0,0.0,0.0,0.0,0.0,0.0,0.0,0.0,0.023529411764705882,0.0,0.0
1656 AHN-SBPV-PVHd Pdrm12 Gaba_2,0.0,0.0,0.0,0.0,0.9841269841269841,0.0,0.0,0.0,0.0,0.0,0.015873015873015872,0.0,0.0,0.0,0.0,0.0,0.0,0.0,0.0,0.0,0.0,0.0,0.0,0.0,0.0
1657 AHN-SBPV-PVHd Pdrm12 Gaba_3,0.0,0.0,0.0,0.0,1.0,0.0,0.0,0.0,0.0,0.0,0.0,0.0,0.0,0.0,0.0,0.0,0.0,0.0,0.0,0.0,0.0,0.0,0.0,0.0,0.0
1658 AHN-SBPV-PVHd Pdrm12 Gaba_3,0.0,0.0,0.0,0.0,0.9642857142857143,0.0,0.0,0.0,0.0,0.0,0.0,0.0,0.0,0.0,0.0,0.0,0.0,0.0,0.0,0.0,0.0,0.0,0.03571428571428571,0.0,0.0
1659 AHN-SBPV-PVHd Pdrm12 Gaba_3,0.0,0.0,0.0,0.0,1.0,0.0,0.0,0.0,0.0,0.0,0.0,0.0,0.0,0.0,0.0,0.0,0.0,0.0,0.0,0.0,0.0,0.0,0.0,0.0,0.0
1660 AHN-SBPV-PVHd Pdrm12 Gaba_3,0.0,0.0,0.0,0.0,0.9375,0.0,0.0,0.0,0.0,0.0,0.0,0.0,0.0,0.0,0.0,0.0,0.0,0.0,0.0,0.0,0.0,0.0,0.0625,0.0,0.0
1661 AHN-SBPV-PVHd Pdrm12 Gaba_3,0.0,0.0,0.0,0.0,1.0,0.0,0.0,0.0,0.0,0.0,0.0,0.0,0.0,0.0,0.0,0.0,0.0,0.0,0.0,0.0,0.0,0.0,0.0,0.0,0.0
1662 AHN-SBPV-PVHd Pdrm12 Gaba_3,0.0,0.0,0.0,0.0,0.9464285714285714,0.0,0.0,0.0,0.0,0.0,0.0,0.03571428571428571,0.0,0.0,0.0,0.0,0.0,0.0,0.0,0.0,0.0,0.0,0.017857142857142856,0.0,0.0
1663 AHN-SBPV-PVHd Pdrm12 Gaba_4,0.0,0.0,0.0,0.0,1.0,0.0,0.0,0.0,0.0,0.0,0.0,0.0,0.0,0.0,0.0,0.0,0.0,0.0,0.0,0.0,0.0,0.0,0.0,0.0,0.0
1664 AHN-SBPV-PVHd Pdrm12 Gaba_4,0.0,0.0,0.0,0.0,0.979381443298969,0.0,0.0,0.0,0.0,0.0,0.0,0.0,0.0,0.0,0.0,0.0,0.010309278350515464,0.0,0.0,0.0,0.0,0.010309278350515464,0.0,0.0,0.0
1665 AHN-SBPV-PVHd Pdrm12 Gaba_4,0.0,0.0,0.0,0.0,0.9827586206896551,0.0,0.0,0.0,0.0,0.0,0.0,0.0,0.017241379310344827,0.0,0.0,0.0,0.0,0.0,0.0,0.0,0.0,0.0,0.0,0.0,0.0
1666 AHN-SBPV-PVHd Pdrm12 Gaba_4,0.0,0.0,0.0,0.0,0.99375,0.0,0.00625,0.0,0.0,0.0,0.0,0.0,0.0,0.0,0.0,0.0,0.0,0.0,0.0,0.0,0.0,0.0,0.0,0.0,0.0
1667 AHN-SBPV-PVHd Pdrm12 Gaba_4,0.0,0.0,0.0,0.0,1.0,0.0,0.0,0.0,0.0,0.0,0.0,0.0,0.0,0.0,0.0,0.0,0.0,0.0,0.0,0.0,0.0,0.0,0.0,0.0,0.0
1668 AHN-SBPV-PVHd Pdrm12 Gaba_5,0.0,0.0,0.0,0.0,0.9574468085106383,0.0,0.0,0.0,0.0,0.0,0.0,0.0,0.0,0.0,0.0,0.02127659574468085,0.0,0.0,0.0,0.0,0.0,0.0,0.02127659574468085,0.0,0.0
1669 AHN-SBPV-PVHd Pdrm12 Gaba_5,0.0,0.0,0.0,0.0,1.0,0.0,0.0,0.0,0.0,0.0,0.0,0.0,0.0,0.0,0.0,0.0,0.0,0.0,0.0,0.0,0.0,0.0,0.0,0.0,0.0
1670 AHN-SBPV-PVHd Pdrm12 Gaba_5,0.0,0.0,0.0,0.0,0.926829268292683,0.0,0.0,0.0,0.0,0.0,0.0,0.0,0.0,0.0,0.0,0.0,0.0,0.0,0.0,0.0,0.024390243902439025,0.0,0.04878048780487805,0.0,0.0
1671 AHN-SBPV-PVHd Pdrm12 Gaba_5,0.0,0.0,0.0,0.0,0.8470588235294118,0.0,0.0,0.0,0.0,0.0,0.023529411764705882,0.0,0.07058823529411765,0.011764705882352941,0.0,0.0,0.011764705882352941,0.0,0.011764705882352941,0.011764705882352941,0.0,0.0,0.011764705882352941,0.0,0.0
1672 AHN-SBPV-PVHd Pdrm12 Gaba_6,0.0,0.0,0.0,0.0,1.0,0.0,0.0,0.0,0.0,0.0,0.0,0.0,0.0,0.0,0.0,0.0,0.0,0.0,0.0,0.0,0.0,0.0,0.0,0.0,0.0
1673 AHN-SBPV-PVHd Pdrm12 Gaba_6,0.0,0.0,0.0,0.0,1.0,0.0,0.0,0.0,0.0,0.0,0.0,0.0,0.0,0.0,0.0,0.0,0.0,0.0,0.0,0.0,0.0,0.0,0.0,0.0,0.0
1674 AHN-SBPV-PVHd Pdrm12 Gaba_6,0.0,0.0,0.0,0.0,0.9767441860465116,0.0,0.0,0.0,0.0,0.0,0.0,0.0,0.0,0.0,0.0,0.0,0.0,0.0,0.0,0.0,0.0,0.0,0.023255813953488372,0.0,0.0
1675 AHN-SBPV-PVHd Pdrm12 Gaba_6,0.0,0.0,0.0,0.0,1.0,0.0,0.0,0.0,0.0,0.0,0.0,0.0,0.0,0.0,0.0,0.0,0.0,0.0,0.0,0.0,0.0,0.0,0.0,0.0,0.0
1676 AHN-SBPV-PVHd Pdrm12 Gaba_6,0.0,0.0,0.0,0.0,0.98989898989899,0.0,0.0,0.0,0.0,0.0,0.010101010101010102,0.0,0.0,0.0,0.0,0.0,0.0,0.0,0.0,0.0,0.0,0.0,0.0,0.0,0.0
1677 AHN-SBPV-PVHd Pdrm12 Gaba_6,0.0,0.0,0.0,0.0,1.0,0.0,0.0,0.0,0.0,0.0,0.0,0.0,0.0,0.0,0.0,0.0,0.0,0.0,0.0,0.0,0.0,0.0,0.0,0.0,0.0
1678 AHN-SBPV-PVHd Pdrm12 Gaba_7,0.0,0.0,0.0,0.0,0.9219858156028369,0.0,0.0,0.0,0.0,0.0,0.04964539007092199,0.0,0.0,0.0,0.0,0.0,0.0,0.0,0.0,0.0070921985815602835,0.014184397163120567,0.0070921985815602835,0.0,0.0,0.0
1679 AHN-SBPV-PVHd Pdrm12 Gaba_7,0.0,0.0,0.0,0.0,0.9310344827586207,0.0,0.0,0.0,0.0,0.0,0.034482758620689655,0.0,0.034482758620689655,0.0,0.0,0.0,0.0,0.0,0.0,0.0,0.0,0.0,0.0,0.0,0.0
1680 AHN-SBPV-PVHd Pdrm12 Gaba_7,0.0,0.0,0.0,0.0,1.0,0.0,0.0,0.0,0.0,0.0,0.0,0.0,0.0,0.0,0.0,0.0,0.0,0.0,0.0,0.0,0.0,0.0,0.0,0.0,0.0
1681 AHN-SBPV-PVHd Pdrm12 Gaba_7,0.0,0.0,0.0,0.0,1.0,0.0,0.0,0.0,0.0,0.0,0.0,0.0,0.0,0.0,0.0,0.0,0.0,0.0,0.0,0.0,0.0,0.0,0.0,0.0,0.0
1682 AHN-SBPV-PVHd Pdrm12 Gaba_7,0.0,0.0,0.0,0.0,1.0,0.0,0.0,0.0,0.0,0.0,0.0,0.0,0.0,0.0,0.0,0.0,0.0,0.0,0.0,0.0,0.0,0.0,0.0,0.0,0.0
1683 SBPV-PVa Six6 Satb2 Gaba_1,0.0,0.0,0.0,0.0,0.9876543209876543,0.0,0.0,0.0,0.0,0.0,0.0,0.0,0.0,0.012345679012345678,0.0,0.0,0.0,0.0,0.0,0.0,0.0,0.0,0.0,0.0,0.0
1684 SBPV-PVa Six6 Satb2 Gaba_1,0.0,0.0,0.0,0.0,1.0,0.0,0.0,0.0,0.0,0.0,0.0,0.0,0.0,0.0,0.0,0.0,0.0,0.0,0.0,0.0,0.0,0.0,0.0,0.0,0.0
1685 SBPV-PVa Six6 Satb2 Gaba_1,0.0,0.0,0.0,0.0,0.9767441860465116,0.0,0.0,0.0,0.0,0.0,0.011627906976744186,0.0,0.0,0.0,0.0,0.0,0.0,0.0,0.011627906976744186,0.0,0.0,0.0,0.0,0.0,0.0
1686 SBPV-PVa Six6 Satb2 Gaba_1,0.0,0.0,0.0,0.0,0.9767441860465116,0.0,0.0,0.0,0.0,0.0,0.0,0.0,0.0,0.0,0.0,0.0,0.0,0.0,0.0,0.0,0.023255813953488372,0.0,0.0,0.0,0.0
1687 SBPV-PVa Six6 Satb2 Gaba_1,0.0,0.0,0.0,0.0,1.0,0.0,0.0,0.0,0.0,0.0,0.0,0.0,0.0,0.0,0.0,0.0,0.0,0.0,0.0,0.0,0.0,0.0,0.0,0.0,0.0
1688 SBPV-PVa Six6 Satb2 Gaba_2,0.0,0.0,0.0,0.0,0.9772727272727273,0.0,0.0,0.0,0.0,0.0,0.0,0.0,0.0,0.022727272727272728,0.0,0.0,0.0,0.0,0.0,0.0,0.0,0.0,0.0,0.0,0.0
1689 SBPV-PVa Six6 Satb2 Gaba_2,0.0,0.0,0.0,0.0,1.0,0.0,0.0,0.0,0.0,0.0,0.0,0.0,0.0,0.0,0.0,0.0,0.0,0.0,0.0,0.0,0.0,0.0,0.0,0.0,0.0
1690 SBPV-PVa Six6 Satb2 Gaba_2,0.0,0.0,0.0,0.0,1.0,0.0,0.0,0.0,0.0,0.0,0.0,0.0,0.0,0.0,0.0,0.0,0.0,0.0,0.0,0.0,0.0,0.0,0.0,0.0,0.0
1691 SBPV-PVa Six6 Satb2 Gaba_2,0.0,0.0,0.0,0.0,0.9292035398230089,0.0,0.0,0.0,0.0,0.0,0.0,0.0,0.0,0.07079646017699115,0.0,0.0,0.0,0.0,0.0,0.0,0.0,0.0,0.0,0.0,0.0
1692 SBPV-PVa Six6 Satb2 Gaba_2,0.0,0.0,0.0,0.0,0.8285714285714286,0.0,0.0,0.0,0.0,0.0,0.0,0.0,0.0,0.14285714285714285,0.0,0.0,0.0,0.0,0.02857142857142857,0.0,0.0,0.0,0.0,0.0,0.0
1693 SBPV-PVa Six6 Satb2 Gaba_2,0.0,0.0,0.0,0.0,0.9411764705882353,0.0,0.0,0.0,0.0,0.0,0.0,0.0,0.0,0.058823529411764705,0.0,0.0,0.0,0.0,0.0,0.0,0.0,0.0,0.0,0.0,0.0
1694 SBPV-PVa Six6 Satb2 Gaba_3,0.0,0.0,0.0,0.0,0.9387755102040817,0.0,0.02040816326530612,0.0,0.0,0.0,0.0,0.0,0.0,0.04081632653061224,0.0,0.0,0.0,0.0,0.0,0.0,0.0,0.0,0.0,0.0,0.0
1695 SBPV-PVa Six6 Satb2 Gaba_3,0.0,0.0,0.0,0.0,1.0,0.0,0.0,0.0,0.0,0.0,0.0,0.0,0.0,0.0,0.0,0.0,0.0,0.0,0.0,0.0,0.0,0.0,0.0,0.0,0.0
1696 SBPV-PVa Six6 Satb2 Gaba_3,0.0,0.0,0.0,0.0,0.9090909090909091,0.0,0.0,0.0,0.0,0.0,0.0,0.0,0.0,0.09090909090909091,0.0,0.0,0.0,0.0,0.0,0.0,0.0,0.0,0.0,0.0,0.0
1697 SBPV-PVa Six6 Satb2 Gaba_3,0.0,0.0,0.0,0.0,0.8950276243093923,0.0,0.0,0.0,0.0,0.0,0.0,0.0,0.0,0.09392265193370165,0.0,0.0,0.0,0.0,0.0055248618784530384,0.0,0.0055248618784530384,0.0,0.0,0.0,0.0
1698 AHN Onecut3 Gaba_1,0.0,0.0,0.0,0.0,0.9459459459459459,0.0,0.0,0.0,0.0,0.0,0.0,0.0,0.0,0.0,0.0,0.0,0.0,0.0,0.0,0.0,0.05405405405405406,0.0,0.0,0.0,0.0
1699 AHN Onecut3 Gaba_1,0.0,0.0,0.0,0.0,1.0,0.0,0.0,0.0,0.0,0.0,0.0,0.0,0.0,0.0,0.0,0.0,0.0,0.0,0.0,0.0,0.0,0.0,0.0,0.0,0.0
1700 AHN Onecut3 Gaba_1,0.0,0.0,0.0,0.0,1.0,0.0,0.0,0.0,0.0,0.0,0.0,0.0,0.0,0.0,0.0,0.0,0.0,0.0,0.0,0.0,0.0,0.0,0.0,0.0,0.0
1701 AHN Onecut3 Gaba_1,0.0,0.0,0.0,0.0,1.0,0.0,0.0,0.0,0.0,0.0,0.0,0.0,0.0,0.0,0.0,0.0,0.0,0.0,0.0,0.0,0.0,0.0,0.0,0.0,0.0
1702 AHN Onecut3 Gaba_1,0.0,0.0,0.0,0.0,1.0,0.0,0.0,0.0,0.0,0.0,0.0,0.0,0.0,0.0,0.0,0.0,0.0,0.0,0.0,0.0,0.0,0.0,0.0,0.0,0.0
1703 AHN Onecut3 Gaba_1,0.0,0.0,0.0,0.0,0.9779411764705882,0.0,0.0,0.0,0.0,0.0,0.0,0.0,0.0,0.0,0.0,0.0,0.0,0.0,0.0,0.0,0.01838235294117647,0.003676470588235294,0.0,0.0,0.0
1704 AHN Onecut3 Gaba_1,0.0,0.0,0.0,0.0,1.0,0.0,0.0,0.0,0.0,0.0,0.0,0.0,0.0,0.0,0.0,0.0,0.0,0.0,0.0,0.0,0.0,0.0,0.0,0.0,0.0
1705 AHN Onecut3 Gaba_2,0.0,0.0,0.0,0.0,0.9459459459459459,0.0,0.0,0.0,0.0,0.0,0.02702702702702703,0.0,0.0,0.0,0.0,0.0,0.0,0.0,0.013513513513513514,0.0,0.0,0.0,0.013513513513513514,0.0,0.0
1706 AHN Onecut3 Gaba_2,0.0,0.0,0.0,0.0,0.9821428571428571,0.0,0.0,0.0,0.0,0.0,0.0,0.0,0.0,0.0,0.0,0.0,0.0,0.0,0.0,0.0,0.017857142857142856,0.0,0.0,0.0,0.0
1707 AHN Onecut3 Gaba_2,0.0,0.0,0.0,0.0,0.972972972972973,0.0,0.0,0.0,0.0,0.0,0.0,0.0,0.0,0.0,0.0,0.0,0.0,0.0,0.0,0.0,0.0,0.0,0.02702702702702703,0.0,0.0
1708 AHN Onecut3 Gaba_2,0.0,0.0,0.0,0.0,1.0,0.0,0.0,0.0,0.0,0.0,0.0,0.0,0.0,0.0,0.0,0.0,0.0,0.0,0.0,0.0,0.0,0.0,0.0,0.0,0.0
1709 AHN Onecut3 Gaba_2,0.0,0.0,0.0,0.0,0.95,0.0,0.0,0.0,0.0,0.0,0.0,0.0,0.0,0.0,0.0,0.0,0.0,0.0,0.025,0.0,0.0,0.0,0.025,0.0,0.0
1710 AHN Onecut3 Gaba_3,0.0,0.0,0.0,0.0,0.9432989690721649,0.0,0.0,0.0,0.0,0.0,0.0,0.0,0.0,0.0,0.0,0.0,0.0,0.0,0.030927835051546393,0.0,0.010309278350515464,0.0,0.015463917525773196,0.0,0.0
1711 AHN Onecut3 Gaba_3,0.0,0.0,0.0,0.0,0.9137931034482759,0.0,0.0,0.0,0.0,0.0,0.034482758620689655,0.034482758620689655,0.0,0.0,0.0,0.0,0.0,0.0,0.0,0.0,0.017241379310344827,0.0,0.0,0.0,0.0
1712 AHN Onecut3 Gaba_3,0.0,0.0,0.0,0.0,0.9156626506024096,0.0,0.0,0.0,0.0,0.0,0.06626506024096386,0.006024096385542169,0.0,0.0,0.0,0.0,0.006024096385542169,0.0,0.0,0.0,0.0,0.0,0.006024096385542169,0.0,0.0
1713 AHN Onecut3 Gaba_3,0.0,0.0,0.0,0.0,0.9821428571428571,0.0,0.0,0.0,0.0,0.0,0.017857142857142856,0.0,0.0,0.0,0.0,0.0,0.0,0.0,0.0,0.0,0.0,0.0,0.0,0.0,0.0
1714 ZI Pax6 Gaba_1,0.0,0.0,0.0,0.0,0.84,0.0,0.06,0.0,0.0,0.0,0.0,0.0,0.0,0.0,0.0,0.0,0.0,0.0,0.0,0.0,0.0,0.0,0.1,0.0,0.0
1715 ZI Pax6 Gaba_1,0.0,0.0,0.0,0.0,0.8863636363636364,0.0,0.011363636363636364,0.0,0.0,0.014204545454545454,0.002840909090909091,0.0,0.045454545454545456,0.0,0.0,0.0,0.0,0.0,0.0,0.017045454545454544,0.0,0.011363636363636364,0.011363636363636364,0.0,0.0
1716 ZI Pax6 Gaba_1,0.0,0.0,0.0,0.0,0.9917355371900827,0.0,0.0,0.0,0.0,0.0,0.0,0.0,0.0,0.0,0.0,0.0,0.0,0.0,0.0,0.008264462809917356,0.0,0.0,0.0,0.0,0.0
1717 ZI Pax6 Gaba_1,0.0,0.0,0.0,0.0,0.7849462365591398,0.0,0.010752688172043012,0.0,0.0,0.010752688172043012,0.010752688172043012,0.0,0.021505376344086023,0.0,0.0,0.0,0.0,0.0,0.0,0.16129032258064516,0.0,0.0,0.0,0.0,0.0
1718 ZI Pax6 Gaba_1,0.0,0.0,0.0,0.0,0.90625,0.0,0.025,0.0,0.0,0.03125,0.0,0.0,0.00625,0.0,0.0,0.0,0.0,0.0,0.0,0.0,0.0,0.00625,0.025,0.0,0.0
1719 ZI Pax6 Gaba_1,0.0,0.0,0.0,0.0,0.7975460122699386,0.0,0.04294478527607362,0.0,0.0,0.006134969325153374,0.06134969325153374,0.018404907975460124,0.006134969325153374,0.0,0.0,0.0,0.0,0.0,0.006134969325153374,0.05521472392638037,0.0,0.006134969325153374,0.0,0.0,0.0
1720 ZI Pax6 Gaba_1,0.0,0.0,0.0,0.0,0.9117647058823529,0.0,0.0,0.0,0.0,0.0,0.0,0.0,0.029411764705882353,0.0,0.0,0.0,0.0,0.0,0.0,0.0,0.0,0.0,0.058823529411764705,0.0,0.0
1721 ZI Pax6 Gaba_1,0.0,0.0,0.0,0.0,0.95,0.0,0.05,0.0,0.0,0.0,0.0,0.0,0.0,0.0,0.0,0.0,0.0,0.0,0.0,0.0,0.0,0.0,0.0,0.0,0.0
1722 ZI Pax6 Gaba_1,0.0,0.0,0.0,0.0,0.9387755102040817,0.0,0.02040816326530612,0.0,0.0,0.04081632653061224,0.0,0.0,0.0,0.0,0.0,0.0,0.0,0.0,0.0,0.0,0.0,0.0,0.0,0.0,0.0
1723 ZI Pax6 Gaba_1,0.0,0.0,0.0,0.0,1.0,0.0,0.0,0.0,0.0,0.0,0.0,0.0,0.0,0.0,0.0,0.0,0.0,0.0,0.0,0.0,0.0,0.0,0.0,0.0,0.0
1724 ZI Pax6 Gaba_1,0.0,0.0,0.0,0.0,0.875,0.0,0.0,0.0,0.0,0.0,0.0,0.0,0.125,0.0,0.0,0.0,0.0,0.0,0.0,0.0,0.0,0.0,0.0,0.0,0.0
1725 ZI Pax6 Gaba_2,0.0,0.0,0.0,0.0,1.0,0.0,0.0,0.0,0.0,0.0,0.0,0.0,0.0,0.0,0.0,0.0,0.0,0.0,0.0,0.0,0.0,0.0,0.0,0.0,0.0
1726 ZI Pax6 Gaba_2,0.0,0.0,0.0,0.0,1.0,0.0,0.0,0.0,0.0,0.0,0.0,0.0,0.0,0.0,0.0,0.0,0.0,0.0,0.0,0.0,0.0,0.0,0.0,0.0,0.0
1727 ZI Pax6 Gaba_2,0.0,0.0,0.0,0.0,0.9090909090909091,0.0,0.045454545454545456,0.0,0.0,0.0,0.045454545454545456,0.0,0.0,0.0,0.0,0.0,0.0,0.0,0.0,0.0,0.0,0.0,0.0,0.0,0.0
1728 ZI Pax6 Gaba_2,0.0,0.0,0.0,0.0,1.0,0.0,0.0,0.0,0.0,0.0,0.0,0.0,0.0,0.0,0.0,0.0,0.0,0.0,0.0,0.0,0.0,0.0,0.0,0.0,0.0
1729 ZI Pax6 Gaba_2,0.0,0.0,0.0,0.0,1.0,0.0,0.0,0.0,0.0,0.0,0.0,0.0,0.0,0.0,0.0,0.0,0.0,0.0,0.0,0.0,0.0,0.0,0.0,0.0,0.0
1730 ZI Pax6 Gaba_3,0.0,0.0,0.0,0.0,0.8936170212765957,0.0,0.02127659574468085,0.0,0.0,0.0851063829787234,0.0,0.0,0.0,0.0,0.0,0.0,0.0,0.0,0.0,0.0,0.0,0.0,0.0,0.0,0.0
1731 ZI Pax6 Gaba_3,0.0,0.0,0.0,0.0,0.15168539325842698,0.0,0.0056179775280898875,0.0,0.0056179775280898875,0.016853932584269662,0.5674157303370787,0.0,0.0056179775280898875,0.0,0.0,0.0,0.0,0.0,0.011235955056179775,0.0,0.06179775280898876,0.17415730337078653,0.0,0.0,0.0
1732 ZI Pax6 Gaba_3,0.0,0.0,0.0,0.0,0.9,0.0,0.0,0.0,0.0,0.0,0.0,0.0,0.07333333333333333,0.0,0.0,0.0,0.0,0.0,0.0,0.0,0.0,0.02666666666666667,0.0,0.0,0.0
1733 ZI Pax6 Gaba_3,0.0,0.0,0.0,0.0,0.75,0.0,0.0,0.0,0.0,0.0,0.0,0.0,0.10714285714285714,0.0,0.0,0.0,0.0,0.0,0.0,0.0,0.03571428571428571,0.07142857142857142,0.03571428571428571,0.0,0.0
1734 ZI Pax6 Gaba_3,0.0,0.0,0.0,0.0,0.9696969696969697,0.0,0.0,0.0,0.0,0.0,0.0,0.0,0.0,0.0,0.0,0.0,0.0,0.0,0.0,0.030303030303030304,0.0,0.0,0.0,0.0,0.0
1735 ZI Pax6 Gaba_3,0.0,0.0,0.0,0.0,0.5443037974683544,0.0,0.0,0.0,0.0,0.0,0.0,0.0,0.35443037974683544,0.0,0.0,0.0,0.0379746835443038,0.0,0.0,0.0,0.0,0.0379746835443038,0.02531645569620253,0.0,0.0
1736 ZI Pax6 Gaba_3,0.0,0.0,0.0,0.0,0.78125,0.0,0.0625,0.0,0.0,0.03125,0.0,0.0,0.09375,0.0,0.0,0.0,0.0,0.0,0.0,0.0,0.0,0.03125,0.0,0.0,0.0
1737 ZI Pax6 Gaba_3,0.0,0.0,0.0,0.0,0.5714285714285714,0.0,0.0,0.0,0.0,0.0,0.0,0.0,0.21428571428571427,0.0,0.0,0.0,0.0,0.0,0.0,0.0,0.07142857142857142,0.07142857142857142,0.07142857142857142,0.0,0.0
1738 ZI Pax6 Gaba_3,0.0,0.0,0.0,0.0,0.75,0.0,0.125,0.0,0.0,0.0,0.0,0.0,0.125,0.0,0.0,0.0,0.0,0.0,0.0,0.0,0.0,0.0,0.0,0.0,0.0
1739 ZI Pax6 Gaba_4,0.0,0.0,0.0,0.0,0.8842105263157894,0.0,0.004678362573099415,0.0,0.0,0.0011695906432748538,0.0023391812865497076,0.0,0.021052631578947368,0.0,0.0,0.0,0.0,0.0,0.0,0.0152046783625731,0.05497076023391813,0.016374269005847954,0.0,0.0,0.0
1740 ZI Pax6 Gaba_4,0.0,0.0,0.0,0.0,0.9224318658280922,0.0,0.0,0.0,0.0,0.0,0.0,0.0,0.018867924528301886,0.0,0.0,0.0,0.0,0.0,0.0,0.031446540880503145,0.016771488469601678,0.010482180293501049,0.0,0.0,0.0
1741 ZI Pax6 Gaba_4,0.0,0.0,0.0,0.0,0.8947368421052632,0.0,0.0,0.0,0.0,0.0,0.0,0.0,0.0,0.0,0.0,0.0,0.0,0.0,0.0,0.05263157894736842,0.0,0.05263157894736842,0.0,0.0,0.0
1742 ZI Pax6 Gaba_4,0.0,0.0,0.0,0.0,0.972972972972973,0.0,0.0,0.0,0.0,0.0,0.0,0.0,0.0,0.0,0.0,0.0,0.0,0.0,0.0,0.02702702702702703,0.0,0.0,0.0,0.0,0.0
1743 ZI Pax6 Gaba_4,0.0,0.0,0.0,0.0,0.961038961038961,0.0,0.012987012987012988,0.0,0.0,0.0,0.012987012987012988,0.0,0.012987012987012988,0.0,0.0,0.0,0.0,0.0,0.0,0.0,0.0,0.0,0.0,0.0,0.0
1744 ZI Pax6 Gaba_4,0.0,0.0,0.0,0.0,0.95,0.0,0.0,0.0,0.0,0.0,0.0,0.0,0.05,0.0,0.0,0.0,0.0,0.0,0.0,0.0,0.0,0.0,0.0,0.0,0.0
1745 ZI Pax6 Gaba_4,0.0,0.0,0.0,0.0,0.9393939393939394,0.0,0.0,0.0,0.0,0.030303030303030304,0.0,0.0,0.030303030303030304,0.0,0.0,0.0,0.0,0.0,0.0,0.0,0.0,0.0,0.0,0.0,0.0
1746 ZI Pax6 Gaba_4,0.0,0.0,0.0,0.0,0.9393939393939394,0.0,0.0,0.0,0.0,0.0,0.0,0.0,0.030303030303030304,0.0,0.0,0.0,0.0,0.0,0.0,0.0,0.030303030303030304,0.0,0.0,0.0,0.0
1747 ZI Pax6 Gaba_4,0.0,0.0,0.0,0.0,1.0,0.0,0.0,0.0,0.0,0.0,0.0,0.0,0.0,0.0,0.0,0.0,0.0,0.0,0.0,0.0,0.0,0.0,0.0,0.0,0.0
1748 ZI Pax6 Gaba_4,0.0,0.0,0.0,0.0,0.75,0.0,0.0,0.0,0.0,0.0,0.0,0.0,0.0,0.0,0.0,0.0,0.0,0.0,0.0,0.25,0.0,0.0,0.0,0.0,0.0
1749 ZI Pax6 Gaba_5,0.0,0.0,0.0,0.0,0.9166666666666666,0.0,0.0,0.0,0.0,0.0,0.0,0.0,0.010416666666666666,0.0,0.0,0.0,0.0,0.0,0.0,0.020833333333333332,0.052083333333333336,0.0,0.0,0.0,0.0
1750 ZI Pax6 Gaba_5,0.0,0.0,0.0,0.0,1.0,0.0,0.0,0.0,0.0,0.0,0.0,0.0,0.0,0.0,0.0,0.0,0.0,0.0,0.0,0.0,0.0,0.0,0.0,0.0,0.0
1751 ZI Pax6 Gaba_5,0.0,0.0,0.0,0.0,1.0,0.0,0.0,0.0,0.0,0.0,0.0,0.0,0.0,0.0,0.0,0.0,0.0,0.0,0.0,0.0,0.0,0.0,0.0,0.0,0.0
1752 ZI Pax6 Gaba_6,0.0,0.0,0.0,0.0,0.9666666666666667,0.0,0.0,0.0,0.0,0.0,0.0,0.0,0.0,0.0,0.0,0.0,0.0,0.0,0.0,0.0,0.0,0.03333333333333333,0.0,0.0,0.0
1753 ZI Pax6 Gaba_6,0.0,0.0,0.0,0.0,0.8842975206611571,0.0,0.008264462809917356,0.0,0.0,0.0,0.0,0.0,0.0,0.0,0.0,0.0,0.0,0.0,0.0,0.008264462809917356,0.0,0.0,0.09917355371900827,0.0,0.0
1754 ZI Pax6 Gaba_6,0.0,0.0,0.0,0.0,0.7575757575757576,0.0,0.13636363636363635,0.0,0.0,0.0,0.0,0.0,0.0,0.0,0.0,0.0,0.0,0.0,0.0,0.0,0.0,0.0,0.10606060606060606,0.0,0.0
1755 ZI Pax6 Gaba_6,0.0,0.0,0.0,0.0,1.0,0.0,0.0,0.0,0.0,0.0,0.0,0.0,0.0,0.0,0.0,0.0,0.0,0.0,0.0,0.0,0.0,0.0,0.0,0.0,0.0
1756 ZI Pax6 Gaba_6,0.0,0.0,0.0,0.0,0.875,0.0,0.03125,0.0,0.0,0.03125,0.0,0.0,0.0,0.0,0.0,0.0,0.0,0.0,0.0,0.0,0.0,0.0,0.0625,0.0,0.0
1757 ZI Pax6 Gaba_6,0.0,0.0,0.0,0.0,0.9615384615384616,0.0,0.0,0.0,0.0,0.038461538461538464,0.0,0.0,0.0,0.0,0.0,0.0,0.0,0.0,0.0,0.0,0.0,0.0,0.0,0.0,0.0
1758 ZI Pax6 Gaba_7,0.0,0.0,0.0,0.0,0.4861111111111111,0.0,0.0,0.0,0.0,0.0,0.0,0.0,0.2222222222222222,0.0,0.0,0.0,0.0,0.0,0.0,0.0,0.041666666666666664,0.25,0.0,0.0,0.0
1759 ZI Pax6 Gaba_7,0.0,0.0,0.0,0.0,0.3333333333333333,0.0,0.0,0.0,0.0,0.0,0.0,0.0,0.3333333333333333,0.0,0.0,0.0,0.023809523809523808,0.0,0.0,0.0,0.0,0.30952380952380953,0.0,0.0,0.0
1760 ZI Pax6 Gaba_7,0.0,0.0,0.0,0.0,0.7610619469026548,0.0,0.0,0.0,0.0,0.0,0.0,0.0,0.22123893805309736,0.0,0.0,0.008849557522123894,0.0,0.0,0.0,0.0,0.008849557522123894,0.0,0.0,0.0,0.0
1761 ZI Pax6 Gaba_7,0.0,0.0,0.0,0.0,0.8148148148148148,0.0,0.0,0.0,0.0,0.0,0.0,0.0,0.18518518518518517,0.0,0.0,0.0,0.0,0.0,0.0,0.0,0.0,0.0,0.0,0.0,0.0
1762 ZI Pax6 Gaba_7,0.0,0.0,0.0,0.0,0.927536231884058,0.0,0.0,0.0,0.0,0.0,0.0,0.0,0.028985507246376812,0.0,0.0,0.0,0.0,0.0,0.0,0.0,0.014492753623188406,0.028985507246376812,0.0,0.0,0.0
1763 ZI Pax6 Gaba_7,0.0,0.0,0.0,0.0,1.0,0.0,0.0,0.0,0.0,0.0,0.0,0.0,0.0,0.0,0.0,0.0,0.0,0.0,0.0,0.0,0.0,0.0,0.0,0.0,0.0
1764 ZI Pax6 Gaba_7,0.0,0.0,0.0,0.0,0.2564102564102564,0.0,0.0,0.0,0.0,0.0,0.0,0.0,0.4358974358974359,0.0,0.0,0.0,0.0641025641025641,0.0,0.0,0.0,0.01282051282051282,0.23076923076923078,0.0,0.0,0.0
1765 ZI Pax6 Gaba_7,0.0,0.0,0.0,0.0,1.0,0.0,0.0,0.0,0.0,0.0,0.0,0.0,0.0,0.0,0.0,0.0,0.0,0.0,0.0,0.0,0.0,0.0,0.0,0.0,0.0
1766 ZI Pax6 Gaba_8,0.0,0.0,0.0,0.0,0.7697160883280757,0.0,0.015772870662460567,0.0,0.0,0.0,0.00946372239747634,0.0,0.1608832807570978,0.0,0.0,0.0,0.0031545741324921135,0.0,0.0,0.006309148264984227,0.006309148264984227,0.01892744479495268,0.00946372239747634,0.0,0.0
1767 ZI Pax6 Gaba_8,0.0,0.0,0.0,0.0,0.8208955223880597,0.0,0.014925373134328358,0.0,0.0,0.0,0.029850746268656716,0.0,0.1044776119402985,0.0,0.0,0.0,0.0,0.0,0.0,0.014925373134328358,0.0,0.0,0.014925373134328358,0.0,0.0
1768 ZI Pax6 Gaba_8,0.0,0.0,0.0,0.0,0.48,0.0,0.03,0.0,0.0,0.0,0.13,0.0,0.03,0.0,0.0,0.0,0.0,0.0,0.04,0.0,0.04,0.24,0.01,0.0,0.0
1769 ZI Pax6 Gaba_8,0.0,0.0,0.0,0.0,0.6666666666666666,0.0,0.023809523809523808,0.0,0.0,0.0,0.05555555555555555,0.007936507936507936,0.18253968253968253,0.0,0.0,0.0,0.0,0.0,0.007936507936507936,0.0,0.0,0.047619047619047616,0.007936507936507936,0.0,0.0
1770 ZI Pax6 Gaba_8,0.0,0.0,0.0,0.0,0.76,0.0,0.1,0.0,0.0,0.0,0.06,0.0,0.02,0.0,0.0,0.0,0.0,0.0,0.02,0.0,0.0,0.04,0.0,0.0,0.0
1771 ZI Pax6 Gaba_8,0.0,0.0,0.0,0.0,0.7397260273972602,0.0,0.0684931506849315,0.0,0.0,0.0,0.0821917808219178,0.0,0.0136986301369863,0.0,0.0,0.0,0.0,0.0,0.0,0.0136986301369863,0.0136986301369863,0.0547945205479452,0.0136986301369863,0.0,0.0
1772 ZI Pax6 Gaba_8,0.0,0.0,0.0,0.0,0.7530864197530864,0.0,0.0,0.0,0.0,0.0,0.012345679012345678,0.0,0.1728395061728395,0.0,0.0,0.0,0.012345679012345678,0.0,0.0,0.0,0.0,0.0,0.04938271604938271,0.0,0.0
1773 ZI Pax6 Gaba_8,0.0,0.0,0.0,0.0,0.8775510204081632,0.0,0.0,0.0,0.0,0.0,0.02040816326530612,0.0,0.061224489795918366,0.0,0.0,0.0,0.0,0.0,0.0,0.0,0.04081632653061224,0.0,0.0,0.0,0.0
1774 ZI Pax6 Gaba_8,0.0,0.0,0.0,0.0,0.7788461538461539,0.0,0.0,0.0,0.0,0.0,0.009615384615384616,0.0,0.19230769230769232,0.0,0.0,0.0,0.0,0.0,0.0,0.009615384615384616,0.0,0.0,0.009615384615384616,0.0,0.0
1775 ZI Pax6 Gaba_9,0.0,0.0,0.0,0.0,0.703125,0.0,0.0,0.0,0.0,0.0,0.0,0.0,0.1875,0.0,0.0,0.0,0.0,0.0,0.0,0.0,0.0,0.03125,0.078125,0.0,0.0
1776 ZI Pax6 Gaba_9,0.0,0.0,0.0,0.0,0.42857142857142855,0.0,0.14285714285714285,0.0,0.0,0.0,0.0,0.0,0.21428571428571427,0.0,0.0,0.0,0.0,0.0,0.14285714285714285,0.07142857142857142,0.0,0.0,0.0,0.0,0.0
1777 ZI Pax6 Gaba_9,0.0,0.0,0.0,0.0,0.5563380281690141,0.0,0.035211267605633804,0.0,0.0,0.0,0.028169014084507043,0.0,0.323943661971831,0.014084507042253521,0.0,0.0,0.0,0.0,0.0,0.0,0.007042253521126761,0.007042253521126761,0.028169014084507043,0.0,0.0
1778 ZI Pax6 Gaba_9,0.0,0.0,0.0,0.0,0.6153846153846154,0.0,0.0,0.0,0.0,0.0,0.0,0.0,0.3076923076923077,0.0,0.0,0.0,0.0,0.0,0.0,0.0,0.0,0.07692307692307693,0.0,0.0,0.0
1779 ZI Pax6 Gaba_10,0.0,0.0,0.0,0.0,1.0,0.0,0.0,0.0,0.0,0.0,0.0,0.0,0.0,0.0,0.0,0.0,0.0,0.0,0.0,0.0,0.0,0.0,0.0,0.0,0.0
1780 ZI Pax6 Gaba_10,0.0,0.0,0.0,0.0,1.0,0.0,0.0,0.0,0.0,0.0,0.0,0.0,0.0,0.0,0.0,0.0,0.0,0.0,0.0,0.0,0.0,0.0,0.0,0.0,0.0
1781 ZI Pax6 Gaba_10,0.0,0.0,0.0,0.0,0.9534883720930233,0.0,0.011627906976744186,0.0,0.0,0.0,0.011627906976744186,0.0,0.0,0.0,0.0,0.0,0.0,0.0,0.0,0.023255813953488372,0.0,0.0,0.0,0.0,0.0
1782 ZI Pax6 Gaba_11,0.0,0.0,0.0,0.0,0.5,0.0,0.0,0.0,0.0,0.0,0.1,0.0,0.0,0.0,0.0,0.0,0.1,0.0,0.0,0.0,0.0,0.3,0.0,0.0,0.0
1783 ZI Pax6 Gaba_11,0.0,0.0,0.0,0.0,0.32,0.0,0.0,0.0,0.0,0.0,0.0,0.0,0.24,0.0,0.0,0.0,0.0,0.0,0.0,0.0,0.0,0.4,0.04,0.0,0.0
1784 ZI Pax6 Gaba_11,0.0,0.0,0.0,0.0,0.6666666666666666,0.0,0.0,0.0,0.0,0.0,0.0,0.0,0.044444444444444446,0.0,0.0,0.0,0.044444444444444446,0.0,0.0,0.0,0.0,0.2,0.044444444444444446,0.0,0.0
1785 ZI Pax6 Gaba_11,0.0,0.0,0.0,0.0,1.0,0.0,0.0,0.0,0.0,0.0,0.0,0.0,0.0,0.0,0.0,0.0,0.0,0.0,0.0,0.0,0.0,0.0,0.0,0.0,0.0
1786 ZI Pax6 Gaba_11,0.0,0.0,0.0,0.0,0.7857142857142857,0.0,0.0,0.0,0.0,0.0,0.0,0.0,0.0,0.0,0.0,0.0,0.0,0.0,0.0,0.0,0.0,0.21428571428571427,0.0,0.0,0.0
1787 DMH-LHA Gsx1 Gaba_1,0.0,0.0,0.0,0.0,1.0,0.0,0.0,0.0,0.0,0.0,0.0,0.0,0.0,0.0,0.0,0.0,0.0,0.0,0.0,0.0,0.0,0.0,0.0,0.0,0.0
1788 DMH-LHA Gsx1 Gaba_1,0.0,0.0,0.0,0.0,1.0,0.0,0.0,0.0,0.0,0.0,0.0,0.0,0.0,0.0,0.0,0.0,0.0,0.0,0.0,0.0,0.0,0.0,0.0,0.0,0.0
1789 DMH-LHA Gsx1 Gaba_1,0.0,0.0,0.0,0.0,0.990990990990991,0.0,0.0,0.0,0.0,0.0,0.0,0.0,0.0,0.0,0.0,0.0,0.0,0.0,0.0,0.0,0.0,0.0,0.0,0.0,0.009009009009009009
1790 DMH-LHA Gsx1 Gaba_1,0.0,0.0,0.0,0.0,1.0,0.0,0.0,0.0,0.0,0.0,0.0,0.0,0.0,0.0,0.0,0.0,0.0,0.0,0.0,0.0,0.0,0.0,0.0,0.0,0.0
1791 DMH-LHA Gsx1 Gaba_1,0.0,0.0,0.0,0.0,0.9838709677419355,0.0,0.0,0.0,0.0,0.0,0.0,0.0,0.0,0.0,0.0,0.0,0.0,0.0,0.0,0.0,0.0,0.016129032258064516,0.0,0.0,0.0
1792 DMH-LHA Gsx1 Gaba_1,0.0,0.0,0.0,0.0,0.9761904761904762,0.0,0.0,0.0,0.0,0.0,0.0,0.0,0.0,0.0,0.0,0.0,0.0,0.0,0.0,0.0,0.0,0.0,0.023809523809523808,0.0,0.0
1793 DMH-LHA Gsx1 Gaba_1,0.0,0.0,0.0,0.0,1.0,0.0,0.0,0.0,0.0,0.0,0.0,0.0,0.0,0.0,0.0,0.0,0.0,0.0,0.0,0.0,0.0,0.0,0.0,0.0,0.0
1794 DMH-LHA Gsx1 Gaba_1,0.0,0.0,0.0,0.0,0.9863013698630136,0.0,0.0,0.0,0.0,0.0,0.0136986301369863,0.0,0.0,0.0,0.0,0.0,0.0,0.0,0.0,0.0,0.0,0.0,0.0,0.0,0.0
1795 DMH-LHA Gsx1 Gaba_2,0.0,0.0,0.0,0.0,0.8235294117647058,0.0,0.0,0.0,0.0,0.0,0.08823529411764706,0.0,0.0,0.0,0.0,0.0,0.0,0.0,0.0,0.08823529411764706,0.0,0.0,0.0,0.0,0.0
1796 DMH-LHA Gsx1 Gaba_2,0.0,0.0,0.0,0.0,0.7727272727272727,0.0,0.0,0.0,0.0,0.0,0.13636363636363635,0.0,0.0,0.0,0.0,0.0,0.0,0.0,0.0,0.09090909090909091,0.0,0.0,0.0,0.0,0.0
1797 DMH-LHA Gsx1 Gaba_2,0.0,0.0,0.0,0.0,0.9714285714285714,0.0,0.0,0.0,0.0,0.0,0.02857142857142857,0.0,0.0,0.0,0.0,0.0,0.0,0.0,0.0,0.0,0.0,0.0,0.0,0.0,0.0
1798 DMH-LHA Gsx1 Gaba_2,0.0,0.0,0.0,0.0,0.9655172413793104,0.0,0.0,0.0,0.0,0.0,0.0,0.0,0.0,0.0,0.0,0.0,0.0,0.0,0.0,0.034482758620689655,0.0,0.0,0.0,0.0,0.0
1799 DMH-LHA Gsx1 Gaba_2,0.0,0.0,0.0,0.0,0.6666666666666666,0.0,0.0,0.0,0.0,0.0,0.3333333333333333,0.0,0.0,0.0,0.0,0.0,0.0,0.0,0.0,0.0,0.0,0.0,0.0,0.0,0.0
1800 DMH-LHA Gsx1 Gaba_2,0.0,0.0,0.0,0.0,0.9325842696629213,0.0,0.011235955056179775,0.0,0.0,0.02247191011235955,0.011235955056179775,0.0,0.0,0.0,0.0,0.0,0.0,0.0,0.0,0.02247191011235955,0.0,0.0,0.0,0.0,0.0
1801 DMH-LHA Gsx1 Gaba_2,0.0,0.0,0.0,0.0,1.0,0.0,0.0,0.0,0.0,0.0,0.0,0.0,0.0,0.0,0.0,0.0,0.0,0.0,0.0,0.0,0.0,0.0,0.0,0.0,0.0
1802 DMH-LHA Gsx1 Gaba_2,0.0,0.0,0.0,0.0,0.9761904761904762,0.0,0.0,0.0,0.0,0.0,0.0,0.0,0.0,0.0,0.0,0.0,0.0,0.0,0.0,0.0,0.0,0.0,0.023809523809523808,0.0,0.0
1803 DMH-LHA Gsx1 Gaba_2,0.0,0.0,0.0,0.0,0.9342105263157895,0.0,0.006578947368421052,0.0,0.0,0.0,0.006578947368421052,0.0,0.0,0.0,0.0,0.0,0.0,0.0,0.0,0.0,0.0,0.0,0.05263157894736842,0.0,0.0
1804 DMH-LHA Gsx1 Gaba_2,0.0,0.0,0.0,0.0,0.9540229885057471,0.0,0.0,0.0,0.0,0.0,0.0,0.0,0.0,0.0,0.0,0.0,0.0,0.0,0.0,0.0,0.0,0.0,0.04597701149425287,0.0,0.0
1805 DMH-LHA Gsx1 Gaba_2,0.0,0.0,0.0,0.0,0.8666666666666667,0.0,0.0,0.0,0.0,0.013333333333333334,0.08,0.0,0.0,0.0,0.0,0.0,0.0,0.0,0.0,0.013333333333333334,0.0,0.013333333333333334,0.013333333333333334,0.0,0.0
1806 DMH-LHA Gsx1 Gaba_2,0.0,0.0,0.0,0.0,0.9455782312925171,0.0,0.0,0.0,0.0,0.013605442176870748,0.006802721088435374,0.0,0.0,0.0,0.0,0.0,0.0,0.0,0.0,0.0,0.0,0.0,0.034013605442176874,0.0,0.0
1807 DMH-LHA Gsx1 Gaba_2,0.0,0.0,0.0,0.0,0.6923076923076923,0.0,0.0,0.0,0.0,0.0,0.07692307692307693,0.0,0.0,0.0,0.0,0.0,0.0,0.0,0.0,0.19230769230769232,0.038461538461538464,0.0,0.0,0.0,0.0
1808 DMH-LHA Gsx1 Gaba_2,0.0,0.0,0.0,0.0,0.9111111111111111,0.0,0.03333333333333333,0.0,0.0,0.0,0.03333333333333333,0.0,0.011111111111111112,0.0,0.0,0.0,0.0,0.0,0.0,0.011111111111111112,0.0,0.0,0.0,0.0,0.0
1809 DMH-LHA Gsx1 Gaba_2,0.0,0.0,0.0,0.0,0.925,0.0,0.0,0.0,0.0,0.0,0.075,0.0,0.0,0.0,0.0,0.0,0.0,0.0,0.0,0.0,0.0,0.0,0.0,0.0,0.0
1810 DMH-LHA Gsx1 Gaba_3,0.0,0.0,0.0,0.0,0.9888059701492538,0.0,0.0,0.0,0.0,0.0,0.0,0.0,0.0037313432835820895,0.0,0.0,0.0,0.0,0.0,0.0037313432835820895,0.0,0.0,0.0,0.0037313432835820895,0.0,0.0
1811 DMH-LHA Gsx1 Gaba_4,0.0,0.0,0.0,0.0,0.967741935483871,0.0,0.0,0.0,0.0,0.0,0.03225806451612903,0.0,0.0,0.0,0.0,0.0,0.0,0.0,0.0,0.0,0.0,0.0,0.0,0.0,0.0
1812 DMH-LHA Gsx1 Gaba_4,0.0,0.0,0.0,0.0,1.0,0.0,0.0,0.0,0.0,0.0,0.0,0.0,0.0,0.0,0.0,0.0,0.0,0.0,0.0,0.0,0.0,0.0,0.0,0.0,0.0
1813 DMH-LHA Gsx1 Gaba_4,0.0,0.0,0.0,0.0,0.935251798561151,0.0,0.0,0.0,0.0,0.0,0.050359712230215826,0.0,0.014388489208633094,0.0,0.0,0.0,0.0,0.0,0.0,0.0,0.0,0.0,0.0,0.0,0.0
1814 PVHd-DMH Lhx6 Gaba_1,0.0,0.0,0.0,0.0,1.0,0.0,0.0,0.0,0.0,0.0,0.0,0.0,0.0,0.0,0.0,0.0,0.0,0.0,0.0,0.0,0.0,0.0,0.0,0.0,0.0
1815 PVHd-DMH Lhx6 Gaba_1,0.0,0.0,0.0,0.0,0.9880952380952381,0.0,0.0,0.0,0.0,0.0,0.0,0.0,0.0,0.0,0.0,0.0,0.0,0.0,0.0,0.0,0.0,0.0,0.011904761904761904,0.0,0.0
1816 PVHd-DMH Lhx6 Gaba_1,0.0,0.0,0.0,0.0,0.9545454545454546,0.0,0.0,0.0,0.0,0.045454545454545456,0.0,0.0,0.0,0.0,0.0,0.0,0.0,0.0,0.0,0.0,0.0,0.0,0.0,0.0,0.0
1817 PVHd-DMH Lhx6 Gaba_1,0.0,0.0,0.0,0.0,0.9591836734693877,0.0,0.0,0.0,0.0,0.0,0.0,0.0,0.0,0.02040816326530612,0.0,0.0,0.0,0.0,0.0,0.0,0.0,0.0,0.02040816326530612,0.0,0.0
1818 PVHd-DMH Lhx6 Gaba_1,0.0,0.0,0.0,0.0,0.9342105263157895,0.0,0.02631578947368421,0.0,0.0,0.019736842105263157,0.0,0.0,0.0,0.0,0.0,0.0,0.0,0.0,0.013157894736842105,0.0,0.0,0.0,0.006578947368421052,0.0,0.0
1819 PVHd-DMH Lhx6 Gaba_1,0.0,0.0,0.0,0.0,1.0,0.0,0.0,0.0,0.0,0.0,0.0,0.0,0.0,0.0,0.0,0.0,0.0,0.0,0.0,0.0,0.0,0.0,0.0,0.0,0.0
1820 PVHd-DMH Lhx6 Gaba_1,0.0,0.0,0.0,0.0,0.7971014492753623,0.0,0.08695652173913043,0.0,0.0,0.014492753623188406,0.0,0.0,0.0,0.0,0.0,0.0,0.0,0.0,0.0,0.10144927536231885,0.0,0.0,0.0,0.0,0.0
1821 PVHd-DMH Lhx6 Gaba_2,0.0,0.0,0.0,0.0,0.9714285714285714,0.0,0.0,0.0,0.0,0.0,0.02857142857142857,0.0,0.0,0.0,0.0,0.0,0.0,0.0,0.0,0.0,0.0,0.0,0.0,0.0,0.0
1822 PVHd-DMH Lhx6 Gaba_2,0.0,0.0,0.0,0.0,1.0,0.0,0.0,0.0,0.0,0.0,0.0,0.0,0.0,0.0,0.0,0.0,0.0,0.0,0.0,0.0,0.0,0.0,0.0,0.0,0.0
1823 PVHd-DMH Lhx6 Gaba_2,0.0,0.0,0.0,0.0,1.0,0.0,0.0,0.0,0.0,0.0,0.0,0.0,0.0,0.0,0.0,0.0,0.0,0.0,0.0,0.0,0.0,0.0,0.0,0.0,0.0
1824 PVHd-DMH Lhx6 Gaba_2,0.0,0.0,0.0,0.0,0.9545454545454546,0.0,0.0,0.0,0.0,0.0,0.0,0.0,0.0,0.0,0.0,0.0,0.0,0.0,0.0,0.0,0.045454545454545456,0.0,0.0,0.0,0.0
1825 PVHd-DMH Lhx6 Gaba_2,0.0,0.0,0.0,0.0,0.875,0.0,0.0,0.0,0.0,0.0,0.125,0.0,0.0,0.0,0.0,0.0,0.0,0.0,0.0,0.0,0.0,0.0,0.0,0.0,0.0
1826 PVHd-DMH Lhx6 Gaba_2,0.0,0.0,0.0,0.0,0.9428571428571428,0.0,0.0,0.0,0.0,0.0,0.02857142857142857,0.0,0.0,0.0,0.0,0.0,0.0,0.0,0.0,0.0,0.0,0.0,0.02857142857142857,0.0,0.0
1827 PVHd-DMH Lhx6 Gaba_2,0.0,0.0,0.0,0.0,1.0,0.0,0.0,0.0,0.0,0.0,0.0,0.0,0.0,0.0,0.0,0.0,0.0,0.0,0.0,0.0,0.0,0.0,0.0,0.0,0.0
1828 PVHd-DMH Lhx6 Gaba_2,0.0,0.0,0.0,0.0,0.9655172413793104,0.0,0.0,0.0,0.0,0.0,0.0,0.0,0.034482758620689655,0.0,0.0,0.0,0.0,0.0,0.0,0.0,0.0,0.0,0.0,0.0,0.0
1829 PVHd-DMH Lhx6 Gaba_2,0.0,0.0,0.0,0.0,1.0,0.0,0.0,0.0,0.0,0.0,0.0,0.0,0.0,0.0,0.0,0.0,0.0,0.0,0.0,0.0,0.0,0.0,0.0,0.0,0.0
1830 PVHd-DMH Lhx6 Gaba_3,0.0,0.0,0.0,0.0,0.9295774647887324,0.0,0.0,0.0,0.0,0.014084507042253521,0.0,0.0,0.0,0.0,0.0,0.0,0.0,0.0,0.0,0.056338028169014086,0.0,0.0,0.0,0.0,0.0
1831 PVHd-DMH Lhx6 Gaba_3,0.0,0.0,0.0,0.0,1.0,0.0,0.0,0.0,0.0,0.0,0.0,0.0,0.0,0.0,0.0,0.0,0.0,0.0,0.0,0.0,0.0,0.0,0.0,0.0,0.0
1832 PVHd-DMH Lhx6 Gaba_3,0.0,0.0,0.0,0.0,0.9487179487179487,0.0,0.0,0.0,0.0,0.0,0.0,0.0,0.0,0.0,0.0,0.0,0.0,0.0,0.0,0.05128205128205128,0.0,0.0,0.0,0.0,0.0
1833 PVHd-DMH Lhx6 Gaba_3,0.0,0.0,0.0,0.0,0.9787234042553191,0.0,0.02127659574468085,0.0,0.0,0.0,0.0,0.0,0.0,0.0,0.0,0.0,0.0,0.0,0.0,0.0,0.0,0.0,0.0,0.0,0.0
1834 PVHd-DMH Lhx6 Gaba_4,0.0,0.0,0.0,0.0,1.0,0.0,0.0,0.0,0.0,0.0,0.0,0.0,0.0,0.0,0.0,0.0,0.0,0.0,0.0,0.0,0.0,0.0,0.0,0.0,0.0
1835 PVHd-DMH Lhx6 Gaba_4,0.0,0.0,0.0,0.0,0.975,0.0,0.0,0.0,0.0,0.0,0.0,0.0,0.0,0.0125,0.0,0.0,0.0,0.0,0.0,0.0,0.0,0.0,0.0125,0.0,0.0
1836 PVHd-DMH Lhx6 Gaba_4,0.0,0.0,0.0,0.0,1.0,0.0,0.0,0.0,0.0,0.0,0.0,0.0,0.0,0.0,0.0,0.0,0.0,0.0,0.0,0.0,0.0,0.0,0.0,0.0,0.0
1837 TU-ARH Otp Six6 Gaba_1,0.0,0.0,0.0,0.0,0.9774774774774775,0.0,0.0,0.0,0.0,0.0,0.0,0.0,0.0,0.02252252252252252,0.0,0.0,0.0,0.0,0.0,0.0,0.0,0.0,0.0,0.0,0.0
1838 TU-ARH Otp Six6 Gaba_1,0.0,0.0,0.0,0.0,0.9820971867007673,0.0,0.0,0.0,0.0,0.0,0.0,0.0,0.0,0.017902813299232736,0.0,0.0,0.0,0.0,0.0,0.0,0.0,0.0,0.0,0.0,0.0
1839 TU-ARH Otp Six6 Gaba_1,0.0,0.0,0.0,0.0,0.988950276243094,0.0,0.0,0.0,0.0,0.0,0.0,0.0,0.0,0.0055248618784530384,0.0,0.0,0.0,0.0,0.0,0.0,0.0,0.0,0.0055248618784530384,0.0,0.0
1840 TU-ARH Otp Six6 Gaba_1,0.0,0.0,0.0,0.0,1.0,0.0,0.0,0.0,0.0,0.0,0.0,0.0,0.0,0.0,0.0,0.0,0.0,0.0,0.0,0.0,0.0,0.0,0.0,0.0,0.0
1841 TU-ARH Otp Six6 Gaba_1,0.0,0.0,0.0,0.0,0.9848484848484849,0.0,0.0,0.0,0.0,0.0,0.0,0.0,0.0,0.0,0.0,0.0,0.0,0.0,0.0,0.0,0.0,0.0,0.015151515151515152,0.0,0.0
1842 TU-ARH Otp Six6 Gaba_1,0.0,0.0,0.0,0.0,0.9905660377358491,0.0,0.0,0.0,0.0,0.0,0.0,0.0,0.0,0.009433962264150943,0.0,0.0,0.0,0.0,0.0,0.0,0.0,0.0,0.0,0.0,0.0
1843 TU-ARH Otp Six6 Gaba_1,0.0,0.0,0.0,0.0,1.0,0.0,0.0,0.0,0.0,0.0,0.0,0.0,0.0,0.0,0.0,0.0,0.0,0.0,0.0,0.0,0.0,0.0,0.0,0.0,0.0
1844 TU-ARH Otp Six6 Gaba_2,0.0,0.0,0.0,0.0,1.0,0.0,0.0,0.0,0.0,0.0,0.0,0.0,0.0,0.0,0.0,0.0,0.0,0.0,0.0,0.0,0.0,0.0,0.0,0.0,0.0
1845 TU-ARH Otp Six6 Gaba_2,0.0,0.0,0.0,0.0,0.979381443298969,0.0,0.0,0.0,0.0,0.0,0.0,0.010309278350515464,0.0,0.0,0.0,0.0,0.0,0.0,0.0,0.0,0.010309278350515464,0.0,0.0,0.0,0.0
1846 TU-ARH Otp Six6 Gaba_2,0.0,0.0,0.0,0.0,1.0,0.0,0.0,0.0,0.0,0.0,0.0,0.0,0.0,0.0,0.0,0.0,0.0,0.0,0.0,0.0,0.0,0.0,0.0,0.0,0.0
1847 TU-ARH Otp Six6 Gaba_2,0.0,0.0,0.0,0.0,1.0,0.0,0.0,0.0,0.0,0.0,0.0,0.0,0.0,0.0,0.0,0.0,0.0,0.0,0.0,0.0,0.0,0.0,0.0,0.0,0.0
1848 TU-ARH Otp Six6 Gaba_2,0.0,0.0,0.0,0.0,1.0,0.0,0.0,0.0,0.0,0.0,0.0,0.0,0.0,0.0,0.0,0.0,0.0,0.0,0.0,0.0,0.0,0.0,0.0,0.0,0.0
1849 TU-ARH Otp Six6 Gaba_2,0.0,0.0,0.0,0.0,1.0,0.0,0.0,0.0,0.0,0.0,0.0,0.0,0.0,0.0,0.0,0.0,0.0,0.0,0.0,0.0,0.0,0.0,0.0,0.0,0.0
1850 TU-ARH Otp Six6 Gaba_2,0.0,0.0,0.0,0.0,0.9893617021276596,0.0,0.0,0.0,0.0,0.0,0.0,0.005319148936170213,0.0,0.0,0.0,0.0,0.0,0.0,0.0,0.0,0.005319148936170213,0.0,0.0,0.0,0.0
1851 TU-ARH Otp Six6 Gaba_2,0.0,0.0,0.0,0.0,1.0,0.0,0.0,0.0,0.0,0.0,0.0,0.0,0.0,0.0,0.0,0.0,0.0,0.0,0.0,0.0,0.0,0.0,0.0,0.0,0.0
1852 TU-ARH Otp Six6 Gaba_2,0.0,0.0,0.0,0.0,0.9868421052631579,0.0,0.0,0.0,0.0,0.0,0.006578947368421052,0.0,0.0,0.006578947368421052,0.0,0.0,0.0,0.0,0.0,0.0,0.0,0.0,0.0,0.0,0.0
1853 TU-ARH Otp Six6 Gaba_3,0.0,0.0,0.0,0.0,0.9642857142857143,0.0,0.0,0.0,0.0,0.0,0.0,0.0,0.0,0.017857142857142856,0.0,0.0,0.0,0.0,0.0,0.0,0.0,0.0,0.017857142857142856,0.0,0.0
1854 TU-ARH Otp Six6 Gaba_3,0.0,0.0,0.0,0.0,1.0,0.0,0.0,0.0,0.0,0.0,0.0,0.0,0.0,0.0,0.0,0.0,0.0,0.0,0.0,0.0,0.0,0.0,0.0,0.0,0.0
1855 TU-ARH Otp Six6 Gaba_3,0.0,0.0,0.0,0.0,0.9941860465116279,0.0,0.0,0.0,0.0,0.0,0.0,0.0029069767441860465,0.0,0.0,0.0,0.0,0.0,0.0,0.0,0.0,0.0,0.0,0.0029069767441860465,0.0,0.0
1856 TU-ARH Otp Six6 Gaba_3,0.0,0.0,0.0,0.0,0.9935483870967742,0.0,0.0,0.0,0.0,0.0,0.0,0.0,0.0,0.0,0.0,0.0,0.0,0.0,0.0,0.0,0.0064516129032258064,0.0,0.0,0.0,0.0
1857 TU-ARH Otp Six6 Gaba_3,0.0,0.0,0.0,0.0,1.0,0.0,0.0,0.0,0.0,0.0,0.0,0.0,0.0,0.0,0.0,0.0,0.0,0.0,0.0,0.0,0.0,0.0,0.0,0.0,0.0
1858 TU-ARH Otp Six6 Gaba_3,0.0,0.0,0.0,0.0,1.0,0.0,0.0,0.0,0.0,0.0,0.0,0.0,0.0,0.0,0.0,0.0,0.0,0.0,0.0,0.0,0.0,0.0,0.0,0.0,0.0
1859 TU-ARH Otp Six6 Gaba_3,0.0,0.0,0.0,0.0,0.9795918367346939,0.0,0.0,0.0,0.0,0.0,0.0,0.0,0.0,0.0,0.0,0.0,0.0,0.0,0.0,0.0,0.01020408163265306,0.0,0.01020408163265306,0.0,0.0
1860 TU-ARH Otp Six6 Gaba_3,0.0,0.0,0.0,0.0,0.984375,0.0,0.0,0.0,0.0,0.0,0.015625,0.0,0.0,0.0,0.0,0.0,0.0,0.0,0.0,0.0,0.0,0.0,0.0,0.0,0.0
1861 TMd-DMH Foxd2 Gaba_1,0.0,0.0,0.0,0.0,1.0,0.0,0.0,0.0,0.0,0.0,0.0,0.0,0.0,0.0,0.0,0.0,0.0,0.0,0.0,0.0,0.0,0.0,0.0,0.0,0.0
1862 TMd-DMH Foxd2 Gaba_1,0.0,0.0,0.0,0.0,1.0,0.0,0.0,0.0,0.0,0.0,0.0,0.0,0.0,0.0,0.0,0.0,0.0,0.0,0.0,0.0,0.0,0.0,0.0,0.0,0.0
1863 TMd-DMH Foxd2 Gaba_1,0.0,0.0,0.0,0.0,1.0,0.0,0.0,0.0,0.0,0.0,0.0,0.0,0.0,0.0,0.0,0.0,0.0,0.0,0.0,0.0,0.0,0.0,0.0,0.0,0.0
1864 TMd-DMH Foxd2 Gaba_1,0.0,0.0,0.0,0.0,1.0,0.0,0.0,0.0,0.0,0.0,0.0,0.0,0.0,0.0,0.0,0.0,0.0,0.0,0.0,0.0,0.0,0.0,0.0,0.0,0.0
1865 TMd-DMH Foxd2 Gaba_1,0.0,0.0,0.0,0.0,1.0,0.0,0.0,0.0,0.0,0.0,0.0,0.0,0.0,0.0,0.0,0.0,0.0,0.0,0.0,0.0,0.0,0.0,0.0,0.0,0.0
1866 TMd-DMH Foxd2 Gaba_1,0.0,0.0,0.0,0.0,1.0,0.0,0.0,0.0,0.0,0.0,0.0,0.0,0.0,0.0,0.0,0.0,0.0,0.0,0.0,0.0,0.0,0.0,0.0,0.0,0.0
1867 TMd-DMH Foxd2 Gaba_1,0.0,0.0,0.0,0.0,1.0,0.0,0.0,0.0,0.0,0.0,0.0,0.0,0.0,0.0,0.0,0.0,0.0,0.0,0.0,0.0,0.0,0.0,0.0,0.0,0.0
1868 TMd-DMH Foxd2 Gaba_1,0.0,0.0,0.0,0.0,1.0,0.0,0.0,0.0,0.0,0.0,0.0,0.0,0.0,0.0,0.0,0.0,0.0,0.0,0.0,0.0,0.0,0.0,0.0,0.0,0.0
1869 TMd-DMH Foxd2 Gaba_1,0.0,0.0,0.0,0.0,1.0,0.0,0.0,0.0,0.0,0.0,0.0,0.0,0.0,0.0,0.0,0.0,0.0,0.0,0.0,0.0,0.0,0.0,0.0,0.0,0.0
1870 PVpo-VMPO-MPN Hmx2 Gaba_1,0.0,0.0,0.0,0.0,0.9120879120879121,0.0,0.01098901098901099,0.0,0.0,0.0,0.06593406593406594,0.0,0.0,0.0,0.0,0.0,0.0,0.0,0.0,0.0,0.0,0.0,0.01098901098901099,0.0,0.0
1871 PVpo-VMPO-MPN Hmx2 Gaba_1,0.0,0.0,0.0,0.0,0.8817204301075269,0.0,0.0,0.0,0.0,0.0,0.03225806451612903,0.0,0.0,0.0,0.0,0.0,0.016129032258064516,0.0,0.026881720430107527,0.0,0.026881720430107527,0.0,0.0,0.0,0.016129032258064516
1872 PVpo-VMPO-MPN Hmx2 Gaba_1,0.0,0.0,0.0,0.0,0.9078947368421053,0.0,0.0,0.0,0.0,0.0,0.039473684210526314,0.0,0.0,0.0,0.0,0.0,0.0,0.0,0.0,0.0,0.05263157894736842,0.0,0.0,0.0,0.0
1873 PVpo-VMPO-MPN Hmx2 Gaba_1,0.0,0.0,0.0,0.0,0.9482758620689655,0.0,0.0,0.0,0.0,0.0,0.0,0.0,0.0,0.0,0.0,0.0,0.0,0.0,0.0,0.0,0.05172413793103448,0.0,0.0,0.0,0.0
1874 PVpo-VMPO-MPN Hmx2 Gaba_1,0.0,0.0,0.0,0.0,0.952755905511811,0.0,0.0,0.0,0.0,0.0,0.007874015748031496,0.0,0.0,0.0,0.0,0.0,0.0,0.0,0.023622047244094488,0.0,0.015748031496062992,0.0,0.0,0.0,0.0
1875 PVpo-VMPO-MPN Hmx2 Gaba_1,0.0,0.0,0.0,0.0,0.524390243902439,0.0,0.0,0.0,0.0,0.0,0.0,0.024390243902439025,0.0,0.036585365853658534,0.0,0.0,0.04878048780487805,0.0,0.2804878048780488,0.0,0.07317073170731707,0.0,0.0,0.0,0.012195121951219513
1876 PVpo-VMPO-MPN Hmx2 Gaba_1,0.0,0.0,0.0,0.0,0.8870967741935484,0.0,0.0,0.0,0.0,0.0,0.0,0.0,0.0,0.0,0.0,0.0,0.0,0.0,0.08064516129032258,0.0,0.03225806451612903,0.0,0.0,0.0,0.0
1877 PVpo-VMPO-MPN Hmx2 Gaba_1,0.0,0.0,0.0,0.0,0.559322033898305,0.0,0.0,0.0,0.0,0.0,0.00847457627118644,0.0,0.0,0.00847457627118644,0.0,0.0,0.01694915254237288,0.0,0.3135593220338983,0.0,0.06779661016949153,0.0,0.0,0.0,0.025423728813559324
1878 PVpo-VMPO-MPN Hmx2 Gaba_1,0.0,0.0,0.0,0.0,0.92,0.0,0.0,0.0,0.0,0.0,0.02,0.0,0.0,0.0,0.0,0.0,0.02,0.0,0.02,0.0,0.02,0.0,0.0,0.0,0.0
1879 PVpo-VMPO-MPN Hmx2 Gaba_1,0.0,0.0,0.0,0.0,0.8777777777777778,0.0,0.0,0.0,0.0,0.0,0.011111111111111112,0.0,0.0,0.011111111111111112,0.0,0.0,0.022222222222222223,0.0,0.05555555555555555,0.0,0.011111111111111112,0.0,0.0,0.0,0.011111111111111112
1880 PVpo-VMPO-MPN Hmx2 Gaba_1,0.0,0.0,0.0,0.0,1.0,0.0,0.0,0.0,0.0,0.0,0.0,0.0,0.0,0.0,0.0,0.0,0.0,0.0,0.0,0.0,0.0,0.0,0.0,0.0,0.0
1881 PVpo-VMPO-MPN Hmx2 Gaba_1,0.0,0.0,0.0,0.0,1.0,0.0,0.0,0.0,0.0,0.0,0.0,0.0,0.0,0.0,0.0,0.0,0.0,0.0,0.0,0.0,0.0,0.0,0.0,0.0,0.0
1882 PVpo-VMPO-MPN Hmx2 Gaba_1,0.0,0.0,0.0,0.0,0.6274509803921569,0.0,0.0,0.0,0.0,0.0,0.0196078431372549,0.00980392156862745,0.00980392156862745,0.029411764705882353,0.0,0.0,0.00980392156862745,0.0,0.23529411764705882,0.0,0.0392156862745098,0.0,0.00980392156862745,0.0,0.00980392156862745
1883 PVpo-VMPO-MPN Hmx2 Gaba_1,0.0,0.0,0.0,0.0,0.8695652173913043,0.0,0.0,0.0,0.0,0.0,0.021739130434782608,0.0,0.0,0.0,0.0,0.0,0.043478260869565216,0.0,0.021739130434782608,0.0,0.021739130434782608,0.0,0.0,0.0,0.021739130434782608
1884 PVpo-VMPO-MPN Hmx2 Gaba_1,0.0,0.0,0.0,0.0,0.7864077669902912,0.0,0.0,0.0,0.0,0.0,0.009708737864077669,0.0,0.0,0.009708737864077669,0.0,0.0,0.009708737864077669,0.0,0.14563106796116504,0.0,0.038834951456310676,0.0,0.0,0.0,0.0
1885 PVpo-VMPO-MPN Hmx2 Gaba_1,0.0,0.0,0.0,0.0,0.875,0.0,0.0,0.0,0.0,0.0,0.0,0.0,0.0,0.0,0.0,0.0,0.0,0.0,0.125,0.0,0.0,0.0,0.0,0.0,0.0
1886 PVpo-VMPO-MPN Hmx2 Gaba_1,0.0,0.0,0.0,0.0,0.6853932584269663,0.0,0.0,0.0,0.0,0.0,0.0,0.0,0.0,0.0,0.0,0.0,0.02247191011235955,0.0,0.20224719101123595,0.0,0.06741573033707865,0.0,0.0,0.0,0.02247191011235955
1887 PVpo-VMPO-MPN Hmx2 Gaba_1,0.0,0.0,0.0,0.0,0.9224806201550387,0.0,0.0,0.0,0.0,0.0,0.06201550387596899,0.0,0.0,0.0,0.0,0.0,0.0,0.0,0.0,0.0,0.015503875968992248,0.0,0.0,0.0,0.0
1888 PVpo-VMPO-MPN Hmx2 Gaba_2,0.0,0.0,0.0,0.0,0.9230769230769231,0.0,0.0,0.0,0.0,0.0,0.019230769230769232,0.0,0.0,0.019230769230769232,0.0,0.0,0.019230769230769232,0.0,0.0,0.0,0.019230769230769232,0.0,0.0,0.0,0.0
1889 PVpo-VMPO-MPN Hmx2 Gaba_2,0.0,0.0,0.0,0.0,0.9047619047619048,0.0,0.006802721088435374,0.006802721088435374,0.0,0.006802721088435374,0.034013605442176874,0.027210884353741496,0.0,0.006802721088435374,0.0,0.0,0.0,0.0,0.006802721088435374,0.0,0.0,0.0,0.0,0.0,0.0
1890 PVpo-VMPO-MPN Hmx2 Gaba_2,0.0,0.0,0.0,0.0,0.9693877551020408,0.0,0.0,0.0,0.0,0.0,0.030612244897959183,0.0,0.0,0.0,0.0,0.0,0.0,0.0,0.0,0.0,0.0,0.0,0.0,0.0,0.0
1891 PVpo-VMPO-MPN Hmx2 Gaba_2,0.0,0.0,0.0,0.0,0.7916666666666666,0.0,0.0,0.0,0.0,0.0,0.0,0.0,0.0,0.041666666666666664,0.0,0.0,0.0,0.0,0.041666666666666664,0.0,0.125,0.0,0.0,0.0,0.0
1892 PVpo-VMPO-MPN Hmx2 Gaba_2,0.0,0.0,0.0,0.0,0.9137931034482759,0.0,0.0,0.0,0.0,0.0,0.07758620689655173,0.0,0.0,0.0,0.0,0.0,0.0,0.0,0.0,0.0,0.008620689655172414,0.0,0.0,0.0,0.0
1893 PVpo-VMPO-MPN Hmx2 Gaba_2,0.0,0.0,0.0,0.0,0.8564356435643564,0.0,0.0049504950495049506,0.0,0.0,0.0024752475247524753,0.12623762376237624,0.0024752475247524753,0.0,0.0,0.0,0.0,0.0,0.0,0.0024752475247524753,0.0024752475247524753,0.0024752475247524753,0.0,0.0,0.0,0.0
1894 PVpo-VMPO-MPN Hmx2 Gaba_2,0.0,0.0,0.0,0.0,0.9076923076923077,0.0,0.0,0.0,0.0,0.0,0.041025641025641026,0.0,0.0,0.010256410256410256,0.0,0.0,0.0,0.0,0.035897435897435895,0.0,0.005128205128205128,0.0,0.0,0.0,0.0
1895 PVpo-VMPO-MPN Hmx2 Gaba_2,0.0,0.0,0.0,0.0,1.0,0.0,0.0,0.0,0.0,0.0,0.0,0.0,0.0,0.0,0.0,0.0,0.0,0.0,0.0,0.0,0.0,0.0,0.0,0.0,0.0
1896 PVpo-VMPO-MPN Hmx2 Gaba_2,0.0,0.017241379310344827,0.0,0.0,0.7413793103448276,0.0,0.017241379310344827,0.0,0.0,0.0,0.017241379310344827,0.0,0.0,0.0,0.0,0.0,0.0,0.0,0.1896551724137931,0.0,0.017241379310344827,0.0,0.0,0.0,0.0
1897 PVpo-VMPO-MPN Hmx2 Gaba_2,0.0,0.0,0.0,0.0,0.8507462686567164,0.0,0.0,0.0,0.0,0.0,0.0,0.0,0.0,0.0,0.0,0.0,0.0,0.0,0.07462686567164178,0.0,0.07462686567164178,0.0,0.0,0.0,0.0
1898 PVpo-VMPO-MPN Hmx2 Gaba_2,0.0,0.0,0.0,0.0,1.0,0.0,0.0,0.0,0.0,0.0,0.0,0.0,0.0,0.0,0.0,0.0,0.0,0.0,0.0,0.0,0.0,0.0,0.0,0.0,0.0
1899 PVpo-VMPO-MPN Hmx2 Gaba_2,0.0,0.0,0.0,0.0,0.875,0.0,0.0,0.0,0.0,0.0,0.0,0.0,0.0,0.025,0.0,0.0,0.0,0.0,0.05,0.0,0.05,0.0,0.0,0.0,0.0
1900 PVpo-VMPO-MPN Hmx2 Gaba_2,0.0,0.0,0.0,0.0,0.7784431137724551,0.0,0.0,0.0,0.0,0.0,0.20958083832335328,0.0,0.0,0.0,0.0,0.0,0.0,0.0,0.0,0.0,0.011976047904191617,0.0,0.0,0.0,0.0
1901 PVpo-VMPO-MPN Hmx2 Gaba_2,0.0,0.0,0.0,0.0,0.91,0.0,0.0,0.0,0.0,0.01,0.07,0.01,0.0,0.0,0.0,0.0,0.0,0.0,0.0,0.0,0.0,0.0,0.0,0.0,0.0
1902 PVpo-VMPO-MPN Hmx2 Gaba_2,0.0,0.0,0.0,0.0,0.941747572815534,0.0,0.009708737864077669,0.0,0.0,0.0,0.04854368932038835,0.0,0.0,0.0,0.0,0.0,0.0,0.0,0.0,0.0,0.0,0.0,0.0,0.0,0.0
1903 PVpo-VMPO-MPN Hmx2 Gaba_2,0.0,0.0,0.0,0.0,0.8954248366013072,0.0,0.0392156862745098,0.0,0.0,0.0,0.006535947712418301,0.013071895424836602,0.006535947712418301,0.0,0.0,0.0,0.0,0.0,0.006535947712418301,0.006535947712418301,0.013071895424836602,0.006535947712418301,0.006535947712418301,0.0,0.0
1904 PVpo-VMPO-MPN Hmx2 Gaba_3,0.0,0.0,0.0,0.0,0.9259259259259259,0.0,0.0,0.0,0.0,0.0,0.0,0.0,0.0,0.037037037037037035,0.0,0.0,0.037037037037037035,0.0,0.0,0.0,0.0,0.0,0.0,0.0,0.0
1905 PVpo-VMPO-MPN Hmx2 Gaba_3,0.0,0.0,0.0,0.0,0.9523809523809523,0.0,0.0,0.0,0.0,0.0,0.0,0.047619047619047616,0.0,0.0,0.0,0.0,0.0,0.0,0.0,0.0,0.0,0.0,0.0,0.0,0.0
1906 PVpo-VMPO-MPN Hmx2 Gaba_3,0.0,0.0,0.0,0.0,0.9135802469135802,0.0,0.0,0.0,0.0,0.0,0.06172839506172839,0.012345679012345678,0.0,0.012345679012345678,0.0,0.0,0.0,0.0,0.0,0.0,0.0,0.0,0.0,0.0,0.0
1907 PVpo-VMPO-MPN Hmx2 Gaba_3,0.0,0.0,0.0,0.0,0.7837837837837838,0.0,0.0,0.0,0.0,0.0,0.0,0.0,0.0,0.10810810810810811,0.0,0.0,0.02702702702702703,0.0,0.02702702702702703,0.0,0.05405405405405406,0.0,0.0,0.0,0.0
1908 PVpo-VMPO-MPN Hmx2 Gaba_3,0.0,0.0,0.0,0.0,0.8235294117647058,0.0,0.0,0.0,0.0,0.0,0.029411764705882353,0.0,0.0,0.11764705882352941,0.0,0.0,0.029411764705882353,0.0,0.0,0.0,0.0,0.0,0.0,0.0,0.0
1909 PVpo-VMPO-MPN Hmx2 Gaba_3,0.0,0.0,0.0,0.0,0.9464285714285714,0.0,0.0,0.0,0.0,0.0,0.05357142857142857,0.0,0.0,0.0,0.0,0.0,0.0,0.0,0.0,0.0,0.0,0.0,0.0,0.0,0.0
1910 PVpo-VMPO-MPN Hmx2 Gaba_4,0.0,0.0,0.0,0.0,0.8723404255319149,0.0,0.0,0.0,0.0,0.0,0.0,0.0,0.0,0.06382978723404255,0.0,0.0,0.02127659574468085,0.0,0.0,0.0,0.0425531914893617,0.0,0.0,0.0,0.0
1911 PVpo-VMPO-MPN Hmx2 Gaba_4,0.0,0.0,0.0,0.0,0.8939393939393939,0.0,0.0,0.0,0.0,0.0,0.015151515151515152,0.045454545454545456,0.0,0.0,0.0,0.0,0.0,0.0,0.030303030303030304,0.0,0.015151515151515152,0.0,0.0,0.0,0.0
1912 PVpo-VMPO-MPN Hmx2 Gaba_5,0.0,0.0,0.0,0.0,0.9166666666666666,0.0,0.0,0.0,0.0,0.0,0.0,0.0,0.0,0.041666666666666664,0.0,0.0,0.0,0.0,0.041666666666666664,0.0,0.0,0.0,0.0,0.0,0.0
1913 PVpo-VMPO-MPN Hmx2 Gaba_5,0.0,0.0,0.0,0.0,0.8701298701298701,0.0,0.0,0.0,0.0,0.0,0.0,0.0,0.0,0.03896103896103896,0.0,0.0,0.012987012987012988,0.0,0.025974025974025976,0.0,0.05194805194805195,0.0,0.0,0.0,0.0
1914 PVpo-VMPO-MPN Hmx2 Gaba_5,0.0,0.0,0.0,0.0,0.9565217391304348,0.0,0.0,0.0,0.0,0.0,0.014492753623188406,0.0,0.0,0.028985507246376812,0.0,0.0,0.0,0.0,0.0,0.0,0.0,0.0,0.0,0.0,0.0
1915 PVpo-VMPO-MPN Hmx2 Gaba_5,0.0,0.0,0.0,0.0,1.0,0.0,0.0,0.0,0.0,0.0,0.0,0.0,0.0,0.0,0.0,0.0,0.0,0.0,0.0,0.0,0.0,0.0,0.0,0.0,0.0
1916 PVpo-VMPO-MPN Hmx2 Gaba_5,0.0,0.0,0.0,0.0,1.0,0.0,0.0,0.0,0.0,0.0,0.0,0.0,0.0,0.0,0.0,0.0,0.0,0.0,0.0,0.0,0.0,0.0,0.0,0.0,0.0
1917 DMH Hmx2 Gaba_1,0.0,0.0,0.0,0.0,1.0,0.0,0.0,0.0,0.0,0.0,0.0,0.0,0.0,0.0,0.0,0.0,0.0,0.0,0.0,0.0,0.0,0.0,0.0,0.0,0.0
1918 DMH Hmx2 Gaba_1,0.0,0.0,0.0,0.0,0.9767441860465116,0.0,0.0,0.0,0.0,0.0,0.0,0.0,0.0,0.0,0.0,0.0,0.0,0.0,0.0,0.0,0.0,0.0,0.023255813953488372,0.0,0.0
1919 DMH Hmx2 Gaba_1,0.0,0.0,0.0,0.0,1.0,0.0,0.0,0.0,0.0,0.0,0.0,0.0,0.0,0.0,0.0,0.0,0.0,0.0,0.0,0.0,0.0,0.0,0.0,0.0,0.0
1920 DMH Hmx2 Gaba_1,0.0,0.0,0.0,0.0,1.0,0.0,0.0,0.0,0.0,0.0,0.0,0.0,0.0,0.0,0.0,0.0,0.0,0.0,0.0,0.0,0.0,0.0,0.0,0.0,0.0
1921 DMH Hmx2 Gaba_1,0.0,0.0,0.0,0.0,1.0,0.0,0.0,0.0,0.0,0.0,0.0,0.0,0.0,0.0,0.0,0.0,0.0,0.0,0.0,0.0,0.0,0.0,0.0,0.0,0.0
1922 DMH Hmx2 Gaba_1,0.0,0.0,0.0,0.0,0.9722222222222222,0.0,0.027777777777777776,0.0,0.0,0.0,0.0,0.0,0.0,0.0,0.0,0.0,0.0,0.0,0.0,0.0,0.0,0.0,0.0,0.0,0.0
1923 DMH Hmx2 Gaba_1,0.0,0.0,0.0,0.0,1.0,0.0,0.0,0.0,0.0,0.0,0.0,0.0,0.0,0.0,0.0,0.0,0.0,0.0,0.0,0.0,0.0,0.0,0.0,0.0,0.0
1924 DMH Hmx2 Gaba_1,0.0,0.0,0.0,0.0,0.8888888888888888,0.0,0.0,0.0,0.0,0.0,0.0,0.0,0.012345679012345678,0.0,0.0,0.0,0.0,0.0,0.0,0.0,0.0,0.0,0.09876543209876543,0.0,0.0
1925 DMH Hmx2 Gaba_1,0.0,0.0,0.0,0.0,0.9738562091503268,0.0,0.013071895424836602,0.0,0.0,0.006535947712418301,0.0,0.0,0.0,0.0,0.0,0.0,0.0,0.0,0.0,0.0,0.0,0.0,0.006535947712418301,0.0,0.0
1926 DMH Hmx2 Gaba_1,0.0,0.0,0.0,0.0,0.9807692307692307,0.0,0.019230769230769232,0.0,0.0,0.0,0.0,0.0,0.0,0.0,0.0,0.0,0.0,0.0,0.0,0.0,0.0,0.0,0.0,0.0,0.0
1927 DMH Hmx2 Gaba_1,0.0,0.0,0.0,0.0,1.0,0.0,0.0,0.0,0.0,0.0,0.0,0.0,0.0,0.0,0.0,0.0,0.0,0.0,0.0,0.0,0.0,0.0,0.0,0.0,0.0
1928 DMH Hmx2 Gaba_2,0.0,0.0,0.0,0.0,0.9197080291970803,0.0,0.0,0.0,0.0,0.0,0.0,0.0,0.0,0.0,0.0,0.0,0.0,0.0,0.014598540145985401,0.0,0.0364963503649635,0.0,0.029197080291970802,0.0,0.0
1929 DMH Hmx2 Gaba_2,0.0,0.0,0.0,0.0,0.9625,0.0,0.0,0.0,0.0,0.0125,0.0,0.0,0.0125,0.0,0.0,0.0,0.0,0.0,0.0,0.0,0.0,0.0,0.0125,0.0,0.0
1930 DMH Hmx2 Gaba_2,0.0,0.0,0.0,0.0,0.8367346938775511,0.0,0.10204081632653061,0.0,0.0,0.0,0.0,0.0,0.02040816326530612,0.0,0.0,0.0,0.0,0.0,0.02040816326530612,0.0,0.0,0.0,0.02040816326530612,0.0,0.0
1931 DMH Hmx2 Gaba_2,0.0,0.0,0.0,0.0,1.0,0.0,0.0,0.0,0.0,0.0,0.0,0.0,0.0,0.0,0.0,0.0,0.0,0.0,0.0,0.0,0.0,0.0,0.0,0.0,0.0
1932 DMH Hmx2 Gaba_2,0.0,0.0,0.0,0.0,0.9142857142857143,0.0,0.0,0.0,0.0,0.0,0.0,0.0,0.0,0.02857142857142857,0.0,0.0,0.0,0.0,0.0,0.0,0.02857142857142857,0.0,0.02857142857142857,0.0,0.0
1933 DMH Hmx2 Gaba_2,0.0,0.0,0.0,0.0,0.9722222222222222,0.0,0.0,0.0,0.0,0.0,0.0,0.0,0.0,0.0,0.0,0.0,0.0,0.0,0.0,0.0,0.027777777777777776,0.0,0.0,0.0,0.0
1934 DMH Hmx2 Gaba_2,0.0,0.0,0.0,0.0,0.9692307692307692,0.0,0.0,0.0,0.0,0.0,0.0,0.0,0.0,0.0,0.0,0.0,0.0,0.0,0.0,0.0,0.015384615384615385,0.0,0.015384615384615385,0.0,0.0
1935 DMH Hmx2 Gaba_2,0.0,0.0,0.0,0.0,0.9341317365269461,0.0,0.011976047904191617,0.0,0.011976047904191617,0.0,0.011976047904191617,0.0,0.0,0.005988023952095809,0.0,0.0,0.0,0.0,0.0,0.0,0.005988023952095809,0.0,0.017964071856287425,0.0,0.0
1936 DMH Hmx2 Gaba_2,0.0,0.0,0.0,0.0,0.975609756097561,0.0,0.0,0.0,0.0,0.0,0.024390243902439025,0.0,0.0,0.0,0.0,0.0,0.0,0.0,0.0,0.0,0.0,0.0,0.0,0.0,0.0
1937 DMH Hmx2 Gaba_3,0.0,0.0,0.0,0.0,1.0,0.0,0.0,0.0,0.0,0.0,0.0,0.0,0.0,0.0,0.0,0.0,0.0,0.0,0.0,0.0,0.0,0.0,0.0,0.0,0.0
1938 DMH Hmx2 Gaba_3,0.0,0.0,0.0,0.0,1.0,0.0,0.0,0.0,0.0,0.0,0.0,0.0,0.0,0.0,0.0,0.0,0.0,0.0,0.0,0.0,0.0,0.0,0.0,0.0,0.0
1939 DMH Hmx2 Gaba_3,0.0,0.0,0.0,0.0,1.0,0.0,0.0,0.0,0.0,0.0,0.0,0.0,0.0,0.0,0.0,0.0,0.0,0.0,0.0,0.0,0.0,0.0,0.0,0.0,0.0
1940 DMH Hmx2 Gaba_3,0.0,0.0,0.0,0.0,1.0,0.0,0.0,0.0,0.0,0.0,0.0,0.0,0.0,0.0,0.0,0.0,0.0,0.0,0.0,0.0,0.0,0.0,0.0,0.0,0.0
1941 DMH Hmx2 Gaba_3,0.0,0.0,0.0,0.0,1.0,0.0,0.0,0.0,0.0,0.0,0.0,0.0,0.0,0.0,0.0,0.0,0.0,0.0,0.0,0.0,0.0,0.0,0.0,0.0,0.0
1942 DMH Hmx2 Gaba_3,0.0,0.0,0.0,0.0,0.9928571428571429,0.0,0.0,0.0,0.0,0.0,0.0,0.0,0.0,0.0,0.0,0.0,0.0,0.0,0.0,0.0,0.0,0.0,0.007142857142857143,0.0,0.0
1943 DMH Hmx2 Gaba_3,0.0,0.0,0.0,0.0,0.92,0.0,0.0,0.0,0.0,0.0,0.0,0.0,0.0,0.08,0.0,0.0,0.0,0.0,0.0,0.0,0.0,0.0,0.0,0.0,0.0
1944 DMH Hmx2 Gaba_3,0.0,0.0,0.0,0.0,0.9761904761904762,0.0,0.0,0.0,0.0,0.0,0.0,0.0,0.0,0.0,0.0,0.0,0.0,0.0,0.0,0.0,0.0,0.0,0.023809523809523808,0.0,0.0
1945 DMH Hmx2 Gaba_3,0.0,0.0,0.0,0.0,1.0,0.0,0.0,0.0,0.0,0.0,0.0,0.0,0.0,0.0,0.0,0.0,0.0,0.0,0.0,0.0,0.0,0.0,0.0,0.0,0.0
1946 DMH Hmx2 Gaba_4,0.0,0.0,0.0,0.0,1.0,0.0,0.0,0.0,0.0,0.0,0.0,0.0,0.0,0.0,0.0,0.0,0.0,0.0,0.0,0.0,0.0,0.0,0.0,0.0,0.0
1947 DMH Hmx2 Gaba_4,0.0,0.0,0.0,0.0,0.9821428571428571,0.0,0.017857142857142856,0.0,0.0,0.0,0.0,0.0,0.0,0.0,0.0,0.0,0.0,0.0,0.0,0.0,0.0,0.0,0.0,0.0,0.0
1948 DMH Hmx2 Gaba_4,0.0,0.0,0.0,0.0,1.0,0.0,0.0,0.0,0.0,0.0,0.0,0.0,0.0,0.0,0.0,0.0,0.0,0.0,0.0,0.0,0.0,0.0,0.0,0.0,0.0
1949 DMH Hmx2 Gaba_4,0.0,0.0,0.0,0.0,1.0,0.0,0.0,0.0,0.0,0.0,0.0,0.0,0.0,0.0,0.0,0.0,0.0,0.0,0.0,0.0,0.0,0.0,0.0,0.0,0.0
1950 DMH Hmx2 Gaba_4,0.0,0.0,0.0,0.0,1.0,0.0,0.0,0.0,0.0,0.0,0.0,0.0,0.0,0.0,0.0,0.0,0.0,0.0,0.0,0.0,0.0,0.0,0.0,0.0,0.0
1951 DMH Hmx2 Gaba_4,0.0,0.0,0.0,0.0,1.0,0.0,0.0,0.0,0.0,0.0,0.0,0.0,0.0,0.0,0.0,0.0,0.0,0.0,0.0,0.0,0.0,0.0,0.0,0.0,0.0
1952 DMH Hmx2 Gaba_5,0.0,0.0,0.0,0.0,0.975,0.0,0.0,0.0,0.0,0.0,0.025,0.0,0.0,0.0,0.0,0.0,0.0,0.0,0.0,0.0,0.0,0.0,0.0,0.0,0.0
1953 DMH Hmx2 Gaba_5,0.0,0.0,0.0,0.0,0.9186046511627907,0.0,0.011627906976744186,0.005813953488372093,0.0,0.0,0.03488372093023256,0.005813953488372093,0.0,0.0,0.0,0.0,0.0,0.0,0.005813953488372093,0.005813953488372093,0.0,0.0,0.011627906976744186,0.0,0.0
1954 DMH Hmx2 Gaba_5,0.0,0.0,0.0,0.0,0.95,0.0,0.0,0.0,0.0,0.0,0.0,0.0,0.0,0.0,0.0,0.0,0.0,0.0,0.0,0.0,0.0,0.0,0.05,0.0,0.0
1955 DMH Hmx2 Gaba_5,0.0,0.0,0.0,0.0,0.9728506787330317,0.0,0.0,0.0,0.0,0.0,0.0,0.004524886877828055,0.0,0.0,0.0,0.0,0.0,0.0,0.0,0.0,0.0,0.0,0.01809954751131222,0.0,0.004524886877828055
1956 DMH Hmx2 Gaba_5,0.0,0.0,0.0,0.0,0.9257425742574258,0.0,0.039603960396039604,0.0,0.0,0.009900990099009901,0.019801980198019802,0.0,0.0,0.0,0.0,0.0,0.0,0.0,0.0,0.0,0.0,0.0,0.0049504950495049506,0.0,0.0
1957 DMH Hmx2 Gaba_5,0.0,0.0,0.0,0.0,0.9444444444444444,0.0,0.0,0.0,0.0,0.0,0.05555555555555555,0.0,0.0,0.0,0.0,0.0,0.0,0.0,0.0,0.0,0.0,0.0,0.0,0.0,0.0
1958 DMH Hmx2 Gaba_6,0.0,0.0,0.0,0.0,0.98,0.0,0.0,0.0,0.0,0.0,0.02,0.0,0.0,0.0,0.0,0.0,0.0,0.0,0.0,0.0,0.0,0.0,0.0,0.0,0.0
1959 DMH Hmx2 Gaba_6,0.0,0.0,0.0,0.0,0.9805194805194806,0.0,0.0,0.0,0.0,0.0,0.006493506493506494,0.0,0.0,0.012987012987012988,0.0,0.0,0.0,0.0,0.0,0.0,0.0,0.0,0.0,0.0,0.0
1960 DMH Hmx2 Gaba_6,0.0,0.0,0.0,0.0,0.9411764705882353,0.0,0.0,0.0,0.0,0.0,0.0,0.0,0.0,0.058823529411764705,0.0,0.0,0.0,0.0,0.0,0.0,0.0,0.0,0.0,0.0,0.0
1961 ARH-PVp Tbx3 Gaba_1,0.0,0.0,0.0,0.0,0.9862542955326461,0.0,0.003436426116838488,0.0,0.0,0.0,0.003436426116838488,0.0,0.003436426116838488,0.003436426116838488,0.0,0.0,0.0,0.0,0.0,0.0,0.0,0.0,0.0,0.0,0.0
1962 ARH-PVp Tbx3 Gaba_1,0.0,0.0,0.0,0.0,0.9882352941176471,0.0,0.0,0.0,0.0,0.0,0.0,0.0,0.0,0.011764705882352941,0.0,0.0,0.0,0.0,0.0,0.0,0.0,0.0,0.0,0.0,0.0
1963 ARH-PVp Tbx3 Gaba_1,0.0,0.0,0.0,0.0,1.0,0.0,0.0,0.0,0.0,0.0,0.0,0.0,0.0,0.0,0.0,0.0,0.0,0.0,0.0,0.0,0.0,0.0,0.0,0.0,0.0
1964 ARH-PVp Tbx3 Gaba_1,0.0,0.0,0.0,0.0,0.9882352941176471,0.0,0.0,0.0,0.0,0.0,0.0,0.011764705882352941,0.0,0.0,0.0,0.0,0.0,0.0,0.0,0.0,0.0,0.0,0.0,0.0,0.0
1965 ARH-PVp Tbx3 Gaba_2,0.0,0.0,0.0,0.0,1.0,0.0,0.0,0.0,0.0,0.0,0.0,0.0,0.0,0.0,0.0,0.0,0.0,0.0,0.0,0.0,0.0,0.0,0.0,0.0,0.0
1966 ARH-PVp Tbx3 Gaba_2,0.0,0.0,0.0,0.0,1.0,0.0,0.0,0.0,0.0,0.0,0.0,0.0,0.0,0.0,0.0,0.0,0.0,0.0,0.0,0.0,0.0,0.0,0.0,0.0,0.0
1967 ARH-PVp Tbx3 Gaba_2,0.0,0.0,0.0,0.0,0.9827586206896551,0.0,0.0,0.0,0.0,0.0,0.0,0.0,0.0,0.017241379310344827,0.0,0.0,0.0,0.0,0.0,0.0,0.0,0.0,0.0,0.0,0.0
1968 ARH-PVp Tbx3 Gaba_3,0.0,0.0,0.0,0.0,1.0,0.0,0.0,0.0,0.0,0.0,0.0,0.0,0.0,0.0,0.0,0.0,0.0,0.0,0.0,0.0,0.0,0.0,0.0,0.0,0.0
1969 ARH-PVp Tbx3 Gaba_3,0.0,0.0,0.0,0.0,1.0,0.0,0.0,0.0,0.0,0.0,0.0,0.0,0.0,0.0,0.0,0.0,0.0,0.0,0.0,0.0,0.0,0.0,0.0,0.0,0.0
1970 ARH-PVp Tbx3 Gaba_3,0.0,0.0,0.0,0.0,0.9821428571428571,0.0,0.0,0.0,0.0,0.0,0.0,0.0,0.0,0.008928571428571428,0.0,0.0,0.008928571428571428,0.0,0.0,0.0,0.0,0.0,0.0,0.0,0.0
1971 ARH-PVp Tbx3 Gaba_3,0.0,0.0,0.0,0.0,1.0,0.0,0.0,0.0,0.0,0.0,0.0,0.0,0.0,0.0,0.0,0.0,0.0,0.0,0.0,0.0,0.0,0.0,0.0,0.0,0.0
1972 LGv-ZI Otx2 Gaba_1,0.0,0.0,0.0,0.0,0.0,0.0,0.0,0.0,0.0,0.0,0.06666666666666667,0.0,0.5333333333333333,0.06666666666666667,0.0,0.0,0.13333333333333333,0.0,0.0,0.0,0.0,0.0,0.2,0.0,0.0
1973 LGv-ZI Otx2 Gaba_1,0.0,0.0,0.0,0.0,0.0,0.0,0.0,0.0,0.0,0.0,0.0,0.0,0.9090909090909091,0.0,0.0,0.0,0.0,0.0,0.0,0.0,0.0,0.09090909090909091,0.0,0.0,0.0
1974 LGv-ZI Otx2 Gaba_1,0.0,0.0,0.0,0.0,0.0,0.0,0.0,0.0,0.0,0.0,0.029411764705882353,0.0,0.5294117647058824,0.0,0.0,0.0,0.0,0.0,0.0,0.0,0.2647058823529412,0.08823529411764706,0.08823529411764706,0.0,0.0
1975 LGv-ZI Otx2 Gaba_1,0.0,0.0,0.0,0.0,0.14285714285714285,0.0,0.0,0.0,0.0,0.0,0.0,0.0,0.8571428571428571,0.0,0.0,0.0,0.0,0.0,0.0,0.0,0.0,0.0,0.0,0.0,0.0
1976 LGv-ZI Otx2 Gaba_1,0.0,0.0,0.0,0.0,0.2857142857142857,0.0,0.0,0.0,0.0,0.0,0.0,0.0,0.5714285714285714,0.0,0.0,0.0,0.0,0.0,0.0,0.0,0.0,0.14285714285714285,0.0,0.0,0.0
1977 LGv-ZI Otx2 Gaba_2,0.0,0.0,0.0,0.0,0.0,0.0,0.0,0.0,0.0,0.0,0.0,0.0,0.6428571428571429,0.0,0.0,0.0,0.0,0.0,0.0,0.0,0.35714285714285715,0.0,0.0,0.0,0.0
1978 LGv-ZI Otx2 Gaba_2,0.0,0.0,0.0,0.0,0.36907216494845363,0.0,0.0,0.0,0.0,0.0,0.004123711340206186,0.0,0.511340206185567,0.0,0.0,0.0,0.0,0.0,0.0,0.0,0.05979381443298969,0.05567010309278351,0.0,0.0,0.0
1979 LGv-ZI Otx2 Gaba_3,0.0,0.0,0.0,0.0,0.09615384615384616,0.0,0.0,0.0,0.0,0.0,0.0,0.0,0.3269230769230769,0.0,0.0,0.0,0.057692307692307696,0.0,0.0,0.0,0.4230769230769231,0.038461538461538464,0.057692307692307696,0.0,0.0
1980 LGv-ZI Otx2 Gaba_4,0.0,0.0,0.0,0.0,0.7105263157894737,0.0,0.02631578947368421,0.0,0.0,0.0,0.0,0.0,0.18421052631578946,0.0,0.0,0.0,0.02631578947368421,0.0,0.0,0.0,0.0,0.05263157894736842,0.0,0.0,0.0
1981 LGv-ZI Otx2 Gaba_4,0.0,0.0,0.0,0.0,0.3076923076923077,0.0,0.0,0.0,0.0,0.0,0.0,0.0,0.23076923076923078,0.0,0.0,0.0,0.0,0.0,0.0,0.0,0.0,0.46153846153846156,0.0,0.0,0.0
1982 LGv-ZI Otx2 Gaba_4,0.0,0.0,0.0,0.0,0.13333333333333333,0.0,0.0,0.0,0.0,0.0,0.0,0.0,0.6,0.0,0.0,0.0,0.06666666666666667,0.0,0.0,0.0,0.06666666666666667,0.13333333333333333,0.0,0.0,0.0
1983 LGv-ZI Otx2 Gaba_4,0.0,0.0,0.0,0.0,0.2857142857142857,0.0,0.0,0.0,0.0,0.0,0.0,0.0,0.5,0.0,0.0,0.0,0.0,0.0,0.0,0.0,0.07142857142857142,0.14285714285714285,0.0,0.0,0.0
1984 LGv-ZI Otx2 Gaba_5,0.0,0.0,0.0,0.0038314176245210726,0.30268199233716475,0.0,0.0,0.0,0.0,0.0,0.0,0.0,0.3486590038314176,0.0038314176245210726,0.0,0.0,0.07279693486590039,0.0,0.0038314176245210726,0.0,0.08812260536398467,0.12643678160919541,0.04980842911877394,0.0,0.0
1985 LGv-ZI Otx2 Gaba_5,0.0,0.0,0.0,0.0,0.21428571428571427,0.0,0.0,0.0,0.0,0.0,0.0,0.0,0.5714285714285714,0.0,0.0,0.0,0.07142857142857142,0.0,0.0,0.0,0.0,0.14285714285714285,0.0,0.0,0.0
1986 LGv-ZI Otx2 Gaba_5,0.0,0.0,0.0,0.002770083102493075,0.5290858725761773,0.0,0.002770083102493075,0.0,0.0,0.002770083102493075,0.002770083102493075,0.0,0.20221606648199447,0.0,0.0,0.0,0.013850415512465374,0.0,0.0110803324099723,0.0,0.07202216066481995,0.13573407202216067,0.024930747922437674,0.0,0.0
1987 LGv-ZI Otx2 Gaba_5,0.0,0.0,0.0,0.0,0.35294117647058826,0.0,0.0,0.0,0.0,0.0,0.0,0.0,0.29411764705882354,0.0,0.0,0.0,0.0,0.0,0.0,0.0,0.0,0.35294117647058826,0.0,0.0,0.0
1988 LGv-ZI Otx2 Gaba_5,0.0,0.0,0.0,0.0,0.06666666666666667,0.0,0.0,0.0,0.0,0.0,0.0,0.0,0.4666666666666667,0.0,0.0,0.0,0.0,0.0,0.0,0.0,0.1,0.3333333333333333,0.03333333333333333,0.0,0.0
1989 BST-po Iigp1 Glut_1,0.0,0.0,0.0,0.0,0.02564102564102564,0.0,0.0,0.0,0.0,0.0,0.2564102564102564,0.0,0.5201465201465202,0.0,0.0,0.0,0.06593406593406594,0.0,0.0,0.0,0.054945054945054944,0.0,0.07692307692307693,0.0,0.0
1990 TRS-BAC Sln Glut_1,0.0,0.0,0.0,0.0055579307396323215,0.016673792218896963,0.0,0.0,0.0,0.0,0.0,0.13809320222317228,0.2556648140230868,0.0,0.3065412569474134,0.0,0.0,0.02394185549380077,0.0,0.0,0.0,0.0008550662676357417,0.0,0.2526720820863617,0.0,0.0
1991 TRS-BAC Sln Glut_1,0.0,0.0,0.0,0.0,0.05069124423963134,0.0,0.0,0.0,0.0,0.0,0.004608294930875576,0.1152073732718894,0.059907834101382486,0.5806451612903226,0.0,0.0,0.0,0.0,0.0,0.0,0.0,0.0,0.1889400921658986,0.0,0.0
1992 TRS-BAC Sln Glut_1,0.0,0.0,0.0,0.0,0.013793103448275862,0.0,0.0,0.0,0.0,0.0,0.005172413793103448,0.09310344827586207,0.09655172413793103,0.6258620689655172,0.0,0.0,0.017241379310344827,0.0,0.0,0.0,0.0,0.0,0.1482758620689655,0.0,0.0
1993 TRS-BAC Sln Glut_2,0.0,0.0,0.0,0.0,0.034666666666666665,0.0,0.0,0.0,0.0,0.0,0.3333333333333333,0.06666666666666667,0.010666666666666666,0.0,0.0,0.0,0.0026666666666666666,0.0,0.0,0.0,0.17333333333333334,0.0,0.37866666666666665,0.0,0.0
1994 TRS-BAC Sln Glut_2,0.0,0.0,0.0,0.0,0.13793103448275862,0.0,0.0,0.0,0.0,0.0,0.05517241379310345,0.006896551724137931,0.0896551724137931,0.0,0.0,0.0,0.006896551724137931,0.0,0.0,0.0,0.15862068965517243,0.006896551724137931,0.5379310344827586,0.0,0.0
1995 GPi Tbr1 Cngb3 Gaba-Glut_1,0.0,0.0,0.0,0.0,0.6153846153846154,0.0,0.0,0.0,0.0,0.0,0.23076923076923078,0.0,0.0,0.0,0.0,0.0,0.0,0.0,0.0,0.0,0.0,0.15384615384615385,0.0,0.0,0.0
1996 GPi Tbr1 Cngb3 Gaba-Glut_1,0.0,0.0,0.0,0.0,0.13157894736842105,0.0,0.0,0.0,0.0,0.0,0.5789473684210527,0.0,0.0,0.0,0.0,0.0,0.0,0.0,0.0,0.0,0.0,0.2894736842105263,0.0,0.0,0.0
1997 GPi Tbr1 Cngb3 Gaba-Glut_1,0.0,0.0,0.0,0.0,0.4444444444444444,0.0,0.0,0.0,0.0,0.0,0.4444444444444444,0.0,0.0,0.0,0.0,0.0,0.0,0.0,0.0,0.1111111111111111,0.0,0.0,0.0,0.0,0.0
1998 MEA-COA-BMA Ccdc42 Glut_1,0.0,0.0,0.8247863247863247,0.0,0.0,0.0,0.0,0.0,0.004273504273504274,0.0,0.004273504273504274,0.16666666666666666,0.0,0.0,0.0,0.0,0.0,0.0,0.0,0.0,0.0,0.0,0.0,0.0,0.0
1999 MEA-COA-BMA Ccdc42 Glut_1,0.0,0.0,0.4716981132075472,0.0,0.009433962264150943,0.0,0.0,0.0,0.09433962264150944,0.0,0.009433962264150943,0.4056603773584906,0.0,0.0,0.0,0.0,0.0,0.0,0.0,0.0,0.0,0.0,0.009433962264150943,0.0,0.0
2000 MEA-COA-BMA Ccdc42 Glut_1,0.0,0.0,0.7703349282296651,0.0,0.0,0.0,0.0,0.0,0.0645933014354067,0.0,0.0,0.1638755980861244,0.0,0.0,0.0,0.0,0.0,0.0,0.0,0.0,0.0,0.0,0.0011961722488038277,0.0,0.0
2001 MEA-COA-BMA Ccdc42 Glut_1,0.0,0.0,0.8556701030927835,0.0,0.0,0.0,0.0,0.0,0.08247422680412371,0.0,0.0,0.061855670103092786,0.0,0.0,0.0,0.0,0.0,0.0,0.0,0.0,0.0,0.0,0.0,0.0,0.0
2002 MEA-COA-BMA Ccdc42 Glut_1,0.0,0.0,0.5507246376811594,0.0,0.0,0.0,0.0,0.0,0.1932367149758454,0.0,0.004830917874396135,0.2318840579710145,0.0,0.0,0.0,0.0,0.0,0.0,0.0,0.0,0.0,0.0,0.01932367149758454,0.0,0.0
2003 MEA-COA-BMA Ccdc42 Glut_1,0.0,0.0,0.7664907651715039,0.0,0.0,0.0,0.0,0.0,0.08575197889182058,0.0,0.0013192612137203166,0.14643799472295516,0.0,0.0,0.0,0.0,0.0,0.0,0.0,0.0,0.0,0.0,0.0,0.0,0.0
2004 MEA-COA-BMA Ccdc42 Glut_2,0.0,0.0,0.5092936802973977,0.0,0.0037174721189591076,0.0,0.0,0.0,0.38661710037174724,0.0,0.0,0.10037174721189591,0.0,0.0,0.0,0.0,0.0,0.0,0.0,0.0,0.0,0.0,0.0,0.0,0.0
2005 MEA-COA-BMA Ccdc42 Glut_3,0.0,0.0,0.0,0.0,0.0,0.0,0.0,0.0,0.0,0.0,0.0,1.0,0.0,0.0,0.0,0.0,0.0,0.0,0.0,0.0,0.0,0.0,0.0,0.0,0.0
2006 MEA-COA-BMA Ccdc42 Glut_3,0.0,0.0,0.04891684136967156,0.0,0.0006988120195667365,0.0,0.0,0.0,0.013976240391334731,0.0,0.016771488469601678,0.9175401816911251,0.0,0.0,0.0,0.0,0.0,0.0,0.001397624039133473,0.0,0.0,0.0,0.0006988120195667365,0.0,0.0
2007 MEA-COA-BMA Ccdc42 Glut_3,0.0,0.0,0.08695652173913043,0.0,0.0,0.0,0.010869565217391304,0.0,0.021739130434782608,0.0,0.0,0.8804347826086957,0.0,0.0,0.0,0.0,0.0,0.0,0.0,0.0,0.0,0.0,0.0,0.0,0.0
2008 MEA-COA-BMA Ccdc42 Glut_3,0.0,0.0,0.01529051987767584,0.0,0.0030581039755351682,0.0,0.0,0.0,0.009174311926605505,0.0,0.009174311926605505,0.9602446483180428,0.0,0.0,0.0,0.0,0.0,0.0,0.0,0.0,0.0,0.0,0.0030581039755351682,0.0,0.0
2009 MEA-COA-BMA Ccdc42 Glut_3,0.0,0.0,0.029850746268656716,0.0,0.0,0.0,0.0,0.0,0.014925373134328358,0.0,0.0,0.9552238805970149,0.0,0.0,0.0,0.0,0.0,0.0,0.0,0.0,0.0,0.0,0.0,0.0,0.0
2010 MEA-COA-BMA Ccdc42 Glut_4,0.0,0.0,0.332,0.0,0.0,0.0,0.0,0.0,0.196,0.0,0.0,0.468,0.0,0.0,0.0,0.0,0.0,0.0,0.0,0.0,0.0,0.0,0.0,0.0,0.004
2011 MEA-COA-BMA Ccdc42 Glut_4,0.0,0.0,0.375,0.0,0.0,0.0,0.0,0.0,0.5260416666666666,0.0,0.0,0.09895833333333333,0.0,0.0,0.0,0.0,0.0,0.0,0.0,0.0,0.0,0.0,0.0,0.0,0.0
2012 MEA-COA-BMA Ccdc42 Glut_4,0.0,0.0,0.4186046511627907,0.0,0.0,0.0,0.0,0.0,0.18604651162790697,0.0,0.0,0.3953488372093023,0.0,0.0,0.0,0.0,0.0,0.0,0.0,0.0,0.0,0.0,0.0,0.0,0.0
2013 MEA-COA-BMA Ccdc42 Glut_4,0.0,0.0,0.07352941176470588,0.0,0.0,0.0,0.0,0.0,0.16176470588235295,0.0,0.0,0.7647058823529411,0.0,0.0,0.0,0.0,0.0,0.0,0.0,0.0,0.0,0.0,0.0,0.0,0.0
2014 COAa-PAA-MEA Barhl2 Glut_1,0.0,0.0,0.0,0.0,0.0,0.0,0.0,0.0,0.5294117647058824,0.0,0.058823529411764705,0.4117647058823529,0.0,0.0,0.0,0.0,0.0,0.0,0.0,0.0,0.0,0.0,0.0,0.0,0.0
2015 COAa-PAA-MEA Barhl2 Glut_1,0.0,0.0,0.45664739884393063,0.0,0.005780346820809248,0.0,0.011560693641618497,0.0,0.3179190751445087,0.0,0.017341040462427744,0.17341040462427745,0.0,0.0,0.0,0.0,0.0,0.0,0.0,0.0,0.0,0.011560693641618497,0.005780346820809248,0.0,0.0
2016 COAa-PAA-MEA Barhl2 Glut_1,0.0,0.0,0.26356589147286824,0.0,0.0,0.0,0.0,0.0,0.3488372093023256,0.0,0.0,0.3875968992248062,0.0,0.0,0.0,0.0,0.0,0.0,0.0,0.0,0.0,0.0,0.0,0.0,0.0
2017 COAa-PAA-MEA Barhl2 Glut_1,0.0,0.0,0.20955882352941177,0.0,0.0,0.007352941176470588,0.0,0.0,0.7536764705882353,0.0,0.0,0.011029411764705883,0.0,0.0,0.0,0.0,0.0,0.0,0.01838235294117647,0.0,0.0,0.0,0.0,0.0,0.0
2018 COAa-PAA-MEA Barhl2 Glut_1,0.0,0.0,0.49107142857142855,0.0,0.0,0.0,0.008928571428571428,0.0,0.375,0.0,0.0,0.125,0.0,0.0,0.0,0.0,0.0,0.0,0.0,0.0,0.0,0.0,0.0,0.0,0.0
2019 COAa-PAA-MEA Barhl2 Glut_1,0.0,0.0,0.36257309941520466,0.0,0.0,0.0,0.0,0.0,0.5730994152046783,0.0,0.0,0.06432748538011696,0.0,0.0,0.0,0.0,0.0,0.0,0.0,0.0,0.0,0.0,0.0,0.0,0.0
2020 COAa-PAA-MEA Barhl2 Glut_1,0.0,0.0,0.49295774647887325,0.0,0.0,0.0,0.0,0.0,0.2676056338028169,0.0,0.0,0.23943661971830985,0.0,0.0,0.0,0.0,0.0,0.0,0.0,0.0,0.0,0.0,0.0,0.0,0.0
2021 COAa-PAA-MEA Barhl2 Glut_1,0.0,0.0,0.16326530612244897,0.0,0.0,0.0,0.0,0.0,0.10204081632653061,0.0,0.0,0.6530612244897959,0.0,0.0,0.0,0.0,0.0,0.0,0.0,0.0,0.0,0.0,0.08163265306122448,0.0,0.0
2022 COAa-PAA-MEA Barhl2 Glut_1,0.0,0.0,0.4864864864864865,0.0,0.0,0.0,0.0,0.0,0.40540540540540543,0.0,0.0,0.10810810810810811,0.0,0.0,0.0,0.0,0.0,0.0,0.0,0.0,0.0,0.0,0.0,0.0,0.0
2023 COAa-PAA-MEA Barhl2 Glut_1,0.0,0.0,0.3010204081632653,0.0,0.0,0.0,0.0,0.0,0.3877551020408163,0.0,0.0,0.3112244897959184,0.0,0.0,0.0,0.0,0.0,0.0,0.0,0.0,0.0,0.0,0.0,0.0,0.0
2024 COAa-PAA-MEA Barhl2 Glut_2,0.0,0.0,0.2717391304347826,0.010869565217391304,0.0,0.15217391304347827,0.0,0.0,0.4891304347826087,0.0,0.0,0.06521739130434782,0.0,0.0,0.0,0.0,0.0,0.0,0.010869565217391304,0.0,0.0,0.0,0.0,0.0,0.0
2025 COAa-PAA-MEA Barhl2 Glut_2,0.0,0.0,0.5045871559633027,0.0,0.009174311926605505,0.009174311926605505,0.0,0.0,0.28440366972477066,0.0,0.009174311926605505,0.1743119266055046,0.0,0.0,0.0,0.0,0.0,0.0,0.0,0.0,0.0,0.0,0.009174311926605505,0.0,0.0
2026 COAa-PAA-MEA Barhl2 Glut_2,0.0,0.0,0.5170068027210885,0.0,0.0,0.0,0.0,0.0,0.3469387755102041,0.0,0.0,0.1292517006802721,0.0,0.0,0.0,0.0,0.0,0.0,0.0,0.0,0.0,0.0,0.006802721088435374,0.0,0.0
2027 COAa-PAA-MEA Barhl2 Glut_3,0.0,0.0,0.0072992700729927005,0.0,0.0,0.0,0.0,0.0,0.49635036496350365,0.0,0.0,0.291970802919708,0.0,0.0,0.0,0.0,0.0,0.0,0.021897810218978103,0.0,0.0,0.0,0.0,0.0,0.18248175182481752
2028 COAa-PAA-MEA Barhl2 Glut_3,0.0,0.0,0.030303030303030304,0.0,0.0,0.0,0.0,0.0,0.19696969696969696,0.0,0.0,0.7121212121212122,0.0,0.0,0.0,0.0,0.0,0.0,0.0,0.0,0.0,0.0,0.0,0.0,0.06060606060606061
2029 COAa-PAA-MEA Barhl2 Glut_3,0.0,0.0,0.12301587301587301,0.0,0.0,0.0,0.0,0.0,0.11904761904761904,0.0,0.0,0.753968253968254,0.0,0.0,0.0,0.0,0.0,0.0,0.0,0.0,0.0,0.0,0.0,0.0,0.003968253968253968
2030 COAa-PAA-MEA Barhl2 Glut_3,0.0,0.0,0.012195121951219513,0.0,0.0,0.0,0.0,0.0,0.06097560975609756,0.0,0.0,0.926829268292683,0.0,0.0,0.0,0.0,0.0,0.0,0.0,0.0,0.0,0.0,0.0,0.0,0.0
2031 COAa-PAA-MEA Barhl2 Glut_3,0.0,0.0,0.0975609756097561,0.0,0.0,0.0,0.012195121951219513,0.0,0.07317073170731707,0.0,0.012195121951219513,0.7926829268292683,0.0,0.0,0.0,0.0,0.0,0.0,0.0,0.0,0.0,0.0,0.0,0.0,0.012195121951219513
2032 COAa-PAA-MEA Barhl2 Glut_4,0.0,0.0,0.46153846153846156,0.038461538461538464,0.0,0.04871794871794872,0.0,0.0,0.1717948717948718,0.0,0.0,0.24615384615384617,0.0,0.0,0.0,0.0,0.0,0.0,0.002564102564102564,0.0,0.0,0.02564102564102564,0.005128205128205128,0.0,0.0
2033 COAa-PAA-MEA Barhl2 Glut_4,0.0,0.0,0.25165562913907286,0.052980132450331126,0.0,0.08609271523178808,0.0,0.0,0.5298013245033113,0.0,0.0,0.013245033112582781,0.0,0.0,0.0,0.0,0.0,0.0,0.052980132450331126,0.0,0.0,0.013245033112582781,0.0,0.0,0.0
2034 COAa-PAA-MEA Barhl2 Glut_4,0.0,0.0,0.2247191011235955,0.0,0.0,0.0056179775280898875,0.0,0.0,0.7247191011235955,0.0,0.0,0.033707865168539325,0.0,0.0,0.0,0.0,0.0,0.0,0.0056179775280898875,0.0,0.0,0.0,0.0056179775280898875,0.0,0.0
2035 COAa-PAA-MEA Barhl2 Glut_5,0.0,0.0,0.45454545454545453,0.0,0.0,0.0,0.0,0.0,0.3090909090909091,0.0,0.0,0.21818181818181817,0.0,0.0,0.0,0.0,0.0,0.0,0.0,0.0,0.0,0.0,0.01818181818181818,0.0,0.0
2036 COAa-PAA-MEA Barhl2 Glut_5,0.0,0.0,0.592,0.0,0.0,0.032,0.0,0.0,0.24,0.0,0.0,0.112,0.0,0.0,0.0,0.0,0.0,0.0,0.008,0.0,0.0,0.008,0.008,0.0,0.0
2037 COAa-PAA-MEA Barhl2 Glut_5,0.0,0.0,0.4943820224719101,0.0,0.0,0.0,0.0,0.0,0.38202247191011235,0.0,0.0,0.10112359550561797,0.0,0.0,0.0,0.0,0.0,0.0,0.0,0.0,0.0,0.011235955056179775,0.011235955056179775,0.0,0.0
2038 COAa-PAA-MEA Barhl2 Glut_6,0.0,0.0,0.376,0.04,0.0,0.064,0.0,0.0,0.488,0.0,0.0,0.016,0.0,0.0,0.0,0.016,0.0,0.0,0.0,0.0,0.0,0.0,0.0,0.0,0.0
2039 COAa-PAA-MEA Barhl2 Glut_6,0.0,0.0,0.07381193124368049,0.034378159757330634,0.0,0.11122345803842265,0.0,0.0,0.7785642062689585,0.0,0.0,0.0,0.0,0.0,0.0,0.0,0.0,0.0,0.0,0.0,0.0,0.0010111223458038423,0.0010111223458038423,0.0,0.0
2040 COAa-PAA-MEA Barhl2 Glut_6,0.0,0.0,0.6875,0.005681818181818182,0.0,0.017045454545454544,0.0,0.0,0.10227272727272728,0.0,0.0,0.125,0.0,0.0,0.0,0.0,0.0,0.0,0.0,0.0,0.0,0.03977272727272727,0.022727272727272728,0.0,0.0
2041 COAa-PAA-MEA Barhl2 Glut_7,0.0,0.0,0.08163265306122448,0.0,0.0,0.0,0.0,0.0,0.04081632653061224,0.0,0.02040816326530612,0.7346938775510204,0.0,0.0,0.0,0.0,0.0,0.0,0.0,0.0,0.0,0.0,0.12244897959183673,0.0,0.0
2042 COAa-PAA-MEA Barhl2 Glut_7,0.0,0.0,0.03508771929824561,0.0,0.12280701754385964,0.0,0.0,0.0,0.05263157894736842,0.0,0.21052631578947367,0.5789473684210527,0.0,0.0,0.0,0.0,0.0,0.0,0.0,0.0,0.0,0.0,0.0,0.0,0.0
2043 COAa-PAA-MEA Barhl2 Glut_7,0.0,0.0,0.08771929824561403,0.0,0.017543859649122806,0.0,0.0,0.0,0.08771929824561403,0.0,0.07017543859649122,0.7192982456140351,0.0,0.0,0.0,0.0,0.017543859649122806,0.0,0.0,0.0,0.0,0.0,0.0,0.0,0.0
2044 COAa-PAA-MEA Barhl2 Glut_7,0.0,0.0,0.0,0.0,0.15151515151515152,0.0,0.0,0.0,0.030303030303030304,0.0,0.2727272727272727,0.5454545454545454,0.0,0.0,0.0,0.0,0.0,0.0,0.0,0.0,0.0,0.0,0.0,0.0,0.0
2045 COAa-PAA-MEA Barhl2 Glut_7,0.0,0.0,0.0,0.0,0.16,0.0,0.0,0.0,0.0,0.0,0.26,0.52,0.0,0.0,0.0,0.0,0.0,0.0,0.0,0.0,0.0,0.0,0.06,0.0,0.0
2046 COAa-PAA-MEA Barhl2 Glut_7,0.0,0.0,0.0,0.0,0.15151515151515152,0.0,0.0,0.0,0.09090909090909091,0.0,0.21212121212121213,0.5454545454545454,0.0,0.0,0.0,0.0,0.0,0.0,0.0,0.0,0.0,0.0,0.0,0.0,0.0
2047 COAa-PAA-MEA Barhl2 Glut_7,0.0,0.0,0.0,0.0,0.08823529411764706,0.0,0.0,0.0,0.0,0.0,0.35294117647058826,0.5588235294117647,0.0,0.0,0.0,0.0,0.0,0.0,0.0,0.0,0.0,0.0,0.0,0.0,0.0
2048 COAa-PAA-MEA Barhl2 Glut_7,0.0,0.0,0.018867924528301886,0.0,0.05660377358490566,0.0,0.0,0.0,0.07547169811320754,0.0,0.05660377358490566,0.7924528301886793,0.0,0.0,0.0,0.0,0.0,0.0,0.0,0.0,0.0,0.0,0.0,0.0,0.0
2049 COAa-PAA-MEA Barhl2 Glut_8,0.0,0.0,0.05,0.0,0.05,0.0,0.025,0.0,0.15,0.025,0.15,0.525,0.0,0.0,0.0,0.0,0.0,0.0,0.025,0.0,0.0,0.0,0.0,0.0,0.0
2050 COAa-PAA-MEA Barhl2 Glut_8,0.0,0.0,0.05555555555555555,0.0,0.0,0.0,0.0,0.0,0.05555555555555555,0.0,0.16666666666666666,0.7222222222222222,0.0,0.0,0.0,0.0,0.0,0.0,0.0,0.0,0.0,0.0,0.0,0.0,0.0
2051 COAa-PAA-MEA Barhl2 Glut_8,0.0,0.0,0.1,0.0,0.0,0.0,0.0,0.0,0.0,0.0,0.15,0.7,0.0,0.0,0.0,0.0,0.0,0.0,0.0,0.0,0.0,0.0,0.05,0.0,0.0
2052 COAa-PAA-MEA Barhl2 Glut_8,0.0,0.0,0.0,0.0,0.0,0.0,0.0,0.0,0.6,0.0,0.0,0.4,0.0,0.0,0.0,0.0,0.0,0.0,0.0,0.0,0.0,0.0,0.0,0.0,0.0
2053 COAa-PAA-MEA Barhl2 Glut_9,0.0,0.005208333333333333,0.40625,0.0,0.0,0.0,0.0,0.0,0.08333333333333333,0.0,0.0,0.5052083333333334,0.0,0.0,0.0,0.0,0.0,0.0,0.0,0.0,0.0,0.0,0.0,0.0,0.0
2054 MS-SF Bsx Glut_1,0.0,0.0,0.0,0.0,0.16216216216216217,0.0,0.0,0.0,0.0,0.0,0.43243243243243246,0.1891891891891892,0.05405405405405406,0.0,0.0,0.02702702702702703,0.0,0.0,0.0,0.0,0.02702702702702703,0.0,0.10810810810810811,0.0,0.0
2055 MS-SF Bsx Glut_1,0.0,0.0,0.0,0.0,0.039473684210526314,0.0,0.0,0.0,0.0,0.0,0.4868421052631579,0.4473684210526316,0.0,0.013157894736842105,0.0,0.0,0.0,0.0,0.0,0.0,0.0,0.0,0.013157894736842105,0.0,0.0
2056 MS-SF Bsx Glut_1,0.0,0.0,0.0,0.0,0.023809523809523808,0.0,0.0,0.0,0.0,0.0,0.07142857142857142,0.9047619047619048,0.0,0.0,0.0,0.0,0.0,0.0,0.0,0.0,0.0,0.0,0.0,0.0,0.0
2057 MS-SF Bsx Glut_1,0.0,0.0,0.0,0.0,0.0,0.0,0.0,0.0,0.0,0.0,0.3316062176165803,0.6373056994818653,0.0,0.0,0.0,0.0,0.0,0.0,0.0,0.0,0.0,0.0,0.031088082901554404,0.0,0.0
2058 MS-SF Bsx Glut_1,0.0,0.0,0.0,0.0,0.07766990291262135,0.0,0.0,0.0,0.0,0.0,0.5631067961165048,0.30097087378640774,0.0,0.009708737864077669,0.0,0.0,0.0,0.0,0.0,0.0,0.0,0.0,0.04854368932038835,0.0,0.0
2059 MS-SF Bsx Glut_1,0.0,0.0,0.0,0.0,0.03333333333333333,0.0,0.0,0.0,0.0,0.0,0.08333333333333333,0.8333333333333334,0.0,0.0,0.0,0.03333333333333333,0.0,0.0,0.0,0.0,0.0,0.0,0.016666666666666666,0.0,0.0
2060 MS-SF Bsx Glut_1,0.0,0.0,0.0,0.0,0.0,0.0,0.0,0.0,0.0,0.0,0.8461538461538461,0.15384615384615385,0.0,0.0,0.0,0.0,0.0,0.0,0.0,0.0,0.0,0.0,0.0,0.0,0.0
2061 MS-SF Bsx Glut_1,0.0,0.0,0.0,0.0,0.07142857142857142,0.0,0.0,0.0,0.0,0.0,0.7142857142857143,0.21428571428571427,0.0,0.0,0.0,0.0,0.0,0.0,0.0,0.0,0.0,0.0,0.0,0.0,0.0
2062 MS-SF Bsx Glut_1,0.0,0.0,0.0,0.0,0.0,0.0,0.0,0.0,0.0,0.0,0.6,0.4,0.0,0.0,0.0,0.0,0.0,0.0,0.0,0.0,0.0,0.0,0.0,0.0,0.0
2063 MS-SF Bsx Glut_1,0.0,0.0,0.0,0.0,0.0,0.0,0.0,0.0,0.0,0.0,0.4307692307692308,0.5230769230769231,0.0,0.015384615384615385,0.0,0.0,0.0,0.0,0.0,0.0,0.0,0.0,0.03076923076923077,0.0,0.0
2064 MS-SF Bsx Glut_1,0.0,0.021739130434782608,0.0,0.0,0.7391304347826086,0.0,0.021739130434782608,0.0,0.0,0.0,0.15217391304347827,0.06521739130434782,0.0,0.0,0.0,0.0,0.0,0.0,0.0,0.0,0.0,0.0,0.0,0.0,0.0
2065 MS-SF Bsx Glut_1,0.0,0.0,0.0,0.0,0.4473684210526316,0.0,0.0,0.0,0.0,0.0,0.15789473684210525,0.15789473684210525,0.02631578947368421,0.07894736842105263,0.0,0.0,0.0,0.0,0.02631578947368421,0.0,0.0,0.0,0.10526315789473684,0.0,0.0
2066 MS-SF Bsx Glut_1,0.0,0.0,0.0,0.0,0.2222222222222222,0.0,0.0,0.0,0.0,0.0,0.2962962962962963,0.48148148148148145,0.0,0.0,0.0,0.0,0.0,0.0,0.0,0.0,0.0,0.0,0.0,0.0,0.0
2067 MS-SF Bsx Glut_1,0.0,0.0,0.0,0.0,0.34285714285714286,0.0,0.0,0.0,0.0,0.0,0.4857142857142857,0.14285714285714285,0.0,0.0,0.0,0.0,0.02857142857142857,0.0,0.0,0.0,0.0,0.0,0.0,0.0,0.0
2068 MS-SF Bsx Glut_1,0.0,0.0,0.0,0.0,0.625,0.0,0.0,0.0,0.0,0.0,0.125,0.20833333333333334,0.0,0.0,0.0,0.0,0.041666666666666664,0.0,0.0,0.0,0.0,0.0,0.0,0.0,0.0
2069 MS-SF Bsx Glut_1,0.0,0.0,0.0,0.0,0.0,0.0,0.0,0.0,0.0,0.0,0.625,0.3611111111111111,0.0,0.0,0.0,0.0,0.0,0.0,0.0,0.0,0.0,0.0,0.013888888888888888,0.0,0.0
2070 MS-SF Bsx Glut_1,0.0,0.0,0.0,0.0,0.0,0.0,0.0,0.0,0.0136986301369863,0.0,0.2328767123287671,0.5068493150684932,0.0,0.0273972602739726,0.0,0.0,0.0136986301369863,0.0,0.0,0.0,0.0,0.0273972602739726,0.1780821917808219,0.0,0.0
2071 MS-SF Bsx Glut_1,0.0,0.0,0.0,0.0,0.0625,0.0,0.0,0.0,0.0,0.0,0.03125,0.90625,0.0,0.0,0.0,0.0,0.0,0.0,0.0,0.0,0.0,0.0,0.0,0.0,0.0
2072 MS-SF Bsx Glut_1,0.0,0.0,0.0,0.0,0.0,0.0,0.0,0.0,0.0,0.0,0.7894736842105263,0.15789473684210525,0.0,0.0,0.0,0.0,0.0,0.0,0.0,0.0,0.0,0.0,0.05263157894736842,0.0,0.0
2073 AVPV-MEPO-SFO Tbr1 Glut_1,0.0,0.0,0.0,0.0,0.6578947368421053,0.0,0.02631578947368421,0.0,0.0,0.0,0.21052631578947367,0.10526315789473684,0.0,0.0,0.0,0.0,0.0,0.0,0.0,0.0,0.0,0.0,0.0,0.0,0.0
2074 AVPV-MEPO-SFO Tbr1 Glut_1,0.0,0.0,0.0,0.0,0.78125,0.0,0.0,0.0,0.0,0.0,0.03125,0.15625,0.0,0.03125,0.0,0.0,0.0,0.0,0.0,0.0,0.0,0.0,0.0,0.0,0.0
2075 AVPV-MEPO-SFO Tbr1 Glut_1,0.0,0.0,0.0,0.0,0.5666666666666667,0.0,0.0,0.0,0.0,0.0,0.36666666666666664,0.03333333333333333,0.0,0.0,0.0,0.0,0.03333333333333333,0.0,0.0,0.0,0.0,0.0,0.0,0.0,0.0
2076 AVPV-MEPO-SFO Tbr1 Glut_1,0.0,0.0,0.0,0.0,0.65625,0.0,0.0,0.0,0.0,0.0,0.34375,0.0,0.0,0.0,0.0,0.0,0.0,0.0,0.0,0.0,0.0,0.0,0.0,0.0,0.0
2077 AVPV-MEPO-SFO Tbr1 Glut_1,0.0,0.0,0.0,0.0,0.49206349206349204,0.0,0.0,0.0,0.015873015873015872,0.0,0.30158730158730157,0.14285714285714285,0.0,0.015873015873015872,0.0,0.0,0.0,0.0,0.0,0.0,0.015873015873015872,0.0,0.015873015873015872,0.0,0.0
2078 AVPV-MEPO-SFO Tbr1 Glut_1,0.0,0.0,0.0,0.0,0.6666666666666666,0.0,0.0,0.0,0.0,0.0,0.2,0.06666666666666667,0.0,0.0,0.0,0.0,0.06666666666666667,0.0,0.0,0.0,0.0,0.0,0.0,0.0,0.0
2079 AVPV-MEPO-SFO Tbr1 Glut_2,0.0,0.0,0.0,0.0,0.7846153846153846,0.0,0.0,0.0,0.0,0.0,0.1076923076923077,0.03076923076923077,0.0,0.0,0.0,0.0,0.07692307692307693,0.0,0.0,0.0,0.0,0.0,0.0,0.0,0.0
2080 AVPV-MEPO-SFO Tbr1 Glut_2,0.0,0.0,0.0,0.0,0.8695652173913043,0.0,0.0,0.0,0.0,0.0,0.08695652173913043,0.0,0.0,0.0,0.0,0.0,0.043478260869565216,0.0,0.0,0.0,0.0,0.0,0.0,0.0,0.0
2081 AVPV-MEPO-SFO Tbr1 Glut_2,0.0,0.0,0.0,0.0,0.9142857142857143,0.0,0.0,0.0,0.0,0.0,0.0,0.0,0.0,0.08571428571428572,0.0,0.0,0.0,0.0,0.0,0.0,0.0,0.0,0.0,0.0,0.0
2082 AVPV-MEPO-SFO Tbr1 Glut_2,0.0,0.0,0.0,0.0,0.875,0.0,0.0,0.0,0.0,0.0,0.020833333333333332,0.041666666666666664,0.0,0.0,0.0,0.0,0.0,0.0,0.0,0.0,0.041666666666666664,0.0,0.020833333333333332,0.0,0.0
2083 AVPV-MEPO-SFO Tbr1 Glut_2,0.0,0.0,0.0,0.0,0.9691358024691358,0.0,0.0,0.0,0.0,0.0,0.018518518518518517,0.0,0.0,0.0,0.0,0.0,0.012345679012345678,0.0,0.0,0.0,0.0,0.0,0.0,0.0,0.0
2084 AVPV-MEPO-SFO Tbr1 Glut_3,0.0,0.0,0.0,0.0,0.18181818181818182,0.0,0.0,0.0,0.0,0.0,0.030303030303030304,0.0,0.0,0.42424242424242425,0.0,0.36363636363636365,0.0,0.0,0.0,0.0,0.0,0.0,0.0,0.0,0.0
2085 AVPV-MEPO-SFO Tbr1 Glut_3,0.0,0.0,0.0,0.0,0.7722772277227723,0.0,0.0,0.0,0.0,0.0,0.009900990099009901,0.009900990099009901,0.0,0.039603960396039604,0.0,0.09900990099009901,0.0297029702970297,0.0,0.0,0.0,0.0,0.0,0.009900990099009901,0.0,0.0297029702970297
2086 AVPV-MEPO-SFO Tbr1 Glut_3,0.0,0.0,0.0,0.0,0.6976744186046512,0.0,0.0,0.0,0.0,0.0,0.0,0.0,0.0,0.23255813953488372,0.0,0.06976744186046512,0.0,0.0,0.0,0.0,0.0,0.0,0.0,0.0,0.0
2087 AVPV-MEPO-SFO Tbr1 Glut_3,0.0,0.0,0.0,0.0,0.84,0.0,0.0,0.0,0.0,0.0,0.0,0.0,0.0,0.0,0.0,0.16,0.0,0.0,0.0,0.0,0.0,0.0,0.0,0.0,0.0
2088 AVPV-MEPO-SFO Tbr1 Glut_3,0.0,0.0,0.0,0.0,1.0,0.0,0.0,0.0,0.0,0.0,0.0,0.0,0.0,0.0,0.0,0.0,0.0,0.0,0.0,0.0,0.0,0.0,0.0,0.0,0.0
2089 AVPV-MEPO-SFO Tbr1 Glut_3,0.0,0.0,0.0,0.0,0.4482758620689655,0.0,0.0,0.0,0.0,0.0,0.0,0.0,0.0,0.14942528735632185,0.0,0.3218390804597701,0.0,0.0,0.011494252873563218,0.0,0.0,0.0,0.0,0.0,0.06896551724137931
2090 AVPV-MEPO-SFO Tbr1 Glut_3,0.0,0.0,0.0,0.0,0.8048780487804879,0.0,0.0,0.0,0.0,0.0,0.12195121951219512,0.04878048780487805,0.0,0.0,0.0,0.0,0.024390243902439025,0.0,0.0,0.0,0.0,0.0,0.0,0.0,0.0
2091 AVPV-MEPO-SFO Tbr1 Glut_3,0.0,0.0,0.0,0.0,0.9743589743589743,0.0,0.0,0.0,0.0,0.0,0.0,0.0,0.0,0.0,0.0,0.0,0.02564102564102564,0.0,0.0,0.0,0.0,0.0,0.0,0.0,0.0
2092 AVPV-MEPO-SFO Tbr1 Glut_4,0.0,0.0,0.0,0.0,0.8620689655172413,0.0,0.0,0.0,0.0,0.0,0.05172413793103448,0.017241379310344827,0.0,0.0,0.0,0.0,0.06896551724137931,0.0,0.0,0.0,0.0,0.0,0.0,0.0,0.0
2093 AVPV-MEPO-SFO Tbr1 Glut_4,0.0,0.0,0.0,0.0,0.94,0.0,0.0,0.0,0.0,0.0,0.01,0.01,0.0,0.01,0.0,0.0,0.03,0.0,0.0,0.0,0.0,0.0,0.0,0.0,0.0
2094 AVPV-MEPO-SFO Tbr1 Glut_4,0.0,0.0,0.0,0.0,0.8405797101449275,0.0,0.0,0.0,0.0,0.0,0.043478260869565216,0.0,0.0,0.0,0.0,0.0,0.11594202898550725,0.0,0.0,0.0,0.0,0.0,0.0,0.0,0.0
2095 AVPV-MEPO-SFO Tbr1 Glut_4,0.0,0.0,0.0,0.0,0.9626168224299065,0.0,0.018691588785046728,0.0,0.0,0.0,0.0,0.0,0.0,0.0,0.0,0.0,0.0,0.0,0.0,0.0,0.009345794392523364,0.0,0.0,0.0,0.009345794392523364
2096 AVPV-MEPO-SFO Tbr1 Glut_5,0.0,0.0,0.0,0.0,0.41935483870967744,0.0,0.0,0.0,0.03225806451612903,0.0,0.1935483870967742,0.3225806451612903,0.0,0.0,0.0,0.03225806451612903,0.0,0.0,0.0,0.0,0.0,0.0,0.0,0.0,0.0
2097 AVPV-MEPO-SFO Tbr1 Glut_5,0.0,0.0,0.0,0.0,0.25,0.0,0.0,0.0,0.1,0.0,0.5,0.1,0.0,0.0,0.0,0.0,0.05,0.0,0.0,0.0,0.0,0.0,0.0,0.0,0.0
2098 AVPV-MEPO-SFO Tbr1 Glut_5,0.0,0.0,0.0,0.0,0.5428571428571428,0.0,0.0,0.0,0.0,0.0,0.2571428571428571,0.0,0.0,0.05714285714285714,0.0,0.0,0.08571428571428572,0.0,0.0,0.0,0.05714285714285714,0.0,0.0,0.0,0.0
2099 LHA Barhl2 Glut_1,0.0,0.0,0.0,0.0,0.9444444444444444,0.0,0.0,0.0,0.0,0.0,0.05555555555555555,0.0,0.0,0.0,0.0,0.0,0.0,0.0,0.0,0.0,0.0,0.0,0.0,0.0,0.0
2100 LHA Barhl2 Glut_1,0.0,0.0,0.0,0.0,0.4117647058823529,0.0,0.0,0.0,0.0,0.058823529411764705,0.5294117647058824,0.0,0.0,0.0,0.0,0.0,0.0,0.0,0.0,0.0,0.0,0.0,0.0,0.0,0.0
2101 LHA Barhl2 Glut_1,0.0,0.0,0.0,0.0,0.8627450980392157,0.0,0.0,0.0,0.0,0.0,0.058823529411764705,0.00980392156862745,0.0,0.0,0.0,0.0,0.0196078431372549,0.0,0.029411764705882353,0.0,0.00980392156862745,0.0,0.00980392156862745,0.0,0.0
2102 LHA Barhl2 Glut_1,0.0,0.0,0.0,0.0,0.8481012658227848,0.0,0.0,0.0,0.0,0.0,0.12658227848101267,0.0,0.0,0.0,0.0,0.0,0.0,0.0,0.0,0.006329113924050633,0.0,0.012658227848101266,0.006329113924050633,0.0,0.0
2103 LHA Barhl2 Glut_1,0.0,0.0,0.0,0.0,0.3448275862068966,0.0,0.0,0.0,0.0,0.0,0.5172413793103449,0.0,0.06896551724137931,0.0,0.0,0.0,0.0,0.0,0.0,0.034482758620689655,0.0,0.034482758620689655,0.0,0.0,0.0
2104 LHA Barhl2 Glut_1,0.0,0.0,0.0,0.0,0.32432432432432434,0.0,0.0,0.0,0.0,0.02702702702702703,0.6216216216216216,0.02702702702702703,0.0,0.0,0.0,0.0,0.0,0.0,0.0,0.0,0.0,0.0,0.0,0.0,0.0
2105 LHA Barhl2 Glut_1,0.0,0.0,0.0,0.0,0.9166666666666666,0.0,0.0,0.0,0.0,0.0,0.046296296296296294,0.0,0.0,0.0,0.0,0.0,0.0,0.0,0.037037037037037035,0.0,0.0,0.0,0.0,0.0,0.0
2106 LHA Barhl2 Glut_2,0.0,0.0,0.0,0.0,0.8526315789473684,0.0,0.010526315789473684,0.0,0.0,0.0,0.010526315789473684,0.0,0.05263157894736842,0.0,0.0,0.0,0.0,0.0,0.0,0.0,0.0,0.0,0.07368421052631578,0.0,0.0
2107 LHA Barhl2 Glut_2,0.0,0.0,0.0,0.0,0.9010989010989011,0.0,0.0,0.0,0.0,0.0,0.01098901098901099,0.0,0.03296703296703297,0.0,0.0,0.0,0.0,0.0,0.0,0.0,0.02197802197802198,0.0,0.03296703296703297,0.0,0.0
2108 LHA Barhl2 Glut_2,0.0,0.0,0.0,0.0,0.6966292134831461,0.0,0.016853932584269662,0.0,0.0,0.0,0.0056179775280898875,0.0,0.11797752808988764,0.0,0.0,0.0,0.0,0.0,0.0,0.0,0.016853932584269662,0.0,0.14606741573033707,0.0,0.0
2109 LHA Barhl2 Glut_2,0.0,0.0,0.0,0.0,0.7171717171717171,0.0,0.0,0.0,0.0,0.0,0.030303030303030304,0.010101010101010102,0.04040404040404041,0.0,0.0,0.0,0.010101010101010102,0.0,0.030303030303030304,0.0,0.030303030303030304,0.0,0.13131313131313133,0.0,0.0
2110 LHA Barhl2 Glut_2,0.0,0.0,0.0,0.0,0.9568965517241379,0.0,0.0,0.0,0.0,0.008620689655172414,0.008620689655172414,0.0,0.0,0.0,0.0,0.0,0.0,0.0,0.0,0.0,0.0,0.0,0.02586206896551724,0.0,0.0
2111 LHA Barhl2 Glut_2,0.0,0.0,0.0,0.0,0.9027777777777778,0.0,0.013888888888888888,0.0,0.0,0.0,0.0,0.0,0.013888888888888888,0.0,0.0,0.0,0.0,0.0,0.0,0.0,0.013888888888888888,0.0,0.05555555555555555,0.0,0.0
2112 LHA Barhl2 Glut_3,0.0,0.0,0.0,0.0,0.6724137931034483,0.0,0.0,0.0,0.0,0.0,0.29310344827586204,0.0,0.017241379310344827,0.0,0.0,0.0,0.0,0.0,0.0,0.017241379310344827,0.0,0.0,0.0,0.0,0.0
2113 ADP-MPO Trp73 Glut_1,0.0,0.0,0.0,0.0,0.4489795918367347,0.0,0.0,0.0,0.0,0.0,0.12244897959183673,0.2857142857142857,0.0,0.0,0.0,0.0,0.0,0.0,0.0,0.0,0.0,0.0,0.14285714285714285,0.0,0.0
2114 ADP-MPO Trp73 Glut_1,0.0,0.0,0.0,0.0,0.6410256410256411,0.0,0.0,0.0,0.0,0.0,0.11538461538461539,0.1794871794871795,0.02564102564102564,0.0,0.0,0.0,0.0,0.0,0.0,0.0,0.02564102564102564,0.0,0.01282051282051282,0.0,0.0
2115 ADP-MPO Trp73 Glut_1,0.0,0.0,0.0,0.0,0.48333333333333334,0.0,0.016666666666666666,0.0,0.0,0.0,0.18333333333333332,0.18333333333333332,0.06666666666666667,0.0,0.0,0.0,0.0,0.0,0.0,0.0,0.016666666666666666,0.0,0.05,0.0,0.0
2116 ADP-MPO Trp73 Glut_1,0.0,0.0,0.0,0.0,1.0,0.0,0.0,0.0,0.0,0.0,0.0,0.0,0.0,0.0,0.0,0.0,0.0,0.0,0.0,0.0,0.0,0.0,0.0,0.0,0.0
2117 ADP-MPO Trp73 Glut_1,0.0,0.0,0.0,0.0,0.8,0.0,0.0,0.0,0.0,0.0,0.08888888888888889,0.08888888888888889,0.0,0.0,0.0,0.0,0.0,0.0,0.0,0.0,0.022222222222222223,0.0,0.0,0.0,0.0
2118 ADP-MPO Trp73 Glut_1,0.0,0.0,0.0,0.0,0.9629629629629629,0.0,0.0,0.0,0.0,0.0,0.018518518518518517,0.0,0.0,0.0,0.0,0.0,0.0,0.0,0.0,0.0,0.0,0.0,0.018518518518518517,0.0,0.0
2119 ADP-MPO Trp73 Glut_1,0.0,0.0,0.0,0.0,0.7575757575757576,0.0,0.0,0.0,0.0,0.0,0.09090909090909091,0.09090909090909091,0.0,0.0,0.0,0.0,0.0,0.0,0.0,0.0,0.030303030303030304,0.0,0.030303030303030304,0.0,0.0
2120 ADP-MPO Trp73 Glut_1,0.0,0.0,0.0,0.0,0.5,0.0,0.0,0.0,0.0,0.0,0.5,0.0,0.0,0.0,0.0,0.0,0.0,0.0,0.0,0.0,0.0,0.0,0.0,0.0,0.0
2121 ADP-MPO Trp73 Glut_2,0.0,0.0,0.0,0.0,0.6956521739130435,0.0,0.0,0.0,0.0,0.0,0.17391304347826086,0.08695652173913043,0.0,0.0,0.0,0.043478260869565216,0.0,0.0,0.0,0.0,0.0,0.0,0.0,0.0,0.0
2122 ADP-MPO Trp73 Glut_2,0.0,0.0,0.0,0.0,0.4827586206896552,0.0,0.0,0.0,0.0,0.0,0.06896551724137931,0.4482758620689655,0.0,0.0,0.0,0.0,0.0,0.0,0.0,0.0,0.0,0.0,0.0,0.0,0.0
2123 ADP-MPO Trp73 Glut_2,0.0,0.0,0.0,0.0,0.5,0.0,0.022727272727272728,0.0,0.0,0.0,0.45454545454545453,0.022727272727272728,0.0,0.0,0.0,0.0,0.0,0.0,0.0,0.0,0.0,0.0,0.0,0.0,0.0
2124 ADP-MPO Trp73 Glut_2,0.0,0.0,0.0,0.0,0.5217391304347826,0.0,0.0,0.0,0.0,0.0,0.43478260869565216,0.043478260869565216,0.0,0.0,0.0,0.0,0.0,0.0,0.0,0.0,0.0,0.0,0.0,0.0,0.0
2125 ADP-MPO Trp73 Glut_2,0.0,0.0,0.0,0.0,0.0,0.0,0.0,0.0,0.0,0.0,1.0,0.0,0.0,0.0,0.0,0.0,0.0,0.0,0.0,0.0,0.0,0.0,0.0,0.0,0.0
2126 ADP-MPO Trp73 Glut_2,0.0,0.0,0.0,0.0,0.7272727272727273,0.0,0.0,0.0,0.0,0.0,0.2727272727272727,0.0,0.0,0.0,0.0,0.0,0.0,0.0,0.0,0.0,0.0,0.0,0.0,0.0,0.0
2127 ADP-MPO Trp73 Glut_2,0.0,0.0,0.05128205128205128,0.0,0.02564102564102564,0.0,0.0,0.0,0.358974358974359,0.0,0.2564102564102564,0.3076923076923077,0.0,0.0,0.0,0.0,0.0,0.0,0.0,0.0,0.0,0.0,0.0,0.0,0.0
2128 ADP-MPO Trp73 Glut_2,0.0,0.0,0.0,0.0,0.3333333333333333,0.0,0.0,0.0,0.0,0.0,0.6666666666666666,0.0,0.0,0.0,0.0,0.0,0.0,0.0,0.0,0.0,0.0,0.0,0.0,0.0,0.0
2129 ADP-MPO Trp73 Glut_3,0.0,0.0,0.0,0.0,0.38071065989847713,0.0,0.005076142131979695,0.0,0.0,0.0,0.5532994923857868,0.02030456852791878,0.005076142131979695,0.0,0.0,0.0,0.0,0.0,0.0,0.0,0.0,0.015228426395939087,0.02030456852791878,0.0,0.0
2130 ADP-MPO Trp73 Glut_3,0.0,0.0,0.0,0.0,0.7701149425287356,0.0,0.0,0.0,0.011494252873563218,0.0,0.011494252873563218,0.08045977011494253,0.022988505747126436,0.0,0.0,0.0,0.0,0.0,0.0,0.0,0.0,0.0,0.10344827586206896,0.0,0.0
2131 ADP-MPO Trp73 Glut_3,0.0,0.0,0.0,0.0,0.7727272727272727,0.0,0.0,0.0,0.0,0.0,0.0,0.045454545454545456,0.045454545454545456,0.0,0.0,0.0,0.0,0.0,0.0,0.0,0.0,0.0,0.13636363636363635,0.0,0.0
2132 ADP-MPO Trp73 Glut_3,0.0,0.0,0.0,0.009433962264150943,0.7452830188679245,0.0,0.0,0.0,0.0,0.0,0.16981132075471697,0.02830188679245283,0.0,0.0,0.0,0.0,0.0,0.0,0.0,0.018867924528301886,0.0,0.0,0.02830188679245283,0.0,0.0
2133 SI-MA-LPO-LHA Skor1 Glut_1,0.0,0.0,0.0,0.0,0.3275862068965517,0.0,0.0,0.0,0.0,0.0,0.5862068965517241,0.08620689655172414,0.0,0.0,0.0,0.0,0.0,0.0,0.0,0.0,0.0,0.0,0.0,0.0,0.0
2134 SI-MA-LPO-LHA Skor1 Glut_1,0.0,0.0,0.0,0.0,0.0,0.0,0.0,0.0,0.0,0.0,0.6129032258064516,0.3870967741935484,0.0,0.0,0.0,0.0,0.0,0.0,0.0,0.0,0.0,0.0,0.0,0.0,0.0
2135 SI-MA-LPO-LHA Skor1 Glut_1,0.0,0.0,0.0,0.0,0.043478260869565216,0.0,0.0,0.0,0.0,0.0,0.8695652173913043,0.08695652173913043,0.0,0.0,0.0,0.0,0.0,0.0,0.0,0.0,0.0,0.0,0.0,0.0,0.0
2136 SI-MA-LPO-LHA Skor1 Glut_1,0.0,0.0,0.0,0.0,0.9871794871794872,0.0,0.0,0.0,0.0,0.0,0.0,0.0,0.0,0.0,0.0,0.0,0.0,0.0,0.0,0.0,0.0,0.0,0.01282051282051282,0.0,0.0
2137 SI-MA-LPO-LHA Skor1 Glut_1,0.0,0.0,0.0,0.0,0.29896907216494845,0.0,0.0,0.0,0.0,0.0,0.5773195876288659,0.1134020618556701,0.0,0.0,0.0,0.0,0.0,0.0,0.0,0.0,0.0,0.0,0.010309278350515464,0.0,0.0
2138 SI-MA-LPO-LHA Skor1 Glut_1,0.0,0.0,0.0,0.0,0.2653061224489796,0.0,0.0,0.0,0.02040816326530612,0.0,0.6938775510204082,0.02040816326530612,0.0,0.0,0.0,0.0,0.0,0.0,0.0,0.0,0.0,0.0,0.0,0.0,0.0
2139 SI-MA-LPO-LHA Skor1 Glut_1,0.0,0.0,0.0,0.0,0.8333333333333334,0.0,0.0,0.0,0.0,0.0,0.16666666666666666,0.0,0.0,0.0,0.0,0.0,0.0,0.0,0.0,0.0,0.0,0.0,0.0,0.0,0.0
2140 SI-MA-LPO-LHA Skor1 Glut_1,0.0,0.0,0.0,0.0,0.2,0.0,0.0,0.0,0.0,0.0,0.7428571428571429,0.05714285714285714,0.0,0.0,0.0,0.0,0.0,0.0,0.0,0.0,0.0,0.0,0.0,0.0,0.0
2141 SI-MA-LPO-LHA Skor1 Glut_1,0.0,0.0,0.0,0.0,0.8823529411764706,0.0,0.0,0.0,0.0,0.0,0.08823529411764706,0.0,0.0,0.0,0.0,0.0,0.0,0.0,0.029411764705882353,0.0,0.0,0.0,0.0,0.0,0.0
2142 SI-MA-LPO-LHA Skor1 Glut_1,0.0,0.0,0.0,0.0,0.3673469387755102,0.0,0.0,0.0,0.0,0.0,0.5918367346938775,0.02040816326530612,0.0,0.0,0.0,0.0,0.0,0.0,0.0,0.0,0.0,0.0,0.0,0.0,0.02040816326530612
2143 SI-MA-LPO-LHA Skor1 Glut_1,0.0,0.0,0.0,0.0,0.978021978021978,0.0,0.0,0.0,0.0,0.0,0.01098901098901099,0.0,0.0,0.0,0.0,0.0,0.0,0.0,0.0,0.01098901098901099,0.0,0.0,0.0,0.0,0.0
2144 SI-MA-LPO-LHA Skor1 Glut_1,0.0,0.0,0.0,0.0,0.9012345679012346,0.0,0.0,0.0,0.0,0.0,0.06172839506172839,0.0,0.0,0.0,0.0,0.0,0.0,0.0,0.0,0.0,0.0,0.0,0.037037037037037035,0.0,0.0
2145 SI-MA-LPO-LHA Skor1 Glut_1,0.0,0.0,0.0,0.0,0.11538461538461539,0.0,0.0,0.0,0.0,0.0,0.7692307692307693,0.11538461538461539,0.0,0.0,0.0,0.0,0.0,0.0,0.0,0.0,0.0,0.0,0.0,0.0,0.0
2146 SI-MA-LPO-LHA Skor1 Glut_2,0.0,0.0,0.0,0.0,0.35,0.0,0.0,0.0,0.0,0.0,0.35,0.3,0.0,0.0,0.0,0.0,0.0,0.0,0.0,0.0,0.0,0.0,0.0,0.0,0.0
2147 SI-MA-LPO-LHA Skor1 Glut_2,0.0,0.0,0.0,0.0,0.024390243902439025,0.0,0.0,0.0,0.0,0.0,0.6585365853658537,0.2926829268292683,0.0,0.0,0.0,0.0,0.0,0.0,0.0,0.024390243902439025,0.0,0.0,0.0,0.0,0.0
2148 SI-MA-LPO-LHA Skor1 Glut_2,0.0,0.0,0.0,0.0,0.08695652173913043,0.0,0.0,0.0,0.0,0.0,0.782608695652174,0.13043478260869565,0.0,0.0,0.0,0.0,0.0,0.0,0.0,0.0,0.0,0.0,0.0,0.0,0.0
2149 SI-MA-LPO-LHA Skor1 Glut_2,0.0,0.0,0.0125,0.0,0.15,0.0,0.0,0.0,0.0125,0.0,0.625,0.2,0.0,0.0,0.0,0.0,0.0,0.0,0.0,0.0,0.0,0.0,0.0,0.0,0.0
2150 SI-MA-LPO-LHA Skor1 Glut_2,0.0,0.0,0.0273972602739726,0.0,0.0136986301369863,0.0,0.0,0.0,0.1780821917808219,0.0,0.4657534246575342,0.2328767123287671,0.0,0.0,0.0,0.0,0.0,0.0,0.0,0.0,0.0,0.0,0.0,0.0,0.0821917808219178
2151 SI-MA-LPO-LHA Skor1 Glut_2,0.0,0.0,0.0,0.0,0.02531645569620253,0.0,0.0,0.0,0.05063291139240506,0.0,0.5189873417721519,0.3670886075949367,0.0,0.0,0.0,0.0,0.0,0.0,0.0,0.0,0.0,0.0,0.0379746835443038,0.0,0.0
2152 SI-MA-LPO-LHA Skor1 Glut_2,0.0,0.0,0.0,0.0,0.0,0.0,0.0,0.0,0.0,0.0,1.0,0.0,0.0,0.0,0.0,0.0,0.0,0.0,0.0,0.0,0.0,0.0,0.0,0.0,0.0
2153 SI-MA-LPO-LHA Skor1 Glut_2,0.0,0.0,0.03333333333333333,0.0,0.0,0.0,0.0,0.0,0.13333333333333333,0.0,0.5666666666666667,0.26666666666666666,0.0,0.0,0.0,0.0,0.0,0.0,0.0,0.0,0.0,0.0,0.0,0.0,0.0
2154 SI-MA-LPO-LHA Skor1 Glut_2,0.0,0.0,0.041666666666666664,0.0,0.0,0.0,0.0,0.0,0.041666666666666664,0.0,0.375,0.5416666666666666,0.0,0.0,0.0,0.0,0.0,0.0,0.0,0.0,0.0,0.0,0.0,0.0,0.0
2155 SI-MA-LPO-LHA Skor1 Glut_3,0.0,0.0,0.0,0.0,0.782608695652174,0.0,0.0,0.0,0.0,0.0,0.21739130434782608,0.0,0.0,0.0,0.0,0.0,0.0,0.0,0.0,0.0,0.0,0.0,0.0,0.0,0.0
2156 SI-MA-LPO-LHA Skor1 Glut_3,0.0,0.0,0.0,0.0,0.275,0.0,0.0,0.0,0.0,0.0,0.6,0.1,0.0,0.0,0.0,0.0,0.0,0.0,0.0,0.0,0.0,0.0,0.025,0.0,0.0
2157 SI-MA-LPO-LHA Skor1 Glut_3,0.0,0.0,0.0,0.0,0.29411764705882354,0.0,0.0,0.0,0.0,0.0,0.6176470588235294,0.08823529411764706,0.0,0.0,0.0,0.0,0.0,0.0,0.0,0.0,0.0,0.0,0.0,0.0,0.0
2158 SI-MA-LPO-LHA Skor1 Glut_3,0.0,0.0,0.0,0.0,0.5,0.0,0.0,0.0,0.0,0.0,0.38333333333333336,0.058333333333333334,0.008333333333333333,0.0,0.0,0.0,0.0,0.0,0.0,0.0,0.008333333333333333,0.0,0.041666666666666664,0.0,0.0
2159 SI-MA-LPO-LHA Skor1 Glut_3,0.0,0.0,0.0,0.0,0.3684210526315789,0.0,0.0,0.0,0.0,0.0,0.43859649122807015,0.05263157894736842,0.03508771929824561,0.0,0.0,0.0,0.0,0.0,0.0,0.017543859649122806,0.0,0.08771929824561403,0.0,0.0,0.0
2160 SI-MA-LPO-LHA Skor1 Glut_3,0.0,0.0,0.0,0.0,0.43617021276595747,0.0,0.0,0.0,0.0,0.0,0.5319148936170213,0.031914893617021274,0.0,0.0,0.0,0.0,0.0,0.0,0.0,0.0,0.0,0.0,0.0,0.0,0.0
2161 SI-MA-LPO-LHA Skor1 Glut_3,0.0,0.0,0.0,0.0,0.6704545454545454,0.0,0.0,0.0,0.0,0.0,0.10227272727272728,0.03409090909090909,0.07954545454545454,0.0,0.0,0.0,0.011363636363636364,0.0,0.0,0.0,0.011363636363636364,0.0,0.09090909090909091,0.0,0.0
2162 SI-MA-LPO-LHA Skor1 Glut_3,0.0,0.0,0.0,0.0,0.9629629629629629,0.0,0.0,0.0,0.0,0.0,0.037037037037037035,0.0,0.0,0.0,0.0,0.0,0.0,0.0,0.0,0.0,0.0,0.0,0.0,0.0,0.0
2163 SI-MA-LPO-LHA Skor1 Glut_4,0.0,0.0,0.0,0.0,0.13333333333333333,0.0,0.0,0.0,0.0,0.0,0.5333333333333333,0.3333333333333333,0.0,0.0,0.0,0.0,0.0,0.0,0.0,0.0,0.0,0.0,0.0,0.0,0.0
2164 SI-MA-LPO-LHA Skor1 Glut_4,0.0,0.0,0.0,0.0,0.0,0.0,0.0,0.0,0.0,0.0,0.8095238095238095,0.16666666666666666,0.0,0.0,0.0,0.0,0.0,0.0,0.0,0.0,0.0,0.0,0.023809523809523808,0.0,0.0
2165 SI-MA-LPO-LHA Skor1 Glut_4,0.0,0.0,0.0,0.0,0.0625,0.0,0.0,0.0,0.0,0.0,0.6875,0.25,0.0,0.0,0.0,0.0,0.0,0.0,0.0,0.0,0.0,0.0,0.0,0.0,0.0
2166 SI-MA-LPO-LHA Skor1 Glut_4,0.0,0.0,0.0,0.0,0.16666666666666666,0.0,0.0,0.0,0.0,0.0,0.8095238095238095,0.023809523809523808,0.0,0.0,0.0,0.0,0.0,0.0,0.0,0.0,0.0,0.0,0.0,0.0,0.0
2167 SI-MA-LPO-LHA Skor1 Glut_4,0.0,0.0,0.0,0.0,0.0,0.0,0.0,0.0,0.0,0.0,1.0,0.0,0.0,0.0,0.0,0.0,0.0,0.0,0.0,0.0,0.0,0.0,0.0,0.0,0.0
2168 SI-MA-LPO-LHA Skor1 Glut_4,0.0,0.0,0.0,0.0,0.07142857142857142,0.0,0.0,0.0,0.0,0.0,0.7142857142857143,0.21428571428571427,0.0,0.0,0.0,0.0,0.0,0.0,0.0,0.0,0.0,0.0,0.0,0.0,0.0
2169 SI-MA-LPO-LHA Skor1 Glut_4,0.0,0.0,0.0,0.0,0.0,0.0,0.0,0.0,0.0,0.0,0.5384615384615384,0.46153846153846156,0.0,0.0,0.0,0.0,0.0,0.0,0.0,0.0,0.0,0.0,0.0,0.0,0.0
2170 SI-MA-LPO-LHA Skor1 Glut_5,0.0,0.0,0.0,0.0,0.6451612903225806,0.0,0.0,0.0,0.0,0.0,0.3548387096774194,0.0,0.0,0.0,0.0,0.0,0.0,0.0,0.0,0.0,0.0,0.0,0.0,0.0,0.0
2171 SI-MA-LPO-LHA Skor1 Glut_5,0.0,0.0,0.0,0.0,0.5714285714285714,0.0,0.0,0.0,0.0,0.0,0.39285714285714285,0.03571428571428571,0.0,0.0,0.0,0.0,0.0,0.0,0.0,0.0,0.0,0.0,0.0,0.0,0.0
2172 SI-MA-LPO-LHA Skor1 Glut_5,0.0,0.0,0.0,0.0,0.5217391304347826,0.0,0.0,0.0,0.0,0.0,0.4782608695652174,0.0,0.0,0.0,0.0,0.0,0.0,0.0,0.0,0.0,0.0,0.0,0.0,0.0,0.0
2173 SI-MA-LPO-LHA Skor1 Glut_5,0.0,0.0,0.0,0.0,0.030303030303030304,0.0,0.0,0.0,0.0,0.0,0.7878787878787878,0.15151515151515152,0.0,0.0,0.0,0.0,0.0,0.0,0.0,0.0,0.0,0.0,0.030303030303030304,0.0,0.0
2174 SI-MA-LPO-LHA Skor1 Glut_5,0.0,0.0,0.0,0.0,0.27906976744186046,0.0,0.0,0.0,0.0,0.0,0.6046511627906976,0.11627906976744186,0.0,0.0,0.0,0.0,0.0,0.0,0.0,0.0,0.0,0.0,0.0,0.0,0.0
2175 SI-MA-LPO-LHA Skor1 Glut_5,0.0,0.0,0.0,0.0,0.09278350515463918,0.0,0.0,0.0,0.010309278350515464,0.0,0.6391752577319587,0.23711340206185566,0.0,0.0,0.0,0.0,0.0,0.0,0.0,0.0,0.0,0.0,0.0,0.0,0.020618556701030927
2176 SI-MA-LPO-LHA Skor1 Glut_5,0.0,0.0,0.0,0.0,0.05,0.0,0.0,0.0,0.0,0.0,0.8166666666666667,0.13333333333333333,0.0,0.0,0.0,0.0,0.0,0.0,0.0,0.0,0.0,0.0,0.0,0.0,0.0
2177 SI-MA-LPO-LHA Skor1 Glut_5,0.0,0.0,0.0,0.0,0.05714285714285714,0.0,0.0,0.0,0.0,0.0,0.8285714285714286,0.11428571428571428,0.0,0.0,0.0,0.0,0.0,0.0,0.0,0.0,0.0,0.0,0.0,0.0,0.0
2178 SI-MA-LPO-LHA Skor1 Glut_5,0.0,0.0,0.0,0.0,0.2413793103448276,0.0,0.0,0.0,0.0,0.0,0.7586206896551724,0.0,0.0,0.0,0.0,0.0,0.0,0.0,0.0,0.0,0.0,0.0,0.0,0.0,0.0
2179 SI-MA-LPO-LHA Skor1 Glut_5,0.0,0.0,0.0,0.0,0.27586206896551724,0.0,0.0,0.0,0.0,0.0,0.6551724137931034,0.06896551724137931,0.0,0.0,0.0,0.0,0.0,0.0,0.0,0.0,0.0,0.0,0.0,0.0,0.0
2180 SI-MA-LPO-LHA Skor1 Glut_6,0.0,0.0,0.0,0.0,0.09090909090909091,0.0,0.0,0.0,0.0,0.0,0.6363636363636364,0.2727272727272727,0.0,0.0,0.0,0.0,0.0,0.0,0.0,0.0,0.0,0.0,0.0,0.0,0.0
2181 SI-MA-LPO-LHA Skor1 Glut_6,0.0,0.0,0.1,0.0,0.1,0.0,0.0,0.0,0.0,0.0,0.1,0.7,0.0,0.0,0.0,0.0,0.0,0.0,0.0,0.0,0.0,0.0,0.0,0.0,0.0
2182 SI-MA-LPO-LHA Skor1 Glut_6,0.0,0.0,0.0,0.0,0.14285714285714285,0.0,0.0,0.0,0.0,0.0,0.35714285714285715,0.5,0.0,0.0,0.0,0.0,0.0,0.0,0.0,0.0,0.0,0.0,0.0,0.0,0.0
2183 SI-MA-LPO-LHA Skor1 Glut_6,0.0,0.0,0.030303030303030304,0.0,0.2727272727272727,0.0,0.0,0.0,0.0,0.0,0.3333333333333333,0.3333333333333333,0.0,0.0,0.0,0.0,0.0,0.0,0.0,0.0,0.0,0.0,0.030303030303030304,0.0,0.0
2184 SI-MA-LPO-LHA Skor1 Glut_6,0.0,0.0,0.038461538461538464,0.0,0.07692307692307693,0.0,0.0,0.0,0.19230769230769232,0.0,0.11538461538461539,0.5384615384615384,0.0,0.0,0.0,0.0,0.0,0.0,0.038461538461538464,0.0,0.0,0.0,0.0,0.0,0.0
2185 SI-MA-LPO-LHA Skor1 Glut_6,0.0,0.0,0.043478260869565216,0.0,0.17391304347826086,0.0,0.0,0.0,0.0,0.0,0.21739130434782608,0.5217391304347826,0.0,0.0,0.0,0.0,0.0,0.0,0.0,0.0,0.0,0.0,0.043478260869565216,0.0,0.0
2186 SI-MA-LPO-LHA Skor1 Glut_6,0.0,0.0,0.0,0.0,0.7142857142857143,0.0,0.0,0.0,0.0,0.0,0.2857142857142857,0.0,0.0,0.0,0.0,0.0,0.0,0.0,0.0,0.0,0.0,0.0,0.0,0.0,0.0
2187 SI-MA-LPO-LHA Skor1 Glut_6,0.0,0.0,0.2,0.0,0.0,0.0,0.0,0.0,0.13333333333333333,0.0,0.2,0.4666666666666667,0.0,0.0,0.0,0.0,0.0,0.0,0.0,0.0,0.0,0.0,0.0,0.0,0.0
2188 SI-MA-LPO-LHA Skor1 Glut_6,0.0,0.0,0.05,0.0,0.0,0.0,0.0,0.0,0.0,0.0,0.3,0.65,0.0,0.0,0.0,0.0,0.0,0.0,0.0,0.0,0.0,0.0,0.0,0.0,0.0
2189 SI-MA-LPO-LHA Skor1 Glut_6,0.0,0.0,0.0,0.0,0.07407407407407407,0.0,0.0,0.0,0.037037037037037035,0.0,0.5,0.3888888888888889,0.0,0.0,0.0,0.0,0.0,0.0,0.0,0.0,0.0,0.0,0.0,0.0,0.0
2190 SI-MA-LPO-LHA Skor1 Glut_6,0.0,0.0,0.0,0.0,0.04081632653061224,0.0,0.0,0.0,0.0,0.0,0.5816326530612245,0.37755102040816324,0.0,0.0,0.0,0.0,0.0,0.0,0.0,0.0,0.0,0.0,0.0,0.0,0.0
2191 SI-MA-LPO-LHA Skor1 Glut_6,0.0,0.0,0.017241379310344827,0.0,0.06896551724137931,0.0,0.0,0.0,0.0,0.0,0.5689655172413793,0.3448275862068966,0.0,0.0,0.0,0.0,0.0,0.0,0.0,0.0,0.0,0.0,0.0,0.0,0.0
2192 SI-MA-LPO-LHA Skor1 Glut_6,0.0,0.0,0.0,0.0,0.030303030303030304,0.0,0.0,0.0,0.0,0.0,0.5454545454545454,0.36363636363636365,0.0,0.0,0.0,0.0,0.0,0.0,0.0,0.0,0.0,0.0,0.06060606060606061,0.0,0.0
2193 SI-MA-LPO-LHA Skor1 Glut_7,0.0,0.0,0.0,0.0,0.20512820512820512,0.0,0.0,0.0,0.0,0.0,0.6666666666666666,0.07692307692307693,0.0,0.0,0.0,0.0,0.0,0.0,0.0,0.0,0.0,0.05128205128205128,0.0,0.0,0.0
2194 SI-MA-LPO-LHA Skor1 Glut_7,0.0,0.0,0.0,0.0,0.1111111111111111,0.0,0.0,0.0,0.0,0.0,0.7222222222222222,0.16666666666666666,0.0,0.0,0.0,0.0,0.0,0.0,0.0,0.0,0.0,0.0,0.0,0.0,0.0
2195 SI-MA-LPO-LHA Skor1 Glut_7,0.0,0.0,0.0,0.0,0.03787878787878788,0.0,0.007575757575757576,0.0,0.007575757575757576,0.0,0.5833333333333334,0.2803030303030303,0.007575757575757576,0.0,0.0,0.0,0.0,0.0,0.0,0.0,0.0,0.06818181818181818,0.007575757575757576,0.0,0.0
2196 SI-MA-LPO-LHA Skor1 Glut_7,0.0,0.0,0.0,0.0,0.3333333333333333,0.0,0.0,0.0,0.0,0.0,0.5238095238095238,0.14285714285714285,0.0,0.0,0.0,0.0,0.0,0.0,0.0,0.0,0.0,0.0,0.0,0.0,0.0
2197 SI-MA-LPO-LHA Skor1 Glut_7,0.0,0.0,0.0,0.0,0.21052631578947367,0.0,0.0,0.0,0.0,0.0,0.631578947368421,0.13157894736842105,0.0,0.0,0.0,0.0,0.0,0.0,0.0,0.0,0.0,0.0,0.02631578947368421,0.0,0.0
2198 SI-MA-LPO-LHA Skor1 Glut_8,0.0,0.0,0.0,0.0,0.2,0.0,0.0,0.0,0.0,0.0,0.32,0.48,0.0,0.0,0.0,0.0,0.0,0.0,0.0,0.0,0.0,0.0,0.0,0.0,0.0
2199 SI-MA-LPO-LHA Skor1 Glut_8,0.0,0.0,0.0,0.0,0.0036231884057971015,0.0,0.0,0.0,0.04710144927536232,0.0,0.5434782608695652,0.39855072463768115,0.0,0.0,0.0,0.0,0.0,0.0,0.0,0.0,0.0,0.0,0.0036231884057971015,0.0,0.0036231884057971015
2200 SI-MA-LPO-LHA Skor1 Glut_8,0.0,0.0,0.0,0.0,0.032520325203252036,0.0,0.0,0.0,0.04878048780487805,0.0,0.5691056910569106,0.34146341463414637,0.0,0.0,0.0,0.0,0.0,0.0,0.0,0.0,0.0,0.0,0.008130081300813009,0.0,0.0
2201 SI-MA-LPO-LHA Skor1 Glut_8,0.0,0.0,0.0,0.0,0.23076923076923078,0.0,0.0,0.0,0.0,0.0,0.6,0.15384615384615385,0.0,0.0,0.0,0.0,0.0,0.0,0.0,0.0,0.0,0.0,0.015384615384615385,0.0,0.0
2202 SI-MA-LPO-LHA Skor1 Glut_8,0.0,0.0,0.0,0.0,0.4,0.0,0.0,0.0,0.0,0.0,0.52,0.08,0.0,0.0,0.0,0.0,0.0,0.0,0.0,0.0,0.0,0.0,0.0,0.0,0.0
2203 MEA Otp Foxp2 Glut_1,0.0,0.0,0.04395604395604396,0.0,0.0,0.0,0.0,0.0,0.01098901098901099,0.0,0.01098901098901099,0.9340659340659341,0.0,0.0,0.0,0.0,0.0,0.0,0.0,0.0,0.0,0.0,0.0,0.0,0.0
2204 MEA Otp Foxp2 Glut_1,0.0,0.0,0.06395348837209303,0.0,0.0,0.0,0.0,0.0,0.011627906976744186,0.0,0.01744186046511628,0.8895348837209303,0.0,0.0,0.0,0.0,0.0,0.0,0.005813953488372093,0.0,0.0,0.0,0.011627906976744186,0.0,0.0
2205 MEA Otp Foxp2 Glut_1,0.0,0.0,0.0,0.0,0.0,0.0,0.0,0.0,0.26666666666666666,0.0,0.06666666666666667,0.6666666666666666,0.0,0.0,0.0,0.0,0.0,0.0,0.0,0.0,0.0,0.0,0.0,0.0,0.0
2206 MEA Otp Foxp2 Glut_1,0.0,0.0,0.1,0.0,0.0,0.0,0.0,0.0,0.05,0.0,0.05,0.8,0.0,0.0,0.0,0.0,0.0,0.0,0.0,0.0,0.0,0.0,0.0,0.0,0.0
2207 MEA Otp Foxp2 Glut_1,0.0,0.0,0.1,0.0,0.0,0.0,0.0,0.0,0.0,0.0,0.0,0.9,0.0,0.0,0.0,0.0,0.0,0.0,0.0,0.0,0.0,0.0,0.0,0.0,0.0
2208 MEA-BST Otp Zic2 Glut_1,0.0,0.0,0.0,0.0,0.34375,0.0,0.0,0.0,0.0,0.0,0.46875,0.15625,0.0,0.0,0.0,0.0,0.0,0.0,0.0,0.0,0.015625,0.0,0.015625,0.0,0.0
2209 MEA-BST Otp Zic2 Glut_1,0.0,0.0,0.0,0.0,0.1388888888888889,0.0,0.0,0.0,0.027777777777777776,0.0,0.3611111111111111,0.4166666666666667,0.027777777777777776,0.0,0.0,0.0,0.0,0.0,0.0,0.0,0.0,0.0,0.027777777777777776,0.0,0.0
2210 MEA-BST Otp Zic2 Glut_1,0.0,0.0,0.0,0.0,0.04,0.0,0.0,0.0,0.04,0.0,0.16,0.72,0.0,0.0,0.0,0.0,0.0,0.0,0.0,0.0,0.0,0.0,0.04,0.0,0.0
2211 MEA-BST Otp Zic2 Glut_1,0.0,0.0,0.0,0.0,0.15384615384615385,0.0,0.0,0.0,0.0,0.0,0.38461538461538464,0.11538461538461539,0.19230769230769232,0.0,0.0,0.0,0.0,0.0,0.07692307692307693,0.0,0.0,0.0,0.07692307692307693,0.0,0.0
2212 MEA-BST Otp Zic2 Glut_1,0.0,0.0,0.0,0.0,0.3253968253968254,0.0,0.0,0.0,0.0,0.0,0.4365079365079365,0.07142857142857142,0.007936507936507936,0.0,0.0,0.007936507936507936,0.031746031746031744,0.0,0.007936507936507936,0.0,0.015873015873015872,0.0,0.09523809523809523,0.0,0.0
2213 MEA-BST Otp Zic2 Glut_1,0.0,0.0,0.041666666666666664,0.0,0.2916666666666667,0.0,0.0,0.0,0.0,0.0,0.20833333333333334,0.4583333333333333,0.0,0.0,0.0,0.0,0.0,0.0,0.0,0.0,0.0,0.0,0.0,0.0,0.0
2214 MEA-BST Otp Zic2 Glut_2,0.0,0.0,0.0,0.0,0.030303030303030304,0.0,0.0,0.0,0.0,0.0,0.09090909090909091,0.8787878787878788,0.0,0.0,0.0,0.0,0.0,0.0,0.0,0.0,0.0,0.0,0.0,0.0,0.0
2215 MEA-BST Otp Zic2 Glut_2,0.0,0.0,0.0,0.0,0.0,0.0,0.0,0.0,0.0,0.0,0.1518987341772152,0.759493670886076,0.02531645569620253,0.0,0.0,0.0,0.012658227848101266,0.0,0.012658227848101266,0.0,0.02531645569620253,0.0,0.012658227848101266,0.0,0.0
2216 MEA-BST Otp Zic2 Glut_2,0.0,0.0,0.0,0.0,0.0,0.0,0.0,0.0,0.01639344262295082,0.0,0.16393442622950818,0.7704918032786885,0.01639344262295082,0.0,0.0,0.0,0.0,0.0,0.0,0.0,0.0,0.0,0.03278688524590164,0.0,0.0
2217 MEA-BST Otp Zic2 Glut_3,0.0,0.0,0.022988505747126436,0.0,0.011494252873563218,0.0,0.0,0.0,0.022988505747126436,0.0,0.13793103448275862,0.7586206896551724,0.0,0.0,0.0,0.0,0.011494252873563218,0.0,0.0,0.0,0.0,0.0,0.034482758620689655,0.0,0.0
2218 LHA-MEA Otp Glut_1,0.0,0.0,0.0,0.0,0.0,0.0,0.0,0.0,0.0,0.0,0.014492753623188406,0.9855072463768116,0.0,0.0,0.0,0.0,0.0,0.0,0.0,0.0,0.0,0.0,0.0,0.0,0.0
2219 LHA-MEA Otp Glut_1,0.0,0.0,0.037037037037037035,0.0,0.09259259259259259,0.0,0.0,0.0,0.018518518518518517,0.0,0.16666666666666666,0.6481481481481481,0.0,0.0,0.0,0.0,0.0,0.0,0.018518518518518517,0.018518518518518517,0.0,0.0,0.0,0.0,0.0
2220 LHA-MEA Otp Glut_1,0.0,0.0,0.0,0.0,0.5138888888888888,0.0,0.013888888888888888,0.0,0.0,0.013888888888888888,0.125,0.3333333333333333,0.0,0.0,0.0,0.0,0.0,0.0,0.0,0.0,0.0,0.0,0.0,0.0,0.0
2221 LHA-MEA Otp Glut_1,0.0,0.0,0.0,0.0,0.42857142857142855,0.0,0.023809523809523808,0.0,0.0,0.0,0.19047619047619047,0.35714285714285715,0.0,0.0,0.0,0.0,0.0,0.0,0.0,0.0,0.0,0.0,0.0,0.0,0.0
2222 LHA-MEA Otp Glut_1,0.0,0.0,0.0,0.0,0.8611111111111112,0.0,0.0,0.0,0.0,0.0,0.08333333333333333,0.05555555555555555,0.0,0.0,0.0,0.0,0.0,0.0,0.0,0.0,0.0,0.0,0.0,0.0,0.0
2223 LHA-MEA Otp Glut_1,0.0,0.0,0.0,0.0,0.45454545454545453,0.0,0.09090909090909091,0.0,0.0,0.0,0.18181818181818182,0.2727272727272727,0.0,0.0,0.0,0.0,0.0,0.0,0.0,0.0,0.0,0.0,0.0,0.0,0.0
2224 LHA-MEA Otp Glut_2,0.0,0.0,0.014492753623188406,0.0,0.028985507246376812,0.0,0.028985507246376812,0.0,0.0,0.0,0.07246376811594203,0.855072463768116,0.0,0.0,0.0,0.0,0.0,0.0,0.0,0.0,0.0,0.0,0.0,0.0,0.0
2225 DMH Nkx2-4 Glut_1,0.0,0.0,0.0,0.0,1.0,0.0,0.0,0.0,0.0,0.0,0.0,0.0,0.0,0.0,0.0,0.0,0.0,0.0,0.0,0.0,0.0,0.0,0.0,0.0,0.0
2226 DMH Nkx2-4 Glut_2,0.0,0.0,0.0,0.0,1.0,0.0,0.0,0.0,0.0,0.0,0.0,0.0,0.0,0.0,0.0,0.0,0.0,0.0,0.0,0.0,0.0,0.0,0.0,0.0,0.0
2227 DMH Nkx2-4 Glut_2,0.0,0.0,0.0,0.0,1.0,0.0,0.0,0.0,0.0,0.0,0.0,0.0,0.0,0.0,0.0,0.0,0.0,0.0,0.0,0.0,0.0,0.0,0.0,0.0,0.0
2228 DMH Nkx2-4 Glut_2,0.0,0.0,0.0,0.0,1.0,0.0,0.0,0.0,0.0,0.0,0.0,0.0,0.0,0.0,0.0,0.0,0.0,0.0,0.0,0.0,0.0,0.0,0.0,0.0,0.0
2229 DMH Nkx2-4 Glut_2,0.0,0.0,0.0,0.0,1.0,0.0,0.0,0.0,0.0,0.0,0.0,0.0,0.0,0.0,0.0,0.0,0.0,0.0,0.0,0.0,0.0,0.0,0.0,0.0,0.0
2230 DMH Nkx2-4 Glut_2,0.0,0.0,0.0,0.0,1.0,0.0,0.0,0.0,0.0,0.0,0.0,0.0,0.0,0.0,0.0,0.0,0.0,0.0,0.0,0.0,0.0,0.0,0.0,0.0,0.0
2231 MPN-MPO-PVpo Hmx2 Glut_1,0.0,0.0,0.0,0.0,0.9772727272727273,0.0,0.0,0.0,0.0,0.0,0.022727272727272728,0.0,0.0,0.0,0.0,0.0,0.0,0.0,0.0,0.0,0.0,0.0,0.0,0.0,0.0
2232 MPN-MPO-PVpo Hmx2 Glut_1,0.0,0.0,0.0,0.0,0.9,0.0,0.0,0.0,0.0,0.0,0.0,0.0,0.0,0.0,0.0,0.0,0.0,0.0,0.0,0.0,0.1,0.0,0.0,0.0,0.0
2233 MPN-MPO-PVpo Hmx2 Glut_1,0.0,0.0,0.0,0.0,1.0,0.0,0.0,0.0,0.0,0.0,0.0,0.0,0.0,0.0,0.0,0.0,0.0,0.0,0.0,0.0,0.0,0.0,0.0,0.0,0.0
2234 MPN-MPO-PVpo Hmx2 Glut_1,0.0,0.0,0.0,0.0,1.0,0.0,0.0,0.0,0.0,0.0,0.0,0.0,0.0,0.0,0.0,0.0,0.0,0.0,0.0,0.0,0.0,0.0,0.0,0.0,0.0
2235 MPN-MPO-PVpo Hmx2 Glut_1,0.0,0.0,0.0,0.0,1.0,0.0,0.0,0.0,0.0,0.0,0.0,0.0,0.0,0.0,0.0,0.0,0.0,0.0,0.0,0.0,0.0,0.0,0.0,0.0,0.0
2236 MPN-MPO-PVpo Hmx2 Glut_1,0.0,0.0,0.0,0.0,0.9424460431654677,0.0,0.007194244604316547,0.0,0.0,0.0,0.0,0.0,0.0,0.0,0.0,0.0,0.0,0.0,0.04316546762589928,0.0,0.007194244604316547,0.0,0.0,0.0,0.0
2237 MPN-MPO-PVpo Hmx2 Glut_1,0.0,0.0,0.0,0.0,0.9838709677419355,0.0,0.0,0.0,0.0,0.0,0.0,0.0,0.0,0.008064516129032258,0.0,0.0,0.0,0.0,0.0,0.0,0.008064516129032258,0.0,0.0,0.0,0.0
2238 MPN-MPO-PVpo Hmx2 Glut_1,0.0,0.0,0.0,0.0,0.9696969696969697,0.0,0.0,0.0,0.0,0.0,0.030303030303030304,0.0,0.0,0.0,0.0,0.0,0.0,0.0,0.0,0.0,0.0,0.0,0.0,0.0,0.0
2239 MPN-MPO-PVpo Hmx2 Glut_1,0.0,0.0,0.0,0.0,0.8983050847457628,0.0,0.0,0.0,0.0,0.0,0.01694915254237288,0.0,0.0,0.0,0.0,0.0,0.06779661016949153,0.0,0.01694915254237288,0.0,0.0,0.0,0.0,0.0,0.0
2240 MPN-MPO-PVpo Hmx2 Glut_2,0.0,0.0,0.0,0.0,0.868421052631579,0.0,0.0,0.0,0.0,0.0,0.10526315789473684,0.0,0.0,0.0,0.0,0.0,0.0,0.0,0.02631578947368421,0.0,0.0,0.0,0.0,0.0,0.0
2241 MPN-MPO-PVpo Hmx2 Glut_2,0.0,0.0,0.0,0.0,1.0,0.0,0.0,0.0,0.0,0.0,0.0,0.0,0.0,0.0,0.0,0.0,0.0,0.0,0.0,0.0,0.0,0.0,0.0,0.0,0.0
2242 MPN-MPO-PVpo Hmx2 Glut_2,0.0,0.0,0.0,0.0,1.0,0.0,0.0,0.0,0.0,0.0,0.0,0.0,0.0,0.0,0.0,0.0,0.0,0.0,0.0,0.0,0.0,0.0,0.0,0.0,0.0
2243 MPN-MPO-PVpo Hmx2 Glut_2,0.0,0.0,0.0,0.0,0.8070175438596491,0.0,0.0,0.0,0.0,0.0,0.0,0.0,0.0,0.017543859649122806,0.0,0.0,0.0,0.0,0.12280701754385964,0.0,0.03508771929824561,0.0,0.0,0.0,0.017543859649122806
2244 MPN-MPO-PVpo Hmx2 Glut_2,0.0,0.0,0.0,0.0,1.0,0.0,0.0,0.0,0.0,0.0,0.0,0.0,0.0,0.0,0.0,0.0,0.0,0.0,0.0,0.0,0.0,0.0,0.0,0.0,0.0
2245 MPN-MPO-PVpo Hmx2 Glut_2,0.0,0.0,0.0,0.0,0.9230769230769231,0.0,0.0,0.0,0.0,0.0,0.0,0.0,0.0,0.0,0.0,0.0,0.0,0.0,0.07692307692307693,0.0,0.0,0.0,0.0,0.0,0.0
2246 MPN-MPO-PVpo Hmx2 Glut_2,0.0,0.0,0.0,0.0,1.0,0.0,0.0,0.0,0.0,0.0,0.0,0.0,0.0,0.0,0.0,0.0,0.0,0.0,0.0,0.0,0.0,0.0,0.0,0.0,0.0
2247 MPN-MPO-PVpo Hmx2 Glut_3,0.0,0.0,0.0,0.0,0.9375,0.0,0.0,0.0,0.0,0.0,0.0,0.0,0.0,0.0,0.0,0.0,0.0,0.0,0.041666666666666664,0.0,0.020833333333333332,0.0,0.0,0.0,0.0
2248 MPN-MPO-PVpo Hmx2 Glut_3,0.0,0.0,0.0,0.0,0.9318181818181818,0.0,0.0,0.0,0.0,0.0,0.022727272727272728,0.0,0.0,0.0,0.0,0.0,0.0,0.0,0.045454545454545456,0.0,0.0,0.0,0.0,0.0,0.0
2249 MPN-MPO-PVpo Hmx2 Glut_3,0.0,0.0,0.0,0.0,1.0,0.0,0.0,0.0,0.0,0.0,0.0,0.0,0.0,0.0,0.0,0.0,0.0,0.0,0.0,0.0,0.0,0.0,0.0,0.0,0.0
2250 MPN-MPO-PVpo Hmx2 Glut_3,0.0,0.0,0.0,0.0,0.9180327868852459,0.0,0.0,0.0,0.0,0.0,0.04918032786885246,0.0,0.0,0.0,0.0,0.0,0.01639344262295082,0.0,0.01639344262295082,0.0,0.0,0.0,0.0,0.0,0.0
2251 MPN-MPO-PVpo Hmx2 Glut_3,0.0,0.0,0.0,0.0,1.0,0.0,0.0,0.0,0.0,0.0,0.0,0.0,0.0,0.0,0.0,0.0,0.0,0.0,0.0,0.0,0.0,0.0,0.0,0.0,0.0
2252 MPN-MPO-PVpo Hmx2 Glut_4,0.0,0.0,0.0,0.0,0.8376068376068376,0.0,0.008547008547008548,0.0,0.0,0.02564102564102564,0.1282051282051282,0.0,0.0,0.0,0.0,0.0,0.0,0.0,0.0,0.0,0.0,0.0,0.0,0.0,0.0
2253 MPN-MPO-PVpo Hmx2 Glut_4,0.0,0.0,0.0,0.0,0.9111111111111111,0.0,0.0,0.0,0.0,0.022222222222222223,0.044444444444444446,0.022222222222222223,0.0,0.0,0.0,0.0,0.0,0.0,0.0,0.0,0.0,0.0,0.0,0.0,0.0
2254 MPN-MPO-PVpo Hmx2 Glut_4,0.0,0.0,0.0,0.0,1.0,0.0,0.0,0.0,0.0,0.0,0.0,0.0,0.0,0.0,0.0,0.0,0.0,0.0,0.0,0.0,0.0,0.0,0.0,0.0,0.0
2255 MPN-MPO-PVpo Hmx2 Glut_4,0.0,0.0,0.0,0.0,1.0,0.0,0.0,0.0,0.0,0.0,0.0,0.0,0.0,0.0,0.0,0.0,0.0,0.0,0.0,0.0,0.0,0.0,0.0,0.0,0.0
2256 MPN-MPO-PVpo Hmx2 Glut_4,0.0,0.0,0.0,0.0,0.9,0.0,0.0,0.0,0.0,0.0,0.07142857142857142,0.0,0.0,0.014285714285714285,0.0,0.0,0.0,0.0,0.014285714285714285,0.0,0.0,0.0,0.0,0.0,0.0
2257 MPN-MPO-PVpo Hmx2 Glut_5,0.0,0.0,0.0,0.0,0.6666666666666666,0.0,0.0,0.0,0.0,0.0,0.0,0.0,0.0,0.0,0.0,0.0,0.022222222222222223,0.0,0.15555555555555556,0.0,0.15555555555555556,0.0,0.0,0.0,0.0
2258 MPN-MPO-PVpo Hmx2 Glut_5,0.0,0.0,0.0,0.0,0.6521739130434783,0.0,0.0,0.0,0.0,0.0,0.0,0.043478260869565216,0.0,0.0,0.0,0.0,0.17391304347826086,0.0,0.043478260869565216,0.0,0.08695652173913043,0.0,0.0,0.0,0.0
2259 MPN-MPO-PVpo Hmx2 Glut_5,0.0,0.0,0.0,0.0,0.9358974358974359,0.0,0.0,0.0,0.0,0.0,0.0,0.0,0.0,0.01282051282051282,0.0,0.0,0.01282051282051282,0.0,0.01282051282051282,0.0,0.02564102564102564,0.0,0.0,0.0,0.0
2260 MPN-MPO-PVpo Hmx2 Glut_6,0.0,0.0,0.0,0.0,0.8,0.0,0.0,0.0,0.0,0.0,0.0,0.0,0.0,0.0,0.0,0.0,0.03333333333333333,0.0,0.03333333333333333,0.0,0.13333333333333333,0.0,0.0,0.0,0.0
2261 MPN-MPO-PVpo Hmx2 Glut_6,0.0,0.0,0.0,0.0,1.0,0.0,0.0,0.0,0.0,0.0,0.0,0.0,0.0,0.0,0.0,0.0,0.0,0.0,0.0,0.0,0.0,0.0,0.0,0.0,0.0
2262 MPN-MPO-PVpo Hmx2 Glut_6,0.0,0.0,0.0,0.0,0.9791666666666666,0.0,0.0,0.0,0.0,0.0,0.0,0.0,0.0,0.010416666666666666,0.0,0.0,0.0,0.0,0.0,0.0,0.010416666666666666,0.0,0.0,0.0,0.0
2263 DMH Hmx2 Glut_1,0.0,0.0,0.0,0.0,1.0,0.0,0.0,0.0,0.0,0.0,0.0,0.0,0.0,0.0,0.0,0.0,0.0,0.0,0.0,0.0,0.0,0.0,0.0,0.0,0.0
2264 DMH Hmx2 Glut_1,0.0,0.0,0.0,0.0,0.9615384615384616,0.0,0.0,0.0,0.0,0.0,0.0,0.0,0.0,0.0,0.0,0.0,0.0,0.0,0.0,0.0,0.0,0.0,0.038461538461538464,0.0,0.0
2265 DMH Hmx2 Glut_1,0.0,0.0,0.0,0.0,1.0,0.0,0.0,0.0,0.0,0.0,0.0,0.0,0.0,0.0,0.0,0.0,0.0,0.0,0.0,0.0,0.0,0.0,0.0,0.0,0.0
2266 DMH Hmx2 Glut_1,0.0,0.0,0.0,0.0,1.0,0.0,0.0,0.0,0.0,0.0,0.0,0.0,0.0,0.0,0.0,0.0,0.0,0.0,0.0,0.0,0.0,0.0,0.0,0.0,0.0
2267 DMH Hmx2 Glut_1,0.0,0.0,0.0,0.0,1.0,0.0,0.0,0.0,0.0,0.0,0.0,0.0,0.0,0.0,0.0,0.0,0.0,0.0,0.0,0.0,0.0,0.0,0.0,0.0,0.0
2268 DMH Hmx2 Glut_1,0.0,0.0,0.0,0.0,0.9565217391304348,0.0,0.0,0.0,0.0,0.0,0.0,0.0,0.0,0.0,0.0,0.0,0.0,0.0,0.0,0.0,0.0,0.0,0.043478260869565216,0.0,0.0
2269 DMH Hmx2 Glut_1,0.0,0.0,0.0,0.0,0.8823529411764706,0.0,0.0,0.0,0.0,0.0,0.0,0.0,0.0,0.0,0.0,0.0,0.0,0.0,0.0,0.0,0.0,0.0,0.11764705882352941,0.0,0.0
2270 DMH Hmx2 Glut_1,0.0,0.0,0.0,0.0,1.0,0.0,0.0,0.0,0.0,0.0,0.0,0.0,0.0,0.0,0.0,0.0,0.0,0.0,0.0,0.0,0.0,0.0,0.0,0.0,0.0
2271 DMH Hmx2 Glut_1,0.0,0.0,0.0,0.0,0.9936305732484076,0.0,0.0,0.0,0.0,0.0,0.0,0.0,0.0,0.0,0.0,0.0,0.0,0.0,0.0,0.0,0.0,0.0,0.006369426751592357,0.0,0.0
2272 DMH Hmx2 Glut_2,0.0,0.0,0.0,0.0,1.0,0.0,0.0,0.0,0.0,0.0,0.0,0.0,0.0,0.0,0.0,0.0,0.0,0.0,0.0,0.0,0.0,0.0,0.0,0.0,0.0
2273 DMH Hmx2 Glut_2,0.0,0.0,0.0,0.0,0.9736842105263158,0.0,0.0,0.0,0.0,0.0,0.0,0.0,0.0,0.0,0.0,0.0,0.0,0.0,0.0,0.0,0.0,0.0,0.02631578947368421,0.0,0.0
2274 ARH-PVp Tbx3 Glut_1,0.0,0.0,0.0,0.0,1.0,0.0,0.0,0.0,0.0,0.0,0.0,0.0,0.0,0.0,0.0,0.0,0.0,0.0,0.0,0.0,0.0,0.0,0.0,0.0,0.0
2275 ARH-PVp Tbx3 Glut_1,0.0,0.0,0.0,0.0,1.0,0.0,0.0,0.0,0.0,0.0,0.0,0.0,0.0,0.0,0.0,0.0,0.0,0.0,0.0,0.0,0.0,0.0,0.0,0.0,0.0
2276 ARH-PVp Tbx3 Glut_1,0.0,0.0,0.0,0.0,1.0,0.0,0.0,0.0,0.0,0.0,0.0,0.0,0.0,0.0,0.0,0.0,0.0,0.0,0.0,0.0,0.0,0.0,0.0,0.0,0.0
2277 ARH-PVp Tbx3 Glut_1,0.0,0.0,0.0,0.0,1.0,0.0,0.0,0.0,0.0,0.0,0.0,0.0,0.0,0.0,0.0,0.0,0.0,0.0,0.0,0.0,0.0,0.0,0.0,0.0,0.0
2278 ARH-PVp Tbx3 Glut_2,0.0,0.0,0.0,0.0,0.9950248756218906,0.0,0.0,0.0,0.0,0.0,0.0,0.0,0.0,0.004975124378109453,0.0,0.0,0.0,0.0,0.0,0.0,0.0,0.0,0.0,0.0,0.0
2279 ARH-PVp Tbx3 Glut_2,0.0,0.0,0.0,0.0,0.9961832061068703,0.0,0.0,0.0,0.0,0.0,0.0,0.0,0.0,0.003816793893129771,0.0,0.0,0.0,0.0,0.0,0.0,0.0,0.0,0.0,0.0,0.0
2280 ARH-PVp Tbx3 Glut_2,0.0,0.0,0.0,0.0,0.9939759036144579,0.0,0.0,0.0,0.0,0.0,0.0,0.0,0.0,0.006024096385542169,0.0,0.0,0.0,0.0,0.0,0.0,0.0,0.0,0.0,0.0,0.0
2281 ARH-PVp Tbx3 Glut_3,0.0,0.0,0.0,0.0,0.9962825278810409,0.0,0.0,0.0,0.0,0.0,0.0,0.0,0.0,0.0037174721189591076,0.0,0.0,0.0,0.0,0.0,0.0,0.0,0.0,0.0,0.0,0.0
2282 ARH-PVp Tbx3 Glut_3,0.0,0.0,0.0,0.0,1.0,0.0,0.0,0.0,0.0,0.0,0.0,0.0,0.0,0.0,0.0,0.0,0.0,0.0,0.0,0.0,0.0,0.0,0.0,0.0,0.0
2283 ARH-PVp Tbx3 Glut_4,0.0,0.0,0.0,0.0,0.9833333333333333,0.0,0.0,0.0,0.0,0.0,0.0,0.0,0.0,0.0,0.0,0.0,0.0,0.0,0.0,0.0,0.0,0.0,0.016666666666666666,0.0,0.0
2284 ARH-PVp Tbx3 Glut_5,0.0,0.0,0.0,0.0,0.9727272727272728,0.0,0.0,0.0,0.0,0.0,0.0,0.0,0.01818181818181818,0.0,0.0,0.0,0.0,0.0,0.0,0.0,0.0,0.0,0.00909090909090909,0.0,0.0
2285 DMH-LHA Vgll2 Glut_1,0.0,0.0,0.0,0.0,1.0,0.0,0.0,0.0,0.0,0.0,0.0,0.0,0.0,0.0,0.0,0.0,0.0,0.0,0.0,0.0,0.0,0.0,0.0,0.0,0.0
2286 DMH-LHA Vgll2 Glut_2,0.0,0.0,0.0,0.0,0.96996996996997,0.0,0.0,0.0,0.0,0.0,0.021021021021021023,0.0,0.0,0.0,0.0,0.0,0.0,0.0,0.0,0.009009009009009009,0.0,0.0,0.0,0.0,0.0
2287 DMH-LHA Vgll2 Glut_3,0.0,0.0,0.0,0.0,0.9534883720930233,0.0,0.0,0.0,0.0,0.0,0.0,0.0,0.0,0.023255813953488372,0.0,0.0,0.0,0.0,0.0,0.0,0.023255813953488372,0.0,0.0,0.0,0.0
2288 DMH-LHA Vgll2 Glut_3,0.0,0.0,0.0,0.0,0.796875,0.0,0.0,0.0,0.0,0.0,0.0,0.0,0.0,0.015625,0.0,0.0,0.0,0.0,0.015625,0.0,0.078125,0.0,0.09375,0.0,0.0
2289 DMH-LHA Vgll2 Glut_4,0.0,0.0,0.0,0.0,0.9790209790209791,0.0,0.0,0.0,0.0,0.006993006993006993,0.0,0.0,0.0,0.013986013986013986,0.0,0.0,0.0,0.0,0.0,0.0,0.0,0.0,0.0,0.0,0.0
2290 VMH Fezf1 Glut_1,0.0,0.0,0.0,0.0,1.0,0.0,0.0,0.0,0.0,0.0,0.0,0.0,0.0,0.0,0.0,0.0,0.0,0.0,0.0,0.0,0.0,0.0,0.0,0.0,0.0
2291 VMH Fezf1 Glut_1,0.0,0.0,0.0,0.0,1.0,0.0,0.0,0.0,0.0,0.0,0.0,0.0,0.0,0.0,0.0,0.0,0.0,0.0,0.0,0.0,0.0,0.0,0.0,0.0,0.0
2292 VMH Fezf1 Glut_1,0.0,0.0,0.0,0.0,1.0,0.0,0.0,0.0,0.0,0.0,0.0,0.0,0.0,0.0,0.0,0.0,0.0,0.0,0.0,0.0,0.0,0.0,0.0,0.0,0.0
2293 VMH Fezf1 Glut_1,0.0,0.0,0.0,0.0,1.0,0.0,0.0,0.0,0.0,0.0,0.0,0.0,0.0,0.0,0.0,0.0,0.0,0.0,0.0,0.0,0.0,0.0,0.0,0.0,0.0
2294 VMH Fezf1 Glut_2,0.0,0.0,0.0,0.0,0.96,0.0,0.0,0.0,0.0,0.0,0.0,0.0,0.0,0.0,0.0,0.0,0.0,0.0,0.0,0.0,0.04,0.0,0.0,0.0,0.0
2295 VMH Fezf1 Glut_2,0.0,0.0,0.0,0.0,0.9965156794425087,0.0,0.0,0.0,0.0,0.0,0.0,0.0,0.0,0.0,0.0,0.0,0.0,0.0,0.0,0.0,0.0,0.0,0.003484320557491289,0.0,0.0
2296 VMH Fezf1 Glut_2,0.0,0.0,0.0,0.0,0.9869281045751634,0.0,0.0,0.0,0.0,0.0,0.0,0.0,0.0,0.0,0.0,0.0,0.0,0.0,0.0,0.0,0.0,0.0,0.013071895424836602,0.0,0.0
2297 VMH Fezf1 Glut_2,0.0,0.0,0.0,0.0,0.9871794871794872,0.0,0.00641025641025641,0.0,0.0,0.0,0.0,0.0,0.0,0.0,0.0,0.0,0.0,0.0,0.0,0.0,0.0,0.0,0.00641025641025641,0.0,0.0
2298 VMH Fezf1 Glut_3,0.0,0.0,0.0,0.0,1.0,0.0,0.0,0.0,0.0,0.0,0.0,0.0,0.0,0.0,0.0,0.0,0.0,0.0,0.0,0.0,0.0,0.0,0.0,0.0,0.0
2299 VMH Fezf1 Glut_3,0.0,0.0,0.0,0.0,0.9954128440366973,0.0,0.0,0.0,0.0,0.0,0.0,0.0,0.0,0.0,0.0,0.0,0.0,0.0,0.0,0.0,0.0,0.0,0.0045871559633027525,0.0,0.0
2300 VMH Fezf1 Glut_3,0.0,0.0,0.0,0.0,1.0,0.0,0.0,0.0,0.0,0.0,0.0,0.0,0.0,0.0,0.0,0.0,0.0,0.0,0.0,0.0,0.0,0.0,0.0,0.0,0.0
2301 VMH Nr5a1 Glut_1,0.0,0.0,0.0,0.0,1.0,0.0,0.0,0.0,0.0,0.0,0.0,0.0,0.0,0.0,0.0,0.0,0.0,0.0,0.0,0.0,0.0,0.0,0.0,0.0,0.0
2302 VMH Nr5a1 Glut_1,0.0,0.0,0.0,0.0,0.9017857142857143,0.0,0.0,0.0,0.0,0.0,0.008928571428571428,0.0,0.0,0.008928571428571428,0.0,0.0,0.0,0.0,0.008928571428571428,0.0,0.07142857142857142,0.0,0.0,0.0,0.0
2303 VMH Nr5a1 Glut_1,0.0,0.0,0.0,0.0,0.9148936170212766,0.0,0.0,0.0,0.0,0.0,0.0,0.0,0.0,0.031914893617021274,0.0,0.0,0.0,0.0,0.010638297872340425,0.0,0.02127659574468085,0.0,0.02127659574468085,0.0,0.0
2304 VMH Nr5a1 Glut_1,0.0,0.0,0.0,0.0,0.8793103448275862,0.0,0.0,0.0,0.0,0.0,0.0,0.0,0.0,0.0,0.0,0.0,0.0,0.0,0.034482758620689655,0.0,0.06896551724137931,0.0,0.017241379310344827,0.0,0.0
2305 VMH Nr5a1 Glut_1,0.0,0.0,0.0,0.0,0.967741935483871,0.0,0.0,0.0,0.0,0.0,0.0,0.0,0.0,0.0,0.0,0.0,0.0,0.0,0.03225806451612903,0.0,0.0,0.0,0.0,0.0,0.0
2306 VMH Nr5a1 Glut_2,0.0,0.0,0.0,0.0,0.9411764705882353,0.0,0.0,0.0,0.0,0.0,0.0,0.0,0.0,0.0,0.0,0.0,0.0,0.0,0.014705882352941176,0.0,0.04411764705882353,0.0,0.0,0.0,0.0
2307 VMH Nr5a1 Glut_2,0.0,0.0,0.0,0.0,0.9943820224719101,0.0,0.0,0.0,0.0,0.0,0.0,0.0,0.0,0.0056179775280898875,0.0,0.0,0.0,0.0,0.0,0.0,0.0,0.0,0.0,0.0,0.0
2308 VMH Nr5a1 Glut_2,0.0,0.0,0.0,0.0,0.9314285714285714,0.0,0.0,0.0,0.0,0.0,0.005714285714285714,0.0,0.0,0.0,0.0,0.0,0.0,0.0,0.017142857142857144,0.0,0.02857142857142857,0.0,0.017142857142857144,0.0,0.0
2309 VMH Nr5a1 Glut_2,0.0,0.0,0.0,0.0,0.9183673469387755,0.0,0.0,0.0,0.0,0.0,0.0,0.0,0.0,0.0,0.0,0.0,0.0,0.0,0.0,0.0,0.08163265306122448,0.0,0.0,0.0,0.0
2310 VMH Nr5a1 Glut_3,0.0,0.0,0.0,0.0,1.0,0.0,0.0,0.0,0.0,0.0,0.0,0.0,0.0,0.0,0.0,0.0,0.0,0.0,0.0,0.0,0.0,0.0,0.0,0.0,0.0
2311 VMH Nr5a1 Glut_3,0.0,0.0,0.0,0.0,1.0,0.0,0.0,0.0,0.0,0.0,0.0,0.0,0.0,0.0,0.0,0.0,0.0,0.0,0.0,0.0,0.0,0.0,0.0,0.0,0.0
2312 VMH Nr5a1 Glut_3,0.0,0.0,0.0,0.0,1.0,0.0,0.0,0.0,0.0,0.0,0.0,0.0,0.0,0.0,0.0,0.0,0.0,0.0,0.0,0.0,0.0,0.0,0.0,0.0,0.0
2313 VMH Nr5a1 Glut_3,0.0,0.0,0.0,0.0,1.0,0.0,0.0,0.0,0.0,0.0,0.0,0.0,0.0,0.0,0.0,0.0,0.0,0.0,0.0,0.0,0.0,0.0,0.0,0.0,0.0
2314 VMH Nr5a1 Glut_4,0.0,0.0,0.0,0.0,1.0,0.0,0.0,0.0,0.0,0.0,0.0,0.0,0.0,0.0,0.0,0.0,0.0,0.0,0.0,0.0,0.0,0.0,0.0,0.0,0.0
2315 VMH Nr5a1 Glut_4,0.0,0.0,0.0,0.0,1.0,0.0,0.0,0.0,0.0,0.0,0.0,0.0,0.0,0.0,0.0,0.0,0.0,0.0,0.0,0.0,0.0,0.0,0.0,0.0,0.0
2316 VMH Nr5a1 Glut_4,0.0,0.0,0.0,0.0,1.0,0.0,0.0,0.0,0.0,0.0,0.0,0.0,0.0,0.0,0.0,0.0,0.0,0.0,0.0,0.0,0.0,0.0,0.0,0.0,0.0
2317 VMH Nr5a1 Glut_5,0.0,0.0,0.0,0.0,0.9927007299270073,0.0,0.0,0.0,0.0,0.0,0.0,0.0,0.0,0.0072992700729927005,0.0,0.0,0.0,0.0,0.0,0.0,0.0,0.0,0.0,0.0,0.0
2318 VMH Nr5a1 Glut_5,0.0,0.0,0.0,0.0,1.0,0.0,0.0,0.0,0.0,0.0,0.0,0.0,0.0,0.0,0.0,0.0,0.0,0.0,0.0,0.0,0.0,0.0,0.0,0.0,0.0
2319 VMH Nr5a1 Glut_6,0.0,0.0,0.0,0.0,1.0,0.0,0.0,0.0,0.0,0.0,0.0,0.0,0.0,0.0,0.0,0.0,0.0,0.0,0.0,0.0,0.0,0.0,0.0,0.0,0.0
2320 LHA Pmch Glut_1,0.0,0.0,0.0,0.0,0.8518518518518519,0.0,0.0,0.0,0.0,0.0,0.09259259259259259,0.0,0.0,0.0,0.0,0.0,0.0,0.0,0.0,0.05555555555555555,0.0,0.0,0.0,0.0,0.0
2321 LHA Pmch Glut_1,0.0,0.0,0.0,0.0,0.893491124260355,0.0,0.0,0.0,0.0,0.0,0.047337278106508875,0.0,0.0,0.0,0.0,0.0,0.0,0.0,0.0,0.05325443786982249,0.0,0.0,0.005917159763313609,0.0,0.0
2322 LHA Pmch Glut_1,0.0,0.0,0.0,0.0,0.9240506329113924,0.0,0.0,0.0,0.0,0.0,0.05063291139240506,0.0,0.0,0.0,0.0,0.0,0.0,0.0,0.0,0.0,0.0,0.012658227848101266,0.012658227848101266,0.0,0.0
2323 LHA Pmch Glut_2,0.0,0.0,0.0,0.0,0.9512195121951219,0.0,0.0,0.0,0.0,0.0,0.012195121951219513,0.0,0.0,0.0,0.0,0.0,0.0,0.0,0.0,0.0,0.0,0.0,0.036585365853658534,0.0,0.0
2324 LHA Pmch Glut_2,0.0,0.0,0.0,0.0,0.9402985074626866,0.0,0.0,0.0,0.0,0.0,0.0,0.0,0.0,0.0,0.0,0.0,0.0,0.0,0.0,0.0,0.0,0.0,0.05970149253731343,0.0,0.0
2325 LHA-AHN-PVH Otp Trh Glut_1,0.0,0.0,0.0,0.0,0.7058823529411765,0.0,0.0,0.0,0.0,0.0,0.20588235294117646,0.029411764705882353,0.0,0.0,0.0,0.0,0.0,0.0,0.0,0.0,0.0,0.0,0.058823529411764705,0.0,0.0
2326 LHA-AHN-PVH Otp Trh Glut_1,0.0,0.0,0.0,0.0,0.6727272727272727,0.0,0.0,0.0,0.0,0.0,0.21818181818181817,0.07272727272727272,0.0,0.0,0.0,0.0,0.0,0.0,0.0,0.0,0.0,0.0,0.03636363636363636,0.0,0.0
2327 LHA-AHN-PVH Otp Trh Glut_1,0.0,0.0,0.0,0.0,0.8941176470588236,0.0,0.0,0.0,0.0,0.0,0.023529411764705882,0.0,0.0,0.011764705882352941,0.0,0.0,0.0,0.0,0.03529411764705882,0.0,0.023529411764705882,0.0,0.011764705882352941,0.0,0.0
2328 LHA-AHN-PVH Otp Trh Glut_1,0.0,0.0,0.0,0.0,0.9,0.0,0.0,0.0,0.0,0.0,0.0,0.0,0.02,0.0,0.0,0.0,0.0,0.0,0.04,0.0,0.04,0.0,0.0,0.0,0.0
2329 LHA-AHN-PVH Otp Trh Glut_1,0.0,0.0,0.0,0.0,0.8414634146341463,0.0,0.0,0.0,0.0,0.0,0.036585365853658534,0.0,0.0,0.012195121951219513,0.0,0.0,0.006097560975609756,0.0,0.06097560975609756,0.0,0.03048780487804878,0.0,0.0,0.0,0.012195121951219513
2330 LHA-AHN-PVH Otp Trh Glut_2,0.0,0.0,0.0,0.0,0.9662921348314607,0.0,0.0,0.0,0.0,0.0,0.0,0.0,0.0,0.011235955056179775,0.0,0.0,0.0,0.0,0.0,0.0,0.0056179775280898875,0.0,0.016853932584269662,0.0,0.0
2331 LHA-AHN-PVH Otp Trh Glut_2,0.0,0.0,0.0,0.0,0.6645962732919255,0.0,0.0,0.0,0.0,0.0,0.11801242236024845,0.14285714285714285,0.0,0.0,0.0,0.0,0.018633540372670808,0.0,0.0,0.0,0.0,0.0,0.055900621118012424,0.0,0.0
2332 LHA-AHN-PVH Otp Trh Glut_2,0.0,0.0,0.0,0.0,0.989247311827957,0.0,0.0,0.0,0.0,0.0,0.010752688172043012,0.0,0.0,0.0,0.0,0.0,0.0,0.0,0.0,0.0,0.0,0.0,0.0,0.0,0.0
2333 LHA-AHN-PVH Otp Trh Glut_2,0.0,0.0,0.0,0.0,1.0,0.0,0.0,0.0,0.0,0.0,0.0,0.0,0.0,0.0,0.0,0.0,0.0,0.0,0.0,0.0,0.0,0.0,0.0,0.0,0.0
2334 LHA-AHN-PVH Otp Trh Glut_3,0.0,0.0,0.0,0.0,0.8384615384615385,0.0,0.0,0.0,0.0,0.007692307692307693,0.13076923076923078,0.0,0.0,0.0,0.0,0.0,0.0,0.0,0.0,0.0,0.007692307692307693,0.0,0.015384615384615385,0.0,0.0
2335 LHA-AHN-PVH Otp Trh Glut_3,0.0,0.0,0.0,0.0,0.7956204379562044,0.0,0.0,0.0,0.0,0.0,0.058394160583941604,0.0,0.0,0.0,0.0,0.0,0.014598540145985401,0.0,0.08029197080291971,0.0,0.051094890510948905,0.0,0.0,0.0,0.0
2336 LHA-AHN-PVH Otp Trh Glut_3,0.0,0.0,0.0,0.0,0.9651162790697675,0.0,0.0,0.0,0.0,0.0,0.011627906976744186,0.0,0.0,0.0,0.0,0.0,0.0,0.0,0.011627906976744186,0.0,0.011627906976744186,0.0,0.0,0.0,0.0
2337 LHA-AHN-PVH Otp Trh Glut_4,0.0,0.0,0.0,0.0,0.9327731092436975,0.0,0.008403361344537815,0.0,0.0,0.01680672268907563,0.03361344537815126,0.0,0.0,0.0,0.0,0.0,0.0,0.0,0.0,0.0,0.0,0.0,0.008403361344537815,0.0,0.0
2338 LHA-AHN-PVH Otp Trh Glut_4,0.0,0.0,0.0,0.0,0.7980769230769231,0.0,0.0,0.0,0.0,0.0,0.19230769230769232,0.0,0.0,0.0,0.0,0.0,0.0,0.0,0.009615384615384616,0.0,0.0,0.0,0.0,0.0,0.0
2339 LHA-AHN-PVH Otp Trh Glut_5,0.0,0.0,0.0,0.0,0.7111111111111111,0.0,0.0,0.0,0.0,0.0,0.016666666666666666,0.0,0.0,0.011111111111111112,0.0,0.0,0.03333333333333333,0.0,0.12777777777777777,0.0,0.07777777777777778,0.0,0.0,0.0,0.022222222222222223
2340 AHN-RCH-LHA Otp Fezf1 Glut_1,0.0,0.0,0.0,0.0,0.7476635514018691,0.0,0.018691588785046728,0.0,0.0,0.0,0.205607476635514,0.0,0.0,0.0,0.0,0.0,0.0,0.0,0.0,0.0,0.0,0.0,0.028037383177570093,0.0,0.0
2341 AHN-RCH-LHA Otp Fezf1 Glut_1,0.0,0.0,0.0,0.0,0.6143790849673203,0.0,0.0,0.0,0.0,0.0,0.33986928104575165,0.0,0.006535947712418301,0.0,0.0,0.0,0.0,0.0,0.0,0.0,0.0,0.0,0.0392156862745098,0.0,0.0
2342 AHN-RCH-LHA Otp Fezf1 Glut_1,0.0,0.0,0.0,0.0,0.8974358974358975,0.0,0.0,0.0,0.0,0.0,0.07692307692307693,0.0,0.0,0.0,0.0,0.0,0.0,0.0,0.0,0.0,0.0,0.0,0.02564102564102564,0.0,0.0
2343 AHN-RCH-LHA Otp Fezf1 Glut_1,0.0,0.0,0.0,0.0,0.9263157894736842,0.0,0.0,0.0,0.0,0.0,0.021052631578947368,0.0,0.0,0.0,0.0,0.0,0.0,0.0,0.0,0.0,0.0,0.0,0.05263157894736842,0.0,0.0
2344 AHN-RCH-LHA Otp Fezf1 Glut_1,0.0,0.0,0.0,0.0,0.95,0.0,0.0,0.0,0.0,0.025,0.0125,0.0,0.0,0.0,0.0,0.0,0.0,0.0,0.0,0.0,0.0,0.0,0.0125,0.0,0.0
2345 AHN-RCH-LHA Otp Fezf1 Glut_2,0.0,0.0,0.0,0.0,0.9925187032418953,0.0,0.004987531172069825,0.0,0.0,0.0,0.0,0.0,0.0024937655860349127,0.0,0.0,0.0,0.0,0.0,0.0,0.0,0.0,0.0,0.0,0.0,0.0
2346 AHN-RCH-LHA Otp Fezf1 Glut_2,0.0,0.0,0.0,0.0,0.9946236559139785,0.0,0.005376344086021506,0.0,0.0,0.0,0.0,0.0,0.0,0.0,0.0,0.0,0.0,0.0,0.0,0.0,0.0,0.0,0.0,0.0,0.0
2347 AHN-RCH-LHA Otp Fezf1 Glut_2,0.0,0.0,0.0,0.0,1.0,0.0,0.0,0.0,0.0,0.0,0.0,0.0,0.0,0.0,0.0,0.0,0.0,0.0,0.0,0.0,0.0,0.0,0.0,0.0,0.0
2348 AHN-RCH-LHA Otp Fezf1 Glut_2,0.0,0.0,0.0,0.0,0.9854014598540146,0.0,0.0,0.0,0.0,0.0,0.0072992700729927005,0.0,0.0072992700729927005,0.0,0.0,0.0,0.0,0.0,0.0,0.0,0.0,0.0,0.0,0.0,0.0
2349 AHN-RCH-LHA Otp Fezf1 Glut_2,0.0,0.0,0.0,0.0,0.9903846153846154,0.0,0.0,0.0,0.0,0.0,0.0,0.0,0.0,0.0,0.0,0.0,0.0,0.0,0.009615384615384616,0.0,0.0,0.0,0.0,0.0,0.0
2350 AHN-RCH-LHA Otp Fezf1 Glut_2,0.0,0.0,0.0,0.0,0.9811320754716981,0.0,0.0,0.0,0.0,0.0,0.018867924528301886,0.0,0.0,0.0,0.0,0.0,0.0,0.0,0.0,0.0,0.0,0.0,0.0,0.0,0.0
2351 AHN-RCH-LHA Otp Fezf1 Glut_2,0.0,0.0,0.0,0.0,1.0,0.0,0.0,0.0,0.0,0.0,0.0,0.0,0.0,0.0,0.0,0.0,0.0,0.0,0.0,0.0,0.0,0.0,0.0,0.0,0.0
2352 AHN-RCH-LHA Otp Fezf1 Glut_3,0.0,0.0,0.0,0.0,0.9772727272727273,0.0,0.0,0.0,0.0,0.0,0.0,0.0,0.0,0.0,0.0,0.0,0.0,0.0,0.0,0.0,0.0,0.0,0.022727272727272728,0.0,0.0
2353 AHN-RCH-LHA Otp Fezf1 Glut_3,0.0,0.0,0.0,0.0,0.9905660377358491,0.0,0.0,0.0,0.0,0.0,0.0,0.0,0.0,0.0,0.0,0.0,0.0,0.0,0.0,0.0,0.0,0.0,0.009433962264150943,0.0,0.0
2354 AHN-RCH-LHA Otp Fezf1 Glut_3,0.0,0.0,0.0,0.0,1.0,0.0,0.0,0.0,0.0,0.0,0.0,0.0,0.0,0.0,0.0,0.0,0.0,0.0,0.0,0.0,0.0,0.0,0.0,0.0,0.0
2355 AHN-RCH-LHA Otp Fezf1 Glut_3,0.0,0.0,0.0,0.0,0.7678571428571429,0.0,0.0,0.0,0.0,0.0,0.017857142857142856,0.0,0.0,0.017857142857142856,0.0,0.0,0.017857142857142856,0.0,0.125,0.0,0.03571428571428571,0.0,0.017857142857142856,0.0,0.0
2356 AHN-RCH-LHA Otp Fezf1 Glut_4,0.0,0.0,0.0,0.0,1.0,0.0,0.0,0.0,0.0,0.0,0.0,0.0,0.0,0.0,0.0,0.0,0.0,0.0,0.0,0.0,0.0,0.0,0.0,0.0,0.0
2357 AHN-RCH-LHA Otp Fezf1 Glut_4,0.0,0.0,0.0,0.0,1.0,0.0,0.0,0.0,0.0,0.0,0.0,0.0,0.0,0.0,0.0,0.0,0.0,0.0,0.0,0.0,0.0,0.0,0.0,0.0,0.0
2358 AHN-RCH-LHA Otp Fezf1 Glut_4,0.0,0.0,0.0,0.0,0.9696969696969697,0.0,0.0,0.0,0.0,0.0,0.0,0.0,0.0,0.0,0.0,0.0,0.0,0.0,0.0,0.0,0.0,0.0,0.030303030303030304,0.0,0.0
2359 AHN-RCH-LHA Otp Fezf1 Glut_4,0.0,0.0,0.0,0.0,0.9830508474576272,0.0,0.0,0.0,0.0,0.0,0.0,0.0,0.0,0.0,0.0,0.0,0.0,0.0,0.0,0.0,0.0,0.0,0.01694915254237288,0.0,0.0
2360 AHN-RCH-LHA Otp Fezf1 Glut_5,0.0,0.0,0.0,0.0,0.9481481481481482,0.0,0.0,0.0,0.0,0.0,0.0,0.0,0.0,0.007407407407407408,0.0,0.0,0.0,0.0,0.022222222222222223,0.0,0.0,0.0,0.007407407407407408,0.0,0.014814814814814815
2361 AHN-RCH-LHA Otp Fezf1 Glut_6,0.0,0.0,0.0,0.0,0.84,0.0,0.0,0.01,0.0,0.02,0.09,0.0,0.0,0.0,0.0,0.0,0.0,0.0,0.03,0.0,0.01,0.0,0.0,0.0,0.0
2362 AHN-RCH-LHA Otp Fezf1 Glut_6,0.0,0.0,0.0,0.0,1.0,0.0,0.0,0.0,0.0,0.0,0.0,0.0,0.0,0.0,0.0,0.0,0.0,0.0,0.0,0.0,0.0,0.0,0.0,0.0,0.0
2363 AHN-RCH-LHA Otp Fezf1 Glut_6,0.0,0.0,0.0,0.0,0.8876404494382022,0.0,0.011235955056179775,0.0,0.0,0.0056179775280898875,0.0,0.0,0.0,0.0,0.0,0.0,0.0,0.0,0.02247191011235955,0.0,0.0449438202247191,0.011235955056179775,0.016853932584269662,0.0,0.0
2364 PVH-SO-PVa Otp Glut_1,0.0,0.0,0.0,0.0,0.9655172413793104,0.0,0.0,0.0,0.0,0.0,0.0,0.0,0.0,0.034482758620689655,0.0,0.0,0.0,0.0,0.0,0.0,0.0,0.0,0.0,0.0,0.0
2365 PVH-SO-PVa Otp Glut_1,0.0,0.0,0.0,0.0,1.0,0.0,0.0,0.0,0.0,0.0,0.0,0.0,0.0,0.0,0.0,0.0,0.0,0.0,0.0,0.0,0.0,0.0,0.0,0.0,0.0
2367 PVH-SO-PVa Otp Glut_1,0.0,0.0,0.0,0.0,0.9655172413793104,0.0,0.034482758620689655,0.0,0.0,0.0,0.0,0.0,0.0,0.0,0.0,0.0,0.0,0.0,0.0,0.0,0.0,0.0,0.0,0.0,0.0
2368 PVH-SO-PVa Otp Glut_1,0.0,0.0,0.0,0.0,1.0,0.0,0.0,0.0,0.0,0.0,0.0,0.0,0.0,0.0,0.0,0.0,0.0,0.0,0.0,0.0,0.0,0.0,0.0,0.0,0.0
2369 PVH-SO-PVa Otp Glut_2,0.0,0.0,0.0,0.0,1.0,0.0,0.0,0.0,0.0,0.0,0.0,0.0,0.0,0.0,0.0,0.0,0.0,0.0,0.0,0.0,0.0,0.0,0.0,0.0,0.0
2370 PVH-SO-PVa Otp Glut_2,0.0,0.0,0.0,0.0,1.0,0.0,0.0,0.0,0.0,0.0,0.0,0.0,0.0,0.0,0.0,0.0,0.0,0.0,0.0,0.0,0.0,0.0,0.0,0.0,0.0
2371 PVH-SO-PVa Otp Glut_2,0.0,0.0,0.0,0.0,1.0,0.0,0.0,0.0,0.0,0.0,0.0,0.0,0.0,0.0,0.0,0.0,0.0,0.0,0.0,0.0,0.0,0.0,0.0,0.0,0.0
2372 PVH-SO-PVa Otp Glut_2,0.0,0.0,0.0,0.0,1.0,0.0,0.0,0.0,0.0,0.0,0.0,0.0,0.0,0.0,0.0,0.0,0.0,0.0,0.0,0.0,0.0,0.0,0.0,0.0,0.0
2373 PVH-SO-PVa Otp Glut_2,0.0,0.0,0.0,0.0,1.0,0.0,0.0,0.0,0.0,0.0,0.0,0.0,0.0,0.0,0.0,0.0,0.0,0.0,0.0,0.0,0.0,0.0,0.0,0.0,0.0
2374 PVH-SO-PVa Otp Glut_2,0.0,0.0,0.0,0.0,1.0,0.0,0.0,0.0,0.0,0.0,0.0,0.0,0.0,0.0,0.0,0.0,0.0,0.0,0.0,0.0,0.0,0.0,0.0,0.0,0.0
2375 PVH-SO-PVa Otp Glut_3,0.0,0.0,0.0,0.0,1.0,0.0,0.0,0.0,0.0,0.0,0.0,0.0,0.0,0.0,0.0,0.0,0.0,0.0,0.0,0.0,0.0,0.0,0.0,0.0,0.0
2376 PVH-SO-PVa Otp Glut_3,0.0,0.0,0.0,0.0,1.0,0.0,0.0,0.0,0.0,0.0,0.0,0.0,0.0,0.0,0.0,0.0,0.0,0.0,0.0,0.0,0.0,0.0,0.0,0.0,0.0
2377 PVH-SO-PVa Otp Glut_3,0.0,0.0,0.0,0.0,0.9900497512437811,0.0,0.0,0.0,0.0,0.0,0.004975124378109453,0.0,0.0,0.0,0.0,0.0,0.0,0.0,0.0,0.0,0.0,0.0,0.004975124378109453,0.0,0.0
2378 PVH-SO-PVa Otp Glut_3,0.0,0.0,0.0,0.0,0.9915966386554622,0.0,0.0,0.0,0.0,0.0,0.0,0.0,0.008403361344537815,0.0,0.0,0.0,0.0,0.0,0.0,0.0,0.0,0.0,0.0,0.0,0.0
2379 PVH-SO-PVa Otp Glut_4,0.0,0.0,0.0,0.0,0.8655172413793103,0.0,0.0,0.0,0.0,0.0,0.041379310344827586,0.006896551724137931,0.0,0.013793103448275862,0.0,0.0,0.0034482758620689655,0.0,0.02413793103448276,0.0,0.03103448275862069,0.0,0.0034482758620689655,0.0,0.010344827586206896
2380 PVH-SO-PVa Otp Glut_4,0.0,0.0,0.0,0.0,0.7393483709273183,0.0,0.0,0.0,0.0,0.0,0.007518796992481203,0.007518796992481203,0.0,0.0,0.0,0.0,0.020050125313283207,0.0,0.07518796992481203,0.0,0.10526315789473684,0.0,0.002506265664160401,0.0,0.042606516290726815
2381 PVH-SO-PVa Otp Glut_4,0.0,0.0,0.0,0.0,0.6703910614525139,0.0,0.0,0.0,0.0,0.0,0.027932960893854747,0.0223463687150838,0.0,0.0111731843575419,0.0,0.0,0.0111731843575419,0.0,0.0893854748603352,0.0,0.1340782122905028,0.0,0.0,0.0,0.0335195530726257
2382 PVH-SO-PVa Otp Glut_5,0.0,0.0,0.0,0.0,0.9264705882352942,0.0,0.0,0.0,0.0,0.0,0.0,0.0,0.0,0.07352941176470588,0.0,0.0,0.0,0.0,0.0,0.0,0.0,0.0,0.0,0.0,0.0
2383 PVH-SO-PVa Otp Glut_5,0.0,0.0,0.0,0.0,0.925531914893617,0.0,0.0,0.0,0.0,0.0,0.0,0.0,0.0,0.07446808510638298,0.0,0.0,0.0,0.0,0.0,0.0,0.0,0.0,0.0,0.0,0.0
2384 PVH-SO-PVa Otp Glut_5,0.0,0.0,0.0,0.0,0.9545454545454546,0.0,0.0,0.0,0.0,0.0,0.015151515151515152,0.0,0.0,0.030303030303030304,0.0,0.0,0.0,0.0,0.0,0.0,0.0,0.0,0.0,0.0,0.0
2385 PVH-SO-PVa Otp Glut_6,0.0,0.0,0.0,0.0,1.0,0.0,0.0,0.0,0.0,0.0,0.0,0.0,0.0,0.0,0.0,0.0,0.0,0.0,0.0,0.0,0.0,0.0,0.0,0.0,0.0
2386 PVH-SO-PVa Otp Glut_6,0.0,0.0,0.0,0.0,0.717391304347826,0.0,0.0,0.0,0.0,0.0,0.17391304347826086,0.07608695652173914,0.0,0.0,0.0,0.0,0.0,0.0,0.0,0.010869565217391304,0.0,0.0,0.021739130434782608,0.0,0.0
2387 PH-ant-LHA Otp Bsx Glut_1,0.0,0.0,0.0,0.0,0.9259259259259259,0.0,0.0,0.0,0.0,0.0,0.0,0.0,0.0,0.0,0.0,0.0,0.0,0.0,0.0,0.0,0.0,0.0,0.07407407407407407,0.0,0.0
2388 PH-ant-LHA Otp Bsx Glut_1,0.0,0.0,0.0,0.0,1.0,0.0,0.0,0.0,0.0,0.0,0.0,0.0,0.0,0.0,0.0,0.0,0.0,0.0,0.0,0.0,0.0,0.0,0.0,0.0,0.0
2389 PH-ant-LHA Otp Bsx Glut_1,0.0,0.0035460992907801418,0.0,0.0,0.7588652482269503,0.0,0.1347517730496454,0.0035460992907801418,0.0,0.07446808510638298,0.0,0.0,0.010638297872340425,0.0,0.0,0.0,0.0,0.0,0.0035460992907801418,0.0,0.0,0.0,0.010638297872340425,0.0,0.0
2390 PH-ant-LHA Otp Bsx Glut_1,0.0,0.0,0.0,0.0,1.0,0.0,0.0,0.0,0.0,0.0,0.0,0.0,0.0,0.0,0.0,0.0,0.0,0.0,0.0,0.0,0.0,0.0,0.0,0.0,0.0
2391 PH-ant-LHA Otp Bsx Glut_1,0.0,0.0,0.0,0.0,1.0,0.0,0.0,0.0,0.0,0.0,0.0,0.0,0.0,0.0,0.0,0.0,0.0,0.0,0.0,0.0,0.0,0.0,0.0,0.0,0.0
2392 PH-ant-LHA Otp Bsx Glut_1,0.0,0.0,0.0,0.0,1.0,0.0,0.0,0.0,0.0,0.0,0.0,0.0,0.0,0.0,0.0,0.0,0.0,0.0,0.0,0.0,0.0,0.0,0.0,0.0,0.0
2393 PH-ant-LHA Otp Bsx Glut_1,0.0,0.0,0.0,0.0,0.9726027397260274,0.0,0.0273972602739726,0.0,0.0,0.0,0.0,0.0,0.0,0.0,0.0,0.0,0.0,0.0,0.0,0.0,0.0,0.0,0.0,0.0,0.0
2394 PH-ant-LHA Otp Bsx Glut_1,0.0,0.0,0.0,0.0,1.0,0.0,0.0,0.0,0.0,0.0,0.0,0.0,0.0,0.0,0.0,0.0,0.0,0.0,0.0,0.0,0.0,0.0,0.0,0.0,0.0
2395 PH-ant-LHA Otp Bsx Glut_2,0.0,0.0,0.0,0.0,0.9259259259259259,0.0,0.0,0.0,0.0,0.0,0.0,0.0,0.0,0.0,0.0,0.0,0.0,0.0,0.0,0.0,0.0,0.0,0.07407407407407407,0.0,0.0
2396 PH-ant-LHA Otp Bsx Glut_2,0.0,0.0,0.0,0.0,1.0,0.0,0.0,0.0,0.0,0.0,0.0,0.0,0.0,0.0,0.0,0.0,0.0,0.0,0.0,0.0,0.0,0.0,0.0,0.0,0.0
2397 PH-ant-LHA Otp Bsx Glut_2,0.0,0.0,0.0,0.0,0.6666666666666666,0.0,0.25925925925925924,0.0,0.0,0.037037037037037035,0.037037037037037035,0.0,0.0,0.0,0.0,0.0,0.0,0.0,0.0,0.0,0.0,0.0,0.0,0.0,0.0
2398 PH-ant-LHA Otp Bsx Glut_2,0.0,0.0,0.0,0.0,0.9,0.0,0.1,0.0,0.0,0.0,0.0,0.0,0.0,0.0,0.0,0.0,0.0,0.0,0.0,0.0,0.0,0.0,0.0,0.0,0.0
2399 PH-ant-LHA Otp Bsx Glut_2,0.0,0.0,0.0,0.0,1.0,0.0,0.0,0.0,0.0,0.0,0.0,0.0,0.0,0.0,0.0,0.0,0.0,0.0,0.0,0.0,0.0,0.0,0.0,0.0,0.0
2400 PH-ant-LHA Otp Bsx Glut_2,0.0,0.0,0.0,0.0,0.6607142857142857,0.0,0.125,0.0,0.0,0.07142857142857142,0.03571428571428571,0.0,0.03571428571428571,0.0,0.0,0.0,0.0,0.0,0.0,0.03571428571428571,0.0,0.017857142857142856,0.017857142857142856,0.0,0.0
2401 PH-ant-LHA Otp Bsx Glut_3,0.0,0.0,0.0,0.0,0.9885057471264368,0.0,0.0,0.0,0.0,0.0,0.0,0.0,0.0,0.0,0.0,0.0,0.0,0.0,0.0,0.0,0.0,0.0,0.011494252873563218,0.0,0.0
2402 PH-ant-LHA Otp Bsx Glut_3,0.0,0.0,0.0,0.0,0.9814814814814815,0.0,0.018518518518518517,0.0,0.0,0.0,0.0,0.0,0.0,0.0,0.0,0.0,0.0,0.0,0.0,0.0,0.0,0.0,0.0,0.0,0.0
2403 PH-ant-LHA Otp Bsx Glut_3,0.0,0.0,0.0,0.0,0.9629629629629629,0.0,0.0,0.0,0.0,0.037037037037037035,0.0,0.0,0.0,0.0,0.0,0.0,0.0,0.0,0.0,0.0,0.0,0.0,0.0,0.0,0.0
2404 PH-ant-LHA Otp Bsx Glut_3,0.0,0.0,0.0,0.0,1.0,0.0,0.0,0.0,0.0,0.0,0.0,0.0,0.0,0.0,0.0,0.0,0.0,0.0,0.0,0.0,0.0,0.0,0.0,0.0,0.0
2405 PH-ant-LHA Otp Bsx Glut_3,0.0,0.0,0.0,0.0,0.9523809523809523,0.0,0.047619047619047616,0.0,0.0,0.0,0.0,0.0,0.0,0.0,0.0,0.0,0.0,0.0,0.0,0.0,0.0,0.0,0.0,0.0,0.0
2406 PH-ant-LHA Otp Bsx Glut_3,0.0,0.0,0.0,0.0,0.8867924528301887,0.0,0.07547169811320754,0.0,0.0,0.03773584905660377,0.0,0.0,0.0,0.0,0.0,0.0,0.0,0.0,0.0,0.0,0.0,0.0,0.0,0.0,0.0
2407 PH-ant-LHA Otp Bsx Glut_4,0.0,0.0,0.0,0.0,0.975,0.0,0.025,0.0,0.0,0.0,0.0,0.0,0.0,0.0,0.0,0.0,0.0,0.0,0.0,0.0,0.0,0.0,0.0,0.0,0.0
2408 PH-ant-LHA Otp Bsx Glut_4,0.0,0.0,0.0,0.0,0.9736842105263158,0.0,0.0,0.0,0.0,0.0,0.02631578947368421,0.0,0.0,0.0,0.0,0.0,0.0,0.0,0.0,0.0,0.0,0.0,0.0,0.0,0.0
2409 PH-ant-LHA Otp Bsx Glut_4,0.0,0.0,0.0,0.0,1.0,0.0,0.0,0.0,0.0,0.0,0.0,0.0,0.0,0.0,0.0,0.0,0.0,0.0,0.0,0.0,0.0,0.0,0.0,0.0,0.0
2410 PH-ant-LHA Otp Bsx Glut_4,0.0,0.0,0.0,0.0,0.9491525423728814,0.0,0.0,0.0,0.0,0.0,0.01694915254237288,0.0,0.0,0.0,0.0,0.0,0.0,0.0,0.0,0.00847457627118644,0.0,0.0,0.025423728813559324,0.0,0.0
2411 PH-ant-LHA Otp Bsx Glut_4,0.0,0.0,0.0,0.0,1.0,0.0,0.0,0.0,0.0,0.0,0.0,0.0,0.0,0.0,0.0,0.0,0.0,0.0,0.0,0.0,0.0,0.0,0.0,0.0,0.0
2412 PH-ant-LHA Otp Bsx Glut_4,0.0,0.0,0.0,0.0,0.9692307692307692,0.0,0.0,0.0,0.0,0.0,0.0,0.0,0.0,0.0,0.0,0.0,0.0,0.0,0.0,0.0,0.0,0.0,0.03076923076923077,0.0,0.0
2413 PH-ant-LHA Otp Bsx Glut_5,0.0,0.0,0.0,0.0,1.0,0.0,0.0,0.0,0.0,0.0,0.0,0.0,0.0,0.0,0.0,0.0,0.0,0.0,0.0,0.0,0.0,0.0,0.0,0.0,0.0
2414 PH-ant-LHA Otp Bsx Glut_5,0.0,0.0,0.0,0.0,0.9484536082474226,0.0,0.041237113402061855,0.0,0.0,0.010309278350515464,0.0,0.0,0.0,0.0,0.0,0.0,0.0,0.0,0.0,0.0,0.0,0.0,0.0,0.0,0.0
2415 PH-ant-LHA Otp Bsx Glut_5,0.0,0.0,0.0,0.0,1.0,0.0,0.0,0.0,0.0,0.0,0.0,0.0,0.0,0.0,0.0,0.0,0.0,0.0,0.0,0.0,0.0,0.0,0.0,0.0,0.0
2416 PH-ant-LHA Otp Bsx Glut_5,0.0,0.0,0.0,0.0,1.0,0.0,0.0,0.0,0.0,0.0,0.0,0.0,0.0,0.0,0.0,0.0,0.0,0.0,0.0,0.0,0.0,0.0,0.0,0.0,0.0
2417 PH-ant-LHA Otp Bsx Glut_5,0.0,0.0,0.0,0.0,1.0,0.0,0.0,0.0,0.0,0.0,0.0,0.0,0.0,0.0,0.0,0.0,0.0,0.0,0.0,0.0,0.0,0.0,0.0,0.0,0.0
2418 PH-ant-LHA Otp Bsx Glut_5,0.0,0.0,0.0,0.0,1.0,0.0,0.0,0.0,0.0,0.0,0.0,0.0,0.0,0.0,0.0,0.0,0.0,0.0,0.0,0.0,0.0,0.0,0.0,0.0,0.0
2419 PH-ant-LHA Otp Bsx Glut_5,0.0,0.0,0.0,0.0,1.0,0.0,0.0,0.0,0.0,0.0,0.0,0.0,0.0,0.0,0.0,0.0,0.0,0.0,0.0,0.0,0.0,0.0,0.0,0.0,0.0
2420 PH-ant-LHA Otp Bsx Glut_6,0.0,0.0,0.0,0.0,1.0,0.0,0.0,0.0,0.0,0.0,0.0,0.0,0.0,0.0,0.0,0.0,0.0,0.0,0.0,0.0,0.0,0.0,0.0,0.0,0.0
2421 PH-ant-LHA Otp Bsx Glut_6,0.0,0.0,0.0,0.0,1.0,0.0,0.0,0.0,0.0,0.0,0.0,0.0,0.0,0.0,0.0,0.0,0.0,0.0,0.0,0.0,0.0,0.0,0.0,0.0,0.0
2422 PH-ant-LHA Otp Bsx Glut_6,0.0,0.0,0.0,0.0,0.75,0.0,0.0,0.0,0.0,0.0,0.0,0.0,0.0,0.0,0.0,0.0,0.0,0.0,0.0,0.0,0.0,0.0,0.25,0.0,0.0
2423 PH-ant-LHA Otp Bsx Glut_7,0.0,0.0,0.0,0.0,0.9782608695652174,0.0,0.0,0.0,0.0,0.0,0.0,0.0,0.0,0.021739130434782608,0.0,0.0,0.0,0.0,0.0,0.0,0.0,0.0,0.0,0.0,0.0
2424 PH-ant-LHA Otp Bsx Glut_7,0.0,0.0,0.0,0.0,1.0,0.0,0.0,0.0,0.0,0.0,0.0,0.0,0.0,0.0,0.0,0.0,0.0,0.0,0.0,0.0,0.0,0.0,0.0,0.0,0.0
2425 PH-ant-LHA Otp Bsx Glut_7,0.0,0.0,0.0,0.0,1.0,0.0,0.0,0.0,0.0,0.0,0.0,0.0,0.0,0.0,0.0,0.0,0.0,0.0,0.0,0.0,0.0,0.0,0.0,0.0,0.0
2426 PH-ant-LHA Otp Bsx Glut_7,0.0,0.0,0.0,0.0,0.8181818181818182,0.0,0.0,0.0,0.0,0.0,0.045454545454545456,0.0,0.0,0.0,0.0,0.0,0.0,0.0,0.0,0.0,0.045454545454545456,0.045454545454545456,0.045454545454545456,0.0,0.0
2427 PH-ant-LHA Otp Bsx Glut_7,0.0,0.0,0.0,0.0,0.9,0.0,0.0,0.0,0.0,0.0,0.05,0.0,0.0,0.0,0.0,0.0,0.0,0.0,0.0,0.05,0.0,0.0,0.0,0.0,0.0
2428 PH-ant-LHA Otp Bsx Glut_7,0.0,0.0,0.0,0.0,0.9859154929577465,0.0,0.0,0.0,0.0,0.0,0.0,0.0,0.0,0.0,0.0,0.0,0.0,0.0,0.0,0.0,0.0,0.0,0.014084507042253521,0.0,0.0
2429 STN-PSTN Pitx2 Glut_1,0.0,0.0,0.0,0.0,0.9803921568627451,0.0,0.0,0.0,0.0,0.0,0.0,0.0,0.0,0.0,0.0,0.0,0.0,0.0,0.0,0.0196078431372549,0.0,0.0,0.0,0.0,0.0
2430 STN-PSTN Pitx2 Glut_1,0.0,0.0,0.0,0.0,0.9666666666666667,0.0,0.0,0.0,0.0,0.0,0.0,0.0,0.0,0.0,0.0,0.0,0.0,0.0,0.0,0.03333333333333333,0.0,0.0,0.0,0.0,0.0
2431 STN-PSTN Pitx2 Glut_1,0.0,0.0,0.0,0.0,0.9814814814814815,0.0,0.0,0.0,0.0,0.0,0.018518518518518517,0.0,0.0,0.0,0.0,0.0,0.0,0.0,0.0,0.0,0.0,0.0,0.0,0.0,0.0
2432 STN-PSTN Pitx2 Glut_1,0.0,0.0,0.0,0.0,0.9727272727272728,0.0,0.0,0.0,0.0,0.0,0.0,0.0,0.0,0.0,0.0,0.0,0.0,0.0,0.0,0.01818181818181818,0.00909090909090909,0.0,0.0,0.0,0.0
2433 STN-PSTN Pitx2 Glut_1,0.0,0.0,0.0,0.0,1.0,0.0,0.0,0.0,0.0,0.0,0.0,0.0,0.0,0.0,0.0,0.0,0.0,0.0,0.0,0.0,0.0,0.0,0.0,0.0,0.0
2434 STN-PSTN Pitx2 Glut_1,0.0,0.0,0.0,0.0,0.9318181818181818,0.0,0.022727272727272728,0.0,0.0,0.0,0.0,0.0,0.0,0.0,0.0,0.0,0.0,0.0,0.0,0.0,0.0,0.0,0.045454545454545456,0.0,0.0
2435 STN-PSTN Pitx2 Glut_1,0.0,0.0,0.0,0.0,0.6888888888888889,0.0,0.022222222222222223,0.0,0.0,0.0,0.15555555555555556,0.0,0.0,0.0,0.0,0.0,0.0,0.0,0.0,0.0,0.06666666666666667,0.044444444444444446,0.022222222222222223,0.0,0.0
2436 STN-PSTN Pitx2 Glut_2,0.0,0.0,0.0,0.0,1.0,0.0,0.0,0.0,0.0,0.0,0.0,0.0,0.0,0.0,0.0,0.0,0.0,0.0,0.0,0.0,0.0,0.0,0.0,0.0,0.0
2437 STN-PSTN Pitx2 Glut_2,0.0,0.0,0.0,0.0,0.6190476190476191,0.0,0.0,0.0,0.0,0.0,0.23809523809523808,0.0,0.0,0.0,0.0,0.0,0.0,0.0,0.0,0.0,0.047619047619047616,0.09523809523809523,0.0,0.0,0.0
2438 STN-PSTN Pitx2 Glut_2,0.0,0.0,0.0,0.0,0.8350515463917526,0.0,0.020618556701030927,0.0,0.0,0.010309278350515464,0.061855670103092786,0.0,0.020618556701030927,0.0,0.0,0.0,0.0,0.0,0.010309278350515464,0.0,0.030927835051546393,0.010309278350515464,0.0,0.0,0.0
2439 STN-PSTN Pitx2 Glut_2,0.0,0.0,0.0,0.0,0.8333333333333334,0.0,0.041666666666666664,0.0,0.0,0.0,0.020833333333333332,0.0,0.0,0.0,0.0,0.0,0.0,0.0,0.0,0.020833333333333332,0.0625,0.020833333333333332,0.0,0.0,0.0
2440 STN-PSTN Pitx2 Glut_2,0.0,0.0,0.0,0.0,0.7333333333333333,0.0,0.0,0.0,0.0,0.0,0.2,0.0,0.0,0.0,0.0,0.0,0.0,0.0,0.0,0.0,0.06666666666666667,0.0,0.0,0.0,0.0
2441 STN-PSTN Pitx2 Glut_2,0.0,0.0,0.0,0.0,0.6756756756756757,0.0,0.02702702702702703,0.0,0.0,0.0,0.10810810810810811,0.0,0.0,0.0,0.0,0.0,0.0,0.0,0.0,0.0,0.0,0.1891891891891892,0.0,0.0,0.0
2442 STN-PSTN Pitx2 Glut_3,0.0,0.0,0.0,0.0,0.8421052631578947,0.0,0.0,0.0,0.0,0.0,0.12280701754385964,0.0,0.0,0.0,0.0,0.0,0.0,0.0,0.0,0.0,0.02631578947368421,0.008771929824561403,0.0,0.0,0.0
2443 STN-PSTN Pitx2 Glut_3,0.0,0.0,0.0,0.0,0.7647058823529411,0.0,0.058823529411764705,0.0,0.0,0.0,0.058823529411764705,0.0,0.0,0.0,0.0,0.0,0.0,0.0,0.0,0.0,0.0,0.11764705882352941,0.0,0.0,0.0
2444 STN-PSTN Pitx2 Glut_3,0.0,0.0,0.0,0.0,0.8913043478260869,0.0,0.021739130434782608,0.0,0.0,0.0,0.021739130434782608,0.0,0.021739130434782608,0.0,0.0,0.0,0.0,0.0,0.0,0.0,0.021739130434782608,0.021739130434782608,0.0,0.0,0.0
2445 STN-PSTN Pitx2 Glut_3,0.0,0.0,0.0,0.0,0.813953488372093,0.0,0.09302325581395349,0.0,0.0,0.0,0.06976744186046512,0.0,0.0,0.0,0.0,0.0,0.0,0.0,0.0,0.0,0.0,0.023255813953488372,0.0,0.0,0.0
2446 STN-PSTN Pitx2 Glut_3,0.0,0.0,0.0,0.0,0.8666666666666667,0.0,0.0,0.0,0.0,0.0,0.0,0.0,0.0,0.0,0.0,0.0,0.0,0.0,0.0,0.0,0.0,0.13333333333333333,0.0,0.0,0.0
2447 STN-PSTN Pitx2 Glut_3,0.0,0.0,0.0,0.0,0.5588235294117647,0.0,0.029411764705882353,0.0,0.0,0.0,0.2647058823529412,0.0,0.0,0.0,0.0,0.0,0.0,0.0,0.0,0.0,0.08823529411764706,0.058823529411764705,0.0,0.0,0.0
2448 STN-PSTN Pitx2 Glut_4,0.0,0.0,0.0,0.0,0.9682539682539683,0.0,0.0,0.0,0.0,0.0,0.031746031746031744,0.0,0.0,0.0,0.0,0.0,0.0,0.0,0.0,0.0,0.0,0.0,0.0,0.0,0.0
2449 STN-PSTN Pitx2 Glut_4,0.0,0.0,0.0,0.0,0.9411764705882353,0.0,0.058823529411764705,0.0,0.0,0.0,0.0,0.0,0.0,0.0,0.0,0.0,0.0,0.0,0.0,0.0,0.0,0.0,0.0,0.0,0.0
2450 STN-PSTN Pitx2 Glut_4,0.0,0.0,0.0,0.0,1.0,0.0,0.0,0.0,0.0,0.0,0.0,0.0,0.0,0.0,0.0,0.0,0.0,0.0,0.0,0.0,0.0,0.0,0.0,0.0,0.0
2451 STN-PSTN Pitx2 Glut_4,0.0,0.0,0.0,0.0,0.9019607843137255,0.0,0.0,0.0,0.0,0.0,0.0,0.0,0.0,0.0,0.0,0.0,0.0,0.0,0.0,0.0784313725490196,0.0196078431372549,0.0,0.0,0.0,0.0
2452 STN-PSTN Pitx2 Glut_4,0.0,0.0,0.0,0.0,0.9726027397260274,0.0,0.0,0.0,0.0,0.0,0.0273972602739726,0.0,0.0,0.0,0.0,0.0,0.0,0.0,0.0,0.0,0.0,0.0,0.0,0.0,0.0
2453 STN-PSTN Pitx2 Glut_5,0.0,0.0,0.0,0.0,1.0,0.0,0.0,0.0,0.0,0.0,0.0,0.0,0.0,0.0,0.0,0.0,0.0,0.0,0.0,0.0,0.0,0.0,0.0,0.0,0.0
2454 STN-PSTN Pitx2 Glut_5,0.0,0.0,0.0,0.0,0.7762711864406779,0.0,0.013559322033898305,0.0,0.0,0.0,0.021468926553672316,0.0,0.004519774011299435,0.0,0.0,0.0,0.0,0.0,0.0,0.02598870056497175,0.11638418079096045,0.04180790960451977,0.0,0.0,0.0
2455 STN-PSTN Pitx2 Glut_5,0.0,0.0,0.0,0.0,0.7936507936507936,0.0,0.0,0.0,0.0,0.0,0.08390022675736962,0.0,0.0,0.0,0.0,0.0,0.0,0.0,0.0,0.03854875283446712,0.05442176870748299,0.02947845804988662,0.0,0.0,0.0
2456 STN-PSTN Pitx2 Glut_5,0.0,0.0,0.0,0.0,0.8571428571428571,0.0,0.023809523809523808,0.0,0.0,0.0,0.0,0.0,0.0,0.0,0.0,0.0,0.0,0.0,0.0,0.09523809523809523,0.0,0.023809523809523808,0.0,0.0,0.0
2457 STN-PSTN Pitx2 Glut_6,0.0,0.0,0.0,0.0,1.0,0.0,0.0,0.0,0.0,0.0,0.0,0.0,0.0,0.0,0.0,0.0,0.0,0.0,0.0,0.0,0.0,0.0,0.0,0.0,0.0
2458 STN-PSTN Pitx2 Glut_6,0.0,0.0,0.0,0.0,1.0,0.0,0.0,0.0,0.0,0.0,0.0,0.0,0.0,0.0,0.0,0.0,0.0,0.0,0.0,0.0,0.0,0.0,0.0,0.0,0.0
2459 STN-PSTN Pitx2 Glut_7,0.0,0.0,0.0,0.0,0.9310344827586207,0.0,0.0,0.0,0.0,0.0,0.0,0.0,0.0,0.0,0.0,0.0,0.0,0.0,0.0,0.0,0.0,0.0,0.06896551724137931,0.0,0.0
2460 PMv-TMv Pitx2 Glut_1,0.0,0.0,0.0,0.0,1.0,0.0,0.0,0.0,0.0,0.0,0.0,0.0,0.0,0.0,0.0,0.0,0.0,0.0,0.0,0.0,0.0,0.0,0.0,0.0,0.0
2461 PMv-TMv Pitx2 Glut_1,0.0,0.0,0.0,0.0,1.0,0.0,0.0,0.0,0.0,0.0,0.0,0.0,0.0,0.0,0.0,0.0,0.0,0.0,0.0,0.0,0.0,0.0,0.0,0.0,0.0
2462 PMv-TMv Pitx2 Glut_1,0.0,0.0,0.0,0.0,1.0,0.0,0.0,0.0,0.0,0.0,0.0,0.0,0.0,0.0,0.0,0.0,0.0,0.0,0.0,0.0,0.0,0.0,0.0,0.0,0.0
2463 PMv-TMv Pitx2 Glut_1,0.0,0.0,0.0,0.0,1.0,0.0,0.0,0.0,0.0,0.0,0.0,0.0,0.0,0.0,0.0,0.0,0.0,0.0,0.0,0.0,0.0,0.0,0.0,0.0,0.0
2464 PMv-TMv Pitx2 Glut_1,0.0,0.0,0.0,0.0,1.0,0.0,0.0,0.0,0.0,0.0,0.0,0.0,0.0,0.0,0.0,0.0,0.0,0.0,0.0,0.0,0.0,0.0,0.0,0.0,0.0
2465 PMv-TMv Pitx2 Glut_2,0.0,0.0,0.0,0.0,1.0,0.0,0.0,0.0,0.0,0.0,0.0,0.0,0.0,0.0,0.0,0.0,0.0,0.0,0.0,0.0,0.0,0.0,0.0,0.0,0.0
2466 PMv-TMv Pitx2 Glut_2,0.0,0.0,0.0,0.0,1.0,0.0,0.0,0.0,0.0,0.0,0.0,0.0,0.0,0.0,0.0,0.0,0.0,0.0,0.0,0.0,0.0,0.0,0.0,0.0,0.0
2467 PMv-TMv Pitx2 Glut_2,0.0,0.0,0.0,0.0,0.95,0.0,0.0,0.0,0.0,0.0,0.0,0.0,0.0,0.0,0.0,0.0,0.0,0.0,0.0,0.0,0.0,0.05,0.0,0.0,0.0
2468 PMv-TMv Pitx2 Glut_2,0.0,0.0,0.0,0.0,0.96,0.0,0.0,0.0,0.0,0.0,0.04,0.0,0.0,0.0,0.0,0.0,0.0,0.0,0.0,0.0,0.0,0.0,0.0,0.0,0.0
2469 PMv-TMv Pitx2 Glut_3,0.0,0.0,0.0,0.0,1.0,0.0,0.0,0.0,0.0,0.0,0.0,0.0,0.0,0.0,0.0,0.0,0.0,0.0,0.0,0.0,0.0,0.0,0.0,0.0,0.0
2470 PMv-TMv Pitx2 Glut_3,0.0,0.0,0.0,0.0,1.0,0.0,0.0,0.0,0.0,0.0,0.0,0.0,0.0,0.0,0.0,0.0,0.0,0.0,0.0,0.0,0.0,0.0,0.0,0.0,0.0
2471 PMv-TMv Pitx2 Glut_3,0.0,0.0,0.0,0.0,1.0,0.0,0.0,0.0,0.0,0.0,0.0,0.0,0.0,0.0,0.0,0.0,0.0,0.0,0.0,0.0,0.0,0.0,0.0,0.0,0.0
2472 PMv-TMv Pitx2 Glut_3,0.0,0.0,0.0,0.0,1.0,0.0,0.0,0.0,0.0,0.0,0.0,0.0,0.0,0.0,0.0,0.0,0.0,0.0,0.0,0.0,0.0,0.0,0.0,0.0,0.0
2473 PMv-TMv Pitx2 Glut_3,0.0,0.0,0.0,0.0,0.993006993006993,0.0,0.0,0.0,0.0,0.0,0.006993006993006993,0.0,0.0,0.0,0.0,0.0,0.0,0.0,0.0,0.0,0.0,0.0,0.0,0.0,0.0
2474 PH-an Pitx2 Glut_1,0.0,0.0,0.0,0.0,0.9910714285714286,0.0,0.0,0.0,0.0,0.0,0.0,0.0,0.0,0.008928571428571428,0.0,0.0,0.0,0.0,0.0,0.0,0.0,0.0,0.0,0.0,0.0
2475 PH-an Pitx2 Glut_1,0.0,0.0,0.0,0.0,0.9545454545454546,0.0,0.0,0.0,0.0,0.0,0.0,0.0,0.0,0.045454545454545456,0.0,0.0,0.0,0.0,0.0,0.0,0.0,0.0,0.0,0.0,0.0
2476 PH-an Pitx2 Glut_2,0.0,0.0,0.0,0.0,0.8695652173913043,0.0,0.043478260869565216,0.0,0.0,0.0,0.0,0.0,0.0,0.08695652173913043,0.0,0.0,0.0,0.0,0.0,0.0,0.0,0.0,0.0,0.0,0.0
2477 PH-an Pitx2 Glut_2,0.0,0.0,0.0,0.0,0.8727272727272727,0.0,0.03636363636363636,0.0,0.0,0.09090909090909091,0.0,0.0,0.0,0.0,0.0,0.0,0.0,0.0,0.0,0.0,0.0,0.0,0.0,0.0,0.0
2478 PH-an Pitx2 Glut_2,0.0,0.0,0.0,0.0,1.0,0.0,0.0,0.0,0.0,0.0,0.0,0.0,0.0,0.0,0.0,0.0,0.0,0.0,0.0,0.0,0.0,0.0,0.0,0.0,0.0
2479 PH-an Pitx2 Glut_2,0.0,0.0,0.0,0.0,0.8,0.0,0.15,0.0,0.0,0.0,0.0,0.0,0.0,0.0,0.0,0.0,0.0,0.0,0.0,0.0,0.0,0.0,0.05,0.0,0.0
2480 PH-an Pitx2 Glut_2,0.0,0.0,0.0,0.0,1.0,0.0,0.0,0.0,0.0,0.0,0.0,0.0,0.0,0.0,0.0,0.0,0.0,0.0,0.0,0.0,0.0,0.0,0.0,0.0,0.0
2481 PH Pitx2 Glut_1,0.0,0.0,0.0,0.0,1.0,0.0,0.0,0.0,0.0,0.0,0.0,0.0,0.0,0.0,0.0,0.0,0.0,0.0,0.0,0.0,0.0,0.0,0.0,0.0,0.0
2482 PH Pitx2 Glut_1,0.0,0.0,0.0,0.0,0.9655172413793104,0.0,0.0,0.0,0.0,0.0,0.0,0.0,0.0,0.0,0.0,0.0,0.0,0.0,0.0,0.0,0.0,0.0,0.034482758620689655,0.0,0.0
2483 PH Pitx2 Glut_1,0.0,0.0,0.0,0.0,1.0,0.0,0.0,0.0,0.0,0.0,0.0,0.0,0.0,0.0,0.0,0.0,0.0,0.0,0.0,0.0,0.0,0.0,0.0,0.0,0.0
2484 PH Pitx2 Glut_1,0.0,0.0,0.0,0.0,1.0,0.0,0.0,0.0,0.0,0.0,0.0,0.0,0.0,0.0,0.0,0.0,0.0,0.0,0.0,0.0,0.0,0.0,0.0,0.0,0.0
2485 PH Pitx2 Glut_2,0.0,0.0024271844660194173,0.0,0.0,0.8276699029126213,0.0,0.08495145631067962,0.0024271844660194173,0.0,0.0048543689320388345,0.0,0.0,0.02669902912621359,0.0,0.0,0.0,0.0,0.0,0.0024271844660194173,0.0,0.0,0.0,0.04854368932038835,0.0,0.0
2486 PH Pitx2 Glut_2,0.0,0.0,0.0,0.0,0.5973154362416108,0.0,0.3221476510067114,0.0,0.0,0.0,0.0,0.0,0.06040268456375839,0.0,0.0,0.0,0.0,0.0,0.0,0.0,0.0,0.0,0.020134228187919462,0.0,0.0
2487 PH Pitx2 Glut_2,0.0,0.0,0.0,0.0,0.9108910891089109,0.0,0.04950495049504951,0.0,0.0,0.0,0.0,0.0,0.019801980198019802,0.009900990099009901,0.0,0.0,0.0,0.0,0.0,0.0,0.0,0.0,0.009900990099009901,0.0,0.0
2488 PH Pitx2 Glut_2,0.0,0.0,0.0,0.0,0.6,0.0,0.38,0.0,0.0,0.0,0.0,0.0,0.0,0.0,0.0,0.0,0.0,0.0,0.0,0.0,0.0,0.0,0.02,0.0,0.0
2489 PH Pitx2 Glut_2,0.0,0.0,0.0,0.0,0.5517241379310345,0.0,0.41379310344827586,0.0,0.0,0.006896551724137931,0.0,0.0,0.0,0.0,0.0,0.0,0.0,0.0,0.0,0.0,0.0,0.0,0.027586206896551724,0.0,0.0
2490 PH Pitx2 Glut_2,0.0,0.0,0.0,0.0,0.2,0.0,0.6,0.0,0.0,0.0,0.0,0.0,0.0,0.0,0.0,0.0,0.0,0.0,0.0,0.0,0.0,0.0,0.2,0.0,0.0
2491 PH Pitx2 Glut_2,0.0,0.0,0.0,0.0,1.0,0.0,0.0,0.0,0.0,0.0,0.0,0.0,0.0,0.0,0.0,0.0,0.0,0.0,0.0,0.0,0.0,0.0,0.0,0.0,0.0
2492 PH Pitx2 Glut_2,0.0,0.0,0.0,0.0,0.8921568627450981,0.0,0.058823529411764705,0.0,0.0,0.0,0.0,0.0,0.00980392156862745,0.0,0.0,0.0,0.0,0.0,0.0,0.0,0.0,0.0,0.0392156862745098,0.0,0.0
2493 PH Pitx2 Glut_2,0.0,0.0,0.0,0.0,0.7058823529411765,0.0,0.29411764705882354,0.0,0.0,0.0,0.0,0.0,0.0,0.0,0.0,0.0,0.0,0.0,0.0,0.0,0.0,0.0,0.0,0.0,0.0
2494 PH Pitx2 Glut_2,0.0,0.0,0.0,0.0,0.8571428571428571,0.0,0.04081632653061224,0.0,0.0,0.02040816326530612,0.0,0.0,0.0,0.04081632653061224,0.0,0.0,0.0,0.0,0.0,0.0,0.0,0.0,0.04081632653061224,0.0,0.0
2495 PH Pitx2 Glut_2,0.0,0.0,0.0,0.0,0.8048780487804879,0.0,0.17073170731707318,0.0,0.0,0.0,0.0,0.0,0.0,0.0,0.0,0.0,0.0,0.0,0.0,0.0,0.0,0.0,0.024390243902439025,0.0,0.0
2496 PH Pitx2 Glut_2,0.0,0.0,0.0,0.0,0.9411764705882353,0.0,0.058823529411764705,0.0,0.0,0.0,0.0,0.0,0.0,0.0,0.0,0.0,0.0,0.0,0.0,0.0,0.0,0.0,0.0,0.0,0.0
2497 PH Pitx2 Glut_2,0.0,0.0,0.0,0.0,0.8291139240506329,0.0,0.13924050632911392,0.0,0.0,0.006329113924050633,0.0,0.0,0.0189873417721519,0.0,0.0,0.0,0.0,0.0,0.0,0.0,0.0,0.0,0.006329113924050633,0.0,0.0
2498 PH-LHA Foxb1 Glut_1,0.0,0.02857142857142857,0.0,0.0,0.8,0.0,0.17142857142857143,0.0,0.0,0.0,0.0,0.0,0.0,0.0,0.0,0.0,0.0,0.0,0.0,0.0,0.0,0.0,0.0,0.0,0.0
2499 PH-LHA Foxb1 Glut_1,0.0,0.0,0.0,0.0,0.7959183673469388,0.0,0.1836734693877551,0.0,0.0,0.0,0.0,0.0,0.0,0.0,0.0,0.0,0.0,0.0,0.0,0.0,0.0,0.0,0.02040816326530612,0.0,0.0
2500 PH-LHA Foxb1 Glut_1,0.0,0.0,0.0,0.0,0.8378378378378378,0.0,0.10810810810810811,0.0,0.0,0.0,0.0,0.0,0.02702702702702703,0.0,0.0,0.0,0.0,0.0,0.0,0.0,0.0,0.0,0.02702702702702703,0.0,0.0
2501 PH-LHA Foxb1 Glut_1,0.0,0.0,0.0,0.0,0.9411764705882353,0.0,0.029411764705882353,0.0,0.0,0.0,0.0,0.0,0.0,0.0,0.0,0.0,0.0,0.0,0.0,0.0,0.0,0.0,0.029411764705882353,0.0,0.0
2502 PH-LHA Foxb1 Glut_1,0.0,0.0,0.0,0.0,0.9523809523809523,0.0,0.0,0.0,0.0,0.0,0.0,0.0,0.0,0.0,0.0,0.0,0.0,0.0,0.0,0.0,0.0,0.0,0.047619047619047616,0.0,0.0
2503 PH-LHA Foxb1 Glut_1,0.0,0.0,0.0,0.0,0.8765432098765432,0.0,0.07407407407407407,0.0,0.0,0.0,0.0,0.0,0.0,0.0,0.0,0.0,0.0,0.0,0.0,0.0,0.0,0.0,0.04938271604938271,0.0,0.0
2504 PH-LHA Foxb1 Glut_1,0.0,0.0,0.0,0.0,0.6666666666666666,0.0,0.21212121212121213,0.0,0.0,0.0,0.0,0.0,0.030303030303030304,0.0,0.0,0.0,0.0,0.0,0.0,0.0,0.0,0.0,0.09090909090909091,0.0,0.0
2505 PH-LHA Foxb1 Glut_2,0.0,0.0,0.0,0.0,0.9047619047619048,0.0,0.0,0.0,0.0,0.0,0.0,0.0,0.0,0.0,0.0,0.0,0.0,0.0,0.0,0.0,0.047619047619047616,0.047619047619047616,0.0,0.0,0.0
2506 PH-LHA Foxb1 Glut_2,0.0,0.0,0.0,0.0,0.8235294117647058,0.0,0.058823529411764705,0.0,0.0,0.0,0.11764705882352941,0.0,0.0,0.0,0.0,0.0,0.0,0.0,0.0,0.0,0.0,0.0,0.0,0.0,0.0
2507 PH-LHA Foxb1 Glut_2,0.0,0.0,0.0,0.0,0.84,0.0,0.0,0.0,0.0,0.0,0.12,0.0,0.0,0.0,0.0,0.0,0.0,0.0,0.0,0.0,0.04,0.0,0.0,0.0,0.0
2508 PH-LHA Foxb1 Glut_2,0.0,0.0,0.0,0.0,1.0,0.0,0.0,0.0,0.0,0.0,0.0,0.0,0.0,0.0,0.0,0.0,0.0,0.0,0.0,0.0,0.0,0.0,0.0,0.0,0.0
2509 PH-LHA Foxb1 Glut_3,0.0,0.0,0.0,0.0,0.9354838709677419,0.0,0.0,0.0,0.0,0.0,0.03225806451612903,0.03225806451612903,0.0,0.0,0.0,0.0,0.0,0.0,0.0,0.0,0.0,0.0,0.0,0.0,0.0
2510 PH-LHA Foxb1 Glut_3,0.0,0.0,0.0,0.0,0.8571428571428571,0.0,0.0,0.0,0.0,0.0,0.0,0.0,0.0,0.0,0.0,0.0,0.0,0.0,0.0,0.0,0.0,0.0,0.14285714285714285,0.0,0.0
2511 PH-LHA Foxb1 Glut_3,0.0,0.0,0.0,0.0,1.0,0.0,0.0,0.0,0.0,0.0,0.0,0.0,0.0,0.0,0.0,0.0,0.0,0.0,0.0,0.0,0.0,0.0,0.0,0.0,0.0
2512 PH-LHA Foxb1 Glut_3,0.0,0.0,0.0,0.0,1.0,0.0,0.0,0.0,0.0,0.0,0.0,0.0,0.0,0.0,0.0,0.0,0.0,0.0,0.0,0.0,0.0,0.0,0.0,0.0,0.0
2513 PH-LHA Foxb1 Glut_3,0.0,0.0,0.0,0.0,0.9772727272727273,0.0,0.0,0.0,0.0,0.0,0.022727272727272728,0.0,0.0,0.0,0.0,0.0,0.0,0.0,0.0,0.0,0.0,0.0,0.0,0.0,0.0
2514 PH-LHA Foxb1 Glut_3,0.0,0.0,0.0,0.0,1.0,0.0,0.0,0.0,0.0,0.0,0.0,0.0,0.0,0.0,0.0,0.0,0.0,0.0,0.0,0.0,0.0,0.0,0.0,0.0,0.0
2515 PH-LHA Foxb1 Glut_4,0.0,0.0,0.0,0.0,0.975609756097561,0.0,0.024390243902439025,0.0,0.0,0.0,0.0,0.0,0.0,0.0,0.0,0.0,0.0,0.0,0.0,0.0,0.0,0.0,0.0,0.0,0.0
2516 PH-LHA Foxb1 Glut_4,0.0,0.0,0.0,0.0,1.0,0.0,0.0,0.0,0.0,0.0,0.0,0.0,0.0,0.0,0.0,0.0,0.0,0.0,0.0,0.0,0.0,0.0,0.0,0.0,0.0
2517 PH-LHA Foxb1 Glut_5,0.0,0.0,0.0,0.0,1.0,0.0,0.0,0.0,0.0,0.0,0.0,0.0,0.0,0.0,0.0,0.0,0.0,0.0,0.0,0.0,0.0,0.0,0.0,0.0,0.0
2518 PH-LHA Foxb1 Glut_5,0.0,0.0,0.0,0.0,1.0,0.0,0.0,0.0,0.0,0.0,0.0,0.0,0.0,0.0,0.0,0.0,0.0,0.0,0.0,0.0,0.0,0.0,0.0,0.0,0.0
2519 PH-LHA Foxb1 Glut_6,0.0,0.0,0.0,0.0,0.9696969696969697,0.0,0.0,0.0,0.0,0.0,0.0,0.0,0.030303030303030304,0.0,0.0,0.0,0.0,0.0,0.0,0.0,0.0,0.0,0.0,0.0,0.0
2520 PH-LHA Foxb1 Glut_7,0.0,0.0,0.0,0.0,0.94,0.0,0.0,0.0,0.0,0.0,0.02,0.0,0.0,0.0,0.0,0.0,0.02,0.0,0.0,0.0,0.0,0.0,0.02,0.0,0.0
2521 PH-LHA Foxb1 Glut_7,0.0,0.0,0.0,0.0,1.0,0.0,0.0,0.0,0.0,0.0,0.0,0.0,0.0,0.0,0.0,0.0,0.0,0.0,0.0,0.0,0.0,0.0,0.0,0.0,0.0
2522 PMd-LHA Foxb1 Glut_1,0.0,0.0,0.0,0.0,1.0,0.0,0.0,0.0,0.0,0.0,0.0,0.0,0.0,0.0,0.0,0.0,0.0,0.0,0.0,0.0,0.0,0.0,0.0,0.0,0.0
2523 PMd-LHA Foxb1 Glut_1,0.0,0.0,0.0,0.0,0.8888888888888888,0.0,0.0,0.0,0.0,0.0,0.05555555555555555,0.0,0.0,0.0,0.0,0.0,0.0,0.0,0.0,0.0,0.0,0.0,0.05555555555555555,0.0,0.0
2524 PMd-LHA Foxb1 Glut_2,0.0,0.0,0.0,0.0,0.9622641509433962,0.0,0.0,0.0,0.0,0.0,0.009433962264150943,0.0,0.0,0.0,0.0,0.0,0.009433962264150943,0.0,0.0,0.0,0.0,0.0,0.018867924528301886,0.0,0.0
2525 PMd-LHA Foxb1 Glut_2,0.0,0.0,0.0,0.0,0.8142857142857143,0.0,0.0,0.0,0.0,0.0,0.14285714285714285,0.0,0.0,0.0,0.0,0.0,0.0,0.0,0.0,0.0,0.0,0.014285714285714285,0.02857142857142857,0.0,0.0
2526 PMd-LHA Foxb1 Glut_2,0.0,0.0,0.0,0.0,1.0,0.0,0.0,0.0,0.0,0.0,0.0,0.0,0.0,0.0,0.0,0.0,0.0,0.0,0.0,0.0,0.0,0.0,0.0,0.0,0.0
2527 PMd-LHA Foxb1 Glut_2,0.0,0.0,0.0,0.0,1.0,0.0,0.0,0.0,0.0,0.0,0.0,0.0,0.0,0.0,0.0,0.0,0.0,0.0,0.0,0.0,0.0,0.0,0.0,0.0,0.0
2528 PMd-LHA Foxb1 Glut_2,0.0,0.0,0.0,0.0,0.98,0.0,0.0,0.0,0.0,0.0,0.02,0.0,0.0,0.0,0.0,0.0,0.0,0.0,0.0,0.0,0.0,0.0,0.0,0.0,0.0
2529 PMd-LHA Foxb1 Glut_2,0.0,0.0,0.0,0.0,1.0,0.0,0.0,0.0,0.0,0.0,0.0,0.0,0.0,0.0,0.0,0.0,0.0,0.0,0.0,0.0,0.0,0.0,0.0,0.0,0.0
2530 PMd-LHA Foxb1 Glut_2,0.0,0.0,0.0,0.0,1.0,0.0,0.0,0.0,0.0,0.0,0.0,0.0,0.0,0.0,0.0,0.0,0.0,0.0,0.0,0.0,0.0,0.0,0.0,0.0,0.0
2531 PMd-LHA Foxb1 Glut_2,0.0,0.0,0.0,0.0,1.0,0.0,0.0,0.0,0.0,0.0,0.0,0.0,0.0,0.0,0.0,0.0,0.0,0.0,0.0,0.0,0.0,0.0,0.0,0.0,0.0
2532 PMd-LHA Foxb1 Glut_2,0.0,0.0,0.0,0.0,1.0,0.0,0.0,0.0,0.0,0.0,0.0,0.0,0.0,0.0,0.0,0.0,0.0,0.0,0.0,0.0,0.0,0.0,0.0,0.0,0.0
2533 PMd-LHA Foxb1 Glut_3,0.0,0.0,0.0,0.0,1.0,0.0,0.0,0.0,0.0,0.0,0.0,0.0,0.0,0.0,0.0,0.0,0.0,0.0,0.0,0.0,0.0,0.0,0.0,0.0,0.0
2534 PMd-LHA Foxb1 Glut_3,0.0,0.0,0.0,0.0,1.0,0.0,0.0,0.0,0.0,0.0,0.0,0.0,0.0,0.0,0.0,0.0,0.0,0.0,0.0,0.0,0.0,0.0,0.0,0.0,0.0
2535 PMd-LHA Foxb1 Glut_3,0.0,0.0,0.0,0.0,0.9767441860465116,0.0,0.0,0.0,0.0,0.0,0.0,0.0,0.0,0.0,0.0,0.0,0.0,0.0,0.0,0.0,0.0,0.0,0.023255813953488372,0.0,0.0
2536 PH-SUM Foxa1 Glut_1,0.0,0.0,0.0,0.0,0.7288135593220338,0.0,0.15254237288135594,0.0,0.0,0.0,0.0,0.0,0.1016949152542373,0.0,0.0,0.0,0.0,0.0,0.0,0.0,0.0,0.0,0.01694915254237288,0.0,0.0
2537 PH-SUM Foxa1 Glut_1,0.0,0.0,0.0,0.0,0.782608695652174,0.0,0.17391304347826086,0.0,0.0,0.0,0.0,0.0,0.014492753623188406,0.028985507246376812,0.0,0.0,0.0,0.0,0.0,0.0,0.0,0.0,0.0,0.0,0.0
2538 PH-SUM Foxa1 Glut_1,0.0,0.0,0.0,0.0,0.75,0.0,0.175,0.0,0.0,0.0,0.0,0.0,0.025,0.025,0.0,0.0,0.0,0.0,0.0,0.0,0.0,0.0,0.025,0.0,0.0
2539 PH-SUM Foxa1 Glut_1,0.0,0.0,0.0,0.0,0.47435897435897434,0.0,0.44871794871794873,0.0,0.0,0.0,0.0,0.0,0.02564102564102564,0.0,0.0,0.0,0.0,0.0,0.0,0.0,0.0,0.0,0.05128205128205128,0.0,0.0
2540 PH-SUM Foxa1 Glut_2,0.0,0.0,0.0,0.0,0.9259259259259259,0.0,0.018518518518518517,0.0,0.0,0.0,0.0,0.0,0.0,0.018518518518518517,0.0,0.0,0.0,0.0,0.0,0.0,0.0,0.0,0.037037037037037035,0.0,0.0
2541 PH-SUM Foxa1 Glut_2,0.0,0.0,0.0,0.0,0.975,0.0,0.0,0.0,0.0,0.0,0.0,0.0,0.0,0.025,0.0,0.0,0.0,0.0,0.0,0.0,0.0,0.0,0.0,0.0,0.0
2542 PH-SUM Foxa1 Glut_2,0.0,0.0,0.0,0.0,1.0,0.0,0.0,0.0,0.0,0.0,0.0,0.0,0.0,0.0,0.0,0.0,0.0,0.0,0.0,0.0,0.0,0.0,0.0,0.0,0.0
2543 PH-SUM Foxa1 Glut_3,0.0,0.0,0.0,0.0,0.7586206896551724,0.0,0.06896551724137931,0.0,0.0,0.06896551724137931,0.0,0.0,0.0,0.0,0.0,0.0,0.0,0.0,0.0,0.0,0.0,0.0,0.10344827586206896,0.0,0.0
2544 PH-SUM Foxa1 Glut_3,0.0,0.0,0.0,0.0,1.0,0.0,0.0,0.0,0.0,0.0,0.0,0.0,0.0,0.0,0.0,0.0,0.0,0.0,0.0,0.0,0.0,0.0,0.0,0.0,0.0
2545 PH-SUM Foxa1 Glut_3,0.0,0.0,0.0,0.0,0.9298245614035088,0.0,0.05263157894736842,0.0,0.0,0.0,0.0,0.0,0.0,0.017543859649122806,0.0,0.0,0.0,0.0,0.0,0.0,0.0,0.0,0.0,0.0,0.0
2546 PH-SUM Foxa1 Glut_3,0.0,0.0,0.0,0.0,0.7710843373493976,0.0,0.12048192771084337,0.0,0.0,0.0,0.0,0.0,0.0963855421686747,0.012048192771084338,0.0,0.0,0.0,0.0,0.0,0.0,0.0,0.0,0.0,0.0,0.0
2547 PH-SUM Foxa1 Glut_3,0.0,0.0,0.0,0.0,0.2647058823529412,0.0,0.47058823529411764,0.0,0.0,0.0,0.0,0.0,0.20588235294117646,0.014705882352941176,0.0,0.0,0.0,0.0,0.0,0.0,0.0,0.0,0.04411764705882353,0.0,0.0
2548 PH-SUM Foxa1 Glut_3,0.0,0.0,0.0,0.0,0.8985507246376812,0.0,0.028985507246376812,0.0,0.0,0.0,0.0,0.0,0.0,0.0,0.0,0.0,0.0,0.0,0.0,0.0,0.0,0.0,0.07246376811594203,0.0,0.0
2549 PH-SUM Foxa1 Glut_3,0.0,0.0,0.0,0.0,0.9583333333333334,0.0,0.017857142857142856,0.0,0.0,0.0,0.0,0.0,0.017857142857142856,0.0,0.0,0.0,0.0,0.0,0.0,0.0,0.0,0.0,0.005952380952380952,0.0,0.0
2550 PH-SUM Foxa1 Glut_4,0.0,0.0,0.0,0.0,0.8333333333333334,0.0,0.16666666666666666,0.0,0.0,0.0,0.0,0.0,0.0,0.0,0.0,0.0,0.0,0.0,0.0,0.0,0.0,0.0,0.0,0.0,0.0
2551 PH-SUM Foxa1 Glut_4,0.0,0.0,0.0,0.0,0.8354430379746836,0.0,0.13924050632911392,0.0,0.0,0.0,0.0,0.0,0.0,0.0,0.0,0.0,0.0,0.0,0.0,0.0,0.0,0.0,0.02531645569620253,0.0,0.0
2552 PH-SUM Foxa1 Glut_5,0.0,0.0,0.0,0.0,0.9411764705882353,0.0,0.0,0.0,0.0,0.0,0.0,0.0,0.058823529411764705,0.0,0.0,0.0,0.0,0.0,0.0,0.0,0.0,0.0,0.0,0.0,0.0
2553 PH-SUM Foxa1 Glut_5,0.0,0.0,0.0,0.0,1.0,0.0,0.0,0.0,0.0,0.0,0.0,0.0,0.0,0.0,0.0,0.0,0.0,0.0,0.0,0.0,0.0,0.0,0.0,0.0,0.0
2554 PH-SUM Foxa1 Glut_5,0.0,0.0,0.0,0.0,0.9625,0.0,0.025,0.0,0.0,0.0,0.0,0.0,0.0,0.0,0.0,0.0,0.0,0.0,0.0,0.0,0.0,0.0,0.0125,0.0,0.0
2555 PH-SUM Foxa1 Glut_5,0.0,0.0,0.0,0.0,0.9473684210526315,0.0,0.0,0.0,0.0,0.0,0.0,0.0,0.0,0.0,0.0,0.0,0.0,0.0,0.0,0.0,0.0,0.0,0.05263157894736842,0.0,0.0
2556 PH-SUM Foxa1 Glut_5,0.0,0.0,0.0,0.0,0.9444444444444444,0.0,0.037037037037037035,0.0,0.0,0.0,0.0,0.0,0.0,0.0,0.0,0.0,0.0,0.0,0.0,0.0,0.0,0.0,0.018518518518518517,0.0,0.0
2557 PH-SUM Foxa1 Glut_5,0.0,0.0,0.0,0.0,0.9894736842105263,0.0,0.0,0.0,0.0,0.0,0.0,0.0,0.0,0.0,0.0,0.0,0.0,0.0,0.0,0.0,0.0,0.0,0.010526315789473684,0.0,0.0
2558 PH-SUM Foxa1 Glut_6,0.0,0.0,0.0,0.0,0.9405940594059405,0.0,0.019801980198019802,0.0,0.0,0.0,0.0,0.0,0.0,0.0,0.0,0.0,0.0,0.0,0.0,0.0,0.0,0.0,0.039603960396039604,0.0,0.0
2559 PH-SUM Foxa1 Glut_6,0.0,0.0,0.0,0.0,0.9365079365079365,0.0,0.0,0.0,0.0,0.0,0.0,0.0,0.0,0.047619047619047616,0.0,0.0,0.0,0.0,0.0,0.0,0.0,0.0,0.015873015873015872,0.0,0.0
2560 PH-SUM Foxa1 Glut_6,0.0,0.0,0.0,0.0,1.0,0.0,0.0,0.0,0.0,0.0,0.0,0.0,0.0,0.0,0.0,0.0,0.0,0.0,0.0,0.0,0.0,0.0,0.0,0.0,0.0
2561 PH-SUM Foxa1 Glut_6,0.0,0.0,0.0,0.0,0.9375,0.0,0.020833333333333332,0.0,0.0,0.0,0.0,0.0,0.0,0.020833333333333332,0.0,0.0,0.0,0.0,0.0,0.0,0.0,0.0,0.020833333333333332,0.0,0.0
2562 PH-SUM Foxa1 Glut_6,0.0,0.0,0.0,0.0,0.9,0.0,0.0,0.0,0.0,0.0,0.0,0.0,0.0,0.1,0.0,0.0,0.0,0.0,0.0,0.0,0.0,0.0,0.0,0.0,0.0
2563 PH-SUM Foxa1 Glut_6,0.0,0.0,0.0,0.0,0.9753086419753086,0.0,0.0,0.0,0.0,0.0,0.0,0.0,0.0,0.024691358024691357,0.0,0.0,0.0,0.0,0.0,0.0,0.0,0.0,0.0,0.0,0.0
2564 HY Gnrh1 Glut_1,0.0,0.0,0.0,0.017543859649122806,0.47368421052631576,0.0,0.0,0.0,0.017543859649122806,0.0,0.40350877192982454,0.05263157894736842,0.0,0.0,0.0,0.0,0.0,0.0,0.03508771929824561,0.0,0.0,0.0,0.0,0.0,0.0
2565 MM-ant Foxb1 Glut_1,0.0,0.0,0.0,0.0,0.8787878787878788,0.0,0.0,0.0,0.0,0.0,0.0,0.0,0.0,0.11363636363636363,0.0,0.0,0.0,0.0,0.0,0.0,0.0,0.0,0.007575757575757576,0.0,0.0
2566 MM-ant Foxb1 Glut_1,0.0,0.0,0.0,0.0,0.7686567164179104,0.0,0.0,0.0,0.0,0.0,0.0,0.0,0.0,0.22388059701492538,0.0,0.0,0.0,0.0,0.0,0.0,0.0,0.0,0.007462686567164179,0.0,0.0
2567 MM-ant Foxb1 Glut_1,0.0,0.0,0.0,0.0,0.9871244635193133,0.0,0.004291845493562232,0.0,0.0,0.0,0.0,0.0,0.0,0.004291845493562232,0.0,0.0,0.004291845493562232,0.0,0.0,0.0,0.0,0.0,0.0,0.0,0.0
2568 MM-ant Foxb1 Glut_1,0.0,0.0,0.0,0.0,1.0,0.0,0.0,0.0,0.0,0.0,0.0,0.0,0.0,0.0,0.0,0.0,0.0,0.0,0.0,0.0,0.0,0.0,0.0,0.0,0.0
2569 MM-ant Foxb1 Glut_1,0.0,0.0,0.0,0.0,0.9926470588235294,0.0,0.0,0.0,0.0,0.0,0.0,0.0,0.0,0.007352941176470588,0.0,0.0,0.0,0.0,0.0,0.0,0.0,0.0,0.0,0.0,0.0
2570 MM-ant Foxb1 Glut_1,0.0,0.0,0.0,0.0,0.9883720930232558,0.0,0.0,0.0,0.0,0.0,0.0,0.0,0.0,0.011627906976744186,0.0,0.0,0.0,0.0,0.0,0.0,0.0,0.0,0.0,0.0,0.0
2571 MM Foxb1 Glut_1,0.0,0.0,0.0,0.0,0.9844827586206897,0.0,0.0,0.0,0.0,0.0,0.0,0.0,0.0,0.0,0.0,0.0,0.0,0.0,0.0,0.0,0.0,0.0,0.015517241379310345,0.0,0.0
2572 MM Foxb1 Glut_1,0.0,0.0,0.0,0.0,1.0,0.0,0.0,0.0,0.0,0.0,0.0,0.0,0.0,0.0,0.0,0.0,0.0,0.0,0.0,0.0,0.0,0.0,0.0,0.0,0.0
2573 MM Foxb1 Glut_1,0.0,0.0,0.0,0.0,0.9898477157360406,0.0,0.0,0.0,0.0,0.0,0.0,0.0,0.0,0.0,0.0,0.0,0.005076142131979695,0.0,0.0,0.0,0.0,0.0,0.0,0.0,0.005076142131979695
2574 MM Foxb1 Glut_2,0.0,0.0,0.0,0.0,1.0,0.0,0.0,0.0,0.0,0.0,0.0,0.0,0.0,0.0,0.0,0.0,0.0,0.0,0.0,0.0,0.0,0.0,0.0,0.0,0.0
2575 MM Foxb1 Glut_2,0.0,0.0,0.0,0.0,1.0,0.0,0.0,0.0,0.0,0.0,0.0,0.0,0.0,0.0,0.0,0.0,0.0,0.0,0.0,0.0,0.0,0.0,0.0,0.0,0.0
2576 MM Foxb1 Glut_2,0.0,0.0,0.0,0.0,1.0,0.0,0.0,0.0,0.0,0.0,0.0,0.0,0.0,0.0,0.0,0.0,0.0,0.0,0.0,0.0,0.0,0.0,0.0,0.0,0.0
2577 MM Foxb1 Glut_2,0.0,0.0,0.0,0.0,1.0,0.0,0.0,0.0,0.0,0.0,0.0,0.0,0.0,0.0,0.0,0.0,0.0,0.0,0.0,0.0,0.0,0.0,0.0,0.0,0.0
2578 MH Tac2 Glut_1,0.0,0.0,0.0,0.0,0.0,0.0,0.0,0.0,0.0,0.0,0.0,0.0,0.9556451612903226,0.028225806451612902,0.0,0.004032258064516129,0.0,0.0,0.0,0.0,0.0,0.0,0.012096774193548387,0.0,0.0
2579 MH Tac2 Glut_1,0.0,0.0,0.0,0.0,0.0,0.0,0.0,0.0,0.0,0.0,0.0,0.0,0.8998073217726397,0.07707129094412331,0.0,0.023121387283236993,0.0,0.0,0.0,0.0,0.0,0.0,0.0,0.0,0.0
2580 MH Tac2 Glut_1,0.0,0.0,0.0,0.0,0.0,0.0,0.0,0.0,0.0,0.0,0.0,0.0,0.9376218323586745,0.06237816764132553,0.0,0.0,0.0,0.0,0.0,0.0,0.0,0.0,0.0,0.0,0.0
2581 MH Tac2 Glut_1,0.0,0.0,0.0,0.0,0.0,0.0,0.0,0.0,0.0,0.0,0.0,0.0,0.9790575916230366,0.0,0.0,0.0,0.010471204188481676,0.0,0.0,0.0,0.0,0.0,0.010471204188481676,0.0,0.0
2582 MH Tac2 Glut_2,0.0,0.0,0.0,0.0,0.0,0.0,0.0,0.0,0.0,0.0,0.0,0.0,0.8104089219330854,0.10780669144981413,0.0,0.022304832713754646,0.05947955390334572,0.0,0.0,0.0,0.0,0.0,0.0,0.0,0.0
2583 MH Tac2 Glut_2,0.0,0.0,0.0,0.0,0.0,0.0,0.0,0.0,0.0,0.0,0.0,0.0,0.9583333333333334,0.0,0.0,0.0,0.0,0.0,0.0,0.0,0.0,0.0,0.041666666666666664,0.0,0.0
2584 MH Tac2 Glut_2,0.0,0.0,0.0,0.015151515151515152,0.0,0.0,0.0,0.0,0.0,0.0,0.0,0.0,0.8257575757575758,0.0,0.0,0.0,0.007575757575757576,0.0,0.0,0.0,0.0,0.0,0.15151515151515152,0.0,0.0
2585 MH Tac2 Glut_2,0.0,0.0,0.0,0.0,0.0,0.0,0.0,0.0,0.0,0.0,0.0,0.0,0.9754098360655737,0.0,0.0,0.0,0.00273224043715847,0.0,0.0,0.0,0.0,0.0,0.02185792349726776,0.0,0.0
2586 MH Tac2 Glut_2,0.0,0.0,0.0,0.0,0.0,0.0,0.0,0.0,0.0,0.0,0.0,0.0,0.9781209781209781,0.015444015444015444,0.0,0.002574002574002574,0.003861003861003861,0.0,0.0,0.0,0.0,0.0,0.0,0.0,0.0
2587 MH Tac2 Glut_3,0.0,0.0,0.0,0.0,0.0,0.0,0.0,0.0,0.0,0.0,0.0,0.0,0.9939393939393939,0.006060606060606061,0.0,0.0,0.0,0.0,0.0,0.0,0.0,0.0,0.0,0.0,0.0
2588 MH Tac2 Glut_3,0.0,0.0,0.0,0.0,0.0,0.0,0.0,0.0,0.0,0.0,0.0,0.0,0.9763779527559056,0.023622047244094488,0.0,0.0,0.0,0.0,0.0,0.0,0.0,0.0,0.0,0.0,0.0
2589 MH Tac2 Glut_3,0.0,0.0,0.0,0.0,0.0,0.0,0.0,0.0,0.0,0.0,0.0,0.0,0.9910979228486647,0.008902077151335312,0.0,0.0,0.0,0.0,0.0,0.0,0.0,0.0,0.0,0.0,0.0
2590 MH Tac2 Glut_3,0.0,0.0,0.0,0.0,0.0,0.0,0.0,0.0,0.0,0.0,0.0,0.0,0.9946524064171123,0.0053475935828877,0.0,0.0,0.0,0.0,0.0,0.0,0.0,0.0,0.0,0.0,0.0
2591 MH Tac2 Glut_3,0.0,0.0,0.0,0.0,0.0,0.0,0.0,0.0,0.0,0.0,0.0,0.0,0.9823529411764705,0.0058823529411764705,0.0,0.0,0.0,0.0,0.0,0.0,0.0,0.0,0.011764705882352941,0.0,0.0
2592 MH Tac2 Glut_3,0.0,0.0,0.0,0.0,0.0,0.0,0.0,0.0,0.0,0.0,0.0,0.0,0.88,0.0,0.0,0.0,0.013333333333333334,0.0,0.0,0.0,0.0,0.0,0.10666666666666667,0.0,0.0
2593 MH Tac2 Glut_3,0.0,0.0,0.0,0.0,0.0,0.0,0.0,0.0,0.0,0.0,0.0,0.0,0.9923076923076923,0.007692307692307693,0.0,0.0,0.0,0.0,0.0,0.0,0.0,0.0,0.0,0.0,0.0
2594 MH Tac2 Glut_4,0.0,0.0,0.0,0.0,0.0,0.0,0.0,0.0,0.0,0.0,0.0,0.0,0.9166666666666666,0.0,0.0,0.0,0.08333333333333333,0.0,0.0,0.0,0.0,0.0,0.0,0.0,0.0
2595 MH Tac2 Glut_4,0.0,0.0,0.0,0.0,0.0,0.0,0.0,0.0,0.0,0.0,0.0,0.0,0.9534883720930233,0.0,0.0,0.0,0.023255813953488372,0.0,0.0,0.0,0.0,0.0,0.023255813953488372,0.0,0.0
2596 MH Tac2 Glut_5,0.0,0.0,0.0,0.009615384615384616,0.0,0.0,0.0,0.0,0.0,0.0,0.0,0.0,0.875,0.009615384615384616,0.0,0.0,0.038461538461538464,0.0,0.0,0.0,0.0,0.0,0.0673076923076923,0.0,0.0
2597 MH Tac2 Glut_5,0.0,0.0,0.0,0.0,0.0,0.0,0.0,0.0,0.0,0.0,0.0,0.0,0.8695652173913043,0.0,0.0,0.0,0.06956521739130435,0.0,0.0,0.0,0.0,0.0,0.06086956521739131,0.0,0.0
2598 MH Tac2 Glut_5,0.0,0.0,0.0,0.0,0.0,0.0,0.0,0.0,0.0,0.0,0.0,0.0,0.8020833333333334,0.010416666666666666,0.0,0.0,0.08333333333333333,0.0,0.0,0.0,0.0,0.0,0.10416666666666667,0.0,0.0
2599 LH Pou4f1 Sox1 Glut_1,0.0,0.0,0.0,0.0053475935828877,0.0,0.0,0.0,0.0,0.0,0.0,0.0,0.0,0.7486631016042781,0.0,0.0,0.0,0.0053475935828877,0.0,0.0,0.0,0.0,0.0,0.24064171122994651,0.0,0.0
2600 LH Pou4f1 Sox1 Glut_1,0.0,0.0,0.0,0.0,0.0,0.0,0.0,0.0,0.0,0.0,0.0,0.0,0.9019607843137255,0.0,0.0,0.0,0.0,0.0,0.0,0.0,0.0,0.0,0.09803921568627451,0.0,0.0
2601 LH Pou4f1 Sox1 Glut_2,0.0,0.0,0.0,0.0,0.0,0.0,0.0,0.0,0.0,0.0,0.0,0.0,0.9787234042553191,0.0,0.0,0.0,0.0,0.0,0.0,0.0,0.0,0.0,0.02127659574468085,0.0,0.0
2602 LH Pou4f1 Sox1 Glut_2,0.0,0.0,0.0,0.0,0.0,0.0,0.0,0.0,0.0,0.0,0.0,0.0,1.0,0.0,0.0,0.0,0.0,0.0,0.0,0.0,0.0,0.0,0.0,0.0,0.0
2603 LH Pou4f1 Sox1 Glut_2,0.0,0.0,0.0,0.0,0.0,0.0,0.0,0.0,0.0,0.0,0.0,0.0,0.9583333333333334,0.0,0.0,0.0,0.0,0.0,0.0,0.0,0.0,0.0,0.041666666666666664,0.0,0.0
2604 LH Pou4f1 Sox1 Glut_2,0.0,0.0,0.0,0.0,0.0,0.0,0.0,0.0,0.0,0.0,0.0,0.0,0.9166666666666666,0.0,0.0,0.0,0.0,0.0,0.0,0.0,0.0,0.0,0.08333333333333333,0.0,0.0
2605 LH Pou4f1 Sox1 Glut_2,0.0,0.0,0.0,0.0,0.0,0.0,0.0,0.0,0.0,0.0,0.0,0.0,0.95,0.0,0.0,0.0,0.0,0.0,0.0,0.0,0.0,0.0,0.05,0.0,0.0
2606 LH Pou4f1 Sox1 Glut_3,0.0,0.0,0.0,0.0,0.0,0.0,0.0,0.0,0.0,0.0,0.0,0.0,0.8064516129032258,0.0,0.0,0.0,0.08064516129032258,0.0,0.0,0.0,0.0,0.0,0.11290322580645161,0.0,0.0
2607 LH Pou4f1 Sox1 Glut_3,0.0,0.0,0.0,0.06976744186046512,0.0,0.0,0.0,0.0,0.0,0.0,0.0,0.0,0.5348837209302325,0.0,0.0,0.0,0.023255813953488372,0.0,0.0,0.0,0.0,0.0,0.37209302325581395,0.0,0.0
2608 LH Pou4f1 Sox1 Glut_3,0.0,0.0,0.0,0.0,0.0,0.0,0.0,0.0,0.0,0.0,0.0,0.0,0.9878542510121457,0.0,0.0,0.0,0.0,0.0,0.0,0.0,0.0,0.0,0.012145748987854251,0.0,0.0
2609 LH Pou4f1 Sox1 Glut_4,0.0,0.0,0.0,0.011363636363636364,0.0,0.0,0.011363636363636364,0.0,0.0,0.0,0.0,0.0,0.9318181818181818,0.0,0.0,0.0,0.0,0.0,0.0,0.0,0.0,0.0,0.045454545454545456,0.0,0.0
2610 LH Pou4f1 Sox1 Glut_4,0.0,0.0,0.0,0.0,0.0,0.0,0.24324324324324326,0.0,0.0,0.0,0.0,0.0,0.5675675675675675,0.0,0.0,0.0,0.0,0.0,0.0,0.0,0.0,0.0,0.1891891891891892,0.0,0.0
2611 LH Pou4f1 Sox1 Glut_4,0.0,0.0,0.0,0.0,0.0,0.0,0.045454545454545456,0.0,0.0,0.0,0.0,0.0,0.8636363636363636,0.045454545454545456,0.0,0.0,0.0,0.0,0.0,0.0,0.0,0.0,0.045454545454545456,0.0,0.0
2612 LH Pou4f1 Sox1 Glut_4,0.0,0.0,0.0,0.0,0.0,0.0,0.0,0.0,0.0,0.0,0.0,0.0,0.8723404255319149,0.0,0.0,0.0,0.0,0.0,0.0,0.0,0.0,0.0,0.1276595744680851,0.0,0.0
2613 AD Serpinb7 Glut_1,0.0,0.0,0.0,0.037894736842105266,0.0,0.0,0.0,0.0,0.0,0.0,0.0,0.0,0.7768421052631579,0.0,0.0,0.0,0.037894736842105266,0.0,0.0,0.0,0.0,0.0,0.14736842105263157,0.0,0.0
2614 AD Serpinb7 Glut_1,0.0,0.0,0.0,0.005594405594405594,0.0,0.0,0.0,0.0,0.0,0.0,0.0,0.0,0.9468531468531468,0.0,0.0,0.0,0.023776223776223775,0.0,0.0,0.0,0.0,0.0,0.023776223776223775,0.0,0.0
2615 AV Col27a1 Glut_1,0.0,0.0,0.0,0.0,0.0,0.0,0.0,0.0,0.0,0.0,0.0,0.0,0.997563946406821,0.0,0.0,0.0,0.00243605359317905,0.0,0.0,0.0,0.0,0.0,0.0,0.0,0.0
2616 AV Col27a1 Glut_1,0.0,0.0,0.0,0.0,0.0,0.0,0.0,0.0,0.0,0.0,0.0,0.0,0.9578246392896781,0.0,0.0,0.0,0.03773584905660377,0.0,0.0,0.0,0.0,0.0,0.004439511653718091,0.0,0.0
2617 PVT-PT Ntrk1 Glut_1,0.0,0.0,0.0,0.0,0.1111111111111111,0.0,0.015873015873015872,0.0,0.0,0.0,0.0,0.0,0.8412698412698413,0.031746031746031744,0.0,0.0,0.0,0.0,0.0,0.0,0.0,0.0,0.0,0.0,0.0
2618 PVT-PT Ntrk1 Glut_1,0.0,0.0,0.0,0.0,0.0,0.0,0.022727272727272728,0.0,0.0,0.0,0.0,0.0,0.8863636363636364,0.045454545454545456,0.0,0.0,0.0,0.0,0.0,0.0,0.0,0.0,0.045454545454545456,0.0,0.0
2619 PVT-PT Ntrk1 Glut_1,0.0,0.0,0.0,0.0,0.0,0.0,0.0,0.0,0.0,0.0,0.0,0.0,0.9403973509933775,0.059602649006622516,0.0,0.0,0.0,0.0,0.0,0.0,0.0,0.0,0.0,0.0,0.0
2620 PVT-PT Ntrk1 Glut_2,0.0,0.0,0.0,0.0,0.017391304347826087,0.0,0.017391304347826087,0.0,0.0,0.0,0.0,0.0,0.9304347826086956,0.017391304347826087,0.0,0.0,0.0,0.0,0.0,0.0,0.0,0.0,0.017391304347826087,0.0,0.0
2621 PVT-PT Ntrk1 Glut_2,0.0,0.0,0.0,0.0,0.0,0.0,0.0,0.0,0.0,0.0,0.0,0.0,0.9839506172839506,0.0012345679012345679,0.0,0.0,0.0,0.0,0.0,0.0,0.0,0.0,0.014814814814814815,0.0,0.0
2622 PVT-PT Ntrk1 Glut_2,0.0,0.0,0.0,0.0,0.0,0.0,0.0,0.0,0.0,0.0,0.0,0.0,0.9594594594594594,0.0,0.0,0.0,0.006756756756756757,0.0,0.0,0.0,0.0,0.0,0.033783783783783786,0.0,0.0
2623 PVT-PT Ntrk1 Glut_2,0.0,0.0,0.0,0.0,0.006289308176100629,0.0,0.006289308176100629,0.0,0.0,0.0,0.0,0.0,0.949685534591195,0.012578616352201259,0.0,0.0,0.0,0.0,0.0,0.0,0.0,0.0,0.025157232704402517,0.0,0.0
2624 PVT-PT Ntrk1 Glut_3,0.0,0.0,0.0,0.0,0.012797074954296161,0.0,0.0018281535648994515,0.0,0.0,0.0,0.0,0.0,0.9542961608775137,0.02376599634369287,0.0,0.0,0.0,0.0,0.0,0.0,0.0018281535648994515,0.0,0.005484460694698354,0.0,0.0
2625 PVT-PT Ntrk1 Glut_3,0.0,0.0,0.0,0.0,0.0189873417721519,0.0,0.0031645569620253164,0.0,0.0,0.0,0.0,0.0,0.9588607594936709,0.00949367088607595,0.0,0.0,0.0,0.0,0.0,0.0,0.0031645569620253164,0.0,0.006329113924050633,0.0,0.0
2626 PVT-PT Ntrk1 Glut_3,0.0,0.0,0.0,0.0,0.041791044776119404,0.0,0.005970149253731343,0.0,0.0,0.0,0.0,0.0,0.8626865671641791,0.056716417910447764,0.0,0.0,0.0,0.0,0.0,0.0,0.005970149253731343,0.0,0.026865671641791045,0.0,0.0
2627 PVT-PT Ntrk1 Glut_4,0.0,0.0,0.0,0.0,0.041666666666666664,0.0,0.008333333333333333,0.0,0.0,0.0,0.0,0.0,0.9333333333333333,0.0,0.0,0.0,0.008333333333333333,0.0,0.0,0.0,0.0,0.0,0.008333333333333333,0.0,0.0
2628 PVT-PT Ntrk1 Glut_4,0.0,0.0,0.0,0.0,0.0070921985815602835,0.0,0.0070921985815602835,0.0,0.0,0.0,0.0,0.0,0.9858156028368794,0.0,0.0,0.0,0.0,0.0,0.0,0.0,0.0,0.0,0.0,0.0,0.0
2629 PVT-PT Ntrk1 Glut_4,0.0,0.0,0.0,0.0,0.007425742574257425,0.0,0.0,0.0,0.0,0.0,0.0,0.0,0.9900990099009901,0.0,0.0,0.0,0.0,0.0,0.0,0.0,0.0,0.0,0.0024752475247524753,0.0,0.0
2630 PVT-PT Ntrk1 Glut_5,0.0,0.0,0.0,0.0,0.0,0.0,0.0,0.0,0.0,0.0,0.0,0.0,0.9882352941176471,0.0058823529411764705,0.0,0.0,0.0,0.0,0.0,0.0,0.0,0.0,0.0058823529411764705,0.0,0.0
2631 PVT-PT Ntrk1 Glut_5,0.0,0.0,0.0,0.0,0.002793296089385475,0.0,0.0,0.0,0.0,0.0,0.0,0.0,0.994413407821229,0.002793296089385475,0.0,0.0,0.0,0.0,0.0,0.0,0.0,0.0,0.0,0.0,0.0
2632 PVT-PT Ntrk1 Glut_6,0.0,0.0,0.0,0.0,0.0,0.0,0.0,0.0,0.0,0.0,0.0,0.0,0.9867109634551495,0.0,0.0,0.0,0.0,0.0,0.0,0.0,0.0033222591362126247,0.0,0.009966777408637873,0.0,0.0
2633 CM-IAD-CL-PCN Sema5b Glut_1,0.0,0.0,0.0,0.0,0.0,0.0,0.0,0.0,0.0,0.0,0.0,0.0,1.0,0.0,0.0,0.0,0.0,0.0,0.0,0.0,0.0,0.0,0.0,0.0,0.0
2634 CM-IAD-CL-PCN Sema5b Glut_1,0.0,0.0,0.0,0.0,0.0,0.0,0.005847953216374269,0.0,0.0,0.0,0.0,0.0,0.9766081871345029,0.0,0.0,0.0,0.0,0.0,0.0,0.0,0.0,0.0,0.017543859649122806,0.0,0.0
2635 CM-IAD-CL-PCN Sema5b Glut_1,0.0,0.0,0.0,0.0,0.0,0.0,0.0,0.0,0.0,0.0,0.0,0.0,0.9966996699669967,0.0,0.0,0.0,0.0,0.0,0.0,0.0,0.0,0.0,0.0033003300330033004,0.0,0.0
2636 CM-IAD-CL-PCN Sema5b Glut_1,0.0,0.0,0.0,0.0,0.0,0.0,0.0,0.0,0.0,0.0,0.0,0.0,1.0,0.0,0.0,0.0,0.0,0.0,0.0,0.0,0.0,0.0,0.0,0.0,0.0
2637 CM-IAD-CL-PCN Sema5b Glut_2,0.0,0.0,0.0,0.0,0.0,0.0,0.0,0.0,0.0,0.0,0.0,0.0,0.9878048780487805,0.0,0.0,0.0,0.0,0.0,0.0,0.0,0.0,0.0,0.012195121951219513,0.0,0.0
2638 CM-IAD-CL-PCN Sema5b Glut_2,0.0,0.0,0.0,0.0,0.0,0.0,0.0,0.0,0.0,0.0,0.0,0.0,0.9811320754716981,0.0,0.0,0.0,0.0023584905660377358,0.0,0.0,0.0,0.0,0.0,0.01650943396226415,0.0,0.0
2639 CM-IAD-CL-PCN Sema5b Glut_2,0.0,0.0,0.0,0.0,0.0,0.0,0.0,0.0,0.0,0.0,0.0,0.0,0.994475138121547,0.0,0.0,0.0,0.0,0.0,0.0,0.0,0.0,0.0,0.0055248618784530384,0.0,0.0
2640 CM-IAD-CL-PCN Sema5b Glut_3,0.0,0.0,0.0,0.0,0.0,0.0,0.0,0.0,0.0,0.0,0.0,0.0,1.0,0.0,0.0,0.0,0.0,0.0,0.0,0.0,0.0,0.0,0.0,0.0,0.0
2641 CM-IAD-CL-PCN Sema5b Glut_3,0.0,0.0,0.0,0.0,0.014084507042253521,0.0,0.0,0.0,0.0,0.0,0.0,0.0,0.9859154929577465,0.0,0.0,0.0,0.0,0.0,0.0,0.0,0.0,0.0,0.0,0.0,0.0
2642 CM-IAD-CL-PCN Sema5b Glut_3,0.0,0.0,0.0,0.0,0.0,0.0,0.0,0.0,0.0,0.0,0.0,0.0,1.0,0.0,0.0,0.0,0.0,0.0,0.0,0.0,0.0,0.0,0.0,0.0,0.0
2643 CM-IAD-CL-PCN Sema5b Glut_4,0.0,0.0,0.0,0.0,0.0,0.0,0.0,0.0,0.0,0.0,0.0,0.0,1.0,0.0,0.0,0.0,0.0,0.0,0.0,0.0,0.0,0.0,0.0,0.0,0.0
2644 CM-IAD-CL-PCN Sema5b Glut_4,0.0,0.0,0.0,0.0,0.0,0.0,0.0,0.0,0.0,0.0,0.0,0.0,1.0,0.0,0.0,0.0,0.0,0.0,0.0,0.0,0.0,0.0,0.0,0.0,0.0
2645 CM-IAD-CL-PCN Sema5b Glut_4,0.0,0.0,0.0,0.0,0.0,0.0,0.0,0.0,0.0,0.0,0.0,0.0,1.0,0.0,0.0,0.0,0.0,0.0,0.0,0.0,0.0,0.0,0.0,0.0,0.0
2646 CM-IAD-CL-PCN Sema5b Glut_5,0.0,0.0,0.0,0.0,0.0,0.0,0.0,0.0,0.0,0.0,0.0,0.0,1.0,0.0,0.0,0.0,0.0,0.0,0.0,0.0,0.0,0.0,0.0,0.0,0.0
2647 CM-IAD-CL-PCN Sema5b Glut_5,0.0,0.0,0.0,0.0,0.0,0.0,0.0,0.0,0.0,0.0,0.0,0.0,1.0,0.0,0.0,0.0,0.0,0.0,0.0,0.0,0.0,0.0,0.0,0.0,0.0
2648 TH Prkcd Grin2c Glut_1,0.0,0.0,0.0,0.0014375561545372866,0.006289308176100629,0.0,0.0,0.0,0.0,0.0,0.0,8.984725965858041e-05,0.9778975741239893,0.0,0.0,0.0,0.0017969451931716084,0.0,0.001527403414195867,0.0,0.001527403414195867,0.007367475292003594,0.0017969451931716084,0.0,0.00026954177897574127
2649 TH Prkcd Grin2c Glut_1,0.0,0.0,0.0,0.0,0.00048123195380173246,0.0,0.00016041065126724414,0.0,0.0,0.0,0.0,0.0,0.9906961822264998,0.0,0.0,0.0,0.00048123195380173246,0.0,0.0,0.0,0.0003208213025344883,0.007699711260827719,0.00016041065126724414,0.0,0.0
2650 TH Prkcd Grin2c Glut_2,0.0,0.0,0.0,0.014568158168574402,0.0,0.0,0.0,0.0,0.0,0.0,0.0,0.0,0.913111342351717,0.0,0.0,0.0,0.01664932362122789,0.0,0.005723204994797087,0.0,0.02861602497398543,0.004682622268470343,0.01664932362122789,0.0,0.0
2651 TH Prkcd Grin2c Glut_3,0.0,0.0,0.0,0.00141643059490085,0.0,0.0,0.0,0.0,0.0,0.0,0.0,0.0,0.9801699716713881,0.0,0.0,0.0,0.0056657223796034,0.0,0.00424929178470255,0.0,0.0084985835694051,0.0,0.0,0.0,0.0
2652 TH Prkcd Grin2c Glut_3,0.0,0.0,0.0,0.006172839506172839,0.0,0.0,0.0,0.0,0.0,0.0,0.0,0.0,0.9660493827160493,0.0,0.0,0.0,0.027777777777777776,0.0,0.0,0.0,0.0,0.0,0.0,0.0,0.0
2653 TH Prkcd Grin2c Glut_4,0.0,0.0,0.0,0.009009009009009009,0.0,0.0,0.0,0.0,0.0,0.0,0.0,0.0,0.972972972972973,0.0,0.0,0.0,0.0,0.0,0.0,0.0,0.0,0.0,0.018018018018018018,0.0,0.0
2654 TH Prkcd Grin2c Glut_4,0.0,0.0,0.0,0.0,0.0030581039755351682,0.0,0.0061162079510703364,0.0,0.0,0.0,0.0,0.0,0.8990825688073395,0.0,0.0,0.0,0.024464831804281346,0.0,0.04892966360856269,0.0,0.01529051987767584,0.0,0.0030581039755351682,0.0,0.0
2655 TH Prkcd Grin2c Glut_5,0.0,0.0,0.0,0.15302491103202848,0.0,0.0,0.0,0.0,0.0,0.0,0.0,0.0,0.7046263345195729,0.0,0.0,0.0,0.11387900355871886,0.0,0.0,0.0,0.0,0.0,0.028469750889679714,0.0,0.0
2656 TH Prkcd Grin2c Glut_5,0.0,0.0,0.0,0.05825242718446602,0.0,0.0,0.0,0.0,0.0,0.0,0.0,0.0,0.8349514563106796,0.0,0.0,0.0,0.02912621359223301,0.0,0.0,0.0,0.0,0.038834951456310676,0.038834951456310676,0.0,0.0
2657 TH Prkcd Grin2c Glut_5,0.0,0.0,0.0,0.05755395683453238,0.0035971223021582736,0.0,0.0,0.0,0.0,0.0,0.0,0.0,0.9316546762589928,0.0,0.0,0.0,0.0,0.0,0.0,0.0,0.0,0.007194244604316547,0.0,0.0,0.0
2658 TH Prkcd Grin2c Glut_5,0.0,0.0,0.0,0.04442825928623452,0.0,0.0,0.0,0.0,0.0,0.0,0.0,0.0,0.8820101966496723,0.0,0.0,0.0,0.06700655498907501,0.0,0.0,0.0,0.0,0.0,0.0065549890750182084,0.0,0.0
2659 TH Prkcd Grin2c Glut_6,0.0,0.0,0.0,0.1,0.0,0.0,0.01818181818181818,0.0,0.0,0.0,0.0,0.0,0.7,0.0,0.0,0.0,0.15454545454545454,0.0,0.0,0.0,0.0,0.0,0.02727272727272727,0.0,0.0
2660 TH Prkcd Grin2c Glut_6,0.0,0.0,0.0,0.04308390022675737,0.0,0.0,0.0045351473922902496,0.0,0.0,0.0,0.0,0.0,0.9421768707482994,0.0,0.0,0.0,0.009070294784580499,0.0,0.0,0.0,0.0,0.0,0.0011337868480725624,0.0,0.0
2661 TH Prkcd Grin2c Glut_6,0.0,0.0,0.0,0.0,0.0,0.0,0.0,0.0,0.0,0.0,0.0,0.0,1.0,0.0,0.0,0.0,0.0,0.0,0.0,0.0,0.0,0.0,0.0,0.0,0.0
2662 TH Prkcd Grin2c Glut_6,0.0,0.0,0.0,0.0009199632014719411,0.0036798528058877645,0.0,0.0009199632014719411,0.0,0.0,0.0,0.0,0.0,0.9917203311867525,0.0,0.0,0.0,0.0009199632014719411,0.0,0.0009199632014719411,0.0,0.0,0.0,0.0009199632014719411,0.0,0.0
2663 TH Prkcd Grin2c Glut_6,0.0,0.0,0.0,0.0,0.0012224938875305623,0.0,0.0,0.0,0.0,0.0,0.0,0.0,0.9981662591687042,0.0,0.0,0.0,0.0,0.0,0.0,0.0,0.0,0.0,0.0006112469437652812,0.0,0.0
2664 TH Prkcd Grin2c Glut_6,0.0,0.0,0.0,0.03127506014434643,0.0,0.0,0.0,0.0,0.0,0.0,0.0,0.0,0.9390537289494787,0.0,0.0,0.0,0.01603849238171612,0.0,0.0024057738572574178,0.0,0.0032076984763432237,0.0032076984763432237,0.0048115477145148355,0.0,0.0
2665 TH Prkcd Grin2c Glut_7,0.0,0.0,0.0,0.0,0.0,0.0,0.00821917808219178,0.0,0.0,0.0,0.0,0.0,0.963013698630137,0.0,0.0,0.0,0.019178082191780823,0.0,0.00821917808219178,0.0,0.0013698630136986301,0.0,0.0,0.0,0.0
2666 TH Prkcd Grin2c Glut_7,0.0,0.0,0.0,0.0,0.0,0.0,0.0,0.0,0.0,0.0,0.0,0.0,1.0,0.0,0.0,0.0,0.0,0.0,0.0,0.0,0.0,0.0,0.0,0.0,0.0
2667 TH Prkcd Grin2c Glut_7,0.0,0.0,0.0,0.0,0.006172839506172839,0.0,0.030864197530864196,0.0,0.0,0.0,0.0,0.0,0.8024691358024691,0.0,0.0,0.0,0.1419753086419753,0.0,0.018518518518518517,0.0,0.0,0.0,0.0,0.0,0.0
2668 TH Prkcd Grin2c Glut_8,0.0,0.0,0.0,0.0,0.0,0.0,0.0,0.0,0.0,0.0,0.0,0.0,0.9923664122137404,0.0,0.0,0.0,0.0,0.0,0.0,0.0,0.0,0.0,0.007633587786259542,0.0,0.0
2669 TH Prkcd Grin2c Glut_8,0.0,0.0,0.0,0.0,0.0,0.0,0.21052631578947367,0.0,0.0,0.0,0.0,0.0,0.7763157894736842,0.0,0.0,0.0,0.0,0.0,0.0,0.0,0.0,0.013157894736842105,0.0,0.0,0.0
2670 TH Prkcd Grin2c Glut_8,0.0,0.0,0.0,0.0,0.0,0.0,0.037037037037037035,0.0,0.0,0.0,0.0,0.0,0.9629629629629629,0.0,0.0,0.0,0.0,0.0,0.0,0.0,0.0,0.0,0.0,0.0,0.0
2671 TH Prkcd Grin2c Glut_8,0.0,0.0,0.0,0.0,0.0,0.0,0.0,0.0,0.0,0.0,0.0,0.0,1.0,0.0,0.0,0.0,0.0,0.0,0.0,0.0,0.0,0.0,0.0,0.0,0.0
2672 TH Prkcd Grin2c Glut_8,0.0,0.0,0.0,0.030303030303030304,0.0,0.0,0.016835016835016835,0.0,0.0,0.0,0.0,0.0,0.9057239057239057,0.0,0.0,0.0,0.03367003367003367,0.0,0.0,0.0,0.0,0.006734006734006734,0.006734006734006734,0.0,0.0
2673 TH Prkcd Grin2c Glut_8,0.0,0.0,0.0,0.0,0.0,0.0,0.0,0.0,0.0,0.0,0.0,0.0,0.9925925925925926,0.0,0.0,0.0,0.0,0.0,0.0,0.0,0.0,0.007407407407407408,0.0,0.0,0.0
2674 TH Prkcd Grin2c Glut_9,0.0,0.0,0.0,0.0,0.0,0.0,0.0,0.0,0.0,0.0,0.0,0.0,0.9985141158989599,0.0,0.0,0.0,0.0,0.0,0.0,0.0,0.0,0.0,0.0014858841010401188,0.0,0.0
2675 TH Prkcd Grin2c Glut_9,0.0,0.0,0.0,0.0,0.002890173410404624,0.0,0.0,0.0,0.0,0.0,0.0,0.0,0.9971098265895953,0.0,0.0,0.0,0.0,0.0,0.0,0.0,0.0,0.0,0.0,0.0,0.0
2676 TH Prkcd Grin2c Glut_9,0.0,0.0,0.0,0.0,0.0,0.0,0.0,0.0,0.0,0.0,0.0,0.0,1.0,0.0,0.0,0.0,0.0,0.0,0.0,0.0,0.0,0.0,0.0,0.0,0.0
2677 TH Prkcd Grin2c Glut_10,0.0,0.0,0.0,0.0028653295128939827,0.0014326647564469914,0.0,0.0,0.0,0.0,0.0,0.0,0.0,0.9914040114613181,0.0,0.0,0.0,0.0,0.0,0.0,0.0,0.0,0.0,0.004297994269340974,0.0,0.0
2678 TH Prkcd Grin2c Glut_10,0.0,0.0,0.0,0.0004380201489268506,0.0,0.0,0.0004380201489268506,0.0,0.0,0.0,0.0,0.0,0.9969338589575121,0.0,0.0,0.0,0.0004380201489268506,0.0,0.0,0.0,0.0,0.0,0.0017520805957074025,0.0,0.0
2679 TH Prkcd Grin2c Glut_11,0.0,0.0,0.0,0.0,0.014634146341463415,0.0,0.0,0.0,0.0,0.0,0.0,0.0,0.9707317073170731,0.0,0.0,0.0,0.0,0.0,0.014634146341463415,0.0,0.0,0.0,0.0,0.0,0.0
2680 TH Prkcd Grin2c Glut_11,0.0,0.0,0.0,0.0,0.0028735632183908046,0.0,0.0,0.0,0.0,0.0,0.0,0.0,0.9885057471264368,0.0,0.0,0.0,0.0,0.0,0.0,0.0,0.0,0.0,0.008620689655172414,0.0,0.0
2681 TH Prkcd Grin2c Glut_12,0.0,0.0,0.0,0.0,0.0,0.0,0.0,0.0,0.0,0.0,0.0,0.0,0.9965034965034965,0.0,0.0,0.0,0.0017482517482517483,0.0,0.0,0.0,0.0,0.0,0.0017482517482517483,0.0,0.0
2682 TH Prkcd Grin2c Glut_12,0.0,0.0,0.0,0.001763668430335097,0.0,0.0,0.0,0.0,0.0,0.0,0.0,0.0,0.9894179894179894,0.0,0.0,0.0,0.0,0.0,0.0,0.0,0.0,0.0,0.008818342151675485,0.0,0.0
2683 TH Prkcd Grin2c Glut_13,0.0,0.0,0.0,0.0,0.0043397396156230625,0.0,0.0006199628022318661,0.0,0.0,0.0,0.0,0.0,0.9913205207687539,0.0,0.0,0.0,0.0006199628022318661,0.0,0.0,0.0,0.0,0.0024798512089274642,0.0006199628022318661,0.0,0.0
2684 TH Prkcd Grin2c Glut_13,0.0,0.0,0.0,0.0,0.0,0.0,0.0,0.0,0.0,0.0,0.0,0.0,1.0,0.0,0.0,0.0,0.0,0.0,0.0,0.0,0.0,0.0,0.0,0.0,0.0
2685 TH Prkcd Grin2c Glut_13,0.0,0.0,0.0,0.0,0.0,0.0,0.0,0.0,0.0,0.0,0.0,0.0,1.0,0.0,0.0,0.0,0.0,0.0,0.0,0.0,0.0,0.0,0.0,0.0,0.0
2686 TH Prkcd Grin2c Glut_13,0.0,0.0,0.0,0.0,0.0,0.0,0.004962779156327543,0.0,0.0,0.0,0.0,0.0,0.9925558312655087,0.0,0.0,0.0,0.0,0.0,0.0,0.0,0.0,0.0024813895781637717,0.0,0.0,0.0
2687 TH Prkcd Grin2c Glut_13,0.0,0.0,0.0,0.0,0.015676567656765675,0.0,0.0,0.0,0.0,0.0,0.0,0.0,0.9834983498349835,0.0,0.0,0.0,0.0,0.0,0.0,0.0,0.0,0.0,0.0008250825082508251,0.0,0.0
2688 TH Prkcd Grin2c Glut_14,0.0,0.0,0.0,0.0,0.005917159763313609,0.0,0.0,0.0,0.0,0.0,0.0,0.0,0.9940828402366864,0.0,0.0,0.0,0.0,0.0,0.0,0.0,0.0,0.0,0.0,0.0,0.0
2689 TH Prkcd Grin2c Glut_14,0.0,0.0,0.0,0.0,0.0,0.0,0.0,0.0,0.0,0.0,0.0,0.0,0.9847328244274809,0.0,0.0,0.0,0.003816793893129771,0.0,0.0,0.0,0.0,0.0,0.011450381679389313,0.0,0.0
2690 RE-Xi Nox4 Glut_1,0.0,0.0,0.0,0.0,0.0,0.0,0.0,0.0,0.0,0.0,0.0,0.0,0.9748427672955975,0.0,0.0,0.0,0.0,0.0,0.006289308176100629,0.0,0.0,0.0,0.018867924528301886,0.0,0.0
2691 RE-Xi Nox4 Glut_1,0.0,0.0,0.0,0.0,0.0273224043715847,0.0,0.0,0.0,0.0,0.0,0.0,0.0,0.9617486338797814,0.0,0.0,0.0,0.0,0.0,0.0,0.0,0.00546448087431694,0.0,0.00546448087431694,0.0,0.0
2692 RE-Xi Nox4 Glut_1,0.0,0.0,0.0,0.0,0.012531328320802004,0.0,0.002506265664160401,0.0,0.0,0.0,0.0,0.0,0.9799498746867168,0.0,0.0,0.0,0.002506265664160401,0.0,0.0,0.0,0.0,0.0,0.002506265664160401,0.0,0.0
2693 RE-Xi Nox4 Glut_1,0.0,0.0,0.0,0.0,0.0,0.0,0.0,0.0,0.0,0.0,0.0,0.0,1.0,0.0,0.0,0.0,0.0,0.0,0.0,0.0,0.0,0.0,0.0,0.0,0.0
2694 RE-Xi Nox4 Glut_2,0.0,0.0,0.0,0.0,0.0,0.0,0.0,0.0,0.0,0.0,0.0,0.0,0.9596774193548387,0.0,0.0,0.0,0.0,0.0,0.0,0.0,0.0,0.0,0.04032258064516129,0.0,0.0
2695 RE-Xi Nox4 Glut_2,0.0,0.0,0.0,0.0,0.12987012987012986,0.0,0.0,0.0,0.0,0.0,0.0,0.0,0.8367346938775511,0.0,0.0,0.0,0.0,0.0,0.0,0.0,0.0,0.0,0.03339517625231911,0.0,0.0
2696 RE-Xi Nox4 Glut_2,0.0,0.0,0.0,0.0,0.05251141552511415,0.0,0.0,0.0,0.0,0.0,0.0,0.0,0.9223744292237442,0.0,0.0,0.0,0.0,0.0,0.0,0.0,0.0,0.0,0.02511415525114155,0.0,0.0
2697 RE-Xi Nox4 Glut_2,0.0,0.0,0.0,0.0,0.015706806282722512,0.0,0.0,0.0,0.0,0.0,0.0,0.0,0.9738219895287958,0.0,0.0,0.0,0.0,0.0,0.0,0.0,0.0,0.0,0.010471204188481676,0.0,0.0
2698 RE-Xi Nox4 Glut_3,0.0,0.0,0.0,0.0,0.0069124423963133645,0.0,0.0,0.0,0.0,0.0,0.0,0.0,0.9919354838709677,0.0,0.0,0.0,0.0,0.0,0.001152073732718894,0.0,0.0,0.0,0.0,0.0,0.0
2699 RE-Xi Nox4 Glut_3,0.0,0.0,0.0,0.0,0.007594936708860759,0.0,0.0,0.0,0.0,0.0,0.0,0.0,0.9924050632911392,0.0,0.0,0.0,0.0,0.0,0.0,0.0,0.0,0.0,0.0,0.0,0.0
2700 RE-Xi Nox4 Glut_3,0.0,0.0,0.0,0.0,0.0049504950495049506,0.0,0.0,0.0,0.0,0.0,0.0,0.0,0.9900990099009901,0.0,0.0,0.0,0.0,0.0,0.0,0.0,0.0,0.0,0.0049504950495049506,0.0,0.0
2701 RE-Xi Nox4 Glut_3,0.0,0.0,0.0,0.0,0.08571428571428572,0.0,0.0,0.0,0.0,0.0,0.0,0.0,0.8357142857142857,0.0,0.0,0.0,0.07857142857142857,0.0,0.0,0.0,0.0,0.0,0.0,0.0,0.0
2702 RE-Xi Nox4 Glut_3,0.0,0.0,0.0,0.0,0.05925925925925926,0.0,0.0,0.0,0.0,0.0,0.0,0.0,0.9259259259259259,0.0,0.0,0.0,0.014814814814814815,0.0,0.0,0.0,0.0,0.0,0.0,0.0,0.0
2703 RE-Xi Nox4 Glut_4,0.0,0.0,0.0,0.0,0.17142857142857143,0.0,0.02857142857142857,0.0,0.0,0.0,0.0,0.0,0.8,0.0,0.0,0.0,0.0,0.0,0.0,0.0,0.0,0.0,0.0,0.0,0.0
2704 MG-POL-SGN Nts Glut_1,0.0,0.0,0.0,0.0,0.0,0.0,0.21052631578947367,0.0,0.0,0.0,0.0,0.0,0.7894736842105263,0.0,0.0,0.0,0.0,0.0,0.0,0.0,0.0,0.0,0.0,0.0,0.0
2705 MG-POL-SGN Nts Glut_1,0.0,0.0,0.0,0.0,0.0,0.0,0.008658008658008658,0.0,0.0,0.0,0.0,0.0,0.9004329004329005,0.0,0.0,0.0,0.08658008658008658,0.0,0.004329004329004329,0.0,0.0,0.0,0.0,0.0,0.0
2706 MG-POL-SGN Nts Glut_1,0.0,0.0,0.0,0.0,0.006060606060606061,0.0,0.06060606060606061,0.0,0.0,0.0,0.0,0.0,0.9242424242424242,0.0,0.0,0.0,0.0030303030303030303,0.0,0.0030303030303030303,0.0,0.0,0.0030303030303030303,0.0,0.0,0.0
2707 MG-POL-SGN Nts Glut_2,0.0,0.0,0.0,0.0,0.0,0.0,0.06349206349206349,0.0,0.0,0.0,0.0,0.0,0.873015873015873,0.0,0.0,0.0,0.06349206349206349,0.0,0.0,0.0,0.0,0.0,0.0,0.0,0.0
2708 MG-POL-SGN Nts Glut_2,0.0,0.0,0.0,0.0,0.0,0.0,0.24,0.0,0.0,0.0,0.0,0.0,0.56,0.0,0.0,0.0,0.08,0.0,0.04,0.0,0.08,0.0,0.0,0.0,0.0
2709 MG-POL-SGN Nts Glut_2,0.0,0.0,0.0,0.009615384615384616,0.009615384615384616,0.0,0.09615384615384616,0.0,0.0,0.0,0.0,0.0,0.6923076923076923,0.0,0.0,0.0,0.15384615384615385,0.0,0.009615384615384616,0.0,0.028846153846153848,0.0,0.0,0.0,0.0
2710 PF Fzd5 Glut_1,0.0,0.0,0.0,0.0,0.056,0.0,0.096,0.0,0.0,0.0,0.0,0.0,0.824,0.0,0.0,0.0,0.0,0.0,0.0,0.0,0.0,0.0,0.024,0.0,0.0
2711 PF Fzd5 Glut_1,0.0,0.0,0.0,0.0,0.0,0.0,0.08108108108108109,0.0,0.0,0.0,0.0,0.0,0.8918918918918919,0.0,0.0,0.0,0.0,0.0,0.02702702702702703,0.0,0.0,0.0,0.0,0.0,0.0
2712 PF Fzd5 Glut_1,0.0,0.0,0.0,0.0,0.0,0.0,0.0,0.0,0.0,0.0,0.0,0.0,1.0,0.0,0.0,0.0,0.0,0.0,0.0,0.0,0.0,0.0,0.0,0.0,0.0
2713 PF Fzd5 Glut_1,0.0,0.0,0.0,0.0,0.016286644951140065,0.0,0.016286644951140065,0.0,0.0,0.0,0.0,0.0,0.9446254071661238,0.0,0.0,0.0,0.0,0.0,0.0,0.0,0.0,0.0,0.02280130293159609,0.0,0.0
2714 PF Fzd5 Glut_1,0.0,0.0,0.0,0.0,0.0,0.0,0.058823529411764705,0.0,0.0,0.0,0.0,0.0,0.7647058823529411,0.0,0.0,0.0,0.0,0.0,0.029411764705882353,0.0,0.0,0.0,0.14705882352941177,0.0,0.0
2715 PF Fzd5 Glut_1,0.0,0.0,0.0,0.0,0.0,0.0,0.0,0.0,0.0,0.0,0.0,0.0,1.0,0.0,0.0,0.0,0.0,0.0,0.0,0.0,0.0,0.0,0.0,0.0,0.0
2716 PF Fzd5 Glut_1,0.0,0.0,0.0,0.0,0.045454545454545456,0.0,0.03636363636363636,0.0,0.0,0.0,0.0,0.0,0.8909090909090909,0.0,0.0,0.0,0.0,0.0,0.0,0.0,0.0,0.0,0.02727272727272727,0.0,0.0
2717 PF Fzd5 Glut_1,0.0,0.0,0.0,0.0,0.004784688995215311,0.0,0.009569377990430622,0.0,0.0,0.0,0.0,0.0,0.9425837320574163,0.0,0.0,0.0,0.0,0.0,0.0,0.0,0.0,0.0,0.0430622009569378,0.0,0.0
2718 PF Fzd5 Glut_1,0.0,0.0,0.0,0.0,0.010101010101010102,0.0,0.08080808080808081,0.0,0.0,0.0,0.0,0.0,0.7575757575757576,0.0,0.0,0.0,0.0,0.0,0.0,0.0,0.0,0.0,0.15151515151515152,0.0,0.0
2719 PF Fzd5 Glut_1,0.0,0.0,0.0,0.0,0.0,0.0,0.04522613065326633,0.0,0.0,0.0,0.0,0.0,0.8844221105527639,0.0,0.0,0.0,0.0,0.0,0.0,0.0,0.0,0.0,0.07035175879396985,0.0,0.0
2720 PF Fzd5 Glut_2,0.0,0.0,0.0,0.0,0.0022675736961451248,0.0,0.0,0.0,0.0,0.0,0.0,0.0,0.9977324263038548,0.0,0.0,0.0,0.0,0.0,0.0,0.0,0.0,0.0,0.0,0.0,0.0
2721 PF Fzd5 Glut_2,0.0,0.0,0.0,0.0,0.0,0.0,0.0,0.0,0.0,0.0,0.0,0.0,0.9907692307692307,0.0,0.0,0.0,0.0,0.0,0.003076923076923077,0.0,0.0,0.0,0.006153846153846154,0.0,0.0
2722 PF Fzd5 Glut_2,0.0,0.0,0.0,0.0,0.004484304932735426,0.0,0.004484304932735426,0.0,0.0,0.0,0.0,0.0,0.968609865470852,0.0,0.0,0.0,0.0,0.0,0.0,0.0,0.0,0.0,0.02242152466367713,0.0,0.0
2723 PF Fzd5 Glut_2,0.0,0.0,0.0,0.0012787723785166241,0.0025575447570332483,0.0,0.0025575447570332483,0.0,0.0,0.0,0.0,0.0,0.9872122762148338,0.0,0.0,0.0,0.0025575447570332483,0.0,0.0012787723785166241,0.0,0.0,0.0025575447570332483,0.0,0.0,0.0
2724 PF Fzd5 Glut_2,0.0,0.0,0.0,0.0,0.0,0.0,0.014686248331108143,0.0,0.0,0.0,0.0,0.0,0.9826435246995995,0.0,0.0,0.0,0.0,0.0,0.0,0.0,0.0,0.0,0.0026702269692923898,0.0,0.0
2725 PF Fzd5 Glut_2,0.0,0.0,0.0,0.0,0.0,0.0,0.04225352112676056,0.0,0.0,0.0,0.0,0.0,0.9295774647887324,0.0,0.0,0.0,0.0,0.0,0.0,0.0,0.0,0.0,0.028169014084507043,0.0,0.0
2726 PRC-PAG Pax6 Glut_1,0.0,0.0,0.0,0.0,0.0,0.0,0.8181818181818182,0.0,0.0,0.0,0.0,0.0,0.0,0.0,0.0,0.0,0.0,0.0,0.18181818181818182,0.0,0.0,0.0,0.0,0.0,0.0
2727 PRC-PAG Pax6 Glut_1,0.0,0.0,0.0,0.0,0.0,0.0,1.0,0.0,0.0,0.0,0.0,0.0,0.0,0.0,0.0,0.0,0.0,0.0,0.0,0.0,0.0,0.0,0.0,0.0,0.0
2728 PRC-PAG Pax6 Glut_1,0.0,0.0,0.0,0.0,0.0,0.0,1.0,0.0,0.0,0.0,0.0,0.0,0.0,0.0,0.0,0.0,0.0,0.0,0.0,0.0,0.0,0.0,0.0,0.0,0.0
2729 PRC-PAG Pax6 Glut_1,0.0,0.0,0.0,0.0,0.0,0.0,1.0,0.0,0.0,0.0,0.0,0.0,0.0,0.0,0.0,0.0,0.0,0.0,0.0,0.0,0.0,0.0,0.0,0.0,0.0
2730 PRC-PAG Pax6 Glut_1,0.0,0.0,0.0,0.0,0.0,0.0,0.967741935483871,0.0,0.0,0.0,0.0,0.0,0.0,0.0,0.0,0.0,0.0,0.0,0.03225806451612903,0.0,0.0,0.0,0.0,0.0,0.0
2731 PRC-PAG Pax6 Glut_1,0.0,0.0,0.0,0.0,0.0,0.0,1.0,0.0,0.0,0.0,0.0,0.0,0.0,0.0,0.0,0.0,0.0,0.0,0.0,0.0,0.0,0.0,0.0,0.0,0.0
2732 PRC-PAG Pax6 Glut_1,0.0,0.0,0.0,0.0,0.0,0.0,0.8695652173913043,0.0,0.0,0.0,0.0,0.0,0.0,0.0,0.0,0.0,0.0,0.0,0.13043478260869565,0.0,0.0,0.0,0.0,0.0,0.0
2733 PRC-PAG Pax6 Glut_2,0.0,0.0,0.0,0.0,0.0,0.0,0.4444444444444444,0.0,0.0,0.0,0.0,0.0,0.0,0.3333333333333333,0.0,0.0,0.1111111111111111,0.0,0.1111111111111111,0.0,0.0,0.0,0.0,0.0,0.0
2734 PRC-PAG Pax6 Glut_2,0.0,0.0,0.0,0.0,0.0,0.0,0.4642857142857143,0.0,0.0,0.0,0.0,0.0,0.03571428571428571,0.25,0.0,0.0,0.21428571428571427,0.0,0.03571428571428571,0.0,0.0,0.0,0.0,0.0,0.0
2735 PRC-PAG Pax6 Glut_2,0.0,0.0,0.0,0.0,0.0,0.0,0.5714285714285714,0.0,0.0,0.0,0.0,0.0,0.42857142857142855,0.0,0.0,0.0,0.0,0.0,0.0,0.0,0.0,0.0,0.0,0.0,0.0
2736 PRC-PAG Pax6 Glut_2,0.0,0.0,0.0,0.016129032258064516,0.0,0.0,0.4032258064516129,0.0,0.0,0.0,0.0,0.0,0.4032258064516129,0.08064516129032258,0.0,0.0,0.06451612903225806,0.0,0.0,0.0,0.0,0.0,0.03225806451612903,0.0,0.0
2737 PRC-PAG Pax6 Glut_2,0.0,0.0,0.0,0.0,0.0,0.0,0.7142857142857143,0.0,0.0,0.0,0.0,0.0,0.0,0.21428571428571427,0.0,0.0,0.07142857142857142,0.0,0.0,0.0,0.0,0.0,0.0,0.0,0.0
2738 PRC-PAG Pax6 Glut_2,0.0,0.0,0.0,0.0,0.0,0.0,0.782608695652174,0.0,0.0,0.0,0.0,0.0,0.021739130434782608,0.0,0.0,0.0,0.021739130434782608,0.0,0.17391304347826086,0.0,0.0,0.0,0.0,0.0,0.0
2739 PRC-PAG Pax6 Glut_2,0.0,0.0,0.0,0.0,0.0,0.0,0.78,0.0,0.0,0.0,0.0,0.0,0.18,0.02,0.0,0.0,0.02,0.0,0.0,0.0,0.0,0.0,0.0,0.0,0.0
2740 PRC-PAG Pax6 Glut_2,0.0,0.0,0.0,0.0,0.0,0.0,0.8947368421052632,0.0,0.0,0.0,0.0,0.0,0.0,0.0,0.0,0.0,0.0,0.0,0.10526315789473684,0.0,0.0,0.0,0.0,0.0,0.0
2741 PRC-PAG Pax6 Glut_3,0.0,0.0,0.0,0.0,0.0,0.0,0.9523809523809523,0.0,0.0,0.0,0.0,0.0,0.0,0.0,0.0,0.0,0.0,0.0,0.0,0.047619047619047616,0.0,0.0,0.0,0.0,0.0
2742 PRC-PAG Pax6 Glut_3,0.0,0.0,0.0,0.0,0.0,0.0,0.9506172839506173,0.012345679012345678,0.0,0.012345679012345678,0.0,0.0,0.0,0.0,0.0,0.0,0.0,0.0,0.0,0.024691358024691357,0.0,0.0,0.0,0.0,0.0
2743 PRC-PAG Pax6 Glut_3,0.0,0.0,0.0,0.0,0.0,0.0,1.0,0.0,0.0,0.0,0.0,0.0,0.0,0.0,0.0,0.0,0.0,0.0,0.0,0.0,0.0,0.0,0.0,0.0,0.0
2744 PRC-PAG Pax6 Glut_3,0.0,0.0,0.0,0.0,0.0,0.0,0.9736842105263158,0.0,0.0,0.0,0.0,0.0,0.0,0.0,0.0,0.0,0.0,0.0,0.0,0.0,0.0,0.0,0.02631578947368421,0.0,0.0
2745 PRC-PAG Pax6 Glut_3,0.0,0.0,0.0,0.0,0.0,0.0,1.0,0.0,0.0,0.0,0.0,0.0,0.0,0.0,0.0,0.0,0.0,0.0,0.0,0.0,0.0,0.0,0.0,0.0,0.0
2746 PRC-PAG Pax6 Glut_3,0.0,0.0,0.0,0.0,0.0,0.0,0.9903846153846154,0.0,0.0,0.0,0.0,0.0,0.0,0.0,0.0,0.0,0.0,0.009615384615384616,0.0,0.0,0.0,0.0,0.0,0.0,0.0
2747 PRC-PAG Pax6 Glut_3,0.0,0.0,0.0,0.0,0.0,0.0,0.9642857142857143,0.0,0.0,0.0,0.0,0.0,0.0,0.0,0.0,0.0,0.0,0.0,0.03571428571428571,0.0,0.0,0.0,0.0,0.0,0.0
2748 PRC-PAG Pax6 Glut_4,0.0,0.0,0.0,0.0,0.0,0.0,1.0,0.0,0.0,0.0,0.0,0.0,0.0,0.0,0.0,0.0,0.0,0.0,0.0,0.0,0.0,0.0,0.0,0.0,0.0
2749 PRC-PAG Pax6 Glut_4,0.0,0.0,0.0,0.0,0.0,0.0,0.9285714285714286,0.0,0.0,0.0,0.0,0.0,0.0,0.0,0.0,0.0,0.0,0.0,0.07142857142857142,0.0,0.0,0.0,0.0,0.0,0.0
2750 PRC-PAG Pax6 Glut_4,0.0,0.0,0.0,0.0,0.0,0.0,0.7777777777777778,0.0,0.0,0.0,0.0,0.0,0.0,0.0,0.0,0.0,0.0,0.0,0.2222222222222222,0.0,0.0,0.0,0.0,0.0,0.0
2751 PRC-PAG Pax6 Glut_5,0.0,0.0,0.0,0.0,0.0,0.0,0.88,0.0,0.0,0.0,0.0,0.0,0.04,0.0,0.0,0.0,0.08,0.0,0.0,0.0,0.0,0.0,0.0,0.0,0.0
2752 MB-ant-ve Dmrta2 Glut_1,0.0,0.0,0.0,0.0,0.0,0.0,0.7894736842105263,0.0,0.0,0.0,0.0,0.0,0.0,0.0,0.0,0.0,0.0,0.0,0.07894736842105263,0.10526315789473684,0.0,0.0,0.02631578947368421,0.0,0.0
2753 MB-ant-ve Dmrta2 Glut_1,0.0,0.0,0.0,0.0,0.16666666666666666,0.0,0.8333333333333334,0.0,0.0,0.0,0.0,0.0,0.0,0.0,0.0,0.0,0.0,0.0,0.0,0.0,0.0,0.0,0.0,0.0,0.0
2754 MB-ant-ve Dmrta2 Glut_1,0.0,0.0,0.0,0.0,0.24503311258278146,0.0,0.6754966887417219,0.0,0.0,0.006622516556291391,0.0,0.0,0.039735099337748346,0.0,0.0,0.0,0.0,0.0,0.006622516556291391,0.019867549668874173,0.0,0.0,0.006622516556291391,0.0,0.0
2755 MB-ant-ve Dmrta2 Glut_1,0.0,0.0,0.0,0.0,0.011363636363636364,0.0,0.8977272727272727,0.0,0.0,0.0,0.0,0.0,0.0,0.0,0.0,0.0,0.0,0.0,0.022727272727272728,0.056818181818181816,0.0,0.0,0.011363636363636364,0.0,0.0
2756 MB-ant-ve Dmrta2 Glut_1,0.0,0.0,0.0,0.0,0.38181818181818183,0.0,0.4,0.0,0.0,0.0,0.0,0.0,0.17272727272727273,0.0,0.0,0.0,0.0,0.0,0.0,0.0,0.0,0.00909090909090909,0.03636363636363636,0.0,0.0
2757 MB-ant-ve Dmrta2 Glut_1,0.0,0.0,0.0,0.0,0.06896551724137931,0.0,0.8275862068965517,0.0,0.0,0.0,0.0,0.0,0.0,0.0,0.0,0.0,0.0,0.0,0.0,0.034482758620689655,0.0,0.0,0.06896551724137931,0.0,0.0
2758 MB-ant-ve Dmrta2 Glut_1,0.0,0.0,0.0,0.0,0.17647058823529413,0.0,0.5882352941176471,0.0,0.0,0.0,0.0,0.0,0.0,0.0,0.0,0.0,0.0,0.0,0.0,0.0,0.0,0.0,0.23529411764705882,0.0,0.0
2759 MB-ant-ve Dmrta2 Glut_1,0.0,0.0,0.0,0.0,0.15,0.0,0.75,0.0,0.0,0.0,0.0,0.0,0.0,0.0,0.0,0.0,0.0,0.0,0.0,0.0,0.0,0.0,0.1,0.0,0.0
2760 MB-ant-ve Dmrta2 Glut_1,0.0,0.0,0.0,0.0,0.11504424778761062,0.0,0.34513274336283184,0.0,0.0,0.0,0.0,0.0,0.5398230088495575,0.0,0.0,0.0,0.0,0.0,0.0,0.0,0.0,0.0,0.0,0.0,0.0
2761 RN Spp1 Glut_1,0.0,0.0,0.0,0.0,0.0,0.0,0.95,0.0,0.0,0.008823529411764706,0.0,0.0,0.0,0.0,0.0,0.0,0.0,0.0,0.008823529411764706,0.03235294117647059,0.0,0.0,0.0,0.0,0.0
2762 MRN-PAG Nkx6-1 Glut_1,0.0,0.0,0.0,0.0,0.0,0.0,0.9705882352941176,0.0,0.0,0.0,0.0,0.0,0.0,0.0,0.0,0.0,0.0,0.0,0.0,0.029411764705882353,0.0,0.0,0.0,0.0,0.0
2763 MRN-PAG Nkx6-1 Glut_1,0.0,0.0,0.0,0.0,0.0,0.0,0.9473684210526315,0.0,0.0,0.02631578947368421,0.0,0.0,0.0,0.0,0.0,0.0,0.0,0.0,0.0,0.0,0.0,0.0,0.02631578947368421,0.0,0.0
2764 MRN-PAG Nkx6-1 Glut_1,0.0,0.0,0.0,0.0,0.0,0.0,0.8,0.0,0.0,0.17142857142857143,0.0,0.0,0.02857142857142857,0.0,0.0,0.0,0.0,0.0,0.0,0.0,0.0,0.0,0.0,0.0,0.0
2765 MRN-PAG Nkx6-1 Glut_2,0.0,0.0,0.0,0.0,0.0,0.0,0.9393939393939394,0.0,0.0,0.030303030303030304,0.0,0.0,0.0,0.0,0.0,0.0,0.0,0.0,0.030303030303030304,0.0,0.0,0.0,0.0,0.0,0.0
2766 MRN-PAG Nkx6-1 Glut_2,0.0,0.0,0.0,0.0,0.0,0.0,1.0,0.0,0.0,0.0,0.0,0.0,0.0,0.0,0.0,0.0,0.0,0.0,0.0,0.0,0.0,0.0,0.0,0.0,0.0
2767 IF-RL-CLI-PAG Foxa1 Glut_1,0.0,0.0,0.0,0.0,0.7560975609756098,0.0,0.15853658536585366,0.0,0.0,0.0,0.0,0.0,0.0,0.0,0.0,0.0,0.0,0.0,0.0,0.0,0.0,0.0,0.08536585365853659,0.0,0.0
2768 IF-RL-CLI-PAG Foxa1 Glut_1,0.0,0.0,0.0,0.0,0.2962962962962963,0.0,0.7037037037037037,0.0,0.0,0.0,0.0,0.0,0.0,0.0,0.0,0.0,0.0,0.0,0.0,0.0,0.0,0.0,0.0,0.0,0.0
2769 IF-RL-CLI-PAG Foxa1 Glut_1,0.0,0.0,0.0,0.0,0.22666666666666666,0.0,0.7066666666666667,0.0,0.0,0.0,0.0,0.0,0.0,0.0,0.0,0.0,0.0,0.0,0.0,0.013333333333333334,0.0,0.0,0.05333333333333334,0.0,0.0
2770 IF-RL-CLI-PAG Foxa1 Glut_1,0.0,0.0,0.0,0.0,0.08333333333333333,0.0,0.8518518518518519,0.0,0.0,0.0,0.0,0.0,0.0,0.0,0.0,0.0,0.0,0.0,0.0,0.0,0.0,0.0,0.06481481481481481,0.0,0.0
2771 IF-RL-CLI-PAG Foxa1 Glut_1,0.0,0.0,0.0,0.0,0.6363636363636364,0.0,0.23376623376623376,0.0,0.0,0.0,0.0,0.0,0.0,0.0,0.0,0.0,0.0,0.0,0.0,0.0,0.0,0.0,0.12987012987012986,0.0,0.0
2772 IF-RL-CLI-PAG Foxa1 Glut_2,0.0,0.0,0.0,0.0,0.0,0.0,0.9629629629629629,0.0,0.0,0.0,0.0,0.0,0.0,0.0,0.0,0.0,0.0,0.0,0.0,0.0,0.0,0.0,0.037037037037037035,0.0,0.0
2773 IF-RL-CLI-PAG Foxa1 Glut_2,0.0,0.0,0.0,0.0,0.0,0.0,1.0,0.0,0.0,0.0,0.0,0.0,0.0,0.0,0.0,0.0,0.0,0.0,0.0,0.0,0.0,0.0,0.0,0.0,0.0
2774 IF-RL-CLI-PAG Foxa1 Glut_2,0.0,0.0,0.0,0.0,0.17777777777777778,0.0,0.7555555555555555,0.0,0.0,0.0,0.0,0.0,0.044444444444444446,0.0,0.0,0.0,0.0,0.0,0.0,0.0,0.0,0.0,0.022222222222222223,0.0,0.0
2775 IF-RL-CLI-PAG Foxa1 Glut_3,0.0,0.0,0.0,0.0,0.05555555555555555,0.0,0.6666666666666666,0.0,0.0,0.0,0.0,0.0,0.0,0.0,0.0,0.0,0.0,0.0,0.16666666666666666,0.05555555555555555,0.0,0.0,0.05555555555555555,0.0,0.0
2776 IF-RL-CLI-PAG Foxa1 Glut_3,0.0,0.0,0.0,0.0,0.017241379310344827,0.0,0.9827586206896551,0.0,0.0,0.0,0.0,0.0,0.0,0.0,0.0,0.0,0.0,0.0,0.0,0.0,0.0,0.0,0.0,0.0,0.0
2777 IF-RL-CLI-PAG Foxa1 Glut_3,0.0,0.0,0.0,0.0,0.0,0.0,1.0,0.0,0.0,0.0,0.0,0.0,0.0,0.0,0.0,0.0,0.0,0.0,0.0,0.0,0.0,0.0,0.0,0.0,0.0
2778 IF-RL-CLI-PAG Foxa1 Glut_4,0.0,0.0,0.0,0.0,0.008264462809917356,0.0,0.859504132231405,0.0,0.0,0.0,0.0,0.0,0.0,0.0,0.0,0.0,0.0,0.0,0.008264462809917356,0.10743801652892562,0.0,0.0,0.01652892561983471,0.0,0.0
2779 IF-RL-CLI-PAG Foxa1 Glut_4,0.0,0.0,0.0,0.0,0.0,0.0,0.8846153846153846,0.0,0.0,0.0,0.0,0.0,0.0,0.0,0.0,0.0,0.0,0.0,0.07692307692307693,0.038461538461538464,0.0,0.0,0.0,0.0,0.0
2780 IF-RL-CLI-PAG Foxa1 Glut_5,0.0,0.0,0.0,0.0,0.13580246913580246,0.0,0.6419753086419753,0.0,0.0,0.0,0.0,0.0,0.1728395061728395,0.0,0.0,0.0,0.0,0.0,0.0,0.0,0.0,0.0,0.04938271604938271,0.0,0.0
2781 PAG-SC Neurod2 Meis2 Glut_1,0.0,0.0,0.0,0.0,0.0,0.0,1.0,0.0,0.0,0.0,0.0,0.0,0.0,0.0,0.0,0.0,0.0,0.0,0.0,0.0,0.0,0.0,0.0,0.0,0.0
2782 PAG-SC Neurod2 Meis2 Glut_1,0.0,0.0,0.0,0.0,0.0,0.0,1.0,0.0,0.0,0.0,0.0,0.0,0.0,0.0,0.0,0.0,0.0,0.0,0.0,0.0,0.0,0.0,0.0,0.0,0.0
2783 PAG-SC Neurod2 Meis2 Glut_1,0.0,0.0,0.0,0.0,0.0,0.0,1.0,0.0,0.0,0.0,0.0,0.0,0.0,0.0,0.0,0.0,0.0,0.0,0.0,0.0,0.0,0.0,0.0,0.0,0.0
2784 PAG-SC Neurod2 Meis2 Glut_1,0.0,0.0,0.0,0.0,0.0,0.0,0.9651162790697675,0.0,0.0,0.0,0.0,0.0,0.0,0.0,0.0,0.0,0.0,0.0,0.03488372093023256,0.0,0.0,0.0,0.0,0.0,0.0
2785 PAG-SC Neurod2 Meis2 Glut_1,0.0,0.0,0.0,0.0,0.0,0.0,1.0,0.0,0.0,0.0,0.0,0.0,0.0,0.0,0.0,0.0,0.0,0.0,0.0,0.0,0.0,0.0,0.0,0.0,0.0
2786 PAG-SC Neurod2 Meis2 Glut_2,0.0,0.0,0.0,0.0,0.0,0.0,1.0,0.0,0.0,0.0,0.0,0.0,0.0,0.0,0.0,0.0,0.0,0.0,0.0,0.0,0.0,0.0,0.0,0.0,0.0
2787 PAG-SC Neurod2 Meis2 Glut_2,0.0,0.0,0.0,0.0,0.0,0.0,1.0,0.0,0.0,0.0,0.0,0.0,0.0,0.0,0.0,0.0,0.0,0.0,0.0,0.0,0.0,0.0,0.0,0.0,0.0
2788 PAG-SC Neurod2 Meis2 Glut_2,0.0,0.0,0.0,0.0,0.0,0.0,0.9736842105263158,0.0,0.0,0.02631578947368421,0.0,0.0,0.0,0.0,0.0,0.0,0.0,0.0,0.0,0.0,0.0,0.0,0.0,0.0,0.0
2789 PAG-SC Neurod2 Meis2 Glut_2,0.02631578947368421,0.0,0.0,0.0,0.0,0.0,0.9736842105263158,0.0,0.0,0.0,0.0,0.0,0.0,0.0,0.0,0.0,0.0,0.0,0.0,0.0,0.0,0.0,0.0,0.0,0.0
2790 PAG-SC Neurod2 Meis2 Glut_3,0.0,0.0,0.0,0.0,0.0,0.0,1.0,0.0,0.0,0.0,0.0,0.0,0.0,0.0,0.0,0.0,0.0,0.0,0.0,0.0,0.0,0.0,0.0,0.0,0.0
2791 PAG-SC Neurod2 Meis2 Glut_4,0.0,0.0,0.0,0.0,0.0,0.0,1.0,0.0,0.0,0.0,0.0,0.0,0.0,0.0,0.0,0.0,0.0,0.0,0.0,0.0,0.0,0.0,0.0,0.0,0.0
2792 PAG-SC Neurod2 Meis2 Glut_4,0.0,0.0,0.0,0.0,0.0,0.0,0.9454545454545454,0.0,0.0,0.0,0.0,0.0,0.01818181818181818,0.0,0.0,0.0,0.0,0.0,0.03636363636363636,0.0,0.0,0.0,0.0,0.0,0.0
2793 PAG-SC Neurod2 Meis2 Glut_4,0.0,0.0,0.0,0.0,0.0,0.0,0.9922480620155039,0.0,0.0,0.0,0.0,0.0,0.0,0.0,0.0,0.0,0.0,0.0,0.007751937984496124,0.0,0.0,0.0,0.0,0.0,0.0
2794 PAG-SC Neurod2 Meis2 Glut_4,0.0,0.0,0.0,0.0,0.0,0.0,1.0,0.0,0.0,0.0,0.0,0.0,0.0,0.0,0.0,0.0,0.0,0.0,0.0,0.0,0.0,0.0,0.0,0.0,0.0
2795 PAG-SC Neurod2 Meis2 Glut_4,0.0,0.0,0.0,0.0,0.0,0.0,0.975,0.0,0.0,0.0,0.0,0.0,0.0,0.0,0.0,0.0,0.0,0.0,0.025,0.0,0.0,0.0,0.0,0.0,0.0
2796 PAG-SC Neurod2 Meis2 Glut_4,0.0,0.0,0.0,0.0,0.0,0.0,0.972972972972973,0.0,0.0,0.0,0.0,0.0,0.0,0.0,0.0,0.0,0.0,0.0,0.02702702702702703,0.0,0.0,0.0,0.0,0.0,0.0
2797 PAG-SC Neurod2 Meis2 Glut_4,0.0,0.0,0.0,0.0,0.0,0.0,0.9375,0.0,0.0,0.0,0.0,0.0,0.0,0.0,0.0,0.0,0.0,0.0,0.0625,0.0,0.0,0.0,0.0,0.0,0.0
2798 PAG Pou4f3 Glut_1,0.0,0.0,0.0,0.0,0.0,0.0,1.0,0.0,0.0,0.0,0.0,0.0,0.0,0.0,0.0,0.0,0.0,0.0,0.0,0.0,0.0,0.0,0.0,0.0,0.0
2799 PAG Pou4f3 Glut_1,0.0,0.0,0.0,0.0,0.0,0.0,1.0,0.0,0.0,0.0,0.0,0.0,0.0,0.0,0.0,0.0,0.0,0.0,0.0,0.0,0.0,0.0,0.0,0.0,0.0
2800 PAG Pou4f3 Glut_1,0.0,0.0,0.0,0.0,0.0,0.0,1.0,0.0,0.0,0.0,0.0,0.0,0.0,0.0,0.0,0.0,0.0,0.0,0.0,0.0,0.0,0.0,0.0,0.0,0.0
2801 PAG Pou4f3 Glut_1,0.0,0.0,0.0,0.0,0.0,0.0,1.0,0.0,0.0,0.0,0.0,0.0,0.0,0.0,0.0,0.0,0.0,0.0,0.0,0.0,0.0,0.0,0.0,0.0,0.0
2802 PAG Pou4f3 Glut_1,0.0,0.0,0.0,0.0,0.0,0.0,0.8666666666666667,0.0,0.0,0.0,0.0,0.0,0.0,0.0,0.0,0.0,0.0,0.0,0.13333333333333333,0.0,0.0,0.0,0.0,0.0,0.0
2803 PAG Pou4f3 Glut_1,0.0,0.02197802197802198,0.0,0.0,0.0,0.0,0.978021978021978,0.0,0.0,0.0,0.0,0.0,0.0,0.0,0.0,0.0,0.0,0.0,0.0,0.0,0.0,0.0,0.0,0.0,0.0
2804 PAG Pou4f3 Glut_1,0.045454545454545456,0.0,0.0,0.0,0.0,0.0,0.8181818181818182,0.0,0.0,0.0,0.0,0.0,0.0,0.0,0.0,0.0,0.0,0.0,0.13636363636363635,0.0,0.0,0.0,0.0,0.0,0.0
2805 PAG Pou4f3 Glut_1,0.0,0.0,0.0,0.0,0.0,0.0,1.0,0.0,0.0,0.0,0.0,0.0,0.0,0.0,0.0,0.0,0.0,0.0,0.0,0.0,0.0,0.0,0.0,0.0,0.0
2806 PAG Pou4f3 Glut_1,0.0,0.0,0.0,0.0,0.0,0.0,1.0,0.0,0.0,0.0,0.0,0.0,0.0,0.0,0.0,0.0,0.0,0.0,0.0,0.0,0.0,0.0,0.0,0.0,0.0
2807 PAG Pou4f3 Glut_1,0.0,0.0,0.0,0.0,0.0,0.0,0.9,0.0,0.0,0.0,0.0,0.0,0.0,0.0,0.0,0.0,0.0,0.0,0.1,0.0,0.0,0.0,0.0,0.0,0.0
2808 PAG Pou4f3 Glut_2,0.0,0.0,0.0,0.0,0.0,0.0,0.9968454258675079,0.0,0.0,0.0,0.0,0.0,0.0,0.0,0.0,0.0,0.0,0.0,0.0031545741324921135,0.0,0.0,0.0,0.0,0.0,0.0
2809 PAG Pou4f3 Glut_2,0.0,0.0,0.0,0.0,0.0,0.0,0.9828571428571429,0.0,0.0,0.0,0.0,0.0,0.0,0.0,0.0,0.0,0.0,0.0,0.017142857142857144,0.0,0.0,0.0,0.0,0.0,0.0
2810 PAG Pou4f3 Glut_2,0.0,0.0,0.0,0.0,0.0,0.0,1.0,0.0,0.0,0.0,0.0,0.0,0.0,0.0,0.0,0.0,0.0,0.0,0.0,0.0,0.0,0.0,0.0,0.0,0.0
2811 PAG Pou4f3 Glut_3,0.0,0.0,0.0,0.0,0.0,0.0,1.0,0.0,0.0,0.0,0.0,0.0,0.0,0.0,0.0,0.0,0.0,0.0,0.0,0.0,0.0,0.0,0.0,0.0,0.0
2812 PAG Pou4f3 Glut_3,0.0,0.0,0.0,0.0,0.0,0.0,1.0,0.0,0.0,0.0,0.0,0.0,0.0,0.0,0.0,0.0,0.0,0.0,0.0,0.0,0.0,0.0,0.0,0.0,0.0
2813 CUN Evx2 Lhx2 Glut_1,0.0,0.037037037037037035,0.0,0.0,0.0,0.0,0.9629629629629629,0.0,0.0,0.0,0.0,0.0,0.0,0.0,0.0,0.0,0.0,0.0,0.0,0.0,0.0,0.0,0.0,0.0,0.0
2814 CUN Evx2 Lhx2 Glut_1,0.0,0.04918032786885246,0.0,0.0,0.0,0.0,0.9344262295081968,0.0,0.0,0.0,0.0,0.0,0.0,0.0,0.0,0.0,0.0,0.0,0.01639344262295082,0.0,0.0,0.0,0.0,0.0,0.0
2815 CUN Evx2 Lhx2 Glut_1,0.0,0.17204301075268819,0.0,0.0,0.0,0.0,0.8279569892473119,0.0,0.0,0.0,0.0,0.0,0.0,0.0,0.0,0.0,0.0,0.0,0.0,0.0,0.0,0.0,0.0,0.0,0.0
2816 CUN Evx2 Lhx2 Glut_1,0.0,0.14925373134328357,0.0,0.0,0.0,0.0,0.8507462686567164,0.0,0.0,0.0,0.0,0.0,0.0,0.0,0.0,0.0,0.0,0.0,0.0,0.0,0.0,0.0,0.0,0.0,0.0
2817 CUN Evx2 Lhx2 Glut_1,0.0,0.15730337078651685,0.0,0.0,0.0,0.0,0.8314606741573034,0.0,0.0,0.0,0.0,0.0,0.0,0.0,0.0,0.0,0.0,0.0,0.011235955056179775,0.0,0.0,0.0,0.0,0.0,0.0
2818 CUN Evx2 Lhx2 Glut_1,0.0,0.2,0.0,0.0,0.0,0.0,0.8,0.0,0.0,0.0,0.0,0.0,0.0,0.0,0.0,0.0,0.0,0.0,0.0,0.0,0.0,0.0,0.0,0.0,0.0
2819 CUN Evx2 Lhx2 Glut_2,0.0,0.0,0.0,0.0,0.0,0.0,1.0,0.0,0.0,0.0,0.0,0.0,0.0,0.0,0.0,0.0,0.0,0.0,0.0,0.0,0.0,0.0,0.0,0.0,0.0
2820 CUN Evx2 Lhx2 Glut_2,0.0,0.0,0.0,0.0,0.0,0.0,0.978021978021978,0.0,0.0,0.0,0.0,0.0,0.0,0.0,0.0,0.0,0.0,0.0,0.02197802197802198,0.0,0.0,0.0,0.0,0.0,0.0
2821 CUN Evx2 Lhx2 Glut_2,0.0,0.034482758620689655,0.0,0.0,0.0,0.0,0.9655172413793104,0.0,0.0,0.0,0.0,0.0,0.0,0.0,0.0,0.0,0.0,0.0,0.0,0.0,0.0,0.0,0.0,0.0,0.0
2822 CUN Evx2 Lhx2 Glut_2,0.0,0.15104166666666666,0.0,0.0,0.0,0.0,0.7864583333333334,0.0,0.0,0.0,0.0,0.0,0.0,0.0,0.0,0.0,0.0,0.0,0.0625,0.0,0.0,0.0,0.0,0.0,0.0
2823 CUN Evx2 Lhx2 Glut_2,0.0,0.026785714285714284,0.0,0.0,0.0,0.0,0.9732142857142857,0.0,0.0,0.0,0.0,0.0,0.0,0.0,0.0,0.0,0.0,0.0,0.0,0.0,0.0,0.0,0.0,0.0,0.0
2824 CUN Evx2 Lhx2 Glut_2,0.0,0.0,0.0,0.0,0.0,0.0,0.9908256880733946,0.0,0.0,0.0,0.0,0.0,0.0,0.0,0.0,0.0,0.0,0.0,0.009174311926605505,0.0,0.0,0.0,0.0,0.0,0.0
2825 CUN Evx2 Lhx2 Glut_2,0.0,0.0,0.0,0.0,0.0,0.0,1.0,0.0,0.0,0.0,0.0,0.0,0.0,0.0,0.0,0.0,0.0,0.0,0.0,0.0,0.0,0.0,0.0,0.0,0.0
2826 CUN Evx2 Lhx2 Glut_3,0.0,0.0,0.0,0.0,0.0,0.0,0.972972972972973,0.0,0.0,0.0,0.0,0.0,0.0,0.0,0.0,0.0,0.0,0.0,0.02702702702702703,0.0,0.0,0.0,0.0,0.0,0.0
2827 CUN Evx2 Lhx2 Glut_3,0.0,0.0,0.0,0.0,0.0,0.0,1.0,0.0,0.0,0.0,0.0,0.0,0.0,0.0,0.0,0.0,0.0,0.0,0.0,0.0,0.0,0.0,0.0,0.0,0.0
2828 CUN Evx2 Lhx2 Glut_3,0.0,0.034482758620689655,0.0,0.0,0.0,0.0,0.9655172413793104,0.0,0.0,0.0,0.0,0.0,0.0,0.0,0.0,0.0,0.0,0.0,0.0,0.0,0.0,0.0,0.0,0.0,0.0
2829 CUN Evx2 Lhx2 Glut_3,0.0,0.0,0.0,0.0,0.0,0.0,0.9512195121951219,0.0,0.0,0.0,0.0,0.0,0.0,0.0,0.0,0.0,0.0,0.0,0.04878048780487805,0.0,0.0,0.0,0.0,0.0,0.0
2830 CUN Evx2 Lhx2 Glut_3,0.0,0.0,0.0,0.0,0.0,0.0,1.0,0.0,0.0,0.0,0.0,0.0,0.0,0.0,0.0,0.0,0.0,0.0,0.0,0.0,0.0,0.0,0.0,0.0,0.0
2831 CUN Evx2 Lhx2 Glut_3,0.0,0.0,0.0,0.0,0.0,0.0,0.9108910891089109,0.0,0.0,0.0891089108910891,0.0,0.0,0.0,0.0,0.0,0.0,0.0,0.0,0.0,0.0,0.0,0.0,0.0,0.0,0.0
2832 CUN Evx2 Lhx2 Glut_4,0.0,0.0,0.0,0.0,0.0,0.0,1.0,0.0,0.0,0.0,0.0,0.0,0.0,0.0,0.0,0.0,0.0,0.0,0.0,0.0,0.0,0.0,0.0,0.0,0.0
2833 CUN Evx2 Lhx2 Glut_4,0.0,0.025,0.0,0.0,0.0,0.0,0.975,0.0,0.0,0.0,0.0,0.0,0.0,0.0,0.0,0.0,0.0,0.0,0.0,0.0,0.0,0.0,0.0,0.0,0.0
2834 CUN Evx2 Lhx2 Glut_4,0.0,0.0,0.0,0.0,0.0,0.0,1.0,0.0,0.0,0.0,0.0,0.0,0.0,0.0,0.0,0.0,0.0,0.0,0.0,0.0,0.0,0.0,0.0,0.0,0.0
2835 CUN Evx2 Lhx2 Glut_4,0.0,0.0425531914893617,0.0,0.0,0.0,0.0,0.9574468085106383,0.0,0.0,0.0,0.0,0.0,0.0,0.0,0.0,0.0,0.0,0.0,0.0,0.0,0.0,0.0,0.0,0.0,0.0
2836 CUN Evx2 Lhx2 Glut_4,0.0,0.0,0.0,0.0,0.0,0.0,1.0,0.0,0.0,0.0,0.0,0.0,0.0,0.0,0.0,0.0,0.0,0.0,0.0,0.0,0.0,0.0,0.0,0.0,0.0
2837 CUN Evx2 Lhx2 Glut_5,0.0,0.06818181818181818,0.0,0.0,0.0,0.0,0.9318181818181818,0.0,0.0,0.0,0.0,0.0,0.0,0.0,0.0,0.0,0.0,0.0,0.0,0.0,0.0,0.0,0.0,0.0,0.0
2838 CUN Evx2 Lhx2 Glut_5,0.0,0.03571428571428571,0.0,0.0,0.0,0.0,0.9285714285714286,0.0,0.0,0.0,0.0,0.0,0.0,0.0,0.0,0.0,0.0,0.0,0.03571428571428571,0.0,0.0,0.0,0.0,0.0,0.0
2839 CUN Evx2 Lhx2 Glut_5,0.0,0.0,0.0,0.0,0.0,0.0,0.9722222222222222,0.0,0.0,0.027777777777777776,0.0,0.0,0.0,0.0,0.0,0.0,0.0,0.0,0.0,0.0,0.0,0.0,0.0,0.0,0.0
2840 CUN Evx2 Lhx2 Glut_5,0.0,0.0,0.0,0.0,0.0,0.0,1.0,0.0,0.0,0.0,0.0,0.0,0.0,0.0,0.0,0.0,0.0,0.0,0.0,0.0,0.0,0.0,0.0,0.0,0.0
2841 APN C1ql2 Glut_1,0.0,0.0,0.0,0.00909090909090909,0.0,0.0,0.9272727272727272,0.0,0.0,0.0,0.0,0.0,0.031818181818181815,0.0,0.0,0.0,0.022727272727272728,0.0,0.00909090909090909,0.0,0.0,0.0,0.0,0.0,0.0
2842 APN C1ql2 Glut_1,0.0,0.0,0.0,0.0,0.0,0.0,0.967680608365019,0.0,0.0,0.0,0.0,0.0,0.030418250950570342,0.0,0.0,0.0,0.0,0.0,0.0019011406844106464,0.0,0.0,0.0,0.0,0.0,0.0
2843 APN C1ql2 Glut_1,0.0,0.0,0.0,0.0,0.0,0.0,0.7741935483870968,0.0,0.0,0.0,0.0,0.0,0.22580645161290322,0.0,0.0,0.0,0.0,0.0,0.0,0.0,0.0,0.0,0.0,0.0,0.0
2844 APN C1ql2 Glut_1,0.0,0.0,0.0,0.0,0.0,0.0,0.9608695652173913,0.0,0.0,0.0,0.0,0.0,0.034782608695652174,0.0,0.0,0.0,0.0,0.0,0.004347826086956522,0.0,0.0,0.0,0.0,0.0,0.0
2845 APN C1ql2 Glut_1,0.0,0.0,0.0,0.014084507042253521,0.0,0.0,0.8873239436619719,0.0,0.0,0.0,0.0,0.0,0.056338028169014086,0.0,0.0,0.0,0.04225352112676056,0.0,0.0,0.0,0.0,0.0,0.0,0.0,0.0
2846 APN C1ql2 Glut_1,0.0,0.0,0.0,0.05853658536585366,0.0,0.0,0.8536585365853658,0.0,0.0,0.0,0.0,0.0,0.0,0.0,0.0,0.0,0.06341463414634146,0.0,0.01951219512195122,0.0,0.004878048780487805,0.0,0.0,0.0,0.0
2847 APN C1ql2 Glut_1,0.0,0.0,0.0,0.0,0.0,0.0,0.855072463768116,0.0,0.0,0.0,0.0,0.0,0.14492753623188406,0.0,0.0,0.0,0.0,0.0,0.0,0.0,0.0,0.0,0.0,0.0,0.0
2848 APN C1ql4 Glut_1,0.0,0.0,0.0,0.0,0.0,0.0,0.9866666666666667,0.0,0.0,0.0,0.0,0.0,0.013333333333333334,0.0,0.0,0.0,0.0,0.0,0.0,0.0,0.0,0.0,0.0,0.0,0.0
2849 APN C1ql4 Glut_1,0.0,0.0,0.0,0.0,0.0,0.0,0.96,0.0,0.0,0.0,0.0,0.0,0.0,0.0,0.0,0.0,0.02,0.0,0.02,0.0,0.0,0.0,0.0,0.0,0.0
2850 APN C1ql4 Glut_1,0.0,0.0,0.0,0.0,0.0,0.0,0.9402985074626866,0.0,0.0,0.0,0.0,0.0,0.0,0.0,0.0,0.0,0.022388059701492536,0.0,0.03731343283582089,0.0,0.0,0.0,0.0,0.0,0.0
2851 APN C1ql4 Glut_1,0.0,0.0,0.0,0.0,0.0,0.0,0.8757575757575757,0.0,0.0,0.0,0.0,0.0,0.11212121212121212,0.0,0.0,0.0,0.006060606060606061,0.0,0.0030303030303030303,0.0,0.0,0.0,0.0030303030303030303,0.0,0.0
2852 APN C1ql4 Glut_1,0.0,0.0,0.0,0.0,0.0,0.0,0.9545454545454546,0.0,0.0,0.0,0.0,0.0,0.030303030303030304,0.0,0.0,0.0,0.003787878787878788,0.0,0.011363636363636364,0.0,0.0,0.0,0.0,0.0,0.0
2853 APN C1ql4 Glut_1,0.0,0.0,0.0,0.0,0.0,0.0,0.9694656488549618,0.0,0.0,0.0,0.0,0.0,0.030534351145038167,0.0,0.0,0.0,0.0,0.0,0.0,0.0,0.0,0.0,0.0,0.0,0.0
2854 APN C1ql4 Glut_1,0.0,0.0,0.0,0.0,0.0,0.0,0.8275862068965517,0.0,0.0,0.0,0.0,0.0,0.12931034482758622,0.0,0.0,0.0,0.017241379310344827,0.0,0.02586206896551724,0.0,0.0,0.0,0.0,0.0,0.0
2855 APN C1ql4 Glut_1,0.0,0.0,0.0,0.0,0.0,0.0,0.9722222222222222,0.0,0.0,0.0,0.0,0.0,0.027777777777777776,0.0,0.0,0.0,0.0,0.0,0.0,0.0,0.0,0.0,0.0,0.0,0.0
2856 APN C1ql4 Glut_1,0.0,0.0,0.0,0.0,0.0,0.0,0.9836065573770492,0.0,0.0,0.0,0.0,0.0,0.01639344262295082,0.0,0.0,0.0,0.0,0.0,0.0,0.0,0.0,0.0,0.0,0.0,0.0
2857 PAG-MRN Pou3f1 Glut_1,0.02857142857142857,0.0,0.0,0.0,0.0,0.0,0.9142857142857143,0.0,0.0,0.0,0.0,0.0,0.0,0.0,0.0,0.0,0.0,0.0,0.05714285714285714,0.0,0.0,0.0,0.0,0.0,0.0
2858 PAG-MRN Pou3f1 Glut_1,0.0,0.0,0.0,0.0,0.0,0.0,0.96,0.0,0.0,0.04,0.0,0.0,0.0,0.0,0.0,0.0,0.0,0.0,0.0,0.0,0.0,0.0,0.0,0.0,0.0
2859 PAG-MRN Pou3f1 Glut_1,0.0,0.0,0.0,0.0,0.0,0.0,0.9873417721518988,0.0,0.0,0.0,0.0,0.0,0.0,0.0,0.0,0.0,0.0,0.006329113924050633,0.006329113924050633,0.0,0.0,0.0,0.0,0.0,0.0
2860 PAG-MRN Pou3f1 Glut_1,0.007462686567164179,0.0,0.0,0.0,0.0,0.0,0.9402985074626866,0.0,0.0,0.03731343283582089,0.0,0.0,0.0,0.0,0.0,0.0,0.0,0.0,0.014925373134328358,0.0,0.0,0.0,0.0,0.0,0.0
2861 PAG-MRN Pou3f1 Glut_1,0.0,0.0,0.0,0.0,0.0,0.0,0.9880952380952381,0.0,0.0,0.0,0.0,0.0,0.0,0.0,0.0,0.0,0.0,0.0,0.011904761904761904,0.0,0.0,0.0,0.0,0.0,0.0
2862 PAG-MRN Pou3f1 Glut_1,0.0,0.0,0.0,0.0,0.0,0.0,1.0,0.0,0.0,0.0,0.0,0.0,0.0,0.0,0.0,0.0,0.0,0.0,0.0,0.0,0.0,0.0,0.0,0.0,0.0
2863 PAG-MRN Pou3f1 Glut_1,0.0,0.0,0.0,0.0,0.0,0.0,1.0,0.0,0.0,0.0,0.0,0.0,0.0,0.0,0.0,0.0,0.0,0.0,0.0,0.0,0.0,0.0,0.0,0.0,0.0
2864 PAG-MRN Pou3f1 Glut_1,0.0,0.0,0.0,0.0,0.0,0.0,1.0,0.0,0.0,0.0,0.0,0.0,0.0,0.0,0.0,0.0,0.0,0.0,0.0,0.0,0.0,0.0,0.0,0.0,0.0
2865 PAG-MRN Pou3f1 Glut_1,0.0,0.0,0.0,0.0,0.0,0.0,1.0,0.0,0.0,0.0,0.0,0.0,0.0,0.0,0.0,0.0,0.0,0.0,0.0,0.0,0.0,0.0,0.0,0.0,0.0
2866 PAG-MRN Pou3f1 Glut_1,0.0,0.0,0.0,0.0,0.0,0.0,1.0,0.0,0.0,0.0,0.0,0.0,0.0,0.0,0.0,0.0,0.0,0.0,0.0,0.0,0.0,0.0,0.0,0.0,0.0
2867 PAG-MRN Pou3f1 Glut_1,0.0,0.0,0.0,0.0,0.0,0.0,1.0,0.0,0.0,0.0,0.0,0.0,0.0,0.0,0.0,0.0,0.0,0.0,0.0,0.0,0.0,0.0,0.0,0.0,0.0
2868 PAG-MRN Pou3f1 Glut_2,0.0,0.0,0.0,0.0,0.0,0.0,1.0,0.0,0.0,0.0,0.0,0.0,0.0,0.0,0.0,0.0,0.0,0.0,0.0,0.0,0.0,0.0,0.0,0.0,0.0
2869 PAG-MRN Pou3f1 Glut_3,0.0,0.0,0.0,0.0,0.0,0.0,1.0,0.0,0.0,0.0,0.0,0.0,0.0,0.0,0.0,0.0,0.0,0.0,0.0,0.0,0.0,0.0,0.0,0.0,0.0
2870 PAG-MRN Pou3f1 Glut_4,0.0,0.0,0.0,0.0,0.0,0.0,1.0,0.0,0.0,0.0,0.0,0.0,0.0,0.0,0.0,0.0,0.0,0.0,0.0,0.0,0.0,0.0,0.0,0.0,0.0
2871 PAG-MRN Pou3f1 Glut_4,0.0,0.0,0.0,0.0,0.0,0.0,1.0,0.0,0.0,0.0,0.0,0.0,0.0,0.0,0.0,0.0,0.0,0.0,0.0,0.0,0.0,0.0,0.0,0.0,0.0
2872 PAG-MRN Pou3f1 Glut_4,0.0,0.0,0.0,0.0,0.0,0.0,1.0,0.0,0.0,0.0,0.0,0.0,0.0,0.0,0.0,0.0,0.0,0.0,0.0,0.0,0.0,0.0,0.0,0.0,0.0
2873 PAG-MRN Pou3f1 Glut_4,0.0,0.0,0.0,0.0,0.0,0.0,1.0,0.0,0.0,0.0,0.0,0.0,0.0,0.0,0.0,0.0,0.0,0.0,0.0,0.0,0.0,0.0,0.0,0.0,0.0
2874 PAG-MRN Pou3f1 Glut_5,0.0,0.0,0.0,0.0,0.0,0.0,1.0,0.0,0.0,0.0,0.0,0.0,0.0,0.0,0.0,0.0,0.0,0.0,0.0,0.0,0.0,0.0,0.0,0.0,0.0
2875 PAG-MRN Pou3f1 Glut_5,0.0,0.0,0.0,0.0,0.0,0.0,0.96875,0.0,0.0,0.0,0.0,0.0,0.0,0.0,0.0,0.0,0.0,0.0,0.03125,0.0,0.0,0.0,0.0,0.0,0.0
2876 PAG-MRN Pou3f1 Glut_5,0.0,0.0,0.0,0.0,0.0,0.0,0.9666666666666667,0.0,0.0,0.03333333333333333,0.0,0.0,0.0,0.0,0.0,0.0,0.0,0.0,0.0,0.0,0.0,0.0,0.0,0.0,0.0
2877 PAG-MRN Pou3f1 Glut_5,0.0,0.0,0.0,0.0,0.0,0.0,1.0,0.0,0.0,0.0,0.0,0.0,0.0,0.0,0.0,0.0,0.0,0.0,0.0,0.0,0.0,0.0,0.0,0.0,0.0
2878 PAG-MRN Pou3f1 Glut_5,0.0,0.0,0.0,0.0,0.0,0.0,1.0,0.0,0.0,0.0,0.0,0.0,0.0,0.0,0.0,0.0,0.0,0.0,0.0,0.0,0.0,0.0,0.0,0.0,0.0
2879 PAG-MRN Pou3f1 Glut_6,0.0,0.0,0.0,0.0,0.0,0.0,1.0,0.0,0.0,0.0,0.0,0.0,0.0,0.0,0.0,0.0,0.0,0.0,0.0,0.0,0.0,0.0,0.0,0.0,0.0
2880 PAG-MRN Pou3f1 Glut_6,0.0,0.0,0.0,0.0,0.0,0.0,1.0,0.0,0.0,0.0,0.0,0.0,0.0,0.0,0.0,0.0,0.0,0.0,0.0,0.0,0.0,0.0,0.0,0.0,0.0
2881 PAG-MRN Pou3f1 Glut_6,0.0,0.0,0.0,0.0,0.0,0.0,1.0,0.0,0.0,0.0,0.0,0.0,0.0,0.0,0.0,0.0,0.0,0.0,0.0,0.0,0.0,0.0,0.0,0.0,0.0
2882 PAG-MRN Pou3f1 Glut_6,0.0,0.0,0.0,0.0,0.0,0.0,1.0,0.0,0.0,0.0,0.0,0.0,0.0,0.0,0.0,0.0,0.0,0.0,0.0,0.0,0.0,0.0,0.0,0.0,0.0
2883 PAG-MRN Pou3f1 Glut_6,0.0,0.0,0.0,0.0,0.0,0.0,0.9629629629629629,0.0,0.0,0.0,0.0,0.0,0.0,0.0,0.0,0.0,0.0,0.0,0.037037037037037035,0.0,0.0,0.0,0.0,0.0,0.0
2884 MRN Pou3f1 C1ql4 Glut_1,0.0,0.03125,0.0,0.0,0.0625,0.0,0.90625,0.0,0.0,0.0,0.0,0.0,0.0,0.0,0.0,0.0,0.0,0.0,0.0,0.0,0.0,0.0,0.0,0.0,0.0
2885 MRN Pou3f1 C1ql4 Glut_1,0.0,0.0,0.0,0.0,0.0,0.0,0.6666666666666666,0.0,0.0,0.0,0.0,0.0,0.3333333333333333,0.0,0.0,0.0,0.0,0.0,0.0,0.0,0.0,0.0,0.0,0.0,0.0
2886 MRN Pou3f1 C1ql4 Glut_1,0.0,0.11538461538461539,0.0,0.0,0.07692307692307693,0.0,0.8076923076923077,0.0,0.0,0.0,0.0,0.0,0.0,0.0,0.0,0.0,0.0,0.0,0.0,0.0,0.0,0.0,0.0,0.0,0.0
2887 MRN Pou3f1 C1ql4 Glut_1,0.0,0.0,0.0,0.0,0.0,0.0,1.0,0.0,0.0,0.0,0.0,0.0,0.0,0.0,0.0,0.0,0.0,0.0,0.0,0.0,0.0,0.0,0.0,0.0,0.0
2888 MRN Pou3f1 C1ql4 Glut_1,0.0,0.0,0.0,0.0,0.0,0.0,0.9545454545454546,0.0,0.0,0.0,0.0,0.0,0.045454545454545456,0.0,0.0,0.0,0.0,0.0,0.0,0.0,0.0,0.0,0.0,0.0,0.0
2889 MRN Pou3f1 C1ql4 Glut_1,0.0,0.0,0.0,0.0,0.0,0.0,0.5757575757575758,0.0,0.0,0.0,0.0,0.0,0.3939393939393939,0.0,0.0,0.0,0.0,0.0,0.030303030303030304,0.0,0.0,0.0,0.0,0.0,0.0
2890 MRN Pou3f1 C1ql4 Glut_2,0.0,0.0,0.0,0.0,0.0,0.0,0.9583333333333334,0.0,0.0,0.0,0.0,0.0,0.041666666666666664,0.0,0.0,0.0,0.0,0.0,0.0,0.0,0.0,0.0,0.0,0.0,0.0
2891 MRN Pou3f1 C1ql4 Glut_2,0.0,0.0,0.0,0.0,0.0,0.0,0.7142857142857143,0.0,0.0,0.0,0.0,0.0,0.2857142857142857,0.0,0.0,0.0,0.0,0.0,0.0,0.0,0.0,0.0,0.0,0.0,0.0
2892 MRN Pou3f1 C1ql4 Glut_2,0.0,0.0,0.0,0.0,0.0,0.0,0.9841269841269841,0.0,0.0,0.0,0.0,0.0,0.0,0.0,0.0,0.0,0.0,0.0,0.015873015873015872,0.0,0.0,0.0,0.0,0.0,0.0
2893 MRN Pou3f1 C1ql4 Glut_2,0.0,0.0,0.0,0.0,0.0,0.0,0.8333333333333334,0.0,0.0,0.0,0.0,0.0,0.07142857142857142,0.0,0.0,0.0,0.0,0.0,0.07142857142857142,0.0,0.0,0.0,0.023809523809523808,0.0,0.0
2894 MRN Pou3f1 C1ql4 Glut_2,0.0,0.0,0.0,0.0,0.0,0.0,1.0,0.0,0.0,0.0,0.0,0.0,0.0,0.0,0.0,0.0,0.0,0.0,0.0,0.0,0.0,0.0,0.0,0.0,0.0
2895 MRN Pou3f1 C1ql4 Glut_3,0.0,0.0,0.0,0.0,0.0,0.0,1.0,0.0,0.0,0.0,0.0,0.0,0.0,0.0,0.0,0.0,0.0,0.0,0.0,0.0,0.0,0.0,0.0,0.0,0.0
2896 MRN Pou3f1 C1ql4 Glut_3,0.0,0.0,0.0,0.0,0.0,0.0,1.0,0.0,0.0,0.0,0.0,0.0,0.0,0.0,0.0,0.0,0.0,0.0,0.0,0.0,0.0,0.0,0.0,0.0,0.0
2897 PRC-PAG Tcf7l2 Irx2 Glut_1,0.0,0.0,0.0,0.0,0.0,0.0,1.0,0.0,0.0,0.0,0.0,0.0,0.0,0.0,0.0,0.0,0.0,0.0,0.0,0.0,0.0,0.0,0.0,0.0,0.0
2898 PRC-PAG Tcf7l2 Irx2 Glut_1,0.0,0.0,0.0,0.0,0.0,0.0,0.8421052631578947,0.0,0.0,0.0,0.0,0.0,0.05263157894736842,0.0,0.0,0.0,0.05263157894736842,0.0,0.05263157894736842,0.0,0.0,0.0,0.0,0.0,0.0
2899 PRC-PAG Tcf7l2 Irx2 Glut_1,0.0,0.0,0.0,0.0,0.0,0.0,0.875,0.0,0.0,0.0,0.0,0.0,0.1,0.025,0.0,0.0,0.0,0.0,0.0,0.0,0.0,0.0,0.0,0.0,0.0
2900 PRC-PAG Tcf7l2 Irx2 Glut_1,0.0,0.0,0.0,0.0,0.0,0.0,0.9807692307692307,0.0,0.0,0.0,0.0,0.0,0.009615384615384616,0.009615384615384616,0.0,0.0,0.0,0.0,0.0,0.0,0.0,0.0,0.0,0.0,0.0
2901 PRC-PAG Tcf7l2 Irx2 Glut_1,0.0,0.0,0.0,0.0,0.0,0.0,0.9263157894736842,0.0,0.0,0.0,0.0,0.0,0.042105263157894736,0.021052631578947368,0.0,0.0,0.0,0.0,0.010526315789473684,0.0,0.0,0.0,0.0,0.0,0.0
2902 PRC-PAG Tcf7l2 Irx2 Glut_1,0.0,0.0,0.0,0.0,0.0,0.0,0.782608695652174,0.0,0.0,0.0,0.0,0.0,0.17391304347826086,0.0,0.0,0.0,0.043478260869565216,0.0,0.0,0.0,0.0,0.0,0.0,0.0,0.0
2903 PRC-PAG Tcf7l2 Irx2 Glut_1,0.0,0.0,0.0,0.0,0.0,0.0,0.92,0.0,0.0,0.0,0.0,0.0,0.08,0.0,0.0,0.0,0.0,0.0,0.0,0.0,0.0,0.0,0.0,0.0,0.0
2904 PRC-PAG Tcf7l2 Irx2 Glut_1,0.0,0.0,0.0,0.0,0.0,0.0,0.6551724137931034,0.0,0.0,0.0,0.0,0.0,0.27586206896551724,0.0,0.0,0.0,0.0,0.0,0.034482758620689655,0.0,0.0,0.0,0.034482758620689655,0.0,0.0
2905 PRC-PAG Tcf7l2 Irx2 Glut_1,0.0,0.0,0.0,0.0,0.0,0.0,0.6666666666666666,0.0,0.0,0.0,0.0,0.0,0.2948717948717949,0.0,0.0,0.0,0.0,0.0,0.01282051282051282,0.0,0.0,0.0,0.02564102564102564,0.0,0.0
2906 PRC-PAG Tcf7l2 Irx2 Glut_1,0.0,0.0,0.0,0.0,0.0,0.0,0.9024390243902439,0.0,0.0,0.0,0.0,0.0,0.07317073170731707,0.024390243902439025,0.0,0.0,0.0,0.0,0.0,0.0,0.0,0.0,0.0,0.0,0.0
2907 PRC-PAG Tcf7l2 Irx2 Glut_1,0.0,0.0,0.0,0.0,0.0,0.0,0.8955223880597015,0.0,0.0,0.0,0.0,0.0,0.1044776119402985,0.0,0.0,0.0,0.0,0.0,0.0,0.0,0.0,0.0,0.0,0.0,0.0
2908 PRC-PAG Tcf7l2 Irx2 Glut_2,0.0,0.0,0.0,0.0,0.0,0.0,0.9607843137254902,0.0,0.0,0.0,0.0,0.0,0.0,0.0,0.0,0.0,0.0,0.0,0.0392156862745098,0.0,0.0,0.0,0.0,0.0,0.0
2909 PRC-PAG Tcf7l2 Irx2 Glut_2,0.047619047619047616,0.0,0.0,0.0,0.047619047619047616,0.0,0.7142857142857143,0.0,0.0,0.0,0.0,0.0,0.0,0.0,0.0,0.0,0.047619047619047616,0.0,0.14285714285714285,0.0,0.0,0.0,0.0,0.0,0.0
2910 PRC-PAG Tcf7l2 Irx2 Glut_2,0.05,0.0,0.0,0.0,0.05,0.0,0.9,0.0,0.0,0.0,0.0,0.0,0.0,0.0,0.0,0.0,0.0,0.0,0.0,0.0,0.0,0.0,0.0,0.0,0.0
2911 PRC-PAG Tcf7l2 Irx2 Glut_2,0.0,0.0,0.0,0.0,0.017543859649122806,0.0,0.8596491228070176,0.0,0.0,0.0,0.0,0.0,0.0,0.0,0.0,0.0,0.0,0.0,0.12280701754385964,0.0,0.0,0.0,0.0,0.0,0.0
2912 PRC-PAG Tcf7l2 Irx2 Glut_2,0.0,0.0,0.0,0.011904761904761904,0.0,0.0,0.5952380952380952,0.0,0.0,0.0,0.0,0.0,0.2619047619047619,0.023809523809523808,0.0,0.0,0.011904761904761904,0.0,0.011904761904761904,0.0,0.0,0.0,0.08333333333333333,0.0,0.0
2913 PRC-PAG Tcf7l2 Irx2 Glut_2,0.0,0.0,0.0,0.0,0.0,0.0,0.7368421052631579,0.0,0.0,0.0,0.0,0.0,0.21052631578947367,0.0,0.0,0.0,0.0,0.0,0.05263157894736842,0.0,0.0,0.0,0.0,0.0,0.0
2914 PRC-PAG Tcf7l2 Irx2 Glut_2,0.0,0.0,0.0,0.0,0.6231884057971014,0.0,0.14492753623188406,0.0,0.0,0.0,0.0,0.0,0.18840579710144928,0.0,0.0,0.0,0.014492753623188406,0.0,0.0,0.0,0.0,0.0,0.028985507246376812,0.0,0.0
2915 PRC-PAG Tcf7l2 Irx2 Glut_2,0.0,0.0,0.0,0.0,0.0,0.0,0.88,0.0,0.0,0.0,0.0,0.0,0.0,0.0,0.0,0.0,0.0,0.0,0.12,0.0,0.0,0.0,0.0,0.0,0.0
2916 PRC-PAG Tcf7l2 Irx2 Glut_3,0.0,0.0,0.0,0.0,0.0,0.0,1.0,0.0,0.0,0.0,0.0,0.0,0.0,0.0,0.0,0.0,0.0,0.0,0.0,0.0,0.0,0.0,0.0,0.0,0.0
2917 PRC-PAG Tcf7l2 Irx2 Glut_3,0.0,0.0,0.0,0.0,0.0,0.0,0.95,0.0,0.0,0.0,0.0,0.0,0.0,0.0,0.0,0.0,0.0,0.0,0.05,0.0,0.0,0.0,0.0,0.0,0.0
2918 PRC-PAG Tcf7l2 Irx2 Glut_3,0.0,0.0,0.0,0.0,0.0,0.0,0.6666666666666666,0.0,0.0,0.0,0.0,0.0,0.0,0.0,0.0,0.0,0.0,0.0,0.3333333333333333,0.0,0.0,0.0,0.0,0.0,0.0
2919 PRC-PAG Tcf7l2 Irx2 Glut_3,0.0,0.0,0.0,0.0,0.0,0.0,0.9318181818181818,0.0,0.0,0.0,0.0,0.0,0.0,0.0,0.0,0.0,0.0,0.0,0.06818181818181818,0.0,0.0,0.0,0.0,0.0,0.0
2920 PRC-PAG Tcf7l2 Irx2 Glut_4,0.0,0.0,0.0,0.0,0.0,0.0,1.0,0.0,0.0,0.0,0.0,0.0,0.0,0.0,0.0,0.0,0.0,0.0,0.0,0.0,0.0,0.0,0.0,0.0,0.0
2921 PRC-PAG Tcf7l2 Irx2 Glut_5,0.0,0.0,0.0,0.0,0.0,0.0,0.5327868852459017,0.0,0.0,0.0,0.0,0.0,0.4098360655737705,0.0,0.0,0.0,0.05737704918032787,0.0,0.0,0.0,0.0,0.0,0.0,0.0,0.0
2922 PRC-PAG Tcf7l2 Irx2 Glut_5,0.0,0.0,0.0,0.0,0.0,0.0,0.8425925925925926,0.0,0.0,0.0,0.0,0.0,0.14814814814814814,0.0,0.0,0.0,0.009259259259259259,0.0,0.0,0.0,0.0,0.0,0.0,0.0,0.0
2923 PRC-PAG Tcf7l2 Irx2 Glut_5,0.0,0.0,0.0,0.0,0.0,0.0,0.8288288288288288,0.0,0.0,0.0,0.0,0.0,0.15315315315315314,0.0,0.0,0.0,0.009009009009009009,0.0,0.009009009009009009,0.0,0.0,0.0,0.0,0.0,0.0
2924 PRC-PAG Tcf7l2 Irx2 Glut_5,0.0,0.0,0.0,0.0,0.0,0.0,0.8829787234042553,0.0,0.0,0.0,0.0,0.0,0.11702127659574468,0.0,0.0,0.0,0.0,0.0,0.0,0.0,0.0,0.0,0.0,0.0,0.0
2925 SPA-SPFm-SPFp-POL-PIL-PoT Sp9 Glut_1,0.0,0.0,0.0,0.0,0.0,0.0,1.0,0.0,0.0,0.0,0.0,0.0,0.0,0.0,0.0,0.0,0.0,0.0,0.0,0.0,0.0,0.0,0.0,0.0,0.0
2926 SPA-SPFm-SPFp-POL-PIL-PoT Sp9 Glut_1,0.0,0.0,0.0,0.0,0.0,0.0,0.6785714285714286,0.0,0.0,0.0,0.0,0.0,0.23214285714285715,0.0,0.0,0.0,0.0,0.0,0.017857142857142856,0.0,0.0,0.0,0.07142857142857142,0.0,0.0
2927 SPA-SPFm-SPFp-POL-PIL-PoT Sp9 Glut_1,0.0,0.0,0.0,0.0,0.0,0.0,0.7428571428571429,0.0,0.0,0.0,0.0,0.0,0.22857142857142856,0.0,0.0,0.0,0.0,0.0,0.02857142857142857,0.0,0.0,0.0,0.0,0.0,0.0
2928 SPA-SPFm-SPFp-POL-PIL-PoT Sp9 Glut_1,0.0,0.02702702702702703,0.0,0.0,0.013513513513513514,0.0,0.8783783783783784,0.0,0.0,0.0,0.0,0.0,0.05405405405405406,0.0,0.0,0.0,0.0,0.0,0.02702702702702703,0.0,0.0,0.0,0.0,0.0,0.0
2929 SPA-SPFm-SPFp-POL-PIL-PoT Sp9 Glut_1,0.0,0.0,0.0,0.0,0.0,0.0,0.96,0.0,0.0,0.0,0.0,0.0,0.0,0.0,0.0,0.0,0.0,0.0,0.04,0.0,0.0,0.0,0.0,0.0,0.0
2930 SPA-SPFm-SPFp-POL-PIL-PoT Sp9 Glut_1,0.0,0.0,0.0,0.0,0.0,0.0,1.0,0.0,0.0,0.0,0.0,0.0,0.0,0.0,0.0,0.0,0.0,0.0,0.0,0.0,0.0,0.0,0.0,0.0,0.0
2931 SPA-SPFm-SPFp-POL-PIL-PoT Sp9 Glut_1,0.0,0.0,0.0,0.025,0.0,0.0,0.2,0.0,0.0,0.0,0.0,0.0,0.7,0.0,0.0,0.0,0.0,0.0,0.0,0.0,0.0,0.0,0.075,0.0,0.0
2932 SPA-SPFm-SPFp-POL-PIL-PoT Sp9 Glut_1,0.0,0.0,0.0,0.0,0.0,0.0,0.4166666666666667,0.0,0.0,0.0,0.0,0.0,0.25,0.0,0.0,0.0,0.0,0.0,0.3333333333333333,0.0,0.0,0.0,0.0,0.0,0.0
2933 SPA-SPFm-SPFp-POL-PIL-PoT Sp9 Glut_1,0.0,0.0,0.0,0.0,0.0,0.0,0.5833333333333334,0.0,0.0,0.0,0.0,0.0,0.3333333333333333,0.0,0.0,0.0,0.0,0.0,0.027777777777777776,0.0,0.0,0.0,0.05555555555555555,0.0,0.0
2934 SPA-SPFm-SPFp-POL-PIL-PoT Sp9 Glut_1,0.0,0.0,0.0,0.0,0.0,0.0,0.4489795918367347,0.0,0.0,0.0,0.0,0.0,0.5510204081632653,0.0,0.0,0.0,0.0,0.0,0.0,0.0,0.0,0.0,0.0,0.0,0.0
2935 SPA-SPFm-SPFp-POL-PIL-PoT Sp9 Glut_1,0.0,0.0,0.0,0.02564102564102564,0.0,0.0,0.6153846153846154,0.0,0.0,0.0,0.0,0.0,0.21794871794871795,0.0,0.0,0.0,0.038461538461538464,0.0,0.10256410256410256,0.0,0.0,0.0,0.0,0.0,0.0
2936 SPA-SPFm-SPFp-POL-PIL-PoT Sp9 Glut_1,0.0,0.0,0.0,0.0,0.0625,0.0,0.3333333333333333,0.0,0.0,0.0,0.0,0.0,0.4791666666666667,0.0,0.0,0.0,0.041666666666666664,0.0,0.041666666666666664,0.0,0.041666666666666664,0.0,0.0,0.0,0.0
2937 SPA-SPFm-SPFp-POL-PIL-PoT Sp9 Glut_1,0.0,0.0,0.0,0.0,0.0,0.0,0.9,0.0,0.0,0.0,0.0,0.0,0.08571428571428572,0.0,0.0,0.0,0.0,0.0,0.014285714285714285,0.0,0.0,0.0,0.0,0.0,0.0
2938 SPA-SPFm-SPFp-POL-PIL-PoT Sp9 Glut_2,0.0,0.0,0.0,0.0,0.0,0.0,1.0,0.0,0.0,0.0,0.0,0.0,0.0,0.0,0.0,0.0,0.0,0.0,0.0,0.0,0.0,0.0,0.0,0.0,0.0
2939 SPA-SPFm-SPFp-POL-PIL-PoT Sp9 Glut_2,0.0,0.0,0.0,0.0,0.0,0.0,1.0,0.0,0.0,0.0,0.0,0.0,0.0,0.0,0.0,0.0,0.0,0.0,0.0,0.0,0.0,0.0,0.0,0.0,0.0
2940 SPA-SPFm-SPFp-POL-PIL-PoT Sp9 Glut_2,0.0,0.0,0.0,0.0,0.0,0.0,1.0,0.0,0.0,0.0,0.0,0.0,0.0,0.0,0.0,0.0,0.0,0.0,0.0,0.0,0.0,0.0,0.0,0.0,0.0
2941 SPA-SPFm-SPFp-POL-PIL-PoT Sp9 Glut_2,0.0,0.0,0.0,0.0,0.02702702702702703,0.0,0.6486486486486487,0.0,0.0,0.0,0.0,0.0,0.24324324324324326,0.0,0.0,0.0,0.0,0.0,0.02702702702702703,0.0,0.0,0.0,0.05405405405405406,0.0,0.0
2942 SPA-SPFm-SPFp-POL-PIL-PoT Sp9 Glut_2,0.0,0.0,0.0,0.0,0.03508771929824561,0.0,0.49122807017543857,0.0,0.0,0.0,0.0,0.0,0.43859649122807015,0.0,0.0,0.0,0.008771929824561403,0.0,0.02631578947368421,0.0,0.0,0.0,0.0,0.0,0.0
2943 SPA-SPFm-SPFp-POL-PIL-PoT Sp9 Glut_2,0.0,0.0,0.0,0.0,0.17647058823529413,0.0,0.5294117647058824,0.0,0.0,0.0,0.0,0.0,0.23529411764705882,0.0,0.0,0.0,0.0,0.0,0.058823529411764705,0.0,0.0,0.0,0.0,0.0,0.0
2944 SPA-SPFm-SPFp-POL-PIL-PoT Sp9 Glut_2,0.0,0.0,0.0,0.0,0.0,0.0,0.84,0.0,0.0,0.0,0.0,0.0,0.0,0.0,0.0,0.0,0.0,0.0,0.16,0.0,0.0,0.0,0.0,0.0,0.0
2945 SPA-SPFm-SPFp-POL-PIL-PoT Sp9 Glut_2,0.0,0.0,0.0,0.0,0.0,0.0,0.5641025641025641,0.0,0.0,0.0,0.0,0.0,0.3333333333333333,0.0,0.0,0.0,0.0,0.0,0.02564102564102564,0.0,0.0,0.0,0.07692307692307693,0.0,0.0
2946 SPA-SPFm-SPFp-POL-PIL-PoT Sp9 Glut_3,0.0,0.0,0.0,0.0,0.125,0.0,0.375,0.0,0.0,0.0,0.0,0.0,0.4107142857142857,0.07142857142857142,0.0,0.0,0.0,0.0,0.0,0.0,0.0,0.0,0.017857142857142856,0.0,0.0
2947 SPA-SPFm-SPFp-POL-PIL-PoT Sp9 Glut_3,0.0,0.0,0.0,0.0,0.047619047619047616,0.0,0.31746031746031744,0.0,0.0,0.0,0.0,0.0,0.5873015873015873,0.0,0.0,0.0,0.0,0.0,0.0,0.0,0.0,0.0,0.047619047619047616,0.0,0.0
2948 SPA-SPFm-SPFp-POL-PIL-PoT Sp9 Glut_3,0.0,0.0,0.0,0.0,0.15151515151515152,0.0,0.36363636363636365,0.0,0.0,0.0,0.0,0.0,0.45454545454545453,0.030303030303030304,0.0,0.0,0.0,0.0,0.0,0.0,0.0,0.0,0.0,0.0,0.0
2949 SPA-SPFm-SPFp-POL-PIL-PoT Sp9 Glut_3,0.0,0.0,0.0,0.0,0.0821917808219178,0.0,0.1095890410958904,0.0,0.0,0.0,0.0,0.0,0.7808219178082192,0.0136986301369863,0.0,0.0,0.0136986301369863,0.0,0.0,0.0,0.0,0.0,0.0,0.0,0.0
2950 SPA-SPFm-SPFp-POL-PIL-PoT Sp9 Glut_3,0.0,0.0,0.0,0.0,0.21951219512195122,0.0,0.14634146341463414,0.0,0.0,0.0,0.0,0.0,0.5609756097560976,0.07317073170731707,0.0,0.0,0.0,0.0,0.0,0.0,0.0,0.0,0.0,0.0,0.0
2951 SPA-SPFm-SPFp-POL-PIL-PoT Sp9 Glut_3,0.0,0.0,0.0,0.0,0.25,0.0,0.25,0.0,0.0,0.0,0.0,0.0,0.5,0.0,0.0,0.0,0.0,0.0,0.0,0.0,0.0,0.0,0.0,0.0,0.0
2952 SPA-SPFm-SPFp-POL-PIL-PoT Sp9 Glut_3,0.0,0.0,0.0,0.0,0.2702702702702703,0.0,0.5675675675675675,0.0,0.0,0.0,0.0,0.0,0.13513513513513514,0.0,0.0,0.0,0.02702702702702703,0.0,0.0,0.0,0.0,0.0,0.0,0.0,0.0
2953 SPA-SPFm-SPFp-POL-PIL-PoT Sp9 Glut_3,0.0,0.0,0.0,0.0,0.16071428571428573,0.0,0.21428571428571427,0.0,0.0,0.0,0.0,0.0,0.625,0.0,0.0,0.0,0.0,0.0,0.0,0.0,0.0,0.0,0.0,0.0,0.0
2954 SPA-SPFm-SPFp-POL-PIL-PoT Sp9 Glut_3,0.0,0.0,0.0,0.0,0.3114754098360656,0.0,0.09836065573770492,0.0,0.0,0.0,0.0,0.0,0.5573770491803278,0.03278688524590164,0.0,0.0,0.0,0.0,0.0,0.0,0.0,0.0,0.0,0.0,0.0
2955 SPA-SPFm-SPFp-POL-PIL-PoT Sp9 Glut_3,0.0,0.0,0.0,0.0,0.18072289156626506,0.0,0.006024096385542169,0.0,0.0,0.0,0.06626506024096386,0.0,0.4036144578313253,0.03614457831325301,0.0,0.0,0.012048192771084338,0.0,0.0,0.0,0.05421686746987952,0.0,0.24096385542168675,0.0,0.0
2956 SPA-SPFm-SPFp-POL-PIL-PoT Sp9 Glut_4,0.0,0.0,0.0,0.0,0.0625,0.0,0.125,0.0,0.0,0.0,0.0,0.0,0.6875,0.0,0.0,0.0,0.0,0.0,0.0625,0.0,0.0,0.0,0.0625,0.0,0.0
2957 SPA-SPFm-SPFp-POL-PIL-PoT Sp9 Glut_4,0.0,0.0,0.0,0.0,0.06521739130434782,0.0,0.3695652173913043,0.0,0.0,0.0,0.0,0.0,0.44565217391304346,0.0,0.0,0.0,0.0,0.0,0.09782608695652174,0.0,0.0,0.021739130434782608,0.0,0.0,0.0
2958 SPA-SPFm-SPFp-POL-PIL-PoT Sp9 Glut_4,0.0,0.0,0.0,0.0,0.004784688995215311,0.0,0.6698564593301436,0.0,0.0,0.0,0.0,0.0,0.28708133971291866,0.0,0.0,0.0,0.019138755980861243,0.0,0.019138755980861243,0.0,0.0,0.0,0.0,0.0,0.0
2959 SPA-SPFm-SPFp-POL-PIL-PoT Sp9 Glut_4,0.0,0.0,0.0,0.0,0.021739130434782608,0.0,0.2608695652173913,0.0,0.0,0.0,0.0,0.0,0.6956521739130435,0.0,0.0,0.0,0.0,0.0,0.021739130434782608,0.0,0.0,0.0,0.0,0.0,0.0
2960 SPA-SPFm-SPFp-POL-PIL-PoT Sp9 Glut_4,0.0,0.0,0.0,0.0,0.012987012987012988,0.0,0.5064935064935064,0.0,0.0,0.0,0.0,0.0,0.44155844155844154,0.0,0.0,0.0,0.012987012987012988,0.0,0.025974025974025976,0.0,0.0,0.0,0.0,0.0,0.0
2961 SPA-SPFm-SPFp-POL-PIL-PoT Sp9 Glut_4,0.0,0.0,0.0,0.0,0.0,0.0,0.84375,0.0,0.0,0.0,0.0,0.0,0.078125,0.0,0.0,0.0,0.015625,0.0,0.0625,0.0,0.0,0.0,0.0,0.0,0.0
2962 SPA-SPFm-SPFp-POL-PIL-PoT Sp9 Glut_4,0.0,0.0,0.0,0.0,0.044444444444444446,0.0,0.5333333333333333,0.0,0.0,0.0,0.0,0.0,0.3333333333333333,0.0,0.0,0.0,0.0,0.0,0.06666666666666667,0.0,0.0,0.022222222222222223,0.0,0.0,0.0
2963 SPA-SPFm-SPFp-POL-PIL-PoT Sp9 Glut_4,0.0,0.0,0.0,0.0,0.022556390977443608,0.0,0.2556390977443609,0.0,0.0,0.0,0.0,0.0,0.6616541353383458,0.0,0.0,0.0,0.03759398496240601,0.0,0.007518796992481203,0.0,0.0,0.015037593984962405,0.0,0.0,0.0
2964 SPA-SPFm-SPFp-POL-PIL-PoT Sp9 Glut_4,0.0,0.0,0.0,0.0,0.021739130434782608,0.0,0.13043478260869565,0.0,0.0,0.0,0.0,0.0,0.6956521739130435,0.0,0.0,0.0,0.0,0.0,0.08695652173913043,0.0,0.0,0.043478260869565216,0.021739130434782608,0.0,0.0
2965 SPA-SPFm-SPFp-POL-PIL-PoT Sp9 Glut_5,0.0,0.0,0.0,0.0,0.0,0.0,0.2328767123287671,0.0,0.0,0.0,0.0,0.0,0.684931506849315,0.0,0.0,0.0,0.0,0.0,0.0,0.0,0.0,0.0,0.0821917808219178,0.0,0.0
2966 SPA-SPFm-SPFp-POL-PIL-PoT Sp9 Glut_5,0.0,0.0,0.0,0.0,0.052083333333333336,0.0,0.16666666666666666,0.0,0.0,0.0,0.0,0.0,0.7604166666666666,0.0,0.0,0.0,0.0,0.0,0.0,0.0,0.0,0.0,0.020833333333333332,0.0,0.0
2967 SPA-SPFm-SPFp-POL-PIL-PoT Sp9 Glut_5,0.0,0.0,0.0,0.0,0.0375,0.0,0.2,0.0,0.0,0.0,0.0,0.0,0.6875,0.0,0.0,0.0,0.0,0.0,0.075,0.0,0.0,0.0,0.0,0.0,0.0
2968 SPA-SPFm-SPFp-POL-PIL-PoT Sp9 Glut_5,0.0,0.0,0.0,0.0,0.05,0.0,0.3,0.0,0.0,0.0,0.0,0.0,0.55,0.0,0.0,0.0,0.0,0.0,0.05,0.0,0.0,0.0,0.05,0.0,0.0
2969 SPA-SPFm-SPFp-POL-PIL-PoT Sp9 Glut_5,0.0,0.0,0.0,0.0,0.06666666666666667,0.0,0.0,0.0,0.0,0.0,0.0,0.0,0.9333333333333333,0.0,0.0,0.0,0.0,0.0,0.0,0.0,0.0,0.0,0.0,0.0,0.0
2970 SPA-SPFm-SPFp-POL-PIL-PoT Sp9 Glut_5,0.0,0.0,0.0,0.0,0.0,0.0,0.0625,0.0,0.0,0.0,0.0,0.0,0.9375,0.0,0.0,0.0,0.0,0.0,0.0,0.0,0.0,0.0,0.0,0.0,0.0
2971 SPA-SPFm-SPFp-POL-PIL-PoT Sp9 Glut_5,0.0,0.0,0.0,0.0,0.17391304347826086,0.0,0.4782608695652174,0.0,0.0,0.0,0.0,0.0,0.34782608695652173,0.0,0.0,0.0,0.0,0.0,0.0,0.0,0.0,0.0,0.0,0.0,0.0
2972 SPA-SPFm-SPFp-POL-PIL-PoT Sp9 Glut_5,0.0,0.0,0.0,0.0,0.5616438356164384,0.0,0.1643835616438356,0.0,0.0,0.0,0.0,0.0,0.273972602739726,0.0,0.0,0.0,0.0,0.0,0.0,0.0,0.0,0.0,0.0,0.0,0.0
2973 SPA-SPFm-SPFp-POL-PIL-PoT Sp9 Glut_5,0.0,0.0,0.0,0.0,0.06666666666666667,0.0,0.1111111111111111,0.0,0.0,0.0,0.0,0.0,0.7555555555555555,0.0,0.0,0.0,0.022222222222222223,0.0,0.022222222222222223,0.0,0.0,0.0,0.022222222222222223,0.0,0.0
2974 SPA-SPFm-SPFp-POL-PIL-PoT Sp9 Glut_6,0.0,0.0,0.0,0.0,0.17142857142857143,0.0,0.22857142857142856,0.0,0.0,0.0,0.0,0.0,0.5714285714285714,0.0,0.0,0.0,0.02857142857142857,0.0,0.0,0.0,0.0,0.0,0.0,0.0,0.0
2975 SPA-SPFm-SPFp-POL-PIL-PoT Sp9 Glut_6,0.0,0.0,0.0,0.0,0.13043478260869565,0.0,0.21739130434782608,0.0,0.0,0.0,0.0,0.0,0.6086956521739131,0.0,0.0,0.0,0.0,0.0,0.021739130434782608,0.0,0.0,0.0,0.021739130434782608,0.0,0.0
2976 SPA-SPFm-SPFp-POL-PIL-PoT Sp9 Glut_6,0.0,0.0,0.0,0.0,0.09803921568627451,0.0,0.058823529411764705,0.0,0.0,0.0,0.0,0.0,0.7647058823529411,0.0,0.0,0.0,0.0196078431372549,0.0,0.0392156862745098,0.0,0.0,0.0,0.0196078431372549,0.0,0.0
2977 SPA-SPFm-SPFp-POL-PIL-PoT Sp9 Glut_6,0.0,0.0,0.0,0.0,0.2916666666666667,0.0,0.25,0.0,0.0,0.0,0.0,0.0,0.4583333333333333,0.0,0.0,0.0,0.0,0.0,0.0,0.0,0.0,0.0,0.0,0.0,0.0
2978 SPA-SPFm-SPFp-POL-PIL-PoT Sp9 Glut_6,0.0,0.0,0.0,0.0,0.029411764705882353,0.0,0.35294117647058826,0.0,0.0,0.0,0.0,0.0,0.5,0.0,0.0,0.0,0.0,0.0,0.0,0.0,0.0,0.0,0.11764705882352941,0.0,0.0
2979 SPA-SPFm-SPFp-POL-PIL-PoT Sp9 Glut_6,0.0,0.0,0.0,0.0,0.32608695652173914,0.0,0.21739130434782608,0.0,0.0,0.0,0.0,0.0,0.43478260869565216,0.0,0.0,0.0,0.021739130434782608,0.0,0.0,0.0,0.0,0.0,0.0,0.0,0.0
2980 SPA-SPFm-SPFp-POL-PIL-PoT Sp9 Glut_6,0.0,0.0,0.0,0.0,0.2916666666666667,0.0,0.25,0.0,0.0,0.0,0.041666666666666664,0.0,0.20833333333333334,0.08333333333333333,0.0,0.0,0.0,0.0,0.0,0.0,0.041666666666666664,0.0,0.08333333333333333,0.0,0.0
2981 SPA-SPFm-SPFp-POL-PIL-PoT Sp9 Glut_6,0.0,0.0,0.0,0.0,0.14285714285714285,0.0,0.2571428571428571,0.0,0.0,0.0,0.0,0.0,0.5142857142857142,0.0,0.0,0.0,0.0,0.0,0.0,0.0,0.0,0.0,0.08571428571428572,0.0,0.0
2982 SPA-SPFm-SPFp-POL-PIL-PoT Sp9 Glut_6,0.0,0.0,0.0,0.0,0.19047619047619047,0.0,0.42857142857142855,0.0,0.0,0.0,0.0,0.0,0.3333333333333333,0.047619047619047616,0.0,0.0,0.0,0.0,0.0,0.0,0.0,0.0,0.0,0.0,0.0
2983 SPA-SPFm-SPFp-POL-PIL-PoT Sp9 Glut_7,0.0,0.0,0.0,0.0,0.06707317073170732,0.0,0.2621951219512195,0.0,0.0,0.0,0.0,0.0,0.5670731707317073,0.0,0.0,0.0,0.0,0.0,0.10365853658536585,0.0,0.0,0.0,0.0,0.0,0.0
2984 SPA-SPFm-SPFp-POL-PIL-PoT Sp9 Glut_7,0.0,0.0,0.0,0.0,0.0,0.0,0.40384615384615385,0.0,0.0,0.0,0.009615384615384616,0.0,0.5576923076923077,0.0,0.0,0.0,0.0,0.0,0.028846153846153848,0.0,0.0,0.0,0.0,0.0,0.0
2985 SPA-SPFm-SPFp-POL-PIL-PoT Sp9 Glut_7,0.0,0.0,0.0,0.0,0.02857142857142857,0.0,0.2,0.0,0.0,0.0,0.0,0.0,0.7,0.0,0.0,0.0,0.0,0.0,0.07142857142857142,0.0,0.0,0.0,0.0,0.0,0.0
2986 SPA-SPFm-SPFp-POL-PIL-PoT Sp9 Glut_7,0.0,0.0,0.0,0.0,0.024193548387096774,0.0,0.41935483870967744,0.0,0.0,0.0,0.0,0.0,0.5161290322580645,0.0,0.0,0.0,0.0,0.0,0.03225806451612903,0.0,0.0,0.0,0.008064516129032258,0.0,0.0
2987 SPA-SPFm-SPFp-POL-PIL-PoT Sp9 Glut_7,0.0,0.0,0.0,0.0,0.04666666666666667,0.0,0.42,0.0,0.0,0.0,0.0,0.0,0.4866666666666667,0.0,0.0,0.0,0.0,0.0,0.03333333333333333,0.0,0.0,0.013333333333333334,0.0,0.0,0.0
2988 SPA-SPFm-SPFp-POL-PIL-PoT Sp9 Glut_8,0.0,0.0,0.0,0.013888888888888888,0.11805555555555555,0.0,0.4652777777777778,0.0,0.0,0.0,0.0,0.0,0.3541666666666667,0.0,0.0,0.0,0.034722222222222224,0.0,0.006944444444444444,0.0,0.0,0.006944444444444444,0.0,0.0,0.0
2989 SPA-SPFm-SPFp-POL-PIL-PoT Sp9 Glut_8,0.0,0.0,0.0,0.05555555555555555,0.027777777777777776,0.0,0.3055555555555556,0.0,0.0,0.0,0.0,0.0,0.3194444444444444,0.0,0.0,0.0,0.06944444444444445,0.0,0.08333333333333333,0.0,0.05555555555555555,0.08333333333333333,0.0,0.0,0.0
2990 SPA-SPFm-SPFp-POL-PIL-PoT Sp9 Glut_8,0.0,0.0,0.0,0.0,0.08695652173913043,0.0,0.34782608695652173,0.0,0.0,0.0,0.0,0.0,0.5217391304347826,0.0,0.0,0.0,0.0,0.0,0.043478260869565216,0.0,0.0,0.0,0.0,0.0,0.0
2991 SPA-SPFm-SPFp-POL-PIL-PoT Sp9 Glut_8,0.0,0.0053475935828877,0.0,0.0053475935828877,0.016042780748663103,0.0,0.6631016042780749,0.0,0.0,0.0,0.0,0.0,0.25133689839572193,0.0,0.0,0.0,0.0053475935828877,0.0,0.053475935828877004,0.0,0.0,0.0,0.0,0.0,0.0
2992 SPA-SPFm-SPFp-POL-PIL-PoT Sp9 Glut_8,0.0,0.0,0.0,0.0,0.20481927710843373,0.0,0.37349397590361444,0.0,0.0,0.0,0.0,0.0,0.40963855421686746,0.0,0.0,0.0,0.012048192771084338,0.0,0.0,0.0,0.0,0.0,0.0,0.0,0.0
2993 SPA-SPFm-SPFp-POL-PIL-PoT Sp9 Glut_8,0.0,0.0,0.0,0.0,0.1276595744680851,0.0,0.48936170212765956,0.0,0.0,0.0,0.0,0.0,0.3617021276595745,0.0,0.0,0.0,0.0,0.0,0.0,0.0,0.0,0.02127659574468085,0.0,0.0,0.0
2994 SPA-SPFm-SPFp-POL-PIL-PoT Sp9 Glut_8,0.0,0.0,0.0,0.0,0.02666666666666667,0.0,0.6666666666666666,0.013333333333333334,0.0,0.0,0.0,0.0,0.28,0.0,0.0,0.0,0.0,0.0,0.013333333333333334,0.0,0.0,0.0,0.0,0.0,0.0
2995 SPA-SPFm-SPFp-POL-PIL-PoT Sp9 Glut_9,0.0,0.0,0.0,0.0,0.7058823529411765,0.0,0.0,0.0,0.0,0.0,0.0,0.0,0.2647058823529412,0.0,0.0,0.0,0.0,0.0,0.029411764705882353,0.0,0.0,0.0,0.0,0.0,0.0
2996 SPA-SPFm-SPFp-POL-PIL-PoT Sp9 Glut_9,0.0,0.0,0.0,0.0,0.7857142857142857,0.0,0.0,0.0,0.0,0.0,0.0,0.0,0.21428571428571427,0.0,0.0,0.0,0.0,0.0,0.0,0.0,0.0,0.0,0.0,0.0,0.0
2997 SPA-SPFm-SPFp-POL-PIL-PoT Sp9 Glut_9,0.0,0.0,0.0,0.0,0.9230769230769231,0.0,0.07692307692307693,0.0,0.0,0.0,0.0,0.0,0.0,0.0,0.0,0.0,0.0,0.0,0.0,0.0,0.0,0.0,0.0,0.0,0.0
2998 SPA-SPFm-SPFp-POL-PIL-PoT Sp9 Glut_9,0.0,0.0,0.0,0.0,0.8,0.0,0.0,0.0,0.0,0.0,0.0,0.0,0.16,0.0,0.0,0.0,0.0,0.0,0.0,0.0,0.04,0.0,0.0,0.0,0.0
2999 SPA-SPFm-SPFp-POL-PIL-PoT Sp9 Glut_9,0.0,0.0,0.0,0.0,0.9444444444444444,0.0,0.0,0.0,0.0,0.0,0.0,0.0,0.05555555555555555,0.0,0.0,0.0,0.0,0.0,0.0,0.0,0.0,0.0,0.0,0.0,0.0
3000 SPA-SPFm-SPFp-POL-PIL-PoT Sp9 Glut_10,0.0,0.0,0.0,0.0,0.06976744186046512,0.0,0.7093023255813954,0.0,0.0,0.0,0.0,0.0,0.16279069767441862,0.0,0.0,0.0,0.0,0.0,0.0,0.0,0.0,0.0,0.05813953488372093,0.0,0.0
3001 SPA-SPFm-SPFp-POL-PIL-PoT Sp9 Glut_10,0.0,0.0,0.0,0.0,0.04081632653061224,0.0,0.6122448979591837,0.0,0.0,0.0,0.0,0.0,0.3469387755102041,0.0,0.0,0.0,0.0,0.0,0.0,0.0,0.0,0.0,0.0,0.0,0.0
3002 SPA-SPFm-SPFp-POL-PIL-PoT Sp9 Glut_11,0.0,0.0,0.0,0.0,0.0,0.0,0.65,0.0,0.0,0.0,0.0,0.0,0.15,0.05,0.0,0.0,0.15,0.0,0.0,0.0,0.0,0.0,0.0,0.0,0.0
3003 SPA-SPFm-SPFp-POL-PIL-PoT Sp9 Glut_11,0.0,0.0,0.0,0.0,0.0,0.0,0.2222222222222222,0.0,0.0,0.0,0.0,0.0,0.4444444444444444,0.2222222222222222,0.0,0.0,0.0,0.0,0.0,0.0,0.0,0.0,0.1111111111111111,0.0,0.0
3004 SPA-SPFm-SPFp-POL-PIL-PoT Sp9 Glut_12,0.0,0.0,0.0,0.0,0.19148936170212766,0.0,0.0,0.0,0.0,0.0,0.0,0.0,0.2553191489361702,0.0,0.0,0.0,0.0,0.0,0.0,0.0,0.14893617021276595,0.3829787234042553,0.02127659574468085,0.0,0.0
3005 SPA-SPFm-SPFp-POL-PIL-PoT Sp9 Glut_12,0.0,0.0,0.0,0.0,0.7272727272727273,0.0,0.0,0.0,0.0,0.0,0.0,0.0,0.18181818181818182,0.0,0.0,0.0,0.0,0.0,0.0,0.0,0.0,0.09090909090909091,0.0,0.0,0.0
3006 SPA-SPFm-SPFp-POL-PIL-PoT Sp9 Glut_12,0.0,0.0,0.0,0.0,0.4700854700854701,0.0,0.1452991452991453,0.0,0.0,0.0,0.0,0.0,0.3076923076923077,0.0,0.0,0.0,0.0,0.0,0.0,0.0,0.017094017094017096,0.05982905982905983,0.0,0.0,0.0
3007 PAG-SC Pou4f1 Zic1 Glut_1,0.0,0.0,0.0,0.0,0.0,0.0,0.9324324324324325,0.0,0.0,0.0,0.0,0.0,0.04054054054054054,0.0,0.0,0.0,0.0,0.0,0.02702702702702703,0.0,0.0,0.0,0.0,0.0,0.0
3008 PAG-SC Pou4f1 Zic1 Glut_1,0.0,0.0,0.0,0.0,0.0,0.0,0.9482758620689655,0.0,0.0,0.0,0.0,0.0,0.0,0.0,0.0,0.0,0.0,0.0,0.05172413793103448,0.0,0.0,0.0,0.0,0.0,0.0
3009 PAG-SC Pou4f1 Zic1 Glut_1,0.0,0.0,0.0,0.0,0.0,0.0,0.9651567944250871,0.0,0.0,0.0,0.0,0.0,0.0,0.0,0.0,0.0,0.0,0.0,0.03484320557491289,0.0,0.0,0.0,0.0,0.0,0.0
3010 PAG-SC Pou4f1 Zic1 Glut_1,0.0,0.0,0.0,0.0,0.0,0.0,0.9789915966386554,0.0,0.0,0.0,0.0,0.0,0.0,0.0,0.0,0.0,0.0,0.0,0.02100840336134454,0.0,0.0,0.0,0.0,0.0,0.0
3011 PAG-SC Pou4f1 Zic1 Glut_1,0.0,0.0,0.0,0.0,0.0,0.0,0.9833333333333333,0.0,0.0,0.0,0.0,0.0,0.0,0.0,0.0,0.0,0.0,0.0,0.016666666666666666,0.0,0.0,0.0,0.0,0.0,0.0
3012 PAG-SC Pou4f1 Zic1 Glut_1,0.0,0.0,0.0,0.0,0.0,0.0,0.9782608695652174,0.0,0.0,0.0,0.0,0.0,0.0,0.0,0.0,0.0,0.0,0.0,0.021739130434782608,0.0,0.0,0.0,0.0,0.0,0.0
3013 PAG-SC Pou4f1 Zic1 Glut_1,0.0,0.0,0.0,0.0,0.0,0.0,0.9512195121951219,0.0,0.0,0.0,0.0,0.0,0.0,0.0,0.0,0.0,0.0,0.0,0.04878048780487805,0.0,0.0,0.0,0.0,0.0,0.0
3014 PAG-SC Pou4f1 Zic1 Glut_1,0.0,0.0,0.0,0.0,0.0,0.0,1.0,0.0,0.0,0.0,0.0,0.0,0.0,0.0,0.0,0.0,0.0,0.0,0.0,0.0,0.0,0.0,0.0,0.0,0.0
3015 PAG-SC Pou4f1 Zic1 Glut_1,0.0,0.0,0.0,0.0,0.0,0.0,0.974025974025974,0.0,0.0,0.0,0.0,0.0,0.012987012987012988,0.0,0.0,0.0,0.0,0.0,0.012987012987012988,0.0,0.0,0.0,0.0,0.0,0.0
3016 PAG-SC Pou4f1 Zic1 Glut_1,0.0,0.0,0.0,0.0,0.0,0.0,1.0,0.0,0.0,0.0,0.0,0.0,0.0,0.0,0.0,0.0,0.0,0.0,0.0,0.0,0.0,0.0,0.0,0.0,0.0
3017 PAG-SC Pou4f1 Zic1 Glut_1,0.0,0.0,0.0,0.0,0.0,0.0,1.0,0.0,0.0,0.0,0.0,0.0,0.0,0.0,0.0,0.0,0.0,0.0,0.0,0.0,0.0,0.0,0.0,0.0,0.0
3018 PAG-SC Pou4f1 Zic1 Glut_1,0.0,0.0,0.0,0.0,0.0,0.0,0.7692307692307693,0.0,0.0,0.0,0.0,0.0,0.038461538461538464,0.038461538461538464,0.0,0.0,0.0,0.0,0.15384615384615385,0.0,0.0,0.0,0.0,0.0,0.0
3019 PAG-SC Pou4f1 Zic1 Glut_1,0.0,0.0,0.0,0.0,0.0,0.0,0.9264705882352942,0.0,0.0,0.0,0.0,0.0,0.0,0.0,0.0,0.0,0.0,0.0,0.07352941176470588,0.0,0.0,0.0,0.0,0.0,0.0
3020 PAG-SC Pou4f1 Zic1 Glut_1,0.0,0.0,0.0,0.0,0.0,0.0,0.9191919191919192,0.0,0.0,0.0,0.0,0.0,0.020202020202020204,0.0,0.0,0.0,0.0,0.0,0.06060606060606061,0.0,0.0,0.0,0.0,0.0,0.0
3021 PAG-SC Pou4f1 Zic1 Glut_2,0.0,0.0,0.0,0.0,0.0,0.0,1.0,0.0,0.0,0.0,0.0,0.0,0.0,0.0,0.0,0.0,0.0,0.0,0.0,0.0,0.0,0.0,0.0,0.0,0.0
3022 PAG-SC Pou4f1 Zic1 Glut_2,0.0,0.0,0.0,0.0,0.0,0.0,0.9577464788732394,0.0,0.0,0.0,0.0,0.0,0.0,0.0,0.0,0.0,0.0,0.0,0.04225352112676056,0.0,0.0,0.0,0.0,0.0,0.0
3023 PAG-SC Pou4f1 Zic1 Glut_2,0.0,0.0,0.0,0.0,0.0,0.0,0.9431818181818182,0.0,0.0,0.0,0.0,0.0,0.0,0.0,0.0,0.0,0.0,0.0,0.056818181818181816,0.0,0.0,0.0,0.0,0.0,0.0
3024 PAG-SC Pou4f1 Zic1 Glut_2,0.0,0.0,0.0,0.0,0.0,0.0,0.95,0.0,0.0,0.0,0.0,0.0,0.008333333333333333,0.0,0.0,0.0,0.0,0.0,0.041666666666666664,0.0,0.0,0.0,0.0,0.0,0.0
3025 PAG-SC Pou4f1 Zic1 Glut_2,0.0,0.0,0.0,0.0,0.0,0.0,0.9967213114754099,0.0,0.0,0.0,0.0,0.0,0.0,0.0,0.0,0.0,0.0,0.0,0.003278688524590164,0.0,0.0,0.0,0.0,0.0,0.0
3026 PAG-SC Pou4f1 Zic1 Glut_2,0.0,0.0,0.0,0.0,0.0,0.0,0.9955947136563876,0.0,0.0,0.0,0.0,0.0,0.0,0.0,0.0,0.0,0.0,0.0,0.004405286343612335,0.0,0.0,0.0,0.0,0.0,0.0
3027 PAG-SC Pou4f1 Zic1 Glut_2,0.0,0.0,0.0,0.0,0.0,0.0,1.0,0.0,0.0,0.0,0.0,0.0,0.0,0.0,0.0,0.0,0.0,0.0,0.0,0.0,0.0,0.0,0.0,0.0,0.0
3028 PAG-SC Pou4f1 Zic1 Glut_2,0.0,0.0,0.0,0.0,0.0,0.0,1.0,0.0,0.0,0.0,0.0,0.0,0.0,0.0,0.0,0.0,0.0,0.0,0.0,0.0,0.0,0.0,0.0,0.0,0.0
3029 PAG-SC Pou4f1 Zic1 Glut_2,0.0,0.0,0.0,0.0,0.0,0.0,0.9821428571428571,0.0,0.0,0.0,0.0,0.0,0.0,0.0,0.0,0.0,0.0,0.0,0.017857142857142856,0.0,0.0,0.0,0.0,0.0,0.0
3030 PAG-SC Pou4f1 Zic1 Glut_2,0.0,0.0,0.0,0.0,0.0,0.0,0.9733333333333334,0.0,0.0,0.0,0.0,0.0,0.0,0.0,0.0,0.0,0.0,0.0,0.02666666666666667,0.0,0.0,0.0,0.0,0.0,0.0
3031 PAG-SC Pou4f1 Zic1 Glut_2,0.0,0.0,0.0,0.0,0.0,0.0,0.967391304347826,0.0,0.0,0.0,0.0,0.0,0.0,0.0,0.0,0.0,0.0,0.0,0.03260869565217391,0.0,0.0,0.0,0.0,0.0,0.0
3032 PAG-SC Pou4f1 Zic1 Glut_2,0.0,0.0,0.0,0.0,0.0,0.0,1.0,0.0,0.0,0.0,0.0,0.0,0.0,0.0,0.0,0.0,0.0,0.0,0.0,0.0,0.0,0.0,0.0,0.0,0.0
3033 PAG-SC Pou4f1 Zic1 Glut_2,0.0,0.0,0.0,0.0,0.0,0.0,1.0,0.0,0.0,0.0,0.0,0.0,0.0,0.0,0.0,0.0,0.0,0.0,0.0,0.0,0.0,0.0,0.0,0.0,0.0
3034 PAG-SC Pou4f1 Zic1 Glut_2,0.0,0.0,0.0,0.0,0.0,0.0,1.0,0.0,0.0,0.0,0.0,0.0,0.0,0.0,0.0,0.0,0.0,0.0,0.0,0.0,0.0,0.0,0.0,0.0,0.0
3035 PAG-SC Pou4f1 Zic1 Glut_3,0.0,0.0,0.0,0.0,0.0,0.0,0.9375,0.0,0.0,0.0,0.0,0.0,0.0,0.0,0.0,0.0,0.0625,0.0,0.0,0.0,0.0,0.0,0.0,0.0,0.0
3036 PAG-SC Pou4f1 Zic1 Glut_3,0.0,0.0,0.0,0.0,0.0,0.0,0.9354838709677419,0.0,0.0,0.0,0.0,0.0,0.0,0.0,0.0,0.0,0.0,0.0,0.06451612903225806,0.0,0.0,0.0,0.0,0.0,0.0
3037 PAG-SC Pou4f1 Zic1 Glut_3,0.0,0.0,0.0,0.0,0.0,0.0,1.0,0.0,0.0,0.0,0.0,0.0,0.0,0.0,0.0,0.0,0.0,0.0,0.0,0.0,0.0,0.0,0.0,0.0,0.0
3038 PAG-SC Pou4f1 Zic1 Glut_3,0.0,0.0,0.0,0.0,0.0,0.0,1.0,0.0,0.0,0.0,0.0,0.0,0.0,0.0,0.0,0.0,0.0,0.0,0.0,0.0,0.0,0.0,0.0,0.0,0.0
3039 PAG-SC Pou4f1 Zic1 Glut_3,0.0,0.0,0.0,0.0,0.0,0.0,0.9090909090909091,0.0,0.0,0.0,0.0,0.0,0.0,0.0,0.0,0.0,0.0,0.0,0.09090909090909091,0.0,0.0,0.0,0.0,0.0,0.0
3040 PAG-MRN Tfap2b Glut_1,0.0,0.0,0.0,0.0,0.0,0.0,0.975,0.0,0.0,0.0,0.0,0.0,0.0,0.0,0.0,0.0,0.0,0.0,0.025,0.0,0.0,0.0,0.0,0.0,0.0
3041 PAG-MRN Tfap2b Glut_1,0.0,0.0,0.0,0.0,0.0,0.0,1.0,0.0,0.0,0.0,0.0,0.0,0.0,0.0,0.0,0.0,0.0,0.0,0.0,0.0,0.0,0.0,0.0,0.0,0.0
3042 PAG-MRN Tfap2b Glut_1,0.0,0.0,0.0,0.0,0.037037037037037035,0.0,0.9259259259259259,0.0,0.0,0.0,0.0,0.0,0.0,0.0,0.0,0.0,0.0,0.0,0.037037037037037035,0.0,0.0,0.0,0.0,0.0,0.0
3043 PAG-MRN Tfap2b Glut_1,0.0,0.01098901098901099,0.0,0.0,0.01098901098901099,0.0,0.967032967032967,0.0,0.0,0.01098901098901099,0.0,0.0,0.0,0.0,0.0,0.0,0.0,0.0,0.0,0.0,0.0,0.0,0.0,0.0,0.0
3044 PAG-MRN Tfap2b Glut_1,0.0,0.0,0.0,0.0,0.0,0.0,0.9333333333333333,0.0,0.0,0.0,0.0,0.0,0.03333333333333333,0.0,0.0,0.0,0.0,0.0,0.03333333333333333,0.0,0.0,0.0,0.0,0.0,0.0
3045 PAG-MRN Tfap2b Glut_1,0.0,0.0,0.0,0.0,0.0,0.0,1.0,0.0,0.0,0.0,0.0,0.0,0.0,0.0,0.0,0.0,0.0,0.0,0.0,0.0,0.0,0.0,0.0,0.0,0.0
3046 PAG-MRN Tfap2b Glut_1,0.0,0.028169014084507043,0.0,0.0,0.0,0.0,0.9577464788732394,0.0,0.0,0.014084507042253521,0.0,0.0,0.0,0.0,0.0,0.0,0.0,0.0,0.0,0.0,0.0,0.0,0.0,0.0,0.0
3047 PAG-MRN Tfap2b Glut_1,0.0,0.0,0.0,0.0,0.0,0.0,0.9473684210526315,0.0,0.0,0.0,0.0,0.0,0.05263157894736842,0.0,0.0,0.0,0.0,0.0,0.0,0.0,0.0,0.0,0.0,0.0,0.0
3048 PAG-MRN Tfap2b Glut_1,0.0,0.0,0.0,0.0,0.0,0.0,1.0,0.0,0.0,0.0,0.0,0.0,0.0,0.0,0.0,0.0,0.0,0.0,0.0,0.0,0.0,0.0,0.0,0.0,0.0
3049 PAG-MRN Tfap2b Glut_1,0.0,0.0,0.0,0.0,0.0,0.0,1.0,0.0,0.0,0.0,0.0,0.0,0.0,0.0,0.0,0.0,0.0,0.0,0.0,0.0,0.0,0.0,0.0,0.0,0.0
3050 PAG-MRN Tfap2b Glut_1,0.0,0.0,0.0,0.0,0.0,0.0,1.0,0.0,0.0,0.0,0.0,0.0,0.0,0.0,0.0,0.0,0.0,0.0,0.0,0.0,0.0,0.0,0.0,0.0,0.0
3051 PAG-MRN Tfap2b Glut_1,0.0,0.022727272727272728,0.0,0.0,0.0,0.0,0.9772727272727273,0.0,0.0,0.0,0.0,0.0,0.0,0.0,0.0,0.0,0.0,0.0,0.0,0.0,0.0,0.0,0.0,0.0,0.0
3052 PAG-MRN Tfap2b Glut_1,0.0,0.0,0.0,0.0,0.0,0.0,1.0,0.0,0.0,0.0,0.0,0.0,0.0,0.0,0.0,0.0,0.0,0.0,0.0,0.0,0.0,0.0,0.0,0.0,0.0
3053 PAG-MRN Tfap2b Glut_1,0.0,0.0,0.0,0.0,0.0,0.0,1.0,0.0,0.0,0.0,0.0,0.0,0.0,0.0,0.0,0.0,0.0,0.0,0.0,0.0,0.0,0.0,0.0,0.0,0.0
3054 PAG-MRN Tfap2b Glut_1,0.0,0.0,0.0,0.0,0.0,0.0,0.9924242424242424,0.0,0.0,0.0,0.0,0.0,0.0,0.0,0.0,0.0,0.0,0.0,0.007575757575757576,0.0,0.0,0.0,0.0,0.0,0.0
3055 PAG-MRN Tfap2b Glut_1,0.0,0.0,0.0,0.0,0.0,0.0,0.9722222222222222,0.0,0.0,0.0,0.0,0.0,0.0,0.0,0.0,0.0,0.0,0.0,0.027777777777777776,0.0,0.0,0.0,0.0,0.0,0.0
3056 PAG-MRN Tfap2b Glut_1,0.0,0.0,0.0,0.0,0.0,0.0,1.0,0.0,0.0,0.0,0.0,0.0,0.0,0.0,0.0,0.0,0.0,0.0,0.0,0.0,0.0,0.0,0.0,0.0,0.0
3057 PAG-MRN Tfap2b Glut_1,0.0,0.2222222222222222,0.0,0.0,0.0,0.0,0.7222222222222222,0.0,0.0,0.0,0.0,0.0,0.0,0.0,0.05555555555555555,0.0,0.0,0.0,0.0,0.0,0.0,0.0,0.0,0.0,0.0
3058 PAG-MRN Tfap2b Glut_1,0.0,0.3076923076923077,0.0,0.0,0.0,0.0,0.6153846153846154,0.0,0.0,0.0,0.0,0.0,0.0,0.0,0.07692307692307693,0.0,0.0,0.0,0.0,0.0,0.0,0.0,0.0,0.0,0.0
3059 PAG-MRN Tfap2b Glut_1,0.0,0.16666666666666666,0.0,0.0,0.0,0.0,0.0,0.0,0.0,0.5,0.0,0.0,0.0,0.0,0.3333333333333333,0.0,0.0,0.0,0.0,0.0,0.0,0.0,0.0,0.0,0.0
3060 PAG-MRN Tfap2b Glut_1,0.0,0.0,0.0,0.0,0.0,0.0,1.0,0.0,0.0,0.0,0.0,0.0,0.0,0.0,0.0,0.0,0.0,0.0,0.0,0.0,0.0,0.0,0.0,0.0,0.0
3061 PAG-MRN Tfap2b Glut_1,0.3333333333333333,0.0,0.0,0.0,0.0,0.0,0.3333333333333333,0.0,0.0,0.0,0.0,0.0,0.0,0.0,0.0,0.0,0.0,0.0,0.3333333333333333,0.0,0.0,0.0,0.0,0.0,0.0
3062 PAG-MRN Tfap2b Glut_1,0.0,0.0,0.0,0.0,0.0,0.0,0.9782608695652174,0.0,0.0,0.0,0.0,0.0,0.0,0.0,0.0,0.0,0.0,0.0,0.021739130434782608,0.0,0.0,0.0,0.0,0.0,0.0
3063 PAG-MRN Tfap2b Glut_1,0.0,0.0,0.0,0.0,0.0,0.0,1.0,0.0,0.0,0.0,0.0,0.0,0.0,0.0,0.0,0.0,0.0,0.0,0.0,0.0,0.0,0.0,0.0,0.0,0.0
3064 PAG-MRN Tfap2b Glut_1,0.0,0.03225806451612903,0.0,0.0,0.0,0.0,0.967741935483871,0.0,0.0,0.0,0.0,0.0,0.0,0.0,0.0,0.0,0.0,0.0,0.0,0.0,0.0,0.0,0.0,0.0,0.0
3065 PAG-MRN Tfap2b Glut_1,0.0,0.0,0.0,0.0,0.0,0.0,0.9090909090909091,0.0,0.0,0.0,0.0,0.0,0.0,0.0,0.0,0.0,0.0,0.0,0.09090909090909091,0.0,0.0,0.0,0.0,0.0,0.0
3066 PAG-MRN Tfap2b Glut_1,0.0,0.0,0.0,0.0,0.0,0.0,0.975,0.0,0.0,0.0,0.0,0.0,0.0,0.0,0.0,0.0,0.0,0.0,0.025,0.0,0.0,0.0,0.0,0.0,0.0
3067 PAG-MRN Tfap2b Glut_1,0.0,0.0,0.0,0.0,0.0,0.0,1.0,0.0,0.0,0.0,0.0,0.0,0.0,0.0,0.0,0.0,0.0,0.0,0.0,0.0,0.0,0.0,0.0,0.0,0.0
3068 PAG-MRN Tfap2b Glut_1,0.0,0.0,0.0,0.0,0.0,0.0,1.0,0.0,0.0,0.0,0.0,0.0,0.0,0.0,0.0,0.0,0.0,0.0,0.0,0.0,0.0,0.0,0.0,0.0,0.0
3069 PAG-MRN Tfap2b Glut_1,0.0,0.058823529411764705,0.0,0.0,0.0,0.0,0.9411764705882353,0.0,0.0,0.0,0.0,0.0,0.0,0.0,0.0,0.0,0.0,0.0,0.0,0.0,0.0,0.0,0.0,0.0,0.0
3070 PAG-MRN Tfap2b Glut_1,0.0,0.2962962962962963,0.0,0.0,0.0,0.0,0.7037037037037037,0.0,0.0,0.0,0.0,0.0,0.0,0.0,0.0,0.0,0.0,0.0,0.0,0.0,0.0,0.0,0.0,0.0,0.0
3071 PAG-MRN Tfap2b Glut_1,0.0,0.0,0.0,0.0,0.0,0.0,1.0,0.0,0.0,0.0,0.0,0.0,0.0,0.0,0.0,0.0,0.0,0.0,0.0,0.0,0.0,0.0,0.0,0.0,0.0
3072 PAG-MRN Tfap2b Glut_2,0.0,0.0,0.0,0.0,0.0,0.0,1.0,0.0,0.0,0.0,0.0,0.0,0.0,0.0,0.0,0.0,0.0,0.0,0.0,0.0,0.0,0.0,0.0,0.0,0.0
3073 PAG-MRN Tfap2b Glut_2,0.0,0.0,0.0,0.0,0.0,0.0,1.0,0.0,0.0,0.0,0.0,0.0,0.0,0.0,0.0,0.0,0.0,0.0,0.0,0.0,0.0,0.0,0.0,0.0,0.0
3074 PAG-MRN Tfap2b Glut_2,0.0,0.0,0.0,0.0,0.0,0.0,1.0,0.0,0.0,0.0,0.0,0.0,0.0,0.0,0.0,0.0,0.0,0.0,0.0,0.0,0.0,0.0,0.0,0.0,0.0
3075 PAG-MRN Tfap2b Glut_2,0.0,0.0,0.0,0.0,0.0,0.0,1.0,0.0,0.0,0.0,0.0,0.0,0.0,0.0,0.0,0.0,0.0,0.0,0.0,0.0,0.0,0.0,0.0,0.0,0.0
3076 PAG-MRN Tfap2b Glut_2,0.0,0.0,0.0,0.030303030303030304,0.0,0.0,0.8484848484848485,0.0,0.0,0.0,0.0,0.0,0.0,0.0,0.0,0.0,0.030303030303030304,0.0,0.0,0.0,0.0,0.09090909090909091,0.0,0.0,0.0
3077 PAG Pou4f1 Bnc2 Glut_1,0.0,0.0,0.0,0.0,0.0,0.0,1.0,0.0,0.0,0.0,0.0,0.0,0.0,0.0,0.0,0.0,0.0,0.0,0.0,0.0,0.0,0.0,0.0,0.0,0.0
3078 PAG Pou4f1 Bnc2 Glut_1,0.0,0.0,0.0,0.0,0.0,0.0,1.0,0.0,0.0,0.0,0.0,0.0,0.0,0.0,0.0,0.0,0.0,0.0,0.0,0.0,0.0,0.0,0.0,0.0,0.0
3079 PAG Pou4f1 Bnc2 Glut_1,0.0,0.0,0.0,0.0,0.0,0.0,1.0,0.0,0.0,0.0,0.0,0.0,0.0,0.0,0.0,0.0,0.0,0.0,0.0,0.0,0.0,0.0,0.0,0.0,0.0
3080 PAG Pou4f1 Bnc2 Glut_1,0.0,0.0,0.0,0.0,0.0,0.0,1.0,0.0,0.0,0.0,0.0,0.0,0.0,0.0,0.0,0.0,0.0,0.0,0.0,0.0,0.0,0.0,0.0,0.0,0.0
3081 PAG Pou4f1 Bnc2 Glut_1,0.0,0.0,0.0,0.0,0.0,0.0,1.0,0.0,0.0,0.0,0.0,0.0,0.0,0.0,0.0,0.0,0.0,0.0,0.0,0.0,0.0,0.0,0.0,0.0,0.0
3082 PAG Pou4f1 Bnc2 Glut_1,0.0,0.0,0.0,0.0,0.02857142857142857,0.0,0.9714285714285714,0.0,0.0,0.0,0.0,0.0,0.0,0.0,0.0,0.0,0.0,0.0,0.0,0.0,0.0,0.0,0.0,0.0,0.0
3083 PAG Pou4f1 Bnc2 Glut_1,0.0,0.0,0.0,0.0,0.0,0.0,1.0,0.0,0.0,0.0,0.0,0.0,0.0,0.0,0.0,0.0,0.0,0.0,0.0,0.0,0.0,0.0,0.0,0.0,0.0
3084 PAG Pou4f1 Bnc2 Glut_1,0.0,0.0,0.0,0.0,0.0,0.0,0.92,0.0,0.0,0.0,0.0,0.0,0.0,0.0,0.0,0.0,0.0,0.0,0.08,0.0,0.0,0.0,0.0,0.0,0.0
3085 PAG Pou4f1 Bnc2 Glut_1,0.0,0.0,0.0,0.0,0.0,0.0,1.0,0.0,0.0,0.0,0.0,0.0,0.0,0.0,0.0,0.0,0.0,0.0,0.0,0.0,0.0,0.0,0.0,0.0,0.0
3086 PAG Pou4f1 Bnc2 Glut_1,0.0,0.0,0.0,0.0,0.0,0.0,1.0,0.0,0.0,0.0,0.0,0.0,0.0,0.0,0.0,0.0,0.0,0.0,0.0,0.0,0.0,0.0,0.0,0.0,0.0
3087 PAG Pou4f1 Bnc2 Glut_1,0.0,0.0,0.0,0.0,0.0,0.0,1.0,0.0,0.0,0.0,0.0,0.0,0.0,0.0,0.0,0.0,0.0,0.0,0.0,0.0,0.0,0.0,0.0,0.0,0.0
3088 PAG Pou4f1 Bnc2 Glut_2,0.0,0.0425531914893617,0.0,0.0,0.0,0.0,0.9574468085106383,0.0,0.0,0.0,0.0,0.0,0.0,0.0,0.0,0.0,0.0,0.0,0.0,0.0,0.0,0.0,0.0,0.0,0.0
3089 PAG Pou4f1 Bnc2 Glut_2,0.0,0.0,0.0,0.0,0.0,0.0,1.0,0.0,0.0,0.0,0.0,0.0,0.0,0.0,0.0,0.0,0.0,0.0,0.0,0.0,0.0,0.0,0.0,0.0,0.0
3090 PAG Pou4f1 Bnc2 Glut_2,0.0,0.0,0.0,0.0,0.0,0.0,1.0,0.0,0.0,0.0,0.0,0.0,0.0,0.0,0.0,0.0,0.0,0.0,0.0,0.0,0.0,0.0,0.0,0.0,0.0
3091 PAG Pou4f1 Bnc2 Glut_2,0.0,0.0,0.0,0.0,0.0,0.0,1.0,0.0,0.0,0.0,0.0,0.0,0.0,0.0,0.0,0.0,0.0,0.0,0.0,0.0,0.0,0.0,0.0,0.0,0.0
3092 PAG Pou4f1 Bnc2 Glut_2,0.0,0.0,0.0,0.0,0.0,0.0,1.0,0.0,0.0,0.0,0.0,0.0,0.0,0.0,0.0,0.0,0.0,0.0,0.0,0.0,0.0,0.0,0.0,0.0,0.0
3093 PAG Pou4f1 Bnc2 Glut_2,0.0,0.0,0.0,0.0,0.0,0.0,0.9907407407407407,0.0,0.0,0.009259259259259259,0.0,0.0,0.0,0.0,0.0,0.0,0.0,0.0,0.0,0.0,0.0,0.0,0.0,0.0,0.0
3094 PAG Pou4f1 Bnc2 Glut_2,0.0,0.0,0.0,0.0,0.0,0.0,1.0,0.0,0.0,0.0,0.0,0.0,0.0,0.0,0.0,0.0,0.0,0.0,0.0,0.0,0.0,0.0,0.0,0.0,0.0
3095 PAG Pou4f1 Bnc2 Glut_2,0.0,0.0,0.0,0.0,0.0,0.0,0.9285714285714286,0.0,0.0,0.0,0.0,0.0,0.0,0.0,0.0,0.0,0.0,0.0,0.07142857142857142,0.0,0.0,0.0,0.0,0.0,0.0
3096 PAG Pou4f1 Bnc2 Glut_2,0.0,0.0,0.0,0.0,0.0,0.0,0.9795918367346939,0.0,0.0,0.0,0.0,0.0,0.0,0.0,0.0,0.0,0.0,0.0,0.0,0.0,0.0,0.0,0.0,0.0,0.02040816326530612
3097 PAG Pou4f1 Bnc2 Glut_2,0.0,0.0,0.0,0.0,0.0,0.0,1.0,0.0,0.0,0.0,0.0,0.0,0.0,0.0,0.0,0.0,0.0,0.0,0.0,0.0,0.0,0.0,0.0,0.0,0.0
3098 PAG Pou4f1 Bnc2 Glut_2,0.0,0.0,0.0,0.0,0.0,0.0,1.0,0.0,0.0,0.0,0.0,0.0,0.0,0.0,0.0,0.0,0.0,0.0,0.0,0.0,0.0,0.0,0.0,0.0,0.0
3099 PAG Pou4f1 Ebf2 Glut_1,0.0,0.0,0.0,0.0,0.0,0.0,1.0,0.0,0.0,0.0,0.0,0.0,0.0,0.0,0.0,0.0,0.0,0.0,0.0,0.0,0.0,0.0,0.0,0.0,0.0
3100 PAG Pou4f1 Ebf2 Glut_1,0.0,0.0,0.0,0.0,0.0,0.0,1.0,0.0,0.0,0.0,0.0,0.0,0.0,0.0,0.0,0.0,0.0,0.0,0.0,0.0,0.0,0.0,0.0,0.0,0.0
3101 PAG Pou4f1 Ebf2 Glut_1,0.0,0.0,0.0,0.0,0.0,0.0,1.0,0.0,0.0,0.0,0.0,0.0,0.0,0.0,0.0,0.0,0.0,0.0,0.0,0.0,0.0,0.0,0.0,0.0,0.0
3102 PAG Pou4f1 Ebf2 Glut_1,0.0,0.0,0.0,0.0,0.0,0.0,1.0,0.0,0.0,0.0,0.0,0.0,0.0,0.0,0.0,0.0,0.0,0.0,0.0,0.0,0.0,0.0,0.0,0.0,0.0
3103 PAG Pou4f1 Ebf2 Glut_1,0.0,0.0,0.0,0.0,0.0,0.0,1.0,0.0,0.0,0.0,0.0,0.0,0.0,0.0,0.0,0.0,0.0,0.0,0.0,0.0,0.0,0.0,0.0,0.0,0.0
3104 PAG Pou4f1 Ebf2 Glut_1,0.0,0.0,0.0,0.0,0.0,0.0,1.0,0.0,0.0,0.0,0.0,0.0,0.0,0.0,0.0,0.0,0.0,0.0,0.0,0.0,0.0,0.0,0.0,0.0,0.0
3105 PAG Pou4f1 Ebf2 Glut_1,0.0,0.0,0.0,0.0,0.0,0.0,1.0,0.0,0.0,0.0,0.0,0.0,0.0,0.0,0.0,0.0,0.0,0.0,0.0,0.0,0.0,0.0,0.0,0.0,0.0
3106 PAG Pou4f1 Ebf2 Glut_1,0.0,0.0,0.0,0.0,0.0,0.0,1.0,0.0,0.0,0.0,0.0,0.0,0.0,0.0,0.0,0.0,0.0,0.0,0.0,0.0,0.0,0.0,0.0,0.0,0.0
3107 PAG Pou4f1 Ebf2 Glut_1,0.0,0.0,0.0,0.0,0.0,0.0,1.0,0.0,0.0,0.0,0.0,0.0,0.0,0.0,0.0,0.0,0.0,0.0,0.0,0.0,0.0,0.0,0.0,0.0,0.0
3108 PAG Pou4f1 Ebf2 Glut_1,0.0,0.0,0.0,0.0,0.0,0.0,1.0,0.0,0.0,0.0,0.0,0.0,0.0,0.0,0.0,0.0,0.0,0.0,0.0,0.0,0.0,0.0,0.0,0.0,0.0
3109 PAG Pou4f1 Ebf2 Glut_2,0.0,0.0,0.0,0.0,0.0,0.0,1.0,0.0,0.0,0.0,0.0,0.0,0.0,0.0,0.0,0.0,0.0,0.0,0.0,0.0,0.0,0.0,0.0,0.0,0.0
3110 PAG Pou4f1 Ebf2 Glut_2,0.0,0.0,0.0,0.0,0.0,0.0,1.0,0.0,0.0,0.0,0.0,0.0,0.0,0.0,0.0,0.0,0.0,0.0,0.0,0.0,0.0,0.0,0.0,0.0,0.0
3111 PAG Pou4f1 Ebf2 Glut_2,0.0,0.0,0.0,0.0,0.0,0.0,1.0,0.0,0.0,0.0,0.0,0.0,0.0,0.0,0.0,0.0,0.0,0.0,0.0,0.0,0.0,0.0,0.0,0.0,0.0
3112 PAG Pou4f1 Ebf2 Glut_2,0.0,0.0,0.0,0.0,0.0,0.0,1.0,0.0,0.0,0.0,0.0,0.0,0.0,0.0,0.0,0.0,0.0,0.0,0.0,0.0,0.0,0.0,0.0,0.0,0.0
3113 PAG Pou4f1 Ebf2 Glut_2,0.0,0.0,0.0,0.0,0.0,0.0,1.0,0.0,0.0,0.0,0.0,0.0,0.0,0.0,0.0,0.0,0.0,0.0,0.0,0.0,0.0,0.0,0.0,0.0,0.0
3114 PAG Pou4f1 Ebf2 Glut_2,0.0,0.0,0.0,0.0,0.0,0.0,1.0,0.0,0.0,0.0,0.0,0.0,0.0,0.0,0.0,0.0,0.0,0.0,0.0,0.0,0.0,0.0,0.0,0.0,0.0
3115 PAG Pou4f1 Ebf2 Glut_2,0.0,0.0,0.0,0.0,0.0,0.0,1.0,0.0,0.0,0.0,0.0,0.0,0.0,0.0,0.0,0.0,0.0,0.0,0.0,0.0,0.0,0.0,0.0,0.0,0.0
3116 PAG Pou4f1 Ebf2 Glut_2,0.0,0.0,0.0,0.0,0.0,0.0,1.0,0.0,0.0,0.0,0.0,0.0,0.0,0.0,0.0,0.0,0.0,0.0,0.0,0.0,0.0,0.0,0.0,0.0,0.0
3117 PAG Pou4f1 Ebf2 Glut_2,0.0,0.0,0.0,0.0,0.0,0.0,1.0,0.0,0.0,0.0,0.0,0.0,0.0,0.0,0.0,0.0,0.0,0.0,0.0,0.0,0.0,0.0,0.0,0.0,0.0
3118 PAG Pou4f1 Ebf2 Glut_3,0.0,0.0,0.0,0.0,0.0,0.0,1.0,0.0,0.0,0.0,0.0,0.0,0.0,0.0,0.0,0.0,0.0,0.0,0.0,0.0,0.0,0.0,0.0,0.0,0.0
3119 PAG Pou4f1 Ebf2 Glut_3,0.0,0.0,0.0,0.0,0.0,0.0,1.0,0.0,0.0,0.0,0.0,0.0,0.0,0.0,0.0,0.0,0.0,0.0,0.0,0.0,0.0,0.0,0.0,0.0,0.0
3120 PAG Pou4f1 Ebf2 Glut_3,0.0,0.0,0.0,0.0,0.0,0.0,1.0,0.0,0.0,0.0,0.0,0.0,0.0,0.0,0.0,0.0,0.0,0.0,0.0,0.0,0.0,0.0,0.0,0.0,0.0
3121 PAG Pou4f1 Ebf2 Glut_3,0.0,0.0,0.0,0.0,0.0,0.0,1.0,0.0,0.0,0.0,0.0,0.0,0.0,0.0,0.0,0.0,0.0,0.0,0.0,0.0,0.0,0.0,0.0,0.0,0.0
3122 PAG Pou4f1 Ebf2 Glut_3,0.0,0.0,0.0,0.0,0.0,0.0,0.9772727272727273,0.0,0.0,0.0,0.0,0.0,0.0,0.0,0.0,0.0,0.0,0.0,0.022727272727272728,0.0,0.0,0.0,0.0,0.0,0.0
3123 PAG Pou4f1 Ebf2 Glut_3,0.0,0.0,0.0,0.0,0.0,0.0,1.0,0.0,0.0,0.0,0.0,0.0,0.0,0.0,0.0,0.0,0.0,0.0,0.0,0.0,0.0,0.0,0.0,0.0,0.0
3124 PAG Pou4f1 Ebf2 Glut_4,0.0,0.0,0.0,0.0,0.0,0.0,1.0,0.0,0.0,0.0,0.0,0.0,0.0,0.0,0.0,0.0,0.0,0.0,0.0,0.0,0.0,0.0,0.0,0.0,0.0
3125 PAG Pou4f1 Ebf2 Glut_4,0.0,0.0,0.0,0.0,0.0,0.0,1.0,0.0,0.0,0.0,0.0,0.0,0.0,0.0,0.0,0.0,0.0,0.0,0.0,0.0,0.0,0.0,0.0,0.0,0.0
3126 PAG Pou4f1 Ebf2 Glut_4,0.0,0.0,0.0,0.0,0.0,0.0,1.0,0.0,0.0,0.0,0.0,0.0,0.0,0.0,0.0,0.0,0.0,0.0,0.0,0.0,0.0,0.0,0.0,0.0,0.0
3127 PAG Pou4f1 Ebf2 Glut_4,0.0,0.0,0.0,0.0,0.0,0.0,1.0,0.0,0.0,0.0,0.0,0.0,0.0,0.0,0.0,0.0,0.0,0.0,0.0,0.0,0.0,0.0,0.0,0.0,0.0
3128 PAG Pou4f1 Ebf2 Glut_4,0.0,0.0,0.0,0.0,0.0,0.0,1.0,0.0,0.0,0.0,0.0,0.0,0.0,0.0,0.0,0.0,0.0,0.0,0.0,0.0,0.0,0.0,0.0,0.0,0.0
3129 PAG Pou4f1 Ebf2 Glut_4,0.0,0.0,0.0,0.0,0.0,0.0,1.0,0.0,0.0,0.0,0.0,0.0,0.0,0.0,0.0,0.0,0.0,0.0,0.0,0.0,0.0,0.0,0.0,0.0,0.0
3130 PAG Pou4f1 Ebf2 Glut_4,0.0,0.0,0.0,0.0,0.0,0.0,1.0,0.0,0.0,0.0,0.0,0.0,0.0,0.0,0.0,0.0,0.0,0.0,0.0,0.0,0.0,0.0,0.0,0.0,0.0
3131 PAG Pou4f1 Ebf2 Glut_4,0.0136986301369863,0.0,0.0,0.0,0.0,0.0,0.9863013698630136,0.0,0.0,0.0,0.0,0.0,0.0,0.0,0.0,0.0,0.0,0.0,0.0,0.0,0.0,0.0,0.0,0.0,0.0
3132 PAG Pou4f1 Ebf2 Glut_5,0.004975124378109453,0.0,0.0,0.0,0.0,0.0,0.9850746268656716,0.0,0.0,0.0,0.0,0.0,0.0,0.0,0.0,0.0,0.0,0.0,0.009950248756218905,0.0,0.0,0.0,0.0,0.0,0.0
3133 PAG Pou4f1 Ebf2 Glut_5,0.0,0.0,0.0,0.0,0.0,0.0,1.0,0.0,0.0,0.0,0.0,0.0,0.0,0.0,0.0,0.0,0.0,0.0,0.0,0.0,0.0,0.0,0.0,0.0,0.0
3134 PAG Pou4f1 Ebf2 Glut_6,0.0,0.0,0.0,0.0,0.0,0.0,1.0,0.0,0.0,0.0,0.0,0.0,0.0,0.0,0.0,0.0,0.0,0.0,0.0,0.0,0.0,0.0,0.0,0.0,0.0
3135 PAG Pou4f1 Ebf2 Glut_6,0.0,0.0,0.0,0.0,0.0,0.0,1.0,0.0,0.0,0.0,0.0,0.0,0.0,0.0,0.0,0.0,0.0,0.0,0.0,0.0,0.0,0.0,0.0,0.0,0.0
3136 PAG Pou4f1 Ebf2 Glut_6,0.0,0.0,0.0,0.0,0.0,0.0,1.0,0.0,0.0,0.0,0.0,0.0,0.0,0.0,0.0,0.0,0.0,0.0,0.0,0.0,0.0,0.0,0.0,0.0,0.0
3137 PAG Pou4f1 Ebf2 Glut_6,0.0,0.0,0.0,0.0,0.0,0.0,1.0,0.0,0.0,0.0,0.0,0.0,0.0,0.0,0.0,0.0,0.0,0.0,0.0,0.0,0.0,0.0,0.0,0.0,0.0
3138 PAG Pou4f1 Ebf2 Glut_7,0.0,0.0,0.0,0.0,0.04,0.0,0.96,0.0,0.0,0.0,0.0,0.0,0.0,0.0,0.0,0.0,0.0,0.0,0.0,0.0,0.0,0.0,0.0,0.0,0.0
3139 PAG Pou4f1 Ebf2 Glut_7,0.0,0.0,0.0,0.0,0.0,0.0,1.0,0.0,0.0,0.0,0.0,0.0,0.0,0.0,0.0,0.0,0.0,0.0,0.0,0.0,0.0,0.0,0.0,0.0,0.0
3140 PAG Pou4f1 Ebf2 Glut_7,0.0,0.0,0.0,0.0,0.0,0.0,1.0,0.0,0.0,0.0,0.0,0.0,0.0,0.0,0.0,0.0,0.0,0.0,0.0,0.0,0.0,0.0,0.0,0.0,0.0
3141 PAG Pou4f1 Ebf2 Glut_7,0.0,0.0,0.0,0.0,0.0,0.0,1.0,0.0,0.0,0.0,0.0,0.0,0.0,0.0,0.0,0.0,0.0,0.0,0.0,0.0,0.0,0.0,0.0,0.0,0.0
3142 PAG Pou4f1 Ebf2 Glut_8,0.0,0.0,0.0,0.0,0.0,0.0,1.0,0.0,0.0,0.0,0.0,0.0,0.0,0.0,0.0,0.0,0.0,0.0,0.0,0.0,0.0,0.0,0.0,0.0,0.0
3143 PAG Pou4f2 Glut_1,0.0,0.0,0.0,0.0,0.0,0.0,0.9936305732484076,0.0,0.0,0.0,0.0,0.0,0.006369426751592357,0.0,0.0,0.0,0.0,0.0,0.0,0.0,0.0,0.0,0.0,0.0,0.0
3144 PAG Pou4f2 Glut_1,0.0,0.0,0.0,0.0,0.0,0.0,0.9541284403669725,0.0,0.0,0.0,0.0,0.0,0.0,0.0,0.0,0.0,0.0,0.0,0.045871559633027525,0.0,0.0,0.0,0.0,0.0,0.0
3145 PAG Pou4f2 Glut_1,0.0,0.0,0.0,0.0,0.0,0.0,0.9571428571428572,0.0,0.0,0.0,0.0,0.0,0.0,0.0,0.0,0.0,0.0,0.0,0.04285714285714286,0.0,0.0,0.0,0.0,0.0,0.0
3146 PAG Pou4f2 Glut_1,0.0,0.0,0.0,0.0,0.0,0.0,0.9683544303797469,0.0,0.0,0.0,0.0,0.0,0.0,0.0,0.0,0.0,0.0,0.0,0.03164556962025317,0.0,0.0,0.0,0.0,0.0,0.0
3147 PAG Pou4f2 Glut_1,0.0,0.0,0.0,0.0,0.0,0.0,0.9848484848484849,0.0,0.0,0.0,0.0,0.0,0.0,0.0,0.0,0.0,0.0,0.0,0.015151515151515152,0.0,0.0,0.0,0.0,0.0,0.0
3148 PAG Pou4f2 Glut_1,0.0,0.058823529411764705,0.0,0.0,0.0,0.0,0.9117647058823529,0.0,0.0,0.0,0.0,0.0,0.0,0.0,0.0,0.0,0.0,0.0,0.029411764705882353,0.0,0.0,0.0,0.0,0.0,0.0
3149 PAG Pou4f2 Glut_1,0.0,0.0,0.0,0.0,0.0,0.0,1.0,0.0,0.0,0.0,0.0,0.0,0.0,0.0,0.0,0.0,0.0,0.0,0.0,0.0,0.0,0.0,0.0,0.0,0.0
3150 PAG Pou4f2 Glut_1,0.0,0.0,0.0,0.0,0.0,0.0,1.0,0.0,0.0,0.0,0.0,0.0,0.0,0.0,0.0,0.0,0.0,0.0,0.0,0.0,0.0,0.0,0.0,0.0,0.0
3151 PAG Pou4f2 Glut_1,0.0,0.0,0.0,0.0,0.0,0.0,1.0,0.0,0.0,0.0,0.0,0.0,0.0,0.0,0.0,0.0,0.0,0.0,0.0,0.0,0.0,0.0,0.0,0.0,0.0
3152 PAG Pou4f2 Glut_1,0.0,0.0,0.0,0.0,0.0,0.0,0.9875776397515528,0.0,0.0,0.0,0.0,0.0,0.0,0.0,0.0,0.0,0.0,0.0,0.012422360248447204,0.0,0.0,0.0,0.0,0.0,0.0
3153 PAG Pou4f2 Glut_1,0.0,0.0,0.0,0.0,0.0,0.0,0.9704433497536946,0.0,0.0,0.0,0.0,0.0,0.0,0.0,0.0,0.0,0.0,0.0,0.029556650246305417,0.0,0.0,0.0,0.0,0.0,0.0
3154 PAG Pou4f2 Glut_1,0.0,0.0,0.0,0.0,0.0,0.0,1.0,0.0,0.0,0.0,0.0,0.0,0.0,0.0,0.0,0.0,0.0,0.0,0.0,0.0,0.0,0.0,0.0,0.0,0.0
3155 PAG Pou4f2 Glut_1,0.0,0.0,0.0,0.0,0.0,0.0,0.9586776859504132,0.0,0.0,0.0,0.0,0.0,0.0,0.0,0.0,0.0,0.0,0.0,0.04132231404958678,0.0,0.0,0.0,0.0,0.0,0.0
3156 PAG Pou4f2 Glut_2,0.0,0.0,0.0,0.0,0.0,0.0,0.9696969696969697,0.0,0.0,0.0,0.0,0.0,0.0,0.0,0.0,0.0,0.0,0.0,0.030303030303030304,0.0,0.0,0.0,0.0,0.0,0.0
3157 PAG Pou4f2 Glut_2,0.0,0.0,0.0,0.0,0.0,0.0,1.0,0.0,0.0,0.0,0.0,0.0,0.0,0.0,0.0,0.0,0.0,0.0,0.0,0.0,0.0,0.0,0.0,0.0,0.0
3158 PAG Pou4f2 Glut_2,0.0,0.0,0.0,0.0,0.0,0.0,0.967741935483871,0.0,0.0,0.0,0.0,0.0,0.0,0.0,0.0,0.0,0.0,0.0,0.03225806451612903,0.0,0.0,0.0,0.0,0.0,0.0
3159 PAG Pou4f2 Glut_2,0.0,0.0,0.0,0.0,0.0,0.0,1.0,0.0,0.0,0.0,0.0,0.0,0.0,0.0,0.0,0.0,0.0,0.0,0.0,0.0,0.0,0.0,0.0,0.0,0.0
3160 PAG Pou4f2 Glut_2,0.0,0.0,0.0,0.0,0.0,0.0,1.0,0.0,0.0,0.0,0.0,0.0,0.0,0.0,0.0,0.0,0.0,0.0,0.0,0.0,0.0,0.0,0.0,0.0,0.0
3161 PAG Pou4f2 Glut_2,0.0,0.0,0.0,0.0,0.0,0.0,1.0,0.0,0.0,0.0,0.0,0.0,0.0,0.0,0.0,0.0,0.0,0.0,0.0,0.0,0.0,0.0,0.0,0.0,0.0
3162 PAG Pou4f2 Glut_3,0.0,0.0,0.0,0.0,0.0,0.0,0.9523809523809523,0.0,0.0,0.0,0.0,0.0,0.0,0.0,0.0,0.0,0.0,0.0,0.047619047619047616,0.0,0.0,0.0,0.0,0.0,0.0
3163 PAG Pou4f2 Glut_3,0.0,0.0,0.0,0.0,0.0,0.0,0.918918918918919,0.0,0.0,0.0,0.0,0.0,0.02702702702702703,0.0,0.0,0.0,0.0,0.0,0.05405405405405406,0.0,0.0,0.0,0.0,0.0,0.0
3164 PAG Pou4f2 Glut_3,0.0,0.013513513513513514,0.0,0.0,0.0,0.0,0.9324324324324325,0.0,0.0,0.0,0.0,0.0,0.013513513513513514,0.0,0.0,0.0,0.0,0.0,0.04054054054054054,0.0,0.0,0.0,0.0,0.0,0.0
3165 PAG Pou4f2 Glut_3,0.0,0.0,0.0,0.0,0.0,0.0,1.0,0.0,0.0,0.0,0.0,0.0,0.0,0.0,0.0,0.0,0.0,0.0,0.0,0.0,0.0,0.0,0.0,0.0,0.0
3166 PAG Pou4f2 Glut_3,0.0,0.0,0.0,0.0,0.0,0.0,1.0,0.0,0.0,0.0,0.0,0.0,0.0,0.0,0.0,0.0,0.0,0.0,0.0,0.0,0.0,0.0,0.0,0.0,0.0
3167 PAG Pou4f2 Glut_4,0.0,0.0,0.0,0.008695652173913044,0.0,0.0,0.991304347826087,0.0,0.0,0.0,0.0,0.0,0.0,0.0,0.0,0.0,0.0,0.0,0.0,0.0,0.0,0.0,0.0,0.0,0.0
3168 PAG Pou4f2 Glut_4,0.0,0.0,0.0,0.0,0.0,0.0,0.9607843137254902,0.0,0.0,0.0,0.0,0.0,0.0,0.0,0.0,0.0,0.0,0.0,0.0392156862745098,0.0,0.0,0.0,0.0,0.0,0.0
3169 PAG Pou4f2 Glut_4,0.0,0.0,0.0,0.0,0.0,0.0,1.0,0.0,0.0,0.0,0.0,0.0,0.0,0.0,0.0,0.0,0.0,0.0,0.0,0.0,0.0,0.0,0.0,0.0,0.0
3170 PAG Pou4f2 Glut_4,0.0,0.0,0.0,0.0,0.0,0.0,0.9523809523809523,0.0,0.0,0.0,0.0,0.0,0.0,0.0,0.0,0.0,0.0,0.0,0.047619047619047616,0.0,0.0,0.0,0.0,0.0,0.0
3171 PAG Pou4f2 Glut_4,0.0,0.0,0.0,0.0,0.0,0.0,0.9887640449438202,0.0,0.0,0.0,0.0,0.0,0.0,0.0,0.0,0.0,0.0,0.0,0.011235955056179775,0.0,0.0,0.0,0.0,0.0,0.0
3172 PAG Pou4f2 Glut_5,0.0,0.0,0.0,0.0,0.0,0.0,1.0,0.0,0.0,0.0,0.0,0.0,0.0,0.0,0.0,0.0,0.0,0.0,0.0,0.0,0.0,0.0,0.0,0.0,0.0
3173 PAG Pou4f2 Glut_5,0.0,0.0,0.0,0.0,0.0,0.0,0.9791666666666666,0.0,0.0,0.0,0.0,0.0,0.0,0.0,0.0,0.0,0.0,0.0,0.020833333333333332,0.0,0.0,0.0,0.0,0.0,0.0
3174 PAG Pou4f2 Glut_5,0.0,0.0,0.0,0.0,0.0,0.0,0.9888888888888889,0.0,0.0,0.0,0.0,0.0,0.0,0.0,0.0,0.0,0.0,0.0,0.011111111111111112,0.0,0.0,0.0,0.0,0.0,0.0
3175 PAG Pou4f2 Glut_5,0.0,0.0,0.0,0.0,0.0,0.0,1.0,0.0,0.0,0.0,0.0,0.0,0.0,0.0,0.0,0.0,0.0,0.0,0.0,0.0,0.0,0.0,0.0,0.0,0.0
3176 PAG Pou4f2 Mesi2 Glut_1,0.0,0.0,0.0,0.0,0.0,0.0,0.9642857142857143,0.0,0.0,0.0,0.0,0.0,0.0,0.0,0.0,0.0,0.0,0.0,0.03571428571428571,0.0,0.0,0.0,0.0,0.0,0.0
3177 PAG Pou4f2 Mesi2 Glut_1,0.0,0.0,0.0,0.0,0.0,0.0,0.9761904761904762,0.0,0.0,0.0,0.0,0.0,0.0,0.0,0.0,0.0,0.0,0.0,0.023809523809523808,0.0,0.0,0.0,0.0,0.0,0.0
3178 PAG Pou4f2 Mesi2 Glut_1,0.0,0.0,0.0,0.0,0.0,0.0,1.0,0.0,0.0,0.0,0.0,0.0,0.0,0.0,0.0,0.0,0.0,0.0,0.0,0.0,0.0,0.0,0.0,0.0,0.0
3179 PAG Pou4f2 Mesi2 Glut_1,0.0,0.0,0.0,0.0,0.0,0.0,1.0,0.0,0.0,0.0,0.0,0.0,0.0,0.0,0.0,0.0,0.0,0.0,0.0,0.0,0.0,0.0,0.0,0.0,0.0
3180 PAG Pou4f2 Mesi2 Glut_1,0.0,0.0,0.0,0.0,0.0,0.0,1.0,0.0,0.0,0.0,0.0,0.0,0.0,0.0,0.0,0.0,0.0,0.0,0.0,0.0,0.0,0.0,0.0,0.0,0.0
3181 PAG Pou4f2 Mesi2 Glut_2,0.007352941176470588,0.0,0.0,0.0,0.0,0.0,0.9852941176470589,0.0,0.0,0.0,0.0,0.0,0.0,0.0,0.0,0.0,0.0,0.0,0.007352941176470588,0.0,0.0,0.0,0.0,0.0,0.0
3182 PAG Pou4f2 Mesi2 Glut_2,0.0,0.0,0.0,0.0,0.0,0.0,1.0,0.0,0.0,0.0,0.0,0.0,0.0,0.0,0.0,0.0,0.0,0.0,0.0,0.0,0.0,0.0,0.0,0.0,0.0
3183 PAG Pou4f2 Mesi2 Glut_2,0.022222222222222223,0.0,0.0,0.0,0.0,0.0,0.9777777777777777,0.0,0.0,0.0,0.0,0.0,0.0,0.0,0.0,0.0,0.0,0.0,0.0,0.0,0.0,0.0,0.0,0.0,0.0
3184 PAG Pou4f2 Mesi2 Glut_2,0.0,0.0,0.0,0.0,0.0,0.0,0.967741935483871,0.0,0.0,0.0,0.0,0.0,0.0,0.0,0.0,0.0,0.0,0.0,0.03225806451612903,0.0,0.0,0.0,0.0,0.0,0.0
3185 PAG Pou4f2 Mesi2 Glut_2,0.06666666666666667,0.0,0.0,0.0,0.0,0.0,0.9333333333333333,0.0,0.0,0.0,0.0,0.0,0.0,0.0,0.0,0.0,0.0,0.0,0.0,0.0,0.0,0.0,0.0,0.0,0.0
3186 PAG Pou4f2 Mesi2 Glut_2,0.0,0.0,0.0,0.0,0.0,0.0,0.9846153846153847,0.0,0.0,0.0,0.0,0.0,0.0,0.0,0.0,0.0,0.0,0.0,0.015384615384615385,0.0,0.0,0.0,0.0,0.0,0.0
3187 PAG Pou4f2 Mesi2 Glut_2,0.0,0.0,0.0,0.0,0.0,0.0,0.9838709677419355,0.0,0.0,0.0,0.0,0.0,0.016129032258064516,0.0,0.0,0.0,0.0,0.0,0.0,0.0,0.0,0.0,0.0,0.0,0.0
3188 PAG Pou4f2 Mesi2 Glut_3,0.0,0.0,0.0,0.0,0.0,0.0,1.0,0.0,0.0,0.0,0.0,0.0,0.0,0.0,0.0,0.0,0.0,0.0,0.0,0.0,0.0,0.0,0.0,0.0,0.0
3189 PAG Pou4f2 Mesi2 Glut_3,0.0,0.0,0.0,0.0,0.0,0.0,1.0,0.0,0.0,0.0,0.0,0.0,0.0,0.0,0.0,0.0,0.0,0.0,0.0,0.0,0.0,0.0,0.0,0.0,0.0
3190 PAG Pou4f2 Mesi2 Glut_3,0.0,0.0,0.0,0.0,0.0,0.0,0.9943502824858758,0.0,0.0,0.0,0.0,0.0,0.0,0.0,0.0,0.0,0.0,0.0,0.005649717514124294,0.0,0.0,0.0,0.0,0.0,0.0
3191 PAG Pou4f2 Mesi2 Glut_3,0.0,0.0,0.0,0.0,0.0,0.0,1.0,0.0,0.0,0.0,0.0,0.0,0.0,0.0,0.0,0.0,0.0,0.0,0.0,0.0,0.0,0.0,0.0,0.0,0.0
3192 PAG Pou4f2 Mesi2 Glut_3,0.0,0.0,0.0,0.0,0.0,0.0,1.0,0.0,0.0,0.0,0.0,0.0,0.0,0.0,0.0,0.0,0.0,0.0,0.0,0.0,0.0,0.0,0.0,0.0,0.0
3193 PAG Pou4f2 Mesi2 Glut_4,0.0,0.0,0.0,0.0,0.0,0.0,1.0,0.0,0.0,0.0,0.0,0.0,0.0,0.0,0.0,0.0,0.0,0.0,0.0,0.0,0.0,0.0,0.0,0.0,0.0
3194 PAG Pou4f2 Mesi2 Glut_4,0.0,0.0,0.0,0.0,0.0,0.0,1.0,0.0,0.0,0.0,0.0,0.0,0.0,0.0,0.0,0.0,0.0,0.0,0.0,0.0,0.0,0.0,0.0,0.0,0.0
3195 PAG Pou4f2 Mesi2 Glut_4,0.0,0.0,0.0,0.0,0.0,0.0,0.9866666666666667,0.0,0.0,0.0,0.0,0.0,0.0,0.0,0.0,0.0,0.0,0.0,0.006666666666666667,0.0,0.0,0.0,0.0,0.0,0.006666666666666667
3196 PAG Pou4f2 Mesi2 Glut_5,0.0,0.0,0.0,0.0,0.0,0.0,1.0,0.0,0.0,0.0,0.0,0.0,0.0,0.0,0.0,0.0,0.0,0.0,0.0,0.0,0.0,0.0,0.0,0.0,0.0
3197 PAG Pou4f2 Mesi2 Glut_5,0.0,0.0,0.0,0.0,0.0,0.0,1.0,0.0,0.0,0.0,0.0,0.0,0.0,0.0,0.0,0.0,0.0,0.0,0.0,0.0,0.0,0.0,0.0,0.0,0.0
3198 PAG Pou4f2 Mesi2 Glut_5,0.0,0.0,0.0,0.0,0.0,0.0,1.0,0.0,0.0,0.0,0.0,0.0,0.0,0.0,0.0,0.0,0.0,0.0,0.0,0.0,0.0,0.0,0.0,0.0,0.0
3199 PAG Pou4f2 Mesi2 Glut_5,0.0,0.0,0.0,0.0,0.0,0.0,1.0,0.0,0.0,0.0,0.0,0.0,0.0,0.0,0.0,0.0,0.0,0.0,0.0,0.0,0.0,0.0,0.0,0.0,0.0
3200 PAG Pou4f2 Mesi2 Glut_6,0.0,0.0,0.0,0.0,0.0,0.0,0.972,0.0,0.0,0.0,0.0,0.0,0.0,0.0,0.0,0.0,0.0,0.0,0.028,0.0,0.0,0.0,0.0,0.0,0.0
3201 PAG Pou4f2 Mesi2 Glut_6,0.0,0.0,0.0,0.0,0.0,0.0,1.0,0.0,0.0,0.0,0.0,0.0,0.0,0.0,0.0,0.0,0.0,0.0,0.0,0.0,0.0,0.0,0.0,0.0,0.0
3202 PAG Pou4f2 Mesi2 Glut_6,0.0,0.0,0.0,0.0,0.0,0.0,1.0,0.0,0.0,0.0,0.0,0.0,0.0,0.0,0.0,0.0,0.0,0.0,0.0,0.0,0.0,0.0,0.0,0.0,0.0
3203 SC Bnc2 Glut_1,0.0,0.0,0.0,0.0035971223021582736,0.0,0.0,0.9892086330935251,0.0,0.0,0.0,0.0,0.0,0.0035971223021582736,0.0,0.0,0.0,0.0,0.0,0.0,0.0,0.0,0.0,0.0,0.0,0.0035971223021582736
3204 SC Bnc2 Glut_2,0.0,0.0,0.0,0.0,0.0,0.0,0.9939393939393939,0.0,0.0,0.0,0.0,0.0,0.0,0.0,0.0,0.0,0.0,0.0,0.006060606060606061,0.0,0.0,0.0,0.0,0.0,0.0
3205 SC Bnc2 Glut_2,0.0,0.0,0.0,0.0,0.0,0.0,1.0,0.0,0.0,0.0,0.0,0.0,0.0,0.0,0.0,0.0,0.0,0.0,0.0,0.0,0.0,0.0,0.0,0.0,0.0
3206 SC Bnc2 Glut_3,0.0,0.0,0.0,0.0,0.0,0.0,0.9858156028368794,0.0,0.0,0.0,0.0,0.0,0.0,0.0,0.0,0.0,0.0,0.0,0.0,0.0,0.0,0.0,0.0,0.0,0.014184397163120567
3207 SC Bnc2 Glut_3,0.0,0.0,0.0,0.0,0.0,0.0,0.9897959183673469,0.0,0.0,0.0,0.0,0.0,0.0,0.0,0.0,0.0,0.01020408163265306,0.0,0.0,0.0,0.0,0.0,0.0,0.0,0.0
3208 SC Bnc2 Glut_3,0.0,0.0,0.0,0.014771048744460856,0.0,0.008862629246676515,0.9497784342688331,0.0,0.0,0.0,0.0,0.0,0.0,0.0,0.0,0.0,0.004431314623338257,0.0,0.0,0.0,0.0,0.0,0.0,0.0,0.022156573116691284
3209 SC Bnc2 Glut_4,0.0,0.0,0.0,0.0,0.0,0.0,1.0,0.0,0.0,0.0,0.0,0.0,0.0,0.0,0.0,0.0,0.0,0.0,0.0,0.0,0.0,0.0,0.0,0.0,0.0
3210 SC Bnc2 Glut_4,0.0,0.0,0.0,0.0,0.0,0.0,1.0,0.0,0.0,0.0,0.0,0.0,0.0,0.0,0.0,0.0,0.0,0.0,0.0,0.0,0.0,0.0,0.0,0.0,0.0
3211 SCig Foxb1 Glut_1,0.0,0.0,0.0,0.0,0.0,0.0,1.0,0.0,0.0,0.0,0.0,0.0,0.0,0.0,0.0,0.0,0.0,0.0,0.0,0.0,0.0,0.0,0.0,0.0,0.0
3212 SCig Foxb1 Glut_1,0.0,0.0,0.0,0.0,0.0,0.0,0.9887640449438202,0.0,0.0,0.0,0.0,0.0,0.0,0.0,0.0,0.0,0.011235955056179775,0.0,0.0,0.0,0.0,0.0,0.0,0.0,0.0
3213 SCig Foxb1 Glut_1,0.0,0.0,0.0,0.0,0.0,0.0,1.0,0.0,0.0,0.0,0.0,0.0,0.0,0.0,0.0,0.0,0.0,0.0,0.0,0.0,0.0,0.0,0.0,0.0,0.0
3214 SCig Foxb1 Glut_1,0.0,0.0,0.0,0.0,0.0,0.0,1.0,0.0,0.0,0.0,0.0,0.0,0.0,0.0,0.0,0.0,0.0,0.0,0.0,0.0,0.0,0.0,0.0,0.0,0.0
3215 SCig Foxb1 Glut_1,0.0,0.0,0.0,0.0,0.0,0.0,1.0,0.0,0.0,0.0,0.0,0.0,0.0,0.0,0.0,0.0,0.0,0.0,0.0,0.0,0.0,0.0,0.0,0.0,0.0
3216 SCig Foxb1 Glut_1,0.0,0.0,0.0,0.006993006993006993,0.0,0.0,0.986013986013986,0.0,0.0,0.0,0.0,0.0,0.0,0.0,0.0,0.0,0.006993006993006993,0.0,0.0,0.0,0.0,0.0,0.0,0.0,0.0
3217 SCig Foxb1 Glut_1,0.0,0.0,0.0,0.0,0.0,0.0,0.9894736842105263,0.0,0.0,0.0,0.0,0.0,0.0,0.0,0.0,0.0,0.0,0.0,0.0,0.0,0.0,0.0,0.0,0.0,0.010526315789473684
3218 SCig Foxb1 Glut_1,0.0,0.0,0.0,0.007444168734491315,0.0,0.0,0.9801488833746899,0.0,0.0,0.0,0.0,0.0,0.0,0.0,0.0,0.0,0.007444168734491315,0.0,0.0024813895781637717,0.0,0.0024813895781637717,0.0,0.0,0.0,0.0
3219 SCig Foxb1 Glut_1,0.0,0.0,0.0,0.0,0.0,0.0,0.96,0.0,0.0,0.0,0.0,0.0,0.0,0.0,0.0,0.0,0.0,0.0,0.04,0.0,0.0,0.0,0.0,0.0,0.0
3220 SCig Foxb1 Glut_1,0.0,0.0,0.0,0.0072992700729927005,0.0,0.0,0.9927007299270073,0.0,0.0,0.0,0.0,0.0,0.0,0.0,0.0,0.0,0.0,0.0,0.0,0.0,0.0,0.0,0.0,0.0,0.0
3221 SCig Foxb1 Glut_2,0.0,0.0,0.0,0.0,0.0,0.0,1.0,0.0,0.0,0.0,0.0,0.0,0.0,0.0,0.0,0.0,0.0,0.0,0.0,0.0,0.0,0.0,0.0,0.0,0.0
3222 SCig Foxb1 Glut_2,0.0,0.0,0.0,0.002932551319648094,0.0,0.0,0.9941348973607038,0.0,0.0,0.0,0.0,0.0,0.0,0.0,0.0,0.0,0.0,0.0,0.002932551319648094,0.0,0.0,0.0,0.0,0.0,0.0
3223 SCig Foxb1 Glut_2,0.0,0.0,0.0,0.012422360248447204,0.0,0.0,0.9565217391304348,0.0,0.0,0.0,0.0,0.0,0.006211180124223602,0.0,0.0,0.0,0.009316770186335404,0.0,0.012422360248447204,0.0,0.0,0.0,0.0,0.0,0.003105590062111801
3224 SCig Foxb1 Glut_2,0.0,0.0,0.0,0.0,0.0,0.0,0.991304347826087,0.0,0.0,0.0,0.0,0.0,0.0,0.0,0.0,0.0,0.0,0.0,0.008695652173913044,0.0,0.0,0.0,0.0,0.0,0.0
3225 SCig Foxb1 Glut_2,0.0,0.0,0.0,0.0,0.0,0.0,1.0,0.0,0.0,0.0,0.0,0.0,0.0,0.0,0.0,0.0,0.0,0.0,0.0,0.0,0.0,0.0,0.0,0.0,0.0
3226 SCig Foxb1 Glut_2,0.0,0.0,0.0,0.0,0.0,0.0,0.9583333333333334,0.0,0.0,0.0,0.0,0.0,0.0,0.0,0.0,0.0,0.005952380952380952,0.0,0.023809523809523808,0.0,0.0,0.0,0.0,0.0,0.011904761904761904
3227 SCig Foxb1 Glut_3,0.0,0.0,0.0,0.11538461538461539,0.0,0.0,0.6923076923076923,0.0,0.0,0.0,0.0,0.0,0.0,0.0,0.0,0.0,0.0641025641025641,0.0,0.1282051282051282,0.0,0.0,0.0,0.0,0.0,0.0
3228 SCig Foxb1 Glut_3,0.0,0.0,0.0,0.011363636363636364,0.0,0.0,0.9090909090909091,0.0,0.0,0.0,0.0,0.0,0.0,0.0,0.0,0.0,0.022727272727272728,0.0,0.05113636363636364,0.0,0.005681818181818182,0.0,0.0,0.0,0.0
3229 SCig Foxb1 Glut_3,0.0,0.0,0.0,0.05217391304347826,0.0,0.0,0.8782608695652174,0.0,0.0,0.0,0.0,0.0,0.0,0.0,0.0,0.0,0.043478260869565216,0.0,0.02608695652173913,0.0,0.0,0.0,0.0,0.0,0.0
3230 SCig Foxb1 Glut_3,0.0,0.0,0.0,0.0,0.0,0.0,1.0,0.0,0.0,0.0,0.0,0.0,0.0,0.0,0.0,0.0,0.0,0.0,0.0,0.0,0.0,0.0,0.0,0.0,0.0
3231 SCig Foxb1 Glut_3,0.0,0.0,0.0,0.0,0.0,0.0,0.9850746268656716,0.0,0.0,0.0,0.0,0.0,0.0,0.0,0.0,0.0,0.014925373134328358,0.0,0.0,0.0,0.0,0.0,0.0,0.0,0.0
3232 SCig Foxb1 Glut_3,0.0,0.0,0.0,0.0,0.0,0.0,1.0,0.0,0.0,0.0,0.0,0.0,0.0,0.0,0.0,0.0,0.0,0.0,0.0,0.0,0.0,0.0,0.0,0.0,0.0
3233 SCig Foxb1 Glut_3,0.0,0.0,0.0,0.0,0.0,0.0,0.9615384615384616,0.0,0.0,0.0,0.0,0.0,0.0,0.0,0.0,0.0,0.0,0.0,0.038461538461538464,0.0,0.0,0.0,0.0,0.0,0.0
3234 SCig Foxb1 Glut_4,0.0,0.0,0.0,0.0,0.0,0.0,0.9855072463768116,0.0,0.0,0.0,0.0,0.0,0.0,0.0,0.0,0.0,0.0,0.0,0.014492753623188406,0.0,0.0,0.0,0.0,0.0,0.0
3235 SCig Foxb1 Glut_4,0.03333333333333333,0.0,0.0,0.0,0.0,0.0,0.9666666666666667,0.0,0.0,0.0,0.0,0.0,0.0,0.0,0.0,0.0,0.0,0.0,0.0,0.0,0.0,0.0,0.0,0.0,0.0
3236 SCig Foxb1 Glut_4,0.0,0.0,0.0,0.0,0.0,0.0,0.9512195121951219,0.0,0.0,0.0,0.0,0.0,0.0,0.0,0.0,0.0,0.0,0.0,0.04878048780487805,0.0,0.0,0.0,0.0,0.0,0.0
3237 SCig Foxb1 Glut_4,0.0,0.0,0.0,0.0,0.0,0.0,1.0,0.0,0.0,0.0,0.0,0.0,0.0,0.0,0.0,0.0,0.0,0.0,0.0,0.0,0.0,0.0,0.0,0.0,0.0
3238 SCig Foxb1 Glut_4,0.0,0.0,0.0,0.0,0.0,0.0,1.0,0.0,0.0,0.0,0.0,0.0,0.0,0.0,0.0,0.0,0.0,0.0,0.0,0.0,0.0,0.0,0.0,0.0,0.0
3239 SCig Foxb1 Glut_4,0.0,0.0,0.0,0.0,0.0,0.0,0.9888268156424581,0.0,0.0,0.0,0.0,0.0,0.0,0.0,0.0,0.0,0.0,0.0,0.0111731843575419,0.0,0.0,0.0,0.0,0.0,0.0
3240 SCig Foxb1 Glut_4,0.0,0.0,0.0,0.0,0.0,0.0,0.9969040247678018,0.0,0.0,0.0,0.0,0.0,0.0,0.0,0.0,0.0,0.0,0.0,0.0030959752321981426,0.0,0.0,0.0,0.0,0.0,0.0
3241 SCig-an-PPT Foxb1 Glut_1,0.0,0.0,0.0,0.002583979328165375,0.0,0.0,0.9560723514211886,0.0,0.0,0.0,0.0,0.0,0.015503875968992248,0.0,0.0,0.0,0.002583979328165375,0.0,0.020671834625323,0.0,0.002583979328165375,0.0,0.0,0.0,0.0
3242 SCig-an-PPT Foxb1 Glut_1,0.0,0.0,0.0,0.0,0.0,0.0,1.0,0.0,0.0,0.0,0.0,0.0,0.0,0.0,0.0,0.0,0.0,0.0,0.0,0.0,0.0,0.0,0.0,0.0,0.0
3243 SCig-an-PPT Foxb1 Glut_1,0.0,0.0,0.0,0.003236245954692557,0.003236245954692557,0.0,0.9741100323624595,0.0,0.0,0.0,0.0,0.0,0.0,0.0,0.0,0.0,0.012944983818770227,0.0,0.006472491909385114,0.0,0.0,0.0,0.0,0.0,0.0
3244 SCig-an-PPT Foxb1 Glut_1,0.0,0.0,0.0,0.0017452006980802793,0.005235602094240838,0.0,0.9825479930191972,0.0,0.0,0.0,0.0,0.0,0.006980802792321117,0.0,0.0,0.0,0.0017452006980802793,0.0,0.0017452006980802793,0.0,0.0,0.0,0.0,0.0,0.0
3245 SCig-an-PPT Foxb1 Glut_1,0.0,0.0,0.0,0.0,0.0,0.0,0.9615384615384616,0.0,0.0,0.0,0.0,0.0,0.0,0.0,0.0,0.0,0.038461538461538464,0.0,0.0,0.0,0.0,0.0,0.0,0.0,0.0
3246 SCig-an-PPT Foxb1 Glut_1,0.0,0.0,0.0,0.02564102564102564,0.0,0.0,0.9743589743589743,0.0,0.0,0.0,0.0,0.0,0.0,0.0,0.0,0.0,0.0,0.0,0.0,0.0,0.0,0.0,0.0,0.0,0.0
3247 SCig-an-PPT Foxb1 Glut_1,0.0,0.0,0.0,0.0,0.0,0.0,0.9917355371900827,0.0,0.0,0.0,0.0,0.0,0.0,0.0,0.0,0.0,0.0,0.0,0.008264462809917356,0.0,0.0,0.0,0.0,0.0,0.0
3248 SCig-an-PPT Foxb1 Glut_1,0.0,0.0,0.0,0.0,0.0,0.0,1.0,0.0,0.0,0.0,0.0,0.0,0.0,0.0,0.0,0.0,0.0,0.0,0.0,0.0,0.0,0.0,0.0,0.0,0.0
3249 SCig-an-PPT Foxb1 Glut_1,0.0,0.0,0.0,0.0,0.0,0.0,1.0,0.0,0.0,0.0,0.0,0.0,0.0,0.0,0.0,0.0,0.0,0.0,0.0,0.0,0.0,0.0,0.0,0.0,0.0
3250 SCig-an-PPT Foxb1 Glut_1,0.0,0.0,0.0,0.0,0.0,0.0,0.9712643678160919,0.0,0.0,0.0,0.0,0.0,0.0,0.0,0.0,0.0,0.0,0.0,0.028735632183908046,0.0,0.0,0.0,0.0,0.0,0.0
3251 SCig-an-PPT Foxb1 Glut_1,0.0,0.0,0.0,0.031496062992125984,0.0,0.0,0.9133858267716536,0.0,0.0,0.0,0.0,0.0,0.007874015748031496,0.0,0.0,0.0,0.0,0.0,0.031496062992125984,0.0,0.015748031496062992,0.0,0.0,0.0,0.0
3252 SCig Foxb1 Otx2 Glut_1,0.0,0.0,0.0,0.0,0.0,0.0,1.0,0.0,0.0,0.0,0.0,0.0,0.0,0.0,0.0,0.0,0.0,0.0,0.0,0.0,0.0,0.0,0.0,0.0,0.0
3253 SCig Foxb1 Otx2 Glut_1,0.0,0.0,0.0,0.0,0.0,0.0,0.9772727272727273,0.0,0.0,0.0,0.0,0.0,0.0,0.0,0.0,0.0,0.011363636363636364,0.0,0.011363636363636364,0.0,0.0,0.0,0.0,0.0,0.0
3254 SCig Foxb1 Otx2 Glut_1,0.0,0.0,0.0,0.0,0.0,0.0,0.979381443298969,0.0,0.0,0.0,0.0,0.0,0.0,0.0,0.0,0.0,0.020618556701030927,0.0,0.0,0.0,0.0,0.0,0.0,0.0,0.0
3255 SCig Foxb1 Otx2 Glut_1,0.0,0.0,0.0,0.0,0.0,0.0,1.0,0.0,0.0,0.0,0.0,0.0,0.0,0.0,0.0,0.0,0.0,0.0,0.0,0.0,0.0,0.0,0.0,0.0,0.0
3256 SCdg-PAG Tfap2b Glut_1,0.0,0.0,0.0,0.0,0.0,0.0,1.0,0.0,0.0,0.0,0.0,0.0,0.0,0.0,0.0,0.0,0.0,0.0,0.0,0.0,0.0,0.0,0.0,0.0,0.0
3257 SCdg-PAG Tfap2b Glut_1,0.0,0.0,0.0,0.0,0.0,0.0,0.88,0.0,0.0,0.0,0.0,0.0,0.0,0.0,0.0,0.0,0.0,0.0,0.12,0.0,0.0,0.0,0.0,0.0,0.0
3258 SCdg-PAG Tfap2b Glut_1,0.0,0.0,0.0,0.0,0.0,0.0,0.9657794676806084,0.0,0.0,0.0,0.0,0.0,0.0,0.0,0.0,0.0,0.0,0.0,0.034220532319391636,0.0,0.0,0.0,0.0,0.0,0.0
3259 SCdg-PAG Tfap2b Glut_1,0.0,0.0,0.0,0.0,0.0,0.0,0.9682539682539683,0.0,0.0,0.0,0.0,0.0,0.0,0.0,0.0,0.0,0.0,0.0,0.031746031746031744,0.0,0.0,0.0,0.0,0.0,0.0
3260 SCdg-PAG Tfap2b Glut_1,0.0,0.0,0.0,0.0,0.0,0.0,1.0,0.0,0.0,0.0,0.0,0.0,0.0,0.0,0.0,0.0,0.0,0.0,0.0,0.0,0.0,0.0,0.0,0.0,0.0
3261 SCdg-PAG Tfap2b Glut_1,0.0,0.0,0.0,0.0,0.0,0.0,0.995260663507109,0.0,0.0,0.0,0.0,0.0,0.0,0.0,0.0,0.0,0.0,0.0,0.004739336492890996,0.0,0.0,0.0,0.0,0.0,0.0
3262 SCdg-PAG Tfap2b Glut_1,0.0,0.0,0.0,0.0,0.0,0.0,1.0,0.0,0.0,0.0,0.0,0.0,0.0,0.0,0.0,0.0,0.0,0.0,0.0,0.0,0.0,0.0,0.0,0.0,0.0
3263 SCiw Pitx2 Glut_1,0.0,0.0,0.0,0.0,0.0,0.0,0.9666666666666667,0.0,0.0,0.0,0.0,0.0,0.0,0.0,0.0,0.0,0.0,0.0,0.0,0.0,0.0,0.0,0.03333333333333333,0.0,0.0
3264 SCiw Pitx2 Glut_1,0.0,0.0,0.0,0.0,0.0,0.0,1.0,0.0,0.0,0.0,0.0,0.0,0.0,0.0,0.0,0.0,0.0,0.0,0.0,0.0,0.0,0.0,0.0,0.0,0.0
3265 SCiw Pitx2 Glut_1,0.0,0.0,0.0,0.0,0.0,0.0,1.0,0.0,0.0,0.0,0.0,0.0,0.0,0.0,0.0,0.0,0.0,0.0,0.0,0.0,0.0,0.0,0.0,0.0,0.0
3266 SCiw Pitx2 Glut_1,0.0,0.0,0.0,0.0,0.0,0.0,1.0,0.0,0.0,0.0,0.0,0.0,0.0,0.0,0.0,0.0,0.0,0.0,0.0,0.0,0.0,0.0,0.0,0.0,0.0
3267 SCiw Pitx2 Glut_1,0.0,0.0,0.0,0.0,0.0,0.0,1.0,0.0,0.0,0.0,0.0,0.0,0.0,0.0,0.0,0.0,0.0,0.0,0.0,0.0,0.0,0.0,0.0,0.0,0.0
3268 SCiw Pitx2 Glut_1,0.0,0.0,0.0,0.0,0.0,0.0,1.0,0.0,0.0,0.0,0.0,0.0,0.0,0.0,0.0,0.0,0.0,0.0,0.0,0.0,0.0,0.0,0.0,0.0,0.0
3269 SCiw Pitx2 Glut_1,0.0,0.0,0.0,0.0,0.0,0.0,1.0,0.0,0.0,0.0,0.0,0.0,0.0,0.0,0.0,0.0,0.0,0.0,0.0,0.0,0.0,0.0,0.0,0.0,0.0
3270 SCiw Pitx2 Glut_1,0.0,0.0,0.0,0.0,0.0,0.0,1.0,0.0,0.0,0.0,0.0,0.0,0.0,0.0,0.0,0.0,0.0,0.0,0.0,0.0,0.0,0.0,0.0,0.0,0.0
3271 SCiw Pitx2 Glut_1,0.0,0.0,0.0,0.0,0.0,0.0,1.0,0.0,0.0,0.0,0.0,0.0,0.0,0.0,0.0,0.0,0.0,0.0,0.0,0.0,0.0,0.0,0.0,0.0,0.0
3272 SCiw Pitx2 Glut_1,0.0,0.0,0.0,0.0,0.0,0.0,1.0,0.0,0.0,0.0,0.0,0.0,0.0,0.0,0.0,0.0,0.0,0.0,0.0,0.0,0.0,0.0,0.0,0.0,0.0
3273 SCiw Pitx2 Glut_2,0.0,0.0,0.0,0.0,0.0,0.0,1.0,0.0,0.0,0.0,0.0,0.0,0.0,0.0,0.0,0.0,0.0,0.0,0.0,0.0,0.0,0.0,0.0,0.0,0.0
3274 SCiw Pitx2 Glut_2,0.0,0.0,0.0,0.0,0.0,0.0,1.0,0.0,0.0,0.0,0.0,0.0,0.0,0.0,0.0,0.0,0.0,0.0,0.0,0.0,0.0,0.0,0.0,0.0,0.0
3275 SCiw Pitx2 Glut_2,0.0,0.0,0.0,0.0,0.0,0.0,0.9910714285714286,0.0,0.0,0.0,0.0,0.0,0.0,0.0,0.0,0.0,0.0,0.0,0.008928571428571428,0.0,0.0,0.0,0.0,0.0,0.0
3276 SCiw Pitx2 Glut_2,0.0,0.0,0.0,0.0,0.0,0.0,0.9736842105263158,0.0,0.0,0.0,0.0,0.0,0.0,0.0,0.0,0.0,0.0,0.0,0.02631578947368421,0.0,0.0,0.0,0.0,0.0,0.0
3277 SCiw Pitx2 Glut_2,0.0,0.0,0.0,0.0,0.0,0.0,1.0,0.0,0.0,0.0,0.0,0.0,0.0,0.0,0.0,0.0,0.0,0.0,0.0,0.0,0.0,0.0,0.0,0.0,0.0
3278 SCiw Pitx2 Glut_2,0.0,0.0,0.0,0.0,0.0,0.0,1.0,0.0,0.0,0.0,0.0,0.0,0.0,0.0,0.0,0.0,0.0,0.0,0.0,0.0,0.0,0.0,0.0,0.0,0.0
3279 SCiw Pitx2 Glut_3,0.0,0.0,0.0,0.0,0.0,0.0,0.9986187845303868,0.0,0.0,0.0,0.0,0.0,0.0,0.0,0.0,0.0,0.0,0.0,0.0,0.0,0.0013812154696132596,0.0,0.0,0.0,0.0
3280 SCiw Pitx2 Glut_3,0.0,0.0,0.0,0.0,0.0,0.0,1.0,0.0,0.0,0.0,0.0,0.0,0.0,0.0,0.0,0.0,0.0,0.0,0.0,0.0,0.0,0.0,0.0,0.0,0.0
3281 SCiw Pitx2 Glut_3,0.0,0.0,0.0,0.0,0.0,0.0,1.0,0.0,0.0,0.0,0.0,0.0,0.0,0.0,0.0,0.0,0.0,0.0,0.0,0.0,0.0,0.0,0.0,0.0,0.0
3282 IC Tfap2d Maf Glut_1,0.0,0.14089157952669235,0.0,0.0,0.0,0.0,0.8514034122179417,0.0,0.0,0.0,0.0,0.0,0.0,0.0,0.0,0.0,0.0,0.0,0.0,0.0,0.0,0.0,0.0,0.0,0.007705008255365988
3283 IC Tfap2d Maf Glut_1,0.0,0.10305343511450382,0.0,0.0,0.0,0.0,0.8931297709923665,0.0,0.0,0.0,0.0,0.0,0.0,0.0,0.0,0.0,0.0,0.0,0.0,0.0,0.0,0.0,0.0,0.0,0.003816793893129771
3284 IC Tfap2d Maf Glut_1,0.0,0.01316585956416465,0.0,0.0,0.0003026634382566586,0.0,0.9804782082324455,0.0,0.0,0.0,0.0,0.0,0.0006053268765133172,0.0,0.0,0.0,0.0,0.0,0.0006053268765133172,0.0,0.0,0.0,0.0,0.0,0.004842615012106538
3285 IC Tfap2d Maf Glut_1,0.0,0.008032128514056224,0.0,0.0,0.0,0.0,0.9879518072289156,0.0,0.0,0.0,0.0,0.0,0.0,0.0,0.0,0.0,0.0,0.0,0.004016064257028112,0.0,0.0,0.0,0.0,0.0,0.0
3286 IC Tfap2d Maf Glut_1,0.0,0.045454545454545456,0.0,0.0,0.0,0.0,0.9515151515151515,0.0,0.0,0.0,0.0,0.0,0.0,0.0,0.0,0.0,0.0,0.0,0.0,0.0,0.0,0.0,0.0,0.0,0.0030303030303030303
3287 IC Tfap2d Maf Glut_1,0.0,0.0,0.0,0.0,0.0,0.0,0.9991031390134529,0.0,0.0,0.0,0.0,0.0,0.0,0.0,0.0,0.0,0.0,0.0,0.0008968609865470852,0.0,0.0,0.0,0.0,0.0,0.0
3288 IC Tfap2d Maf Glut_1,0.0,0.10357815442561205,0.0,0.0,0.0,0.0,0.8568738229755178,0.0,0.0,0.0,0.0,0.0,0.0,0.0,0.0,0.0,0.0018832391713747645,0.0,0.022598870056497175,0.0,0.0,0.0,0.0,0.0,0.015065913370998116
3289 IC Tfap2d Maf Glut_1,0.0,0.0,0.0,0.0,0.0,0.0,0.9988479262672811,0.0,0.0,0.0,0.0,0.0,0.0,0.0,0.0,0.0,0.0,0.0,0.001152073732718894,0.0,0.0,0.0,0.0,0.0,0.0
3290 IC Tfap2d Maf Glut_1,0.0,0.017605633802816902,0.0,0.0,0.0,0.0,0.9823943661971831,0.0,0.0,0.0,0.0,0.0,0.0,0.0,0.0,0.0,0.0,0.0,0.0,0.0,0.0,0.0,0.0,0.0,0.0
3291 IC Tfap2d Maf Glut_2,0.0,0.0,0.0,0.0,0.0,0.0,0.8620689655172413,0.0,0.0,0.0,0.0,0.0,0.0,0.0,0.0,0.0,0.0,0.0,0.13793103448275862,0.0,0.0,0.0,0.0,0.0,0.0
3292 IC Tfap2d Maf Glut_2,0.0,0.38235294117647056,0.0,0.014705882352941176,0.0,0.0,0.5147058823529411,0.0,0.0,0.0,0.0,0.0,0.0,0.0,0.0,0.0,0.0,0.0,0.07352941176470588,0.0,0.0,0.0,0.0,0.0,0.014705882352941176
3293 IC Tfap2d Maf Glut_2,0.0,0.5652173913043478,0.0,0.0,0.0,0.0,0.391304347826087,0.0,0.0,0.0,0.0,0.0,0.0,0.0,0.0,0.0,0.0,0.0,0.0,0.0,0.0,0.0,0.0,0.0,0.043478260869565216
3294 IC Tfap2d Maf Glut_2,0.0,0.6428571428571429,0.0,0.0,0.0,0.0,0.32857142857142857,0.0,0.0,0.0,0.0,0.0,0.0,0.0,0.0,0.0,0.0,0.0,0.0,0.0,0.0,0.0,0.0,0.0,0.02857142857142857
3295 IC Tfap2d Maf Glut_2,0.0,0.55,0.0,0.0,0.0,0.0,0.4,0.0,0.0,0.0,0.0,0.0,0.0,0.0,0.0,0.0,0.0,0.0,0.0,0.0,0.0,0.0,0.0,0.0,0.05
3296 IC Tfap2d Maf Glut_2,0.0,0.33195020746887965,0.0,0.0,0.0,0.0,0.5892116182572614,0.0,0.0,0.0,0.0,0.0,0.0,0.0,0.0,0.0,0.0,0.0,0.03319502074688797,0.0,0.0,0.0,0.0,0.0,0.04564315352697095
3297 IC Tfap2d Maf Glut_2,0.0,0.02040816326530612,0.0,0.0,0.0,0.0,0.8877551020408163,0.0,0.0,0.0,0.0,0.0,0.0,0.0,0.0,0.0,0.0,0.0,0.061224489795918366,0.0,0.0,0.0,0.0,0.0,0.030612244897959183
3298 IC Tfap2d Maf Glut_2,0.0,0.06299212598425197,0.0,0.0026246719160104987,0.0,0.0,0.6955380577427821,0.0,0.0,0.0,0.0,0.0,0.0,0.0,0.0,0.0,0.023622047244094488,0.0,0.1679790026246719,0.0,0.0,0.0,0.0,0.0,0.047244094488188976
3299 IC Tfap2d Maf Glut_2,0.0,0.3106796116504854,0.0,0.0,0.0,0.0,0.6796116504854369,0.0,0.0,0.0,0.0,0.0,0.0,0.0,0.0,0.0,0.0,0.0,0.0,0.0,0.0,0.0,0.0,0.0,0.009708737864077669
3300 IC Tfap2d Maf Glut_2,0.0018674136321195146,0.450046685340803,0.0,0.0,0.0,0.0,0.5340802987861811,0.0,0.0,0.0,0.0,0.0,0.0,0.0,0.0,0.0,0.0,0.0,0.0,0.0,0.0,0.0,0.0,0.0,0.014005602240896359
3301 IC Tfap2d Maf Glut_2,0.0,0.21888412017167383,0.0,0.0,0.0,0.0,0.7703862660944206,0.0,0.0,0.0,0.0,0.0,0.0,0.0,0.0,0.0,0.0,0.0,0.0,0.0,0.0,0.0,0.0,0.0,0.01072961373390558
3302 IC Tfap2d Maf Glut_2,0.011904761904761904,0.2857142857142857,0.0,0.0,0.0,0.0,0.6904761904761905,0.0,0.0,0.0,0.0,0.0,0.0,0.0,0.0,0.0,0.0,0.0,0.0,0.0,0.0,0.0,0.0,0.0,0.011904761904761904
3303 IC Tfap2d Maf Glut_3,0.0,0.10469314079422383,0.0,0.0,0.0,0.0,0.8664259927797834,0.0,0.0,0.0,0.0,0.0,0.0,0.0,0.0,0.0,0.0,0.0,0.021660649819494584,0.0,0.0,0.0,0.0,0.0,0.007220216606498195
3304 IC Tfap2d Maf Glut_3,0.0030991735537190084,0.08161157024793389,0.0,0.0,0.0,0.0,0.8657024793388429,0.0,0.0,0.0,0.0,0.0,0.0,0.0,0.0,0.0,0.0,0.0,0.008264462809917356,0.0,0.0,0.0,0.0,0.0,0.04132231404958678
3305 IC Tfap2d Maf Glut_3,0.0,0.040207522697795074,0.0,0.0,0.0,0.0,0.9299610894941635,0.0,0.0,0.0,0.0,0.0,0.0,0.0,0.0,0.0,0.0,0.0,0.0012970168612191958,0.0,0.0,0.0,0.0,0.0,0.028534370946822308
3306 IC Tfap2d Maf Glut_3,0.0,0.05166240409207161,0.0,0.0,0.0,0.0,0.9290281329923273,0.0,0.0,0.0,0.0,0.0,0.0,0.0,0.0,0.0,0.0001278772378516624,0.0,0.002301790281329923,0.0,0.0,0.0,0.0,0.0,0.01687979539641944
3307 IC Tfap2d Maf Glut_3,0.0,0.02711864406779661,0.0,0.0,0.0,0.0,0.9728813559322034,0.0,0.0,0.0,0.0,0.0,0.0,0.0,0.0,0.0,0.0,0.0,0.0,0.0,0.0,0.0,0.0,0.0,0.0
3308 IC Tfap2d Maf Glut_3,0.0015785319652722968,0.20205209155485399,0.0,0.0,0.0,0.0,0.7640094711917916,0.0,0.0,0.0,0.0,0.0,0.0,0.0,0.0,0.0,0.0023677979479084454,0.0,0.018153117600631413,0.0,0.0,0.0,0.0,0.0,0.011838989739542225
3309 IC Tfap2d Maf Glut_4,0.0,0.0,0.0,0.0,0.0,0.0,0.9770114942528736,0.0,0.0,0.0,0.0,0.0,0.0,0.0,0.0,0.0,0.0,0.0,0.022988505747126436,0.0,0.0,0.0,0.0,0.0,0.0
3310 IC Tfap2d Maf Glut_4,0.0,0.0,0.0,0.0,0.0,0.0,0.99644128113879,0.0,0.0,0.0,0.0,0.0,0.0,0.0,0.0,0.0,0.0,0.0,0.0035587188612099642,0.0,0.0,0.0,0.0,0.0,0.0
3311 IC Tfap2d Maf Glut_4,0.0,0.013565891472868217,0.0,0.001937984496124031,0.0,0.0,0.9147286821705426,0.0,0.0,0.001937984496124031,0.0,0.0,0.0,0.0,0.0,0.0,0.0,0.0,0.0562015503875969,0.0,0.0,0.0,0.0,0.0,0.011627906976744186
3312 IC Tfap2d Maf Glut_4,0.0,0.03349282296650718,0.0,0.0,0.0,0.0,0.9473684210526315,0.0,0.0,0.0,0.0,0.0,0.0,0.0,0.0,0.0,0.0,0.0,0.019138755980861243,0.0,0.0,0.0,0.0,0.0,0.0
3313 IC Tfap2d Maf Glut_4,0.0,0.015151515151515152,0.0,0.0,0.0,0.0,0.9242424242424242,0.0,0.0,0.0,0.0,0.0,0.0,0.0,0.0,0.0,0.0,0.0,0.030303030303030304,0.0,0.0,0.0,0.0,0.0,0.030303030303030304
3314 IC Tfap2d Maf Glut_4,0.0,0.005555555555555556,0.0,0.0,0.0,0.0,0.9833333333333333,0.0,0.0,0.0,0.0,0.0,0.0,0.0,0.0,0.0,0.0,0.0,0.011111111111111112,0.0,0.0,0.0,0.0,0.0,0.0
3315 IC Tfap2d Maf Glut_5,0.0,0.05163511187607573,0.0,0.0,0.0,0.0,0.8898450946643718,0.0,0.0,0.0,0.0,0.0,0.0017211703958691911,0.0,0.0,0.0,0.0,0.0,0.013769363166953529,0.0,0.0,0.0,0.0,0.0,0.043029259896729774
3316 IC Tfap2d Maf Glut_6,0.0,0.0297029702970297,0.0,0.0,0.0,0.0,0.9686468646864687,0.0,0.0,0.0,0.0,0.0,0.0,0.0,0.0,0.0,0.0,0.0,0.0016501650165016502,0.0,0.0,0.0,0.0,0.0,0.0
3317 IC Tfap2d Maf Glut_6,0.0,0.07674418604651163,0.0,0.0,0.0,0.0,0.8930232558139535,0.0,0.0,0.0,0.0,0.0,0.0,0.0,0.0,0.0,0.0,0.0,0.009302325581395349,0.0,0.0,0.0,0.0,0.0,0.020930232558139535
3318 IC Tfap2d Maf Glut_6,0.0,0.08670520231213873,0.0,0.0,0.0,0.0,0.8901734104046243,0.0,0.0,0.0,0.0,0.0,0.0,0.0,0.0,0.0,0.0,0.0,0.005780346820809248,0.0,0.0,0.0,0.0,0.0,0.017341040462427744
3319 IC Tfap2d Maf Glut_6,0.0,0.006756756756756757,0.0,0.0,0.0,0.0,0.9864864864864865,0.0,0.0,0.0,0.0,0.0,0.0,0.0,0.0,0.0,0.0033783783783783786,0.0,0.0033783783783783786,0.0,0.0,0.0,0.0,0.0,0.0
3320 CUN-PPN Evx2 Meis2 Glut_1,0.0,0.23255813953488372,0.0,0.0,0.0,0.0,0.5116279069767442,0.0,0.0,0.20930232558139536,0.0,0.0,0.0,0.0,0.0,0.0,0.0,0.046511627906976744,0.0,0.0,0.0,0.0,0.0,0.0,0.0
3321 CUN-PPN Evx2 Meis2 Glut_1,0.0,0.16,0.0,0.0,0.0,0.0,0.76,0.0,0.0,0.06,0.0,0.0,0.0,0.0,0.0,0.0,0.0,0.02,0.0,0.0,0.0,0.0,0.0,0.0,0.0
3322 CUN-PPN Evx2 Meis2 Glut_1,0.0,0.0,0.0,0.0,0.0,0.0,0.8863636363636364,0.0,0.0,0.09090909090909091,0.0,0.0,0.0,0.0,0.0,0.0,0.0,0.0,0.022727272727272728,0.0,0.0,0.0,0.0,0.0,0.0
3323 CUN-PPN Evx2 Meis2 Glut_1,0.0,0.0,0.0,0.0,0.0,0.0,1.0,0.0,0.0,0.0,0.0,0.0,0.0,0.0,0.0,0.0,0.0,0.0,0.0,0.0,0.0,0.0,0.0,0.0,0.0
3324 CUN-PPN Evx2 Meis2 Glut_1,0.0,0.125,0.0,0.0,0.0,0.0,0.7708333333333334,0.0,0.0,0.08333333333333333,0.0,0.0,0.0,0.0,0.0,0.0,0.0,0.020833333333333332,0.0,0.0,0.0,0.0,0.0,0.0,0.0
3325 CUN-PPN Evx2 Meis2 Glut_1,0.0,0.0,0.0,0.0,0.0,0.0,0.9705882352941176,0.0,0.0,0.029411764705882353,0.0,0.0,0.0,0.0,0.0,0.0,0.0,0.0,0.0,0.0,0.0,0.0,0.0,0.0,0.0
3326 CUN-PPN Evx2 Meis2 Glut_1,0.0,0.0,0.0,0.0,0.0,0.0,0.95,0.0,0.0,0.0,0.0,0.0,0.0,0.0,0.0,0.0,0.0,0.0,0.05,0.0,0.0,0.0,0.0,0.0,0.0
3327 CUN-PPN Evx2 Meis2 Glut_1,0.0,0.0,0.0,0.0,0.0,0.0,0.8928571428571429,0.0,0.0,0.0,0.0,0.0,0.0,0.0,0.0,0.0,0.0,0.0,0.10714285714285714,0.0,0.0,0.0,0.0,0.0,0.0
3329 CUN-PPN Evx2 Meis2 Glut_1,0.0,0.0,0.0,0.0,0.0,0.0,0.7009345794392523,0.0,0.0,0.19626168224299065,0.0,0.0,0.0,0.0,0.0,0.0,0.0,0.04672897196261682,0.056074766355140186,0.0,0.0,0.0,0.0,0.0,0.0
3330 CUN-PPN Evx2 Meis2 Glut_1,0.0,0.0,0.0,0.0,0.0,0.0,0.9104477611940298,0.0,0.0,0.014925373134328358,0.0,0.0,0.0,0.0,0.0,0.0,0.0,0.0,0.07462686567164178,0.0,0.0,0.0,0.0,0.0,0.0
3331 CUN-PPN Evx2 Meis2 Glut_1,0.0,0.0,0.0,0.0,0.0,0.0,0.990990990990991,0.0,0.0,0.0,0.0,0.0,0.0,0.0,0.0,0.0,0.0,0.0,0.009009009009009009,0.0,0.0,0.0,0.0,0.0,0.0
3332 CUN-PPN Evx2 Meis2 Glut_1,0.0,0.0,0.0,0.0,0.0,0.0,0.9545454545454546,0.0,0.0,0.0,0.0,0.0,0.0,0.0,0.0,0.0,0.0,0.0,0.045454545454545456,0.0,0.0,0.0,0.0,0.0,0.0
3333 CUN-PPN Evx2 Meis2 Glut_1,0.0,0.0,0.0,0.0,0.0,0.0,0.9444444444444444,0.0,0.0,0.011111111111111112,0.0,0.0,0.0,0.0,0.0,0.0,0.0,0.0,0.044444444444444446,0.0,0.0,0.0,0.0,0.0,0.0
3334 CUN-PPN Evx2 Meis2 Glut_1,0.0,0.0,0.0,0.0,0.0,0.0,1.0,0.0,0.0,0.0,0.0,0.0,0.0,0.0,0.0,0.0,0.0,0.0,0.0,0.0,0.0,0.0,0.0,0.0,0.0
3335 CUN-PPN Evx2 Meis2 Glut_1,0.0,0.0,0.0,0.0,0.0,0.0,0.9908256880733946,0.0,0.0,0.0,0.0,0.0,0.0,0.0,0.0,0.0,0.0,0.0,0.009174311926605505,0.0,0.0,0.0,0.0,0.0,0.0
3336 CUN-PPN Evx2 Meis2 Glut_2,0.0,0.0,0.0,0.0,0.0,0.0,0.7291666666666666,0.0,0.0,0.14583333333333334,0.0,0.0,0.0,0.0,0.0,0.0,0.0,0.0,0.125,0.0,0.0,0.0,0.0,0.0,0.0
3337 CUN-PPN Evx2 Meis2 Glut_2,0.043478260869565216,0.0,0.0,0.0,0.0,0.0,0.6956521739130435,0.0,0.0,0.2608695652173913,0.0,0.0,0.0,0.0,0.0,0.0,0.0,0.0,0.0,0.0,0.0,0.0,0.0,0.0,0.0
3338 CUN-PPN Evx2 Meis2 Glut_3,0.0,0.012121212121212121,0.0,0.0,0.0,0.0,0.4303030303030303,0.0,0.0,0.5151515151515151,0.0,0.0,0.0,0.0,0.0,0.0,0.0,0.04242424242424243,0.0,0.0,0.0,0.0,0.0,0.0,0.0
3339 CUN-PPN Evx2 Meis2 Glut_3,0.03076923076923077,0.0,0.0,0.0,0.0,0.0,0.3230769230769231,0.0,0.0,0.6153846153846154,0.0,0.0,0.0,0.0,0.0,0.0,0.023076923076923078,0.007692307692307693,0.0,0.0,0.0,0.0,0.0,0.0,0.0
3340 CUN-PPN Evx2 Meis2 Glut_3,0.0,0.0,0.0,0.0,0.0,0.0,0.7619047619047619,0.0,0.0,0.23809523809523808,0.0,0.0,0.0,0.0,0.0,0.0,0.0,0.0,0.0,0.0,0.0,0.0,0.0,0.0,0.0
3341 CUN-PPN Evx2 Meis2 Glut_3,0.0,0.0,0.0,0.0,0.0,0.0,0.55,0.0,0.0,0.35,0.0,0.0,0.0,0.0,0.0,0.0,0.0,0.1,0.0,0.0,0.0,0.0,0.0,0.0,0.0
3342 CUN-PPN Evx2 Meis2 Glut_4,0.0,0.1,0.0,0.0,0.0,0.0,0.75,0.0,0.0,0.15,0.0,0.0,0.0,0.0,0.0,0.0,0.0,0.0,0.0,0.0,0.0,0.0,0.0,0.0,0.0
3343 CUN-PPN Evx2 Meis2 Glut_4,0.0,0.0,0.0,0.0,0.0,0.0,0.9117647058823529,0.0,0.0,0.08823529411764706,0.0,0.0,0.0,0.0,0.0,0.0,0.0,0.0,0.0,0.0,0.0,0.0,0.0,0.0,0.0
3344 CUN-PPN Evx2 Meis2 Glut_4,0.0,0.0,0.0,0.0,0.0,0.0,0.9746835443037974,0.0,0.0,0.012658227848101266,0.0,0.0,0.0,0.0,0.0,0.0,0.0,0.012658227848101266,0.0,0.0,0.0,0.0,0.0,0.0,0.0
3345 CUN-PPN Evx2 Meis2 Glut_4,0.0,0.0,0.0,0.0,0.0,0.0,0.7954545454545454,0.0,0.0,0.1893939393939394,0.0,0.0,0.0,0.0,0.0,0.0,0.0,0.015151515151515152,0.0,0.0,0.0,0.0,0.0,0.0,0.0
3346 CUN-PPN Evx2 Meis2 Glut_4,0.0,0.0,0.0,0.0,0.0,0.0,0.4067796610169492,0.0,0.0,0.5677966101694916,0.0,0.0,0.0,0.0,0.00847457627118644,0.0,0.0,0.0,0.00847457627118644,0.00847457627118644,0.0,0.0,0.0,0.0,0.0
3347 CUN-PPN Evx2 Meis2 Glut_4,0.0,0.0,0.0,0.0,0.0,0.0,0.8,0.0,0.0,0.15555555555555556,0.0,0.0,0.0,0.0,0.0,0.0,0.0,0.044444444444444446,0.0,0.0,0.0,0.0,0.0,0.0,0.0
3348 CUN-PPN Evx2 Meis2 Glut_4,0.0,0.0,0.0,0.0,0.0,0.0,0.6153846153846154,0.0,0.0,0.358974358974359,0.0,0.0,0.0,0.0,0.0,0.0,0.0,0.0,0.0,0.02564102564102564,0.0,0.0,0.0,0.0,0.0
3349 CUN-PPN Evx2 Meis2 Glut_5,0.0,0.0,0.0,0.0,0.0,0.0,0.8380281690140845,0.0,0.0,0.02112676056338028,0.0,0.0,0.0,0.0,0.0,0.0,0.0,0.0,0.14084507042253522,0.0,0.0,0.0,0.0,0.0,0.0
3350 CUN-PPN Evx2 Meis2 Glut_5,0.0,0.0,0.0,0.0,0.0,0.0,0.7696969696969697,0.0,0.0,0.048484848484848485,0.0,0.0,0.0,0.0,0.0,0.0,0.0,0.0,0.18181818181818182,0.0,0.0,0.0,0.0,0.0,0.0
3351 CUN-PPN Evx2 Meis2 Glut_5,0.0,0.0,0.0,0.0,0.0,0.0,0.6923076923076923,0.0,0.0,0.1623931623931624,0.0,0.0,0.0,0.0,0.0,0.0,0.0,0.0,0.14102564102564102,0.0,0.0,0.0,0.0,0.0,0.004273504273504274
3352 PBG Mtnr1a Glut-Chol_1,0.0,0.0,0.0,0.0,0.0,0.0,0.8122866894197952,0.0,0.0,0.020477815699658702,0.0,0.0,0.0,0.0,0.0,0.0,0.010238907849829351,0.0,0.15699658703071673,0.0,0.0,0.0,0.0,0.0,0.0
3353 PAG Tcf24 Glut_1,0.0,0.0,0.0,0.0,0.25,0.0,0.5535714285714286,0.0,0.0,0.0,0.0,0.0,0.16071428571428573,0.0,0.0,0.0,0.0,0.0,0.0,0.0,0.0,0.0,0.03571428571428571,0.0,0.0
3354 SCig Tfap2b Chrnb3 Glut_1,0.0,0.0,0.0,0.0,0.0,0.0,0.9655172413793104,0.0,0.0,0.028735632183908046,0.0,0.0,0.0,0.0,0.0,0.0,0.005747126436781609,0.0,0.0,0.0,0.0,0.0,0.0,0.0,0.0
3355 SCig Tfap2b Chrnb3 Glut_1,0.0,0.0,0.0,0.0034965034965034965,0.0,0.0,0.986013986013986,0.0,0.0,0.0,0.0,0.0,0.0,0.0,0.0,0.0,0.01048951048951049,0.0,0.0,0.0,0.0,0.0,0.0,0.0,0.0
3356 SCig Tfap2b Chrnb3 Glut_1,0.0,0.0,0.0,0.004098360655737705,0.0,0.0,0.9938524590163934,0.0,0.0,0.0,0.0,0.0,0.0,0.0,0.0,0.0,0.0020491803278688526,0.0,0.0,0.0,0.0,0.0,0.0,0.0,0.0
3357 SCig Tfap2b Chrnb3 Glut_1,0.0,0.0,0.0,0.0,0.0,0.0,0.9714285714285714,0.0,0.0,0.0,0.0,0.0,0.0,0.0,0.0,0.0,0.02857142857142857,0.0,0.0,0.0,0.0,0.0,0.0,0.0,0.0
3358 SCop Pou4f2 Neurod2 Glut_1,0.0,0.0,0.0,0.0,0.0,0.0,0.9876543209876543,0.0,0.0,0.0,0.0,0.0,0.0,0.0,0.0,0.0,0.0,0.0,0.012345679012345678,0.0,0.0,0.0,0.0,0.0,0.0
3359 SCop Pou4f2 Neurod2 Glut_1,0.0,0.0,0.0,0.0,0.0,0.0,1.0,0.0,0.0,0.0,0.0,0.0,0.0,0.0,0.0,0.0,0.0,0.0,0.0,0.0,0.0,0.0,0.0,0.0,0.0
3360 SCop Pou4f2 Neurod2 Glut_1,0.0,0.0,0.0,0.0045871559633027525,0.0,0.0,0.981651376146789,0.0,0.0,0.0,0.0,0.0,0.0,0.0,0.0,0.0,0.009174311926605505,0.0,0.0,0.0,0.0,0.0,0.0,0.0,0.0045871559633027525
3361 SCsg Pde5a Glut_1,0.0,0.0,0.0,0.032119914346895075,0.0,0.13062098501070663,0.6680942184154176,0.0,0.0,0.0,0.0,0.0,0.0,0.0,0.0,0.0,0.021413276231263382,0.0,0.0,0.0,0.0,0.0,0.0,0.0,0.14775160599571735
3362 SCsg Pde5a Glut_1,0.0,0.0,0.0,0.019169329073482427,0.0,0.06070287539936102,0.8019169329073482,0.0,0.0,0.0,0.0,0.0,0.0,0.0,0.0,0.0,0.003194888178913738,0.0,0.0,0.0,0.0,0.0,0.0,0.0,0.11501597444089456
3363 SCsg Pde5a Glut_2,0.0,0.0,0.0,0.02572347266881029,0.0,0.06752411575562701,0.7684887459807074,0.0,0.0,0.0,0.0,0.0,0.0,0.0,0.0,0.0,0.006430868167202572,0.0,0.0,0.0,0.0,0.0,0.0,0.0,0.13183279742765272
3364 SCsg Pde5a Glut_2,0.0,0.0,0.0,0.015706806282722512,0.0,0.1256544502617801,0.6073298429319371,0.0,0.0,0.0,0.0,0.0,0.0,0.0,0.0,0.0,0.010471204188481676,0.0,0.005235602094240838,0.0,0.0,0.0,0.0,0.0,0.2356020942408377
3365 SCsg Pde5a Glut_2,0.0,0.0,0.0,0.03205128205128205,0.0,0.014957264957264958,0.9209401709401709,0.0,0.0,0.0,0.0,0.0,0.0,0.0,0.0,0.0,0.002136752136752137,0.0,0.002136752136752137,0.0,0.0,0.0,0.0,0.0,0.027777777777777776
3366 SCsg Pde5a Glut_3,0.0,0.0,0.0,0.01,0.0,0.0,0.985,0.0,0.0,0.0,0.0,0.0,0.0,0.0,0.0,0.0,0.0,0.0,0.005,0.0,0.0,0.0,0.0,0.0,0.0
3367 SCsg Pde5a Glut_3,0.0,0.0,0.0,0.07058823529411765,0.0,0.11764705882352941,0.6352941176470588,0.0,0.0,0.0,0.0,0.0,0.0,0.0,0.0,0.0,0.011764705882352941,0.0,0.0,0.0,0.0,0.0,0.0,0.0,0.16470588235294117
3368 SCsg Pde5a Glut_3,0.0,0.0,0.0,0.02443280977312391,0.0,0.04886561954624782,0.8307155322862129,0.0,0.0,0.0,0.0,0.0,0.0034904013961605585,0.0,0.0,0.0,0.013961605584642234,0.0,0.005235602094240838,0.0,0.005235602094240838,0.0,0.0,0.0,0.06806282722513089
3369 SCsg Pde5a Glut_3,0.0,0.0,0.0,0.028925619834710745,0.0,0.08264462809917356,0.7272727272727273,0.0,0.0,0.0,0.0,0.0,0.0,0.0,0.0,0.0,0.004132231404958678,0.0,0.0,0.0,0.0,0.0,0.0,0.0,0.15702479338842976
3370 SCsg Pde5a Glut_3,0.0,0.0,0.0,0.02385008517887564,0.0,0.04599659284497445,0.8143100511073254,0.0,0.0,0.0,0.0,0.0,0.0,0.0,0.0,0.0,0.013628620102214651,0.0,0.0,0.0,0.0,0.0,0.0,0.0,0.10221465076660988
3371 SCop Sln Glut_1,0.0,0.0,0.0,0.0,0.0,0.0,1.0,0.0,0.0,0.0,0.0,0.0,0.0,0.0,0.0,0.0,0.0,0.0,0.0,0.0,0.0,0.0,0.0,0.0,0.0
3372 SCop Sln Glut_1,0.0,0.0,0.0,0.0,0.0,0.0,1.0,0.0,0.0,0.0,0.0,0.0,0.0,0.0,0.0,0.0,0.0,0.0,0.0,0.0,0.0,0.0,0.0,0.0,0.0
3373 SCop Sln Glut_1,0.0,0.0,0.0,0.035175879396984924,0.0,0.0,0.964824120603015,0.0,0.0,0.0,0.0,0.0,0.0,0.0,0.0,0.0,0.0,0.0,0.0,0.0,0.0,0.0,0.0,0.0,0.0
3374 SCop Sln Glut_1,0.0,0.0,0.0,0.0,0.0,0.0,0.9919354838709677,0.0,0.0,0.008064516129032258,0.0,0.0,0.0,0.0,0.0,0.0,0.0,0.0,0.0,0.0,0.0,0.0,0.0,0.0,0.0
3375 SCop Sln Glut_1,0.0,0.0,0.0,0.0,0.0,0.0,1.0,0.0,0.0,0.0,0.0,0.0,0.0,0.0,0.0,0.0,0.0,0.0,0.0,0.0,0.0,0.0,0.0,0.0,0.0
3376 SCop Sln Glut_1,0.0,0.0,0.0,0.0,0.0,0.0,1.0,0.0,0.0,0.0,0.0,0.0,0.0,0.0,0.0,0.0,0.0,0.0,0.0,0.0,0.0,0.0,0.0,0.0,0.0
3377 SCop Sln Glut_1,0.0,0.0,0.0,0.0027472527472527475,0.0,0.0,0.9972527472527473,0.0,0.0,0.0,0.0,0.0,0.0,0.0,0.0,0.0,0.0,0.0,0.0,0.0,0.0,0.0,0.0,0.0,0.0
3378 SCop Sln Glut_1,0.0,0.0,0.0,0.0,0.0,0.0,1.0,0.0,0.0,0.0,0.0,0.0,0.0,0.0,0.0,0.0,0.0,0.0,0.0,0.0,0.0,0.0,0.0,0.0,0.0
3379 SCop Sln Glut_1,0.0,0.0,0.0,0.0,0.0,0.0,1.0,0.0,0.0,0.0,0.0,0.0,0.0,0.0,0.0,0.0,0.0,0.0,0.0,0.0,0.0,0.0,0.0,0.0,0.0
3380 SCop Sln Glut_1,0.0,0.0,0.0,0.0,0.0,0.0,1.0,0.0,0.0,0.0,0.0,0.0,0.0,0.0,0.0,0.0,0.0,0.0,0.0,0.0,0.0,0.0,0.0,0.0,0.0
3381 SCop Sln Glut_1,0.0,0.0,0.0,0.0,0.0,0.0,1.0,0.0,0.0,0.0,0.0,0.0,0.0,0.0,0.0,0.0,0.0,0.0,0.0,0.0,0.0,0.0,0.0,0.0,0.0
3382 PAG Ucn Glut_1,0.0,0.0,0.0,0.0,0.013157894736842105,0.0,0.9736842105263158,0.0,0.0,0.013157894736842105,0.0,0.0,0.0,0.0,0.0,0.0,0.0,0.0,0.0,0.0,0.0,0.0,0.0,0.0,0.0
3383 ND-INC Foxd2 Glut_1,0.0,0.0,0.0,0.0,0.055350553505535055,0.0,0.8929889298892989,0.0,0.0,0.0036900369003690036,0.0,0.0,0.01107011070110701,0.0,0.0,0.0,0.0,0.0,0.0036900369003690036,0.0,0.0,0.0,0.033210332103321034,0.0,0.0
3384 ND-INC Foxd2 Glut_1,0.0,0.0,0.0,0.0,0.10227272727272728,0.0,0.7045454545454546,0.0,0.0,0.0,0.0,0.0,0.17045454545454544,0.0,0.0,0.0,0.0,0.0,0.0,0.0,0.0,0.0,0.022727272727272728,0.0,0.0
3385 ND-INC Foxd2 Glut_1,0.0,0.0,0.0,0.0,0.05,0.0,0.85,0.0,0.0,0.0,0.0,0.0,0.1,0.0,0.0,0.0,0.0,0.0,0.0,0.0,0.0,0.0,0.0,0.0,0.0
3386 PAG-MRN Rln3 Gaba_1,0.0,0.0,0.0,0.0,0.0,0.0,0.9615384615384616,0.0,0.0,0.038461538461538464,0.0,0.0,0.0,0.0,0.0,0.0,0.0,0.0,0.0,0.0,0.0,0.0,0.0,0.0,0.0
3387 PAG-MRN Rln3 Gaba_1,0.0,0.0,0.0,0.0,0.0,0.0,1.0,0.0,0.0,0.0,0.0,0.0,0.0,0.0,0.0,0.0,0.0,0.0,0.0,0.0,0.0,0.0,0.0,0.0,0.0
3388 PAG-MRN Rln3 Gaba_1,0.0,0.0,0.0,0.0,0.0,0.0,0.9473684210526315,0.0,0.0,0.0,0.0,0.0,0.02631578947368421,0.0,0.0,0.0,0.0,0.0,0.02631578947368421,0.0,0.0,0.0,0.0,0.0,0.0
3389 PPN-CUN-PCG Otp En1 Gaba_1,0.0,0.0,0.0,0.0,0.0,0.0,0.07692307692307693,0.0,0.0,0.8461538461538461,0.0,0.0,0.0,0.0,0.0,0.0,0.0,0.0,0.0,0.07692307692307693,0.0,0.0,0.0,0.0,0.0
3390 PPN-CUN-PCG Otp En1 Gaba_1,0.0,0.0,0.0,0.0,0.0,0.0,0.1,0.0,0.0,0.9,0.0,0.0,0.0,0.0,0.0,0.0,0.0,0.0,0.0,0.0,0.0,0.0,0.0,0.0,0.0
3391 PPN-CUN-PCG Otp En1 Gaba_1,0.0,0.0,0.0,0.0,0.0,0.0,0.09090909090909091,0.0,0.0,0.8181818181818182,0.0,0.0,0.0,0.0,0.030303030303030304,0.0,0.0,0.0,0.0,0.06060606060606061,0.0,0.0,0.0,0.0,0.0
3392 PPN-CUN-PCG Otp En1 Gaba_1,0.0,0.0,0.0,0.0,0.0,0.0,0.7093023255813954,0.0,0.0,0.2441860465116279,0.0,0.0,0.0,0.0,0.0,0.0,0.0,0.023255813953488372,0.011627906976744186,0.011627906976744186,0.0,0.0,0.0,0.0,0.0
3393 PPN-CUN-PCG Otp En1 Gaba_2,0.0,0.0,0.0,0.0,0.0,0.0,0.5644171779141104,0.0,0.0,0.24539877300613497,0.0,0.0,0.0,0.0,0.0,0.0,0.006134969325153374,0.0,0.13496932515337423,0.049079754601226995,0.0,0.0,0.0,0.0,0.0
3394 PPN-CUN-PCG Otp En1 Gaba_2,0.0,0.0,0.0,0.0,0.0,0.0,0.6219512195121951,0.0,0.0,0.24390243902439024,0.0,0.0,0.0,0.0,0.0,0.0,0.0,0.0,0.13414634146341464,0.0,0.0,0.0,0.0,0.0,0.0
3395 PPN-CUN-PCG Otp En1 Gaba_2,0.0,0.0,0.0,0.0,0.0,0.0,0.7777777777777778,0.0,0.0,0.1111111111111111,0.0,0.0,0.0,0.0,0.0,0.0,0.0,0.0,0.07407407407407407,0.037037037037037035,0.0,0.0,0.0,0.0,0.0
3396 PPN-CUN-PCG Otp En1 Gaba_2,0.0,0.0,0.0,0.0,0.0,0.0,0.9047619047619048,0.0,0.0,0.06666666666666667,0.0,0.0,0.0,0.0,0.0,0.0,0.0,0.0,0.02857142857142857,0.0,0.0,0.0,0.0,0.0,0.0
3397 PPN-CUN-PCG Otp En1 Gaba_2,0.0,0.0,0.0,0.0,0.0,0.0,0.5897435897435898,0.0,0.0,0.41025641025641024,0.0,0.0,0.0,0.0,0.0,0.0,0.0,0.0,0.0,0.0,0.0,0.0,0.0,0.0,0.0
3398 PPN-CUN-PCG Otp En1 Gaba_2,0.0,0.0,0.0,0.0,0.0,0.0,0.5066666666666667,0.0,0.0,0.3333333333333333,0.0,0.0,0.0,0.0,0.0,0.0,0.0,0.0,0.16,0.0,0.0,0.0,0.0,0.0,0.0
3399 PPN-CUN-PCG Otp En1 Gaba_2,0.0,0.0,0.0,0.0,0.0,0.0,0.768595041322314,0.0,0.0,0.1322314049586777,0.0,0.0,0.0,0.0,0.0,0.0,0.0,0.0,0.05785123966942149,0.04132231404958678,0.0,0.0,0.0,0.0,0.0
3400 PPN-CUN-PCG Otp En1 Gaba_2,0.0,0.0,0.0,0.0,0.0,0.0,0.8833333333333333,0.0,0.0,0.06666666666666667,0.0,0.0,0.0,0.0,0.0,0.0,0.0,0.0,0.05,0.0,0.0,0.0,0.0,0.0,0.0
3401 PPN-CUN-PCG Otp En1 Gaba_3,0.0,0.053691275167785234,0.0,0.0,0.0,0.0,0.4899328859060403,0.0,0.0,0.28859060402684567,0.0,0.0,0.0,0.0,0.0,0.0,0.020134228187919462,0.0,0.1476510067114094,0.0,0.0,0.0,0.0,0.0,0.0
3402 PPN-CUN-PCG Otp En1 Gaba_3,0.0,0.0,0.0,0.0,0.0,0.0,0.625,0.0,0.0,0.375,0.0,0.0,0.0,0.0,0.0,0.0,0.0,0.0,0.0,0.0,0.0,0.0,0.0,0.0,0.0
3403 PPN-CUN-PCG Otp En1 Gaba_3,0.0,0.0,0.0,0.0,0.0,0.0,0.5490196078431373,0.0,0.0,0.37254901960784315,0.0,0.0,0.0,0.0,0.0,0.0,0.0,0.0784313725490196,0.0,0.0,0.0,0.0,0.0,0.0,0.0
3404 PPN-CUN-PCG Otp En1 Gaba_3,0.0,0.0,0.0,0.0,0.0,0.0,0.4024390243902439,0.0,0.0,0.5,0.0,0.0,0.0,0.0,0.0,0.0,0.0,0.024390243902439025,0.07317073170731707,0.0,0.0,0.0,0.0,0.0,0.0
3405 PPN-CUN-PCG Otp En1 Gaba_3,0.0,0.0,0.0,0.0,0.0,0.0,0.058823529411764705,0.0,0.0,0.7647058823529411,0.0,0.0,0.0,0.0,0.0,0.0,0.0,0.17647058823529413,0.0,0.0,0.0,0.0,0.0,0.0,0.0
3406 PPN-CUN-PCG Otp En1 Gaba_3,0.0,0.016129032258064516,0.0,0.0,0.0,0.0,0.7419354838709677,0.0,0.0,0.16129032258064516,0.0,0.0,0.0,0.0,0.0,0.0,0.0,0.04838709677419355,0.03225806451612903,0.0,0.0,0.0,0.0,0.0,0.0
3407 PPN-CUN-PCG Otp En1 Gaba_3,0.0,0.14705882352941177,0.0,0.0,0.0,0.0,0.47058823529411764,0.0,0.0,0.35294117647058826,0.0,0.0,0.0,0.0,0.0,0.0,0.0,0.029411764705882353,0.0,0.0,0.0,0.0,0.0,0.0,0.0
3408 MRN-PPN-CUN Pax8 Gaba_1,0.0,0.0,0.0,0.0,0.0,0.0,0.6037735849056604,0.0,0.0,0.2641509433962264,0.0,0.0,0.0,0.0,0.0,0.0,0.0,0.03773584905660377,0.07547169811320754,0.018867924528301886,0.0,0.0,0.0,0.0,0.0
3409 MRN-PPN-CUN Pax8 Gaba_1,0.0,0.0,0.0,0.0,0.0,0.0,0.9183673469387755,0.0,0.0,0.061224489795918366,0.0,0.0,0.0,0.0,0.0,0.0,0.0,0.0,0.02040816326530612,0.0,0.0,0.0,0.0,0.0,0.0
3410 MRN-PPN-CUN Pax8 Gaba_1,0.015151515151515152,0.0,0.0,0.0,0.0,0.0,0.7424242424242424,0.0,0.0,0.13636363636363635,0.0,0.0,0.0,0.0,0.0,0.0,0.0,0.0,0.07575757575757576,0.030303030303030304,0.0,0.0,0.0,0.0,0.0
3411 MRN-PPN-CUN Pax8 Gaba_1,0.0,0.0,0.0,0.0,0.0,0.0,0.6744186046511628,0.0,0.0,0.09302325581395349,0.0,0.0,0.0,0.0,0.0,0.0,0.0,0.18604651162790697,0.0,0.046511627906976744,0.0,0.0,0.0,0.0,0.0
3412 MRN-PPN-CUN Pax8 Gaba_1,0.0,0.0,0.0,0.0,0.0,0.0,0.8095238095238095,0.0,0.0,0.07142857142857142,0.0,0.0,0.0,0.0,0.0,0.0,0.0,0.10317460317460317,0.0,0.015873015873015872,0.0,0.0,0.0,0.0,0.0
3413 MRN-PPN-CUN Pax8 Gaba_2,0.0,0.0625,0.0,0.0,0.0,0.0,0.4375,0.0,0.0,0.5,0.0,0.0,0.0,0.0,0.0,0.0,0.0,0.0,0.0,0.0,0.0,0.0,0.0,0.0,0.0
3414 MRN-PPN-CUN Pax8 Gaba_2,0.0,0.09523809523809523,0.0,0.0,0.0,0.0,0.6190476190476191,0.0,0.0,0.14285714285714285,0.0,0.0,0.0,0.0,0.0,0.0,0.0,0.09523809523809523,0.0,0.047619047619047616,0.0,0.0,0.0,0.0,0.0
3415 MRN-PPN-CUN Pax8 Gaba_2,0.0,0.0,0.0,0.0,0.0,0.0,0.9166666666666666,0.0,0.0,0.0,0.0,0.0,0.0,0.0,0.0,0.0,0.0,0.0,0.08333333333333333,0.0,0.0,0.0,0.0,0.0,0.0
3416 MRN-PPN-CUN Pax8 Gaba_2,0.0,0.0,0.0,0.0,0.0,0.0,0.8,0.0,0.0,0.0,0.0,0.0,0.0,0.0,0.2,0.0,0.0,0.0,0.0,0.0,0.0,0.0,0.0,0.0,0.0
3417 MRN-PPN-CUN Pax8 Gaba_2,0.03571428571428571,0.0,0.0,0.0,0.0,0.0,0.8214285714285714,0.0,0.0,0.07142857142857142,0.0,0.0,0.0,0.0,0.0,0.0,0.0,0.03571428571428571,0.0,0.03571428571428571,0.0,0.0,0.0,0.0,0.0
3418 MRN-PPN-CUN Pax8 Gaba_3,0.0,0.0,0.0,0.0,0.0,0.0,0.7837837837837838,0.0,0.0,0.1891891891891892,0.0,0.0,0.0,0.0,0.0,0.0,0.0,0.0,0.02702702702702703,0.0,0.0,0.0,0.0,0.0,0.0
3419 MRN-VTN-PPN Pax5 Cdh23 Gaba_1,0.006369426751592357,0.0,0.0,0.0,0.0,0.0,0.8152866242038217,0.0,0.0,0.006369426751592357,0.0,0.0,0.0,0.0,0.0,0.0,0.0,0.1592356687898089,0.0,0.012738853503184714,0.0,0.0,0.0,0.0,0.0
3420 MRN-VTN-PPN Pax5 Cdh23 Gaba_1,0.0,0.0,0.0,0.0,0.0,0.0,0.9666666666666667,0.0,0.0,0.0,0.0,0.0,0.0,0.0,0.0,0.0,0.0,0.03333333333333333,0.0,0.0,0.0,0.0,0.0,0.0,0.0
3421 MRN-VTN-PPN Pax5 Cdh23 Gaba_1,0.1282051282051282,0.0,0.0,0.0,0.0,0.0,0.7948717948717948,0.0,0.0,0.07692307692307693,0.0,0.0,0.0,0.0,0.0,0.0,0.0,0.0,0.0,0.0,0.0,0.0,0.0,0.0,0.0
3422 MRN-VTN-PPN Pax5 Cdh23 Gaba_1,0.0,0.0,0.0,0.0,0.0,0.0,0.9090909090909091,0.0,0.0,0.015151515151515152,0.0,0.0,0.0,0.0,0.0,0.0,0.0,0.07575757575757576,0.0,0.0,0.0,0.0,0.0,0.0,0.0
3423 MRN-VTN-PPN Pax5 Cdh23 Gaba_1,0.0,0.0,0.0,0.0,0.0,0.0,1.0,0.0,0.0,0.0,0.0,0.0,0.0,0.0,0.0,0.0,0.0,0.0,0.0,0.0,0.0,0.0,0.0,0.0,0.0
3424 MRN-VTN-PPN Pax5 Cdh23 Gaba_1,0.0,0.0,0.0,0.0,0.0,0.0,0.9625,0.0,0.0,0.0,0.0,0.0,0.0,0.0,0.0,0.0,0.0,0.025,0.0,0.0125,0.0,0.0,0.0,0.0,0.0
3425 MRN-VTN-PPN Pax5 Cdh23 Gaba_2,0.0,0.011111111111111112,0.0,0.0,0.0,0.0,0.8,0.0,0.0,0.15555555555555556,0.0,0.0,0.0,0.0,0.0,0.0,0.0,0.011111111111111112,0.011111111111111112,0.011111111111111112,0.0,0.0,0.0,0.0,0.0
3426 MRN-VTN-PPN Pax5 Cdh23 Gaba_2,0.0,0.0,0.0,0.0,0.0,0.0,0.90625,0.0,0.0,0.03125,0.0,0.0,0.0,0.0,0.0,0.0,0.0,0.0,0.03125,0.03125,0.0,0.0,0.0,0.0,0.0
3427 MRN-VTN-PPN Pax5 Cdh23 Gaba_2,0.0,0.0,0.0,0.0,0.0,0.0,0.7538461538461538,0.0,0.0,0.13846153846153847,0.0,0.0,0.0,0.0,0.0,0.0,0.0,0.03076923076923077,0.046153846153846156,0.015384615384615385,0.0,0.0,0.015384615384615385,0.0,0.0
3428 MRN-VTN-PPN Pax5 Cdh23 Gaba_2,0.0,0.0,0.0,0.0,0.0,0.0,0.5882352941176471,0.0,0.0,0.2549019607843137,0.0,0.0,0.0,0.0,0.0,0.0,0.0,0.0196078431372549,0.058823529411764705,0.058823529411764705,0.0,0.0,0.0196078431372549,0.0,0.0
3429 MRN-VTN-PPN Pax5 Cdh23 Gaba_2,0.0,0.037037037037037035,0.0,0.0,0.0,0.0,0.8518518518518519,0.0,0.0,0.09259259259259259,0.0,0.0,0.0,0.0,0.0,0.0,0.0,0.0,0.018518518518518517,0.0,0.0,0.0,0.0,0.0,0.0
3430 MRN-VTN-PPN Pax5 Cdh23 Gaba_2,0.0,0.0,0.0,0.0,0.0,0.0,0.8072289156626506,0.0,0.0,0.07228915662650602,0.0,0.0,0.0,0.0,0.0,0.0,0.0,0.03614457831325301,0.04819277108433735,0.03614457831325301,0.0,0.0,0.0,0.0,0.0
3431 MRN-VTN-PPN Pax5 Cdh23 Gaba_2,0.0,0.0,0.0,0.0,0.0,0.0,0.9423076923076923,0.0,0.0,0.038461538461538464,0.0,0.0,0.0,0.0,0.0,0.0,0.0,0.019230769230769232,0.0,0.0,0.0,0.0,0.0,0.0,0.0
3432 MRN-VTN-PPN Pax5 Cdh23 Gaba_2,0.0,0.0,0.0,0.0,0.0,0.0,0.29577464788732394,0.0,0.0,0.5352112676056338,0.0,0.0,0.0,0.0,0.0,0.0,0.0,0.04225352112676056,0.0,0.1267605633802817,0.0,0.0,0.0,0.0,0.0
3433 SNr-VTA Pax5 Npas1 Gaba_1,0.0,0.0,0.0,0.0,0.010309278350515464,0.0,0.9587628865979382,0.0,0.0,0.010309278350515464,0.0,0.0,0.0,0.0,0.0,0.0,0.0,0.020618556701030927,0.0,0.0,0.0,0.0,0.0,0.0,0.0
3434 SNr-VTA Pax5 Npas1 Gaba_1,0.0,0.0,0.0,0.0,0.01818181818181818,0.0,0.8545454545454545,0.0,0.0,0.0,0.0,0.0,0.0,0.0,0.0,0.0,0.0,0.0,0.09090909090909091,0.0,0.0,0.01818181818181818,0.01818181818181818,0.0,0.0
3435 SNr-VTA Pax5 Npas1 Gaba_1,0.0,0.0,0.0,0.0,0.0,0.0,0.8556701030927835,0.0,0.0,0.041237113402061855,0.0,0.0,0.0,0.0,0.0,0.0,0.0,0.0,0.08247422680412371,0.010309278350515464,0.0,0.0,0.010309278350515464,0.0,0.0
3436 SNr-VTA Pax5 Npas1 Gaba_1,0.0,0.0,0.0,0.0,0.0,0.0,0.8571428571428571,0.0,0.0,0.0,0.0,0.0,0.0,0.0,0.0,0.0,0.0,0.0,0.023809523809523808,0.0,0.0,0.11904761904761904,0.0,0.0,0.0
3437 SNr-VTA Pax5 Npas1 Gaba_1,0.0,0.0,0.0,0.0,0.0,0.0,0.890625,0.0,0.0,0.0,0.0,0.0,0.0,0.0,0.0,0.0,0.0,0.0,0.0625,0.0,0.0,0.015625,0.03125,0.0,0.0
3438 SNr-VTA Pax5 Npas1 Gaba_1,0.0,0.002061855670103093,0.0,0.0,0.03711340206185567,0.0,0.6845360824742268,0.0010309278350515464,0.002061855670103093,0.10515463917525773,0.015463917525773196,0.007216494845360825,0.0,0.0,0.0,0.0,0.021649484536082474,0.0443298969072165,0.013402061855670102,0.010309278350515464,0.0,0.05360824742268041,0.0010309278350515464,0.0,0.0010309278350515464
3439 SNr-VTA Pax5 Npas1 Gaba_1,0.0,0.0,0.0,0.010309278350515464,0.0,0.0,0.7628865979381443,0.0,0.0,0.0,0.0,0.0,0.0,0.0,0.0,0.0,0.0,0.0,0.020618556701030927,0.0,0.0,0.1958762886597938,0.010309278350515464,0.0,0.0
3440 SNr-VTA Pax5 Npas1 Gaba_1,0.0,0.0,0.0,0.0,0.0,0.0,0.7948717948717948,0.0,0.0,0.02564102564102564,0.0,0.0,0.0,0.0,0.0,0.0,0.0,0.0,0.1794871794871795,0.0,0.0,0.0,0.0,0.0,0.0
3441 SNr-VTA Pax5 Npas1 Gaba_2,0.0,0.0,0.0,0.0,0.0,0.0,0.9194139194139194,0.0,0.0,0.0,0.003663003663003663,0.0,0.0,0.0,0.0,0.0,0.003663003663003663,0.0,0.014652014652014652,0.0,0.0,0.054945054945054944,0.003663003663003663,0.0,0.0
3442 PAG-PPN Pax5 Sox21 Gaba_1,0.0,0.0,0.0,0.0,0.0,0.0,1.0,0.0,0.0,0.0,0.0,0.0,0.0,0.0,0.0,0.0,0.0,0.0,0.0,0.0,0.0,0.0,0.0,0.0,0.0
3443 PAG-PPN Pax5 Sox21 Gaba_1,0.0,0.008928571428571428,0.0,0.0,0.0,0.0,0.9642857142857143,0.0,0.0,0.017857142857142856,0.0,0.0,0.0,0.0,0.0,0.0,0.0,0.0,0.0,0.008928571428571428,0.0,0.0,0.0,0.0,0.0
3444 PAG-PPN Pax5 Sox21 Gaba_1,0.0,0.0,0.0,0.0,0.0,0.0,1.0,0.0,0.0,0.0,0.0,0.0,0.0,0.0,0.0,0.0,0.0,0.0,0.0,0.0,0.0,0.0,0.0,0.0,0.0
3445 PAG-PPN Pax5 Sox21 Gaba_1,0.0,0.0,0.0,0.0,0.0,0.0,1.0,0.0,0.0,0.0,0.0,0.0,0.0,0.0,0.0,0.0,0.0,0.0,0.0,0.0,0.0,0.0,0.0,0.0,0.0
3446 PAG-PPN Pax5 Sox21 Gaba_1,0.0,0.0,0.0,0.0,0.0,0.0,1.0,0.0,0.0,0.0,0.0,0.0,0.0,0.0,0.0,0.0,0.0,0.0,0.0,0.0,0.0,0.0,0.0,0.0,0.0
3447 PAG-PPN Pax5 Sox21 Gaba_2,0.0,0.0,0.0,0.0,0.0,0.0,1.0,0.0,0.0,0.0,0.0,0.0,0.0,0.0,0.0,0.0,0.0,0.0,0.0,0.0,0.0,0.0,0.0,0.0,0.0
3448 PAG-PPN Pax5 Sox21 Gaba_2,0.25,0.0,0.0,0.0,0.0,0.0,0.75,0.0,0.0,0.0,0.0,0.0,0.0,0.0,0.0,0.0,0.0,0.0,0.0,0.0,0.0,0.0,0.0,0.0,0.0
3449 PAG-PPN Pax5 Sox21 Gaba_2,0.0,0.016666666666666666,0.0,0.0,0.0,0.0,0.9833333333333333,0.0,0.0,0.0,0.0,0.0,0.0,0.0,0.0,0.0,0.0,0.0,0.0,0.0,0.0,0.0,0.0,0.0,0.0
3450 PAG-PPN Pax5 Sox21 Gaba_2,0.0,0.0,0.0,0.0,0.0,0.0,1.0,0.0,0.0,0.0,0.0,0.0,0.0,0.0,0.0,0.0,0.0,0.0,0.0,0.0,0.0,0.0,0.0,0.0,0.0
3451 PAG-PPN Pax5 Sox21 Gaba_2,0.045454545454545456,0.0,0.0,0.0,0.0,0.0,0.9545454545454546,0.0,0.0,0.0,0.0,0.0,0.0,0.0,0.0,0.0,0.0,0.0,0.0,0.0,0.0,0.0,0.0,0.0,0.0
3452 PAG-PPN Pax5 Sox21 Gaba_3,0.0,0.0,0.0,0.0,0.0,0.0,0.9655172413793104,0.0,0.0,0.034482758620689655,0.0,0.0,0.0,0.0,0.0,0.0,0.0,0.0,0.0,0.0,0.0,0.0,0.0,0.0,0.0
3453 PAG-PPN Pax5 Sox21 Gaba_3,0.0,0.0,0.0,0.0,0.0,0.0,0.9369369369369369,0.0,0.0,0.0,0.0,0.0,0.0,0.0,0.0,0.0,0.0,0.0,0.02702702702702703,0.0,0.0,0.02702702702702703,0.009009009009009009,0.0,0.0
3454 PAG-PPN Pax5 Sox21 Gaba_3,0.0,0.0,0.0,0.0,0.0,0.0,0.9230769230769231,0.0,0.0,0.0,0.0,0.0,0.0,0.0,0.0,0.0,0.0,0.0,0.038461538461538464,0.038461538461538464,0.0,0.0,0.0,0.0,0.0
3455 PAG-PPN Pax5 Sox21 Gaba_3,0.0,0.0,0.0,0.0,0.0,0.0,1.0,0.0,0.0,0.0,0.0,0.0,0.0,0.0,0.0,0.0,0.0,0.0,0.0,0.0,0.0,0.0,0.0,0.0,0.0
3456 PAG-PPN Pax5 Sox21 Gaba_3,0.00847457627118644,0.0,0.0,0.0,0.0,0.0,0.9152542372881356,0.0,0.0,0.025423728813559324,0.0,0.0,0.0,0.0,0.0,0.0,0.0,0.0,0.03389830508474576,0.0,0.0,0.0,0.01694915254237288,0.0,0.0
3457 PAG-PPN Pax5 Sox21 Gaba_4,0.012195121951219513,0.0,0.0,0.0,0.0,0.0,0.9634146341463414,0.0,0.0,0.0,0.0,0.0,0.0,0.0,0.0,0.0,0.0,0.012195121951219513,0.0,0.012195121951219513,0.0,0.0,0.0,0.0,0.0
3458 PAG-PPN Pax5 Sox21 Gaba_4,0.023255813953488372,0.0,0.0,0.0,0.0,0.0,0.813953488372093,0.0,0.0,0.05813953488372093,0.0,0.0,0.0,0.0,0.0,0.0,0.0,0.023255813953488372,0.06976744186046512,0.011627906976744186,0.0,0.0,0.0,0.0,0.0
3459 PAG-PPN Pax5 Sox21 Gaba_4,0.0,0.0,0.0,0.0,0.0,0.0,0.9875,0.0,0.0,0.0,0.0,0.0,0.0,0.0,0.0,0.0,0.0,0.0,0.0,0.0,0.0,0.0,0.0125,0.0,0.0
3460 PAG-PPN Pax5 Sox21 Gaba_4,0.0,0.0,0.0,0.0,0.0,0.0,0.9029850746268657,0.0,0.0,0.014925373134328358,0.0,0.0,0.0,0.0,0.0,0.0,0.0,0.05970149253731343,0.0,0.022388059701492536,0.0,0.0,0.0,0.0,0.0
3461 SNr Six3 Gaba_1,0.0,0.0,0.0,0.0,0.0,0.0,0.7916666666666666,0.0,0.0,0.0,0.0,0.0,0.0,0.0,0.0,0.0,0.08333333333333333,0.0,0.0,0.0,0.0,0.08333333333333333,0.0,0.0,0.041666666666666664
3462 SNr Six3 Gaba_1,0.0,0.0,0.0,0.04,0.04,0.0,0.76,0.0,0.0,0.0,0.0,0.0,0.0,0.0,0.0,0.0,0.0,0.0,0.02,0.0,0.0,0.12,0.02,0.0,0.0
3463 SNr Six3 Gaba_1,0.0,0.0,0.0,0.0,0.05,0.0,0.95,0.0,0.0,0.0,0.0,0.0,0.0,0.0,0.0,0.0,0.0,0.0,0.0,0.0,0.0,0.0,0.0,0.0,0.0
3464 SNr Six3 Gaba_1,0.0,0.01608234158893535,0.0,0.010292698616918623,0.10389192666452235,0.0009649404953361209,0.5689932454165326,0.03409456416854294,0.0041814088131231905,0.045030556449018974,0.10196204567385012,0.006754583467352846,0.0138308137664844,0.0,0.0,0.0,0.003538115149565777,0.007076230299131554,0.008684464458025088,0.0016082341588935349,0.007076230299131554,0.061434544869733036,0.0038597619813444837,0.0,0.000643293663557414
3465 IC Six3 En2 Gaba_1,0.0,0.0,0.0,0.0,0.0,0.0,0.9056603773584906,0.0,0.0,0.009433962264150943,0.0,0.0,0.0,0.0,0.0,0.0,0.0,0.0,0.08490566037735849,0.0,0.0,0.0,0.0,0.0,0.0
3466 IC Six3 En2 Gaba_1,0.0,0.39285714285714285,0.0,0.0,0.0,0.0,0.5464285714285714,0.0,0.0,0.0,0.0,0.0,0.0,0.0,0.0,0.0,0.0,0.0,0.017857142857142856,0.0,0.0,0.0,0.0,0.0,0.04285714285714286
3467 IC Six3 En2 Gaba_1,0.0,0.25,0.0,0.0,0.0,0.0,0.7043269230769231,0.0,0.0,0.0,0.0,0.0,0.0,0.0,0.0,0.0,0.007211538461538462,0.0,0.016826923076923076,0.0,0.002403846153846154,0.0,0.0,0.0,0.019230769230769232
3468 IC Six3 En2 Gaba_1,0.0,0.051094890510948905,0.0,0.0072992700729927005,0.0,0.0,0.7883211678832117,0.0,0.0,0.0,0.0,0.0,0.0,0.0,0.0,0.0,0.014598540145985401,0.0,0.10218978102189781,0.0,0.0,0.0,0.0,0.0,0.0364963503649635
3469 IC Six3 En2 Gaba_1,0.0,0.03691983122362869,0.0,0.0,0.002109704641350211,0.0,0.9335443037974683,0.0,0.0,0.0,0.0,0.0,0.002109704641350211,0.0,0.0,0.0,0.0,0.0,0.011603375527426161,0.0,0.002109704641350211,0.0,0.0,0.0,0.011603375527426161
3470 IC Six3 En2 Gaba_1,0.0,0.03830480847595762,0.0,0.0,0.00040749796251018743,0.0,0.9221678891605541,0.0,0.0,0.0024449877750611247,0.0,0.0,0.0024449877750611247,0.0,0.0,0.0,0.00040749796251018743,0.0,0.02730236348818256,0.0,0.00040749796251018743,0.0,0.0,0.0,0.006112469437652812
3471 IC Six3 En2 Gaba_1,0.0,0.017241379310344827,0.0,0.0,0.008620689655172414,0.0,0.9741379310344828,0.0,0.0,0.0,0.0,0.0,0.0,0.0,0.0,0.0,0.0,0.0,0.0,0.0,0.0,0.0,0.0,0.0,0.0
3472 IC Six3 En2 Gaba_1,0.0,0.024096385542168676,0.0,0.012048192771084338,0.0,0.0,0.927710843373494,0.0,0.0,0.0,0.0,0.0,0.0,0.0,0.0,0.0,0.012048192771084338,0.0,0.024096385542168676,0.0,0.0,0.0,0.0,0.0,0.0
3473 IC Six3 En2 Gaba_1,0.0,0.13131313131313133,0.0,0.0,0.0,0.0,0.7878787878787878,0.0,0.0,0.010101010101010102,0.0,0.0,0.0,0.0,0.0,0.0,0.0,0.0,0.045454545454545456,0.0,0.0,0.0,0.0,0.0,0.025252525252525252
3474 IC Six3 En2 Gaba_1,0.0,0.0,0.0,0.0,0.041666666666666664,0.0,0.9583333333333334,0.0,0.0,0.0,0.0,0.0,0.0,0.0,0.0,0.0,0.0,0.0,0.0,0.0,0.0,0.0,0.0,0.0,0.0
3475 IC Six3 En2 Gaba_1,0.0,0.0,0.0,0.0,0.0,0.0,1.0,0.0,0.0,0.0,0.0,0.0,0.0,0.0,0.0,0.0,0.0,0.0,0.0,0.0,0.0,0.0,0.0,0.0,0.0
3476 IC Six3 En2 Gaba_1,0.0,0.0,0.0,0.0,0.0,0.0,1.0,0.0,0.0,0.0,0.0,0.0,0.0,0.0,0.0,0.0,0.0,0.0,0.0,0.0,0.0,0.0,0.0,0.0,0.0
3477 IC Six3 En2 Gaba_2,0.0,0.0,0.0,0.0,0.0,0.0,0.9767441860465116,0.0,0.0,0.007751937984496124,0.0,0.0,0.0,0.0,0.0,0.0,0.0,0.0,0.015503875968992248,0.0,0.0,0.0,0.0,0.0,0.0
3478 IC Six3 En2 Gaba_2,0.0,0.05263157894736842,0.0,0.0,0.0,0.0,0.8888888888888888,0.0,0.0,0.029239766081871343,0.0,0.0,0.0,0.0,0.0,0.0,0.011695906432748537,0.0,0.011695906432748537,0.0,0.0,0.0,0.0,0.0,0.005847953216374269
3479 IC Six3 En2 Gaba_2,0.0,0.04424778761061947,0.0,0.0,0.0,0.0,0.8938053097345132,0.0,0.0,0.0,0.0,0.0,0.0,0.0,0.0,0.0,0.008849557522123894,0.0,0.05309734513274336,0.0,0.0,0.0,0.0,0.0,0.0
3480 IC Six3 En2 Gaba_3,0.0,0.0,0.0,0.0,0.0,0.0,1.0,0.0,0.0,0.0,0.0,0.0,0.0,0.0,0.0,0.0,0.0,0.0,0.0,0.0,0.0,0.0,0.0,0.0,0.0
3481 IC Six3 En2 Gaba_3,0.0,0.0,0.0,0.0,0.0,0.0,1.0,0.0,0.0,0.0,0.0,0.0,0.0,0.0,0.0,0.0,0.0,0.0,0.0,0.0,0.0,0.0,0.0,0.0,0.0
3482 IC Six3 En2 Gaba_3,0.0,0.016905071521456438,0.0,0.0013003901170351106,0.0,0.0,0.9193758127438232,0.0,0.0,0.002600780234070221,0.0,0.0,0.0,0.0,0.0,0.0,0.006501950585175552,0.0,0.04811443433029909,0.0,0.0,0.0,0.0,0.0,0.005201560468140442
3483 IC Six3 En2 Gaba_3,0.0,0.0,0.0,0.0,0.0,0.0,0.95,0.0,0.0,0.0,0.0,0.0,0.0,0.0,0.0,0.0,0.0,0.0,0.05,0.0,0.0,0.0,0.0,0.0,0.0
3484 IC Six3 En2 Gaba_3,0.0,0.0,0.0,0.0,0.0,0.0,1.0,0.0,0.0,0.0,0.0,0.0,0.0,0.0,0.0,0.0,0.0,0.0,0.0,0.0,0.0,0.0,0.0,0.0,0.0
3485 IC Six3 En2 Gaba_3,0.0,0.0,0.0,0.0,0.0,0.0,1.0,0.0,0.0,0.0,0.0,0.0,0.0,0.0,0.0,0.0,0.0,0.0,0.0,0.0,0.0,0.0,0.0,0.0,0.0
3486 IC Six3 En2 Gaba_3,0.0,0.0,0.0,0.0,0.0,0.0,1.0,0.0,0.0,0.0,0.0,0.0,0.0,0.0,0.0,0.0,0.0,0.0,0.0,0.0,0.0,0.0,0.0,0.0,0.0
3487 IC Six3 En2 Gaba_3,0.0,0.0,0.0,0.0,0.0,0.0,0.9818181818181818,0.0,0.0,0.0,0.0,0.0,0.01818181818181818,0.0,0.0,0.0,0.0,0.0,0.0,0.0,0.0,0.0,0.0,0.0,0.0
3488 IC Six3 En2 Gaba_4,0.0,0.12,0.0,0.0,0.0,0.0,0.88,0.0,0.0,0.0,0.0,0.0,0.0,0.0,0.0,0.0,0.0,0.0,0.0,0.0,0.0,0.0,0.0,0.0,0.0
3489 IC Six3 En2 Gaba_4,0.0,0.21333333333333335,0.0,0.0,0.0,0.0,0.72,0.0,0.0,0.0,0.0,0.0,0.0,0.0,0.0,0.0,0.0,0.0,0.06666666666666667,0.0,0.0,0.0,0.0,0.0,0.0
3490 IC Six3 En2 Gaba_4,0.0,0.06060606060606061,0.0,0.0,0.0,0.0,0.803030303030303,0.0,0.0,0.0,0.0,0.0,0.0,0.0,0.0,0.0,0.015151515151515152,0.0,0.12121212121212122,0.0,0.0,0.0,0.0,0.0,0.0
3491 IC Six3 En2 Gaba_4,0.0,0.004273504273504274,0.0,0.0,0.0,0.0,0.7905982905982906,0.0,0.0,0.021367521367521368,0.0,0.0,0.0,0.0,0.0,0.0,0.008547008547008548,0.0,0.1752136752136752,0.0,0.0,0.0,0.0,0.0,0.0
3492 IC Six3 En2 Gaba_4,0.0,0.30914826498422715,0.0,0.0,0.0,0.0,0.6246056782334385,0.0,0.0,0.00946372239747634,0.0,0.0,0.0,0.0,0.0,0.0,0.0031545741324921135,0.0,0.03470031545741325,0.0,0.0,0.0,0.0,0.0,0.01892744479495268
3493 IC Six3 En2 Gaba_4,0.0,0.22962962962962963,0.0,0.0,0.0,0.0,0.6814814814814815,0.0,0.0,0.022222222222222223,0.0,0.0,0.0,0.0,0.0,0.0,0.0,0.0,0.06666666666666667,0.0,0.0,0.0,0.0,0.0,0.0
3494 IC Six3 En2 Gaba_4,0.0,0.10666666666666667,0.0,0.0,0.0,0.0,0.7466666666666667,0.0,0.0,0.0,0.0,0.0,0.0,0.0,0.0,0.0,0.013333333333333334,0.0,0.13333333333333333,0.0,0.0,0.0,0.0,0.0,0.0
3495 IC Six3 En2 Gaba_5,0.0,0.023529411764705882,0.0,0.0,0.0,0.0,0.8823529411764706,0.0,0.0,0.0,0.0,0.0,0.0,0.0,0.0,0.0,0.03529411764705882,0.0,0.058823529411764705,0.0,0.0,0.0,0.0,0.0,0.0
3496 IC Six3 En2 Gaba_5,0.0,0.0,0.0,0.0,0.0,0.0,0.9906542056074766,0.0,0.0,0.0,0.0,0.0,0.0,0.0,0.0,0.0,0.0,0.0,0.009345794392523364,0.0,0.0,0.0,0.0,0.0,0.0
3497 IC Six3 En2 Gaba_5,0.0,0.0,0.0,0.0,0.0,0.0,1.0,0.0,0.0,0.0,0.0,0.0,0.0,0.0,0.0,0.0,0.0,0.0,0.0,0.0,0.0,0.0,0.0,0.0,0.0
3498 IC Six3 En2 Gaba_5,0.0,0.0,0.0,0.0,0.0,0.0,1.0,0.0,0.0,0.0,0.0,0.0,0.0,0.0,0.0,0.0,0.0,0.0,0.0,0.0,0.0,0.0,0.0,0.0,0.0
3499 IC Six3 En2 Gaba_5,0.0,0.0,0.0,0.0,0.0,0.0,0.9880952380952381,0.0,0.0,0.0,0.0,0.0,0.0,0.0,0.0,0.0,0.0,0.0,0.011904761904761904,0.0,0.0,0.0,0.0,0.0,0.0
3500 IC Six3 En2 Gaba_5,0.0,0.0,0.0,0.0,0.0,0.0,0.9846743295019157,0.0,0.0,0.0,0.0,0.0,0.0,0.0,0.0,0.0,0.0,0.0,0.01532567049808429,0.0,0.0,0.0,0.0,0.0,0.0
3501 IC Six3 En2 Gaba_6,0.0,0.07207207207207207,0.0,0.0,0.0,0.0,0.8828828828828829,0.0,0.0,0.009009009009009009,0.0,0.0,0.0,0.0,0.0,0.0,0.0,0.0,0.036036036036036036,0.0,0.0,0.0,0.0,0.0,0.0
3502 IC Six3 En2 Gaba_6,0.0,0.006896551724137931,0.0,0.0,0.0,0.0,0.9655172413793104,0.0,0.0,0.006896551724137931,0.0,0.0,0.0,0.0,0.0,0.0,0.0,0.0,0.020689655172413793,0.0,0.0,0.0,0.0,0.0,0.0
3503 IC Six3 En2 Gaba_6,0.0,0.10344827586206896,0.0,0.0,0.0,0.0,0.8620689655172413,0.0,0.0,0.034482758620689655,0.0,0.0,0.0,0.0,0.0,0.0,0.0,0.0,0.0,0.0,0.0,0.0,0.0,0.0,0.0
3504 IC Six3 En2 Gaba_6,0.0,0.3,0.0,0.0,0.0,0.0,0.6,0.0,0.0,0.0,0.0,0.0,0.0,0.0,0.0,0.0,0.0,0.0,0.1,0.0,0.0,0.0,0.0,0.0,0.0
3505 IC Six3 En2 Gaba_6,0.0,0.012987012987012988,0.0,0.0,0.0,0.0,0.961038961038961,0.0,0.0,0.012987012987012988,0.0,0.0,0.0,0.0,0.0,0.0,0.0,0.0,0.012987012987012988,0.0,0.0,0.0,0.0,0.0,0.0
3506 IC Six3 En2 Gaba_7,0.0,0.0,0.0,0.0,0.0,0.0,0.9390243902439024,0.0,0.0,0.0,0.0,0.0,0.012195121951219513,0.0,0.0,0.0,0.012195121951219513,0.0,0.036585365853658534,0.0,0.0,0.0,0.0,0.0,0.0
3507 IC Six3 En2 Gaba_7,0.0,0.0,0.0,0.0,0.0,0.0,0.9333333333333333,0.0,0.0,0.0,0.0,0.0,0.0,0.0,0.0,0.0,0.0,0.0,0.06666666666666667,0.0,0.0,0.0,0.0,0.0,0.0
3508 IC Six3 En2 Gaba_7,0.0,0.023255813953488372,0.0,0.0,0.0,0.0,0.8837209302325582,0.0,0.0,0.0,0.0,0.0,0.0,0.0,0.0,0.0,0.0,0.0,0.09302325581395349,0.0,0.0,0.0,0.0,0.0,0.0
3509 PAG-MRN-RN Foxa2 Gaba_1,0.0,0.0,0.0,0.0,0.13793103448275862,0.0,0.8103448275862069,0.0,0.0,0.0,0.0,0.0,0.0,0.0,0.0,0.0,0.0,0.0,0.034482758620689655,0.008620689655172414,0.0,0.0,0.008620689655172414,0.0,0.0
3510 PAG-MRN-RN Foxa2 Gaba_1,0.0,0.0,0.0,0.0,0.015384615384615385,0.0,0.9076923076923077,0.0,0.0,0.0,0.0,0.0,0.0,0.0,0.0,0.0,0.0,0.015384615384615385,0.015384615384615385,0.03076923076923077,0.0,0.0,0.015384615384615385,0.0,0.0
3511 PAG-MRN-RN Foxa2 Gaba_1,0.0,0.0,0.0,0.0,0.20833333333333334,0.0,0.75,0.0,0.0,0.0,0.0,0.0,0.0,0.0,0.0,0.0,0.0,0.0,0.041666666666666664,0.0,0.0,0.0,0.0,0.0,0.0
3512 PAG-MRN-RN Foxa2 Gaba_1,0.0,0.0,0.0,0.0,0.05660377358490566,0.0,0.7547169811320755,0.0,0.0,0.0,0.0,0.0,0.0,0.0,0.0,0.0,0.0,0.0,0.11320754716981132,0.018867924528301886,0.0,0.0,0.05660377358490566,0.0,0.0
3513 PAG-MRN-RN Foxa2 Gaba_1,0.0,0.0,0.0,0.0,0.0,0.0,0.8589743589743589,0.0,0.0,0.02564102564102564,0.0,0.0,0.0,0.0,0.0,0.0,0.0,0.038461538461538464,0.01282051282051282,0.0641025641025641,0.0,0.0,0.0,0.0,0.0
3514 PAG-MRN-RN Foxa2 Gaba_1,0.0,0.0,0.0,0.0,0.0,0.0,0.8947368421052632,0.0,0.0,0.017543859649122806,0.0,0.0,0.0,0.0,0.0,0.0,0.0,0.0,0.017543859649122806,0.07017543859649122,0.0,0.0,0.0,0.0,0.0
3515 PAG-MRN-RN Foxa2 Gaba_2,0.0,0.0,0.0,0.0,0.0,0.0,1.0,0.0,0.0,0.0,0.0,0.0,0.0,0.0,0.0,0.0,0.0,0.0,0.0,0.0,0.0,0.0,0.0,0.0,0.0
3516 PAG-MRN-RN Foxa2 Gaba_2,0.0,0.0,0.0,0.0,0.0,0.0,1.0,0.0,0.0,0.0,0.0,0.0,0.0,0.0,0.0,0.0,0.0,0.0,0.0,0.0,0.0,0.0,0.0,0.0,0.0
3517 PAG-MRN-RN Foxa2 Gaba_2,0.0,0.0,0.0,0.0,0.0,0.0,1.0,0.0,0.0,0.0,0.0,0.0,0.0,0.0,0.0,0.0,0.0,0.0,0.0,0.0,0.0,0.0,0.0,0.0,0.0
3518 PAG-MRN-RN Foxa2 Gaba_2,0.0,0.0,0.0,0.0,0.0,0.0,1.0,0.0,0.0,0.0,0.0,0.0,0.0,0.0,0.0,0.0,0.0,0.0,0.0,0.0,0.0,0.0,0.0,0.0,0.0
3519 PAG-MRN-RN Foxa2 Gaba_2,0.0,0.0,0.0,0.0,0.017543859649122806,0.0,0.9473684210526315,0.0,0.0,0.017543859649122806,0.0,0.0,0.0,0.0,0.0,0.0,0.0,0.0,0.017543859649122806,0.0,0.0,0.0,0.0,0.0,0.0
3520 PAG-MRN-RN Foxa2 Gaba_2,0.0,0.0,0.0,0.0,0.0,0.0,1.0,0.0,0.0,0.0,0.0,0.0,0.0,0.0,0.0,0.0,0.0,0.0,0.0,0.0,0.0,0.0,0.0,0.0,0.0
3521 PAG-MRN-RN Foxa2 Gaba_3,0.0,0.0,0.0,0.0,0.0,0.0,0.8395061728395061,0.0,0.0,0.024691358024691357,0.0,0.0,0.0,0.0,0.0,0.0,0.0,0.012345679012345678,0.024691358024691357,0.09876543209876543,0.0,0.0,0.0,0.0,0.0
3522 PAG-MRN-RN Foxa2 Gaba_3,0.0,0.0,0.0,0.0,0.0,0.0,0.9705882352941176,0.0,0.0,0.0,0.0,0.0,0.0,0.0,0.0,0.0,0.0,0.0,0.0,0.029411764705882353,0.0,0.0,0.0,0.0,0.0
3523 PAG-MRN-RN Foxa2 Gaba_3,0.0,0.0,0.0,0.0,0.0,0.0,1.0,0.0,0.0,0.0,0.0,0.0,0.0,0.0,0.0,0.0,0.0,0.0,0.0,0.0,0.0,0.0,0.0,0.0,0.0
3524 PAG-MRN-RN Foxa2 Gaba_3,0.0,0.0,0.0,0.0,0.0,0.0,1.0,0.0,0.0,0.0,0.0,0.0,0.0,0.0,0.0,0.0,0.0,0.0,0.0,0.0,0.0,0.0,0.0,0.0,0.0
3525 PAG-MRN-RN Foxa2 Gaba_4,0.0,0.0,0.0,0.0,0.0,0.0,1.0,0.0,0.0,0.0,0.0,0.0,0.0,0.0,0.0,0.0,0.0,0.0,0.0,0.0,0.0,0.0,0.0,0.0,0.0
3526 PAG-MRN-RN Foxa2 Gaba_4,0.0,0.0,0.0,0.0,0.0,0.0,0.9732142857142857,0.0,0.0,0.0,0.0,0.0,0.0,0.0,0.0,0.0,0.0,0.0,0.017857142857142856,0.008928571428571428,0.0,0.0,0.0,0.0,0.0
3527 PAG-MRN-RN Foxa2 Gaba_4,0.0,0.0,0.0,0.0,0.0,0.0,0.9577464788732394,0.0,0.0,0.0,0.0,0.0,0.0,0.0,0.0,0.0,0.0,0.0,0.014084507042253521,0.028169014084507043,0.0,0.0,0.0,0.0,0.0
3528 PAG-MRN-RN Foxa2 Gaba_4,0.0,0.0,0.0,0.0,0.0,0.0,0.8823529411764706,0.0,0.0,0.0,0.0,0.0,0.0,0.0,0.0,0.0,0.0,0.0,0.058823529411764705,0.058823529411764705,0.0,0.0,0.0,0.0,0.0
3529 PAG-MRN-RN Foxa2 Gaba_4,0.0,0.0,0.0,0.0,0.0,0.0,1.0,0.0,0.0,0.0,0.0,0.0,0.0,0.0,0.0,0.0,0.0,0.0,0.0,0.0,0.0,0.0,0.0,0.0,0.0
3530 PAG-MRN-RN Foxa2 Gaba_4,0.0,0.0,0.0,0.0,0.0,0.0,1.0,0.0,0.0,0.0,0.0,0.0,0.0,0.0,0.0,0.0,0.0,0.0,0.0,0.0,0.0,0.0,0.0,0.0,0.0
3531 PAG-MRN-RN Foxa2 Gaba_4,0.0,0.0,0.0,0.0,0.0,0.0,1.0,0.0,0.0,0.0,0.0,0.0,0.0,0.0,0.0,0.0,0.0,0.0,0.0,0.0,0.0,0.0,0.0,0.0,0.0
3532 PAG-ND-PCG Onecut1 Gaba_1,0.0,0.0,0.0,0.0,0.0,0.0,0.9705882352941176,0.0,0.0,0.0,0.0,0.0,0.0,0.0,0.0,0.0,0.0,0.0,0.0,0.0,0.0,0.0,0.029411764705882353,0.0,0.0
3533 PAG-ND-PCG Onecut1 Gaba_1,0.0,0.0,0.0,0.0,0.0,0.0,1.0,0.0,0.0,0.0,0.0,0.0,0.0,0.0,0.0,0.0,0.0,0.0,0.0,0.0,0.0,0.0,0.0,0.0,0.0
3534 PAG-ND-PCG Onecut1 Gaba_1,0.0,0.0,0.0,0.0,0.0,0.0,1.0,0.0,0.0,0.0,0.0,0.0,0.0,0.0,0.0,0.0,0.0,0.0,0.0,0.0,0.0,0.0,0.0,0.0,0.0
3535 PAG-ND-PCG Onecut1 Gaba_1,0.0,0.0,0.0,0.0,0.0,0.0,0.9891304347826086,0.0,0.0,0.0,0.0,0.0,0.010869565217391304,0.0,0.0,0.0,0.0,0.0,0.0,0.0,0.0,0.0,0.0,0.0,0.0
3536 PAG-ND-PCG Onecut1 Gaba_1,0.0,0.0,0.0,0.0,0.0,0.0,1.0,0.0,0.0,0.0,0.0,0.0,0.0,0.0,0.0,0.0,0.0,0.0,0.0,0.0,0.0,0.0,0.0,0.0,0.0
3537 PAG-ND-PCG Onecut1 Gaba_1,0.0,0.0,0.0,0.0,0.0,0.0,1.0,0.0,0.0,0.0,0.0,0.0,0.0,0.0,0.0,0.0,0.0,0.0,0.0,0.0,0.0,0.0,0.0,0.0,0.0
3538 PAG-ND-PCG Onecut1 Gaba_1,0.0,0.0,0.0,0.0,0.0,0.0,1.0,0.0,0.0,0.0,0.0,0.0,0.0,0.0,0.0,0.0,0.0,0.0,0.0,0.0,0.0,0.0,0.0,0.0,0.0
3539 PAG-ND-PCG Onecut1 Gaba_1,0.0,0.13559322033898305,0.0,0.0,0.0,0.0,0.03389830508474576,0.5084745762711864,0.0,0.23728813559322035,0.0,0.0,0.0,0.0,0.0,0.0,0.0,0.06779661016949153,0.0,0.01694915254237288,0.0,0.0,0.0,0.0,0.0
3540 PAG-ND-PCG Onecut1 Gaba_1,0.0,0.0,0.0,0.0,0.0,0.0,1.0,0.0,0.0,0.0,0.0,0.0,0.0,0.0,0.0,0.0,0.0,0.0,0.0,0.0,0.0,0.0,0.0,0.0,0.0
3541 PAG-ND-PCG Onecut1 Gaba_1,0.0,0.0,0.0,0.0,0.0,0.0,1.0,0.0,0.0,0.0,0.0,0.0,0.0,0.0,0.0,0.0,0.0,0.0,0.0,0.0,0.0,0.0,0.0,0.0,0.0
3542 PAG-ND-PCG Onecut1 Gaba_1,0.0,0.0,0.0,0.0,0.0,0.0,1.0,0.0,0.0,0.0,0.0,0.0,0.0,0.0,0.0,0.0,0.0,0.0,0.0,0.0,0.0,0.0,0.0,0.0,0.0
3543 PAG-ND-PCG Onecut1 Gaba_2,0.0,0.0,0.0,0.0,0.0,0.0,0.2894736842105263,0.0,0.0,0.6842105263157895,0.0,0.0,0.0,0.0,0.0,0.0,0.0,0.0,0.02631578947368421,0.0,0.0,0.0,0.0,0.0,0.0
3544 PAG-ND-PCG Onecut1 Gaba_2,0.0,0.0,0.0,0.0,0.0,0.0,0.034482758620689655,0.0,0.0,0.9655172413793104,0.0,0.0,0.0,0.0,0.0,0.0,0.0,0.0,0.0,0.0,0.0,0.0,0.0,0.0,0.0
3545 PAG-ND-PCG Onecut1 Gaba_2,0.0,0.0,0.0,0.0,0.0,0.0,0.07042253521126761,0.0,0.0,0.9295774647887324,0.0,0.0,0.0,0.0,0.0,0.0,0.0,0.0,0.0,0.0,0.0,0.0,0.0,0.0,0.0
3546 PAG-ND-PCG Onecut1 Gaba_2,0.0,0.0,0.0,0.0,0.0,0.0,0.0,0.0,0.0,1.0,0.0,0.0,0.0,0.0,0.0,0.0,0.0,0.0,0.0,0.0,0.0,0.0,0.0,0.0,0.0
3547 PAG-ND-PCG Onecut1 Gaba_2,0.0,0.0,0.0,0.0,0.0,0.0,0.0,0.0,0.0,1.0,0.0,0.0,0.0,0.0,0.0,0.0,0.0,0.0,0.0,0.0,0.0,0.0,0.0,0.0,0.0
3548 PAG-ND-PCG Onecut1 Gaba_2,0.0,0.0,0.0,0.0,0.0,0.0,0.30434782608695654,0.0,0.0,0.6956521739130435,0.0,0.0,0.0,0.0,0.0,0.0,0.0,0.0,0.0,0.0,0.0,0.0,0.0,0.0,0.0
3549 PAG-ND-PCG Onecut1 Gaba_2,0.1,0.0,0.0,0.0,0.0,0.0,0.7,0.0,0.0,0.2,0.0,0.0,0.0,0.0,0.0,0.0,0.0,0.0,0.0,0.0,0.0,0.0,0.0,0.0,0.0
3550 PAG-ND-PCG Onecut1 Gaba_3,0.0,0.0,0.0,0.0,0.009174311926605505,0.0,0.14678899082568808,0.0,0.0,0.8348623853211009,0.0,0.0,0.0,0.0,0.0,0.0,0.0,0.0,0.0,0.009174311926605505,0.0,0.0,0.0,0.0,0.0
3551 PAG-ND-PCG Onecut1 Gaba_3,0.0,0.0,0.0,0.0,0.0,0.0,0.13953488372093023,0.0,0.0,0.8372093023255814,0.0,0.0,0.0,0.0,0.0,0.0,0.0,0.0,0.023255813953488372,0.0,0.0,0.0,0.0,0.0,0.0
3552 PAG-ND-PCG Onecut1 Gaba_3,0.0,0.010169491525423728,0.0,0.0,0.0,0.0,0.08135593220338982,0.02711864406779661,0.0,0.8779661016949153,0.0,0.0,0.0,0.0,0.0,0.0,0.0,0.0,0.003389830508474576,0.0,0.0,0.0,0.0,0.0,0.0
3553 PAG-ND-PCG Onecut1 Gaba_4,0.0,0.0,0.0,0.0,0.01,0.0,0.18,0.0,0.0,0.64,0.0,0.0,0.0,0.0,0.0,0.0,0.15,0.0,0.01,0.0,0.0,0.01,0.0,0.0,0.0
3554 PAG-ND-PCG Onecut1 Gaba_5,0.0,0.0,0.0,0.0,0.0,0.0,0.0,0.0,0.0,0.8974358974358975,0.0,0.0,0.0,0.0,0.0,0.0,0.0,0.0,0.07692307692307693,0.02564102564102564,0.0,0.0,0.0,0.0,0.0
3555 PAG-ND-PCG Onecut1 Gaba_5,0.0,0.0,0.0,0.0,0.0,0.0,0.037037037037037035,0.0,0.0,0.8148148148148148,0.0,0.0,0.0,0.0,0.0,0.0,0.0,0.0,0.12962962962962962,0.018518518518518517,0.0,0.0,0.0,0.0,0.0
3556 PAG-ND-PCG Onecut1 Gaba_5,0.0,0.0,0.0,0.0,0.0,0.0,0.0,0.07142857142857142,0.0,0.9285714285714286,0.0,0.0,0.0,0.0,0.0,0.0,0.0,0.0,0.0,0.0,0.0,0.0,0.0,0.0,0.0
3557 PAG-ND-PCG Onecut1 Gaba_5,0.0,0.0,0.0,0.0,0.0,0.0,0.0,0.09523809523809523,0.0,0.8571428571428571,0.0,0.0,0.0,0.0,0.0,0.0,0.0,0.0,0.047619047619047616,0.0,0.0,0.0,0.0,0.0,0.0
3558 PAG-RN Nkx2-2 Otx1 Gaba_1,0.0,0.0,0.0,0.0,0.0,0.0,0.896551724137931,0.0,0.0,0.0,0.0,0.0,0.0,0.0,0.0,0.0,0.0,0.0,0.034482758620689655,0.017241379310344827,0.0,0.0,0.05172413793103448,0.0,0.0
3559 PAG-RN Nkx2-2 Otx1 Gaba_1,0.0,0.0,0.0,0.0,0.0,0.0,1.0,0.0,0.0,0.0,0.0,0.0,0.0,0.0,0.0,0.0,0.0,0.0,0.0,0.0,0.0,0.0,0.0,0.0,0.0
3560 PAG-RN Nkx2-2 Otx1 Gaba_1,0.0,0.0,0.0,0.0,0.0,0.0,0.9324324324324325,0.0,0.0,0.04054054054054054,0.0,0.0,0.0,0.0,0.0,0.0,0.0,0.0,0.013513513513513514,0.013513513513513514,0.0,0.0,0.0,0.0,0.0
3561 PAG-RN Nkx2-2 Otx1 Gaba_1,0.0,0.0,0.0,0.0,0.0,0.0,0.9705882352941176,0.0,0.0,0.0,0.0,0.0,0.0,0.0,0.0,0.0,0.0,0.0,0.029411764705882353,0.0,0.0,0.0,0.0,0.0,0.0
3562 PAG-RN Nkx2-2 Otx1 Gaba_1,0.0,0.0,0.0,0.0,0.010638297872340425,0.0,0.8900709219858156,0.0,0.0,0.04964539007092199,0.0,0.0,0.0,0.0,0.0,0.0,0.0,0.0035460992907801418,0.024822695035460994,0.010638297872340425,0.0,0.0,0.010638297872340425,0.0,0.0
3563 PAG-RN Nkx2-2 Otx1 Gaba_1,0.0,0.0,0.0,0.0,0.0,0.0,0.9745762711864406,0.00423728813559322,0.0,0.01694915254237288,0.0,0.0,0.0,0.0,0.0,0.0,0.00423728813559322,0.0,0.0,0.0,0.0,0.0,0.0,0.0,0.0
3564 PAG-RN Nkx2-2 Otx1 Gaba_1,0.0,0.0,0.0,0.0,0.0,0.0,0.9787234042553191,0.0,0.0,0.0,0.0,0.0,0.0,0.0,0.0,0.0,0.0,0.0,0.02127659574468085,0.0,0.0,0.0,0.0,0.0,0.0
3565 PAG-RN Nkx2-2 Otx1 Gaba_2,0.0,0.0,0.0,0.0,0.0,0.0,1.0,0.0,0.0,0.0,0.0,0.0,0.0,0.0,0.0,0.0,0.0,0.0,0.0,0.0,0.0,0.0,0.0,0.0,0.0
3566 PAG-RN Nkx2-2 Otx1 Gaba_2,0.0,0.0,0.0,0.0,0.0,0.0,1.0,0.0,0.0,0.0,0.0,0.0,0.0,0.0,0.0,0.0,0.0,0.0,0.0,0.0,0.0,0.0,0.0,0.0,0.0
3567 PAG-RN Nkx2-2 Otx1 Gaba_2,0.0,0.0,0.0,0.0,0.0,0.0,1.0,0.0,0.0,0.0,0.0,0.0,0.0,0.0,0.0,0.0,0.0,0.0,0.0,0.0,0.0,0.0,0.0,0.0,0.0
3568 PAG-RN Nkx2-2 Otx1 Gaba_2,0.0,0.0,0.0,0.0,0.0,0.0,1.0,0.0,0.0,0.0,0.0,0.0,0.0,0.0,0.0,0.0,0.0,0.0,0.0,0.0,0.0,0.0,0.0,0.0,0.0
3569 PAG-RN Nkx2-2 Otx1 Gaba_2,0.0,0.0,0.0,0.0,0.0,0.0,1.0,0.0,0.0,0.0,0.0,0.0,0.0,0.0,0.0,0.0,0.0,0.0,0.0,0.0,0.0,0.0,0.0,0.0,0.0
3570 PAG-RN Nkx2-2 Otx1 Gaba_2,0.0,0.0,0.0,0.0,0.022727272727272728,0.0,0.9772727272727273,0.0,0.0,0.0,0.0,0.0,0.0,0.0,0.0,0.0,0.0,0.0,0.0,0.0,0.0,0.0,0.0,0.0,0.0
3571 PAG-RN Nkx2-2 Otx1 Gaba_2,0.0,0.0,0.0,0.0,0.0,0.0,1.0,0.0,0.0,0.0,0.0,0.0,0.0,0.0,0.0,0.0,0.0,0.0,0.0,0.0,0.0,0.0,0.0,0.0,0.0
3572 PAG-RN Nkx2-2 Otx1 Gaba_3,0.0,0.0,0.0,0.0,0.0,0.0,0.9454545454545454,0.0,0.0,0.03636363636363636,0.0,0.0,0.0,0.0,0.0,0.0,0.0,0.0,0.0,0.01818181818181818,0.0,0.0,0.0,0.0,0.0
3573 PAG-RN Nkx2-2 Otx1 Gaba_3,0.0,0.0,0.0,0.0,0.0,0.0,1.0,0.0,0.0,0.0,0.0,0.0,0.0,0.0,0.0,0.0,0.0,0.0,0.0,0.0,0.0,0.0,0.0,0.0,0.0
3574 PAG-RN Nkx2-2 Otx1 Gaba_3,0.0,0.0,0.0,0.0,0.0,0.0,1.0,0.0,0.0,0.0,0.0,0.0,0.0,0.0,0.0,0.0,0.0,0.0,0.0,0.0,0.0,0.0,0.0,0.0,0.0
3575 PAG-RN Nkx2-2 Otx1 Gaba_3,0.0,0.0,0.0,0.0,0.0,0.0,0.9850746268656716,0.0,0.0,0.014925373134328358,0.0,0.0,0.0,0.0,0.0,0.0,0.0,0.0,0.0,0.0,0.0,0.0,0.0,0.0,0.0
3576 PAG-RN Nkx2-2 Otx1 Gaba_3,0.0,0.1,0.0,0.0,0.0,0.0,0.9,0.0,0.0,0.0,0.0,0.0,0.0,0.0,0.0,0.0,0.0,0.0,0.0,0.0,0.0,0.0,0.0,0.0,0.0
3577 PAG-RN Nkx2-2 Otx1 Gaba_3,0.0,0.0,0.0,0.0,0.0,0.0,1.0,0.0,0.0,0.0,0.0,0.0,0.0,0.0,0.0,0.0,0.0,0.0,0.0,0.0,0.0,0.0,0.0,0.0,0.0
3578 PAG-RN Nkx2-2 Otx1 Gaba_3,0.02702702702702703,0.02702702702702703,0.0,0.0,0.0,0.0,0.9459459459459459,0.0,0.0,0.0,0.0,0.0,0.0,0.0,0.0,0.0,0.0,0.0,0.0,0.0,0.0,0.0,0.0,0.0,0.0
3579 PAG-RN Nkx2-2 Otx1 Gaba_3,0.0,0.045454545454545456,0.0,0.0,0.0,0.0,0.9545454545454546,0.0,0.0,0.0,0.0,0.0,0.0,0.0,0.0,0.0,0.0,0.0,0.0,0.0,0.0,0.0,0.0,0.0,0.0
3580 PAG-RN Nkx2-2 Otx1 Gaba_3,0.0,0.0,0.0,0.0,0.0,0.0,1.0,0.0,0.0,0.0,0.0,0.0,0.0,0.0,0.0,0.0,0.0,0.0,0.0,0.0,0.0,0.0,0.0,0.0,0.0
3581 PAG-RN Nkx2-2 Otx1 Gaba_3,0.022222222222222223,0.0,0.0,0.0,0.0,0.0,0.9111111111111111,0.0,0.0,0.0,0.0,0.0,0.0,0.0,0.0,0.0,0.0,0.044444444444444446,0.022222222222222223,0.0,0.0,0.0,0.0,0.0,0.0
3582 PAG-RN Nkx2-2 Otx1 Gaba_3,0.0,0.0,0.0,0.0,0.0,0.0,1.0,0.0,0.0,0.0,0.0,0.0,0.0,0.0,0.0,0.0,0.0,0.0,0.0,0.0,0.0,0.0,0.0,0.0,0.0
3583 PAG-RN Nkx2-2 Otx1 Gaba_3,0.0,0.0,0.0,0.0,0.0,0.0,0.96,0.0,0.0,0.04,0.0,0.0,0.0,0.0,0.0,0.0,0.0,0.0,0.0,0.0,0.0,0.0,0.0,0.0,0.0
3584 PAG-RN Nkx2-2 Otx1 Gaba_3,0.013157894736842105,0.02631578947368421,0.0,0.0,0.0,0.0,0.9473684210526315,0.0,0.0,0.0,0.0,0.0,0.0,0.0,0.0,0.0,0.0,0.0,0.0,0.0,0.0,0.0,0.0,0.0,0.013157894736842105
3585 PAG-RN Nkx2-2 Otx1 Gaba_4,0.0,0.0,0.0,0.0,0.0,0.0,0.9375,0.0,0.0,0.0,0.0,0.0,0.0,0.0,0.0,0.0,0.0625,0.0,0.0,0.0,0.0,0.0,0.0,0.0,0.0
3586 PAG-RN Nkx2-2 Otx1 Gaba_4,0.0,0.0,0.0,0.0,0.0,0.0,1.0,0.0,0.0,0.0,0.0,0.0,0.0,0.0,0.0,0.0,0.0,0.0,0.0,0.0,0.0,0.0,0.0,0.0,0.0
3587 PAG-RN Nkx2-2 Otx1 Gaba_4,0.0,0.0,0.0,0.0,0.0,0.0,1.0,0.0,0.0,0.0,0.0,0.0,0.0,0.0,0.0,0.0,0.0,0.0,0.0,0.0,0.0,0.0,0.0,0.0,0.0
3588 PAG-RN Nkx2-2 Otx1 Gaba_5,0.0,0.0,0.0,0.0,0.0,0.0,1.0,0.0,0.0,0.0,0.0,0.0,0.0,0.0,0.0,0.0,0.0,0.0,0.0,0.0,0.0,0.0,0.0,0.0,0.0
3589 PAG-RN Nkx2-2 Otx1 Gaba_5,0.0,0.0,0.0,0.0,0.0,0.0,1.0,0.0,0.0,0.0,0.0,0.0,0.0,0.0,0.0,0.0,0.0,0.0,0.0,0.0,0.0,0.0,0.0,0.0,0.0
3590 PAG-RN Nkx2-2 Otx1 Gaba_5,0.0,0.0,0.0,0.0,0.0,0.0,1.0,0.0,0.0,0.0,0.0,0.0,0.0,0.0,0.0,0.0,0.0,0.0,0.0,0.0,0.0,0.0,0.0,0.0,0.0
3591 PAG-RN Nkx2-2 Otx1 Gaba_5,0.0,0.0,0.0,0.0,0.0,0.0,1.0,0.0,0.0,0.0,0.0,0.0,0.0,0.0,0.0,0.0,0.0,0.0,0.0,0.0,0.0,0.0,0.0,0.0,0.0
3592 PAG-RN Nkx2-2 Otx1 Gaba_6,0.0,0.0,0.0,0.0,0.0,0.0,1.0,0.0,0.0,0.0,0.0,0.0,0.0,0.0,0.0,0.0,0.0,0.0,0.0,0.0,0.0,0.0,0.0,0.0,0.0
3593 PAG-RN Nkx2-2 Otx1 Gaba_6,0.0,0.0,0.0,0.0,0.0,0.0,1.0,0.0,0.0,0.0,0.0,0.0,0.0,0.0,0.0,0.0,0.0,0.0,0.0,0.0,0.0,0.0,0.0,0.0,0.0
3594 PAG-RN Nkx2-2 Otx1 Gaba_6,0.0,0.0,0.0,0.0,0.0,0.0,1.0,0.0,0.0,0.0,0.0,0.0,0.0,0.0,0.0,0.0,0.0,0.0,0.0,0.0,0.0,0.0,0.0,0.0,0.0
3595 PAG-RN Nkx2-2 Otx1 Gaba_6,0.0,0.0,0.0,0.0,0.0,0.0,1.0,0.0,0.0,0.0,0.0,0.0,0.0,0.0,0.0,0.0,0.0,0.0,0.0,0.0,0.0,0.0,0.0,0.0,0.0
3596 PRT Tcf7l2 Gaba_1,0.0,0.0,0.0,0.0,0.07017543859649122,0.0,0.9298245614035088,0.0,0.0,0.0,0.0,0.0,0.0,0.0,0.0,0.0,0.0,0.0,0.0,0.0,0.0,0.0,0.0,0.0,0.0
3597 PRT Tcf7l2 Gaba_1,0.0,0.0,0.0,0.0,0.045454545454545456,0.0,0.9090909090909091,0.0,0.0,0.0,0.0,0.0,0.0,0.0,0.0,0.0,0.0,0.0,0.045454545454545456,0.0,0.0,0.0,0.0,0.0,0.0
3598 PRT Tcf7l2 Gaba_1,0.0,0.0,0.0,0.0,0.0,0.0,0.9545454545454546,0.0,0.0,0.030303030303030304,0.0,0.0,0.0,0.0,0.0,0.0,0.0,0.0,0.0,0.0,0.0,0.0,0.015151515151515152,0.0,0.0
3599 PRT Tcf7l2 Gaba_1,0.0,0.0,0.0,0.0,0.0,0.0,1.0,0.0,0.0,0.0,0.0,0.0,0.0,0.0,0.0,0.0,0.0,0.0,0.0,0.0,0.0,0.0,0.0,0.0,0.0
3600 PRT Tcf7l2 Gaba_1,0.0,0.0,0.0,0.0,0.03333333333333333,0.0,0.9666666666666667,0.0,0.0,0.0,0.0,0.0,0.0,0.0,0.0,0.0,0.0,0.0,0.0,0.0,0.0,0.0,0.0,0.0,0.0
3601 PRT Tcf7l2 Gaba_1,0.0,0.0,0.0,0.0,0.0,0.0,1.0,0.0,0.0,0.0,0.0,0.0,0.0,0.0,0.0,0.0,0.0,0.0,0.0,0.0,0.0,0.0,0.0,0.0,0.0
3602 PRT Tcf7l2 Gaba_1,0.0,0.0,0.0,0.0,0.04838709677419355,0.0,0.9516129032258065,0.0,0.0,0.0,0.0,0.0,0.0,0.0,0.0,0.0,0.0,0.0,0.0,0.0,0.0,0.0,0.0,0.0,0.0
3603 PRT Tcf7l2 Gaba_1,0.0,0.0,0.0,0.0,0.14893617021276595,0.0,0.8085106382978723,0.0,0.0,0.0,0.0,0.0,0.0070921985815602835,0.0,0.0,0.0,0.0,0.0,0.03546099290780142,0.0,0.0,0.0,0.0,0.0,0.0
3604 PRT Tcf7l2 Gaba_1,0.0,0.0,0.0,0.0,0.03333333333333333,0.0,0.9,0.0,0.0,0.0,0.0,0.0,0.06666666666666667,0.0,0.0,0.0,0.0,0.0,0.0,0.0,0.0,0.0,0.0,0.0,0.0
3605 PRT Tcf7l2 Gaba_1,0.0,0.0,0.0,0.0,0.018518518518518517,0.0,0.9444444444444444,0.0,0.0,0.018518518518518517,0.0,0.0,0.0,0.0,0.0,0.0,0.0,0.0,0.018518518518518517,0.0,0.0,0.0,0.0,0.0,0.0
3606 PRT Tcf7l2 Gaba_1,0.0,0.0,0.0,0.0,0.16279069767441862,0.0,0.7209302325581395,0.0,0.0,0.0,0.0,0.0,0.06976744186046512,0.0,0.0,0.0,0.0,0.0,0.03488372093023256,0.0,0.0,0.011627906976744186,0.0,0.0,0.0
3607 PRT Tcf7l2 Gaba_2,0.0,0.0,0.0,0.0,0.0,0.0,0.9714285714285714,0.0,0.0,0.0,0.0,0.0,0.0,0.0,0.0,0.0,0.0,0.0,0.02857142857142857,0.0,0.0,0.0,0.0,0.0,0.0
3608 PRT Tcf7l2 Gaba_2,0.0,0.0,0.0,0.0,0.0,0.0,0.9344262295081968,0.0,0.0,0.0,0.0,0.0,0.01639344262295082,0.0,0.0,0.0,0.01639344262295082,0.0,0.03278688524590164,0.0,0.0,0.0,0.0,0.0,0.0
3609 PRT Tcf7l2 Gaba_2,0.0,0.0,0.0,0.0,0.0,0.0,1.0,0.0,0.0,0.0,0.0,0.0,0.0,0.0,0.0,0.0,0.0,0.0,0.0,0.0,0.0,0.0,0.0,0.0,0.0
3610 PRT Tcf7l2 Gaba_2,0.0,0.0,0.0,0.0,0.0,0.0,0.84,0.0,0.0,0.0,0.0,0.0,0.0,0.0,0.0,0.0,0.08,0.0,0.08,0.0,0.0,0.0,0.0,0.0,0.0
3611 PRT Tcf7l2 Gaba_2,0.0,0.0,0.0,0.0,0.0,0.0,0.8888888888888888,0.0,0.0,0.0,0.0,0.0,0.1111111111111111,0.0,0.0,0.0,0.0,0.0,0.0,0.0,0.0,0.0,0.0,0.0,0.0
3612 PRT Tcf7l2 Gaba_2,0.0,0.0,0.0,0.0,0.0,0.0,0.9454545454545454,0.0,0.0,0.01818181818181818,0.0,0.0,0.03636363636363636,0.0,0.0,0.0,0.0,0.0,0.0,0.0,0.0,0.0,0.0,0.0,0.0
3613 PRT Tcf7l2 Gaba_3,0.0,0.0,0.0,0.010416666666666666,0.0,0.0,0.875,0.0,0.0,0.0,0.0,0.0,0.020833333333333332,0.052083333333333336,0.0,0.0,0.03125,0.0,0.0,0.0,0.0,0.0,0.010416666666666666,0.0,0.0
3614 PRT Tcf7l2 Gaba_3,0.0,0.0,0.0,0.0,0.0,0.0,0.9692307692307692,0.0,0.0,0.0,0.0,0.0,0.015384615384615385,0.0,0.0,0.0,0.0,0.0,0.015384615384615385,0.0,0.0,0.0,0.0,0.0,0.0
3615 PRT Tcf7l2 Gaba_3,0.0,0.0,0.0,0.0136986301369863,0.0,0.0,0.9726027397260274,0.0,0.0,0.0,0.0,0.0,0.0136986301369863,0.0,0.0,0.0,0.0,0.0,0.0,0.0,0.0,0.0,0.0,0.0,0.0
3616 PRT Tcf7l2 Gaba_3,0.0,0.0,0.0,0.07407407407407407,0.0,0.0,0.6944444444444444,0.0,0.0,0.0,0.0,0.0,0.09259259259259259,0.037037037037037035,0.0,0.0,0.10185185185185185,0.0,0.0,0.0,0.0,0.0,0.0,0.0,0.0
3617 PRT Tcf7l2 Gaba_3,0.0,0.0,0.0,0.010526315789473684,0.0,0.0,0.7684210526315789,0.0,0.0,0.0,0.0,0.0,0.042105263157894736,0.0,0.0,0.0,0.1368421052631579,0.0,0.021052631578947368,0.0,0.0,0.0,0.021052631578947368,0.0,0.0
3618 PRT Tcf7l2 Gaba_3,0.0,0.0,0.0,0.0,0.0,0.0,0.8360655737704918,0.0,0.0,0.00819672131147541,0.0,0.0,0.13114754098360656,0.0,0.0,0.0,0.00819672131147541,0.0,0.01639344262295082,0.0,0.0,0.0,0.0,0.0,0.0
3619 PRT Tcf7l2 Gaba_3,0.0,0.0,0.0,0.0013986013986013986,0.015384615384615385,0.0,0.9370629370629371,0.0,0.0,0.002797202797202797,0.0,0.0,0.032167832167832165,0.0,0.0,0.0,0.004195804195804196,0.0,0.005594405594405594,0.0,0.0,0.0,0.0013986013986013986,0.0,0.0
3620 PRT Tcf7l2 Gaba_3,0.0,0.0,0.0,0.0,0.0,0.0,0.9565217391304348,0.0,0.0,0.0,0.0,0.0,0.043478260869565216,0.0,0.0,0.0,0.0,0.0,0.0,0.0,0.0,0.0,0.0,0.0,0.0
3621 PRT Tcf7l2 Gaba_3,0.0,0.0,0.0,0.0,0.002277904328018223,0.0,0.9476082004555809,0.0,0.0,0.0,0.0,0.0,0.04328018223234624,0.0,0.0,0.0,0.0,0.0,0.00683371298405467,0.0,0.0,0.0,0.0,0.0,0.0
3622 PRT Tcf7l2 Gaba_4,0.0,0.0,0.0,0.0,0.05263157894736842,0.0,0.8421052631578947,0.0,0.0,0.0,0.0,0.0,0.0,0.0,0.0,0.0,0.10526315789473684,0.0,0.0,0.0,0.0,0.0,0.0,0.0,0.0
3623 PRT Tcf7l2 Gaba_4,0.0,0.0,0.0,0.0,0.0,0.0,0.8103448275862069,0.0,0.0,0.0,0.0,0.0,0.0,0.08620689655172414,0.0,0.0,0.10344827586206896,0.0,0.0,0.0,0.0,0.0,0.0,0.0,0.0
3624 PRT Tcf7l2 Gaba_4,0.0,0.0,0.0,0.0,0.0,0.0,0.9629629629629629,0.0,0.0,0.0,0.0,0.0,0.0,0.014814814814814815,0.0,0.0,0.014814814814814815,0.0,0.007407407407407408,0.0,0.0,0.0,0.0,0.0,0.0
3625 PRT Tcf7l2 Gaba_4,0.0,0.0,0.0,0.023255813953488372,0.0,0.0,0.8837209302325582,0.0,0.0,0.0,0.0,0.0,0.0,0.046511627906976744,0.0,0.0,0.046511627906976744,0.0,0.0,0.0,0.0,0.0,0.0,0.0,0.0
3626 PRT Tcf7l2 Gaba_4,0.0,0.0,0.0,0.0,0.0,0.0,0.9814814814814815,0.0,0.0,0.0,0.0,0.0,0.0,0.0,0.0,0.0,0.0,0.0,0.018518518518518517,0.0,0.0,0.0,0.0,0.0,0.0
3627 PRT Tcf7l2 Gaba_4,0.0,0.0,0.0,0.0,0.0,0.0,1.0,0.0,0.0,0.0,0.0,0.0,0.0,0.0,0.0,0.0,0.0,0.0,0.0,0.0,0.0,0.0,0.0,0.0,0.0
3628 PRT Tcf7l2 Gaba_4,0.0,0.0,0.0,0.0,0.0,0.0,1.0,0.0,0.0,0.0,0.0,0.0,0.0,0.0,0.0,0.0,0.0,0.0,0.0,0.0,0.0,0.0,0.0,0.0,0.0
3629 PRT Tcf7l2 Gaba_4,0.0,0.0,0.0,0.0,0.0,0.0,0.9791666666666666,0.0,0.0,0.0,0.0,0.0,0.0,0.0,0.0,0.0,0.020833333333333332,0.0,0.0,0.0,0.0,0.0,0.0,0.0,0.0
3630 PRT Tcf7l2 Gaba_4,0.0,0.0,0.0,0.0,0.0,0.0,0.6923076923076923,0.0,0.0,0.0,0.0,0.0,0.0,0.19230769230769232,0.0,0.0,0.11538461538461539,0.0,0.0,0.0,0.0,0.0,0.0,0.0,0.0
3631 PRT Tcf7l2 Gaba_5,0.0,0.0,0.0,0.0,0.0,0.0,1.0,0.0,0.0,0.0,0.0,0.0,0.0,0.0,0.0,0.0,0.0,0.0,0.0,0.0,0.0,0.0,0.0,0.0,0.0
3632 PRT Tcf7l2 Gaba_5,0.0,0.0,0.0,0.0,0.0,0.0,0.9863013698630136,0.0,0.0,0.0,0.0,0.0,0.0136986301369863,0.0,0.0,0.0,0.0,0.0,0.0,0.0,0.0,0.0,0.0,0.0,0.0
3633 LGv-SPFp-SPFm Nkx2-2 Tcf7l2 Gaba_1,0.0,0.0,0.0,0.0,0.08247422680412371,0.0,0.8041237113402062,0.0,0.0,0.0,0.0,0.0,0.10309278350515463,0.0,0.0,0.0,0.0,0.0,0.0,0.0,0.0,0.010309278350515464,0.0,0.0,0.0
3634 LGv-SPFp-SPFm Nkx2-2 Tcf7l2 Gaba_1,0.0,0.0,0.0,0.0,0.06557377049180328,0.0,0.8360655737704918,0.0,0.0,0.0,0.0,0.0,0.09836065573770492,0.0,0.0,0.0,0.0,0.0,0.0,0.0,0.0,0.0,0.0,0.0,0.0
3635 LGv-SPFp-SPFm Nkx2-2 Tcf7l2 Gaba_1,0.0,0.0,0.0,0.0,0.17073170731707318,0.0,0.524390243902439,0.0,0.0,0.0,0.0,0.0,0.2682926829268293,0.0,0.0,0.0,0.0,0.0,0.0,0.0,0.0,0.0,0.036585365853658534,0.0,0.0
3636 LGv-SPFp-SPFm Nkx2-2 Tcf7l2 Gaba_1,0.0,0.0,0.0,0.0,0.1590909090909091,0.0,0.2727272727272727,0.0,0.0,0.0,0.0,0.0,0.4772727272727273,0.0,0.0,0.0,0.09090909090909091,0.0,0.0,0.0,0.0,0.0,0.0,0.0,0.0
3637 LGv-SPFp-SPFm Nkx2-2 Tcf7l2 Gaba_1,0.0,0.0,0.0,0.030303030303030304,0.48484848484848486,0.0,0.06060606060606061,0.0,0.0,0.0,0.0,0.0,0.24242424242424243,0.0,0.0,0.0,0.030303030303030304,0.0,0.0,0.0,0.15151515151515152,0.0,0.0,0.0,0.0
3638 LGv-SPFp-SPFm Nkx2-2 Tcf7l2 Gaba_1,0.0,0.0,0.0,0.0,0.09090909090909091,0.0,0.7070707070707071,0.0,0.0,0.0,0.0,0.0,0.16161616161616163,0.0,0.0,0.0,0.0,0.0,0.0,0.0,0.0,0.04040404040404041,0.0,0.0,0.0
3639 LGv-SPFp-SPFm Nkx2-2 Tcf7l2 Gaba_1,0.0,0.0,0.0,0.0,0.24193548387096775,0.0,0.27419354838709675,0.0,0.0,0.0,0.0,0.0,0.25806451612903225,0.0,0.0,0.0,0.06451612903225806,0.0,0.016129032258064516,0.0,0.06451612903225806,0.08064516129032258,0.0,0.0,0.0
3640 LGv-SPFp-SPFm Nkx2-2 Tcf7l2 Gaba_1,0.0,0.0,0.0,0.0,0.30201342281879195,0.0,0.38926174496644295,0.0,0.0,0.0,0.0,0.0,0.28859060402684567,0.0,0.0,0.0,0.0,0.0,0.020134228187919462,0.0,0.0,0.0,0.0,0.0,0.0
3641 LGv-SPFp-SPFm Nkx2-2 Tcf7l2 Gaba_2,0.0,0.0,0.0,0.0,0.8,0.0,0.14285714285714285,0.0,0.0,0.0,0.0,0.0,0.0,0.0,0.0,0.0,0.0,0.0,0.02857142857142857,0.0,0.02857142857142857,0.0,0.0,0.0,0.0
3642 LGv-SPFp-SPFm Nkx2-2 Tcf7l2 Gaba_2,0.0,0.0,0.0,0.0,0.5,0.0,0.125,0.0,0.0,0.0,0.0,0.0,0.1388888888888889,0.0,0.0,0.0,0.013888888888888888,0.0,0.027777777777777776,0.0,0.1527777777777778,0.027777777777777776,0.013888888888888888,0.0,0.0
3643 LGv-SPFp-SPFm Nkx2-2 Tcf7l2 Gaba_2,0.0,0.0,0.0,0.019230769230769232,0.27403846153846156,0.0,0.0625,0.0,0.0,0.0,0.0,0.0,0.1778846153846154,0.0,0.0,0.0,0.009615384615384616,0.0,0.052884615384615384,0.0,0.2692307692307692,0.02403846153846154,0.11057692307692307,0.0,0.0
3644 LGv-SPFp-SPFm Nkx2-2 Tcf7l2 Gaba_2,0.0,0.0,0.0,0.0,0.0,0.0,0.03225806451612903,0.0,0.0,0.0,0.0,0.0,0.3870967741935484,0.0,0.0,0.0,0.03225806451612903,0.0,0.03225806451612903,0.0,0.4838709677419355,0.03225806451612903,0.0,0.0,0.0
3645 LGv-SPFp-SPFm Nkx2-2 Tcf7l2 Gaba_2,0.0,0.0,0.0,0.0,0.23076923076923078,0.0,0.1794871794871795,0.0,0.0,0.0,0.0,0.0,0.3974358974358974,0.0,0.0,0.0,0.019230769230769232,0.0,0.05128205128205128,0.0,0.09615384615384616,0.0,0.02564102564102564,0.0,0.0
3646 LGv-SPFp-SPFm Nkx2-2 Tcf7l2 Gaba_2,0.0,0.0,0.0,0.0,0.2727272727272727,0.0,0.0,0.0,0.0,0.0,0.0,0.0,0.30303030303030304,0.0,0.0,0.0,0.0,0.0,0.0,0.0,0.24242424242424243,0.18181818181818182,0.0,0.0,0.0
3647 LGv-SPFp-SPFm Nkx2-2 Tcf7l2 Gaba_3,0.0,0.0,0.0,0.0,0.14285714285714285,0.0,0.23809523809523808,0.0,0.0,0.0,0.047619047619047616,0.0,0.47619047619047616,0.0,0.0,0.0,0.047619047619047616,0.0,0.0,0.0,0.0,0.047619047619047616,0.0,0.0,0.0
3648 LGv-SPFp-SPFm Nkx2-2 Tcf7l2 Gaba_3,0.0,0.0,0.0,0.0,0.7,0.0,0.1,0.0,0.0,0.0,0.0,0.0,0.13333333333333333,0.0,0.0,0.0,0.03333333333333333,0.0,0.0,0.0,0.0,0.03333333333333333,0.0,0.0,0.0
3649 LGv-SPFp-SPFm Nkx2-2 Tcf7l2 Gaba_3,0.0,0.0,0.0,0.0,0.06896551724137931,0.0,0.034482758620689655,0.0,0.0,0.0,0.0,0.0,0.5517241379310345,0.0,0.0,0.0,0.06896551724137931,0.0,0.0,0.0,0.2413793103448276,0.034482758620689655,0.0,0.0,0.0
3650 LGv-SPFp-SPFm Nkx2-2 Tcf7l2 Gaba_3,0.0,0.0,0.0,0.0,0.07692307692307693,0.0,0.0,0.0,0.0,0.0,0.0,0.0,0.3076923076923077,0.0,0.0,0.0,0.0,0.0,0.0,0.0,0.07692307692307693,0.5384615384615384,0.0,0.0,0.0
3651 LGv-SPFp-SPFm Nkx2-2 Tcf7l2 Gaba_3,0.0,0.0,0.0,0.0,0.6,0.0,0.2,0.0,0.0,0.0,0.0,0.0,0.0,0.0,0.0,0.0,0.0,0.0,0.0,0.0,0.0,0.2,0.0,0.0,0.0
3652 LGv-SPFp-SPFm Nkx2-2 Tcf7l2 Gaba_3,0.0,0.0,0.0,0.0,0.25,0.0,0.25,0.0,0.0,0.0,0.0,0.0,0.25,0.0,0.0,0.0,0.0,0.0,0.0,0.0,0.0,0.0,0.25,0.0,0.0
3653 LGv-SPFp-SPFm Nkx2-2 Tcf7l2 Gaba_4,0.0,0.0,0.0,0.0,0.11538461538461539,0.0,0.0,0.0,0.0,0.0,0.0,0.0,0.6153846153846154,0.0,0.0,0.0,0.0,0.0,0.0,0.0,0.0,0.2692307692307692,0.0,0.0,0.0
3654 LGv-SPFp-SPFm Nkx2-2 Tcf7l2 Gaba_4,0.0,0.0,0.0,0.0,0.12903225806451613,0.0,0.03225806451612903,0.0,0.0,0.0,0.0,0.0,0.5806451612903226,0.0,0.0,0.0,0.0,0.0,0.0,0.0,0.0967741935483871,0.16129032258064516,0.0,0.0,0.0
3655 LGv-SPFp-SPFm Nkx2-2 Tcf7l2 Gaba_4,0.0,0.0,0.0,0.0,0.0,0.0,0.08823529411764706,0.0,0.0,0.0,0.0,0.0,0.4411764705882353,0.0,0.0,0.0,0.0,0.0,0.0,0.0,0.4117647058823529,0.029411764705882353,0.029411764705882353,0.0,0.0
3656 LGv-SPFp-SPFm Nkx2-2 Tcf7l2 Gaba_4,0.0,0.0,0.0,0.07042253521126761,0.028169014084507043,0.0,0.0,0.0,0.0,0.0,0.0,0.0,0.49295774647887325,0.0,0.0,0.0,0.028169014084507043,0.0,0.0,0.0,0.3380281690140845,0.014084507042253521,0.028169014084507043,0.0,0.0
3657 LGv-SPFp-SPFm Nkx2-2 Tcf7l2 Gaba_4,0.0,0.0,0.0,0.0,0.5555555555555556,0.0,0.0,0.0,0.0,0.0,0.0,0.0,0.2222222222222222,0.0,0.0,0.0,0.0,0.0,0.0,0.0,0.0,0.2222222222222222,0.0,0.0,0.0
3658 LGv-SPFp-SPFm Nkx2-2 Tcf7l2 Gaba_5,0.0,0.0,0.0,0.11764705882352941,0.0392156862745098,0.0,0.17647058823529413,0.0,0.0,0.0,0.0,0.0,0.37254901960784315,0.0,0.0,0.0,0.13725490196078433,0.0,0.0,0.0,0.058823529411764705,0.09803921568627451,0.0,0.0,0.0
3659 LGv-SPFp-SPFm Nkx2-2 Tcf7l2 Gaba_5,0.0,0.0,0.0,0.2,0.0,0.0,0.13333333333333333,0.0,0.0,0.0,0.0,0.0,0.16666666666666666,0.0,0.0,0.0,0.3333333333333333,0.0,0.0,0.0,0.1,0.06666666666666667,0.0,0.0,0.0
3660 LGv-SPFp-SPFm Nkx2-2 Tcf7l2 Gaba_5,0.0,0.0,0.0,0.0,0.2,0.0,0.1,0.0,0.0,0.0,0.0,0.0,0.68,0.0,0.0,0.0,0.0,0.0,0.0,0.0,0.02,0.0,0.0,0.0,0.0
3661 LGv-SPFp-SPFm Nkx2-2 Tcf7l2 Gaba_5,0.0,0.0,0.0,0.0,0.25,0.0,0.0,0.0,0.0,0.0,0.0,0.0,0.625,0.0,0.0,0.0,0.0,0.0,0.0,0.0,0.0,0.125,0.0,0.0,0.0
3662 LGv-SPFp-SPFm Nkx2-2 Tcf7l2 Gaba_5,0.0,0.0,0.0,0.06741573033707865,0.02247191011235955,0.0,0.15730337078651685,0.0,0.0,0.0,0.0,0.0,0.4044943820224719,0.0,0.0,0.0,0.11235955056179775,0.0,0.0,0.0,0.10112359550561797,0.11235955056179775,0.02247191011235955,0.0,0.0
3663 LGv-SPFp-SPFm Nkx2-2 Tcf7l2 Gaba_6,0.0,0.0,0.0,0.0,0.2631578947368421,0.0,0.021052631578947368,0.0,0.0,0.0,0.0,0.0,0.6842105263157895,0.0,0.0,0.0,0.010526315789473684,0.0,0.021052631578947368,0.0,0.0,0.0,0.0,0.0,0.0
3664 LGv-SPFp-SPFm Nkx2-2 Tcf7l2 Gaba_6,0.0,0.0,0.0,0.0,0.7857142857142857,0.0,0.11428571428571428,0.0,0.0,0.0,0.0,0.0,0.08571428571428572,0.0,0.0,0.0,0.0,0.0,0.0,0.0,0.0,0.0,0.014285714285714285,0.0,0.0
3665 LGv-SPFp-SPFm Nkx2-2 Tcf7l2 Gaba_6,0.0,0.0,0.0,0.0,0.24358974358974358,0.0,0.2948717948717949,0.0,0.0,0.0,0.0,0.0,0.4358974358974359,0.0,0.0,0.0,0.0,0.0,0.0,0.0,0.0,0.0,0.02564102564102564,0.0,0.0
3666 LGv-SPFp-SPFm Nkx2-2 Tcf7l2 Gaba_6,0.0,0.0,0.0,0.0,0.296,0.0,0.128,0.0,0.0,0.0,0.0,0.0,0.544,0.0,0.0,0.0,0.0,0.0,0.008,0.0,0.0,0.0,0.024,0.0,0.0
3667 LGv-SPFp-SPFm Nkx2-2 Tcf7l2 Gaba_7,0.0,0.0,0.0,0.0,0.0,0.0,0.0,0.0,0.0,0.0,0.0,0.0,0.9696969696969697,0.0,0.0,0.0,0.0,0.0,0.0,0.0,0.0,0.030303030303030304,0.0,0.0,0.0
3668 LGv-SPFp-SPFm Nkx2-2 Tcf7l2 Gaba_7,0.0,0.0,0.0,0.024096385542168676,0.012048192771084338,0.0,0.024096385542168676,0.0,0.0,0.0,0.0,0.0,0.8313253012048193,0.0,0.0,0.0,0.012048192771084338,0.0,0.0,0.0,0.08433734939759036,0.0,0.012048192771084338,0.0,0.0
3669 SC Otx2 Gcnt4 Gaba_1,0.0,0.0,0.0,0.0,0.0,0.0,1.0,0.0,0.0,0.0,0.0,0.0,0.0,0.0,0.0,0.0,0.0,0.0,0.0,0.0,0.0,0.0,0.0,0.0,0.0
3670 SC Otx2 Gcnt4 Gaba_1,0.0,0.0,0.0,0.0,0.0,0.0,0.9523809523809523,0.0,0.0,0.0,0.0,0.0,0.0,0.0,0.0,0.0,0.0,0.0,0.047619047619047616,0.0,0.0,0.0,0.0,0.0,0.0
3671 SC Otx2 Gcnt4 Gaba_1,0.0,0.0,0.0,0.021739130434782608,0.0,0.0,0.8043478260869565,0.0,0.0,0.0,0.0,0.0,0.0,0.0,0.0,0.0,0.13043478260869565,0.0,0.043478260869565216,0.0,0.0,0.0,0.0,0.0,0.0
3672 SC Otx2 Gcnt4 Gaba_2,0.0,0.0,0.0,0.014814814814814815,0.0,0.037037037037037035,0.8851851851851852,0.0,0.0,0.0,0.0,0.0,0.0,0.0,0.0,0.0,0.007407407407407408,0.0,0.0,0.0,0.0,0.0,0.0,0.0,0.05555555555555555
3673 SC-PAG Lef1 Emx2 Gaba_1,0.0,0.0,0.0,0.0,0.0,0.0,1.0,0.0,0.0,0.0,0.0,0.0,0.0,0.0,0.0,0.0,0.0,0.0,0.0,0.0,0.0,0.0,0.0,0.0,0.0
3674 SC-PAG Lef1 Emx2 Gaba_1,0.0,0.0,0.0,0.0,0.0,0.0,1.0,0.0,0.0,0.0,0.0,0.0,0.0,0.0,0.0,0.0,0.0,0.0,0.0,0.0,0.0,0.0,0.0,0.0,0.0
3675 SC-PAG Lef1 Emx2 Gaba_1,0.0,0.0,0.0,0.012048192771084338,0.0,0.0,0.9759036144578314,0.0,0.0,0.0,0.0,0.0,0.0,0.0,0.0,0.0,0.012048192771084338,0.0,0.0,0.0,0.0,0.0,0.0,0.0,0.0
3676 SC-PAG Lef1 Emx2 Gaba_1,0.0,0.0,0.0,0.0,0.0,0.0,1.0,0.0,0.0,0.0,0.0,0.0,0.0,0.0,0.0,0.0,0.0,0.0,0.0,0.0,0.0,0.0,0.0,0.0,0.0
3677 SC-PAG Lef1 Emx2 Gaba_1,0.0,0.0,0.0,0.0,0.0,0.0,1.0,0.0,0.0,0.0,0.0,0.0,0.0,0.0,0.0,0.0,0.0,0.0,0.0,0.0,0.0,0.0,0.0,0.0,0.0
3678 SC-PAG Lef1 Emx2 Gaba_1,0.0,0.0,0.0,0.0,0.0,0.0,0.9565217391304348,0.0,0.0,0.0,0.0,0.0,0.0,0.0,0.0,0.0,0.043478260869565216,0.0,0.0,0.0,0.0,0.0,0.0,0.0,0.0
3679 SC-PAG Lef1 Emx2 Gaba_1,0.0,0.0,0.0,0.0,0.0,0.0,1.0,0.0,0.0,0.0,0.0,0.0,0.0,0.0,0.0,0.0,0.0,0.0,0.0,0.0,0.0,0.0,0.0,0.0,0.0
3680 SC-PAG Lef1 Emx2 Gaba_1,0.0,0.0,0.0,0.0037313432835820895,0.0,0.007462686567164179,0.9365671641791045,0.0,0.0,0.0,0.0,0.0,0.0,0.0,0.0,0.0,0.007462686567164179,0.0,0.0,0.0,0.0,0.0,0.0,0.0,0.04477611940298507
3681 SC-PAG Lef1 Emx2 Gaba_2,0.0,0.0,0.0,0.0,0.0,0.0,0.9968,0.0,0.0,0.0016,0.0,0.0,0.0,0.0,0.0,0.0,0.0,0.0,0.0016,0.0,0.0,0.0,0.0,0.0,0.0
3682 SC-PAG Lef1 Emx2 Gaba_2,0.0,0.0,0.0,0.0,0.0,0.0,0.9814814814814815,0.0,0.0,0.0,0.0,0.0,0.0,0.0,0.0,0.0,0.0,0.0,0.018518518518518517,0.0,0.0,0.0,0.0,0.0,0.0
3683 SC-PAG Lef1 Emx2 Gaba_2,0.0,0.0,0.0,0.0,0.0,0.0,1.0,0.0,0.0,0.0,0.0,0.0,0.0,0.0,0.0,0.0,0.0,0.0,0.0,0.0,0.0,0.0,0.0,0.0,0.0
3684 SC-PAG Lef1 Emx2 Gaba_2,0.0,0.0,0.0,0.0,0.0,0.0,1.0,0.0,0.0,0.0,0.0,0.0,0.0,0.0,0.0,0.0,0.0,0.0,0.0,0.0,0.0,0.0,0.0,0.0,0.0
3685 SC-PAG Lef1 Emx2 Gaba_2,0.0,0.0,0.0,0.0,0.0,0.0,0.9821428571428571,0.0,0.0,0.0,0.0,0.0,0.0,0.0,0.0,0.0,0.0,0.0,0.017857142857142856,0.0,0.0,0.0,0.0,0.0,0.0
3686 SC-PAG Lef1 Emx2 Gaba_2,0.0,0.0,0.0,0.0,0.0,0.0,0.9870967741935484,0.0,0.0,0.0,0.0,0.0,0.0,0.0,0.0,0.0,0.0,0.0,0.012903225806451613,0.0,0.0,0.0,0.0,0.0,0.0
3687 SC-PAG Lef1 Emx2 Gaba_2,0.0,0.0,0.0,0.0,0.0,0.0,0.9807692307692307,0.0,0.0,0.0,0.0,0.0,0.0,0.0,0.0,0.0,0.0,0.0,0.019230769230769232,0.0,0.0,0.0,0.0,0.0,0.0
3688 SC-PAG Lef1 Emx2 Gaba_2,0.0,0.0,0.0,0.0,0.0,0.0,0.9912663755458515,0.0,0.0,0.0,0.0,0.0,0.0,0.0,0.0,0.0,0.0,0.0,0.008733624454148471,0.0,0.0,0.0,0.0,0.0,0.0
3689 SC-PAG Lef1 Emx2 Gaba_2,0.0,0.0,0.0,0.0,0.0,0.0,0.9574468085106383,0.0,0.0,0.0,0.0,0.0,0.0,0.0,0.0,0.0,0.0,0.0,0.0425531914893617,0.0,0.0,0.0,0.0,0.0,0.0
3690 SC-PAG Lef1 Emx2 Gaba_2,0.0,0.0,0.0,0.0,0.0,0.0,1.0,0.0,0.0,0.0,0.0,0.0,0.0,0.0,0.0,0.0,0.0,0.0,0.0,0.0,0.0,0.0,0.0,0.0,0.0
3691 SC-PAG Lef1 Emx2 Gaba_3,0.0,0.0,0.0,0.043478260869565216,0.0,0.0,0.9565217391304348,0.0,0.0,0.0,0.0,0.0,0.0,0.0,0.0,0.0,0.0,0.0,0.0,0.0,0.0,0.0,0.0,0.0,0.0
3692 SC-PAG Lef1 Emx2 Gaba_3,0.0,0.0,0.0,0.0,0.0,0.0,0.9333333333333333,0.0,0.0,0.0,0.0,0.0,0.0,0.0,0.0,0.0,0.0,0.0,0.06666666666666667,0.0,0.0,0.0,0.0,0.0,0.0
3693 SC-PAG Lef1 Emx2 Gaba_3,0.0,0.0,0.0,0.010526315789473684,0.0,0.0,0.9894736842105263,0.0,0.0,0.0,0.0,0.0,0.0,0.0,0.0,0.0,0.0,0.0,0.0,0.0,0.0,0.0,0.0,0.0,0.0
3694 SC-PAG Lef1 Emx2 Gaba_3,0.0,0.0,0.0,0.0,0.0,0.0,1.0,0.0,0.0,0.0,0.0,0.0,0.0,0.0,0.0,0.0,0.0,0.0,0.0,0.0,0.0,0.0,0.0,0.0,0.0
3695 SC-PAG Lef1 Emx2 Gaba_4,0.0,0.0,0.0,0.0,0.0,0.0,0.9928741092636579,0.0,0.0,0.0,0.0,0.0,0.0,0.0,0.0,0.0,0.0,0.0,0.007125890736342043,0.0,0.0,0.0,0.0,0.0,0.0
3696 SC-PAG Lef1 Emx2 Gaba_4,0.0,0.0,0.0,0.0,0.0,0.0,0.982367758186398,0.0,0.0,0.0,0.0,0.0,0.0,0.0,0.0,0.0,0.0,0.0,0.017632241813602016,0.0,0.0,0.0,0.0,0.0,0.0
3697 SC-PAG Lef1 Emx2 Gaba_4,0.0,0.0,0.0,0.0,0.0,0.0,1.0,0.0,0.0,0.0,0.0,0.0,0.0,0.0,0.0,0.0,0.0,0.0,0.0,0.0,0.0,0.0,0.0,0.0,0.0
3698 SC-PAG Lef1 Emx2 Gaba_4,0.0,0.0,0.0,0.0,0.0,0.0,0.9798657718120806,0.0,0.0,0.0,0.0,0.0,0.0,0.0,0.0,0.0,0.0,0.0,0.020134228187919462,0.0,0.0,0.0,0.0,0.0,0.0
3699 SC-PAG Lef1 Emx2 Gaba_5,0.0,0.0,0.0,0.0,0.0,0.0,0.9918032786885246,0.0,0.0,0.0,0.0,0.0,0.0,0.0,0.0,0.0,0.0,0.0,0.00819672131147541,0.0,0.0,0.0,0.0,0.0,0.0
3700 SC-PAG Lef1 Emx2 Gaba_5,0.0,0.0,0.0,0.0,0.0,0.0,0.9976851851851852,0.0,0.0,0.0,0.0,0.0,0.0,0.0,0.0,0.0,0.0,0.0,0.0023148148148148147,0.0,0.0,0.0,0.0,0.0,0.0
3701 SCm-PAG Cdh23 Gaba_1,0.0,0.0,0.0,0.0,0.0,0.0,0.9680851063829787,0.0,0.0,0.0,0.0,0.0,0.0,0.0,0.0,0.0,0.0,0.0,0.031914893617021274,0.0,0.0,0.0,0.0,0.0,0.0
3702 SCm-PAG Cdh23 Gaba_1,0.0,0.0,0.0,0.0,0.0,0.0,0.952054794520548,0.0,0.0,0.0,0.0,0.0,0.0,0.0,0.0,0.0,0.0,0.0,0.04794520547945205,0.0,0.0,0.0,0.0,0.0,0.0
3703 SCm-PAG Cdh23 Gaba_1,0.0,0.0,0.0,0.0,0.0,0.0,0.9803921568627451,0.0,0.0,0.0,0.0,0.0,0.0,0.0,0.0,0.0,0.0,0.0,0.0196078431372549,0.0,0.0,0.0,0.0,0.0,0.0
3704 SCm-PAG Cdh23 Gaba_1,0.0,0.0,0.0,0.0,0.0,0.0,0.9464285714285714,0.0,0.0,0.0,0.0,0.0,0.0,0.0,0.0,0.0,0.0,0.0,0.05357142857142857,0.0,0.0,0.0,0.0,0.0,0.0
3705 SCm-PAG Cdh23 Gaba_1,0.0,0.0,0.0,0.0,0.0,0.0,1.0,0.0,0.0,0.0,0.0,0.0,0.0,0.0,0.0,0.0,0.0,0.0,0.0,0.0,0.0,0.0,0.0,0.0,0.0
3706 SCm-PAG Cdh23 Gaba_1,0.0,0.0,0.0,0.0,0.0,0.0,0.9726027397260274,0.0,0.0,0.0,0.0,0.0,0.0,0.0,0.0,0.0,0.0,0.0,0.0273972602739726,0.0,0.0,0.0,0.0,0.0,0.0
3707 SCm-PAG Cdh23 Gaba_1,0.0,0.0,0.0,0.0,0.0,0.0,0.9230769230769231,0.0,0.0,0.0,0.0,0.0,0.0,0.0,0.0,0.0,0.0,0.0,0.07692307692307693,0.0,0.0,0.0,0.0,0.0,0.0
3708 SCm-PAG Cdh23 Gaba_1,0.0,0.0,0.0,0.0,0.0,0.0,0.9574468085106383,0.0,0.0,0.0,0.0,0.0,0.0,0.0,0.0,0.0,0.0,0.0,0.0425531914893617,0.0,0.0,0.0,0.0,0.0,0.0
3709 SCm-PAG Cdh23 Gaba_1,0.0,0.0,0.0,0.0,0.0,0.0,0.9777777777777777,0.0,0.0,0.0,0.0,0.0,0.0,0.0,0.0,0.0,0.0,0.0,0.022222222222222223,0.0,0.0,0.0,0.0,0.0,0.0
3710 SCm-PAG Cdh23 Gaba_2,0.0,0.0,0.0,0.0,0.0,0.0,0.9775280898876404,0.0,0.0,0.0,0.0,0.0,0.0,0.0,0.0,0.0,0.0,0.0,0.02247191011235955,0.0,0.0,0.0,0.0,0.0,0.0
3711 SCm-PAG Cdh23 Gaba_2,0.0,0.0,0.0,0.0,0.0,0.0,1.0,0.0,0.0,0.0,0.0,0.0,0.0,0.0,0.0,0.0,0.0,0.0,0.0,0.0,0.0,0.0,0.0,0.0,0.0
3712 SCm-PAG Cdh23 Gaba_2,0.0,0.0,0.0,0.0,0.00205761316872428,0.0,0.9609053497942387,0.0,0.0,0.018518518518518517,0.0,0.0,0.00205761316872428,0.0,0.0,0.0,0.0,0.0,0.01646090534979424,0.0,0.0,0.0,0.0,0.0,0.0
3713 SCm-PAG Cdh23 Gaba_2,0.0,0.0,0.0,0.0,0.0,0.0,1.0,0.0,0.0,0.0,0.0,0.0,0.0,0.0,0.0,0.0,0.0,0.0,0.0,0.0,0.0,0.0,0.0,0.0,0.0
3714 SCm-PAG Cdh23 Gaba_3,0.0,0.0,0.0,0.0,0.0,0.0,0.9836065573770492,0.0,0.0,0.0,0.0,0.0,0.0,0.0,0.0,0.0,0.0,0.0,0.0,0.0,0.0,0.0,0.0,0.0,0.01639344262295082
3715 SCm-PAG Cdh23 Gaba_3,0.0,0.0,0.0,0.0,0.0,0.0,0.9538461538461539,0.0,0.0,0.0,0.0,0.0,0.0,0.0,0.0,0.0,0.015384615384615385,0.0,0.03076923076923077,0.0,0.0,0.0,0.0,0.0,0.0
3716 SCm-PAG Cdh23 Gaba_3,0.0,0.0,0.0,0.0,0.0,0.0,0.9824561403508771,0.0,0.0,0.0,0.0,0.0,0.0,0.0,0.0,0.0,0.0,0.0,0.017543859649122806,0.0,0.0,0.0,0.0,0.0,0.0
3717 SCm-PAG Cdh23 Gaba_3,0.0,0.0,0.0,0.0,0.0,0.0,0.9253731343283582,0.0,0.0,0.0,0.0,0.0,0.0,0.0,0.0,0.0,0.0,0.0,0.07462686567164178,0.0,0.0,0.0,0.0,0.0,0.0
3718 SCm-PAG Cdh23 Gaba_3,0.0,0.03571428571428571,0.0,0.0,0.0,0.0,0.9642857142857143,0.0,0.0,0.0,0.0,0.0,0.0,0.0,0.0,0.0,0.0,0.0,0.0,0.0,0.0,0.0,0.0,0.0,0.0
3719 SCm-PAG Cdh23 Gaba_3,0.0,0.0,0.0,0.0,0.0,0.0,0.9607843137254902,0.0,0.0,0.0,0.0,0.0,0.0,0.0,0.0,0.0,0.0,0.0,0.0392156862745098,0.0,0.0,0.0,0.0,0.0,0.0
3720 SCm-PAG Cdh23 Gaba_4,0.0,0.0,0.0,0.0,0.0,0.0,0.9587628865979382,0.0,0.0,0.020618556701030927,0.0,0.0,0.0,0.0,0.0,0.0,0.0,0.0,0.020618556701030927,0.0,0.0,0.0,0.0,0.0,0.0
3721 SCm-PAG Cdh23 Gaba_4,0.0,0.0,0.0,0.0,0.0,0.0,1.0,0.0,0.0,0.0,0.0,0.0,0.0,0.0,0.0,0.0,0.0,0.0,0.0,0.0,0.0,0.0,0.0,0.0,0.0
3722 SCs Dmbx1 Gaba_1,0.0,0.0,0.0,0.0,0.0,0.0,0.9951690821256038,0.0,0.0,0.0,0.0,0.0,0.0,0.0,0.0,0.0,0.0,0.0,0.0,0.0,0.0,0.0,0.0,0.0,0.004830917874396135
3723 SCs Dmbx1 Gaba_1,0.0,0.0,0.0,0.02127659574468085,0.0,0.0851063829787234,0.7872340425531915,0.0,0.0,0.0,0.0,0.0,0.0,0.0,0.0,0.0,0.02127659574468085,0.0,0.0,0.0,0.0,0.0,0.0,0.0,0.0851063829787234
3724 SCs Dmbx1 Gaba_1,0.0,0.0,0.0,0.014173228346456693,0.0,0.03464566929133858,0.8866141732283465,0.0,0.0,0.0,0.0,0.0,0.0,0.0,0.0,0.0,0.0031496062992125984,0.0,0.0,0.0,0.0,0.0,0.0,0.0,0.06141732283464567
3725 SCs Dmbx1 Gaba_1,0.0,0.0,0.0,0.025518341307814992,0.0,0.044657097288676235,0.8293460925039873,0.0,0.0,0.0,0.0,0.0,0.0,0.0,0.0,0.0,0.007974481658692184,0.0,0.0,0.0,0.0,0.0,0.0,0.0,0.09250398724082935
3726 SCs Dmbx1 Gaba_1,0.0,0.0,0.0,0.01098901098901099,0.0,0.06043956043956044,0.7967032967032966,0.0,0.0,0.0,0.0,0.0,0.0,0.0,0.0,0.0,0.005494505494505495,0.0,0.0,0.0,0.0,0.0,0.0,0.0,0.12637362637362637
3727 SCs Dmbx1 Gaba_1,0.0,0.0,0.0,0.007272727272727273,0.0,0.0,0.9854545454545455,0.0,0.0,0.0036363636363636364,0.0,0.0,0.0,0.0,0.0,0.0,0.0,0.0,0.0036363636363636364,0.0,0.0,0.0,0.0,0.0,0.0
3728 SCs Dmbx1 Gaba_1,0.0,0.0,0.0,0.0,0.0,0.0,1.0,0.0,0.0,0.0,0.0,0.0,0.0,0.0,0.0,0.0,0.0,0.0,0.0,0.0,0.0,0.0,0.0,0.0,0.0
3729 SCs Dmbx1 Gaba_2,0.0,0.0,0.0,0.0,0.0,0.02518891687657431,0.8614609571788413,0.0,0.0,0.0,0.0,0.0,0.0,0.0,0.0,0.0,0.005037783375314861,0.0,0.0,0.0,0.0,0.0,0.0,0.0,0.10831234256926953
3730 SCs Dmbx1 Gaba_2,0.0,0.0,0.0,0.01935483870967742,0.0,0.0,0.9741935483870968,0.0,0.0,0.0,0.0,0.0,0.0,0.0,0.0,0.0,0.0,0.0,0.0,0.0,0.0,0.0,0.0,0.0,0.0064516129032258064
3731 SCs Dmbx1 Gaba_2,0.0,0.002688172043010753,0.0,0.0,0.0,0.0,0.9838709677419355,0.0,0.0,0.0,0.0,0.0,0.0,0.0,0.0,0.0,0.0,0.0,0.0,0.0,0.0,0.0,0.0,0.0,0.013440860215053764
3732 SCs Dmbx1 Gaba_3,0.0,0.0,0.0,0.0,0.0,0.0,1.0,0.0,0.0,0.0,0.0,0.0,0.0,0.0,0.0,0.0,0.0,0.0,0.0,0.0,0.0,0.0,0.0,0.0,0.0
3733 SCs Dmbx1 Gaba_3,0.0,0.0,0.0,0.004901960784313725,0.0,0.0,0.9705882352941176,0.0,0.0,0.0,0.0,0.0,0.0,0.0,0.0,0.0,0.014705882352941176,0.0,0.00980392156862745,0.0,0.0,0.0,0.0,0.0,0.0
3734 SCs Dmbx1 Gaba_4,0.0,0.014423076923076924,0.0,0.0,0.009615384615384616,0.0,0.8317307692307693,0.0,0.0,0.0673076923076923,0.0,0.0,0.0,0.0,0.0,0.0,0.028846153846153848,0.0,0.04807692307692308,0.0,0.0,0.0,0.0,0.0,0.0
3735 SCs Dmbx1 Gaba_4,0.0,0.0,0.0,0.0,0.0,0.0,1.0,0.0,0.0,0.0,0.0,0.0,0.0,0.0,0.0,0.0,0.0,0.0,0.0,0.0,0.0,0.0,0.0,0.0,0.0
3736 SCs Dmbx1 Gaba_4,0.0,0.0,0.0,0.0,0.0,0.0,1.0,0.0,0.0,0.0,0.0,0.0,0.0,0.0,0.0,0.0,0.0,0.0,0.0,0.0,0.0,0.0,0.0,0.0,0.0
3737 SCs Dmbx1 Gaba_4,0.0,0.0,0.0,0.0,0.0,0.0,0.995049504950495,0.0,0.0,0.0,0.0,0.0,0.0,0.0,0.0,0.0,0.0,0.0,0.0049504950495049506,0.0,0.0,0.0,0.0,0.0,0.0
3738 SCs Dmbx1 Gaba_4,0.0,0.0,0.0,0.0029498525073746312,0.0,0.0,0.9852507374631269,0.0,0.0,0.0,0.0,0.0,0.0,0.0,0.0,0.0,0.011799410029498525,0.0,0.0,0.0,0.0,0.0,0.0,0.0,0.0
3739 SCs Dmbx1 Gaba_4,0.0,0.0,0.0,0.0,0.0,0.0,1.0,0.0,0.0,0.0,0.0,0.0,0.0,0.0,0.0,0.0,0.0,0.0,0.0,0.0,0.0,0.0,0.0,0.0,0.0
3740 SCs Dmbx1 Gaba_5,0.0,0.0,0.0,0.0015503875968992248,0.010852713178294573,0.0031007751937984496,0.9596899224806201,0.0,0.0,0.006201550387596899,0.0,0.0,0.0,0.0,0.0,0.0,0.009302325581395349,0.0,0.006201550387596899,0.0,0.0,0.0,0.0,0.0,0.0031007751937984496
3741 SC Lef1 Otx2 Gaba_1,0.0,0.0,0.0,0.005479452054794521,0.0,0.0273972602739726,0.9397260273972603,0.0,0.0,0.0,0.0,0.0,0.0,0.0,0.0,0.0,0.0,0.0,0.0,0.0,0.0,0.0,0.0,0.0,0.0273972602739726
3742 SC Lef1 Otx2 Gaba_1,0.0,0.0,0.0,0.01834862385321101,0.0,0.07339449541284404,0.7706422018348624,0.0,0.0,0.0,0.0,0.0,0.0,0.0,0.0,0.0,0.0045871559633027525,0.0,0.0,0.0,0.0,0.0,0.0,0.0,0.13302752293577982
3743 SC Lef1 Otx2 Gaba_1,0.0,0.0,0.0,0.02103049421661409,0.0,0.028391167192429023,0.882229232386961,0.0,0.0,0.0,0.0,0.0,0.0,0.0,0.0,0.0,0.007360672975814932,0.0,0.005257623554153523,0.0,0.0,0.0,0.0,0.0,0.05573080967402734
3744 SC Lef1 Otx2 Gaba_1,0.0,0.0,0.0,0.007246376811594203,0.0,0.10869565217391304,0.7318840579710145,0.0,0.0,0.0,0.0,0.0,0.0,0.0,0.0,0.0,0.007246376811594203,0.0,0.0,0.0,0.0,0.0,0.0,0.0,0.14492753623188406
3745 SC Lef1 Otx2 Gaba_2,0.0,0.0,0.0,0.005050505050505051,0.0,0.005050505050505051,0.9747474747474747,0.0,0.0,0.0,0.0,0.0,0.0,0.0,0.0,0.0,0.005050505050505051,0.0,0.0,0.0,0.0,0.0,0.0,0.0,0.010101010101010102
3746 SCs Pax7 Nfia Gaba_1,0.0,0.0,0.0,0.0,0.0,0.0,1.0,0.0,0.0,0.0,0.0,0.0,0.0,0.0,0.0,0.0,0.0,0.0,0.0,0.0,0.0,0.0,0.0,0.0,0.0
3747 SCs Pax7 Nfia Gaba_1,0.0,0.0,0.0,0.0,0.0,0.0,0.9655172413793104,0.0,0.0,0.0,0.0,0.0,0.0,0.0,0.0,0.0,0.0,0.0,0.034482758620689655,0.0,0.0,0.0,0.0,0.0,0.0
3748 SCs Pax7 Nfia Gaba_1,0.0,0.0,0.0,0.003968253968253968,0.0,0.0,0.996031746031746,0.0,0.0,0.0,0.0,0.0,0.0,0.0,0.0,0.0,0.0,0.0,0.0,0.0,0.0,0.0,0.0,0.0,0.0
3749 SCs Pax7 Nfia Gaba_1,0.02702702702702703,0.0,0.0,0.0,0.0,0.0,0.918918918918919,0.0,0.0,0.0,0.0,0.0,0.0,0.0,0.0,0.0,0.02702702702702703,0.0,0.02702702702702703,0.0,0.0,0.0,0.0,0.0,0.0
3750 SCs Pax7 Nfia Gaba_1,0.0,0.0,0.0,0.013888888888888888,0.0,0.0,0.9722222222222222,0.0,0.0,0.0,0.0,0.0,0.0,0.0,0.0,0.0,0.013888888888888888,0.0,0.0,0.0,0.0,0.0,0.0,0.0,0.0
3751 SCs Pax7 Nfia Gaba_2,0.0,0.0,0.0,0.024691358024691357,0.0,0.0,0.9691358024691358,0.0,0.0,0.0,0.0,0.0,0.0,0.0,0.0,0.0,0.0,0.0,0.00205761316872428,0.0,0.0,0.0,0.0,0.0,0.00411522633744856
3752 SCs Pax7 Nfia Gaba_2,0.0,0.0,0.0,0.013761467889908258,0.0,0.009174311926605505,0.9655963302752294,0.0,0.0,0.0,0.0,0.0,0.0,0.0,0.0,0.0,0.0022935779816513763,0.0,0.0,0.0,0.0,0.0,0.0,0.0,0.009174311926605505
3753 SCs Pax7 Nfia Gaba_2,0.0,0.0,0.0,0.025547445255474453,0.0,0.0,0.9708029197080292,0.0,0.0,0.0,0.0,0.0,0.0,0.0,0.0,0.0,0.0036496350364963502,0.0,0.0,0.0,0.0,0.0,0.0,0.0,0.0
3754 SCs Pax7 Nfia Gaba_2,0.0,0.0,0.0,0.0,0.0,0.0,0.96,0.0,0.0,0.0,0.0,0.0,0.0,0.0,0.0,0.0,0.04,0.0,0.0,0.0,0.0,0.0,0.0,0.0,0.0
3755 SCs Pax7 Nfia Gaba_2,0.0,0.0,0.0,0.012048192771084338,0.0,0.012048192771084338,0.9518072289156626,0.0,0.0,0.0,0.0,0.0,0.0,0.0,0.0,0.0,0.012048192771084338,0.0,0.0,0.0,0.0,0.0,0.0,0.0,0.012048192771084338
3756 SCs Pax7 Nfia Gaba_3,0.0,0.0,0.0,0.009478672985781991,0.0,0.001579778830963665,0.9652448657187994,0.0,0.0,0.0,0.0,0.0,0.0,0.0,0.0,0.0,0.001579778830963665,0.0,0.00315955766192733,0.0,0.0,0.0,0.0,0.0,0.018957345971563982
3757 SCs Pax7 Nfia Gaba_3,0.0,0.0,0.0,0.008287292817679558,0.0,0.0,0.9861878453038674,0.0,0.0,0.0,0.0,0.0,0.0,0.0,0.0,0.0,0.0,0.0,0.0,0.0,0.0,0.0,0.0,0.0,0.0055248618784530384
3758 SCs Pax7 Nfia Gaba_4,0.0,0.0,0.0,0.0026246719160104987,0.0,0.0,0.989501312335958,0.0,0.0,0.0,0.0,0.0,0.0,0.0,0.0,0.0,0.0,0.0,0.007874015748031496,0.0,0.0,0.0,0.0,0.0,0.0
3759 SCs Pax7 Nfia Gaba_5,0.0047169811320754715,0.0,0.0,0.009433962264150943,0.0,0.0,0.9669811320754716,0.0,0.0,0.0,0.0,0.0,0.0047169811320754715,0.0,0.0,0.0,0.0,0.0,0.0047169811320754715,0.0,0.0047169811320754715,0.0,0.0,0.0,0.0047169811320754715
3760 PRT Mecom Gaba_1,0.0,0.0,0.0,0.0,0.0,0.0,0.4166666666666667,0.0,0.0,0.0,0.0,0.0,0.0,0.0,0.0,0.0,0.0,0.0,0.5833333333333334,0.0,0.0,0.0,0.0,0.0,0.0
3761 PRT Mecom Gaba_1,0.0,0.0,0.0,0.058823529411764705,0.0,0.0,0.8235294117647058,0.0,0.0,0.0,0.0,0.0,0.0,0.0,0.0,0.0,0.058823529411764705,0.0,0.058823529411764705,0.0,0.0,0.0,0.0,0.0,0.0
3762 PRT Mecom Gaba_1,0.0,0.0,0.0,0.0,0.0,0.0,0.75,0.0,0.0,0.0,0.0,0.0,0.03125,0.125,0.0,0.0,0.03125,0.0,0.0625,0.0,0.0,0.0,0.0,0.0,0.0
3763 PRT Mecom Gaba_1,0.0,0.0,0.0,0.0,0.0,0.0,0.9,0.0,0.0,0.0,0.0,0.0,0.0,0.0,0.0,0.0,0.05,0.0,0.0,0.0,0.0,0.0,0.05,0.0,0.0
3764 PRT Mecom Gaba_1,0.0,0.0,0.0,0.0,0.0,0.0,0.8571428571428571,0.0,0.0,0.0,0.0,0.0,0.0,0.0,0.0,0.0,0.09523809523809523,0.0,0.047619047619047616,0.0,0.0,0.0,0.0,0.0,0.0
3765 PRT Mecom Gaba_1,0.0,0.0,0.0,0.0,0.0,0.0,1.0,0.0,0.0,0.0,0.0,0.0,0.0,0.0,0.0,0.0,0.0,0.0,0.0,0.0,0.0,0.0,0.0,0.0,0.0
3766 PRT Mecom Gaba_1,0.0,0.0,0.0,0.0,0.0,0.0,0.9032258064516129,0.0,0.0,0.0,0.0,0.0,0.0,0.0,0.0,0.0,0.0967741935483871,0.0,0.0,0.0,0.0,0.0,0.0,0.0,0.0
3767 PRT Mecom Gaba_1,0.0,0.0,0.0,0.05555555555555555,0.0,0.0,0.6666666666666666,0.0,0.0,0.0,0.0,0.0,0.0,0.0,0.0,0.0,0.1111111111111111,0.0,0.16666666666666666,0.0,0.0,0.0,0.0,0.0,0.0
3768 PRT Mecom Gaba_1,0.0,0.0,0.0,0.0,0.0,0.0,0.9411764705882353,0.0,0.0,0.0,0.0,0.0,0.0,0.0,0.0,0.0,0.058823529411764705,0.0,0.0,0.0,0.0,0.0,0.0,0.0,0.0
3769 PRT Mecom Gaba_1,0.0,0.0,0.0,0.0,0.0,0.0,0.8571428571428571,0.0,0.0,0.0,0.0,0.0,0.0,0.0,0.0,0.0,0.09523809523809523,0.0,0.047619047619047616,0.0,0.0,0.0,0.0,0.0,0.0
3770 PRT Mecom Gaba_1,0.0,0.0,0.0,0.0,0.0,0.0,0.8333333333333334,0.0,0.0,0.0,0.0,0.0,0.0,0.03333333333333333,0.0,0.0,0.06666666666666667,0.0,0.03333333333333333,0.0,0.03333333333333333,0.0,0.0,0.0,0.0
3771 PRT Mecom Gaba_2,0.0,0.0,0.0,0.0,0.0,0.0,0.9333333333333333,0.0,0.0,0.0,0.0,0.0,0.0,0.0,0.0,0.0,0.06666666666666667,0.0,0.0,0.0,0.0,0.0,0.0,0.0,0.0
3772 PRT Mecom Gaba_2,0.0,0.0,0.0,0.0,0.0,0.0,1.0,0.0,0.0,0.0,0.0,0.0,0.0,0.0,0.0,0.0,0.0,0.0,0.0,0.0,0.0,0.0,0.0,0.0,0.0
3773 PRT Mecom Gaba_2,0.0,0.0,0.0,0.0,0.0,0.0,1.0,0.0,0.0,0.0,0.0,0.0,0.0,0.0,0.0,0.0,0.0,0.0,0.0,0.0,0.0,0.0,0.0,0.0,0.0
3774 PRT Mecom Gaba_3,0.0,0.0,0.0,0.0,0.0,0.0,0.86,0.0,0.0,0.0,0.0,0.0,0.0,0.0,0.0,0.0,0.1,0.0,0.04,0.0,0.0,0.0,0.0,0.0,0.0
3775 PRT Mecom Gaba_3,0.0,0.0,0.0,0.0,0.0,0.0,0.9,0.0,0.0,0.0,0.0,0.0,0.0,0.025,0.0,0.0,0.075,0.0,0.0,0.0,0.0,0.0,0.0,0.0,0.0
3776 PRT Mecom Gaba_3,0.0,0.0,0.0,0.0,0.0,0.0,1.0,0.0,0.0,0.0,0.0,0.0,0.0,0.0,0.0,0.0,0.0,0.0,0.0,0.0,0.0,0.0,0.0,0.0,0.0
3777 PRT Mecom Gaba_3,0.0,0.0,0.0,0.0,0.0,0.0,0.92,0.0,0.0,0.0,0.0,0.0,0.0,0.08,0.0,0.0,0.0,0.0,0.0,0.0,0.0,0.0,0.0,0.0,0.0
3778 PRT Mecom Gaba_3,0.0,0.0,0.0,0.0,0.0,0.0,0.7272727272727273,0.0,0.0,0.0,0.0,0.0,0.0,0.2727272727272727,0.0,0.0,0.0,0.0,0.0,0.0,0.0,0.0,0.0,0.0,0.0
3779 PRT Mecom Gaba_3,0.0,0.0,0.0,0.0,0.0,0.0,0.8333333333333334,0.0,0.0,0.0,0.0,0.0,0.0,0.0,0.0,0.0,0.08333333333333333,0.0,0.08333333333333333,0.0,0.0,0.0,0.0,0.0,0.0
3780 PRT Mecom Gaba_3,0.0,0.0,0.0,0.0,0.0,0.0,1.0,0.0,0.0,0.0,0.0,0.0,0.0,0.0,0.0,0.0,0.0,0.0,0.0,0.0,0.0,0.0,0.0,0.0,0.0
3781 SC Tnnt1 Gli3 Gaba_1,0.0,0.0,0.0,0.0,0.0,0.0,1.0,0.0,0.0,0.0,0.0,0.0,0.0,0.0,0.0,0.0,0.0,0.0,0.0,0.0,0.0,0.0,0.0,0.0,0.0
3782 SC Tnnt1 Gli3 Gaba_1,0.0,0.0,0.0,0.0,0.0,0.0,0.9924242424242424,0.0,0.0,0.0,0.0,0.0,0.0,0.0,0.0,0.0,0.0,0.0,0.0,0.0,0.0,0.0,0.0,0.0,0.007575757575757576
3783 SC Tnnt1 Gli3 Gaba_2,0.0,0.0,0.0,0.037037037037037035,0.0,0.0,0.9259259259259259,0.0,0.0,0.0,0.0,0.0,0.0,0.0,0.0,0.0,0.037037037037037035,0.0,0.0,0.0,0.0,0.0,0.0,0.0,0.0
3784 SC Tnnt1 Gli3 Gaba_2,0.0,0.0,0.0,0.024096385542168676,0.0,0.0,0.9759036144578314,0.0,0.0,0.0,0.0,0.0,0.0,0.0,0.0,0.0,0.0,0.0,0.0,0.0,0.0,0.0,0.0,0.0,0.0
3785 SC Tnnt1 Gli3 Gaba_2,0.0,0.0,0.0,0.05263157894736842,0.0,0.0,0.9210526315789473,0.0,0.0,0.0,0.0,0.0,0.0,0.0,0.0,0.0,0.0,0.0,0.02631578947368421,0.0,0.0,0.0,0.0,0.0,0.0
3786 SC Tnnt1 Gli3 Gaba_2,0.0,0.0,0.0,0.02127659574468085,0.0,0.010638297872340425,0.8404255319148937,0.0,0.0,0.0,0.0,0.0,0.0,0.0,0.0,0.0,0.010638297872340425,0.0,0.0,0.0,0.0,0.0,0.0,0.0,0.11702127659574468
3787 SC Tnnt1 Gli3 Gaba_2,0.0,0.0,0.0,0.02857142857142857,0.0,0.060714285714285714,0.8321428571428572,0.0,0.0,0.0,0.0,0.0,0.0,0.0,0.0,0.0,0.0,0.0,0.0035714285714285713,0.0,0.0,0.0,0.0,0.0,0.075
3788 SC Tnnt1 Gli3 Gaba_2,0.0,0.0,0.0,0.005649717514124294,0.0,0.0,0.9774011299435028,0.0,0.0,0.0,0.0,0.0,0.0,0.0,0.0,0.0,0.0,0.0,0.005649717514124294,0.0,0.0,0.0,0.0,0.0,0.011299435028248588
3789 SCs Lef1 Gli3 Gaba_1,0.0,0.0,0.0,0.0,0.0,0.0,1.0,0.0,0.0,0.0,0.0,0.0,0.0,0.0,0.0,0.0,0.0,0.0,0.0,0.0,0.0,0.0,0.0,0.0,0.0
3790 SCs Lef1 Gli3 Gaba_1,0.0,0.0,0.0,0.0,0.0,0.0,0.9880952380952381,0.0,0.0,0.0,0.0,0.0,0.0,0.0,0.0,0.0,0.0,0.0,0.011904761904761904,0.0,0.0,0.0,0.0,0.0,0.0
3791 SCs Lef1 Gli3 Gaba_1,0.0,0.0,0.0,0.0026041666666666665,0.0,0.0,0.984375,0.0,0.0,0.0,0.0,0.0,0.0,0.0,0.0,0.0,0.005208333333333333,0.0,0.0078125,0.0,0.0,0.0,0.0,0.0,0.0
3792 SCs Lef1 Gli3 Gaba_1,0.0,0.0,0.0,0.0,0.0,0.0,1.0,0.0,0.0,0.0,0.0,0.0,0.0,0.0,0.0,0.0,0.0,0.0,0.0,0.0,0.0,0.0,0.0,0.0,0.0
3793 SCs Lef1 Gli3 Gaba_2,0.0,0.0,0.0,0.00558659217877095,0.0,0.0,0.9916201117318436,0.0,0.0,0.0,0.0,0.0,0.0,0.0,0.0,0.0,0.0,0.0,0.0,0.0,0.0,0.0,0.0,0.0,0.002793296089385475
3794 SCs Lef1 Gli3 Gaba_2,0.0,0.0,0.0,0.013114754098360656,0.0,0.009836065573770493,0.9606557377049181,0.0,0.0,0.0,0.0,0.0,0.0,0.0,0.0,0.0,0.006557377049180328,0.0,0.0,0.0,0.0,0.0,0.0,0.0,0.009836065573770493
3795 SCs Lef1 Gli3 Gaba_3,0.0,0.0,0.0,0.00516795865633075,0.0,0.0,0.9819121447028424,0.0,0.0,0.002583979328165375,0.0,0.0,0.0,0.0,0.0,0.0,0.0,0.0,0.007751937984496124,0.0,0.0,0.0,0.0,0.0,0.002583979328165375
3796 SCs Lef1 Gli3 Gaba_3,0.0,0.0,0.0,0.0,0.0,0.0,0.9953271028037384,0.0,0.0,0.0,0.0,0.0,0.0,0.0,0.0,0.0,0.004672897196261682,0.0,0.0,0.0,0.0,0.0,0.0,0.0,0.0
3797 SCsg Gabrr2 Gaba_1,0.0,0.0,0.0,0.06172839506172839,0.018518518518518517,0.037037037037037035,0.4444444444444444,0.0,0.0,0.0,0.0,0.0,0.21604938271604937,0.0,0.0,0.0,0.06790123456790123,0.0,0.024691358024691357,0.0,0.05555555555555555,0.006172839506172839,0.006172839506172839,0.0,0.06172839506172839
3798 SCsg Gabrr2 Gaba_1,0.0,0.0,0.0,0.0064516129032258064,0.0064516129032258064,0.0,0.4064516129032258,0.0,0.0,0.0,0.0,0.0,0.5161290322580645,0.0,0.0,0.0,0.025806451612903226,0.0,0.0064516129032258064,0.0,0.0064516129032258064,0.025806451612903226,0.0,0.0,0.0
3799 SCsg Gabrr2 Gaba_1,0.0,0.0,0.0,0.04395604395604396,0.01098901098901099,0.0,0.532967032967033,0.0,0.0,0.005494505494505495,0.005494505494505495,0.0,0.25274725274725274,0.0,0.0,0.0,0.08791208791208792,0.0,0.016483516483516484,0.0,0.02197802197802198,0.016483516483516484,0.005494505494505495,0.0,0.0
3800 SCsg Gabrr2 Gaba_1,0.0,0.007142857142857143,0.0,0.014285714285714285,0.02857142857142857,0.0,0.4714285714285714,0.0,0.0,0.02142857142857143,0.0,0.0,0.35,0.0,0.0,0.0,0.03571428571428571,0.0,0.014285714285714285,0.007142857142857143,0.007142857142857143,0.03571428571428571,0.0,0.0,0.007142857142857143
3801 SCsg Gabrr2 Gaba_1,0.0,0.0,0.0,0.0,0.0,0.0,0.7916666666666666,0.0,0.0,0.0,0.0,0.0,0.08333333333333333,0.0,0.0,0.0,0.08333333333333333,0.0,0.0,0.0,0.041666666666666664,0.0,0.0,0.0,0.0
3802 SCsg Gabrr2 Gaba_1,0.0,0.0,0.0,0.1111111111111111,0.0,0.0,0.4444444444444444,0.0,0.0,0.0,0.0,0.0,0.2222222222222222,0.0,0.0,0.0,0.1111111111111111,0.0,0.0,0.0,0.0,0.0,0.0,0.0,0.1111111111111111
3803 SCsg Gabrr2 Gaba_1,0.0,0.0,0.0,0.058823529411764705,0.0,0.13725490196078433,0.6078431372549019,0.0,0.0,0.0,0.0,0.0,0.0784313725490196,0.0,0.0,0.0,0.0392156862745098,0.0,0.0196078431372549,0.0,0.0,0.0,0.0,0.0,0.058823529411764705
3804 SCsg Gabrr2 Gaba_1,0.0,0.0,0.0,0.06741573033707865,0.0,0.0449438202247191,0.6966292134831461,0.0,0.0,0.0,0.0,0.0,0.06741573033707865,0.0,0.0,0.0,0.011235955056179775,0.0,0.033707865168539325,0.0,0.033707865168539325,0.0,0.0,0.0,0.0449438202247191
3805 SCsg Gabrr2 Gaba_1,0.0,0.0,0.0,0.0,0.0,0.08333333333333333,0.6666666666666666,0.0,0.0,0.0,0.0,0.0,0.0,0.0,0.0,0.0,0.16666666666666666,0.0,0.041666666666666664,0.0,0.0,0.0,0.0,0.0,0.041666666666666664
3806 SCsg Gabrr2 Gaba_1,0.0,0.0,0.0,0.0,0.0,0.047619047619047616,0.8095238095238095,0.0,0.0,0.0,0.0,0.0,0.0,0.0,0.0,0.0,0.0,0.0,0.0,0.0,0.0,0.0,0.0,0.0,0.14285714285714285
3807 SCsg Gabrr2 Gaba_1,0.0,0.0,0.0,0.04411764705882353,0.0,0.20588235294117646,0.45588235294117646,0.0,0.0,0.0,0.0,0.0,0.0,0.0,0.0,0.0,0.058823529411764705,0.0,0.0,0.0,0.0,0.0,0.0,0.0,0.23529411764705882
3808 SCsg Gabrr2 Gaba_2,0.0,0.0,0.0,0.025974025974025976,0.0,0.032467532467532464,0.8181818181818182,0.0,0.0,0.0,0.0,0.0,0.006493506493506494,0.0,0.0,0.0,0.006493506493506494,0.0,0.0,0.0,0.0,0.0,0.0,0.0,0.11038961038961038
3809 SCsg Gabrr2 Gaba_2,0.0,0.0,0.0,0.032388663967611336,0.0,0.08502024291497975,0.6558704453441295,0.0,0.0,0.0,0.0,0.0,0.0,0.0,0.0,0.0,0.020242914979757085,0.0,0.0,0.0,0.0,0.0,0.0,0.0,0.20647773279352227
3810 SCsg Gabrr2 Gaba_2,0.0,0.004219409282700422,0.0,0.046413502109704644,0.0,0.09282700421940929,0.7088607594936709,0.0,0.0,0.0,0.0,0.0,0.0,0.0,0.0,0.0,0.02531645569620253,0.0,0.0,0.0,0.0,0.0,0.0,0.0,0.12236286919831224
3811 SCsg Gabrr2 Gaba_2,0.0,0.0030211480362537764,0.0,0.012084592145015106,0.0,0.06042296072507553,0.7945619335347432,0.0,0.0,0.0,0.0,0.0,0.0030211480362537764,0.0,0.0,0.0,0.015105740181268883,0.0,0.0,0.0,0.0,0.0,0.0,0.0,0.11178247734138973
3812 SCsg Gabrr2 Gaba_2,0.0,0.0,0.0,0.021621621621621623,0.0,0.032432432432432434,0.9243243243243243,0.0,0.0,0.0,0.0,0.0,0.0,0.0,0.0,0.0,0.0,0.0,0.0,0.0,0.0,0.0,0.0,0.0,0.021621621621621623
3813 SCsg Gabrr2 Gaba_2,0.0,0.0,0.0,0.044585987261146494,0.0,0.08917197452229299,0.6687898089171974,0.0,0.0,0.0,0.0,0.0,0.0,0.0,0.0,0.0,0.025477707006369428,0.0,0.0,0.0,0.0,0.0,0.0,0.0,0.17197452229299362
3814 SCsg Gabrr2 Gaba_2,0.0,0.0,0.0,0.015873015873015872,0.0,0.047619047619047616,0.8571428571428571,0.0,0.0,0.0,0.0,0.0,0.0,0.0,0.0,0.0,0.015873015873015872,0.0,0.0,0.0,0.0,0.0,0.0,0.0,0.06349206349206349
3815 SCsg Gabrr2 Gaba_3,0.0,0.0,0.0,0.01020408163265306,0.0,0.00510204081632653,0.9336734693877551,0.0,0.0,0.0,0.0,0.0,0.0,0.0,0.0,0.0,0.01020408163265306,0.0,0.0,0.0,0.0,0.0,0.0,0.0,0.04081632653061224
3816 SCsg Gabrr2 Gaba_3,0.0,0.0,0.0,0.03225806451612903,0.0,0.1935483870967742,0.5967741935483871,0.0,0.0,0.0,0.0,0.0,0.0,0.0,0.0,0.0,0.03225806451612903,0.0,0.0,0.0,0.0,0.0,0.0,0.0,0.14516129032258066
3817 SCsg Gabrr2 Gaba_3,0.0,0.0,0.0,0.02247191011235955,0.0,0.10112359550561797,0.7191011235955056,0.0,0.0,0.0,0.0,0.0,0.0,0.0,0.0,0.0,0.011235955056179775,0.0,0.0,0.0,0.0,0.0,0.0,0.0,0.14606741573033707
3818 SCsg Gabrr2 Gaba_3,0.0,0.0,0.0,0.0,0.0,0.047619047619047616,0.8809523809523809,0.0,0.0,0.0,0.0,0.0,0.0,0.0,0.0,0.0,0.047619047619047616,0.0,0.0,0.0,0.0,0.0,0.0,0.0,0.023809523809523808
3819 SCsg Gabrr2 Gaba_3,0.0,0.0,0.0,0.007352941176470588,0.0,0.0661764705882353,0.7647058823529411,0.0,0.0,0.0,0.0,0.0,0.0,0.0,0.0,0.0,0.0,0.0,0.0,0.0,0.0,0.0,0.0,0.0,0.16176470588235295
3820 SCsg Gabrr2 Gaba_3,0.0,0.0,0.0,0.01818181818181818,0.0,0.11636363636363636,0.6909090909090909,0.0,0.0,0.0,0.0,0.0,0.0,0.0,0.0,0.0,0.01090909090909091,0.0,0.0,0.0,0.0,0.0,0.0,0.0,0.16363636363636364
3821 SCsg Gabrr2 Gaba_4,0.0,0.0,0.0,0.017094017094017096,0.0,0.02564102564102564,0.8376068376068376,0.0,0.0,0.0,0.0,0.0,0.0,0.0,0.0,0.0,0.008547008547008548,0.0,0.008547008547008548,0.0,0.0,0.0,0.0,0.0,0.10256410256410256
3822 SCsg Gabrr2 Gaba_4,0.0,0.16129032258064516,0.0,0.0,0.0,0.0,0.8387096774193549,0.0,0.0,0.0,0.0,0.0,0.0,0.0,0.0,0.0,0.0,0.0,0.0,0.0,0.0,0.0,0.0,0.0,0.0
3823 SCsg Gabrr2 Gaba_4,0.0,0.030303030303030304,0.0,0.0,0.0,0.06060606060606061,0.803030303030303,0.0,0.0,0.0,0.0,0.0,0.0,0.0,0.0,0.0,0.015151515151515152,0.0,0.0,0.0,0.0,0.0,0.0,0.0,0.09090909090909091
3824 SCsg Gabrr2 Gaba_4,0.0,0.0,0.0,0.041237113402061855,0.0,0.044673539518900345,0.7663230240549829,0.0,0.0,0.0,0.0,0.0,0.0,0.0,0.0,0.0,0.010309278350515464,0.0,0.0,0.0,0.0,0.0,0.0,0.0,0.13745704467353953
3825 SCsg Gabrr2 Gaba_4,0.0,0.005291005291005291,0.0,0.037037037037037035,0.0,0.021164021164021163,0.8359788359788359,0.0,0.0,0.0,0.0,0.0,0.0,0.0,0.0,0.0,0.0,0.0,0.0,0.0,0.0,0.0,0.0,0.0,0.10052910052910052
3826 SCsg Gabrr2 Gaba_5,0.0,0.0,0.0,0.05555555555555555,0.0,0.05555555555555555,0.75,0.0,0.0,0.0,0.0,0.0,0.0,0.0,0.0,0.0,0.027777777777777776,0.0,0.0,0.0,0.0,0.0,0.0,0.0,0.1111111111111111
3827 SCsg Gabrr2 Gaba_5,0.0,0.0,0.0,0.013953488372093023,0.0,0.027906976744186046,0.8883720930232558,0.0,0.0,0.0,0.0,0.0,0.0,0.0,0.0,0.0,0.0,0.0,0.004651162790697674,0.0,0.0,0.0,0.0,0.0,0.06511627906976744
3828 IPN Otp Crisp1 Gaba_1,0.0,0.0,0.0,0.0,0.0,0.0,1.0,0.0,0.0,0.0,0.0,0.0,0.0,0.0,0.0,0.0,0.0,0.0,0.0,0.0,0.0,0.0,0.0,0.0,0.0
3829 IPN Otp Crisp1 Gaba_1,0.0,0.0,0.0,0.0,0.0,0.0,0.9692307692307692,0.0,0.0,0.03076923076923077,0.0,0.0,0.0,0.0,0.0,0.0,0.0,0.0,0.0,0.0,0.0,0.0,0.0,0.0,0.0
3830 IPN Otp Crisp1 Gaba_1,0.0,0.0,0.0,0.0,0.0,0.0,0.9259259259259259,0.0,0.0,0.07407407407407407,0.0,0.0,0.0,0.0,0.0,0.0,0.0,0.0,0.0,0.0,0.0,0.0,0.0,0.0,0.0
3831 IPN Otp Crisp1 Gaba_2,0.0,0.0,0.0,0.0,0.0,0.0,0.8295454545454546,0.0,0.0,0.17045454545454544,0.0,0.0,0.0,0.0,0.0,0.0,0.0,0.0,0.0,0.0,0.0,0.0,0.0,0.0,0.0
3832 IPN Otp Crisp1 Gaba_2,0.0,0.0,0.0,0.0,0.0,0.0,0.6764705882352942,0.0,0.0,0.2647058823529412,0.0,0.0,0.0,0.0,0.0,0.0,0.058823529411764705,0.0,0.0,0.0,0.0,0.0,0.0,0.0,0.0
3833 IPN Otp Crisp1 Gaba_2,0.0,0.0,0.0,0.0,0.2236842105263158,0.0,0.7105263157894737,0.0,0.0,0.039473684210526314,0.0,0.0,0.0,0.0,0.0,0.0,0.013157894736842105,0.0,0.0,0.0,0.0,0.0,0.013157894736842105,0.0,0.0
3834 IPN Otp Crisp1 Gaba_2,0.0,0.0,0.0,0.0,0.0,0.0,0.9,0.0,0.0,0.1,0.0,0.0,0.0,0.0,0.0,0.0,0.0,0.0,0.0,0.0,0.0,0.0,0.0,0.0,0.0
3835 IPN Otp Crisp1 Gaba_2,0.0,0.0,0.0,0.0,0.09090909090909091,0.0,0.8181818181818182,0.0,0.0,0.09090909090909091,0.0,0.0,0.0,0.0,0.0,0.0,0.0,0.0,0.0,0.0,0.0,0.0,0.0,0.0,0.0
3836 IPN Otp Crisp1 Gaba_3,0.0,0.0,0.0,0.0,0.0,0.0,0.47115384615384615,0.0,0.0,0.47115384615384615,0.0,0.0,0.0,0.0,0.0,0.0,0.057692307692307696,0.0,0.0,0.0,0.0,0.0,0.0,0.0,0.0
3837 SNc-VTA-RAmb Foxa1 Dopa_1,0.0,0.0,0.0,0.0,0.6428571428571429,0.0,0.14285714285714285,0.0,0.0,0.0,0.0,0.0,0.07142857142857142,0.07142857142857142,0.0,0.0,0.0,0.0,0.0,0.0,0.0,0.0,0.07142857142857142,0.0,0.0
3838 SNc-VTA-RAmb Foxa1 Dopa_1,0.0,0.0,0.0,0.0,0.3389830508474576,0.0,0.5423728813559322,0.0,0.0,0.0,0.0,0.0,0.05084745762711865,0.03389830508474576,0.0,0.0,0.0,0.0,0.0,0.0,0.0,0.0,0.03389830508474576,0.0,0.0
3839 SNc-VTA-RAmb Foxa1 Dopa_1,0.0,0.0,0.0,0.0,0.125,0.0,0.875,0.0,0.0,0.0,0.0,0.0,0.0,0.0,0.0,0.0,0.0,0.0,0.0,0.0,0.0,0.0,0.0,0.0,0.0
3840 SNc-VTA-RAmb Foxa1 Dopa_1,0.0,0.0,0.0,0.0,0.03258145363408521,0.0,0.8847117794486216,0.0,0.0,0.0,0.0,0.0,0.0,0.0,0.0,0.0,0.0,0.0,0.002506265664160401,0.07017543859649122,0.0,0.0,0.010025062656641603,0.0,0.0
3841 SNc-VTA-RAmb Foxa1 Dopa_1,0.0,0.0,0.0,0.0,0.25,0.0,0.25,0.0,0.0,0.0,0.0,0.0,0.0,0.0,0.0,0.0,0.0,0.0,0.0,0.5,0.0,0.0,0.0,0.0,0.0
3842 SNc-VTA-RAmb Foxa1 Dopa_1,0.0,0.0,0.0,0.0,0.0,0.0,0.9333333333333333,0.0,0.0,0.0,0.0,0.0,0.0,0.0,0.0,0.0,0.0,0.0,0.0,0.06666666666666667,0.0,0.0,0.0,0.0,0.0
3843 SNc-VTA-RAmb Foxa1 Dopa_1,0.0,0.0,0.0,0.0,0.1038961038961039,0.0,0.8701298701298701,0.0,0.0,0.0,0.0,0.0,0.0,0.0,0.0,0.0,0.0,0.0,0.0,0.025974025974025976,0.0,0.0,0.0,0.0,0.0
3844 SNc-VTA-RAmb Foxa1 Dopa_1,0.0,0.0,0.0,0.0,0.1111111111111111,0.0,0.8888888888888888,0.0,0.0,0.0,0.0,0.0,0.0,0.0,0.0,0.0,0.0,0.0,0.0,0.0,0.0,0.0,0.0,0.0,0.0
3845 SNc-VTA-RAmb Foxa1 Dopa_2,0.0,0.0,0.0,0.0,0.08888888888888889,0.0,0.8888888888888888,0.0,0.0,0.0,0.0,0.0,0.0,0.0,0.0,0.0,0.0,0.0,0.022222222222222223,0.0,0.0,0.0,0.0,0.0,0.0
3846 SNc-VTA-RAmb Foxa1 Dopa_2,0.0,0.0,0.0,0.0,0.046052631578947366,0.0,0.8421052631578947,0.0,0.0,0.006578947368421052,0.0,0.0,0.0,0.0,0.0,0.0,0.0,0.0,0.07894736842105263,0.013157894736842105,0.0,0.0,0.013157894736842105,0.0,0.0
3847 SNc-VTA-RAmb Foxa1 Dopa_2,0.0,0.0,0.0,0.0,0.0,0.0,0.8571428571428571,0.0,0.0,0.0,0.0,0.0,0.0,0.0,0.0,0.0,0.0,0.0,0.07142857142857142,0.03571428571428571,0.0,0.0,0.03571428571428571,0.0,0.0
3848 SNc-VTA-RAmb Foxa1 Dopa_2,0.0,0.0,0.0,0.0,0.02092050209205021,0.0,0.8242677824267782,0.0,0.0,0.0,0.0,0.0,0.0,0.0,0.0,0.0,0.0,0.008368200836820083,0.0502092050209205,0.0502092050209205,0.0,0.0,0.04602510460251046,0.0,0.0
3849 SNc-VTA-RAmb Foxa1 Dopa_2,0.0,0.0,0.0,0.0,0.017543859649122806,0.0,0.8771929824561403,0.0,0.0,0.0,0.0,0.0,0.0,0.0,0.0,0.0,0.0,0.03508771929824561,0.03508771929824561,0.03508771929824561,0.0,0.0,0.0,0.0,0.0
3850 SNc-VTA-RAmb Foxa1 Dopa_2,0.0,0.0,0.0,0.0,0.024,0.0,0.856,0.0,0.0,0.0,0.0,0.0,0.0,0.0,0.0,0.0,0.0,0.0,0.016,0.08,0.0,0.0,0.024,0.0,0.0
3851 SNc-VTA-RAmb Foxa1 Dopa_2,0.0,0.0,0.0,0.0,0.0,0.0,1.0,0.0,0.0,0.0,0.0,0.0,0.0,0.0,0.0,0.0,0.0,0.0,0.0,0.0,0.0,0.0,0.0,0.0,0.0
3852 SNc-VTA-RAmb Foxa1 Dopa_2,0.0,0.0,0.0,0.0,0.0,0.0,0.9444444444444444,0.0,0.0,0.0,0.0,0.0,0.0,0.0,0.0,0.0,0.0,0.0,0.0,0.05555555555555555,0.0,0.0,0.0,0.0,0.0
3853 SNc-VTA-RAmb Foxa1 Dopa_3,0.0,0.0,0.0,0.0,0.04294478527607362,0.0,0.901840490797546,0.0,0.0,0.0,0.0,0.0,0.0,0.0,0.0,0.0,0.0,0.0,0.03067484662576687,0.0,0.0,0.0,0.024539877300613498,0.0,0.0
3854 SNc-VTA-RAmb Foxa1 Dopa_3,0.0,0.0,0.0,0.0,0.03711340206185567,0.0,0.865979381443299,0.0,0.0,0.01752577319587629,0.0,0.0,0.0,0.0,0.0,0.0,0.0,0.0010309278350515464,0.029896907216494847,0.018556701030927835,0.0,0.013402061855670102,0.016494845360824743,0.0,0.0
3855 SNc-VTA-RAmb Foxa1 Dopa_3,0.0,0.0,0.0,0.0,0.11055276381909548,0.0,0.8391959798994975,0.0,0.0,0.0,0.0,0.0,0.0,0.0,0.0,0.0,0.0,0.0,0.010050251256281407,0.005025125628140704,0.0,0.035175879396984924,0.0,0.0,0.0
3856 SNc-VTA-RAmb Foxa1 Dopa_3,0.0,0.0,0.0,0.0,0.022727272727272728,0.0,0.8181818181818182,0.0,0.0,0.0,0.0,0.0,0.0,0.0,0.0,0.0,0.0,0.0,0.0,0.0,0.0,0.13636363636363635,0.022727272727272728,0.0,0.0
3857 SNc-VTA-RAmb Foxa1 Dopa_3,0.0,0.0,0.0,0.0,0.08,0.0,0.9066666666666666,0.0,0.0,0.0,0.0,0.0,0.0,0.0,0.0,0.0,0.0,0.0,0.0,0.0,0.0,0.0,0.013333333333333334,0.0,0.0
3858 SNc-VTA-RAmb Foxa1 Dopa_3,0.0,0.0,0.0,0.0,0.17204301075268819,0.0,0.7688172043010753,0.0,0.0,0.0,0.0,0.0,0.005376344086021506,0.0,0.0,0.0,0.0,0.0,0.053763440860215055,0.0,0.0,0.0,0.0,0.0,0.0
3859 SNc-VTA-RAmb Foxa1 Dopa_3,0.0,0.0,0.0,0.0,0.0,0.0,0.0,0.0,0.0,0.0,0.0,0.0,0.0,0.0,0.0,0.0,0.0,0.0,0.0,0.0,0.0,0.0,1.0,0.0,0.0
3860 SNc-VTA-RAmb Foxa1 Dopa_4,0.0,0.0,0.0,0.0,0.0,0.0,0.9642857142857143,0.0,0.0,0.0,0.0,0.0,0.0,0.0,0.0,0.0,0.0,0.0,0.0,0.0,0.0,0.0,0.03571428571428571,0.0,0.0
3861 SNc-VTA-RAmb Foxa1 Dopa_4,0.03333333333333333,0.0,0.0,0.0,0.06666666666666667,0.0,0.9,0.0,0.0,0.0,0.0,0.0,0.0,0.0,0.0,0.0,0.0,0.0,0.0,0.0,0.0,0.0,0.0,0.0,0.0
3862 SNc-VTA-RAmb Foxa1 Dopa_4,0.024390243902439025,0.0,0.0,0.0,0.024390243902439025,0.0,0.9512195121951219,0.0,0.0,0.0,0.0,0.0,0.0,0.0,0.0,0.0,0.0,0.0,0.0,0.0,0.0,0.0,0.0,0.0,0.0
3863 SNc-VTA-RAmb Foxa1 Dopa_4,0.0,0.0,0.0,0.0,0.0,0.0,1.0,0.0,0.0,0.0,0.0,0.0,0.0,0.0,0.0,0.0,0.0,0.0,0.0,0.0,0.0,0.0,0.0,0.0,0.0
3864 SNc-VTA-RAmb Foxa1 Dopa_4,0.03225806451612903,0.0,0.0,0.0,0.0,0.0,0.967741935483871,0.0,0.0,0.0,0.0,0.0,0.0,0.0,0.0,0.0,0.0,0.0,0.0,0.0,0.0,0.0,0.0,0.0,0.0
3865 SNc-VTA-RAmb Foxa1 Dopa_4,0.0,0.0,0.0,0.0,0.0,0.0,0.9555555555555556,0.0,0.0,0.0,0.0,0.0,0.0,0.0,0.0,0.0,0.0,0.0,0.0,0.044444444444444446,0.0,0.0,0.0,0.0,0.0
3866 SNc-VTA-RAmb Foxa1 Dopa_4,0.0,0.0,0.0,0.0,0.016666666666666666,0.0,0.9333333333333333,0.0,0.0,0.0,0.0,0.0,0.0,0.0,0.0,0.0,0.0,0.0,0.03333333333333333,0.016666666666666666,0.0,0.0,0.0,0.0,0.0
3867 SNc-VTA-RAmb Foxa1 Dopa_5,0.0,0.0,0.0,0.0,0.012048192771084338,0.0,0.891566265060241,0.0,0.0,0.0,0.0,0.0,0.0,0.0,0.0,0.0,0.0,0.024096385542168676,0.0,0.060240963855421686,0.0,0.0,0.012048192771084338,0.0,0.0
3868 SNc-VTA-RAmb Foxa1 Dopa_5,0.0,0.0,0.0,0.0,0.013157894736842105,0.0,0.9342105263157895,0.0,0.0,0.0,0.0,0.0,0.0,0.0,0.0,0.0,0.0,0.013157894736842105,0.0,0.039473684210526314,0.0,0.0,0.0,0.0,0.0
3869 SNc-VTA-RAmb Foxa1 Dopa_5,0.0,0.0,0.0,0.0,0.03225806451612903,0.0,0.7419354838709677,0.0,0.0,0.0,0.0,0.0,0.0967741935483871,0.0,0.0,0.0,0.0,0.0,0.03225806451612903,0.03225806451612903,0.0,0.0,0.06451612903225806,0.0,0.0
3870 SNc-VTA-RAmb Foxa1 Dopa_5,0.0,0.0,0.0,0.0,0.0,0.0,0.9565217391304348,0.0,0.0,0.0,0.0,0.0,0.0,0.0,0.0,0.0,0.0,0.0,0.043478260869565216,0.0,0.0,0.0,0.0,0.0,0.0
3871 SNc-VTA-RAmb Foxa1 Dopa_6,0.0,0.0,0.0,0.0,0.037037037037037035,0.0,0.9259259259259259,0.0,0.0,0.0,0.0,0.0,0.0,0.0,0.0,0.0,0.0,0.0,0.012345679012345678,0.006172839506172839,0.0,0.0,0.018518518518518517,0.0,0.0
3872 SNc-VTA-RAmb Foxa1 Dopa_6,0.0,0.0,0.0,0.0,0.10843373493975904,0.0,0.8554216867469879,0.0,0.0,0.0,0.0,0.0,0.0,0.0,0.0,0.0,0.0,0.0,0.024096385542168676,0.012048192771084338,0.0,0.0,0.0,0.0,0.0
3873 SNc-VTA-RAmb Foxa1 Dopa_6,0.0,0.0,0.0,0.0,0.0,0.0,0.88,0.0,0.0,0.0,0.0,0.0,0.0,0.0,0.0,0.0,0.0,0.0,0.04,0.04,0.0,0.0,0.04,0.0,0.0
3874 SNc-VTA-RAmb Foxa1 Dopa_6,0.0,0.0,0.0,0.0,0.0,0.0,0.9629629629629629,0.0,0.0,0.0,0.0,0.0,0.037037037037037035,0.0,0.0,0.0,0.0,0.0,0.0,0.0,0.0,0.0,0.0,0.0,0.0
3875 SNc-VTA-RAmb Foxa1 Dopa_7,0.0,0.0,0.0,0.0,0.017241379310344827,0.0,0.9137931034482759,0.0,0.0,0.008620689655172414,0.0,0.0,0.0,0.0,0.0,0.0,0.0,0.0,0.02586206896551724,0.02586206896551724,0.0,0.0,0.008620689655172414,0.0,0.0
3876 SNc-VTA-RAmb Foxa1 Dopa_7,0.011111111111111112,0.0,0.0,0.0,0.011111111111111112,0.0,0.9111111111111111,0.0,0.0,0.0,0.0,0.0,0.0,0.0,0.0,0.0,0.0,0.022222222222222223,0.022222222222222223,0.022222222222222223,0.0,0.0,0.0,0.0,0.0
3877 SNc-VTA-RAmb Foxa1 Dopa_8,0.0,0.0,0.0,0.0,0.3,0.0,0.7,0.0,0.0,0.0,0.0,0.0,0.0,0.0,0.0,0.0,0.0,0.0,0.0,0.0,0.0,0.0,0.0,0.0,0.0
3878 SNc-VTA-RAmb Foxa1 Dopa_8,0.0,0.0,0.0,0.0,0.11428571428571428,0.0,0.7142857142857143,0.0,0.0,0.0,0.0,0.0,0.0,0.0,0.0,0.0,0.0,0.0,0.02857142857142857,0.05714285714285714,0.0,0.0,0.08571428571428572,0.0,0.0
3879 SNc-VTA-RAmb Foxa1 Dopa_8,0.0,0.0,0.0,0.0,0.14814814814814814,0.0,0.6296296296296297,0.0,0.0,0.037037037037037035,0.0,0.0,0.0,0.0,0.0,0.0,0.0,0.0,0.07407407407407407,0.07407407407407407,0.0,0.0,0.037037037037037035,0.0,0.0
3880 MB-MY Tph2 Glut-Sero_1,0.003937007874015748,0.0,0.0,0.0,0.0,0.0,0.9488188976377953,0.0,0.0,0.03937007874015748,0.0,0.0,0.0,0.0,0.0,0.0,0.0,0.0,0.007874015748031496,0.0,0.0,0.0,0.0,0.0,0.0
3881 MB-MY Tph2 Glut-Sero_1,0.02,0.0,0.0,0.0,0.0,0.0,0.9,0.0,0.0,0.06,0.0,0.0,0.0,0.0,0.0,0.0,0.0,0.0,0.0,0.02,0.0,0.0,0.0,0.0,0.0
3882 MB-MY Tph2 Glut-Sero_1,0.0,0.0,0.0,0.0,0.0,0.0,0.8125,0.0,0.0,0.09375,0.0,0.0,0.0,0.0,0.0,0.0,0.0,0.03125,0.0625,0.0,0.0,0.0,0.0,0.0,0.0
3883 MB-MY Tph2 Glut-Sero_1,0.07766990291262135,0.0,0.0,0.0,0.0,0.0,0.8737864077669902,0.0,0.0,0.0,0.0,0.0,0.0,0.0,0.0,0.0,0.0,0.04854368932038835,0.0,0.0,0.0,0.0,0.0,0.0,0.0
3884 MB-MY Tph2 Glut-Sero_1,0.01358695652173913,0.0,0.0,0.0,0.0,0.0,0.7038043478260869,0.0,0.0,0.23097826086956522,0.0,0.0,0.0,0.0,0.005434782608695652,0.0,0.0,0.03260869565217391,0.01358695652173913,0.0,0.0,0.0,0.0,0.0,0.0
3885 MB-MY Tph2 Glut-Sero_1,0.06779661016949153,0.0,0.0,0.0,0.0,0.0,0.8813559322033898,0.0,0.0,0.05084745762711865,0.0,0.0,0.0,0.0,0.0,0.0,0.0,0.0,0.0,0.0,0.0,0.0,0.0,0.0,0.0
3886 MB-MY Tph2 Glut-Sero_1,0.0,0.0,0.0,0.0,0.0,0.0,0.0,0.0,0.0,0.9387755102040817,0.0,0.0,0.0,0.0,0.0,0.0,0.0,0.0,0.061224489795918366,0.0,0.0,0.0,0.0,0.0,0.0
3887 MB-MY Tph2 Glut-Sero_1,0.0,0.0,0.0,0.0,0.0,0.0,0.16161616161616163,0.0,0.0,0.7676767676767676,0.0,0.0,0.0,0.0,0.0,0.0,0.0,0.0,0.0707070707070707,0.0,0.0,0.0,0.0,0.0,0.0
3888 MB-MY Tph2 Glut-Sero_2,0.07042253521126761,0.0,0.0,0.0,0.0,0.0,0.352112676056338,0.0,0.0,0.5633802816901409,0.0,0.0,0.0,0.0,0.0,0.0,0.0,0.014084507042253521,0.0,0.0,0.0,0.0,0.0,0.0,0.0
3889 MB-MY Tph2 Glut-Sero_2,0.05,0.0,0.0,0.0,0.0,0.0,0.925,0.0,0.0,0.0,0.0,0.0,0.0,0.0,0.0,0.0,0.0,0.025,0.0,0.0,0.0,0.0,0.0,0.0,0.0
3890 MB-MY Tph2 Glut-Sero_2,0.0,0.0,0.0,0.0,0.0,0.0,0.012048192771084338,0.0,0.0,0.9759036144578314,0.0,0.0,0.0,0.0,0.0,0.0,0.0,0.0,0.012048192771084338,0.0,0.0,0.0,0.0,0.0,0.0
3891 MB-MY Tph2 Glut-Sero_2,0.0,0.0,0.0,0.0,0.0,0.0,1.0,0.0,0.0,0.0,0.0,0.0,0.0,0.0,0.0,0.0,0.0,0.0,0.0,0.0,0.0,0.0,0.0,0.0,0.0
3892 MB-MY Tph2 Glut-Sero_2,0.0,0.0,0.0,0.0,0.0,0.0,0.9,0.0,0.0,0.1,0.0,0.0,0.0,0.0,0.0,0.0,0.0,0.0,0.0,0.0,0.0,0.0,0.0,0.0,0.0
3893 MB-MY Tph2 Glut-Sero_2,0.13953488372093023,0.0,0.0,0.0,0.0,0.0,0.4186046511627907,0.046511627906976744,0.0,0.3953488372093023,0.0,0.0,0.0,0.0,0.0,0.0,0.0,0.0,0.0,0.0,0.0,0.0,0.0,0.0,0.0
3894 MB-MY Tph2 Glut-Sero_2,0.0,0.0,0.0,0.0,0.0,0.0,0.2,0.0,0.0,0.8,0.0,0.0,0.0,0.0,0.0,0.0,0.0,0.0,0.0,0.0,0.0,0.0,0.0,0.0,0.0
3895 MB-MY Tph2 Glut-Sero_2,0.0,0.0,0.0,0.0,0.0,0.0,0.0,0.0,0.0,1.0,0.0,0.0,0.0,0.0,0.0,0.0,0.0,0.0,0.0,0.0,0.0,0.0,0.0,0.0,0.0
3896 MB-MY Tph2 Glut-Sero_3,0.0,0.0,0.0,0.0,0.0,0.0,1.0,0.0,0.0,0.0,0.0,0.0,0.0,0.0,0.0,0.0,0.0,0.0,0.0,0.0,0.0,0.0,0.0,0.0,0.0
3897 MB-MY Tph2 Glut-Sero_3,0.0,0.0,0.0,0.0,0.0,0.0,0.8913043478260869,0.021739130434782608,0.0,0.08695652173913043,0.0,0.0,0.0,0.0,0.0,0.0,0.0,0.0,0.0,0.0,0.0,0.0,0.0,0.0,0.0
3898 MB-MY Tph2 Glut-Sero_3,0.03076923076923077,0.0,0.0,0.0,0.0,0.0,0.8,0.0,0.0,0.046153846153846156,0.0,0.0,0.0,0.0,0.0,0.0,0.0,0.12307692307692308,0.0,0.0,0.0,0.0,0.0,0.0,0.0
3899 MB-MY Tph2 Glut-Sero_3,0.0,0.0,0.0,0.0,0.0,0.0,0.75,0.0,0.0,0.08333333333333333,0.0,0.0,0.0,0.0,0.0,0.0,0.0,0.08333333333333333,0.08333333333333333,0.0,0.0,0.0,0.0,0.0,0.0
3900 MB-MY Tph2 Glut-Sero_3,0.16666666666666666,0.0,0.0,0.0,0.0,0.0,0.5625,0.0,0.0,0.22916666666666666,0.0,0.0,0.0,0.0,0.0,0.0,0.0,0.020833333333333332,0.020833333333333332,0.0,0.0,0.0,0.0,0.0,0.0
3901 MB-MY Tph2 Glut-Sero_3,0.0,0.0,0.0,0.0,0.0,0.0,0.8717948717948718,0.0,0.0,0.0,0.0,0.0,0.0,0.0,0.0,0.0,0.0,0.10256410256410256,0.02564102564102564,0.0,0.0,0.0,0.0,0.0,0.0
3902 MB-MY Tph2 Glut-Sero_4,0.0,0.0,0.0,0.0,0.0,0.0,0.6008230452674898,0.00823045267489712,0.0,0.16049382716049382,0.0,0.0,0.0,0.0,0.0,0.0,0.0,0.10699588477366255,0.06172839506172839,0.04526748971193416,0.0,0.00823045267489712,0.00823045267489712,0.0,0.0
3903 MB-MY Tph2 Glut-Sero_4,0.0,0.0,0.0,0.0,0.0,0.0,0.005952380952380952,0.011904761904761904,0.0,0.8214285714285714,0.0,0.0,0.0,0.0,0.0,0.0,0.005952380952380952,0.0,0.11904761904761904,0.0,0.0,0.03571428571428571,0.0,0.0,0.0
3904 MB-MY Tph2 Glut-Sero_4,0.0,0.0,0.0,0.0,0.0,0.0,0.0990990990990991,0.0,0.0,0.7702702702702703,0.0,0.0,0.0,0.0,0.0,0.0,0.0045045045045045045,0.0,0.12612612612612611,0.0,0.0,0.0,0.0,0.0,0.0
3905 MB-MY Tph2 Glut-Sero_4,0.0,0.0,0.0,0.0,0.0,0.0,0.0,0.6103896103896104,0.0,0.05194805194805195,0.0,0.0,0.0,0.0,0.0,0.0,0.0,0.0,0.24675324675324675,0.0,0.0,0.06493506493506493,0.0,0.0,0.025974025974025976
3906 MB-MY Tph2 Glut-Sero_4,0.0,0.0,0.0,0.0,0.0,0.0,0.0037313432835820895,0.8843283582089553,0.0,0.007462686567164179,0.0,0.0,0.0,0.0,0.0,0.0,0.0,0.007462686567164179,0.041044776119402986,0.041044776119402986,0.0,0.011194029850746268,0.0,0.0,0.0037313432835820895
3907 MB-MY Tph2 Glut-Sero_5,0.0,0.0,0.0,0.0,0.0,0.0,0.0,0.8270676691729323,0.0,0.015037593984962405,0.0,0.0,0.0,0.0,0.0,0.0,0.0,0.03007518796992481,0.007518796992481203,0.015037593984962405,0.0,0.045112781954887216,0.0,0.0,0.06015037593984962
3908 MB-MY Tph2 Glut-Sero_5,0.0,0.0,0.0,0.0,0.0,0.0,0.0,0.2564102564102564,0.0,0.5897435897435898,0.0,0.0,0.0,0.0,0.0,0.0,0.0,0.0,0.15384615384615385,0.0,0.0,0.0,0.0,0.0,0.0
3909 MB-MY Tph2 Glut-Sero_5,0.0,0.0,0.0,0.0,0.0,0.0,0.0,0.46774193548387094,0.0,0.43548387096774194,0.0,0.0,0.0,0.0,0.0,0.0,0.0,0.0,0.08064516129032258,0.0,0.0,0.0,0.0,0.0,0.016129032258064516
3910 MB-MY Tph2 Glut-Sero_6,0.05333333333333334,0.0,0.0,0.0,0.0,0.0,0.18666666666666668,0.0,0.0,0.7466666666666667,0.0,0.0,0.0,0.0,0.0,0.0,0.0,0.0,0.013333333333333334,0.0,0.0,0.0,0.0,0.0,0.0
3911 MB-MY Tph2 Glut-Sero_7,0.0,0.0,0.0,0.0,0.0,0.0,0.08860759493670886,0.0,0.0,0.9113924050632911,0.0,0.0,0.0,0.0,0.0,0.0,0.0,0.0,0.0,0.0,0.0,0.0,0.0,0.0,0.0
3912 PB Lmx1a Glut_1,0.0,0.0,0.0,0.0,0.0,0.0,0.0,0.0,0.0,0.9019607843137255,0.0,0.0,0.0,0.0,0.0,0.0,0.0,0.09803921568627451,0.0,0.0,0.0,0.0,0.0,0.0,0.0
3913 PB Lmx1a Glut_1,0.0,0.013333333333333334,0.0,0.0,0.0,0.0,0.0,0.0,0.0,0.8666666666666667,0.0,0.0,0.0,0.0,0.0,0.0,0.0,0.12,0.0,0.0,0.0,0.0,0.0,0.0,0.0
3914 PB Lmx1a Glut_1,0.0,0.0,0.0,0.0,0.0,0.0,0.0,0.0,0.0,0.8,0.0,0.0,0.0,0.0,0.0,0.0,0.0,0.2,0.0,0.0,0.0,0.0,0.0,0.0,0.0
3915 PB Lmx1a Glut_1,0.0,0.0,0.0,0.0,0.0,0.0,0.01639344262295082,0.0,0.0,0.7540983606557377,0.0,0.0,0.0,0.0,0.0,0.0,0.0,0.22950819672131148,0.0,0.0,0.0,0.0,0.0,0.0,0.0
3916 PB Lmx1a Glut_1,0.0,0.0,0.0,0.0,0.0,0.0,0.0,0.0,0.0,0.9701492537313433,0.0,0.0,0.0,0.0,0.0,0.0,0.0,0.029850746268656716,0.0,0.0,0.0,0.0,0.0,0.0,0.0
3917 PB Lmx1a Glut_1,0.0,0.18604651162790697,0.0,0.0,0.0,0.0,0.0,0.023255813953488372,0.0,0.37209302325581395,0.0,0.0,0.0,0.0,0.0,0.0,0.0,0.4186046511627907,0.0,0.0,0.0,0.0,0.0,0.0,0.0
3918 PB Lmx1a Glut_1,0.0,0.05357142857142857,0.0,0.0,0.0,0.0,0.0,0.07142857142857142,0.0,0.625,0.0,0.0,0.0,0.0,0.0,0.0,0.0,0.25,0.0,0.0,0.0,0.0,0.0,0.0,0.0
3919 PB Lmx1a Glut_1,0.0,0.25,0.0,0.0,0.0,0.0,0.08333333333333333,0.08333333333333333,0.0,0.25,0.0,0.0,0.0,0.0,0.0,0.0,0.0,0.3333333333333333,0.0,0.0,0.0,0.0,0.0,0.0,0.0
3920 PB Lmx1a Glut_1,0.0,0.06896551724137931,0.0,0.0,0.0,0.0,0.0,0.0,0.0,0.7241379310344828,0.0,0.0,0.0,0.0,0.0,0.0,0.0,0.20689655172413793,0.0,0.0,0.0,0.0,0.0,0.0,0.0
3921 PB Lmx1a Glut_1,0.0,0.1388888888888889,0.0,0.0,0.0,0.0,0.0,0.1388888888888889,0.0,0.3611111111111111,0.0,0.0,0.0,0.0,0.0,0.0,0.0,0.3611111111111111,0.0,0.0,0.0,0.0,0.0,0.0,0.0
3922 PB Lmx1a Glut_1,0.0,0.02564102564102564,0.0,0.0,0.0,0.0,0.0,0.02564102564102564,0.0,0.8974358974358975,0.0,0.0,0.0,0.0,0.0,0.0,0.0,0.05128205128205128,0.0,0.0,0.0,0.0,0.0,0.0,0.0
3923 PB Lmx1a Glut_1,0.0,0.10526315789473684,0.0,0.0,0.0,0.0,0.0,0.0,0.0,0.8947368421052632,0.0,0.0,0.0,0.0,0.0,0.0,0.0,0.0,0.0,0.0,0.0,0.0,0.0,0.0,0.0
3924 PB Lmx1a Glut_1,0.0,0.022222222222222223,0.0,0.0,0.0,0.0,0.0,0.022222222222222223,0.0,0.8222222222222222,0.0,0.0,0.0,0.0,0.022222222222222223,0.0,0.022222222222222223,0.08888888888888889,0.0,0.0,0.0,0.0,0.0,0.0,0.0
3925 PB Lmx1a Glut_1,0.0,0.043478260869565216,0.0,0.0,0.0,0.0,0.043478260869565216,0.021739130434782608,0.0,0.7608695652173914,0.0,0.0,0.0,0.0,0.0,0.0,0.0,0.13043478260869565,0.0,0.0,0.0,0.0,0.0,0.0,0.0
3926 PB Lmx1a Glut_2,0.0,0.2222222222222222,0.0,0.0,0.0,0.0,0.0,0.0,0.0,0.6444444444444445,0.0,0.0,0.0,0.0,0.0,0.0,0.0,0.13333333333333333,0.0,0.0,0.0,0.0,0.0,0.0,0.0
3927 PB Lmx1a Glut_3,0.0,0.08333333333333333,0.0,0.0,0.0,0.0,0.0,0.0,0.0,0.75,0.0,0.0,0.0,0.0,0.0,0.0,0.0,0.16666666666666666,0.0,0.0,0.0,0.0,0.0,0.0,0.0
3928 PB Lmx1a Glut_3,0.0,0.2558139534883721,0.0,0.0,0.0,0.0,0.023255813953488372,0.0,0.0,0.627906976744186,0.0,0.0,0.0,0.0,0.0,0.0,0.0,0.09302325581395349,0.0,0.0,0.0,0.0,0.0,0.0,0.0
3929 PB Lmx1a Glut_3,0.0,0.08695652173913043,0.0,0.0,0.0,0.0,0.0,0.043478260869565216,0.0,0.6956521739130435,0.0,0.0,0.0,0.0,0.0,0.0,0.0,0.17391304347826086,0.0,0.0,0.0,0.0,0.0,0.0,0.0
3930 PB Lmx1a Glut_3,0.0,0.09375,0.0,0.0,0.0,0.0,0.03125,0.0,0.0,0.6875,0.0,0.0,0.0,0.0,0.0,0.0,0.0,0.1875,0.0,0.0,0.0,0.0,0.0,0.0,0.0
3931 PB Lmx1a Glut_3,0.0,0.2857142857142857,0.0,0.0,0.0,0.0,0.03896103896103896,0.0,0.0,0.5844155844155844,0.0,0.0,0.0,0.0,0.0,0.0,0.012987012987012988,0.07792207792207792,0.0,0.0,0.0,0.0,0.0,0.0,0.0
3932 PB Lmx1a Glut_3,0.0,0.15384615384615385,0.0,0.0,0.0,0.0,0.0,0.0,0.0,0.7692307692307693,0.0,0.0,0.0,0.0,0.0,0.0,0.0,0.07692307692307693,0.0,0.0,0.0,0.0,0.0,0.0,0.0
3933 PB Lmx1a Glut_3,0.0,0.26666666666666666,0.0,0.0,0.0,0.0,0.0,0.0,0.0,0.6,0.0,0.0,0.0,0.0,0.03333333333333333,0.0,0.0,0.1,0.0,0.0,0.0,0.0,0.0,0.0,0.0
3934 PB Lmx1a Glut_3,0.0,0.20930232558139536,0.0,0.0,0.0,0.0,0.0,0.0,0.0,0.6744186046511628,0.0,0.0,0.0,0.0,0.0,0.0,0.0,0.09302325581395349,0.023255813953488372,0.0,0.0,0.0,0.0,0.0,0.0
3935 PB Lmx1a Glut_3,0.0,0.4,0.0,0.0,0.0,0.0,0.0,0.0,0.0,0.4,0.0,0.0,0.0,0.0,0.0,0.0,0.0,0.2,0.0,0.0,0.0,0.0,0.0,0.0,0.0
3936 PB Lmx1a Glut_4,0.0,0.021739130434782608,0.0,0.0,0.0,0.0,0.0,0.0,0.0,0.9130434782608695,0.0,0.0,0.0,0.0,0.0,0.0,0.0,0.06521739130434782,0.0,0.0,0.0,0.0,0.0,0.0,0.0
3937 PB Lmx1a Glut_4,0.0,0.4649122807017544,0.0,0.0,0.0,0.0,0.0,0.0,0.0,0.5087719298245614,0.0,0.0,0.0,0.0,0.0,0.0,0.0,0.02631578947368421,0.0,0.0,0.0,0.0,0.0,0.0,0.0
3938 PB Lmx1a Glut_4,0.0,0.18840579710144928,0.0,0.0,0.0,0.0,0.0,0.0,0.0,0.6521739130434783,0.0,0.0,0.0,0.0,0.0,0.0,0.0,0.15942028985507245,0.0,0.0,0.0,0.0,0.0,0.0,0.0
3939 PB Lmx1a Glut_4,0.0,0.3055555555555556,0.0,0.0,0.0,0.0,0.0,0.0,0.0,0.6388888888888888,0.0,0.0,0.0,0.0,0.0,0.0,0.0,0.05555555555555555,0.0,0.0,0.0,0.0,0.0,0.0,0.0
3940 PB Lmx1a Glut_4,0.0,0.05128205128205128,0.0,0.0,0.0,0.0,0.0,0.0,0.0,0.8717948717948718,0.0,0.0,0.0,0.0,0.0,0.0,0.0,0.07692307692307693,0.0,0.0,0.0,0.0,0.0,0.0,0.0
3941 PB Lmx1a Glut_4,0.0,0.3333333333333333,0.0,0.0,0.0,0.0,0.0,0.0,0.0,0.46153846153846156,0.0,0.0,0.0,0.0,0.0,0.0,0.0,0.20512820512820512,0.0,0.0,0.0,0.0,0.0,0.0,0.0
3942 PB Lmx1a Glut_4,0.0,0.0,0.0,0.0,0.0,0.0,0.0,0.0,0.0,0.7058823529411765,0.0,0.0,0.0,0.0,0.0,0.0,0.029411764705882353,0.2647058823529412,0.0,0.0,0.0,0.0,0.0,0.0,0.0
3943 PB Lmx1a Glut_4,0.0,0.2692307692307692,0.0,0.0,0.0,0.0,0.0,0.0,0.0,0.6153846153846154,0.0,0.0,0.0,0.0,0.0,0.0,0.0,0.11538461538461539,0.0,0.0,0.0,0.0,0.0,0.0,0.0
3944 PB Lmx1a Glut_5,0.0,0.2,0.0,0.0,0.0,0.0,0.05555555555555555,0.011111111111111112,0.0,0.6333333333333333,0.0,0.0,0.0,0.0,0.0,0.0,0.0,0.1,0.0,0.0,0.0,0.0,0.0,0.0,0.0
3945 PB Lmx1a Glut_5,0.0,0.09090909090909091,0.0,0.0,0.0,0.0,0.0,0.06060606060606061,0.0,0.5151515151515151,0.0,0.0,0.0,0.0,0.0,0.0,0.0,0.3333333333333333,0.0,0.0,0.0,0.0,0.0,0.0,0.0
3946 PB Lmx1a Glut_5,0.0,0.05357142857142857,0.0,0.0,0.0,0.0,0.03571428571428571,0.0,0.0,0.7678571428571429,0.0,0.0,0.0,0.0,0.0,0.0,0.0,0.14285714285714285,0.0,0.0,0.0,0.0,0.0,0.0,0.0
3947 PB Lmx1a Glut_5,0.0,0.1694915254237288,0.0,0.0,0.0,0.0,0.0,0.0,0.0,0.4576271186440678,0.0,0.0,0.0,0.0,0.0,0.0,0.0,0.3728813559322034,0.0,0.0,0.0,0.0,0.0,0.0,0.0
3948 PB Lmx1a Glut_5,0.0,0.37037037037037035,0.0,0.0,0.0,0.0,0.0,0.0,0.0,0.4074074074074074,0.0,0.0,0.0,0.0,0.0,0.0,0.0,0.2222222222222222,0.0,0.0,0.0,0.0,0.0,0.0,0.0
3949 PB Lmx1a Glut_5,0.0,0.038461538461538464,0.0,0.0,0.0,0.0,0.0,0.038461538461538464,0.0,0.7307692307692307,0.0,0.0,0.0,0.0,0.0,0.0,0.0,0.19230769230769232,0.0,0.0,0.0,0.0,0.0,0.0,0.0
3950 PB Lmx1a Glut_5,0.0,0.23255813953488372,0.0,0.0,0.0,0.0,0.0,0.0,0.0,0.6046511627906976,0.0,0.0,0.0,0.0,0.0,0.0,0.0,0.16279069767441862,0.0,0.0,0.0,0.0,0.0,0.0,0.0
3951 PB Lmx1a Glut_6,0.0,0.02702702702702703,0.0,0.0,0.0,0.0,0.0,0.0,0.0,0.6216216216216216,0.0,0.0,0.0,0.0,0.0,0.0,0.0,0.35135135135135137,0.0,0.0,0.0,0.0,0.0,0.0,0.0
3952 PB Lmx1a Glut_6,0.0,0.030303030303030304,0.0,0.0,0.0,0.0,0.0,0.0,0.0,0.8181818181818182,0.0,0.0,0.0,0.0,0.0,0.0,0.0,0.15151515151515152,0.0,0.0,0.0,0.0,0.0,0.0,0.0
3953 PB Lmx1a Glut_6,0.0,0.06818181818181818,0.0,0.0,0.0,0.0,0.0,0.0,0.0,0.8409090909090909,0.0,0.0,0.0,0.0,0.0,0.0,0.0,0.09090909090909091,0.0,0.0,0.0,0.0,0.0,0.0,0.0
3954 PB Lmx1a Glut_6,0.0,0.06896551724137931,0.0,0.0,0.0,0.0,0.0,0.0,0.0,0.6551724137931034,0.0,0.0,0.0,0.0,0.0,0.0,0.0,0.27586206896551724,0.0,0.0,0.0,0.0,0.0,0.0,0.0
3955 PB Lmx1a Glut_6,0.0,0.0,0.0,0.0,0.0,0.0,0.0,0.0,0.0,1.0,0.0,0.0,0.0,0.0,0.0,0.0,0.0,0.0,0.0,0.0,0.0,0.0,0.0,0.0,0.0
3956 PB Lmx1a Glut_7,0.0,0.0,0.0,0.0,0.0,0.0,0.0,0.0,0.0,1.0,0.0,0.0,0.0,0.0,0.0,0.0,0.0,0.0,0.0,0.0,0.0,0.0,0.0,0.0,0.0
3957 PB Lmx1a Glut_7,0.0,0.06451612903225806,0.0,0.0,0.0,0.0,0.0,0.0,0.0,0.9354838709677419,0.0,0.0,0.0,0.0,0.0,0.0,0.0,0.0,0.0,0.0,0.0,0.0,0.0,0.0,0.0
3958 PB Lmx1a Glut_7,0.0,0.0,0.0,0.0,0.0,0.0,0.0,0.0,0.0,0.8823529411764706,0.0,0.0,0.0,0.0,0.0,0.0,0.0,0.11764705882352941,0.0,0.0,0.0,0.0,0.0,0.0,0.0
3959 PSV Lmx1a Trpv6 Glut_1,0.0,0.0,0.0,0.0,0.0,0.0,0.0,0.06666666666666667,0.0,0.9333333333333333,0.0,0.0,0.0,0.0,0.0,0.0,0.0,0.0,0.0,0.0,0.0,0.0,0.0,0.0,0.0
3960 PSV Lmx1a Trpv6 Glut_1,0.0,0.0,0.0,0.0,0.0,0.0,0.0,0.1590909090909091,0.0,0.8409090909090909,0.0,0.0,0.0,0.0,0.0,0.0,0.0,0.0,0.0,0.0,0.0,0.0,0.0,0.0,0.0
3961 PSV Lmx1a Trpv6 Glut_1,0.0,0.0,0.0,0.0,0.0,0.0,0.02,0.06,0.0,0.92,0.0,0.0,0.0,0.0,0.0,0.0,0.0,0.0,0.0,0.0,0.0,0.0,0.0,0.0,0.0
3962 PSV Lmx1a Trpv6 Glut_1,0.0,0.04411764705882353,0.0,0.0,0.0,0.0,0.0,0.23529411764705882,0.0,0.6617647058823529,0.0,0.0,0.0,0.0,0.0,0.0,0.0,0.058823529411764705,0.0,0.0,0.0,0.0,0.0,0.0,0.0
3963 PB-SUT Tlx3 Lhx2 Glut_1,0.0,0.0,0.0,0.0,0.0,0.0,0.0,0.0,0.0,0.9489795918367347,0.0,0.0,0.0,0.0,0.0,0.0,0.0,0.05102040816326531,0.0,0.0,0.0,0.0,0.0,0.0,0.0
3964 PB-SUT Tlx3 Lhx2 Glut_1,0.0,0.0,0.0,0.0,0.0,0.0,0.0,0.0,0.0,1.0,0.0,0.0,0.0,0.0,0.0,0.0,0.0,0.0,0.0,0.0,0.0,0.0,0.0,0.0,0.0
3965 PB Pax5 Glut_1,0.0,0.0,0.0,0.0,0.0,0.0,0.1232876712328767,0.0,0.0,0.7808219178082192,0.0,0.0,0.0136986301369863,0.0,0.0,0.0,0.0136986301369863,0.0684931506849315,0.0,0.0,0.0,0.0,0.0,0.0,0.0
3966 PB Pax5 Glut_1,0.0,0.0,0.0,0.0,0.0,0.0,0.26666666666666666,0.0,0.0,0.6266666666666667,0.0,0.0,0.0,0.0,0.0,0.0,0.013333333333333334,0.09333333333333334,0.0,0.0,0.0,0.0,0.0,0.0,0.0
3967 PB Pax5 Glut_1,0.012987012987012988,0.0,0.0,0.0,0.0,0.0,0.025974025974025976,0.0,0.0,0.961038961038961,0.0,0.0,0.0,0.0,0.0,0.0,0.0,0.0,0.0,0.0,0.0,0.0,0.0,0.0,0.0
3968 PB Pax5 Glut_1,0.0,0.0,0.0,0.0,0.0,0.0,0.3684210526315789,0.0,0.0,0.47368421052631576,0.0,0.0,0.0,0.0,0.0,0.0,0.10526315789473684,0.0,0.05263157894736842,0.0,0.0,0.0,0.0,0.0,0.0
3969 PB Pax5 Glut_1,0.0,0.15384615384615385,0.0,0.0,0.0,0.0,0.46153846153846156,0.0,0.0,0.38461538461538464,0.0,0.0,0.0,0.0,0.0,0.0,0.0,0.0,0.0,0.0,0.0,0.0,0.0,0.0,0.0
3970 PB Pax5 Glut_1,0.0,0.25,0.0,0.0,0.0,0.0,0.09,0.0,0.0,0.6,0.0,0.0,0.0,0.0,0.0,0.0,0.01,0.03,0.02,0.0,0.0,0.0,0.0,0.0,0.0
3971 PB Pax5 Glut_1,0.0,0.023255813953488372,0.0,0.0,0.0,0.0,0.2558139534883721,0.0,0.0,0.6976744186046512,0.0,0.0,0.0,0.0,0.0,0.0,0.0,0.023255813953488372,0.0,0.0,0.0,0.0,0.0,0.0,0.0
3972 PB Pax5 Glut_2,0.0,0.08139534883720931,0.0,0.0,0.0,0.0,0.023255813953488372,0.011627906976744186,0.0,0.8255813953488372,0.0,0.0,0.0,0.0,0.0,0.0,0.0,0.05813953488372093,0.0,0.0,0.0,0.0,0.0,0.0,0.0
3973 PB Pax5 Glut_2,0.0,0.07894736842105263,0.0,0.0,0.0,0.0,0.15789473684210525,0.0,0.0,0.631578947368421,0.0,0.0,0.0,0.0,0.0,0.0,0.0,0.13157894736842105,0.0,0.0,0.0,0.0,0.0,0.0,0.0
3974 LDT-PCG Vsx2 Lhx4 Glut_1,0.0,0.0,0.0,0.0,0.0,0.0,0.8552631578947368,0.0,0.0,0.13157894736842105,0.0,0.0,0.0,0.0,0.0,0.0,0.0,0.013157894736842105,0.0,0.0,0.0,0.0,0.0,0.0,0.0
3975 LDT-PCG Vsx2 Lhx4 Glut_1,0.0,0.0,0.0,0.0,0.0,0.0,0.8611111111111112,0.0,0.0,0.12962962962962962,0.0,0.0,0.0,0.0,0.0,0.0,0.0,0.009259259259259259,0.0,0.0,0.0,0.0,0.0,0.0,0.0
3976 LDT-PCG Vsx2 Lhx4 Glut_1,0.0,0.0,0.0,0.0,0.0,0.0,0.7037037037037037,0.0,0.0,0.2222222222222222,0.0,0.0,0.0,0.0,0.0,0.0,0.0,0.07407407407407407,0.0,0.0,0.0,0.0,0.0,0.0,0.0
3977 LDT-PCG Vsx2 Lhx4 Glut_1,0.0,0.0,0.0,0.0,0.0,0.0,0.2702702702702703,0.0,0.0,0.7297297297297297,0.0,0.0,0.0,0.0,0.0,0.0,0.0,0.0,0.0,0.0,0.0,0.0,0.0,0.0,0.0
3978 LDT-PCG Vsx2 Lhx4 Glut_1,0.0,0.0,0.0,0.0,0.0,0.0,0.41935483870967744,0.0,0.0,0.5806451612903226,0.0,0.0,0.0,0.0,0.0,0.0,0.0,0.0,0.0,0.0,0.0,0.0,0.0,0.0,0.0
3979 LDT-PCG Vsx2 Lhx4 Glut_1,0.0,0.0,0.0,0.0,0.0,0.0,0.5,0.0,0.0,0.45161290322580644,0.0,0.0,0.0,0.0,0.0,0.0,0.016129032258064516,0.03225806451612903,0.0,0.0,0.0,0.0,0.0,0.0,0.0
3980 LDT-PCG Vsx2 Lhx4 Glut_2,0.0,0.0,0.0,0.0,0.0,0.0,0.0,0.0,0.0,1.0,0.0,0.0,0.0,0.0,0.0,0.0,0.0,0.0,0.0,0.0,0.0,0.0,0.0,0.0,0.0
3981 LDT-PCG Vsx2 Lhx4 Glut_2,0.0,0.0,0.0,0.0,0.0,0.0,0.0,0.0,0.0,1.0,0.0,0.0,0.0,0.0,0.0,0.0,0.0,0.0,0.0,0.0,0.0,0.0,0.0,0.0,0.0
3982 LDT-PCG Vsx2 Lhx4 Glut_2,0.0,0.0,0.0,0.0,0.0,0.0,0.0,0.0,0.0,1.0,0.0,0.0,0.0,0.0,0.0,0.0,0.0,0.0,0.0,0.0,0.0,0.0,0.0,0.0,0.0
3983 LDT-PCG Vsx2 Lhx4 Glut_2,0.0,0.0,0.0,0.0,0.0,0.0,0.09523809523809523,0.0,0.0,0.9047619047619048,0.0,0.0,0.0,0.0,0.0,0.0,0.0,0.0,0.0,0.0,0.0,0.0,0.0,0.0,0.0
3984 LDT-PCG Vsx2 Lhx4 Glut_2,0.0,0.0,0.0,0.0,0.0,0.0,0.14285714285714285,0.0,0.0,0.8571428571428571,0.0,0.0,0.0,0.0,0.0,0.0,0.0,0.0,0.0,0.0,0.0,0.0,0.0,0.0,0.0
3985 LDT-PCG Vsx2 Lhx4 Glut_2,0.0,0.0,0.0,0.0,0.0,0.0,0.12727272727272726,0.09090909090909091,0.0,0.7636363636363637,0.0,0.01818181818181818,0.0,0.0,0.0,0.0,0.0,0.0,0.0,0.0,0.0,0.0,0.0,0.0,0.0
3986 LDT-PCG Vsx2 Lhx4 Glut_2,0.0,0.0,0.0,0.0,0.0,0.0,0.0,0.0,0.0,1.0,0.0,0.0,0.0,0.0,0.0,0.0,0.0,0.0,0.0,0.0,0.0,0.0,0.0,0.0,0.0
3987 LDT-PCG Vsx2 Lhx4 Glut_3,0.0,0.0,0.0,0.0,0.0,0.0,0.0,0.0,0.0,1.0,0.0,0.0,0.0,0.0,0.0,0.0,0.0,0.0,0.0,0.0,0.0,0.0,0.0,0.0,0.0
3988 LDT-PCG Vsx2 Lhx4 Glut_3,0.0,0.0,0.0,0.0,0.0,0.0,0.0,0.0,0.0,0.8888888888888888,0.0,0.0,0.0,0.0,0.1111111111111111,0.0,0.0,0.0,0.0,0.0,0.0,0.0,0.0,0.0,0.0
3989 LDT-PCG Vsx2 Lhx4 Glut_3,0.0,0.0,0.0,0.0,0.0,0.0,0.0,0.0,0.0,1.0,0.0,0.0,0.0,0.0,0.0,0.0,0.0,0.0,0.0,0.0,0.0,0.0,0.0,0.0,0.0
3990 LDT-PCG Vsx2 Lhx4 Glut_3,0.0,0.0,0.0,0.0,0.0,0.0,0.0,0.0,0.0,1.0,0.0,0.0,0.0,0.0,0.0,0.0,0.0,0.0,0.0,0.0,0.0,0.0,0.0,0.0,0.0
3991 LDT-PCG Vsx2 Lhx4 Glut_3,0.0,0.0,0.0,0.0,0.0,0.0,0.0,0.0,0.0,1.0,0.0,0.0,0.0,0.0,0.0,0.0,0.0,0.0,0.0,0.0,0.0,0.0,0.0,0.0,0.0
3992 LDT-PCG Vsx2 Lhx4 Glut_4,0.0,0.0,0.0,0.0,0.0,0.0,0.9333333333333333,0.0,0.0,0.06666666666666667,0.0,0.0,0.0,0.0,0.0,0.0,0.0,0.0,0.0,0.0,0.0,0.0,0.0,0.0,0.0
3993 LDT-PCG Vsx2 Lhx4 Glut_4,0.0,0.0,0.0,0.0,0.0,0.0,0.9545454545454546,0.0,0.0,0.045454545454545456,0.0,0.0,0.0,0.0,0.0,0.0,0.0,0.0,0.0,0.0,0.0,0.0,0.0,0.0,0.0
3994 LDT-PCG Vsx2 Lhx4 Glut_4,0.0,0.0,0.0,0.0,0.0,0.0,1.0,0.0,0.0,0.0,0.0,0.0,0.0,0.0,0.0,0.0,0.0,0.0,0.0,0.0,0.0,0.0,0.0,0.0,0.0
3995 LDT-PCG Vsx2 Lhx4 Glut_4,0.0,0.0,0.0,0.0,0.0,0.0,1.0,0.0,0.0,0.0,0.0,0.0,0.0,0.0,0.0,0.0,0.0,0.0,0.0,0.0,0.0,0.0,0.0,0.0,0.0
3996 LDT-PCG Vsx2 Lhx4 Glut_4,0.0,0.0,0.0,0.0,0.0,0.0,1.0,0.0,0.0,0.0,0.0,0.0,0.0,0.0,0.0,0.0,0.0,0.0,0.0,0.0,0.0,0.0,0.0,0.0,0.0
3997 LDT-PCG Vsx2 Lhx4 Glut_4,0.0,0.0,0.0,0.0,0.0,0.0,1.0,0.0,0.0,0.0,0.0,0.0,0.0,0.0,0.0,0.0,0.0,0.0,0.0,0.0,0.0,0.0,0.0,0.0,0.0
3998 LDT-PCG Vsx2 Lhx4 Glut_4,0.0,0.0,0.0,0.0,0.0,0.0,0.8571428571428571,0.0,0.0,0.14285714285714285,0.0,0.0,0.0,0.0,0.0,0.0,0.0,0.0,0.0,0.0,0.0,0.0,0.0,0.0,0.0
3999 LDT-PCG Vsx2 Lhx4 Glut_5,0.0,0.0,0.0,0.0,0.0,0.0,0.0,0.6226415094339622,0.0,0.32075471698113206,0.0,0.0,0.0,0.0,0.0,0.0,0.0,0.0,0.0,0.05660377358490566,0.0,0.0,0.0,0.0,0.0
4000 LDT-PCG Vsx2 Lhx4 Glut_5,0.0,0.0,0.0,0.0,0.024390243902439025,0.0,0.0,0.04878048780487805,0.0,0.926829268292683,0.0,0.0,0.0,0.0,0.0,0.0,0.0,0.0,0.0,0.0,0.0,0.0,0.0,0.0,0.0
4001 LDT-PCG Vsx2 Lhx4 Glut_5,0.0,0.0,0.0,0.0,0.0,0.0,0.0,0.037037037037037035,0.0,0.8518518518518519,0.0,0.0,0.0,0.0,0.0,0.0,0.0,0.0,0.014814814814814815,0.0962962962962963,0.0,0.0,0.0,0.0,0.0
4002 LDT-PCG Vsx2 Lhx4 Glut_5,0.0,0.0,0.0,0.0,0.0,0.0,0.014492753623188406,0.014492753623188406,0.0,0.9420289855072463,0.0,0.0,0.0,0.0,0.0,0.0,0.0,0.0,0.0,0.028985507246376812,0.0,0.0,0.0,0.0,0.0
4003 LDT-PCG Vsx2 Lhx4 Glut_5,0.0,0.0,0.0,0.0,0.0,0.0,0.0,0.23728813559322035,0.0,0.7288135593220338,0.0,0.0,0.0,0.0,0.01694915254237288,0.0,0.0,0.0,0.0,0.01694915254237288,0.0,0.0,0.0,0.0,0.0
4004 LDT-PCG Vsx2 Lhx4 Glut_5,0.0,0.0,0.0,0.0,0.0,0.0,0.0,0.5526315789473685,0.0,0.42105263157894735,0.0,0.0,0.0,0.0,0.0,0.0,0.0,0.0,0.02631578947368421,0.0,0.0,0.0,0.0,0.0,0.0
4005 LDT-PCG Vsx2 Lhx4 Glut_6,0.0,0.0,0.0,0.0,0.0,0.0,1.0,0.0,0.0,0.0,0.0,0.0,0.0,0.0,0.0,0.0,0.0,0.0,0.0,0.0,0.0,0.0,0.0,0.0,0.0
4006 LDT-PCG Vsx2 Lhx4 Glut_6,0.043478260869565216,0.0,0.0,0.0,0.0,0.0,0.08695652173913043,0.0,0.0,0.8695652173913043,0.0,0.0,0.0,0.0,0.0,0.0,0.0,0.0,0.0,0.0,0.0,0.0,0.0,0.0,0.0
4007 LDT-PCG Vsx2 Lhx4 Glut_6,0.0,0.0,0.0,0.0,0.0,0.0,0.7619047619047619,0.0,0.0,0.23809523809523808,0.0,0.0,0.0,0.0,0.0,0.0,0.0,0.0,0.0,0.0,0.0,0.0,0.0,0.0,0.0
4008 LDT-PCG Vsx2 Lhx4 Glut_6,0.0,0.0,0.0,0.0,0.0,0.0,0.36,0.0,0.0,0.64,0.0,0.0,0.0,0.0,0.0,0.0,0.0,0.0,0.0,0.0,0.0,0.0,0.0,0.0,0.0
4009 LDT-PCG Vsx2 Lhx4 Glut_7,0.0,0.0,0.0,0.0,0.0,0.0,0.0625,0.03125,0.0,0.90625,0.0,0.0,0.0,0.0,0.0,0.0,0.0,0.0,0.0,0.0,0.0,0.0,0.0,0.0,0.0
4010 LDT-PCG Vsx2 Lhx4 Glut_7,0.0,0.0,0.0,0.0,0.0,0.0,0.25806451612903225,0.0,0.0,0.7096774193548387,0.0,0.0,0.0,0.0,0.0,0.0,0.03225806451612903,0.0,0.0,0.0,0.0,0.0,0.0,0.0,0.0
4011 LDT-PCG Vsx2 Lhx4 Glut_7,0.01639344262295082,0.0,0.0,0.0,0.0,0.0,0.6065573770491803,0.0,0.0,0.36065573770491804,0.0,0.0,0.0,0.0,0.0,0.0,0.0,0.0,0.01639344262295082,0.0,0.0,0.0,0.0,0.0,0.0
4012 LDT-PCG Vsx2 Lhx4 Glut_7,0.0,0.0,0.0,0.0,0.0,0.0,0.08,0.0,0.0,0.92,0.0,0.0,0.0,0.0,0.0,0.0,0.0,0.0,0.0,0.0,0.0,0.0,0.0,0.0,0.0
4013 LDT-PCG Vsx2 Lhx4 Glut_7,0.0,0.0,0.0,0.0,0.0,0.0,0.0,0.0,0.0,1.0,0.0,0.0,0.0,0.0,0.0,0.0,0.0,0.0,0.0,0.0,0.0,0.0,0.0,0.0,0.0
4014 LDT-PCG Vsx2 Lhx4 Glut_7,0.0,0.0,0.0,0.0,0.0,0.0,0.21875,0.0,0.0,0.75,0.0,0.0,0.0,0.0,0.0,0.0,0.0,0.03125,0.0,0.0,0.0,0.0,0.0,0.0,0.0
4015 LDT-PCG Vsx2 Lhx4 Glut_8,0.0,0.0,0.0,0.0,0.0,0.0,0.7011494252873564,0.0,0.0,0.22413793103448276,0.0,0.0,0.0,0.0,0.0,0.0,0.0,0.06321839080459771,0.0,0.011494252873563218,0.0,0.0,0.0,0.0,0.0
4016 LDT-PCG Vsx2 Lhx4 Glut_8,0.0,0.0,0.0,0.0,0.0,0.0,0.9682539682539683,0.0,0.0,0.015873015873015872,0.0,0.0,0.0,0.0,0.0,0.0,0.0,0.015873015873015872,0.0,0.0,0.0,0.0,0.0,0.0,0.0
4017 LDT-PCG Vsx2 Lhx4 Glut_8,0.0,0.0,0.0,0.0,0.0,0.0,0.6666666666666666,0.0,0.0,0.3,0.0,0.0,0.0,0.0,0.0,0.0,0.0,0.0,0.0,0.03333333333333333,0.0,0.0,0.0,0.0,0.0
4018 PB Evx2 Glut_1,0.0,0.1148936170212766,0.0,0.0,0.01702127659574468,0.0,0.20851063829787234,0.00425531914893617,0.0,0.6,0.00851063829787234,0.0,0.0,0.0,0.0,0.0,0.0,0.00425531914893617,0.03829787234042553,0.0,0.0,0.0,0.0,0.0,0.00425531914893617
4019 PB Evx2 Glut_1,0.0,0.0,0.0,0.0,0.0,0.0,0.03125,0.25,0.0,0.65625,0.0,0.0,0.0,0.0,0.0,0.0,0.0,0.03125,0.03125,0.0,0.0,0.0,0.0,0.0,0.0
4020 PB Evx2 Glut_1,0.0,0.13333333333333333,0.0,0.0,0.0,0.0,0.0,0.0,0.0,0.8666666666666667,0.0,0.0,0.0,0.0,0.0,0.0,0.0,0.0,0.0,0.0,0.0,0.0,0.0,0.0,0.0
4021 PB Evx2 Glut_1,0.0,0.07,0.0,0.0,0.0,0.0,0.17,0.0,0.0,0.7,0.0,0.0,0.0,0.0,0.0,0.0,0.0,0.01,0.05,0.0,0.0,0.0,0.0,0.0,0.0
4022 PB Evx2 Glut_1,0.0,0.32142857142857145,0.0,0.0,0.0,0.0,0.0,0.0,0.0,0.6428571428571429,0.0,0.0,0.0,0.0,0.0,0.0,0.0,0.03571428571428571,0.0,0.0,0.0,0.0,0.0,0.0,0.0
4023 PB Evx2 Glut_1,0.0,0.0,0.0,0.0,0.0,0.0,0.022222222222222223,0.0,0.0,0.8,0.0,0.0,0.0,0.0,0.0,0.0,0.0,0.17777777777777778,0.0,0.0,0.0,0.0,0.0,0.0,0.0
4024 PB Evx2 Glut_2,0.0,0.04285714285714286,0.0,0.0,0.0,0.0,0.18571428571428572,0.0,0.0,0.7571428571428571,0.0,0.0,0.0,0.0,0.0,0.0,0.0,0.014285714285714285,0.0,0.0,0.0,0.0,0.0,0.0,0.0
4025 PB Evx2 Glut_2,0.0,0.0,0.0,0.0,0.017543859649122806,0.0,0.017543859649122806,0.0,0.0,0.9298245614035088,0.0,0.0,0.0,0.0,0.0,0.0,0.0,0.0,0.03508771929824561,0.0,0.0,0.0,0.0,0.0,0.0
4026 PB Evx2 Glut_2,0.0,0.36,0.0,0.0,0.0,0.0,0.0,0.0,0.0,0.56,0.0,0.0,0.0,0.0,0.0,0.0,0.0,0.08,0.0,0.0,0.0,0.0,0.0,0.0,0.0
4027 PB Evx2 Glut_2,0.0,0.03508771929824561,0.0,0.0,0.0,0.0,0.45614035087719296,0.0,0.0,0.49122807017543857,0.0,0.0,0.0,0.0,0.0,0.0,0.0,0.017543859649122806,0.0,0.0,0.0,0.0,0.0,0.0,0.0
4028 PB Evx2 Glut_2,0.0,0.47297297297297297,0.0,0.0,0.0,0.0,0.3108108108108108,0.0,0.0,0.17567567567567569,0.0,0.0,0.0,0.0,0.0,0.0,0.0,0.04054054054054054,0.0,0.0,0.0,0.0,0.0,0.0,0.0
4029 PB Evx2 Glut_2,0.0,0.3018867924528302,0.0,0.0,0.0,0.0,0.2830188679245283,0.0,0.0,0.37735849056603776,0.0,0.0,0.0,0.0,0.0,0.0,0.0,0.0,0.03773584905660377,0.0,0.0,0.0,0.0,0.0,0.0
4030 PB Evx2 Glut_2,0.0,0.3333333333333333,0.0,0.0,0.0,0.0,0.21604938271604937,0.0,0.0,0.3765432098765432,0.0,0.0,0.0,0.0,0.0,0.0,0.0,0.0,0.07407407407407407,0.0,0.0,0.0,0.0,0.0,0.0
4031 PB Evx2 Glut_2,0.0,0.08695652173913043,0.0,0.0,0.0,0.0,0.43478260869565216,0.0,0.0,0.4782608695652174,0.0,0.0,0.0,0.0,0.0,0.0,0.0,0.0,0.0,0.0,0.0,0.0,0.0,0.0,0.0
4032 PB Evx2 Glut_2,0.0,0.1794871794871795,0.0,0.0,0.0,0.0,0.07692307692307693,0.0,0.0,0.717948717948718,0.0,0.0,0.0,0.0,0.0,0.0,0.0,0.02564102564102564,0.0,0.0,0.0,0.0,0.0,0.0,0.0
4033 PB Evx2 Glut_3,0.0,0.0392156862745098,0.0,0.0,0.0,0.0,0.23529411764705882,0.0,0.0,0.6601307189542484,0.0,0.0,0.013071895424836602,0.0,0.0,0.0,0.006535947712418301,0.0196078431372549,0.013071895424836602,0.0,0.0,0.0,0.013071895424836602,0.0,0.0
4034 PB Evx2 Glut_3,0.0,0.3157894736842105,0.0,0.0,0.0,0.0,0.0,0.0,0.0,0.6578947368421053,0.0,0.0,0.0,0.0,0.0,0.0,0.0,0.02631578947368421,0.0,0.0,0.0,0.0,0.0,0.0,0.0
4035 PB Evx2 Glut_3,0.0,0.035398230088495575,0.0,0.0,0.0,0.0,0.6017699115044248,0.017699115044247787,0.0,0.2920353982300885,0.0,0.0,0.0,0.0,0.0,0.0,0.0,0.05309734513274336,0.0,0.0,0.0,0.0,0.0,0.0,0.0
4036 PB Evx2 Glut_3,0.0,0.125,0.0,0.0,0.0,0.0,0.35,0.0,0.0,0.525,0.0,0.0,0.0,0.0,0.0,0.0,0.0,0.0,0.0,0.0,0.0,0.0,0.0,0.0,0.0
4037 PB Evx2 Glut_3,0.0,0.027777777777777776,0.0,0.0,0.0,0.0,0.1111111111111111,0.0,0.0,0.8333333333333334,0.0,0.0,0.0,0.0,0.0,0.0,0.0,0.027777777777777776,0.0,0.0,0.0,0.0,0.0,0.0,0.0
4038 PB Evx2 Glut_3,0.0,0.0,0.0,0.0,0.0,0.0,0.08571428571428572,0.0,0.0,0.9142857142857143,0.0,0.0,0.0,0.0,0.0,0.0,0.0,0.0,0.0,0.0,0.0,0.0,0.0,0.0,0.0
4039 PB Evx2 Glut_3,0.0,0.19230769230769232,0.0,0.0,0.0,0.0,0.07692307692307693,0.0,0.0,0.5,0.0,0.0,0.0,0.0,0.0,0.0,0.0,0.23076923076923078,0.0,0.0,0.0,0.0,0.0,0.0,0.0
4040 PB Evx2 Glut_3,0.0,0.1,0.0,0.0,0.0,0.0,0.0,0.0,0.0,0.9,0.0,0.0,0.0,0.0,0.0,0.0,0.0,0.0,0.0,0.0,0.0,0.0,0.0,0.0,0.0
4041 PB Evx2 Glut_3,0.0,0.5074626865671642,0.0,0.0,0.014925373134328358,0.0,0.029850746268656716,0.0,0.0,0.373134328358209,0.0,0.0,0.0,0.0,0.0,0.0,0.0,0.07462686567164178,0.0,0.0,0.0,0.0,0.0,0.0,0.0
4042 PB Evx2 Glut_3,0.0,0.543859649122807,0.0,0.0,0.017543859649122806,0.0,0.0,0.0,0.0,0.2982456140350877,0.0,0.0,0.0,0.0,0.0,0.0,0.0,0.14035087719298245,0.0,0.0,0.0,0.0,0.0,0.0,0.0
4043 PB Evx2 Glut_3,0.0,0.027777777777777776,0.0,0.0,0.0,0.0,0.5277777777777778,0.0,0.0,0.4166666666666667,0.0,0.0,0.0,0.0,0.0,0.0,0.0,0.0,0.027777777777777776,0.0,0.0,0.0,0.0,0.0,0.0
4044 PB Evx2 Glut_3,0.0,0.0,0.0,0.0,0.0,0.0,0.5,0.0,0.0,0.42857142857142855,0.0,0.0,0.0,0.0,0.0,0.0,0.0,0.0,0.07142857142857142,0.0,0.0,0.0,0.0,0.0,0.0
4045 PB Evx2 Glut_3,0.0,0.09090909090909091,0.0,0.0,0.0,0.0,0.45454545454545453,0.0,0.0,0.4318181818181818,0.0,0.0,0.0,0.0,0.0,0.0,0.0,0.022727272727272728,0.0,0.0,0.0,0.0,0.0,0.0,0.0
4046 PB Evx2 Glut_3,0.0,0.3793103448275862,0.0,0.0,0.0,0.0,0.4482758620689655,0.0,0.0,0.1724137931034483,0.0,0.0,0.0,0.0,0.0,0.0,0.0,0.0,0.0,0.0,0.0,0.0,0.0,0.0,0.0
4047 PB Evx2 Glut_3,0.0,0.44,0.0,0.0,0.0,0.0,0.28,0.0,0.0,0.12,0.0,0.0,0.0,0.0,0.0,0.0,0.0,0.16,0.0,0.0,0.0,0.0,0.0,0.0,0.0
4048 PB Evx2 Glut_3,0.0,0.5,0.0,0.0,0.0,0.0,0.5,0.0,0.0,0.0,0.0,0.0,0.0,0.0,0.0,0.0,0.0,0.0,0.0,0.0,0.0,0.0,0.0,0.0,0.0
4049 PB Evx2 Glut_4,0.0,0.0,0.0,0.0,0.0,0.0,0.0,0.0,0.0,0.8888888888888888,0.0,0.0,0.0,0.0,0.0,0.0,0.0,0.1111111111111111,0.0,0.0,0.0,0.0,0.0,0.0,0.0
4050 PB Evx2 Glut_4,0.0,0.09433962264150944,0.0,0.0,0.0,0.0,0.0,0.0,0.0,0.7735849056603774,0.0,0.0,0.0,0.0,0.009433962264150943,0.0,0.0,0.12264150943396226,0.0,0.0,0.0,0.0,0.0,0.0,0.0
4051 PB Evx2 Glut_4,0.0,0.022727272727272728,0.0,0.0,0.0,0.0,0.06818181818181818,0.0,0.0,0.75,0.0,0.0,0.0,0.0,0.0,0.0,0.0,0.1590909090909091,0.0,0.0,0.0,0.0,0.0,0.0,0.0
4052 PB Evx2 Glut_4,0.0,0.0,0.0,0.0,0.0,0.0,0.0,0.0,0.0,0.8125,0.0,0.0,0.0,0.0,0.0,0.0,0.0,0.1875,0.0,0.0,0.0,0.0,0.0,0.0,0.0
4053 PB Evx2 Glut_4,0.0,0.3235294117647059,0.0,0.0,0.0,0.0,0.04411764705882353,0.0,0.0,0.5588235294117647,0.0,0.0,0.0,0.0,0.007352941176470588,0.0,0.0,0.058823529411764705,0.007352941176470588,0.0,0.0,0.0,0.0,0.0,0.0
4054 PB Evx2 Glut_4,0.0,0.44565217391304346,0.0,0.0,0.0,0.0,0.021739130434782608,0.0,0.0,0.5108695652173914,0.0,0.0,0.0,0.0,0.0,0.0,0.010869565217391304,0.010869565217391304,0.0,0.0,0.0,0.0,0.0,0.0,0.0
4055 PB Evx2 Glut_5,0.0,0.0,0.0,0.0,0.0,0.0,0.0,0.0,0.0,0.9607843137254902,0.0,0.0,0.0,0.0,0.0,0.0,0.0,0.0392156862745098,0.0,0.0,0.0,0.0,0.0,0.0,0.0
4056 PB Evx2 Glut_5,0.0,0.18181818181818182,0.0,0.0,0.0,0.0,0.030303030303030304,0.0,0.0,0.6666666666666666,0.0,0.0,0.0,0.0,0.0,0.0,0.0,0.12121212121212122,0.0,0.0,0.0,0.0,0.0,0.0,0.0
4057 PB Evx2 Glut_5,0.0,0.0,0.0,0.0,0.0,0.0,0.0,0.0,0.0,0.875,0.0,0.0,0.0,0.0,0.0,0.0,0.0,0.125,0.0,0.0,0.0,0.0,0.0,0.0,0.0
4058 PB Evx2 Glut_5,0.0,0.05128205128205128,0.0,0.0,0.07692307692307693,0.0,0.02564102564102564,0.0,0.0,0.7692307692307693,0.0,0.0,0.0,0.0,0.0,0.0,0.0,0.07692307692307693,0.0,0.0,0.0,0.0,0.0,0.0,0.0
4059 PB Evx2 Glut_5,0.0,0.0,0.0,0.0,0.0,0.0,0.0,0.0,0.0,0.8333333333333334,0.0,0.0,0.0,0.0,0.0,0.0,0.0,0.16666666666666666,0.0,0.0,0.0,0.0,0.0,0.0,0.0
4060 PB Evx2 Glut_5,0.0,0.0,0.0,0.0,0.0,0.0,0.0,0.0,0.0,0.9523809523809523,0.0,0.0,0.0,0.0,0.0,0.0,0.0,0.047619047619047616,0.0,0.0,0.0,0.0,0.0,0.0,0.0
4061 PB Evx2 Glut_5,0.0,0.0,0.0,0.0,0.0,0.0,0.0,0.0,0.0,0.9722222222222222,0.0,0.0,0.0,0.0,0.0,0.0,0.0,0.027777777777777776,0.0,0.0,0.0,0.0,0.0,0.0,0.0
4062 PB Evx2 Glut_5,0.0,0.0,0.0,0.0,0.0,0.0,0.0,0.0,0.0,0.9090909090909091,0.0,0.0,0.0,0.0,0.0,0.0,0.0,0.09090909090909091,0.0,0.0,0.0,0.0,0.0,0.0,0.0
4063 PB Evx2 Glut_6,0.0,0.0,0.0,0.0,0.0,0.0,0.0392156862745098,0.0,0.0,0.7843137254901961,0.0,0.0,0.0,0.0,0.0,0.0,0.0,0.17647058823529413,0.0,0.0,0.0,0.0,0.0,0.0,0.0
4064 PB Evx2 Glut_6,0.0,0.0,0.0,0.0,0.0,0.0,0.0,0.0,0.0,1.0,0.0,0.0,0.0,0.0,0.0,0.0,0.0,0.0,0.0,0.0,0.0,0.0,0.0,0.0,0.0
4065 PB Evx2 Glut_6,0.0,0.0,0.0,0.0,0.0,0.0,0.0,0.0,0.0,0.5,0.0,0.0,0.0,0.0,0.0,0.0,0.0,0.5,0.0,0.0,0.0,0.0,0.0,0.0,0.0
4066 PB Evx2 Glut_6,0.0,0.0,0.0,0.0,0.0,0.0,0.0,0.0,0.0,0.8,0.0,0.0,0.0,0.0,0.0,0.0,0.0,0.2,0.0,0.0,0.0,0.0,0.0,0.0,0.0
4067 PB Evx2 Glut_6,0.0,0.06666666666666667,0.0,0.0,0.0,0.0,0.0,0.0,0.0,0.8,0.0,0.0,0.0,0.0,0.0,0.0,0.0,0.13333333333333333,0.0,0.0,0.0,0.0,0.0,0.0,0.0
4068 PB Evx2 Glut_6,0.0,0.058823529411764705,0.0,0.0,0.0,0.0,0.0,0.0,0.0,0.7647058823529411,0.0,0.0,0.0,0.0,0.0,0.0,0.0,0.17647058823529413,0.0,0.0,0.0,0.0,0.0,0.0,0.0
4069 PB Evx2 Glut_6,0.0,0.1111111111111111,0.0,0.0,0.0,0.0,0.0,0.0,0.0,0.5555555555555556,0.0,0.0,0.0,0.0,0.0,0.0,0.0,0.3333333333333333,0.0,0.0,0.0,0.0,0.0,0.0,0.0
4070 PB Evx2 Glut_6,0.0,0.0,0.0,0.0,0.0,0.0,0.17073170731707318,0.0,0.0,0.6585365853658537,0.0,0.0,0.0,0.0,0.0,0.0,0.0,0.17073170731707318,0.0,0.0,0.0,0.0,0.0,0.0,0.0
4071 PB Evx2 Glut_6,0.0,0.15151515151515152,0.0,0.0,0.0,0.0,0.0,0.0,0.0,0.3333333333333333,0.0,0.0,0.0,0.0,0.0,0.0,0.0,0.5151515151515151,0.0,0.0,0.0,0.0,0.0,0.0,0.0
4072 PB Evx2 Glut_7,0.0,0.07407407407407407,0.0,0.0,0.0,0.0,0.0,0.0,0.0,0.8888888888888888,0.0,0.0,0.0,0.0,0.0,0.0,0.0,0.0,0.037037037037037035,0.0,0.0,0.0,0.0,0.0,0.0
4073 PB Evx2 Glut_7,0.0,0.06896551724137931,0.0,0.0,0.0,0.0,0.0,0.0,0.0,0.8620689655172413,0.0,0.0,0.0,0.0,0.0,0.0,0.0,0.034482758620689655,0.034482758620689655,0.0,0.0,0.0,0.0,0.0,0.0
4074 PB Evx2 Glut_7,0.0,0.027777777777777776,0.0,0.0,0.0,0.0,0.08333333333333333,0.0,0.0,0.8333333333333334,0.0,0.0,0.0,0.0,0.0,0.0,0.027777777777777776,0.027777777777777776,0.0,0.0,0.0,0.0,0.0,0.0,0.0
4075 PB Evx2 Glut_7,0.0,0.21621621621621623,0.0,0.0,0.0,0.0,0.08108108108108109,0.0,0.0,0.6756756756756757,0.0,0.0,0.0,0.0,0.0,0.0,0.0,0.02702702702702703,0.0,0.0,0.0,0.0,0.0,0.0,0.0
4076 PB Evx2 Glut_8,0.0,0.0,0.0,0.0,0.0,0.0,0.05102040816326531,0.01020408163265306,0.0,0.5102040816326531,0.0,0.0,0.0,0.0,0.0,0.0,0.02040816326530612,0.40816326530612246,0.0,0.0,0.0,0.0,0.0,0.0,0.0
4077 PB Evx2 Glut_8,0.0,0.013888888888888888,0.0,0.0,0.0,0.0,0.05555555555555555,0.0,0.0,0.6805555555555556,0.0,0.0,0.0,0.0,0.0,0.0,0.013888888888888888,0.2222222222222222,0.013888888888888888,0.0,0.0,0.0,0.0,0.0,0.0
4078 PB Evx2 Glut_8,0.0,0.11764705882352941,0.0,0.0,0.0,0.0,0.0,0.0,0.0,0.7647058823529411,0.0,0.0,0.0,0.0,0.0,0.0,0.0,0.11764705882352941,0.0,0.0,0.0,0.0,0.0,0.0,0.0
4079 PB Evx2 Glut_8,0.0,0.01282051282051282,0.0,0.0,0.0,0.0,0.28205128205128205,0.0,0.0,0.5897435897435898,0.0,0.0,0.0,0.0,0.0,0.0,0.0,0.11538461538461539,0.0,0.0,0.0,0.0,0.0,0.0,0.0
4080 PB Evx2 Glut_8,0.0,0.0,0.0,0.0,0.0,0.0,0.5974025974025974,0.0,0.0,0.33766233766233766,0.0,0.0,0.0,0.0,0.0,0.0,0.0,0.05194805194805195,0.0,0.012987012987012988,0.0,0.0,0.0,0.0,0.0
4081 PB Evx2 Glut_8,0.0,0.0,0.0,0.0,0.0,0.0,0.3881278538812785,0.0,0.0,0.5388127853881278,0.0,0.0,0.0,0.0,0.0,0.0,0.0,0.0547945205479452,0.0,0.0182648401826484,0.0,0.0,0.0,0.0,0.0
4082 PB Evx2 Glut_8,0.0,0.0,0.0,0.0,0.0,0.0,0.1794871794871795,0.0,0.0,0.6923076923076923,0.0,0.0,0.0,0.0,0.0,0.0,0.0,0.07692307692307693,0.0,0.05128205128205128,0.0,0.0,0.0,0.0,0.0
4083 PB Evx2 Glut_9,0.0,0.06382978723404255,0.0,0.0,0.0,0.0,0.0,0.0,0.0,0.8297872340425532,0.0,0.0,0.0,0.0,0.0,0.0,0.0,0.02127659574468085,0.0851063829787234,0.0,0.0,0.0,0.0,0.0,0.0
4084 PB Evx2 Glut_9,0.0,0.0,0.0,0.0,0.0,0.0,0.45454545454545453,0.0,0.0,0.44155844155844154,0.0,0.0,0.0,0.0,0.0,0.0,0.0,0.1038961038961039,0.0,0.0,0.0,0.0,0.0,0.0,0.0
4085 PB Evx2 Glut_9,0.0,0.0,0.0,0.0,0.0,0.0,0.7549019607843137,0.0,0.0,0.23529411764705882,0.0,0.0,0.0,0.0,0.0,0.0,0.0,0.0,0.0,0.00980392156862745,0.0,0.0,0.0,0.0,0.0
4086 PB Evx2 Glut_9,0.0,0.0,0.0,0.0,0.0,0.0,0.0,0.0,0.0,1.0,0.0,0.0,0.0,0.0,0.0,0.0,0.0,0.0,0.0,0.0,0.0,0.0,0.0,0.0,0.0
4087 PB Evx2 Glut_9,0.0,0.0,0.0,0.0,0.0,0.0,0.0,0.0,0.0,0.92,0.0,0.0,0.0,0.0,0.0,0.0,0.0,0.0,0.02,0.06,0.0,0.0,0.0,0.0,0.0
4088 PB Evx2 Glut_9,0.0,0.011428571428571429,0.0,0.0,0.0,0.0,0.05714285714285714,0.0,0.0,0.8,0.0,0.0,0.0,0.0,0.0,0.0,0.005714285714285714,0.0,0.10285714285714286,0.011428571428571429,0.0,0.0,0.0,0.0,0.011428571428571429
4089 PB Evx2 Glut_9,0.0,0.10638297872340426,0.0,0.0,0.0,0.0,0.1702127659574468,0.0,0.0,0.2978723404255319,0.0,0.0,0.0,0.0,0.0,0.0,0.19148936170212766,0.0,0.2127659574468085,0.010638297872340425,0.0,0.0,0.0,0.0,0.010638297872340425
4090 PB Evx2 Glut_9,0.0,0.3115942028985507,0.0,0.0,0.0,0.0,0.043478260869565216,0.0,0.0,0.30434782608695654,0.0,0.0,0.0,0.0,0.0,0.0,0.11594202898550725,0.0,0.2028985507246377,0.0,0.0,0.0,0.0,0.0,0.021739130434782608
4091 PB Evx2 Glut_9,0.0,0.0,0.0,0.0,0.0,0.0,0.011976047904191617,0.0,0.0,0.7904191616766467,0.0,0.0,0.0,0.0,0.0,0.0,0.011976047904191617,0.041916167664670656,0.07784431137724551,0.0658682634730539,0.0,0.0,0.0,0.0,0.0
4092 B-PB Nr4a2 Glut_1,0.0,0.0,0.0,0.0,0.0,0.0,0.019230769230769232,0.0,0.0,0.9807692307692307,0.0,0.0,0.0,0.0,0.0,0.0,0.0,0.0,0.0,0.0,0.0,0.0,0.0,0.0,0.0
4093 B-PB Nr4a2 Glut_1,0.0,0.0,0.0,0.0,0.0,0.0,0.0,0.0,0.0,0.9848484848484849,0.0,0.0,0.0,0.0,0.0,0.0,0.0,0.0,0.015151515151515152,0.0,0.0,0.0,0.0,0.0,0.0
4094 B-PB Nr4a2 Glut_1,0.0,0.09090909090909091,0.0,0.0,0.0,0.0,0.09090909090909091,0.045454545454545456,0.0,0.45454545454545453,0.0,0.0,0.0,0.0,0.0,0.0,0.045454545454545456,0.13636363636363635,0.13636363636363635,0.0,0.0,0.0,0.0,0.0,0.0
4095 B-PB Nr4a2 Glut_1,0.0,0.027777777777777776,0.0,0.0,0.0,0.0,0.027777777777777776,0.0,0.0,0.9444444444444444,0.0,0.0,0.0,0.0,0.0,0.0,0.0,0.0,0.0,0.0,0.0,0.0,0.0,0.0,0.0
4096 B-PB Nr4a2 Glut_1,0.0,0.0,0.0,0.0,0.0,0.0,0.0,0.0,0.0,1.0,0.0,0.0,0.0,0.0,0.0,0.0,0.0,0.0,0.0,0.0,0.0,0.0,0.0,0.0,0.0
4097 B-PB Nr4a2 Glut_1,0.0,0.0,0.0,0.0,0.0,0.0,0.0,0.06896551724137931,0.0,0.9137931034482759,0.0,0.0,0.0,0.0,0.0,0.0,0.0,0.0,0.0,0.017241379310344827,0.0,0.0,0.0,0.0,0.0
4098 B-PB Nr4a2 Glut_1,0.0,0.0,0.0,0.0,0.0,0.0,0.0,0.0,0.0,1.0,0.0,0.0,0.0,0.0,0.0,0.0,0.0,0.0,0.0,0.0,0.0,0.0,0.0,0.0,0.0
4099 B-PB Nr4a2 Glut_2,0.0,0.3076923076923077,0.0,0.0,0.0,0.0,0.0,0.0,0.0,0.5384615384615384,0.0,0.0,0.0,0.0,0.0,0.0,0.02564102564102564,0.05128205128205128,0.05128205128205128,0.0,0.0,0.0,0.0,0.0,0.02564102564102564
4100 PCG-PRNr Vsx2 Nkx6-1 Glut_1,0.0,0.0,0.0,0.0,0.0,0.0,0.0070921985815602835,0.0070921985815602835,0.0,0.950354609929078,0.0,0.0,0.0,0.0,0.0,0.0,0.0,0.0,0.0,0.03546099290780142,0.0,0.0,0.0,0.0,0.0
4101 PCG-PRNr Vsx2 Nkx6-1 Glut_1,0.0,0.0,0.0,0.0,0.0,0.0,0.0,0.0,0.0,0.9624060150375939,0.0,0.0,0.0,0.0,0.0,0.0,0.0,0.0,0.0,0.03759398496240601,0.0,0.0,0.0,0.0,0.0
4102 PCG-PRNr Vsx2 Nkx6-1 Glut_2,0.0,0.0,0.0,0.0,0.0,0.0,0.1337579617834395,0.0,0.0,0.8598726114649682,0.0,0.0,0.0,0.0,0.0,0.0,0.0,0.0,0.0,0.006369426751592357,0.0,0.0,0.0,0.0,0.0
4103 PCG-PRNr Vsx2 Nkx6-1 Glut_2,0.0,0.0,0.0,0.0,0.0,0.0,0.18947368421052632,0.0,0.0,0.8,0.0,0.0,0.0,0.0,0.0,0.0,0.0,0.0,0.0,0.010526315789473684,0.0,0.0,0.0,0.0,0.0
4104 PCG-PRNr Vsx2 Nkx6-1 Glut_2,0.0,0.0,0.0,0.0,0.0,0.0,0.15789473684210525,0.0,0.0,0.8421052631578947,0.0,0.0,0.0,0.0,0.0,0.0,0.0,0.0,0.0,0.0,0.0,0.0,0.0,0.0,0.0
4105 PCG-PRNr Vsx2 Nkx6-1 Glut_2,0.0,0.0,0.0,0.0,0.0,0.0,0.24,0.0,0.0,0.76,0.0,0.0,0.0,0.0,0.0,0.0,0.0,0.0,0.0,0.0,0.0,0.0,0.0,0.0,0.0
4106 PCG-PRNr Vsx2 Nkx6-1 Glut_2,0.0,0.0,0.0,0.0,0.0,0.0,0.18309859154929578,0.0,0.0,0.8028169014084507,0.0,0.0,0.0,0.0,0.0,0.0,0.0,0.014084507042253521,0.0,0.0,0.0,0.0,0.0,0.0,0.0
4107 PCG-PRNr Vsx2 Nkx6-1 Glut_2,0.0,0.0,0.0,0.0,0.0,0.0,0.1724137931034483,0.0,0.0,0.7816091954022989,0.0,0.0,0.0,0.0,0.0,0.0,0.0,0.0,0.0,0.04597701149425287,0.0,0.0,0.0,0.0,0.0
4108 PCG-PRNr Vsx2 Nkx6-1 Glut_2,0.0,0.0,0.0,0.0,0.0,0.0,0.1111111111111111,0.0,0.0,0.8703703703703703,0.0,0.0,0.0,0.0,0.0,0.0,0.0,0.0,0.0,0.018518518518518517,0.0,0.0,0.0,0.0,0.0
4109 PCG-PRNr Vsx2 Nkx6-1 Glut_2,0.0,0.0,0.0,0.0,0.0,0.0,0.6363636363636364,0.0,0.0,0.36363636363636365,0.0,0.0,0.0,0.0,0.0,0.0,0.0,0.0,0.0,0.0,0.0,0.0,0.0,0.0,0.0
4110 PCG-PRNr Vsx2 Nkx6-1 Glut_3,0.0,0.0,0.0,0.0,0.0,0.0,0.07692307692307693,0.0,0.0,0.9230769230769231,0.0,0.0,0.0,0.0,0.0,0.0,0.0,0.0,0.0,0.0,0.0,0.0,0.0,0.0,0.0
4111 PCG-PRNr Vsx2 Nkx6-1 Glut_3,0.0,0.0,0.0,0.0,0.0,0.0,0.0,0.0,0.0,1.0,0.0,0.0,0.0,0.0,0.0,0.0,0.0,0.0,0.0,0.0,0.0,0.0,0.0,0.0,0.0
4112 PCG-PRNr Vsx2 Nkx6-1 Glut_3,0.0,0.0,0.0,0.0,0.0,0.0,0.125,0.0,0.0,0.875,0.0,0.0,0.0,0.0,0.0,0.0,0.0,0.0,0.0,0.0,0.0,0.0,0.0,0.0,0.0
4113 PCG-PRNr Vsx2 Nkx6-1 Glut_3,0.0,0.0,0.0,0.0,0.0,0.0,0.06666666666666667,0.0,0.0,0.8666666666666667,0.0,0.0,0.0,0.0,0.06666666666666667,0.0,0.0,0.0,0.0,0.0,0.0,0.0,0.0,0.0,0.0
4114 PCG-PRNr Vsx2 Nkx6-1 Glut_3,0.0,0.0,0.0,0.0,0.0,0.0,0.40625,0.0,0.0,0.5625,0.0,0.0,0.0,0.0,0.0,0.0,0.0,0.03125,0.0,0.0,0.0,0.0,0.0,0.0,0.0
4115 PCG-PRNr Vsx2 Nkx6-1 Glut_3,0.0,0.0,0.0,0.0,0.0,0.0,0.14285714285714285,0.0,0.0,0.8571428571428571,0.0,0.0,0.0,0.0,0.0,0.0,0.0,0.0,0.0,0.0,0.0,0.0,0.0,0.0,0.0
4116 PCG-PRNr Vsx2 Nkx6-1 Glut_4,0.0,0.0,0.0,0.0,0.0,0.0,0.0,0.0,0.0,1.0,0.0,0.0,0.0,0.0,0.0,0.0,0.0,0.0,0.0,0.0,0.0,0.0,0.0,0.0,0.0
4117 PCG-PRNr Vsx2 Nkx6-1 Glut_5,0.0,0.0,0.0,0.0,0.0,0.0,0.022988505747126436,0.6551724137931034,0.0,0.22413793103448276,0.0,0.0,0.0,0.0,0.07471264367816093,0.0,0.0,0.011494252873563218,0.005747126436781609,0.005747126436781609,0.0,0.0,0.0,0.0,0.0
4118 PCG-PRNr Vsx2 Nkx6-1 Glut_5,0.0,0.0,0.0,0.0,0.0,0.0,0.0,0.45161290322580644,0.0,0.5483870967741935,0.0,0.0,0.0,0.0,0.0,0.0,0.0,0.0,0.0,0.0,0.0,0.0,0.0,0.0,0.0
4119 PCG-PRNr Vsx2 Nkx6-1 Glut_5,0.0,0.0,0.0,0.0,0.0,0.0,0.0,1.0,0.0,0.0,0.0,0.0,0.0,0.0,0.0,0.0,0.0,0.0,0.0,0.0,0.0,0.0,0.0,0.0,0.0
4120 PCG-PRNr Vsx2 Nkx6-1 Glut_5,0.0,0.0,0.0,0.0,0.0,0.0,0.0,0.38596491228070173,0.0,0.5789473684210527,0.0,0.0,0.0,0.0,0.0,0.0,0.0,0.0,0.017543859649122806,0.0,0.0,0.017543859649122806,0.0,0.0,0.0
4121 PCG-PRNr Vsx2 Nkx6-1 Glut_6,0.0,0.0,0.0,0.0,0.0,0.0,0.83,0.0,0.0,0.15,0.0,0.0,0.0,0.0,0.0,0.0,0.0,0.02,0.0,0.0,0.0,0.0,0.0,0.0,0.0
4122 PCG-PRNr Vsx2 Nkx6-1 Glut_6,0.0,0.0,0.0,0.0,0.0,0.0,0.625,0.0,0.0,0.25,0.0,0.0,0.0,0.0,0.0,0.0,0.0,0.0,0.0,0.0625,0.0,0.0,0.0625,0.0,0.0
4123 PRNc-NI-SG-RPO Vsx2 Nr4a2 Glut_1,0.0,0.0,0.0,0.0,0.0,0.0,0.0,0.05,0.0,0.925,0.0,0.0,0.0,0.0,0.0,0.0,0.0,0.0,0.0,0.025,0.0,0.0,0.0,0.0,0.0
4124 PRNc-NI-SG-RPO Vsx2 Nr4a2 Glut_1,0.0,0.0,0.0,0.0,0.0,0.0,0.0,0.02702702702702703,0.0,0.918918918918919,0.0,0.0,0.0,0.0,0.0,0.0,0.0,0.0,0.05405405405405406,0.0,0.0,0.0,0.0,0.0,0.0
4125 PRNc-NI-SG-RPO Vsx2 Nr4a2 Glut_1,0.0,0.0,0.0,0.0,0.0,0.0,0.0,0.07017543859649122,0.0,0.9122807017543859,0.0,0.0,0.0,0.0,0.0,0.0,0.0,0.0,0.017543859649122806,0.0,0.0,0.0,0.0,0.0,0.0
4126 PRNc-NI-SG-RPO Vsx2 Nr4a2 Glut_2,0.0,0.0,0.0,0.0,0.0,0.0,0.0,0.21875,0.0,0.71875,0.0,0.0,0.0,0.0,0.0,0.0,0.0,0.0,0.0625,0.0,0.0,0.0,0.0,0.0,0.0
4127 PRNc-NI-SG-RPO Vsx2 Nr4a2 Glut_2,0.0,0.0,0.0,0.0,0.0,0.0,0.0,0.0,0.0,0.95,0.0,0.0,0.0,0.0,0.0,0.0,0.0,0.0,0.05,0.0,0.0,0.0,0.0,0.0,0.0
4128 PRNc-NI-SG-RPO Vsx2 Nr4a2 Glut_2,0.0,0.0,0.0,0.0,0.0,0.0,0.0,0.0,0.0,0.8571428571428571,0.0,0.0,0.0,0.0,0.0,0.0,0.0,0.0,0.14285714285714285,0.0,0.0,0.0,0.0,0.0,0.0
4129 PRNc-NI-SG-RPO Vsx2 Nr4a2 Glut_2,0.0,0.0,0.0,0.0,0.0,0.0,0.0,0.03333333333333333,0.0,0.9666666666666667,0.0,0.0,0.0,0.0,0.0,0.0,0.0,0.0,0.0,0.0,0.0,0.0,0.0,0.0,0.0
4130 PRNc-NI-SG-RPO Vsx2 Nr4a2 Glut_2,0.0,0.0,0.0,0.0,0.0,0.0,0.0,0.15384615384615385,0.0,0.7692307692307693,0.0,0.0,0.0,0.0,0.0,0.0,0.0,0.0,0.07692307692307693,0.0,0.0,0.0,0.0,0.0,0.0
4131 PRNc-NI-SG-RPO Vsx2 Nr4a2 Glut_2,0.0,0.0,0.0,0.0,0.0,0.0,0.027777777777777776,0.0,0.0,0.9444444444444444,0.0,0.0,0.0,0.0,0.0,0.0,0.0,0.0,0.027777777777777776,0.0,0.0,0.0,0.0,0.0,0.0
4132 PRNc-NI-SG-RPO Vsx2 Nr4a2 Glut_3,0.0,0.0,0.0,0.0,0.0,0.0,0.0,0.0,0.0,0.9402985074626866,0.0,0.0,0.0,0.0,0.0,0.0,0.0,0.0,0.05970149253731343,0.0,0.0,0.0,0.0,0.0,0.0
4133 PRNc-NI-SG-RPO Vsx2 Nr4a2 Glut_3,0.0,0.0,0.0,0.0,0.0,0.0,0.0,0.0,0.0,0.9813084112149533,0.0,0.0,0.0,0.0,0.0,0.0,0.0,0.0,0.0,0.018691588785046728,0.0,0.0,0.0,0.0,0.0
4134 PRNc-NI-SG-RPO Vsx2 Nr4a2 Glut_4,0.0,0.0,0.0,0.0,0.0,0.0,0.0,0.5185185185185185,0.0,0.4074074074074074,0.0,0.0,0.0,0.0,0.0,0.0,0.0,0.0,0.07407407407407407,0.0,0.0,0.0,0.0,0.0,0.0
4135 PRNc-NI-SG-RPO Vsx2 Nr4a2 Glut_4,0.0,0.0,0.0,0.0,0.0,0.0,0.0,0.3793103448275862,0.0,0.5517241379310345,0.0,0.0,0.0,0.0,0.0,0.0,0.0,0.0,0.06896551724137931,0.0,0.0,0.0,0.0,0.0,0.0
4136 PRNc-PARN Tlx1 Glut_1,0.0,0.0,0.0,0.0,0.0,0.0,0.0,0.25,0.0,0.75,0.0,0.0,0.0,0.0,0.0,0.0,0.0,0.0,0.0,0.0,0.0,0.0,0.0,0.0,0.0
4137 PRNc-PARN Tlx1 Glut_1,0.0,0.0,0.0,0.0,0.0,0.0,0.0,0.14814814814814814,0.0,0.8395061728395061,0.0,0.0,0.0,0.0,0.0,0.0,0.0,0.0,0.012345679012345678,0.0,0.0,0.0,0.0,0.0,0.0
4138 PRNc-PARN Tlx1 Glut_1,0.0,0.0,0.0,0.0,0.0,0.0,0.0,0.46153846153846156,0.0,0.5128205128205128,0.0,0.0,0.0,0.0,0.0,0.0,0.0,0.0,0.02564102564102564,0.0,0.0,0.0,0.0,0.0,0.0
4139 PRNc-PARN Tlx1 Glut_1,0.0,0.0,0.0,0.0,0.0,0.0,0.0,0.40425531914893614,0.0,0.5319148936170213,0.0,0.0,0.0,0.0,0.0,0.0,0.0,0.02127659574468085,0.0425531914893617,0.0,0.0,0.0,0.0,0.0,0.0
4140 PRNc-PARN Tlx1 Glut_2,0.0,0.0,0.0,0.0,0.0,0.0,0.0,0.7,0.0,0.23333333333333334,0.0,0.0,0.0,0.0,0.0,0.0,0.0,0.0,0.06666666666666667,0.0,0.0,0.0,0.0,0.0,0.0
4141 PRNc-PARN Tlx1 Glut_2,0.0,0.0,0.0,0.0,0.0,0.0,0.0,0.3333333333333333,0.0,0.6666666666666666,0.0,0.0,0.0,0.0,0.0,0.0,0.0,0.0,0.0,0.0,0.0,0.0,0.0,0.0,0.0
4142 PRNc-PARN Tlx1 Glut_3,0.0,0.0,0.0,0.0,0.0,0.0,0.0,0.8888888888888888,0.0,0.0,0.0,0.0,0.0,0.0,0.0,0.0,0.0,0.0,0.05555555555555555,0.05555555555555555,0.0,0.0,0.0,0.0,0.0
4143 PRNc-PARN Tlx1 Glut_3,0.0,0.0,0.0,0.0,0.0,0.0,0.0,0.8928571428571429,0.0,0.10714285714285714,0.0,0.0,0.0,0.0,0.0,0.0,0.0,0.0,0.0,0.0,0.0,0.0,0.0,0.0,0.0
4144 PB-PSV Phox2b Glut_1,0.0,0.0,0.0,0.0,0.0,0.0,0.0,0.01818181818181818,0.0,0.5636363636363636,0.0,0.0,0.0,0.0,0.0,0.0,0.0,0.41818181818181815,0.0,0.0,0.0,0.0,0.0,0.0,0.0
4145 PB-PSV Phox2b Glut_1,0.0,0.0,0.0,0.0,0.0,0.0,0.0,0.09803921568627451,0.0,0.8431372549019608,0.0,0.0,0.0,0.0,0.0,0.0,0.0,0.0,0.0392156862745098,0.0196078431372549,0.0,0.0,0.0,0.0,0.0
4146 PB-PSV Phox2b Glut_1,0.0,0.0,0.0,0.0,0.0,0.0,0.0,0.0,0.0,0.9411764705882353,0.0,0.0,0.0,0.0,0.0,0.0,0.0,0.058823529411764705,0.0,0.0,0.0,0.0,0.0,0.0,0.0
4147 PSV Pvalb Lhx2 Glut_1,0.0,0.016129032258064516,0.0,0.0,0.0,0.0,0.0,0.1774193548387097,0.0,0.6129032258064516,0.0,0.0,0.0,0.0,0.0,0.0,0.0,0.1935483870967742,0.0,0.0,0.0,0.0,0.0,0.0,0.0
4148 PSV Pvalb Lhx2 Glut_1,0.0,0.015512674990541053,0.0,0.0,0.0,0.0,0.004918653045781309,0.06696935300794551,0.0,0.7828225501324253,0.0,0.0,0.0,0.0,0.0,0.0,0.0,0.034430571320469165,0.09496783957623912,0.00037835792659856227,0.0,0.0,0.0,0.0,0.0
4149 PSV Pvalb Lhx2 Glut_1,0.0,0.0013698630136986301,0.0,0.0,0.0013698630136986301,0.0,0.0013698630136986301,0.18904109589041096,0.0,0.7219178082191781,0.0,0.0,0.0,0.0,0.0,0.0,0.0,0.031506849315068496,0.04657534246575343,0.00684931506849315,0.0,0.0,0.0,0.0,0.0
4150 PSV Pvalb Lhx2 Glut_2,0.0,0.0,0.0,0.0,0.0,0.0,0.0,0.11764705882352941,0.0,0.8823529411764706,0.0,0.0,0.0,0.0,0.0,0.0,0.0,0.0,0.0,0.0,0.0,0.0,0.0,0.0,0.0
4151 PSV Pvalb Lhx2 Glut_2,0.0,0.007352941176470588,0.0,0.0,0.0,0.0,0.0,0.15441176470588236,0.0,0.75,0.0,0.0,0.0,0.0,0.0,0.0,0.0,0.029411764705882353,0.058823529411764705,0.0,0.0,0.0,0.0,0.0,0.0
4152 PSV Pvalb Lhx2 Glut_3,0.0,0.009287925696594427,0.0,0.0,0.0,0.0,0.0,0.18885448916408668,0.0,0.6873065015479877,0.0,0.0,0.0,0.0,0.0,0.0,0.0,0.021671826625386997,0.09287925696594428,0.0,0.0,0.0,0.0,0.0,0.0
4153 PSV Pvalb Lhx2 Glut_4,0.0,0.0,0.0,0.0,0.007633587786259542,0.0,0.03816793893129771,0.21374045801526717,0.0,0.6717557251908397,0.0,0.0,0.007633587786259542,0.0,0.0,0.0,0.0,0.007633587786259542,0.05343511450381679,0.0,0.0,0.0,0.0,0.0,0.0
4154 PB-NTS Phox2b Ebf3 Lmx1b Glut_1,0.0,0.0,0.0,0.0,0.0,0.0,0.0,0.0,0.0,0.8852459016393442,0.0,0.0,0.0,0.0,0.0,0.0,0.01639344262295082,0.09836065573770492,0.0,0.0,0.0,0.0,0.0,0.0,0.0
4155 PB-NTS Phox2b Ebf3 Lmx1b Glut_1,0.0,0.017543859649122806,0.0,0.0,0.0,0.0,0.0,0.0,0.0,0.9649122807017544,0.0,0.0,0.0,0.0,0.0,0.0,0.0,0.017543859649122806,0.0,0.0,0.0,0.0,0.0,0.0,0.0
4156 PB-NTS Phox2b Ebf3 Lmx1b Glut_1,0.0,0.0,0.0,0.0,0.0,0.0,0.0,0.0,0.0,1.0,0.0,0.0,0.0,0.0,0.0,0.0,0.0,0.0,0.0,0.0,0.0,0.0,0.0,0.0,0.0
4157 PB-NTS Phox2b Ebf3 Lmx1b Glut_1,0.0,0.0,0.0,0.0,0.0,0.0,0.0,0.0,0.0,0.9767441860465116,0.0,0.0,0.0,0.0,0.0,0.0,0.0,0.023255813953488372,0.0,0.0,0.0,0.0,0.0,0.0,0.0
4158 PB-NTS Phox2b Ebf3 Lmx1b Glut_1,0.0,0.0,0.0,0.0,0.0,0.0,0.0,0.0,0.0,1.0,0.0,0.0,0.0,0.0,0.0,0.0,0.0,0.0,0.0,0.0,0.0,0.0,0.0,0.0,0.0
4159 PB-NTS Phox2b Ebf3 Lmx1b Glut_1,0.0,0.0,0.0,0.0,0.0,0.0,0.0,0.0,0.0,0.92,0.0,0.0,0.0,0.0,0.0,0.0,0.0,0.08,0.0,0.0,0.0,0.0,0.0,0.0,0.0
4160 PB-NTS Phox2b Ebf3 Lmx1b Glut_1,0.0,0.0,0.0,0.0,0.0,0.0,0.0,0.02,0.0,0.98,0.0,0.0,0.0,0.0,0.0,0.0,0.0,0.0,0.0,0.0,0.0,0.0,0.0,0.0,0.0
4161 PB-NTS Phox2b Ebf3 Lmx1b Glut_1,0.0,0.0,0.0,0.0,0.0,0.0,0.021739130434782608,0.06521739130434782,0.0,0.8913043478260869,0.0,0.0,0.0,0.0,0.0,0.0,0.0,0.021739130434782608,0.0,0.0,0.0,0.0,0.0,0.0,0.0
4162 PB-NTS Phox2b Ebf3 Lmx1b Glut_1,0.0,0.0,0.0,0.0,0.0,0.0,0.0,0.015151515151515152,0.0,0.8636363636363636,0.0,0.0,0.0,0.0,0.0,0.0,0.0,0.12121212121212122,0.0,0.0,0.0,0.0,0.0,0.0,0.0
4163 PB-NTS Phox2b Ebf3 Lmx1b Glut_2,0.0,0.0,0.0,0.0,0.0,0.0,0.0,0.0,0.0,1.0,0.0,0.0,0.0,0.0,0.0,0.0,0.0,0.0,0.0,0.0,0.0,0.0,0.0,0.0,0.0
4164 PB-NTS Phox2b Ebf3 Lmx1b Glut_2,0.0,0.0,0.0,0.0,0.0,0.0,0.0,0.7857142857142857,0.0,0.0,0.0,0.0,0.0,0.0,0.0,0.0,0.0,0.10714285714285714,0.10714285714285714,0.0,0.0,0.0,0.0,0.0,0.0
4165 PB-NTS Phox2b Ebf3 Lmx1b Glut_2,0.0,0.0,0.0,0.0,0.0,0.0,0.0,1.0,0.0,0.0,0.0,0.0,0.0,0.0,0.0,0.0,0.0,0.0,0.0,0.0,0.0,0.0,0.0,0.0,0.0
4166 PB-NTS Phox2b Ebf3 Lmx1b Glut_2,0.0,0.0,0.0,0.0,0.0,0.0,0.0,0.8947368421052632,0.0,0.0,0.0,0.0,0.0,0.0,0.0,0.0,0.0,0.0,0.10526315789473684,0.0,0.0,0.0,0.0,0.0,0.0
4167 PB-NTS Phox2b Ebf3 Lmx1b Glut_2,0.0,0.0,0.0,0.0,0.0,0.0,0.0,1.0,0.0,0.0,0.0,0.0,0.0,0.0,0.0,0.0,0.0,0.0,0.0,0.0,0.0,0.0,0.0,0.0,0.0
4168 PB-NTS Phox2b Ebf3 Lmx1b Glut_2,0.0,0.0,0.0,0.0,0.0,0.0,0.0,0.9714285714285714,0.0,0.0,0.0,0.0,0.0,0.0,0.0,0.0,0.0,0.02857142857142857,0.0,0.0,0.0,0.0,0.0,0.0,0.0
4169 PB-NTS Phox2b Ebf3 Lmx1b Glut_2,0.0,0.0,0.0,0.0,0.0,0.0,0.0,0.5161290322580645,0.0,0.4838709677419355,0.0,0.0,0.0,0.0,0.0,0.0,0.0,0.0,0.0,0.0,0.0,0.0,0.0,0.0,0.0
4170 PB-NTS Phox2b Ebf3 Lmx1b Glut_2,0.0,0.0,0.0,0.0,0.0,0.0,0.0,0.9402985074626866,0.0,0.014925373134328358,0.0,0.0,0.0,0.0,0.0,0.0,0.04477611940298507,0.0,0.0,0.0,0.0,0.0,0.0,0.0,0.0
4171 PRNr Otp Nfib Glut_1,0.0,0.0,0.0,0.0,0.0,0.0,0.0,0.1935483870967742,0.0,0.7956989247311828,0.0,0.0,0.0,0.0,0.0,0.0,0.0,0.0,0.010752688172043012,0.0,0.0,0.0,0.0,0.0,0.0
4172 PRNr Otp Nfib Glut_1,0.0,0.0,0.0,0.0,0.0,0.0,0.0,0.017543859649122806,0.0,0.9649122807017544,0.0,0.0,0.0,0.0,0.0,0.0,0.0,0.0,0.017543859649122806,0.0,0.0,0.0,0.0,0.0,0.0
4173 PRNr Otp Nfib Glut_1,0.0,0.0,0.0,0.0,0.0,0.0,0.013513513513513514,0.1891891891891892,0.0,0.7972972972972973,0.0,0.0,0.0,0.0,0.0,0.0,0.0,0.0,0.0,0.0,0.0,0.0,0.0,0.0,0.0
4174 IPN-LDT Vsx2 Nkx6-1 Glut_1,0.0,0.0,0.0,0.0,0.0,0.0,1.0,0.0,0.0,0.0,0.0,0.0,0.0,0.0,0.0,0.0,0.0,0.0,0.0,0.0,0.0,0.0,0.0,0.0,0.0
4175 IPN-LDT Vsx2 Nkx6-1 Glut_1,0.0,0.0,0.0,0.0,0.18666666666666668,0.0,0.8133333333333334,0.0,0.0,0.0,0.0,0.0,0.0,0.0,0.0,0.0,0.0,0.0,0.0,0.0,0.0,0.0,0.0,0.0,0.0
4176 IPN-LDT Vsx2 Nkx6-1 Glut_1,0.0,0.0,0.0,0.0,0.0,0.0,0.9333333333333333,0.0,0.0,0.0,0.0,0.0,0.0,0.0,0.0,0.0,0.0,0.0,0.0,0.06666666666666667,0.0,0.0,0.0,0.0,0.0
4177 IPN-LDT Vsx2 Nkx6-1 Glut_1,0.0,0.0,0.0,0.0,0.0,0.0,0.9777777777777777,0.0,0.0,0.0,0.0,0.0,0.0,0.0,0.0,0.0,0.0,0.0,0.0,0.0,0.0,0.0,0.022222222222222223,0.0,0.0
4178 IPN-LDT Vsx2 Nkx6-1 Glut_1,0.0,0.0,0.0,0.0,0.0,0.0,0.9666666666666667,0.0,0.0,0.0,0.0,0.0,0.0,0.0,0.0,0.0,0.0,0.0,0.0,0.0,0.0,0.0,0.03333333333333333,0.0,0.0
4179 IPN-LDT Vsx2 Nkx6-1 Glut_1,0.0,0.0,0.0,0.0,0.0,0.0,0.6875,0.0,0.0,0.0,0.0,0.0,0.0,0.0,0.0,0.0,0.0,0.0,0.03125,0.0,0.0,0.0,0.28125,0.0,0.0
4180 IPN-LDT Vsx2 Nkx6-1 Glut_1,0.0,0.0,0.0,0.0,0.0,0.0,1.0,0.0,0.0,0.0,0.0,0.0,0.0,0.0,0.0,0.0,0.0,0.0,0.0,0.0,0.0,0.0,0.0,0.0,0.0
4181 IPN-LDT Vsx2 Nkx6-1 Glut_2,0.0,0.0,0.0,0.0,0.0,0.0,0.8947368421052632,0.0,0.0,0.10526315789473684,0.0,0.0,0.0,0.0,0.0,0.0,0.0,0.0,0.0,0.0,0.0,0.0,0.0,0.0,0.0
4182 IPN-LDT Vsx2 Nkx6-1 Glut_2,0.0,0.0,0.0,0.0,0.0,0.0,0.9411764705882353,0.0,0.0,0.058823529411764705,0.0,0.0,0.0,0.0,0.0,0.0,0.0,0.0,0.0,0.0,0.0,0.0,0.0,0.0,0.0
4183 IPN-LDT Vsx2 Nkx6-1 Glut_2,0.0,0.0,0.0,0.0,0.0,0.0,0.9607843137254902,0.0,0.0,0.0392156862745098,0.0,0.0,0.0,0.0,0.0,0.0,0.0,0.0,0.0,0.0,0.0,0.0,0.0,0.0,0.0
4184 IPN-LDT Vsx2 Nkx6-1 Glut_2,0.0,0.0,0.0,0.0,0.0,0.0,1.0,0.0,0.0,0.0,0.0,0.0,0.0,0.0,0.0,0.0,0.0,0.0,0.0,0.0,0.0,0.0,0.0,0.0,0.0
4185 IPN-LDT Vsx2 Nkx6-1 Glut_2,0.0,0.0,0.0,0.0,0.0,0.0,1.0,0.0,0.0,0.0,0.0,0.0,0.0,0.0,0.0,0.0,0.0,0.0,0.0,0.0,0.0,0.0,0.0,0.0,0.0
4186 LDT Vsx2 Nkx6-1 Nfib Glut_1,0.03333333333333333,0.0,0.0,0.0,0.0,0.0,0.9666666666666667,0.0,0.0,0.0,0.0,0.0,0.0,0.0,0.0,0.0,0.0,0.0,0.0,0.0,0.0,0.0,0.0,0.0,0.0
4187 LDT Vsx2 Nkx6-1 Nfib Glut_1,0.0,0.0,0.0,0.0,0.0,0.0,1.0,0.0,0.0,0.0,0.0,0.0,0.0,0.0,0.0,0.0,0.0,0.0,0.0,0.0,0.0,0.0,0.0,0.0,0.0
4188 LDT Vsx2 Nkx6-1 Nfib Glut_1,0.0,0.0,0.0,0.0,0.0,0.0,1.0,0.0,0.0,0.0,0.0,0.0,0.0,0.0,0.0,0.0,0.0,0.0,0.0,0.0,0.0,0.0,0.0,0.0,0.0
4189 LDT Vsx2 Nkx6-1 Nfib Glut_1,0.0,0.0,0.0,0.0,0.0,0.0,0.9444444444444444,0.0,0.0,0.05555555555555555,0.0,0.0,0.0,0.0,0.0,0.0,0.0,0.0,0.0,0.0,0.0,0.0,0.0,0.0,0.0
4190 LDT Vsx2 Nkx6-1 Nfib Glut_1,0.0,0.0,0.0,0.0,0.0,0.0,1.0,0.0,0.0,0.0,0.0,0.0,0.0,0.0,0.0,0.0,0.0,0.0,0.0,0.0,0.0,0.0,0.0,0.0,0.0
4191 LDT Vsx2 Nkx6-1 Nfib Glut_1,0.0,0.0,0.0,0.0,0.0,0.0,0.9722222222222222,0.0,0.0,0.0,0.0,0.0,0.0,0.0,0.0,0.0,0.0,0.0,0.027777777777777776,0.0,0.0,0.0,0.0,0.0,0.0
4192 LDT Vsx2 Nkx6-1 Nfib Glut_1,0.0,0.0,0.0,0.0,0.0,0.0,1.0,0.0,0.0,0.0,0.0,0.0,0.0,0.0,0.0,0.0,0.0,0.0,0.0,0.0,0.0,0.0,0.0,0.0,0.0
4193 LDT Vsx2 Nkx6-1 Nfib Glut_1,0.0,0.0,0.0,0.0,0.0,0.0,1.0,0.0,0.0,0.0,0.0,0.0,0.0,0.0,0.0,0.0,0.0,0.0,0.0,0.0,0.0,0.0,0.0,0.0,0.0
4194 LDT Vsx2 Nkx6-1 Nfib Glut_2,0.0,0.0,0.0,0.0,0.0,0.0,0.9365079365079365,0.0,0.0,0.015873015873015872,0.0,0.0,0.0,0.0,0.0,0.0,0.0,0.0,0.047619047619047616,0.0,0.0,0.0,0.0,0.0,0.0
4195 NLL-SOC Spp1 Glut_1,0.0,0.0,0.0,0.0,0.0,0.0,0.0,0.11311475409836065,0.0,0.8344262295081967,0.0,0.0,0.0,0.0,0.0,0.0,0.0,0.004918032786885246,0.03278688524590164,0.014754098360655738,0.0,0.0,0.0,0.0,0.0
4196 NLL-SOC Spp1 Glut_2,0.0,0.12295081967213115,0.0,0.0,0.004098360655737705,0.0,0.040983606557377046,0.09562841530054644,0.0,0.523224043715847,0.00273224043715847,0.0,0.0,0.0,0.00273224043715847,0.0,0.0273224043715847,0.07923497267759563,0.09016393442622951,0.0,0.0,0.0,0.0,0.0,0.01092896174863388
4197 MEV Ppp1r1c Glut_1,0.0,0.08609271523178808,0.0,0.0,0.0,0.0,0.31788079470198677,0.0728476821192053,0.0,0.4370860927152318,0.0,0.0,0.0,0.0,0.006622516556291391,0.006622516556291391,0.0,0.0728476821192053,0.0,0.0,0.0,0.0,0.0,0.0,0.0
4198 PG-TRN-LRN Fat2 Glut_1,0.0,0.07668711656441718,0.0,0.0,0.0,0.0,0.0,0.47607361963190187,0.0,0.1736196319018405,0.0,0.0,0.0,0.0,0.018404907975460124,0.06196319018404908,0.0343558282208589,0.1098159509202454,0.022699386503067485,0.007975460122699387,0.0,0.0,0.0,0.0,0.018404907975460124
4199 PG-TRN-LRN Fat2 Glut_1,0.0,0.0025176233635448137,0.0,0.0,0.0,0.0,0.0,0.06906680093991273,0.0,0.7150050352467271,0.0,0.0,0.0,0.0,0.001342732460557234,0.0022658610271903325,0.019721383014434372,0.01812688821752266,0.027358173883853643,0.0004196038939241356,0.0,0.009986572675394427,0.0,0.0,0.13418932527693858
4200 PG-TRN-LRN Fat2 Glut_1,0.0,0.0,0.0,0.0,0.0,0.0,0.0,0.7819548872180451,0.0,0.06015037593984962,0.0,0.0,0.0,0.0,0.09022556390977443,0.03759398496240601,0.0,0.022556390977443608,0.007518796992481203,0.0,0.0,0.0,0.0,0.0,0.0
4201 IRN Vip Glut_1,0.0,0.0,0.0,0.0,0.0,0.0,0.0,1.0,0.0,0.0,0.0,0.0,0.0,0.0,0.0,0.0,0.0,0.0,0.0,0.0,0.0,0.0,0.0,0.0,0.0
4202 IRN Vip Glut_1,0.0,0.0,0.0,0.0,0.0,0.0,0.0,1.0,0.0,0.0,0.0,0.0,0.0,0.0,0.0,0.0,0.0,0.0,0.0,0.0,0.0,0.0,0.0,0.0,0.0
4203 IRN Vip Glut_1,0.0,0.0,0.0,0.0,0.0,0.0,0.0,1.0,0.0,0.0,0.0,0.0,0.0,0.0,0.0,0.0,0.0,0.0,0.0,0.0,0.0,0.0,0.0,0.0,0.0
4204 IRN Vip Glut_1,0.0,0.0,0.0,0.0,0.0,0.0,0.0,1.0,0.0,0.0,0.0,0.0,0.0,0.0,0.0,0.0,0.0,0.0,0.0,0.0,0.0,0.0,0.0,0.0,0.0
4205 PRP-NI-PRNc-GRN Otp Glut_1,0.0,0.0,0.0,0.0,0.0,0.0,0.0,0.875,0.0,0.0,0.0,0.0,0.0,0.0,0.0625,0.03125,0.0,0.0,0.03125,0.0,0.0,0.0,0.0,0.0,0.0
4206 PRP-NI-PRNc-GRN Otp Glut_1,0.0,0.0,0.0,0.0,0.0,0.0,0.0,0.8888888888888888,0.0,0.0,0.0,0.0,0.0,0.0,0.027777777777777776,0.08333333333333333,0.0,0.0,0.0,0.0,0.0,0.0,0.0,0.0,0.0
4207 PRP-NI-PRNc-GRN Otp Glut_2,0.0,0.0,0.0,0.0,0.0,0.0,0.0,1.0,0.0,0.0,0.0,0.0,0.0,0.0,0.0,0.0,0.0,0.0,0.0,0.0,0.0,0.0,0.0,0.0,0.0
4208 PRP-NI-PRNc-GRN Otp Glut_2,0.0,0.0,0.0,0.0,0.0,0.0,0.0,0.0,0.0,0.0,0.0,0.0,0.0,0.0,0.0,0.0,0.0,0.0,1.0,0.0,0.0,0.0,0.0,0.0,0.0
4209 PRP-NI-PRNc-GRN Otp Glut_2,0.0,0.0,0.0,0.0,0.0,0.0,0.0,0.625,0.0,0.3333333333333333,0.0,0.0,0.0,0.0,0.020833333333333332,0.0,0.0,0.0,0.0,0.020833333333333332,0.0,0.0,0.0,0.0,0.0
4210 PRP-NI-PRNc-GRN Otp Glut_2,0.0,0.0,0.0,0.0,0.0,0.0,0.0,0.6024096385542169,0.0,0.2289156626506024,0.0,0.0,0.0,0.0,0.0,0.0,0.0,0.0,0.0963855421686747,0.0,0.0,0.012048192771084338,0.0,0.0,0.060240963855421686
4211 PRP-NI-PRNc-GRN Otp Glut_2,0.0,0.0,0.0,0.0,0.0,0.0,0.015384615384615385,0.36923076923076925,0.0,0.6153846153846154,0.0,0.0,0.0,0.0,0.0,0.0,0.0,0.0,0.0,0.0,0.0,0.0,0.0,0.0,0.0
4212 PRP-NI-PRNc-GRN Otp Glut_2,0.0,0.0,0.0,0.0,0.0,0.0,0.0,0.5909090909090909,0.0,0.36363636363636365,0.0,0.0,0.0,0.0,0.0,0.0,0.0,0.0,0.0,0.045454545454545456,0.0,0.0,0.0,0.0,0.0
4213 PRP-NI-PRNc-GRN Otp Glut_3,0.0,0.0,0.0,0.0,0.0,0.0,0.0,0.037037037037037035,0.0,0.9629629629629629,0.0,0.0,0.0,0.0,0.0,0.0,0.0,0.0,0.0,0.0,0.0,0.0,0.0,0.0,0.0
4214 PRP-NI-PRNc-GRN Otp Glut_3,0.0,0.0,0.0,0.0,0.0,0.0,0.0,0.0,0.0,1.0,0.0,0.0,0.0,0.0,0.0,0.0,0.0,0.0,0.0,0.0,0.0,0.0,0.0,0.0,0.0
4215 PRP-NI-PRNc-GRN Otp Glut_3,0.0,0.0,0.0,0.0,0.0,0.0,0.0,0.0,0.0,1.0,0.0,0.0,0.0,0.0,0.0,0.0,0.0,0.0,0.0,0.0,0.0,0.0,0.0,0.0,0.0
4216 PRP-NI-PRNc-GRN Otp Glut_3,0.0,0.0,0.0,0.0,0.0,0.0,0.0,0.0,0.0,0.9411764705882353,0.0,0.0,0.0,0.0,0.0,0.0,0.0,0.0,0.058823529411764705,0.0,0.0,0.0,0.0,0.0,0.0
4217 PRP-NI-PRNc-GRN Otp Glut_3,0.0,0.0,0.0,0.0,0.0,0.0,0.0,0.0,0.0,1.0,0.0,0.0,0.0,0.0,0.0,0.0,0.0,0.0,0.0,0.0,0.0,0.0,0.0,0.0,0.0
4218 PRP-NI-PRNc-GRN Otp Glut_3,0.0,0.0,0.0,0.0,0.0,0.0,0.0,0.08333333333333333,0.0,0.8888888888888888,0.0,0.0,0.0,0.0,0.0,0.0,0.0,0.0,0.0,0.027777777777777776,0.0,0.0,0.0,0.0,0.0
4219 PRP-NI-PRNc-GRN Otp Glut_3,0.0,0.0,0.0,0.0,0.0,0.0,0.0,0.0,0.0,0.9803921568627451,0.0,0.0,0.0,0.0,0.0,0.0,0.0,0.00980392156862745,0.00980392156862745,0.0,0.0,0.0,0.0,0.0,0.0
4220 PRP-NI-PRNc-GRN Otp Glut_3,0.0,0.0,0.0,0.0,0.0,0.0,0.0,0.13513513513513514,0.0,0.8648648648648649,0.0,0.0,0.0,0.0,0.0,0.0,0.0,0.0,0.0,0.0,0.0,0.0,0.0,0.0,0.0
4221 PRP-NI-PRNc-GRN Otp Glut_4,0.0,0.0,0.0,0.0,0.0,0.0,0.0,0.0,0.0,0.9833333333333333,0.0,0.0,0.0,0.0,0.0,0.0,0.0,0.0,0.016666666666666666,0.0,0.0,0.0,0.0,0.0,0.0
4222 PRP-NI-PRNc-GRN Otp Glut_4,0.0,0.0,0.0,0.0,0.0,0.0,0.0,0.0,0.0,1.0,0.0,0.0,0.0,0.0,0.0,0.0,0.0,0.0,0.0,0.0,0.0,0.0,0.0,0.0,0.0
4223 PRP-NI-PRNc-GRN Otp Glut_4,0.0,0.0,0.0,0.0,0.0,0.0,0.0,0.0,0.0,1.0,0.0,0.0,0.0,0.0,0.0,0.0,0.0,0.0,0.0,0.0,0.0,0.0,0.0,0.0,0.0
4224 PRP-NI-PRNc-GRN Otp Glut_4,0.0,0.0,0.0,0.0,0.0,0.0,0.0,0.0,0.0,1.0,0.0,0.0,0.0,0.0,0.0,0.0,0.0,0.0,0.0,0.0,0.0,0.0,0.0,0.0,0.0
4225 NTS Phox2b Glut_1,0.0,0.0,0.0,0.0,0.0,0.0,0.0,0.9642857142857143,0.0,0.0,0.0,0.0,0.0,0.0,0.03571428571428571,0.0,0.0,0.0,0.0,0.0,0.0,0.0,0.0,0.0,0.0
4226 NTS Phox2b Glut_1,0.0,0.0,0.0,0.0,0.0,0.0,0.0,1.0,0.0,0.0,0.0,0.0,0.0,0.0,0.0,0.0,0.0,0.0,0.0,0.0,0.0,0.0,0.0,0.0,0.0
4227 NTS Phox2b Glut_1,0.0,0.0,0.0,0.0,0.0,0.0,0.0,1.0,0.0,0.0,0.0,0.0,0.0,0.0,0.0,0.0,0.0,0.0,0.0,0.0,0.0,0.0,0.0,0.0,0.0
4228 NTS Phox2b Glut_1,0.0,0.0,0.0,0.0,0.0,0.0,0.0,1.0,0.0,0.0,0.0,0.0,0.0,0.0,0.0,0.0,0.0,0.0,0.0,0.0,0.0,0.0,0.0,0.0,0.0
4229 NTS Phox2b Glut_1,0.0,0.0,0.0,0.0,0.0,0.0,0.0,1.0,0.0,0.0,0.0,0.0,0.0,0.0,0.0,0.0,0.0,0.0,0.0,0.0,0.0,0.0,0.0,0.0,0.0
4230 NTS Phox2b Glut_1,0.0,0.0,0.0,0.0,0.0,0.0,0.0,0.96,0.0,0.0,0.0,0.0,0.0,0.0,0.0,0.0,0.04,0.0,0.0,0.0,0.0,0.0,0.0,0.0,0.0
4231 NTS Phox2b Glut_1,0.0,0.0,0.0,0.0,0.0,0.0,0.0,0.9583333333333334,0.0,0.041666666666666664,0.0,0.0,0.0,0.0,0.0,0.0,0.0,0.0,0.0,0.0,0.0,0.0,0.0,0.0,0.0
4232 NTS Phox2b Glut_1,0.0,0.0,0.0,0.0,0.0,0.0,0.0,0.9333333333333333,0.0,0.05,0.0,0.0,0.0,0.0,0.0,0.0,0.0,0.0,0.0,0.016666666666666666,0.0,0.0,0.0,0.0,0.0
4233 NTS Phox2b Glut_1,0.0,0.0,0.0,0.0,0.0,0.0,0.0,0.9545454545454546,0.0,0.045454545454545456,0.0,0.0,0.0,0.0,0.0,0.0,0.0,0.0,0.0,0.0,0.0,0.0,0.0,0.0,0.0
4234 NTS Phox2b Glut_1,0.0,0.0,0.0,0.0,0.0,0.0,0.0,1.0,0.0,0.0,0.0,0.0,0.0,0.0,0.0,0.0,0.0,0.0,0.0,0.0,0.0,0.0,0.0,0.0,0.0
4236 NTS Phox2b Glut_1,0.0,0.0,0.0,0.0,0.0,0.0,0.0,1.0,0.0,0.0,0.0,0.0,0.0,0.0,0.0,0.0,0.0,0.0,0.0,0.0,0.0,0.0,0.0,0.0,0.0
4237 NTS Phox2b Glut_2,0.0,0.0,0.0,0.0,0.0,0.0,0.0,1.0,0.0,0.0,0.0,0.0,0.0,0.0,0.0,0.0,0.0,0.0,0.0,0.0,0.0,0.0,0.0,0.0,0.0
4238 NTS Phox2b Glut_2,0.0,0.0,0.0,0.0,0.0,0.0,0.0,1.0,0.0,0.0,0.0,0.0,0.0,0.0,0.0,0.0,0.0,0.0,0.0,0.0,0.0,0.0,0.0,0.0,0.0
4239 NTS Phox2b Glut_2,0.0,0.03333333333333333,0.0,0.0,0.0,0.0,0.0,0.9666666666666667,0.0,0.0,0.0,0.0,0.0,0.0,0.0,0.0,0.0,0.0,0.0,0.0,0.0,0.0,0.0,0.0,0.0
4240 NTS Phox2b Glut_2,0.0,0.0,0.0,0.0,0.0,0.0,0.0,1.0,0.0,0.0,0.0,0.0,0.0,0.0,0.0,0.0,0.0,0.0,0.0,0.0,0.0,0.0,0.0,0.0,0.0
4241 NTS Phox2b Glut_2,0.0,0.0,0.0,0.0,0.0,0.0,0.0,1.0,0.0,0.0,0.0,0.0,0.0,0.0,0.0,0.0,0.0,0.0,0.0,0.0,0.0,0.0,0.0,0.0,0.0
4242 NTS Phox2b Glut_2,0.0,0.0,0.0,0.0,0.0,0.0,0.0,0.9523809523809523,0.0,0.0,0.0,0.0,0.0,0.0,0.0,0.0,0.0,0.047619047619047616,0.0,0.0,0.0,0.0,0.0,0.0,0.0
4243 NTS Phox2b Glut_2,0.0,0.0,0.0,0.0,0.0,0.0,0.0,1.0,0.0,0.0,0.0,0.0,0.0,0.0,0.0,0.0,0.0,0.0,0.0,0.0,0.0,0.0,0.0,0.0,0.0
4244 NTS Phox2b Glut_2,0.0,0.0,0.0,0.0,0.0,0.0,0.0,1.0,0.0,0.0,0.0,0.0,0.0,0.0,0.0,0.0,0.0,0.0,0.0,0.0,0.0,0.0,0.0,0.0,0.0
4245 NTS Phox2b Glut_3,0.0,0.0,0.0,0.0,0.0,0.0,0.0,1.0,0.0,0.0,0.0,0.0,0.0,0.0,0.0,0.0,0.0,0.0,0.0,0.0,0.0,0.0,0.0,0.0,0.0
4246 NTS Phox2b Glut_3,0.0,0.0,0.0,0.0,0.0,0.0,0.0,1.0,0.0,0.0,0.0,0.0,0.0,0.0,0.0,0.0,0.0,0.0,0.0,0.0,0.0,0.0,0.0,0.0,0.0
4247 NTS Phox2b Glut_3,0.0,0.0,0.0,0.0,0.0,0.0,0.0,1.0,0.0,0.0,0.0,0.0,0.0,0.0,0.0,0.0,0.0,0.0,0.0,0.0,0.0,0.0,0.0,0.0,0.0
4248 NTS Phox2b Glut_3,0.0,0.0,0.0,0.0,0.0,0.0,0.0,1.0,0.0,0.0,0.0,0.0,0.0,0.0,0.0,0.0,0.0,0.0,0.0,0.0,0.0,0.0,0.0,0.0,0.0
4249 NTS Phox2b Glut_3,0.0,0.0,0.0,0.0,0.0,0.0,0.0,0.967741935483871,0.0,0.0,0.0,0.0,0.0,0.0,0.0,0.0,0.0,0.0,0.03225806451612903,0.0,0.0,0.0,0.0,0.0,0.0
4251 NTS Phox2b Glut_3,0.0,0.0,0.0,0.0,0.0,0.0,0.0,1.0,0.0,0.0,0.0,0.0,0.0,0.0,0.0,0.0,0.0,0.0,0.0,0.0,0.0,0.0,0.0,0.0,0.0
4254 NTS Phox2b Glut_3,0.0,0.0,0.0,0.0,0.0,0.0,0.0,0.8,0.0,0.0,0.0,0.0,0.0,0.0,0.0,0.0,0.2,0.0,0.0,0.0,0.0,0.0,0.0,0.0,0.0
4256 NTS Phox2b Glut_4,0.0,0.0,0.0,0.0,0.0,0.0,0.0,1.0,0.0,0.0,0.0,0.0,0.0,0.0,0.0,0.0,0.0,0.0,0.0,0.0,0.0,0.0,0.0,0.0,0.0
4257 NTS Phox2b Glut_4,0.0,0.39285714285714285,0.0,0.0,0.0,0.0,0.0,0.4642857142857143,0.0,0.0,0.0,0.0,0.0,0.0,0.0,0.0,0.14285714285714285,0.0,0.0,0.0,0.0,0.0,0.0,0.0,0.0
4258 NTS Phox2b Glut_4,0.0,0.75,0.0,0.0,0.0,0.0,0.0,0.0,0.0,0.0,0.0,0.0,0.0,0.0,0.0,0.0,0.25,0.0,0.0,0.0,0.0,0.0,0.0,0.0,0.0
4259 NTS Phox2b Glut_4,0.0,0.125,0.0,0.0,0.0,0.0,0.0,0.7916666666666666,0.0,0.0,0.0,0.0,0.0,0.0,0.0,0.0,0.08333333333333333,0.0,0.0,0.0,0.0,0.0,0.0,0.0,0.0
4260 NTS Phox2b Glut_4,0.0,0.0,0.0,0.0,0.0,0.0,0.0,1.0,0.0,0.0,0.0,0.0,0.0,0.0,0.0,0.0,0.0,0.0,0.0,0.0,0.0,0.0,0.0,0.0,0.0
4261 NTS Phox2b Glut_4,0.0,0.1111111111111111,0.0,0.0,0.0,0.0,0.0,0.7777777777777778,0.0,0.0,0.0,0.0,0.0,0.0,0.0,0.0,0.1111111111111111,0.0,0.0,0.0,0.0,0.0,0.0,0.0,0.0
4262 NTS Phox2b Glut_4,0.0,0.0,0.0,0.0,0.0,0.0,0.0,1.0,0.0,0.0,0.0,0.0,0.0,0.0,0.0,0.0,0.0,0.0,0.0,0.0,0.0,0.0,0.0,0.0,0.0
4263 NTS Phox2b Glut_4,0.0,0.0,0.0,0.0,0.0,0.0,0.0,0.875,0.0,0.0,0.0,0.0,0.0,0.0,0.0,0.0,0.125,0.0,0.0,0.0,0.0,0.0,0.0,0.0,0.0
4264 NTS Phox2b Glut_4,0.0,0.0,0.0,0.0,0.0,0.0,0.0,1.0,0.0,0.0,0.0,0.0,0.0,0.0,0.0,0.0,0.0,0.0,0.0,0.0,0.0,0.0,0.0,0.0,0.0
4265 NTS Phox2b Glut_4,0.0,0.19047619047619047,0.0,0.0,0.0,0.0,0.0,0.38095238095238093,0.0,0.0,0.0,0.0,0.0,0.0,0.0,0.0,0.42857142857142855,0.0,0.0,0.0,0.0,0.0,0.0,0.0,0.0
4266 NTS Phox2b Glut_5,0.0,0.04,0.0,0.0,0.0,0.0,0.0,0.8,0.0,0.0,0.0,0.0,0.0,0.0,0.0,0.0,0.16,0.0,0.0,0.0,0.0,0.0,0.0,0.0,0.0
4267 NTS Phox2b Glut_5,0.0,0.058823529411764705,0.0,0.0,0.0,0.0,0.0,0.9411764705882353,0.0,0.0,0.0,0.0,0.0,0.0,0.0,0.0,0.0,0.0,0.0,0.0,0.0,0.0,0.0,0.0,0.0
4268 NTS Phox2b Glut_5,0.0,0.0,0.0,0.0,0.0,0.0,0.0,1.0,0.0,0.0,0.0,0.0,0.0,0.0,0.0,0.0,0.0,0.0,0.0,0.0,0.0,0.0,0.0,0.0,0.0
4269 NTS Phox2b Glut_5,0.0,0.0,0.0,0.0,0.0,0.0,0.0,1.0,0.0,0.0,0.0,0.0,0.0,0.0,0.0,0.0,0.0,0.0,0.0,0.0,0.0,0.0,0.0,0.0,0.0
4270 NTS Phox2b Glut_5,0.0,0.0,0.0,0.0,0.0,0.0,0.0,1.0,0.0,0.0,0.0,0.0,0.0,0.0,0.0,0.0,0.0,0.0,0.0,0.0,0.0,0.0,0.0,0.0,0.0
4271 NTS Phox2b Glut_5,0.0,0.0,0.0,0.0,0.0,0.0,0.0,1.0,0.0,0.0,0.0,0.0,0.0,0.0,0.0,0.0,0.0,0.0,0.0,0.0,0.0,0.0,0.0,0.0,0.0
4272 NTS Phox2b Glut_5,0.0,0.0,0.0,0.0,0.0,0.0,0.034482758620689655,0.9310344827586207,0.0,0.0,0.0,0.0,0.0,0.0,0.0,0.0,0.034482758620689655,0.0,0.0,0.0,0.0,0.0,0.0,0.0,0.0
4273 NTS Phox2b Glut_5,0.0,0.0,0.0,0.0,0.0,0.0,0.0,1.0,0.0,0.0,0.0,0.0,0.0,0.0,0.0,0.0,0.0,0.0,0.0,0.0,0.0,0.0,0.0,0.0,0.0
4274 NTS Phox2b Glut_5,0.0,0.0,0.0,0.0,0.0,0.0,0.0,0.96,0.0,0.04,0.0,0.0,0.0,0.0,0.0,0.0,0.0,0.0,0.0,0.0,0.0,0.0,0.0,0.0,0.0
4275 NTS Phox2b Glut_5,0.0,0.0,0.0,0.0,0.0,0.0,0.0,1.0,0.0,0.0,0.0,0.0,0.0,0.0,0.0,0.0,0.0,0.0,0.0,0.0,0.0,0.0,0.0,0.0,0.0
4276 NTS Phox2b Glut_5,0.0,0.0,0.0,0.0,0.0,0.0,0.0,1.0,0.0,0.0,0.0,0.0,0.0,0.0,0.0,0.0,0.0,0.0,0.0,0.0,0.0,0.0,0.0,0.0,0.0
4277 NTS Phox2b Glut_5,0.0,0.05,0.0,0.0,0.0,0.0,0.0,0.85,0.0,0.0,0.0,0.0,0.0,0.0,0.0,0.0,0.1,0.0,0.0,0.0,0.0,0.0,0.0,0.0,0.0
4278 NTS Phox2b Glut_6,0.0,0.0,0.0,0.0,0.0,0.0,0.0,1.0,0.0,0.0,0.0,0.0,0.0,0.0,0.0,0.0,0.0,0.0,0.0,0.0,0.0,0.0,0.0,0.0,0.0
4279 NTS Phox2b Glut_6,0.0,0.0,0.0,0.0,0.0,0.0,0.0,1.0,0.0,0.0,0.0,0.0,0.0,0.0,0.0,0.0,0.0,0.0,0.0,0.0,0.0,0.0,0.0,0.0,0.0
4280 NTS Phox2b Glut_6,0.0,0.10526315789473684,0.0,0.0,0.0,0.0,0.0,0.8947368421052632,0.0,0.0,0.0,0.0,0.0,0.0,0.0,0.0,0.0,0.0,0.0,0.0,0.0,0.0,0.0,0.0,0.0
4281 NTS Phox2b Glut_6,0.0,0.0,0.0,0.0,0.0,0.0,0.0,1.0,0.0,0.0,0.0,0.0,0.0,0.0,0.0,0.0,0.0,0.0,0.0,0.0,0.0,0.0,0.0,0.0,0.0
4282 NTS Phox2b Glut_6,0.0,0.0,0.0,0.0,0.0,0.0,0.0,0.9626168224299065,0.0,0.0,0.0,0.0,0.0,0.0,0.0,0.0,0.037383177570093455,0.0,0.0,0.0,0.0,0.0,0.0,0.0,0.0
4283 NTS Phox2b Glut_6,0.0,0.0,0.0,0.0,0.0,0.0,0.0,1.0,0.0,0.0,0.0,0.0,0.0,0.0,0.0,0.0,0.0,0.0,0.0,0.0,0.0,0.0,0.0,0.0,0.0
4284 NTS Phox2b Glut_7,0.0,0.0,0.0,0.0,0.0,0.0,0.0,1.0,0.0,0.0,0.0,0.0,0.0,0.0,0.0,0.0,0.0,0.0,0.0,0.0,0.0,0.0,0.0,0.0,0.0
4285 NTS Phox2b Glut_7,0.0,0.0,0.0,0.0,0.0,0.0,0.0,1.0,0.0,0.0,0.0,0.0,0.0,0.0,0.0,0.0,0.0,0.0,0.0,0.0,0.0,0.0,0.0,0.0,0.0
4286 NTS Phox2b Glut_7,0.0,0.0,0.0,0.0,0.0,0.0,0.0,1.0,0.0,0.0,0.0,0.0,0.0,0.0,0.0,0.0,0.0,0.0,0.0,0.0,0.0,0.0,0.0,0.0,0.0
4287 NTS Phox2b Glut_7,0.0,0.0,0.0,0.0,0.0,0.0,0.0,0.9767441860465116,0.0,0.023255813953488372,0.0,0.0,0.0,0.0,0.0,0.0,0.0,0.0,0.0,0.0,0.0,0.0,0.0,0.0,0.0
4288 NTS Phox2b Glut_7,0.0,0.0,0.0,0.0,0.0,0.0,0.0,1.0,0.0,0.0,0.0,0.0,0.0,0.0,0.0,0.0,0.0,0.0,0.0,0.0,0.0,0.0,0.0,0.0,0.0
4289 NTS Phox2b Glut_7,0.0,0.0,0.0,0.0,0.0,0.0,0.0,1.0,0.0,0.0,0.0,0.0,0.0,0.0,0.0,0.0,0.0,0.0,0.0,0.0,0.0,0.0,0.0,0.0,0.0
4290 NTS Phox2b Glut_8,0.0,0.0,0.0,0.0,0.0,0.0,0.0,1.0,0.0,0.0,0.0,0.0,0.0,0.0,0.0,0.0,0.0,0.0,0.0,0.0,0.0,0.0,0.0,0.0,0.0
4291 NTS Phox2b Glut_8,0.0,0.0,0.0,0.0,0.0,0.0,0.0,1.0,0.0,0.0,0.0,0.0,0.0,0.0,0.0,0.0,0.0,0.0,0.0,0.0,0.0,0.0,0.0,0.0,0.0
4292 NTS Phox2b Glut_8,0.0,0.2,0.0,0.0,0.0,0.0,0.0,0.2,0.0,0.0,0.0,0.0,0.0,0.0,0.0,0.0,0.6,0.0,0.0,0.0,0.0,0.0,0.0,0.0,0.0
4293 NTS Phox2b Glut_8,0.0,0.0,0.0,0.0,0.0,0.0,0.0,1.0,0.0,0.0,0.0,0.0,0.0,0.0,0.0,0.0,0.0,0.0,0.0,0.0,0.0,0.0,0.0,0.0,0.0
4294 NTS Phox2b Glut_8,0.0,0.0,0.0,0.0,0.0,0.0,0.0,1.0,0.0,0.0,0.0,0.0,0.0,0.0,0.0,0.0,0.0,0.0,0.0,0.0,0.0,0.0,0.0,0.0,0.0
4295 NTS Phox2b Glut_8,0.0,0.0,0.0,0.0,0.0,0.0,0.0,1.0,0.0,0.0,0.0,0.0,0.0,0.0,0.0,0.0,0.0,0.0,0.0,0.0,0.0,0.0,0.0,0.0,0.0
4296 NTS Phox2b Glut_9,0.0,0.0,0.0,0.0,0.0,0.0,0.0,0.9285714285714286,0.0,0.07142857142857142,0.0,0.0,0.0,0.0,0.0,0.0,0.0,0.0,0.0,0.0,0.0,0.0,0.0,0.0,0.0
4297 NTS Phox2b Glut_9,0.0,0.0,0.0,0.0,0.0,0.0,0.0,0.9682539682539683,0.0,0.015873015873015872,0.0,0.0,0.0,0.0,0.0,0.0,0.0,0.0,0.015873015873015872,0.0,0.0,0.0,0.0,0.0,0.0
4298 NTS Phox2b Glut_9,0.0,0.0,0.0,0.0,0.0,0.0,0.0,1.0,0.0,0.0,0.0,0.0,0.0,0.0,0.0,0.0,0.0,0.0,0.0,0.0,0.0,0.0,0.0,0.0,0.0
4299 NTS Phox2b Glut_9,0.0,0.0,0.0,0.0,0.0,0.0,0.0,1.0,0.0,0.0,0.0,0.0,0.0,0.0,0.0,0.0,0.0,0.0,0.0,0.0,0.0,0.0,0.0,0.0,0.0
4300 NTS Phox2b Glut_9,0.0,0.0,0.0,0.0,0.0,0.0,0.0,0.9137931034482759,0.0,0.034482758620689655,0.0,0.0,0.0,0.0,0.0,0.0,0.0,0.05172413793103448,0.0,0.0,0.0,0.0,0.0,0.0,0.0
4301 NTS Phox2b Glut_9,0.0,0.0,0.0,0.0,0.0,0.0,0.0,0.8181818181818182,0.0,0.11363636363636363,0.0,0.0,0.0,0.0,0.0,0.0,0.0,0.0,0.06818181818181818,0.0,0.0,0.0,0.0,0.0,0.0
4302 NTS Phox2b Glut_10,0.0,0.0,0.0,0.0,0.0,0.0,0.0,1.0,0.0,0.0,0.0,0.0,0.0,0.0,0.0,0.0,0.0,0.0,0.0,0.0,0.0,0.0,0.0,0.0,0.0
4303 NTS Phox2b Glut_10,0.0,0.0,0.0,0.0,0.0,0.0,0.0,0.9836065573770492,0.0,0.0,0.0,0.0,0.0,0.0,0.0,0.0,0.0,0.0,0.01639344262295082,0.0,0.0,0.0,0.0,0.0,0.0
4304 NTS Phox2b Glut_10,0.0,0.0,0.0,0.0,0.0,0.0,0.0,1.0,0.0,0.0,0.0,0.0,0.0,0.0,0.0,0.0,0.0,0.0,0.0,0.0,0.0,0.0,0.0,0.0,0.0
4305 NTS Phox2b Glut_10,0.0,0.0,0.0,0.0,0.0,0.0,0.0,1.0,0.0,0.0,0.0,0.0,0.0,0.0,0.0,0.0,0.0,0.0,0.0,0.0,0.0,0.0,0.0,0.0,0.0
4306 NTS Phox2b Glut_10,0.0,0.0,0.0,0.0,0.0,0.0,0.0,0.967741935483871,0.0,0.03225806451612903,0.0,0.0,0.0,0.0,0.0,0.0,0.0,0.0,0.0,0.0,0.0,0.0,0.0,0.0,0.0
4307 NTS Phox2b Glut_10,0.0,0.0,0.0,0.0,0.0,0.0,0.0,0.6190476190476191,0.0,0.38095238095238093,0.0,0.0,0.0,0.0,0.0,0.0,0.0,0.0,0.0,0.0,0.0,0.0,0.0,0.0,0.0
4308 MARN-GRN Pyy Glut_1,0.0,0.0,0.0,0.0,0.0,0.0,0.0,0.9516129032258065,0.0,0.016129032258064516,0.0,0.0,0.0,0.0,0.0,0.0,0.0,0.0,0.0,0.03225806451612903,0.0,0.0,0.0,0.0,0.0
4309 MDRNv Lhx4 Qrfprl Glut_1,0.0,0.0,0.0,0.0,0.0,0.0,0.0,0.9166666666666666,0.0,0.08333333333333333,0.0,0.0,0.0,0.0,0.0,0.0,0.0,0.0,0.0,0.0,0.0,0.0,0.0,0.0,0.0
4310 NTS Mbnl3 Glut_1,0.0,0.0,0.0,0.0,0.0,0.0,0.0,1.0,0.0,0.0,0.0,0.0,0.0,0.0,0.0,0.0,0.0,0.0,0.0,0.0,0.0,0.0,0.0,0.0,0.0
4311 PGRNd Dmbx1 Glut_1,0.0,0.0,0.0,0.0,0.0,0.0,0.0,1.0,0.0,0.0,0.0,0.0,0.0,0.0,0.0,0.0,0.0,0.0,0.0,0.0,0.0,0.0,0.0,0.0,0.0
4312 PGRNd Dmbx1 Glut_1,0.0,0.0,0.0,0.0,0.0,0.0,0.0,0.66,0.0,0.02,0.0,0.0,0.0,0.0,0.26,0.0,0.0,0.0,0.06,0.0,0.0,0.0,0.0,0.0,0.0
4313 PGRNd Dmbx1 Glut_1,0.0,0.0,0.0,0.0,0.0,0.0,0.0,0.8571428571428571,0.0,0.0,0.0,0.0,0.0,0.0,0.07142857142857142,0.0,0.0,0.0,0.07142857142857142,0.0,0.0,0.0,0.0,0.0,0.0
4314 PGRN-PARN-MDRN Hoxb5 Glut_1,0.0,0.0,0.0,0.0,0.0,0.0,0.0,1.0,0.0,0.0,0.0,0.0,0.0,0.0,0.0,0.0,0.0,0.0,0.0,0.0,0.0,0.0,0.0,0.0,0.0
4315 PGRN-PARN-MDRN Hoxb5 Glut_1,0.0,0.0,0.0,0.0,0.0,0.0,0.0,0.95,0.0,0.0,0.0,0.0,0.0,0.0,0.0,0.016666666666666666,0.0,0.0,0.03333333333333333,0.0,0.0,0.0,0.0,0.0,0.0
4316 PGRN-PARN-MDRN Hoxb5 Glut_1,0.0,0.0,0.0,0.0,0.0,0.0,0.0,1.0,0.0,0.0,0.0,0.0,0.0,0.0,0.0,0.0,0.0,0.0,0.0,0.0,0.0,0.0,0.0,0.0,0.0
4317 PGRN-PARN-MDRN Hoxb5 Glut_1,0.0,0.0,0.0,0.0,0.0,0.0,0.0,1.0,0.0,0.0,0.0,0.0,0.0,0.0,0.0,0.0,0.0,0.0,0.0,0.0,0.0,0.0,0.0,0.0,0.0
4318 PGRN-PARN-MDRN Hoxb5 Glut_1,0.0,0.0,0.0,0.0,0.0,0.0,0.0,1.0,0.0,0.0,0.0,0.0,0.0,0.0,0.0,0.0,0.0,0.0,0.0,0.0,0.0,0.0,0.0,0.0,0.0
4320 PGRN-PARN-MDRN Hoxb5 Glut_1,0.0,0.0,0.0,0.0,0.0,0.0,0.0,1.0,0.0,0.0,0.0,0.0,0.0,0.0,0.0,0.0,0.0,0.0,0.0,0.0,0.0,0.0,0.0,0.0,0.0
4321 PGRN-PARN-MDRN Hoxb5 Glut_1,0.0,0.0,0.0,0.0,0.0,0.0,0.0,1.0,0.0,0.0,0.0,0.0,0.0,0.0,0.0,0.0,0.0,0.0,0.0,0.0,0.0,0.0,0.0,0.0,0.0
4322 PGRN-PARN-MDRN Hoxb5 Glut_1,0.0,0.0,0.0,0.0,0.0,0.0,0.0,1.0,0.0,0.0,0.0,0.0,0.0,0.0,0.0,0.0,0.0,0.0,0.0,0.0,0.0,0.0,0.0,0.0,0.0
4324 PGRN-PARN-MDRN Hoxb5 Glut_1,0.0,0.0,0.0,0.0,0.0,0.0,0.0,1.0,0.0,0.0,0.0,0.0,0.0,0.0,0.0,0.0,0.0,0.0,0.0,0.0,0.0,0.0,0.0,0.0,0.0
4327 PGRN-PARN-MDRN Hoxb5 Glut_1,0.0,0.0,0.0,0.0,0.0,0.0,0.0,1.0,0.0,0.0,0.0,0.0,0.0,0.0,0.0,0.0,0.0,0.0,0.0,0.0,0.0,0.0,0.0,0.0,0.0
4328 PGRN-PARN-MDRN Hoxb5 Glut_1,0.0,0.0,0.0,0.0,0.0,0.0,0.0,0.9903846153846154,0.0,0.009615384615384616,0.0,0.0,0.0,0.0,0.0,0.0,0.0,0.0,0.0,0.0,0.0,0.0,0.0,0.0,0.0
4329 PGRN-PARN-MDRN Hoxb5 Glut_1,0.0,0.0,0.0,0.0,0.0,0.0,0.0,1.0,0.0,0.0,0.0,0.0,0.0,0.0,0.0,0.0,0.0,0.0,0.0,0.0,0.0,0.0,0.0,0.0,0.0
4331 PGRN-PARN-MDRN Hoxb5 Glut_1,0.0,0.0,0.0,0.0,0.0,0.0,0.0,1.0,0.0,0.0,0.0,0.0,0.0,0.0,0.0,0.0,0.0,0.0,0.0,0.0,0.0,0.0,0.0,0.0,0.0
4332 PGRN-PARN-MDRN Hoxb5 Glut_1,0.0,0.0,0.0,0.0,0.0,0.0,0.0,1.0,0.0,0.0,0.0,0.0,0.0,0.0,0.0,0.0,0.0,0.0,0.0,0.0,0.0,0.0,0.0,0.0,0.0
4333 PGRN-PARN-MDRN Hoxb5 Glut_1,0.0,0.0,0.0,0.0,0.0,0.0,0.0,1.0,0.0,0.0,0.0,0.0,0.0,0.0,0.0,0.0,0.0,0.0,0.0,0.0,0.0,0.0,0.0,0.0,0.0
4334 PGRN-PARN-MDRN Hoxb5 Glut_2,0.0,0.0,0.0,0.0,0.0,0.0,0.0,0.88,0.0,0.02,0.0,0.0,0.0,0.0,0.0,0.0,0.0,0.0,0.04,0.06,0.0,0.0,0.0,0.0,0.0
4335 PGRN-PARN-MDRN Hoxb5 Glut_2,0.0,0.0,0.0,0.0,0.0,0.0,0.0,1.0,0.0,0.0,0.0,0.0,0.0,0.0,0.0,0.0,0.0,0.0,0.0,0.0,0.0,0.0,0.0,0.0,0.0
4336 PGRN-PARN-MDRN Hoxb5 Glut_2,0.0,0.0,0.0,0.0,0.0,0.0,0.0,1.0,0.0,0.0,0.0,0.0,0.0,0.0,0.0,0.0,0.0,0.0,0.0,0.0,0.0,0.0,0.0,0.0,0.0
4338 PGRN-PARN-MDRN Hoxb5 Glut_2,0.0,0.0,0.0,0.0,0.0,0.0,0.0,1.0,0.0,0.0,0.0,0.0,0.0,0.0,0.0,0.0,0.0,0.0,0.0,0.0,0.0,0.0,0.0,0.0,0.0
4339 PGRN-PARN-MDRN Hoxb5 Glut_2,0.0,0.0,0.0,0.0,0.0,0.0,0.0,0.9558823529411765,0.0,0.007352941176470588,0.0,0.0,0.0,0.0,0.0,0.0,0.0,0.0,0.007352941176470588,0.022058823529411766,0.0,0.007352941176470588,0.0,0.0,0.0
4340 PGRN-PARN-MDRN Hoxb5 Glut_2,0.0,0.0,0.0,0.0,0.0,0.0,0.0,0.8709677419354839,0.0,0.0,0.0,0.0,0.0,0.0,0.03225806451612903,0.0,0.0,0.0,0.03225806451612903,0.06451612903225806,0.0,0.0,0.0,0.0,0.0
4341 PGRN-PARN-MDRN Hoxb5 Glut_2,0.0,0.0,0.0,0.0,0.0,0.0,0.0,0.0,0.0,1.0,0.0,0.0,0.0,0.0,0.0,0.0,0.0,0.0,0.0,0.0,0.0,0.0,0.0,0.0,0.0
4342 PGRN-PARN-MDRN Hoxb5 Glut_2,0.0,0.0,0.0,0.0,0.0,0.0,0.0,1.0,0.0,0.0,0.0,0.0,0.0,0.0,0.0,0.0,0.0,0.0,0.0,0.0,0.0,0.0,0.0,0.0,0.0
4343 PGRN-PARN-MDRN Hoxb5 Glut_2,0.0,0.0,0.0,0.0,0.0,0.0,0.0,0.972972972972973,0.0,0.0,0.0,0.0,0.0,0.0,0.0,0.0,0.0,0.0,0.0,0.02702702702702703,0.0,0.0,0.0,0.0,0.0
4344 PGRN-PARN-MDRN Hoxb5 Glut_2,0.0,0.004291845493562232,0.0,0.0,0.0,0.0,0.004291845493562232,0.8927038626609443,0.0,0.017167381974248927,0.0,0.0,0.0,0.0,0.055793991416309016,0.004291845493562232,0.0,0.004291845493562232,0.012875536480686695,0.004291845493562232,0.0,0.0,0.0,0.0,0.0
4345 PGRN-PARN-MDRN Hoxb5 Glut_2,0.0,0.0,0.0,0.0,0.0,0.0,0.0,0.9090909090909091,0.0,0.09090909090909091,0.0,0.0,0.0,0.0,0.0,0.0,0.0,0.0,0.0,0.0,0.0,0.0,0.0,0.0,0.0
4346 PGRN-PARN-MDRN Hoxb5 Glut_2,0.0,0.0,0.0,0.0,0.0,0.0,0.0,1.0,0.0,0.0,0.0,0.0,0.0,0.0,0.0,0.0,0.0,0.0,0.0,0.0,0.0,0.0,0.0,0.0,0.0
4347 PGRN-PARN-MDRN Hoxb5 Glut_2,0.0,0.0,0.0,0.0,0.0,0.0,0.0,0.0,0.0,0.75,0.0,0.0,0.0,0.0,0.0,0.0,0.0,0.0,0.25,0.0,0.0,0.0,0.0,0.0,0.0
4348 PGRN-PARN-MDRN Hoxb5 Glut_2,0.0,0.0,0.0,0.0,0.0,0.0,0.9454545454545454,0.0,0.0,0.0,0.0,0.0,0.03636363636363636,0.0,0.0,0.0,0.0,0.0,0.01818181818181818,0.0,0.0,0.0,0.0,0.0,0.0
4349 PGRN-PARN-MDRN Hoxb5 Glut_3,0.0,0.0,0.0,0.0,0.0,0.0,0.0,1.0,0.0,0.0,0.0,0.0,0.0,0.0,0.0,0.0,0.0,0.0,0.0,0.0,0.0,0.0,0.0,0.0,0.0
4350 PGRN-PARN-MDRN Hoxb5 Glut_3,0.0,0.0,0.0,0.0,0.0,0.0,0.0,0.04918032786885246,0.0,0.9180327868852459,0.0,0.0,0.0,0.0,0.0,0.0,0.0,0.0,0.03278688524590164,0.0,0.0,0.0,0.0,0.0,0.0
4351 PGRN-PARN-MDRN Hoxb5 Glut_3,0.0,0.0,0.0,0.0,0.0,0.0,0.0,1.0,0.0,0.0,0.0,0.0,0.0,0.0,0.0,0.0,0.0,0.0,0.0,0.0,0.0,0.0,0.0,0.0,0.0
4352 PGRN-PARN-MDRN Hoxb5 Glut_3,0.0,0.0,0.0,0.0,0.0,0.0,0.0,1.0,0.0,0.0,0.0,0.0,0.0,0.0,0.0,0.0,0.0,0.0,0.0,0.0,0.0,0.0,0.0,0.0,0.0
4353 PGRN-PARN-MDRN Hoxb5 Glut_3,0.0,0.0,0.0,0.0,0.0,0.0,0.0,1.0,0.0,0.0,0.0,0.0,0.0,0.0,0.0,0.0,0.0,0.0,0.0,0.0,0.0,0.0,0.0,0.0,0.0
4354 PGRN-PARN-MDRN Hoxb5 Glut_3,0.0,0.0,0.0,0.0,0.0,0.0,0.0,1.0,0.0,0.0,0.0,0.0,0.0,0.0,0.0,0.0,0.0,0.0,0.0,0.0,0.0,0.0,0.0,0.0,0.0
4355 PGRN-PARN-MDRN Hoxb5 Glut_3,0.0,0.0,0.0,0.0,0.0,0.0,0.0,1.0,0.0,0.0,0.0,0.0,0.0,0.0,0.0,0.0,0.0,0.0,0.0,0.0,0.0,0.0,0.0,0.0,0.0
4356 PGRN-PARN-MDRN Hoxb5 Glut_3,0.0,0.0,0.0,0.0,0.0,0.0,0.0784313725490196,0.7450980392156863,0.0,0.17647058823529413,0.0,0.0,0.0,0.0,0.0,0.0,0.0,0.0,0.0,0.0,0.0,0.0,0.0,0.0,0.0
4357 PGRN-PARN-MDRN Hoxb5 Glut_3,0.0,0.0,0.0,0.0,0.0,0.0,0.0,0.9726027397260274,0.0,0.0273972602739726,0.0,0.0,0.0,0.0,0.0,0.0,0.0,0.0,0.0,0.0,0.0,0.0,0.0,0.0,0.0
4359 PGRN-PARN-MDRN Hoxb5 Glut_4,0.0,0.0,0.0,0.0,0.0,0.0,0.0,1.0,0.0,0.0,0.0,0.0,0.0,0.0,0.0,0.0,0.0,0.0,0.0,0.0,0.0,0.0,0.0,0.0,0.0
4360 PGRN-PARN-MDRN Hoxb5 Glut_4,0.0,0.0,0.0,0.0,0.0,0.0,0.0,0.9333333333333333,0.0,0.0,0.0,0.0,0.0,0.0,0.0,0.0,0.0,0.0,0.06666666666666667,0.0,0.0,0.0,0.0,0.0,0.0
4361 PGRN-PARN-MDRN Hoxb5 Glut_4,0.0,0.0,0.0,0.0,0.0,0.0,0.0,1.0,0.0,0.0,0.0,0.0,0.0,0.0,0.0,0.0,0.0,0.0,0.0,0.0,0.0,0.0,0.0,0.0,0.0
4362 PGRN-PARN-MDRN Hoxb5 Glut_4,0.0,0.0,0.0,0.0,0.0,0.0,0.0,1.0,0.0,0.0,0.0,0.0,0.0,0.0,0.0,0.0,0.0,0.0,0.0,0.0,0.0,0.0,0.0,0.0,0.0
4364 PGRN-PARN-MDRN Hoxb5 Glut_4,0.0,0.0,0.0,0.0,0.0,0.0,0.0,0.9230769230769231,0.0,0.0,0.0,0.0,0.0,0.0,0.0,0.0,0.0,0.0,0.0,0.07692307692307693,0.0,0.0,0.0,0.0,0.0
4365 PGRN-PARN-MDRN Hoxb5 Glut_4,0.0,0.0,0.0,0.0,0.0,0.0,0.0,1.0,0.0,0.0,0.0,0.0,0.0,0.0,0.0,0.0,0.0,0.0,0.0,0.0,0.0,0.0,0.0,0.0,0.0
4366 PGRN-PARN-MDRN Hoxb5 Glut_4,0.0,0.0,0.0,0.0,0.0,0.0,0.0,1.0,0.0,0.0,0.0,0.0,0.0,0.0,0.0,0.0,0.0,0.0,0.0,0.0,0.0,0.0,0.0,0.0,0.0
4367 PGRN-PARN-MDRN Hoxb5 Glut_4,0.0,0.0,0.0,0.0,0.0,0.0,0.0,1.0,0.0,0.0,0.0,0.0,0.0,0.0,0.0,0.0,0.0,0.0,0.0,0.0,0.0,0.0,0.0,0.0,0.0
4368 PGRN-PARN-MDRN Hoxb5 Glut_4,0.0,0.0,0.0,0.0,0.0,0.0,0.0,1.0,0.0,0.0,0.0,0.0,0.0,0.0,0.0,0.0,0.0,0.0,0.0,0.0,0.0,0.0,0.0,0.0,0.0
4369 PGRN-PARN-MDRN Hoxb5 Glut_4,0.0,0.0,0.0,0.0,0.0,0.0,0.0,0.972972972972973,0.0,0.02702702702702703,0.0,0.0,0.0,0.0,0.0,0.0,0.0,0.0,0.0,0.0,0.0,0.0,0.0,0.0,0.0
4370 PGRN-PARN-MDRN Hoxb5 Glut_4,0.0,0.0,0.0,0.0,0.0,0.0,0.0,1.0,0.0,0.0,0.0,0.0,0.0,0.0,0.0,0.0,0.0,0.0,0.0,0.0,0.0,0.0,0.0,0.0,0.0
4371 PGRN-PARN-MDRN Hoxb5 Glut_5,0.0,0.0,0.0,0.0,0.0,0.0,0.0,0.9285714285714286,0.0,0.0,0.0,0.0,0.0,0.0,0.0,0.0,0.0,0.017857142857142856,0.05357142857142857,0.0,0.0,0.0,0.0,0.0,0.0
4372 PGRN-PARN-MDRN Hoxb5 Glut_5,0.0,0.0,0.0,0.0,0.0,0.0,0.0,1.0,0.0,0.0,0.0,0.0,0.0,0.0,0.0,0.0,0.0,0.0,0.0,0.0,0.0,0.0,0.0,0.0,0.0
4373 PGRN-PARN-MDRN Hoxb5 Glut_5,0.0,0.0,0.0,0.0,0.0,0.0,0.0,0.972972972972973,0.0,0.0,0.0,0.0,0.0,0.0,0.0,0.0,0.0,0.0,0.02702702702702703,0.0,0.0,0.0,0.0,0.0,0.0
4374 PGRN-PARN-MDRN Hoxb5 Glut_5,0.0,0.0,0.0,0.0,0.0,0.0,0.0,1.0,0.0,0.0,0.0,0.0,0.0,0.0,0.0,0.0,0.0,0.0,0.0,0.0,0.0,0.0,0.0,0.0,0.0
4375 PGRN-PARN-MDRN Hoxb5 Glut_5,0.0,0.0,0.0,0.0,0.0,0.0,0.0,1.0,0.0,0.0,0.0,0.0,0.0,0.0,0.0,0.0,0.0,0.0,0.0,0.0,0.0,0.0,0.0,0.0,0.0
4376 PGRN-PARN-MDRN Hoxb5 Glut_5,0.0,0.0,0.0,0.0,0.0,0.0,0.0,0.972972972972973,0.0,0.0,0.0,0.0,0.0,0.0,0.02702702702702703,0.0,0.0,0.0,0.0,0.0,0.0,0.0,0.0,0.0,0.0
4377 PGRN-PARN-MDRN Hoxb5 Glut_5,0.0,0.0,0.0,0.0,0.0,0.0,0.0,1.0,0.0,0.0,0.0,0.0,0.0,0.0,0.0,0.0,0.0,0.0,0.0,0.0,0.0,0.0,0.0,0.0,0.0
4378 PGRN-PARN-MDRN Hoxb5 Glut_5,0.0,0.0,0.0,0.0,0.0,0.0,0.022222222222222223,0.8666666666666667,0.0,0.022222222222222223,0.0,0.0,0.0,0.0,0.0,0.0,0.0,0.0,0.08888888888888889,0.0,0.0,0.0,0.0,0.0,0.0
4379 PGRN-PARN-MDRN Hoxb5 Glut_5,0.0,0.125,0.0,0.0,0.0,0.0,0.0,0.75,0.0,0.0,0.0,0.0,0.0,0.0,0.0,0.0,0.0,0.0,0.0,0.0,0.0,0.0,0.0,0.0,0.125
4380 PGRN-PARN-MDRN Hoxb5 Glut_5,0.0,0.0,0.0,0.0,0.0,0.0,0.0,1.0,0.0,0.0,0.0,0.0,0.0,0.0,0.0,0.0,0.0,0.0,0.0,0.0,0.0,0.0,0.0,0.0,0.0
4381 PGRN-PARN-MDRN Hoxb5 Glut_5,0.0,0.0,0.0,0.0,0.0,0.0,0.08433734939759036,0.6626506024096386,0.0,0.20481927710843373,0.0,0.0,0.0,0.0,0.012048192771084338,0.0,0.0,0.024096385542168676,0.012048192771084338,0.0,0.0,0.0,0.0,0.0,0.0
4382 PGRN-PARN-MDRN Hoxb5 Glut_5,0.0,0.0,0.0,0.0,0.0,0.0,0.0,1.0,0.0,0.0,0.0,0.0,0.0,0.0,0.0,0.0,0.0,0.0,0.0,0.0,0.0,0.0,0.0,0.0,0.0
4383 PGRN-PARN-MDRN Hoxb5 Glut_5,0.0,0.0,0.0,0.0,0.0,0.0,0.0,0.8571428571428571,0.0,0.0,0.0,0.0,0.0,0.0,0.0,0.0,0.0,0.05714285714285714,0.08571428571428572,0.0,0.0,0.0,0.0,0.0,0.0
4384 PGRN-PARN-MDRN Hoxb5 Glut_5,0.0,0.0,0.0,0.0,0.0,0.0,0.0,1.0,0.0,0.0,0.0,0.0,0.0,0.0,0.0,0.0,0.0,0.0,0.0,0.0,0.0,0.0,0.0,0.0,0.0
4385 PGRN-PARN-MDRN Hoxb5 Glut_6,0.0,0.0,0.0,0.0,0.0,0.0,0.016129032258064516,0.8870967741935484,0.0,0.08064516129032258,0.0,0.0,0.0,0.0,0.0,0.0,0.0,0.0,0.0,0.016129032258064516,0.0,0.0,0.0,0.0,0.0
4386 PGRN-PARN-MDRN Hoxb5 Glut_6,0.0,0.0,0.0,0.0,0.0,0.0,0.0,0.7708333333333334,0.0,0.20833333333333334,0.0,0.0,0.0,0.0,0.0,0.0,0.0,0.0,0.020833333333333332,0.0,0.0,0.0,0.0,0.0,0.0
4387 PGRN-PARN-MDRN Hoxb5 Glut_6,0.0,0.0,0.0,0.0,0.0,0.0,0.0,0.9444444444444444,0.0,0.05555555555555555,0.0,0.0,0.0,0.0,0.0,0.0,0.0,0.0,0.0,0.0,0.0,0.0,0.0,0.0,0.0
4388 PGRN-PARN-MDRN Hoxb5 Glut_6,0.0,0.0,0.0,0.0,0.0,0.0,0.0,0.8947368421052632,0.0,0.0,0.0,0.0,0.0,0.0,0.0,0.0,0.0,0.05263157894736842,0.05263157894736842,0.0,0.0,0.0,0.0,0.0,0.0
4389 PGRN-PARN-MDRN Hoxb5 Glut_6,0.0,0.0,0.0,0.0,0.0,0.0,0.0,0.030303030303030304,0.0,0.9696969696969697,0.0,0.0,0.0,0.0,0.0,0.0,0.0,0.0,0.0,0.0,0.0,0.0,0.0,0.0,0.0
4390 PGRN-PARN-MDRN Hoxb5 Glut_6,0.0,0.0,0.0,0.0,0.0,0.0,0.05263157894736842,0.8947368421052632,0.0,0.05263157894736842,0.0,0.0,0.0,0.0,0.0,0.0,0.0,0.0,0.0,0.0,0.0,0.0,0.0,0.0,0.0
4391 PGRN-PARN-MDRN Hoxb5 Glut_6,0.0,0.01282051282051282,0.0,0.0,0.0,0.0,0.0,0.5,0.0,0.46153846153846156,0.0,0.0,0.0,0.0,0.0,0.0,0.0,0.01282051282051282,0.01282051282051282,0.0,0.0,0.0,0.0,0.0,0.0
4392 PGRN-PARN-MDRN Hoxb5 Glut_6,0.0,0.0,0.0,0.0,0.0,0.0,0.0,1.0,0.0,0.0,0.0,0.0,0.0,0.0,0.0,0.0,0.0,0.0,0.0,0.0,0.0,0.0,0.0,0.0,0.0
4393 PGRN-PARN-MDRN Hoxb5 Glut_6,0.0,0.0,0.0,0.0,0.0,0.0,0.0,0.8333333333333334,0.0,0.0,0.0,0.0,0.0,0.0,0.0,0.0,0.0,0.03333333333333333,0.13333333333333333,0.0,0.0,0.0,0.0,0.0,0.0
4394 PGRN-PARN-MDRN Hoxb5 Glut_6,0.0,0.0,0.0,0.0,0.0,0.0,0.0,0.043478260869565216,0.0,0.9130434782608695,0.0,0.0,0.0,0.0,0.0,0.0,0.0,0.043478260869565216,0.0,0.0,0.0,0.0,0.0,0.0,0.0
4395 PGRN-PARN-MDRN Hoxb5 Glut_6,0.0,0.0,0.0,0.0,0.0,0.0,0.0,0.9824561403508771,0.0,0.017543859649122806,0.0,0.0,0.0,0.0,0.0,0.0,0.0,0.0,0.0,0.0,0.0,0.0,0.0,0.0,0.0
4396 PGRN-PARN-MDRN Hoxb5 Glut_6,0.0,0.07692307692307693,0.0,0.0,0.0,0.0,0.0,0.23076923076923078,0.0,0.6153846153846154,0.0,0.0,0.0,0.0,0.0,0.0,0.0,0.07692307692307693,0.0,0.0,0.0,0.0,0.0,0.0,0.0
4397 PGRN-PARN-MDRN Hoxb5 Glut_7,0.0,0.0,0.0,0.0,0.0,0.0,0.0,0.8817204301075269,0.0,0.053763440860215055,0.0,0.0,0.0,0.0,0.0,0.0,0.0,0.0,0.06451612903225806,0.0,0.0,0.0,0.0,0.0,0.0
4398 PGRN-PARN-MDRN Hoxb5 Glut_7,0.0,0.0,0.0,0.0,0.0,0.0,0.017391304347826087,0.8347826086956521,0.0,0.10434782608695652,0.0,0.0,0.0,0.0,0.0,0.0,0.0,0.0,0.008695652173913044,0.034782608695652174,0.0,0.0,0.0,0.0,0.0
4399 PGRN-PARN-MDRN Hoxb5 Glut_7,0.0,0.00042158516020236085,0.0,0.0,0.045531197301854974,0.0,0.7175379426644182,0.0193929173693086,0.0,0.18549747048903878,0.008431703204047217,0.00042158516020236085,0.0054806070826306915,0.0,0.0,0.0,0.00042158516020236085,0.0037942664418212477,0.008010118043844857,0.0012647554806070826,0.00042158516020236085,0.0021079258010118043,0.0012647554806070826,0.0,0.0
4400 PGRN-PARN-MDRN Hoxb5 Glut_7,0.0,0.03333333333333333,0.0,0.0,0.03333333333333333,0.0,0.0,0.4,0.0,0.4666666666666667,0.0,0.0,0.0,0.0,0.0,0.0,0.0,0.06666666666666667,0.0,0.0,0.0,0.0,0.0,0.0,0.0
4401 PGRN-PARN-MDRN Hoxb5 Glut_7,0.0,0.0,0.0,0.0,0.0182648401826484,0.0,0.0487062404870624,0.1750380517503805,0.0,0.7214611872146118,0.0045662100456621,0.0,0.0015220700152207,0.0,0.0015220700152207,0.0,0.0,0.0060882800608828,0.0197869101978691,0.0030441400304414,0.0,0.0,0.0,0.0,0.0
4402 PGRN-PARN-MDRN Hoxb5 Glut_7,0.0,0.0022675736961451248,0.0,0.0,0.010430839002267574,0.0,0.07981859410430839,0.5578231292517006,0.0,0.3219954648526077,0.0018140589569160999,0.0,0.0,0.0,0.0018140589569160999,0.0022675736961451248,0.0,0.0036281179138321997,0.010884353741496598,0.006802721088435374,0.0,0.0,0.00045351473922902497,0.0,0.0
4403 PGRN-PARN-MDRN Hoxb5 Glut_7,0.0,0.0,0.0,0.0,0.0,0.0,0.0,0.5025380710659898,0.0,0.4873096446700508,0.0,0.0,0.0,0.0,0.0,0.0,0.0,0.0,0.01015228426395939,0.0,0.0,0.0,0.0,0.0,0.0
4404 PGRN-PARN-MDRN Hoxb5 Glut_7,0.0,0.00644468313641246,0.0,0.0,0.024704618689581095,0.0,0.045112781954887216,0.5639097744360902,0.0,0.31364124597207305,0.007518796992481203,0.0010741138560687433,0.0021482277121374865,0.0,0.0010741138560687433,0.0021482277121374865,0.0021482277121374865,0.004296455424274973,0.022556390977443608,0.0010741138560687433,0.0,0.0010741138560687433,0.0,0.0,0.0010741138560687433
4405 PGRN-PARN-MDRN Hoxb5 Glut_7,0.0,0.0,0.0,0.0,0.0,0.0,0.0,0.22857142857142856,0.0,0.7142857142857143,0.0,0.0,0.0,0.0,0.0,0.0,0.0,0.0,0.0,0.05714285714285714,0.0,0.0,0.0,0.0,0.0
4406 MV-SPIV Slc6a2 Glut_1,0.0,0.04,0.0,0.0,0.0,0.0,0.0,0.76,0.0,0.0,0.0,0.0,0.0,0.0,0.12,0.08,0.0,0.0,0.0,0.0,0.0,0.0,0.0,0.0,0.0
4407 MV-SPIV Slc6a2 Glut_1,0.0,0.028985507246376812,0.0,0.0,0.0,0.0,0.0,0.7391304347826086,0.0,0.014492753623188406,0.0,0.0,0.0,0.0,0.11594202898550725,0.10144927536231885,0.0,0.0,0.0,0.0,0.0,0.0,0.0,0.0,0.0
4408 MV-SPIV Slc6a2 Glut_1,0.0,0.17777777777777778,0.0,0.0,0.0,0.0,0.0,0.8,0.0,0.0,0.0,0.0,0.0,0.0,0.022222222222222223,0.0,0.0,0.0,0.0,0.0,0.0,0.0,0.0,0.0,0.0
4409 MV-SPIV Slc6a2 Glut_1,0.0,0.1875,0.0,0.0,0.0,0.0,0.0,0.5625,0.0,0.0,0.0,0.0,0.0,0.0,0.1875,0.0625,0.0,0.0,0.0,0.0,0.0,0.0,0.0,0.0,0.0
4410 MV-SPIV Slc6a2 Glut_1,0.0,0.1794871794871795,0.0,0.0,0.0,0.0,0.0,0.6153846153846154,0.0,0.0,0.0,0.0,0.0,0.0,0.0,0.0,0.05128205128205128,0.02564102564102564,0.0,0.1282051282051282,0.0,0.0,0.0,0.0,0.0
4411 MV-SPIV Slc6a2 Glut_1,0.0,0.0,0.0,0.0,0.0,0.0,0.0,0.971830985915493,0.0,0.0,0.0,0.0,0.0,0.0,0.0,0.0,0.0,0.0,0.014084507042253521,0.0,0.0,0.014084507042253521,0.0,0.0,0.0
4412 SPVI-SPVC Tlx3 Ebf3 Glut_1,0.0,0.0,0.0,0.0,0.0,0.0,0.0,0.6666666666666666,0.0,0.0,0.0,0.0,0.0,0.0,0.0,0.0,0.1111111111111111,0.0,0.0,0.0,0.0,0.0,0.0,0.0,0.2222222222222222
4413 SPVI-SPVC Tlx3 Ebf3 Glut_1,0.0,0.5849056603773585,0.0,0.0,0.0,0.0,0.0,0.33962264150943394,0.0,0.0,0.0,0.0,0.0,0.0,0.0,0.0,0.0,0.0,0.018867924528301886,0.0,0.0,0.0,0.0,0.0,0.05660377358490566
4414 SPVI-SPVC Tlx3 Ebf3 Glut_1,0.0,1.0,0.0,0.0,0.0,0.0,0.0,0.0,0.0,0.0,0.0,0.0,0.0,0.0,0.0,0.0,0.0,0.0,0.0,0.0,0.0,0.0,0.0,0.0,0.0
4415 SPVI-SPVC Tlx3 Ebf3 Glut_1,0.0,0.41935483870967744,0.0,0.0,0.0,0.0,0.0,0.5806451612903226,0.0,0.0,0.0,0.0,0.0,0.0,0.0,0.0,0.0,0.0,0.0,0.0,0.0,0.0,0.0,0.0,0.0
4417 SPVI-SPVC Tlx3 Ebf3 Glut_2,0.0,0.0,0.0,0.0,0.0,0.0,0.0,0.8571428571428571,0.0,0.07142857142857142,0.0,0.0,0.0,0.0,0.0,0.0,0.0,0.0,0.07142857142857142,0.0,0.0,0.0,0.0,0.0,0.0
4418 SPVI-SPVC Tlx3 Ebf3 Glut_2,0.0,0.0,0.0,0.0,0.0,0.0,0.041666666666666664,0.9166666666666666,0.0,0.041666666666666664,0.0,0.0,0.0,0.0,0.0,0.0,0.0,0.0,0.0,0.0,0.0,0.0,0.0,0.0,0.0
4419 SPVI-SPVC Tlx3 Ebf3 Glut_2,0.0,0.0,0.0,0.0,0.0,0.0,0.0,1.0,0.0,0.0,0.0,0.0,0.0,0.0,0.0,0.0,0.0,0.0,0.0,0.0,0.0,0.0,0.0,0.0,0.0
4420 SPVI-SPVC Tlx3 Ebf3 Glut_2,0.0,0.008547008547008548,0.0,0.0,0.0,0.0,0.017094017094017096,0.9145299145299145,0.0,0.05128205128205128,0.0,0.0,0.0,0.0,0.0,0.0,0.0,0.0,0.008547008547008548,0.0,0.0,0.0,0.0,0.0,0.0
4421 SPVI-SPVC Tlx3 Ebf3 Glut_2,0.0,0.0,0.0,0.0,0.0,0.0,0.0,1.0,0.0,0.0,0.0,0.0,0.0,0.0,0.0,0.0,0.0,0.0,0.0,0.0,0.0,0.0,0.0,0.0,0.0
4422 SPVI-SPVC Tlx3 Ebf3 Glut_2,0.0,0.18604651162790697,0.0,0.0,0.0,0.0,0.0,0.6511627906976745,0.0,0.0,0.0,0.0,0.0,0.0,0.023255813953488372,0.0,0.0,0.0,0.06976744186046512,0.0,0.0,0.0,0.0,0.0,0.06976744186046512
4423 SPVI-SPVC Tlx3 Ebf3 Glut_2,0.0,0.0,0.0,0.0,0.0,0.0,0.0,0.94,0.0,0.02,0.0,0.0,0.0,0.0,0.0,0.0,0.0,0.0,0.0,0.0,0.0,0.0,0.0,0.0,0.04
4424 SPVI-SPVC Tlx3 Ebf3 Glut_3,0.0,0.0,0.0,0.0,0.0,0.0,0.0,1.0,0.0,0.0,0.0,0.0,0.0,0.0,0.0,0.0,0.0,0.0,0.0,0.0,0.0,0.0,0.0,0.0,0.0
4426 SPVI-SPVC Tlx3 Ebf3 Glut_3,0.0,0.0,0.0,0.0,0.0,0.0,0.0,0.5833333333333334,0.0,0.0,0.0,0.0,0.0,0.0,0.0,0.0,0.0,0.0,0.0,0.0,0.0,0.0,0.0,0.0,0.4166666666666667
4428 SPVI-SPVC Tlx3 Ebf3 Glut_3,0.0,1.0,0.0,0.0,0.0,0.0,0.0,0.0,0.0,0.0,0.0,0.0,0.0,0.0,0.0,0.0,0.0,0.0,0.0,0.0,0.0,0.0,0.0,0.0,0.0
4429 SPVI-SPVC Tlx3 Ebf3 Glut_3,0.0,0.4,0.0,0.0,0.0,0.0,0.0,0.4,0.0,0.0,0.0,0.0,0.0,0.0,0.0,0.0,0.0,0.0,0.0,0.0,0.0,0.0,0.0,0.0,0.2
4430 SPVI-SPVC Tlx3 Ebf3 Glut_3,0.0,0.07142857142857142,0.0,0.0,0.0,0.0,0.0,0.5,0.0,0.0,0.0,0.0,0.0,0.0,0.0,0.0,0.0,0.0,0.0,0.0,0.0,0.0,0.0,0.0,0.42857142857142855
4431 SPVI-SPVC Tlx3 Ebf3 Glut_4,0.0,0.0,0.0,0.0,0.0,0.0,0.0,1.0,0.0,0.0,0.0,0.0,0.0,0.0,0.0,0.0,0.0,0.0,0.0,0.0,0.0,0.0,0.0,0.0,0.0
4432 SPVI-SPVC Tlx3 Ebf3 Glut_4,0.0,0.0,0.0,0.0,0.0,0.0,0.0,0.90625,0.0,0.0,0.0,0.0,0.0,0.0,0.03125,0.0,0.0,0.0,0.0625,0.0,0.0,0.0,0.0,0.0,0.0
4433 SPVI-SPVC Tlx3 Ebf3 Glut_4,0.0,0.0,0.0,0.0,0.0,0.0,0.0,0.9827586206896551,0.0,0.0,0.0,0.0,0.0,0.0,0.0,0.0,0.0,0.0,0.017241379310344827,0.0,0.0,0.0,0.0,0.0,0.0
4434 SPVI-SPVC Tlx3 Ebf3 Glut_4,0.0,0.05128205128205128,0.0,0.0,0.0,0.0,0.0,0.6666666666666666,0.0,0.0,0.0,0.0,0.0,0.0,0.0,0.0,0.02564102564102564,0.0,0.07692307692307693,0.0,0.0,0.0,0.0,0.0,0.1794871794871795
4435 SPVI-SPVC Tlx3 Ebf3 Glut_4,0.0,0.06896551724137931,0.0,0.0,0.0,0.0,0.0,0.7931034482758621,0.0,0.0,0.0,0.0,0.0,0.0,0.0,0.0,0.0,0.0,0.13793103448275862,0.0,0.0,0.0,0.0,0.0,0.0
4436 SPVI-SPVC Tlx3 Ebf3 Glut_4,0.0,0.028455284552845527,0.0,0.0,0.0,0.0,0.0,0.7764227642276422,0.0,0.0040650406504065045,0.0,0.0,0.0,0.0,0.0040650406504065045,0.0,0.0040650406504065045,0.012195121951219513,0.06504065040650407,0.0,0.0,0.0,0.0,0.0,0.10569105691056911
4437 SPVI-SPVC Tlx3 Ebf3 Glut_4,0.0,0.04,0.0,0.0,0.0,0.0,0.0,0.86,0.0,0.0,0.0,0.0,0.0,0.0,0.0,0.0,0.0,0.0,0.0,0.0,0.0,0.0,0.0,0.0,0.1
4438 SPVI-SPVC Tlx3 Ebf3 Glut_5,0.0,0.0,0.0,0.0,0.0,0.0,0.0,1.0,0.0,0.0,0.0,0.0,0.0,0.0,0.0,0.0,0.0,0.0,0.0,0.0,0.0,0.0,0.0,0.0,0.0
4439 SPVI-SPVC Tlx3 Ebf3 Glut_5,0.0,0.0,0.0,0.0,0.0,0.0,0.0,1.0,0.0,0.0,0.0,0.0,0.0,0.0,0.0,0.0,0.0,0.0,0.0,0.0,0.0,0.0,0.0,0.0,0.0
4440 SPVI-SPVC Tlx3 Ebf3 Glut_5,0.0,0.0,0.0,0.0,0.0,0.0,0.0,0.9459459459459459,0.0,0.0,0.0,0.0,0.0,0.0,0.0,0.0,0.0,0.0,0.02702702702702703,0.02702702702702703,0.0,0.0,0.0,0.0,0.0
4441 SPVI-SPVC Tlx3 Ebf3 Glut_6,0.0,0.0,0.0,0.0,0.0,0.0,0.0,0.5,0.0,0.0,0.0,0.0,0.0,0.0,0.0,0.0,0.0,0.0,0.0,0.0,0.0,0.0,0.0,0.0,0.5
4445 SPVI-SPVC Tlx3 Ebf3 Glut_7,0.0,0.42857142857142855,0.0,0.0,0.0,0.0,0.0,0.4,0.0,0.0,0.0,0.0,0.0,0.0,0.0,0.0,0.05714285714285714,0.0,0.02857142857142857,0.0,0.0,0.0,0.0,0.0,0.08571428571428572
4446 SPVI-SPVC Tlx3 Ebf3 Glut_7,0.0,0.36470588235294116,0.0,0.0,0.0,0.0,0.0,0.5294117647058824,0.0,0.0,0.0,0.0,0.0,0.0,0.0,0.0,0.03529411764705882,0.0,0.03529411764705882,0.0,0.0,0.0,0.0,0.0,0.03529411764705882
4447 SPVI-SPVC Tlx3 Ebf3 Glut_7,0.0,0.25,0.0,0.0,0.0,0.0,0.0,0.35714285714285715,0.0,0.0,0.0,0.0,0.0,0.0,0.0,0.0,0.07142857142857142,0.0,0.03571428571428571,0.0,0.0,0.0,0.0,0.0,0.2857142857142857
4448 CU-ECU-SPVI Foxb1 Glut_1,0.0,0.0,0.0,0.0,0.0,0.0,0.0,0.8571428571428571,0.0,0.0,0.0,0.0,0.0,0.0,0.0,0.0,0.0,0.0,0.14285714285714285,0.0,0.0,0.0,0.0,0.0,0.0
4449 CU-ECU-SPVI Foxb1 Glut_1,0.0,0.00998003992015968,0.0,0.0,0.013972055888223553,0.0,0.09181636726546906,0.6067864271457086,0.0,0.16766467065868262,0.0,0.0,0.0,0.0,0.001996007984031936,0.003992015968063872,0.005988023952095809,0.029940119760479042,0.06786427145708583,0.0,0.0,0.0,0.0,0.0,0.0
4450 CU-ECU-SPVI Foxb1 Glut_1,0.0,0.0,0.0,0.0,0.0,0.0,0.0,1.0,0.0,0.0,0.0,0.0,0.0,0.0,0.0,0.0,0.0,0.0,0.0,0.0,0.0,0.0,0.0,0.0,0.0
4451 CU-ECU-SPVI Foxb1 Glut_1,0.0,0.0,0.0,0.0,0.0,0.0,0.0,1.0,0.0,0.0,0.0,0.0,0.0,0.0,0.0,0.0,0.0,0.0,0.0,0.0,0.0,0.0,0.0,0.0,0.0
4452 CU-ECU-SPVI Foxb1 Glut_1,0.0,0.0,0.0,0.0,0.0,0.0,0.0,0.0,0.0,0.0,0.0,0.0,0.0,0.0,0.0,0.0,0.0,0.0,1.0,0.0,0.0,0.0,0.0,0.0,0.0
4453 CU-ECU-SPVI Foxb1 Glut_1,0.0,0.04819277108433735,0.0,0.0,0.0,0.0,0.0,0.6987951807228916,0.0,0.0,0.0,0.0,0.0,0.0,0.024096385542168676,0.0,0.04819277108433735,0.0,0.0963855421686747,0.0,0.0,0.0,0.0,0.0,0.08433734939759036
4454 CU-ECU-SPVI Foxb1 Glut_1,0.0,0.0,0.0,0.0,0.0,0.0,0.0,1.0,0.0,0.0,0.0,0.0,0.0,0.0,0.0,0.0,0.0,0.0,0.0,0.0,0.0,0.0,0.0,0.0,0.0
4455 CU-ECU-SPVI Foxb1 Glut_1,0.0,0.0,0.0,0.0,0.0,0.0,0.0,0.9,0.0,0.0,0.0,0.0,0.0,0.0,0.0,0.0,0.0,0.0,0.0,0.1,0.0,0.0,0.0,0.0,0.0
4456 CU-ECU-SPVI Foxb1 Glut_1,0.0,0.0,0.0,0.0,0.0,0.0,0.0,1.0,0.0,0.0,0.0,0.0,0.0,0.0,0.0,0.0,0.0,0.0,0.0,0.0,0.0,0.0,0.0,0.0,0.0
4457 CU-ECU-SPVI Foxb1 Glut_1,0.0,0.041666666666666664,0.0,0.0,0.0,0.0,0.0,0.6666666666666666,0.0,0.0,0.0,0.0,0.0,0.0,0.0,0.041666666666666664,0.16666666666666666,0.041666666666666664,0.041666666666666664,0.0,0.0,0.0,0.0,0.0,0.0
4458 CU-ECU-SPVI Foxb1 Glut_1,0.0,0.0,0.0,0.0,0.0,0.0,0.0,0.9142857142857143,0.0,0.0,0.0,0.0,0.0,0.0,0.0,0.0,0.0,0.02857142857142857,0.05714285714285714,0.0,0.0,0.0,0.0,0.0,0.0
4459 CU-ECU-SPVI Foxb1 Glut_1,0.0,0.0,0.0,0.0,0.0,0.0,0.0,1.0,0.0,0.0,0.0,0.0,0.0,0.0,0.0,0.0,0.0,0.0,0.0,0.0,0.0,0.0,0.0,0.0,0.0
4460 CU-ECU-SPVI Foxb1 Glut_1,0.0,0.0,0.0,0.0,0.0,0.0,0.0,0.9090909090909091,0.0,0.09090909090909091,0.0,0.0,0.0,0.0,0.0,0.0,0.0,0.0,0.0,0.0,0.0,0.0,0.0,0.0,0.0
4461 CU-ECU-SPVI Foxb1 Glut_1,0.0,0.0,0.0,0.0,0.0,0.0,0.0,1.0,0.0,0.0,0.0,0.0,0.0,0.0,0.0,0.0,0.0,0.0,0.0,0.0,0.0,0.0,0.0,0.0,0.0
4462 CU-ECU-SPVI Foxb1 Glut_1,0.0,0.0,0.0,0.0,0.0,0.0,0.0,1.0,0.0,0.0,0.0,0.0,0.0,0.0,0.0,0.0,0.0,0.0,0.0,0.0,0.0,0.0,0.0,0.0,0.0
4465 CU-ECU-SPVI Foxb1 Glut_1,0.0,0.11538461538461539,0.0,0.0,0.0,0.0,0.0,0.6923076923076923,0.0,0.0,0.0,0.0,0.0,0.0,0.0,0.0,0.11538461538461539,0.0,0.038461538461538464,0.038461538461538464,0.0,0.0,0.0,0.0,0.0
4466 CU-ECU-SPVI Foxb1 Glut_1,0.0,0.0,0.0,0.0,0.0,0.0,0.0,0.6896551724137931,0.0,0.0,0.0,0.0,0.0,0.0,0.2413793103448276,0.06896551724137931,0.0,0.0,0.0,0.0,0.0,0.0,0.0,0.0,0.0
4467 CU-ECU-SPVI Foxb1 Glut_1,0.0,0.0,0.0,0.0,0.0,0.0,0.0,0.7058823529411765,0.0,0.0,0.0,0.0,0.0,0.0,0.0,0.0,0.0,0.0,0.29411764705882354,0.0,0.0,0.0,0.0,0.0,0.0
4468 CU-ECU-SPVI Foxb1 Glut_2,0.0,0.022727272727272728,0.0,0.0,0.0,0.0,0.09090909090909091,0.7045454545454546,0.0,0.03787878787878788,0.0,0.0,0.0,0.0,0.0,0.015151515151515152,0.0,0.007575757575757576,0.06818181818181818,0.0,0.0,0.0,0.0,0.0,0.05303030303030303
4469 CU-ECU-SPVI Foxb1 Glut_2,0.0,0.104,0.0,0.0,0.0,0.0,0.008,0.672,0.0,0.008,0.0,0.0,0.0,0.0,0.008,0.032,0.04,0.016,0.096,0.0,0.0,0.0,0.0,0.0,0.016
4470 CU-ECU-SPVI Foxb1 Glut_2,0.0,0.039660056657223795,0.0,0.0,0.0,0.0,0.0028328611898017,0.6883852691218131,0.0,0.025495750708215296,0.0,0.0,0.0,0.0,0.014164305949008499,0.0056657223796034,0.0084985835694051,0.0028328611898017,0.09631728045325778,0.0,0.0,0.0,0.0,0.0,0.11614730878186968
4471 CU-ECU-SPVI Foxb1 Glut_2,0.0,0.009615384615384616,0.0,0.0,0.0,0.0,0.0,0.7884615384615384,0.0,0.0,0.0,0.0,0.0,0.0,0.038461538461538464,0.0,0.0,0.019230769230769232,0.11538461538461539,0.0,0.0,0.0,0.0,0.0,0.028846153846153848
4472 CU-ECU-SPVI Foxb1 Glut_3,0.0,0.018867924528301886,0.0,0.0,0.0,0.0,0.09433962264150944,0.7924528301886793,0.0,0.07547169811320754,0.0,0.0,0.0,0.0,0.0,0.0,0.0,0.0,0.0,0.0,0.0,0.018867924528301886,0.0,0.0,0.0
4474 CU-ECU-SPVI Foxb1 Glut_4,0.0,0.1111111111111111,0.0,0.0,0.0,0.0,0.0,0.8888888888888888,0.0,0.0,0.0,0.0,0.0,0.0,0.0,0.0,0.0,0.0,0.0,0.0,0.0,0.0,0.0,0.0,0.0
4475 MV-SPIV Phox2b Ebf3 Lbx1 Glut_1,0.0,0.0,0.0,0.0,0.0,0.0,0.0,0.30434782608695654,0.0,0.6956521739130435,0.0,0.0,0.0,0.0,0.0,0.0,0.0,0.0,0.0,0.0,0.0,0.0,0.0,0.0,0.0
4476 MV-SPIV Phox2b Ebf3 Lbx1 Glut_1,0.0,0.0,0.0,0.0,0.0,0.0,0.0,0.9523809523809523,0.0,0.047619047619047616,0.0,0.0,0.0,0.0,0.0,0.0,0.0,0.0,0.0,0.0,0.0,0.0,0.0,0.0,0.0
4477 MV-SPIV Phox2b Ebf3 Lbx1 Glut_1,0.0,0.0,0.0,0.0,0.0,0.0,0.0,0.8333333333333334,0.0,0.16666666666666666,0.0,0.0,0.0,0.0,0.0,0.0,0.0,0.0,0.0,0.0,0.0,0.0,0.0,0.0,0.0
4478 MV-SPIV Phox2b Ebf3 Lbx1 Glut_1,0.0,0.0,0.0,0.0,0.0,0.0,0.0,0.9523809523809523,0.0,0.047619047619047616,0.0,0.0,0.0,0.0,0.0,0.0,0.0,0.0,0.0,0.0,0.0,0.0,0.0,0.0,0.0
4479 MV-SPIV Phox2b Ebf3 Lbx1 Glut_1,0.0,0.0,0.0,0.0,0.0,0.0,0.0,0.7692307692307693,0.0,0.0,0.0,0.0,0.0,0.0,0.15384615384615385,0.07692307692307693,0.0,0.0,0.0,0.0,0.0,0.0,0.0,0.0,0.0
4480 MV-SPIV Phox2b Ebf3 Lbx1 Glut_1,0.0,0.011764705882352941,0.0,0.0,0.0,0.0,0.0,0.9058823529411765,0.0,0.0,0.0,0.0,0.0,0.0,0.03529411764705882,0.047058823529411764,0.0,0.0,0.0,0.0,0.0,0.0,0.0,0.0,0.0
4481 MV-SPIV Phox2b Ebf3 Lbx1 Glut_1,0.0,0.0,0.0,0.0,0.0,0.0,0.0,0.9230769230769231,0.0,0.01282051282051282,0.0,0.0,0.0,0.0,0.02564102564102564,0.0,0.0,0.01282051282051282,0.02564102564102564,0.0,0.0,0.0,0.0,0.0,0.0
4482 MV-SPIV Phox2b Ebf3 Lbx1 Glut_1,0.0,0.0,0.0,0.0,0.0,0.0,0.0,0.8787878787878788,0.0,0.06060606060606061,0.0,0.0,0.0,0.0,0.0,0.0,0.0,0.0,0.06060606060606061,0.0,0.0,0.0,0.0,0.0,0.0
4483 MV-SPIV Phox2b Ebf3 Lbx1 Glut_1,0.0,0.0,0.0,0.0,0.0,0.0,0.0,0.96875,0.0,0.0,0.0,0.0,0.0,0.0,0.0,0.0,0.0,0.0,0.03125,0.0,0.0,0.0,0.0,0.0,0.0
4484 MV-SPIV Phox2b Ebf3 Lbx1 Glut_1,0.0,0.0,0.0,0.0,0.0,0.0,0.0,0.92,0.0,0.08,0.0,0.0,0.0,0.0,0.0,0.0,0.0,0.0,0.0,0.0,0.0,0.0,0.0,0.0,0.0
4485 MV-SPIV Phox2b Ebf3 Lbx1 Glut_1,0.0,0.0,0.0,0.0,0.0,0.0,0.0,0.875,0.0,0.075,0.0,0.0,0.0,0.0,0.0,0.0,0.0,0.025,0.025,0.0,0.0,0.0,0.0,0.0,0.0
4486 MV-SPIV Phox2b Ebf3 Lbx1 Glut_2,0.0,0.011363636363636364,0.0,0.0,0.0,0.0,0.0,0.38636363636363635,0.0,0.5795454545454546,0.0,0.0,0.0,0.0,0.0,0.0,0.0,0.0,0.022727272727272728,0.0,0.0,0.0,0.0,0.0,0.0
4487 MV-SPIV Phox2b Ebf3 Lbx1 Glut_3,0.0,0.0,0.0,0.0,0.0,0.0,0.0,0.8076923076923077,0.0,0.0,0.0,0.0,0.0,0.0,0.11538461538461539,0.038461538461538464,0.0,0.038461538461538464,0.0,0.0,0.0,0.0,0.0,0.0,0.0
4488 MV-SPIV Phox2b Ebf3 Lbx1 Glut_4,0.0,0.0,0.0,0.0,0.0,0.0,0.0,0.8857142857142857,0.0,0.08571428571428572,0.0,0.0,0.0,0.0,0.0,0.0,0.0,0.0,0.02857142857142857,0.0,0.0,0.0,0.0,0.0,0.0
4489 MV-SPIV Phox2b Ebf3 Lbx1 Glut_5,0.0,0.034482758620689655,0.0,0.0,0.0,0.0,0.0,0.7241379310344828,0.0,0.0,0.0,0.0,0.0,0.0,0.13793103448275862,0.10344827586206896,0.0,0.0,0.0,0.0,0.0,0.0,0.0,0.0,0.0
4490 MV-SPIV Zic4 Neurod2 Glut_1,0.0,0.012987012987012988,0.0,0.0,0.0,0.0,0.0,0.8311688311688312,0.0,0.0,0.0,0.0,0.0,0.0,0.11688311688311688,0.0,0.012987012987012988,0.012987012987012988,0.0,0.0,0.0,0.0,0.0,0.0,0.012987012987012988
4491 MV-SPIV Zic4 Neurod2 Glut_1,0.0,0.0,0.0,0.0,0.0,0.0,0.0,0.8108108108108109,0.0,0.0,0.0,0.0,0.0,0.0,0.10810810810810811,0.08108108108108109,0.0,0.0,0.0,0.0,0.0,0.0,0.0,0.0,0.0
4492 MV-SPIV Zic4 Neurod2 Glut_1,0.0,0.0,0.0,0.0,0.0,0.0,0.0,0.8333333333333334,0.0,0.0,0.0,0.0,0.0,0.0,0.13333333333333333,0.03333333333333333,0.0,0.0,0.0,0.0,0.0,0.0,0.0,0.0,0.0
4493 MV-SPIV Zic4 Neurod2 Glut_1,0.0,0.0,0.0,0.0,0.0,0.0,0.0,0.6129032258064516,0.0,0.0,0.0,0.0,0.0,0.0,0.1935483870967742,0.12903225806451613,0.0,0.0,0.06451612903225806,0.0,0.0,0.0,0.0,0.0,0.0
4494 MV-SPIV Zic4 Neurod2 Glut_1,0.0,0.0,0.0,0.0,0.0,0.0,0.0,1.0,0.0,0.0,0.0,0.0,0.0,0.0,0.0,0.0,0.0,0.0,0.0,0.0,0.0,0.0,0.0,0.0,0.0
4495 MV-SPIV Zic4 Neurod2 Glut_1,0.0,0.1111111111111111,0.0,0.0,0.0,0.0,0.0,0.7777777777777778,0.0,0.0,0.0,0.0,0.0,0.0,0.1111111111111111,0.0,0.0,0.0,0.0,0.0,0.0,0.0,0.0,0.0,0.0
4496 MV-SPIV Zic4 Neurod2 Glut_1,0.0,0.0,0.0,0.0,0.0,0.0,0.0,0.8703703703703703,0.0,0.0,0.0,0.0,0.0,0.0,0.07407407407407407,0.046296296296296294,0.0,0.0,0.0,0.0,0.0,0.0,0.0,0.0,0.009259259259259259
4497 MV-SPIV Zic4 Neurod2 Glut_1,0.0,0.2,0.0,0.0,0.0,0.0,0.0,0.8,0.0,0.0,0.0,0.0,0.0,0.0,0.0,0.0,0.0,0.0,0.0,0.0,0.0,0.0,0.0,0.0,0.0
4498 MV-SPIV Zic4 Neurod2 Glut_1,0.0,0.0,0.0,0.0,0.0,0.0,0.0,0.9591836734693877,0.0,0.0,0.0,0.0,0.0,0.0,0.0,0.0,0.0,0.02040816326530612,0.0,0.0,0.0,0.0,0.0,0.0,0.02040816326530612
4499 MV-SPIV Zic4 Neurod2 Glut_2,0.0,0.6666666666666666,0.0,0.0,0.0,0.0,0.0,0.3333333333333333,0.0,0.0,0.0,0.0,0.0,0.0,0.0,0.0,0.0,0.0,0.0,0.0,0.0,0.0,0.0,0.0,0.0
4500 MV-SPIV Zic4 Neurod2 Glut_2,0.0,0.0,0.0,0.0,0.0,0.0,0.0,1.0,0.0,0.0,0.0,0.0,0.0,0.0,0.0,0.0,0.0,0.0,0.0,0.0,0.0,0.0,0.0,0.0,0.0
4501 MV-SPIV Zic4 Neurod2 Glut_2,0.0,0.2,0.0,0.0,0.0,0.0,0.0,0.4,0.0,0.0,0.0,0.0,0.0,0.0,0.1,0.3,0.0,0.0,0.0,0.0,0.0,0.0,0.0,0.0,0.0
4502 MV-SPIV Zic4 Neurod2 Glut_2,0.0,0.038461538461538464,0.0,0.0,0.0,0.0,0.0,0.8846153846153846,0.0,0.0,0.0,0.0,0.0,0.0,0.07692307692307693,0.0,0.0,0.0,0.0,0.0,0.0,0.0,0.0,0.0,0.0
4503 MV-SPIV Zic4 Neurod2 Glut_2,0.0,0.0,0.0,0.0,0.0,0.0,0.0,0.8387096774193549,0.0,0.0,0.0,0.0,0.0,0.0,0.0967741935483871,0.06451612903225806,0.0,0.0,0.0,0.0,0.0,0.0,0.0,0.0,0.0
4504 MV-SPIV Zic4 Neurod2 Glut_2,0.0,0.0,0.0,0.0,0.0,0.0,0.0,0.6666666666666666,0.0,0.0,0.0,0.0,0.0,0.0,0.26666666666666666,0.06666666666666667,0.0,0.0,0.0,0.0,0.0,0.0,0.0,0.0,0.0
4505 MV-SPIV Zic4 Neurod2 Glut_3,0.0,0.05217391304347826,0.0,0.0,0.0,0.0,0.0,0.6840579710144927,0.0,0.002898550724637681,0.0,0.0,0.0,0.0,0.1565217391304348,0.03768115942028986,0.0,0.05217391304347826,0.014492753623188406,0.0,0.0,0.0,0.0,0.0,0.0
4506 MV-SPIV Zic4 Neurod2 Glut_3,0.0,0.0,0.0,0.0,0.0,0.0,0.0,0.7777777777777778,0.0,0.0,0.0,0.0,0.0,0.0,0.16666666666666666,0.05555555555555555,0.0,0.0,0.0,0.0,0.0,0.0,0.0,0.0,0.0
4507 MV-SPIV Zic4 Neurod2 Glut_3,0.0,0.038461538461538464,0.0,0.0,0.0,0.0,0.0,0.46153846153846156,0.0,0.0,0.0,0.0,0.0,0.0,0.34615384615384615,0.11538461538461539,0.0,0.038461538461538464,0.0,0.0,0.0,0.0,0.0,0.0,0.0
4508 MV-SPIV Zic4 Neurod2 Glut_3,0.0,0.0,0.0,0.0,0.0,0.0,0.0,0.6111111111111112,0.0,0.0,0.0,0.0,0.0,0.0,0.25925925925925924,0.12962962962962962,0.0,0.0,0.0,0.0,0.0,0.0,0.0,0.0,0.0
4509 MV-SPIV Zic4 Neurod2 Glut_3,0.0,0.02702702702702703,0.0,0.0,0.0,0.0,0.0,0.7567567567567568,0.0,0.0,0.0,0.0,0.0,0.0,0.1891891891891892,0.0,0.0,0.02702702702702703,0.0,0.0,0.0,0.0,0.0,0.0,0.0
4510 MV-SPIV Zic4 Neurod2 Glut_3,0.0,0.028985507246376812,0.0,0.0,0.0,0.0,0.0,0.4927536231884058,0.0,0.0,0.0,0.0,0.0,0.0,0.13043478260869565,0.2753623188405797,0.0,0.014492753623188406,0.057971014492753624,0.0,0.0,0.0,0.0,0.0,0.0
4511 MV-SPIV Zic4 Neurod2 Glut_4,0.0,0.0,0.0,0.0,0.0,0.0,0.0,0.86,0.0,0.0,0.0,0.0,0.0,0.0,0.12,0.02,0.0,0.0,0.0,0.0,0.0,0.0,0.0,0.0,0.0
4512 MV-SPIV Zic4 Neurod2 Glut_4,0.0,0.0,0.0,0.0,0.0,0.0,0.0,0.8823529411764706,0.0,0.0,0.0,0.0,0.0,0.0,0.0,0.11764705882352941,0.0,0.0,0.0,0.0,0.0,0.0,0.0,0.0,0.0
4513 MV-SPIV Zic4 Neurod2 Glut_4,0.0,0.0,0.0,0.0,0.0,0.0,0.0,0.8928571428571429,0.0,0.0,0.0,0.0,0.0,0.0,0.07142857142857142,0.03571428571428571,0.0,0.0,0.0,0.0,0.0,0.0,0.0,0.0,0.0
4514 MV-SPIV Zic4 Neurod2 Glut_4,0.0,0.0,0.0,0.0,0.0,0.0,0.0,0.8076923076923077,0.0,0.0,0.0,0.0,0.0,0.0,0.07692307692307693,0.11538461538461539,0.0,0.0,0.0,0.0,0.0,0.0,0.0,0.0,0.0
4515 MV-SPIV Zic4 Neurod2 Glut_5,0.0,0.0,0.0,0.0,0.0,0.0,0.0,0.7142857142857143,0.0,0.0,0.0,0.0,0.0,0.0,0.0,0.0,0.0,0.2857142857142857,0.0,0.0,0.0,0.0,0.0,0.0,0.0
4516 MV-SPIV Zic4 Neurod2 Glut_5,0.0,0.04,0.0,0.0,0.0,0.0,0.02,0.72,0.0,0.0,0.0,0.0,0.0,0.0,0.1,0.02,0.0,0.1,0.0,0.0,0.0,0.0,0.0,0.0,0.0
4518 NTS Aldh1a2 Glut_1,0.0,0.0,0.0,0.0,0.0,0.0,0.0,1.0,0.0,0.0,0.0,0.0,0.0,0.0,0.0,0.0,0.0,0.0,0.0,0.0,0.0,0.0,0.0,0.0,0.0
4520 NTS Aldh1a2 Glut_1,0.0,0.0,0.0,0.0,0.0,0.0,0.0,1.0,0.0,0.0,0.0,0.0,0.0,0.0,0.0,0.0,0.0,0.0,0.0,0.0,0.0,0.0,0.0,0.0,0.0
4521 CBN Neurod2 Pvalb Glut_1,0.0,0.4244131455399061,0.0,0.0,0.005633802816901409,0.0,0.05821596244131456,0.1539906103286385,0.0,0.01784037558685446,0.0,0.0,0.0,0.0,0.01971830985915493,0.0018779342723004694,0.0,0.3154929577464789,0.0018779342723004694,0.0009389671361502347,0.0,0.0,0.0,0.0,0.0
4522 CBN Neurod2 Pvalb Glut_1,0.0,0.4868421052631579,0.0,0.0,0.0,0.0,0.006578947368421052,0.23684210526315788,0.0,0.07236842105263158,0.0,0.0,0.0,0.0,0.019736842105263157,0.0,0.0,0.17763157894736842,0.0,0.0,0.0,0.0,0.0,0.0,0.0
4523 CBN Neurod2 Pvalb Glut_1,0.0,0.6944444444444444,0.0,0.0,0.0,0.0,0.1111111111111111,0.16666666666666666,0.0,0.0,0.0,0.0,0.0,0.0,0.027777777777777776,0.0,0.0,0.0,0.0,0.0,0.0,0.0,0.0,0.0,0.0
4524 CBN Neurod2 Pvalb Glut_1,0.0,0.527114967462039,0.0,0.0,0.0,0.0,0.008676789587852495,0.028199566160520606,0.0,0.004338394793926247,0.0,0.0,0.0,0.0,0.0021691973969631237,0.0021691973969631237,0.0,0.42733188720173537,0.0,0.0,0.0,0.0,0.0,0.0,0.0
4526 NTS Dbh Glut_1,0.0,1.0,0.0,0.0,0.0,0.0,0.0,0.0,0.0,0.0,0.0,0.0,0.0,0.0,0.0,0.0,0.0,0.0,0.0,0.0,0.0,0.0,0.0,0.0,0.0
4527 NTS Dbh Glut_1,0.0,0.6176470588235294,0.0,0.0,0.0,0.0,0.0,0.35294117647058826,0.0,0.0,0.0,0.0,0.0,0.0,0.0,0.0,0.029411764705882353,0.0,0.0,0.0,0.0,0.0,0.0,0.0,0.0
4528 NTS Dbh Glut_1,0.0,0.3333333333333333,0.0,0.0,0.0,0.0,0.0,0.6666666666666666,0.0,0.0,0.0,0.0,0.0,0.0,0.0,0.0,0.0,0.0,0.0,0.0,0.0,0.0,0.0,0.0,0.0
4529 NTS Dbh Glut_1,0.0,0.5555555555555556,0.0,0.0,0.0,0.0,0.0,0.3333333333333333,0.0,0.0,0.0,0.0,0.0,0.0,0.0,0.0,0.1111111111111111,0.0,0.0,0.0,0.0,0.0,0.0,0.0,0.0
4531 NTS Dbh Glut_1,0.0,0.0,0.0,0.0,0.0,0.0,0.0,0.0,0.0,0.0,0.0,0.0,0.0,0.0,0.0,0.0,1.0,0.0,0.0,0.0,0.0,0.0,0.0,0.0,0.0
4533 NTS Dbh Glut_2,0.0,0.0,0.0,0.0,0.0,0.0,0.0,0.8666666666666667,0.0,0.06666666666666667,0.0,0.0,0.0,0.0,0.0,0.0,0.0,0.0,0.0,0.06666666666666667,0.0,0.0,0.0,0.0,0.0
4534 NTS Dbh Glut_2,0.0,0.015384615384615385,0.0,0.0,0.0,0.0,0.0,0.8615384615384616,0.0,0.007692307692307693,0.0,0.0,0.0,0.0,0.0,0.015384615384615385,0.0,0.023076923076923078,0.007692307692307693,0.06923076923076923,0.0,0.0,0.0,0.0,0.0
4535 NTS Dbh Glut_2,0.0,0.038461538461538464,0.0,0.0,0.0,0.0,0.0,0.8846153846153846,0.0,0.057692307692307696,0.0,0.0,0.0,0.0,0.0,0.0,0.0,0.0,0.0,0.019230769230769232,0.0,0.0,0.0,0.0,0.0
4536 NTS Dbh Glut_2,0.0,0.03571428571428571,0.0,0.0,0.0,0.0,0.0,0.7857142857142857,0.0,0.0,0.0,0.0,0.0,0.0,0.0,0.0,0.10714285714285714,0.0,0.03571428571428571,0.03571428571428571,0.0,0.0,0.0,0.0,0.0
4537 NTS Dbh Glut_2,0.0,0.0,0.0,0.0,0.0,0.0,0.0,0.9375,0.0,0.0,0.0,0.0,0.0,0.0,0.0,0.0,0.0625,0.0,0.0,0.0,0.0,0.0,0.0,0.0,0.0
4538 NTS Dbh Glut_2,0.0,0.1111111111111111,0.0,0.0,0.0,0.0,0.0,0.8888888888888888,0.0,0.0,0.0,0.0,0.0,0.0,0.0,0.0,0.0,0.0,0.0,0.0,0.0,0.0,0.0,0.0,0.0
4539 NTS Dbh Glut_2,0.0,0.0,0.0,0.0,0.0,0.0,0.0,1.0,0.0,0.0,0.0,0.0,0.0,0.0,0.0,0.0,0.0,0.0,0.0,0.0,0.0,0.0,0.0,0.0,0.0
4540 NTS Dbh Glut_2,0.0,0.0,0.0,0.0,0.0,0.0,0.0,1.0,0.0,0.0,0.0,0.0,0.0,0.0,0.0,0.0,0.0,0.0,0.0,0.0,0.0,0.0,0.0,0.0,0.0
4541 NTS Dbh Glut_2,0.0,0.5263157894736842,0.0,0.0,0.0,0.0,0.0,0.42105263157894735,0.0,0.0,0.0,0.0,0.0,0.0,0.0,0.0,0.05263157894736842,0.0,0.0,0.0,0.0,0.0,0.0,0.0,0.0
4542 NTS Dbh Glut_3,0.0,0.375,0.0,0.0,0.0,0.0,0.0,0.25,0.0,0.0,0.0,0.0,0.0,0.0,0.0,0.0,0.25,0.0,0.125,0.0,0.0,0.0,0.0,0.0,0.0
4543 NTS Dbh Glut_3,0.0,0.6666666666666666,0.0,0.0,0.0,0.0,0.0,0.3333333333333333,0.0,0.0,0.0,0.0,0.0,0.0,0.0,0.0,0.0,0.0,0.0,0.0,0.0,0.0,0.0,0.0,0.0
4545 NTS Dbh Glut_3,0.0,0.0,0.0,0.0,0.0,0.0,0.0,0.8,0.0,0.0,0.0,0.0,0.0,0.0,0.0,0.0,0.2,0.0,0.0,0.0,0.0,0.0,0.0,0.0,0.0
4546 NTS Dbh Glut_3,0.0,0.2558139534883721,0.0,0.0,0.0,0.0,0.0,0.5116279069767442,0.0,0.0,0.0,0.0,0.0,0.0,0.0,0.0,0.23255813953488372,0.0,0.0,0.0,0.0,0.0,0.0,0.0,0.0
4547 NTS Dbh Glut_4,0.0,0.013888888888888888,0.0,0.0,0.0,0.0,0.16666666666666666,0.027777777777777776,0.0,0.7083333333333334,0.0,0.0,0.0,0.0,0.0,0.0,0.027777777777777776,0.05555555555555555,0.0,0.0,0.0,0.0,0.0,0.0,0.0
4548 NTS Dbh Glut_4,0.0,0.004219409282700422,0.0,0.0,0.0,0.0,0.02109704641350211,0.08227848101265822,0.0,0.8713080168776371,0.0,0.0,0.0,0.0,0.0,0.002109704641350211,0.004219409282700422,0.006329113924050633,0.004219409282700422,0.004219409282700422,0.0,0.0,0.0,0.0,0.0
4549 NTS Dbh Glut_5,0.0,0.3333333333333333,0.0,0.0,0.0,0.0,0.0,0.3333333333333333,0.0,0.0,0.0,0.0,0.0,0.0,0.0,0.0,0.3333333333333333,0.0,0.0,0.0,0.0,0.0,0.0,0.0,0.0
4550 NTS Dbh Glut_6,0.0,0.0,0.0,0.0,0.0,0.0,0.0,1.0,0.0,0.0,0.0,0.0,0.0,0.0,0.0,0.0,0.0,0.0,0.0,0.0,0.0,0.0,0.0,0.0,0.0
4551 DMX VII Tbx20 Chol_1,0.0,0.0,0.0,0.0,0.0,0.0,0.0,1.0,0.0,0.0,0.0,0.0,0.0,0.0,0.0,0.0,0.0,0.0,0.0,0.0,0.0,0.0,0.0,0.0,0.0
4552 DMX VII Tbx20 Chol_1,0.0,0.0,0.0,0.0,0.0,0.0,0.0,0.9789473684210527,0.0,0.0,0.0,0.0,0.0,0.0,0.010526315789473684,0.0,0.010526315789473684,0.0,0.0,0.0,0.0,0.0,0.0,0.0,0.0
4553 DMX VII Tbx20 Chol_1,0.0,0.0,0.0,0.0,0.0,0.0,0.0,0.9318181818181818,0.0,0.0,0.0,0.0,0.0,0.0,0.022727272727272728,0.0,0.045454545454545456,0.0,0.0,0.0,0.0,0.0,0.0,0.0,0.0
4554 DMX VII Tbx20 Chol_1,0.0,0.0,0.0,0.0,0.0,0.0,0.0,0.9864864864864865,0.0,0.013513513513513514,0.0,0.0,0.0,0.0,0.0,0.0,0.0,0.0,0.0,0.0,0.0,0.0,0.0,0.0,0.0
4555 DMX VII Tbx20 Chol_1,0.0,0.0,0.0,0.0,0.0,0.0,0.0,0.94,0.0,0.01,0.0,0.0,0.0,0.0,0.01,0.01,0.03,0.0,0.0,0.0,0.0,0.0,0.0,0.0,0.0
4556 DMX VII Tbx20 Chol_2,0.0,0.0,0.0,0.0,0.0,0.0,0.0,0.05714285714285714,0.0,0.8857142857142857,0.0,0.0,0.0,0.0,0.0,0.0,0.0,0.0,0.0,0.05714285714285714,0.0,0.0,0.0,0.0,0.0
4557 IO Fgl2 Glut_1,0.0,0.0,0.0,0.0,0.0,0.0,0.0,0.8774089935760171,0.0,0.0,0.0,0.0,0.0,0.0,0.0,0.0,0.0,0.0,0.0,0.009100642398286937,0.0,0.11081370449678801,0.0,0.0,0.0026766595289079227
4558 VCO Mafa Meis2 Glut_1,0.0,0.22437673130193905,0.0,0.0,0.0,0.0,0.0,0.6509695290858726,0.0,0.002770083102493075,0.0,0.0,0.0,0.0,0.04709141274238227,0.027700831024930747,0.008310249307479225,0.0221606648199446,0.002770083102493075,0.0,0.0,0.0,0.0,0.0,0.013850415512465374
4559 VCO Mafa Meis2 Glut_1,0.0,0.3203125,0.0,0.0,0.0,0.0,0.0,0.578125,0.0,0.0,0.0,0.0,0.0,0.0,0.03125,0.046875,0.0,0.015625,0.0,0.0,0.0,0.0,0.0,0.0,0.0078125
4560 VCO Mafa Meis2 Glut_1,0.0,0.7095709570957096,0.0,0.0,0.0,0.0,0.0,0.16501650165016502,0.0,0.009900990099009901,0.0,0.0,0.0,0.0,0.0,0.0033003300330033004,0.0033003300330033004,0.0924092409240924,0.0165016501650165,0.0,0.0,0.0,0.0,0.0,0.0
4561 VCO Mafa Meis2 Glut_2,0.0,0.2162948593598448,0.0,0.0,0.0,0.0,0.01842870999030068,0.6547041707080504,0.0,0.02521823472356935,0.0,0.0,0.0,0.0,0.013579049466537343,0.014548981571290009,0.0,0.026188166828322017,0.028128031037827354,0.0,0.0,0.0,0.0,0.0,0.002909796314258002
4562 VCO Mafa Meis2 Glut_3,0.0,0.3744493392070485,0.0,0.0,0.0,0.0,0.0,0.5462555066079295,0.0,0.0,0.0,0.0,0.0,0.0,0.030837004405286344,0.022026431718061675,0.0,0.02643171806167401,0.0,0.0,0.0,0.0,0.0,0.0,0.0
4563 VCO Mafa Meis2 Glut_3,0.0,0.6456043956043956,0.0,0.0,0.0,0.0,0.0,0.28296703296703296,0.0,0.01098901098901099,0.0,0.0,0.0,0.0,0.0,0.0,0.0,0.054945054945054944,0.0,0.0,0.0,0.0,0.0,0.0,0.005494505494505495
4564 VCO Mafa Meis2 Glut_3,0.0,0.2730263157894737,0.0,0.0,0.0,0.0,0.0,0.6710526315789473,0.0,0.0,0.0,0.0,0.0,0.0,0.019736842105263157,0.013157894736842105,0.0,0.019736842105263157,0.0,0.0,0.0,0.0,0.0,0.0,0.003289473684210526
4565 VCO Mafa Meis2 Glut_3,0.0,0.5431472081218274,0.0,0.0,0.0,0.0,0.0,0.3401015228426396,0.0,0.03553299492385787,0.0,0.0,0.0,0.0,0.0,0.0,0.0,0.07106598984771574,0.005076142131979695,0.005076142131979695,0.0,0.0,0.0,0.0,0.0
4566 VCO Mafa Meis2 Glut_4,0.0,0.22872340425531915,0.0,0.0,0.0,0.0,0.0,0.4787234042553192,0.0,0.03723404255319149,0.0,0.0,0.0,0.0,0.12234042553191489,0.0,0.0,0.13297872340425532,0.0,0.0,0.0,0.0,0.0,0.0,0.0
4567 SPVO Mafa Meis2 Glut_1,0.0,0.0,0.0,0.0,0.0,0.0,0.0,0.7552447552447552,0.0,0.03263403263403263,0.0,0.0,0.0,0.0,0.0,0.0,0.0,0.002331002331002331,0.20745920745920746,0.002331002331002331,0.0,0.0,0.0,0.0,0.0
4568 SPVO Mafa Meis2 Glut_1,0.0,0.0,0.0,0.0,0.0,0.0,0.0,0.6258992805755396,0.0,0.2446043165467626,0.0,0.0,0.0,0.0,0.0,0.0,0.0,0.0,0.12949640287769784,0.0,0.0,0.0,0.0,0.0,0.0
4569 SPVC Mafa Glut_1,0.0,0.0,0.0,0.0,0.0,0.0,0.0,1.0,0.0,0.0,0.0,0.0,0.0,0.0,0.0,0.0,0.0,0.0,0.0,0.0,0.0,0.0,0.0,0.0,0.0
4571 SPVC Mafa Glut_1,0.0,0.0,0.0,0.0,0.0,0.0,0.0,1.0,0.0,0.0,0.0,0.0,0.0,0.0,0.0,0.0,0.0,0.0,0.0,0.0,0.0,0.0,0.0,0.0,0.0
4572 SPVC Mafa Glut_1,0.0,0.0,0.0,0.0,0.0,0.0,0.0,1.0,0.0,0.0,0.0,0.0,0.0,0.0,0.0,0.0,0.0,0.0,0.0,0.0,0.0,0.0,0.0,0.0,0.0
4573 SPVC Mafa Glut_1,0.0,0.0,0.0,0.0,0.0,0.0,0.0,1.0,0.0,0.0,0.0,0.0,0.0,0.0,0.0,0.0,0.0,0.0,0.0,0.0,0.0,0.0,0.0,0.0,0.0
4574 SPVC Mafa Glut_2,0.0,0.0,0.0,0.0,0.0,0.0,0.0,0.8767123287671232,0.0,0.0273972602739726,0.0,0.0,0.0,0.0,0.0,0.0,0.0,0.0,0.0958904109589041,0.0,0.0,0.0,0.0,0.0,0.0
4575 SPVC Mafa Glut_2,0.0,0.0,0.0,0.0,0.0,0.0,0.0,0.75,0.0,0.0,0.0,0.0,0.0,0.0,0.0,0.0,0.0,0.0,0.25,0.0,0.0,0.0,0.0,0.0,0.0
4576 SPVC Mafa Glut_2,0.0,0.0,0.0,0.0,0.0,0.0,0.0,0.9743589743589743,0.0,0.0,0.0,0.0,0.0,0.0,0.0,0.0,0.0,0.0,0.02564102564102564,0.0,0.0,0.0,0.0,0.0,0.0
4577 SPVC Mafa Glut_2,0.0,0.0,0.0,0.0,0.0,0.0,0.0,1.0,0.0,0.0,0.0,0.0,0.0,0.0,0.0,0.0,0.0,0.0,0.0,0.0,0.0,0.0,0.0,0.0,0.0
4578 SPVC Ccdc172 Glut_1,0.0,0.0,0.0,0.0,0.0,0.0,0.0,0.2,0.0,0.0,0.0,0.0,0.0,0.0,0.0,0.0,0.0,0.0,0.0,0.0,0.0,0.0,0.0,0.0,0.8
4580 SPVC Ccdc172 Glut_1,0.0,0.0,0.0,0.0,0.0,0.0,0.0,0.0,0.0,0.0,0.0,0.0,0.0,0.0,0.0,0.0,0.0,0.0,0.0,0.0,0.0,0.0,0.0,0.0,1.0
4581 SPVC Ccdc172 Glut_1,0.0,1.0,0.0,0.0,0.0,0.0,0.0,0.0,0.0,0.0,0.0,0.0,0.0,0.0,0.0,0.0,0.0,0.0,0.0,0.0,0.0,0.0,0.0,0.0,0.0
4582 SPVC Ccdc172 Glut_1,0.0,0.0,0.0,0.0,0.0,0.0,0.0,0.75,0.0,0.0,0.0,0.0,0.0,0.0,0.0,0.0,0.0,0.0,0.125,0.0,0.0,0.0,0.0,0.0,0.125
4584 SPVC Ccdc172 Glut_1,0.0,0.25,0.0,0.0,0.0,0.0,0.0,0.5,0.0,0.0,0.0,0.0,0.0,0.0,0.0,0.0,0.0,0.0,0.0,0.0,0.0,0.0,0.0,0.0,0.25
4585 SPVC Ccdc172 Glut_1,0.0,0.0,0.0,0.0,0.0,0.0,0.0,0.5,0.0,0.0,0.0,0.0,0.0,0.0,0.0,0.0,0.0,0.0,0.5,0.0,0.0,0.0,0.0,0.0,0.0
4587 SPVC Nmu Glut_1,0.0,0.0,0.0,0.0,0.0,0.0,0.0,0.5,0.0,0.0,0.0,0.0,0.0,0.0,0.0,0.0,0.5,0.0,0.0,0.0,0.0,0.0,0.0,0.0,0.0
4590 SPVC Nmu Glut_1,0.0,0.0,0.0,0.0,0.0,0.0,0.0,1.0,0.0,0.0,0.0,0.0,0.0,0.0,0.0,0.0,0.0,0.0,0.0,0.0,0.0,0.0,0.0,0.0,0.0
4591 SPVC Nmu Glut_1,0.0,0.0,0.0,0.0,0.0,0.0,0.0,0.8,0.0,0.0,0.0,0.0,0.0,0.0,0.0,0.0,0.0,0.0,0.2,0.0,0.0,0.0,0.0,0.0,0.0
4592 SPVC Nmu Glut_2,0.0,0.0,0.0,0.0,0.0,0.0,0.0,1.0,0.0,0.0,0.0,0.0,0.0,0.0,0.0,0.0,0.0,0.0,0.0,0.0,0.0,0.0,0.0,0.0,0.0
4593 SPVC Nmu Glut_2,0.0,0.0,0.0,0.0,0.0,0.0,0.0,1.0,0.0,0.0,0.0,0.0,0.0,0.0,0.0,0.0,0.0,0.0,0.0,0.0,0.0,0.0,0.0,0.0,0.0
4594 MDRNd Bves Glut_1,0.0,0.0,0.0,0.0,0.0,0.0,0.0,1.0,0.0,0.0,0.0,0.0,0.0,0.0,0.0,0.0,0.0,0.0,0.0,0.0,0.0,0.0,0.0,0.0,0.0
4595 MDRNd Bves Glut_1,0.0,0.0,0.0,0.0,0.0,0.0,0.0,1.0,0.0,0.0,0.0,0.0,0.0,0.0,0.0,0.0,0.0,0.0,0.0,0.0,0.0,0.0,0.0,0.0,0.0
4596 MDRNd Bves Glut_1,0.0,0.0,0.0,0.0,0.0,0.0,0.0,1.0,0.0,0.0,0.0,0.0,0.0,0.0,0.0,0.0,0.0,0.0,0.0,0.0,0.0,0.0,0.0,0.0,0.0
4597 MDRNv Crp Glut_1,0.0,0.0,0.0,0.0,0.0,0.0,0.0,1.0,0.0,0.0,0.0,0.0,0.0,0.0,0.0,0.0,0.0,0.0,0.0,0.0,0.0,0.0,0.0,0.0,0.0
4598 MDRNv Crp Glut_1,0.0,0.0,0.0,0.0,0.0,0.0,0.0,1.0,0.0,0.0,0.0,0.0,0.0,0.0,0.0,0.0,0.0,0.0,0.0,0.0,0.0,0.0,0.0,0.0,0.0
4599 MDRNv Crp Glut_1,0.0,0.0,0.0,0.0,0.0,0.0,0.0,1.0,0.0,0.0,0.0,0.0,0.0,0.0,0.0,0.0,0.0,0.0,0.0,0.0,0.0,0.0,0.0,0.0,0.0
4600 MDRNv Crp Glut_1,0.0,0.0,0.0,0.0,0.0,0.0,0.0,1.0,0.0,0.0,0.0,0.0,0.0,0.0,0.0,0.0,0.0,0.0,0.0,0.0,0.0,0.0,0.0,0.0,0.0
4601 HB Calcb Chol_1,0.0,0.0,0.0,0.0,0.0,0.0,0.0,0.14285714285714285,0.0,0.8571428571428571,0.0,0.0,0.0,0.0,0.0,0.0,0.0,0.0,0.0,0.0,0.0,0.0,0.0,0.0,0.0
4602 HB Calcb Chol_2,0.0,0.0,0.0,0.0,0.0,0.0,0.7355371900826446,0.1652892561983471,0.0,0.008264462809917356,0.0,0.0,0.0,0.0,0.0,0.0,0.0,0.0,0.0743801652892562,0.008264462809917356,0.0,0.0,0.008264462809917356,0.0,0.0
4603 HB Calcb Chol_3,0.0,0.0,0.0,0.0,0.0,0.0,0.007342143906020558,0.1894273127753304,0.0,0.8002936857562408,0.0,0.0,0.0,0.0,0.0,0.0,0.0,0.0,0.002936857562408223,0.0,0.0,0.0,0.0,0.0,0.0
4604 HB Calcb Chol_4,0.0,0.0,0.0,0.0,0.0,0.0,0.0,0.9096459096459096,0.0,0.08180708180708181,0.0,0.0,0.0,0.0,0.0,0.0,0.0,0.0,0.002442002442002442,0.006105006105006105,0.0,0.0,0.0,0.0,0.0
4605 HB Calcb Chol_5,0.0,0.0,0.0,0.0,0.0,0.0,0.006535947712418301,0.9869281045751634,0.0,0.006535947712418301,0.0,0.0,0.0,0.0,0.0,0.0,0.0,0.0,0.0,0.0,0.0,0.0,0.0,0.0,0.0
4606 Pineal Crx Glut_1,0.0,0.0,0.0,0.0,0.0,0.0,0.0,0.0,0.0,0.0,0.0,0.0,0.0,0.38095238095238093,0.0,0.0,0.0,0.0,0.0,0.0,0.0,0.0,0.047619047619047616,0.0,0.5714285714285714
4607 CS-RPO Meis2 Gaba_1,0.0,0.0,0.0,0.0,0.0,0.0,0.07547169811320754,0.0,0.0,0.9245283018867925,0.0,0.0,0.0,0.0,0.0,0.0,0.0,0.0,0.0,0.0,0.0,0.0,0.0,0.0,0.0
4608 CS-RPO Meis2 Gaba_1,0.0,0.0,0.0,0.0,0.0,0.0,0.0547945205479452,0.0,0.0,0.9041095890410958,0.0,0.0,0.0,0.0,0.0,0.0,0.0,0.0,0.0,0.0410958904109589,0.0,0.0,0.0,0.0,0.0
4609 CS-RPO Meis2 Gaba_1,0.0,0.0,0.0,0.0,0.0,0.0,0.011904761904761904,0.0,0.0,0.9880952380952381,0.0,0.0,0.0,0.0,0.0,0.0,0.0,0.0,0.0,0.0,0.0,0.0,0.0,0.0,0.0
4610 CS-RPO Meis2 Gaba_1,0.0,0.0,0.0,0.0,0.0,0.0,0.0,0.0,0.0,1.0,0.0,0.0,0.0,0.0,0.0,0.0,0.0,0.0,0.0,0.0,0.0,0.0,0.0,0.0,0.0
4611 CS-RPO Meis2 Gaba_1,0.0,0.0,0.0,0.0,0.0,0.0,0.0,0.0,0.0,1.0,0.0,0.0,0.0,0.0,0.0,0.0,0.0,0.0,0.0,0.0,0.0,0.0,0.0,0.0,0.0
4612 CS-RPO Meis2 Gaba_1,0.0,0.0,0.0,0.0,0.0,0.0,0.0,0.6666666666666666,0.0,0.1111111111111111,0.0,0.0,0.0,0.0,0.0,0.0,0.0,0.2222222222222222,0.0,0.0,0.0,0.0,0.0,0.0,0.0
4613 CS-RPO Meis2 Gaba_2,0.0,0.0,0.0,0.0,0.0,0.0,0.34615384615384615,0.0,0.0,0.6538461538461539,0.0,0.0,0.0,0.0,0.0,0.0,0.0,0.0,0.0,0.0,0.0,0.0,0.0,0.0,0.0
4614 CS-RPO Meis2 Gaba_2,0.0,0.0,0.0,0.0,0.0,0.0,0.0,0.0,0.0,0.9523809523809523,0.0,0.0,0.0,0.0,0.0,0.0,0.0,0.0,0.047619047619047616,0.0,0.0,0.0,0.0,0.0,0.0
4615 CS-RPO Meis2 Gaba_2,0.0,0.0,0.0,0.0,0.0,0.0,0.043478260869565216,0.0,0.0,0.9565217391304348,0.0,0.0,0.0,0.0,0.0,0.0,0.0,0.0,0.0,0.0,0.0,0.0,0.0,0.0,0.0
4616 CS-RPO Meis2 Gaba_2,0.0,0.0,0.0,0.0,0.0,0.0,0.07692307692307693,0.0,0.0,0.8846153846153846,0.0,0.0,0.0,0.0,0.0,0.0,0.0,0.0,0.019230769230769232,0.019230769230769232,0.0,0.0,0.0,0.0,0.0
4617 CS-RPO Meis2 Gaba_2,0.0,0.0,0.0,0.0,0.0,0.0,0.0,0.0,0.0,1.0,0.0,0.0,0.0,0.0,0.0,0.0,0.0,0.0,0.0,0.0,0.0,0.0,0.0,0.0,0.0
4618 CS-RPO Meis2 Gaba_3,0.0,0.0,0.0,0.0,0.0,0.0,0.0,0.022222222222222223,0.0,0.9333333333333333,0.0,0.0,0.0,0.0,0.03333333333333333,0.0,0.0,0.0,0.011111111111111112,0.0,0.0,0.0,0.0,0.0,0.0
4619 CS-RPO Meis2 Gaba_3,0.0,0.0,0.0,0.0,0.0,0.0,0.7636363636363637,0.0,0.0,0.23636363636363636,0.0,0.0,0.0,0.0,0.0,0.0,0.0,0.0,0.0,0.0,0.0,0.0,0.0,0.0,0.0
4620 CS-RPO Meis2 Gaba_3,0.0,0.0,0.0,0.0,0.0,0.0,0.13043478260869565,0.0,0.0,0.8695652173913043,0.0,0.0,0.0,0.0,0.0,0.0,0.0,0.0,0.0,0.0,0.0,0.0,0.0,0.0,0.0
4621 CS-RPO Meis2 Gaba_3,0.0,0.0,0.0,0.0,0.0,0.0,0.10256410256410256,0.0,0.0,0.8974358974358975,0.0,0.0,0.0,0.0,0.0,0.0,0.0,0.0,0.0,0.0,0.0,0.0,0.0,0.0,0.0
4622 CS-RPO Meis2 Gaba_4,0.0,0.0,0.0,0.0,0.0,0.0,0.012195121951219513,0.0,0.0,0.9878048780487805,0.0,0.0,0.0,0.0,0.0,0.0,0.0,0.0,0.0,0.0,0.0,0.0,0.0,0.0,0.0
4623 CS-RPO Meis2 Gaba_4,0.0,0.0,0.0,0.0,0.0,0.0,0.0,0.0,0.0,1.0,0.0,0.0,0.0,0.0,0.0,0.0,0.0,0.0,0.0,0.0,0.0,0.0,0.0,0.0,0.0
4624 CS-RPO Meis2 Gaba_4,0.0,0.0,0.0,0.0,0.0,0.0,0.4444444444444444,0.0,0.0,0.5555555555555556,0.0,0.0,0.0,0.0,0.0,0.0,0.0,0.0,0.0,0.0,0.0,0.0,0.0,0.0,0.0
4625 CS-RPO Meis2 Gaba_4,0.0,0.0,0.0,0.0,0.0,0.0,0.08602150537634409,0.0,0.0,0.9032258064516129,0.0,0.0,0.0,0.0,0.0,0.0,0.010752688172043012,0.0,0.0,0.0,0.0,0.0,0.0,0.0,0.0
4626 CS-RPO Meis2 Gaba_4,0.0,0.0,0.0,0.0,0.0,0.0,0.0,0.0,0.0,1.0,0.0,0.0,0.0,0.0,0.0,0.0,0.0,0.0,0.0,0.0,0.0,0.0,0.0,0.0,0.0
4627 CS-RPO Meis2 Gaba_4,0.0,0.0,0.0,0.0,0.0,0.0,0.2727272727272727,0.0,0.0,0.7272727272727273,0.0,0.0,0.0,0.0,0.0,0.0,0.0,0.0,0.0,0.0,0.0,0.0,0.0,0.0,0.0
4628 CS-RPO Meis2 Gaba_5,0.0,0.0,0.0,0.0,0.0,0.0,0.0,0.027777777777777776,0.0,0.9166666666666666,0.0,0.0,0.0,0.0,0.0,0.0,0.0,0.0,0.027777777777777776,0.027777777777777776,0.0,0.0,0.0,0.0,0.0
4629 CS-RPO Meis2 Gaba_5,0.0,0.0,0.0,0.0,0.0,0.0,0.0,0.0,0.0,1.0,0.0,0.0,0.0,0.0,0.0,0.0,0.0,0.0,0.0,0.0,0.0,0.0,0.0,0.0,0.0
4630 CS-RPO Meis2 Gaba_5,0.0,0.0,0.0,0.0,0.0,0.0,0.0,0.0,0.0,0.8695652173913043,0.0,0.0,0.0,0.0,0.0,0.0,0.0,0.0,0.13043478260869565,0.0,0.0,0.0,0.0,0.0,0.0
4631 CS-RPO Meis2 Gaba_5,0.0,0.0,0.0,0.0,0.0,0.0,0.0,0.0,0.0,0.9259259259259259,0.0,0.0,0.0,0.0,0.0,0.0,0.0,0.0,0.07407407407407407,0.0,0.0,0.0,0.0,0.0,0.0
4632 CS-RPO Meis2 Gaba_5,0.0,0.0,0.0,0.0,0.0,0.0,0.0,0.017241379310344827,0.0,0.9137931034482759,0.0,0.0,0.0,0.0,0.0,0.0,0.0,0.0,0.0,0.06896551724137931,0.0,0.0,0.0,0.0,0.0
4633 PRNc Otp Gly-Gaba_1,0.0,0.0,0.0,0.0,0.0,0.0,0.0,0.0,0.0,0.9636363636363636,0.0,0.0,0.0,0.0,0.0,0.0,0.0,0.0,0.0,0.03636363636363636,0.0,0.0,0.0,0.0,0.0
4634 PRNc Otp Gly-Gaba_1,0.0,0.0,0.0,0.0,0.0,0.0,0.0,0.14285714285714285,0.0,0.8571428571428571,0.0,0.0,0.0,0.0,0.0,0.0,0.0,0.0,0.0,0.0,0.0,0.0,0.0,0.0,0.0
4635 PRNc Otp Gly-Gaba_1,0.0,0.0,0.0,0.0,0.0,0.0,0.0,0.0,0.0,0.9705882352941176,0.0,0.0,0.0,0.0,0.0,0.0,0.0,0.0,0.029411764705882353,0.0,0.0,0.0,0.0,0.0,0.0
4636 PRNc Otp Gly-Gaba_1,0.0,0.0,0.0,0.0,0.0,0.0,0.0,0.06666666666666667,0.0,0.8888888888888888,0.0,0.0,0.0,0.0,0.0,0.0,0.0,0.0,0.022222222222222223,0.022222222222222223,0.0,0.0,0.0,0.0,0.0
4637 PRNc Otp Gly-Gaba_1,0.0,0.0,0.0,0.0,0.0,0.0,0.0,0.05172413793103448,0.0,0.9482758620689655,0.0,0.0,0.0,0.0,0.0,0.0,0.0,0.0,0.0,0.0,0.0,0.0,0.0,0.0,0.0
4638 PRNc Otp Gly-Gaba_1,0.0,0.0,0.0,0.0,0.0,0.0,0.0,0.0,0.0,0.868421052631579,0.0,0.0,0.0,0.0,0.0,0.0,0.0,0.0,0.13157894736842105,0.0,0.0,0.0,0.0,0.0,0.0
4639 PRNc Otp Gly-Gaba_1,0.0,0.0,0.0,0.0,0.0,0.0,0.0,0.6470588235294118,0.0,0.35294117647058826,0.0,0.0,0.0,0.0,0.0,0.0,0.0,0.0,0.0,0.0,0.0,0.0,0.0,0.0,0.0
4640 PRNc Otp Gly-Gaba_2,0.0,0.0,0.0,0.0,0.0,0.0,0.0,0.3684210526315789,0.0,0.5,0.0,0.0,0.0,0.0,0.0,0.0,0.0,0.0,0.07894736842105263,0.05263157894736842,0.0,0.0,0.0,0.0,0.0
4641 PRNc Otp Gly-Gaba_2,0.0,0.0,0.0,0.0,0.0,0.0,0.1,0.0,0.0,0.9,0.0,0.0,0.0,0.0,0.0,0.0,0.0,0.0,0.0,0.0,0.0,0.0,0.0,0.0,0.0
4642 PRNc Otp Gly-Gaba_2,0.0,0.0,0.0,0.0,0.0,0.0,0.07142857142857142,0.0,0.0,0.9285714285714286,0.0,0.0,0.0,0.0,0.0,0.0,0.0,0.0,0.0,0.0,0.0,0.0,0.0,0.0,0.0
4643 PRNc Otp Gly-Gaba_2,0.0,0.0,0.0,0.0,0.0,0.0,0.0,0.041666666666666664,0.0,0.9583333333333334,0.0,0.0,0.0,0.0,0.0,0.0,0.0,0.0,0.0,0.0,0.0,0.0,0.0,0.0,0.0
4644 PRNc Otp Gly-Gaba_2,0.0,0.0,0.0,0.0,0.0,0.0,0.02040816326530612,0.0,0.0,0.9795918367346939,0.0,0.0,0.0,0.0,0.0,0.0,0.0,0.0,0.0,0.0,0.0,0.0,0.0,0.0,0.0
4645 PRNc Otp Gly-Gaba_2,0.0,0.0,0.0,0.0,0.0,0.0,0.0,0.0,0.0,0.8709677419354839,0.0,0.0,0.0,0.0,0.0,0.0,0.0,0.0,0.0967741935483871,0.0,0.0,0.03225806451612903,0.0,0.0,0.0
4646 PRNc Otp Gly-Gaba_2,0.0,0.0,0.0,0.0,0.0,0.0,0.0,0.04054054054054054,0.0,0.918918918918919,0.0,0.0,0.0,0.0,0.0,0.0,0.0,0.0,0.013513513513513514,0.02702702702702703,0.0,0.0,0.0,0.0,0.0
4647 PRNc Otp Gly-Gaba_3,0.0,0.0,0.0,0.0,0.0,0.0,0.015151515151515152,0.0,0.0,0.9848484848484849,0.0,0.0,0.0,0.0,0.0,0.0,0.0,0.0,0.0,0.0,0.0,0.0,0.0,0.0,0.0
4648 PRNc Otp Gly-Gaba_3,0.0,0.0,0.0,0.0,0.0,0.0,0.0,0.0,0.0,0.9767441860465116,0.0,0.0,0.0,0.0,0.0,0.0,0.0,0.0,0.0,0.023255813953488372,0.0,0.0,0.0,0.0,0.0
4649 PRNc Otp Gly-Gaba_3,0.0,0.0,0.0,0.0,0.0,0.0,0.0,0.0,0.0,0.9714285714285714,0.0,0.0,0.0,0.0,0.0,0.0,0.0,0.0,0.0,0.02857142857142857,0.0,0.0,0.0,0.0,0.0
4650 PRNc Otp Gly-Gaba_3,0.0,0.0,0.0,0.0,0.0,0.0,0.0,0.011764705882352941,0.0,0.9529411764705882,0.0,0.0,0.0,0.0,0.0,0.0,0.0,0.0,0.0,0.03529411764705882,0.0,0.0,0.0,0.0,0.0
4651 PRNc Otp Gly-Gaba_3,0.0,0.0,0.0,0.0,0.0,0.0,0.0,0.0,0.0,0.9692307692307692,0.0,0.0,0.0,0.0,0.0,0.0,0.0,0.0,0.03076923076923077,0.0,0.0,0.0,0.0,0.0,0.0
4652 PRNc Otp Gly-Gaba_3,0.0,0.0,0.0,0.0,0.0,0.0,0.0,0.0,0.0,1.0,0.0,0.0,0.0,0.0,0.0,0.0,0.0,0.0,0.0,0.0,0.0,0.0,0.0,0.0,0.0
4653 PRNc Otp Gly-Gaba_3,0.0,0.0,0.0,0.0,0.0,0.0,0.0,0.0,0.0,1.0,0.0,0.0,0.0,0.0,0.0,0.0,0.0,0.0,0.0,0.0,0.0,0.0,0.0,0.0,0.0
4654 PRNc Otp Gly-Gaba_3,0.0,0.0,0.0,0.0,0.0,0.0,0.0,0.5,0.0,0.39285714285714285,0.0,0.0,0.0,0.0,0.0,0.0,0.0,0.0,0.0,0.10714285714285714,0.0,0.0,0.0,0.0,0.0
4655 PRNc Otp Gly-Gaba_4,0.0,0.0,0.0,0.0,0.0,0.0,0.011904761904761904,0.011904761904761904,0.0,0.9523809523809523,0.0,0.0,0.0,0.0,0.0,0.0,0.0,0.0,0.011904761904761904,0.011904761904761904,0.0,0.0,0.0,0.0,0.0
4656 PRNc Otp Gly-Gaba_4,0.0,0.0,0.0,0.0,0.0,0.0,0.0,0.37349397590361444,0.0,0.4578313253012048,0.0,0.0,0.0,0.0,0.0,0.0,0.0,0.0,0.13253012048192772,0.012048192771084338,0.0,0.024096385542168676,0.0,0.0,0.0
4657 PRNc Otp Gly-Gaba_4,0.0,0.0,0.0,0.0,0.0,0.0,0.011627906976744186,0.03488372093023256,0.0,0.9534883720930233,0.0,0.0,0.0,0.0,0.0,0.0,0.0,0.0,0.0,0.0,0.0,0.0,0.0,0.0,0.0
4658 PRNc Otp Gly-Gaba_4,0.0,0.0,0.0,0.0,0.0,0.0,0.0,0.30952380952380953,0.0,0.6190476190476191,0.0,0.0,0.0,0.0,0.0,0.0,0.0,0.0,0.07142857142857142,0.0,0.0,0.0,0.0,0.0,0.0
4659 PRNc Otp Gly-Gaba_4,0.0,0.0,0.0,0.0,0.0,0.0,0.0,0.0,0.0,1.0,0.0,0.0,0.0,0.0,0.0,0.0,0.0,0.0,0.0,0.0,0.0,0.0,0.0,0.0,0.0
4660 PRNc Otp Gly-Gaba_4,0.0,0.0,0.0,0.0,0.0,0.0,0.0,0.3103448275862069,0.0,0.5862068965517241,0.0,0.0,0.0,0.0,0.0,0.0,0.0,0.0,0.10344827586206896,0.0,0.0,0.0,0.0,0.0,0.0
4661 PRNc Otp Gly-Gaba_5,0.0,0.0,0.0,0.0,0.0,0.0,0.0,0.0,0.0,1.0,0.0,0.0,0.0,0.0,0.0,0.0,0.0,0.0,0.0,0.0,0.0,0.0,0.0,0.0,0.0
4662 PRNc Otp Gly-Gaba_5,0.0,0.0,0.0,0.0,0.0,0.0,0.0,0.0,0.0,1.0,0.0,0.0,0.0,0.0,0.0,0.0,0.0,0.0,0.0,0.0,0.0,0.0,0.0,0.0,0.0
4663 PRNc Otp Gly-Gaba_5,0.0,0.016816143497757848,0.0,0.0,0.0,0.0,0.04484304932735426,0.15190582959641255,0.0,0.7589686098654709,0.0,0.0,0.0,0.0,0.0016816143497757848,0.0005605381165919282,0.0,0.005605381165919282,0.011771300448430493,0.006726457399103139,0.0,0.0011210762331838565,0.0,0.0,0.0
4664 PB Sst Gly-Gaba_1,0.012195121951219513,0.12195121951219512,0.0,0.0,0.0,0.0,0.024390243902439025,0.0,0.0,0.6341463414634146,0.0,0.0,0.0,0.0,0.024390243902439025,0.0,0.0,0.18292682926829268,0.0,0.0,0.0,0.0,0.0,0.0,0.0
4665 PB Sst Gly-Gaba_1,0.0,0.37037037037037035,0.0,0.0,0.0,0.0,0.07407407407407407,0.0,0.0,0.4444444444444444,0.0,0.0,0.0,0.0,0.0,0.0,0.0,0.1111111111111111,0.0,0.0,0.0,0.0,0.0,0.0,0.0
4666 PB Sst Gly-Gaba_1,0.0,0.0,0.0,0.0,0.0,0.0,0.02127659574468085,0.02127659574468085,0.0,0.9148936170212766,0.0,0.0,0.0,0.0,0.0,0.0,0.0,0.0425531914893617,0.0,0.0,0.0,0.0,0.0,0.0,0.0
4667 PB Sst Gly-Gaba_1,0.0,0.4090909090909091,0.0,0.0,0.0,0.0,0.045454545454545456,0.0,0.0,0.2727272727272727,0.0,0.0,0.0,0.0,0.13636363636363635,0.0,0.0,0.045454545454545456,0.09090909090909091,0.0,0.0,0.0,0.0,0.0,0.0
4668 PB Sst Gly-Gaba_2,0.0,0.03184713375796178,0.0,0.0,0.0,0.0,0.006369426751592357,0.17834394904458598,0.0,0.6114649681528662,0.0,0.0,0.0,0.0,0.0,0.0,0.0,0.03184713375796178,0.10828025477707007,0.03184713375796178,0.0,0.0,0.0,0.0,0.0
4669 PRNc Prox1 Brs3 Gly-Gaba_1,0.0,0.0,0.0,0.0,0.0,0.0,0.0,0.36312849162011174,0.0,0.6145251396648045,0.0,0.0,0.0,0.0,0.0,0.0,0.0,0.0,0.01675977653631285,0.00558659217877095,0.0,0.0,0.0,0.0,0.0
4670 CS-PRNr-PCG Tmem163 Otp Gaba_1,0.0,0.0,0.0,0.0,0.0,0.0,0.05660377358490566,0.0,0.0,0.9433962264150944,0.0,0.0,0.0,0.0,0.0,0.0,0.0,0.0,0.0,0.0,0.0,0.0,0.0,0.0,0.0
4671 CS-PRNr-PCG Tmem163 Otp Gaba_1,0.0,0.0,0.0,0.0,0.0,0.0,0.0,0.0,0.0,1.0,0.0,0.0,0.0,0.0,0.0,0.0,0.0,0.0,0.0,0.0,0.0,0.0,0.0,0.0,0.0
4672 CS-PRNr-PCG Tmem163 Otp Gaba_1,0.0,0.0,0.0,0.0,0.0,0.0,0.11428571428571428,0.0,0.0,0.8761904761904762,0.0,0.0,0.0,0.0,0.0,0.0,0.0,0.0,0.0,0.009523809523809525,0.0,0.0,0.0,0.0,0.0
4673 CS-PRNr-PCG Tmem163 Otp Gaba_1,0.0,0.0,0.0,0.0,0.0,0.0,0.09574468085106383,0.0,0.0,0.8404255319148937,0.0,0.0,0.0,0.0,0.0,0.0,0.0,0.0,0.06382978723404255,0.0,0.0,0.0,0.0,0.0,0.0
4674 CS-PRNr-PCG Tmem163 Otp Gaba_1,0.0,0.0,0.0,0.0,0.0,0.0,0.034482758620689655,0.0,0.0,0.9482758620689655,0.0,0.0,0.0,0.0,0.0,0.0,0.0,0.0,0.0,0.017241379310344827,0.0,0.0,0.0,0.0,0.0
4675 CS-PRNr-PCG Tmem163 Otp Gaba_1,0.0,0.0,0.0,0.0,0.0,0.0,0.6111111111111112,0.0,0.0,0.2777777777777778,0.0,0.0,0.0,0.0,0.0,0.0,0.1111111111111111,0.0,0.0,0.0,0.0,0.0,0.0,0.0,0.0
4676 CS-PRNr-PCG Tmem163 Otp Gaba_1,0.0,0.0,0.0,0.0,0.0,0.0,0.6440677966101694,0.0,0.0,0.3559322033898305,0.0,0.0,0.0,0.0,0.0,0.0,0.0,0.0,0.0,0.0,0.0,0.0,0.0,0.0,0.0
4677 CS-PRNr-PCG Tmem163 Otp Gaba_1,0.0,0.0,0.0,0.0,0.0,0.0,0.4166666666666667,0.0,0.0,0.5833333333333334,0.0,0.0,0.0,0.0,0.0,0.0,0.0,0.0,0.0,0.0,0.0,0.0,0.0,0.0,0.0
4678 CS-PRNr-PCG Tmem163 Otp Gaba_1,0.0,0.0,0.0,0.0,0.0,0.0,0.09375,0.0,0.0,0.90625,0.0,0.0,0.0,0.0,0.0,0.0,0.0,0.0,0.0,0.0,0.0,0.0,0.0,0.0,0.0
4679 CS-PRNr-PCG Tmem163 Otp Gaba_1,0.0,0.0,0.0,0.0,0.0,0.0,0.5079365079365079,0.0,0.0,0.4126984126984127,0.0,0.0,0.0,0.0,0.0,0.0,0.0,0.031746031746031744,0.0,0.031746031746031744,0.0,0.0,0.015873015873015872,0.0,0.0
4680 CS-PRNr-PCG Tmem163 Otp Gaba_1,0.0,0.0,0.0,0.0,0.0,0.0,0.14423076923076922,0.0,0.0,0.8173076923076923,0.0,0.0,0.0,0.0,0.0,0.0,0.009615384615384616,0.0,0.028846153846153848,0.0,0.0,0.0,0.0,0.0,0.0
4681 CS-PRNr-PCG Tmem163 Otp Gaba_1,0.0,0.0,0.0,0.0,0.0,0.0,0.045454545454545456,0.0,0.0,0.7727272727272727,0.0,0.0,0.0,0.0,0.0,0.0,0.0,0.0,0.13636363636363635,0.045454545454545456,0.0,0.0,0.0,0.0,0.0
4682 CS-PRNr-PCG Tmem163 Otp Gaba_1,0.0,0.0,0.0,0.0,0.0,0.0,0.12,0.0,0.0,0.88,0.0,0.0,0.0,0.0,0.0,0.0,0.0,0.0,0.0,0.0,0.0,0.0,0.0,0.0,0.0
4683 CS-PRNr-PCG Tmem163 Otp Gaba_2,0.0,0.0,0.0,0.0,0.0,0.0,0.0,0.0,0.0,1.0,0.0,0.0,0.0,0.0,0.0,0.0,0.0,0.0,0.0,0.0,0.0,0.0,0.0,0.0,0.0
4684 CS-PRNr-PCG Tmem163 Otp Gaba_2,0.0,0.0,0.0,0.0,0.0,0.0,0.3416666666666667,0.0,0.0,0.5666666666666667,0.0,0.0,0.0,0.0,0.0,0.0,0.0,0.0,0.016666666666666666,0.075,0.0,0.0,0.0,0.0,0.0
4685 CS-PRNr-PCG Tmem163 Otp Gaba_2,0.0,0.0,0.0,0.0,0.0,0.0,0.3559322033898305,0.0,0.0,0.6271186440677966,0.0,0.0,0.0,0.0,0.0,0.0,0.0,0.01694915254237288,0.0,0.0,0.0,0.0,0.0,0.0,0.0
4686 CS-PRNr-PCG Tmem163 Otp Gaba_3,0.0,0.0,0.0,0.0,0.0,0.0,0.0,0.0,0.0,1.0,0.0,0.0,0.0,0.0,0.0,0.0,0.0,0.0,0.0,0.0,0.0,0.0,0.0,0.0,0.0
4687 CS-PRNr-DR En1 Sox2 Gaba_1,0.005025125628140704,0.0,0.0,0.0,0.0,0.0,0.8291457286432161,0.0,0.0,0.04020100502512563,0.0,0.0,0.0,0.0,0.0,0.0,0.0,0.08040201005025126,0.02512562814070352,0.01507537688442211,0.0,0.0,0.005025125628140704,0.0,0.0
4688 CS-PRNr-DR En1 Sox2 Gaba_1,0.19444444444444445,0.0,0.0,0.0,0.0,0.0,0.5555555555555556,0.0,0.0,0.16666666666666666,0.0,0.0,0.0,0.0,0.0,0.0,0.0,0.05555555555555555,0.027777777777777776,0.0,0.0,0.0,0.0,0.0,0.0
4689 CS-PRNr-DR En1 Sox2 Gaba_1,0.19444444444444445,0.0,0.0,0.0,0.0,0.0,0.7222222222222222,0.0,0.0,0.0,0.0,0.0,0.0,0.0,0.0,0.0,0.0,0.08333333333333333,0.0,0.0,0.0,0.0,0.0,0.0,0.0
4690 CS-PRNr-DR En1 Sox2 Gaba_1,0.013333333333333334,0.0,0.0,0.0,0.0,0.0,0.68,0.0,0.0,0.21333333333333335,0.0,0.0,0.0,0.0,0.0,0.0,0.0,0.04,0.0,0.04,0.0,0.0,0.013333333333333334,0.0,0.0
4691 CS-PRNr-DR En1 Sox2 Gaba_1,0.0,0.0,0.0,0.0,0.0,0.0,0.1875,0.0,0.0,0.8125,0.0,0.0,0.0,0.0,0.0,0.0,0.0,0.0,0.0,0.0,0.0,0.0,0.0,0.0,0.0
4692 CS-PRNr-DR En1 Sox2 Gaba_1,0.1,0.0,0.0,0.0,0.016666666666666666,0.0,0.5333333333333333,0.0,0.0,0.3333333333333333,0.0,0.0,0.0,0.0,0.0,0.0,0.0,0.0,0.016666666666666666,0.0,0.0,0.0,0.0,0.0,0.0
4693 CS-PRNr-DR En1 Sox2 Gaba_1,0.0,0.0,0.0,0.0,0.0,0.0,0.0,0.0,0.0,1.0,0.0,0.0,0.0,0.0,0.0,0.0,0.0,0.0,0.0,0.0,0.0,0.0,0.0,0.0,0.0
4694 CS-PRNr-DR En1 Sox2 Gaba_2,0.0,0.0,0.0,0.0,0.0,0.0,0.3620689655172414,0.0,0.0,0.5775862068965517,0.0,0.0,0.0,0.0,0.0,0.0,0.0,0.0,0.0,0.0603448275862069,0.0,0.0,0.0,0.0,0.0
4695 CS-PRNr-DR En1 Sox2 Gaba_2,0.0,0.0,0.0,0.0,0.0,0.0,0.11764705882352941,0.0,0.0,0.8235294117647058,0.0,0.0,0.0,0.0,0.0,0.0,0.0,0.058823529411764705,0.0,0.0,0.0,0.0,0.0,0.0,0.0
4696 CS-PRNr-DR En1 Sox2 Gaba_2,0.0,0.0,0.0,0.0,0.0,0.0,0.11320754716981132,0.0,0.0,0.8490566037735849,0.0,0.0,0.0,0.0,0.0,0.0,0.0,0.0,0.0,0.03773584905660377,0.0,0.0,0.0,0.0,0.0
4697 CS-PRNr-DR En1 Sox2 Gaba_2,0.0,0.0,0.0,0.0,0.0,0.0,0.125,0.0,0.0,0.8125,0.0,0.0,0.0,0.0,0.0,0.0,0.0,0.0,0.0,0.0625,0.0,0.0,0.0,0.0,0.0
4698 CS-PRNr-DR En1 Sox2 Gaba_2,0.0,0.0,0.0,0.0,0.0,0.0,0.29523809523809524,0.0,0.0,0.6190476190476191,0.0,0.0,0.0,0.0,0.0,0.0,0.0,0.009523809523809525,0.009523809523809525,0.06666666666666667,0.0,0.0,0.0,0.0,0.0
4699 CS-PRNr-DR En1 Sox2 Gaba_2,0.0,0.0,0.0,0.0,0.0,0.0,0.039473684210526314,0.0,0.0,0.9210526315789473,0.0,0.0,0.0,0.0,0.0,0.0,0.0,0.02631578947368421,0.0,0.013157894736842105,0.0,0.0,0.0,0.0,0.0
4700 CS-PRNr-DR En1 Sox2 Gaba_2,0.0,0.0,0.0,0.0,0.0,0.0,0.2558139534883721,0.0,0.0,0.6046511627906976,0.0,0.0,0.0,0.0,0.0,0.0,0.0,0.0,0.11627906976744186,0.023255813953488372,0.0,0.0,0.0,0.0,0.0
4701 CS-PRNr-DR En1 Sox2 Gaba_2,0.0,0.0,0.0,0.0,0.0,0.0,0.4418604651162791,0.0,0.0,0.3488372093023256,0.0,0.0,0.0,0.0,0.0,0.0,0.0,0.0,0.19767441860465115,0.011627906976744186,0.0,0.0,0.0,0.0,0.0
4702 CS-PRNr-DR En1 Sox2 Gaba_2,0.0,0.0,0.0,0.0,0.0,0.0,0.4523809523809524,0.0,0.0,0.5,0.0,0.0,0.0,0.0,0.0,0.0,0.0,0.0,0.023809523809523808,0.023809523809523808,0.0,0.0,0.0,0.0,0.0
4703 CS-PRNr-DR En1 Sox2 Gaba_2,0.0,0.0,0.0,0.0,0.0,0.0,0.8115183246073299,0.0,0.0,0.11518324607329843,0.0,0.0,0.0,0.0,0.0,0.0,0.0,0.041884816753926704,0.031413612565445025,0.0,0.0,0.0,0.0,0.0,0.0
4704 CS-PRNr-DR En1 Sox2 Gaba_2,0.0,0.0,0.0,0.0,0.0,0.0,0.07894736842105263,0.0,0.0,0.6052631578947368,0.0,0.0,0.0,0.0,0.0,0.0,0.0,0.0,0.15789473684210525,0.15789473684210525,0.0,0.0,0.0,0.0,0.0
4705 LDT Fgf7 Gaba_1,0.05555555555555555,0.0,0.0,0.0,0.0,0.0,0.8333333333333334,0.0,0.0,0.05555555555555555,0.0,0.0,0.0,0.0,0.0,0.0,0.0,0.0,0.05555555555555555,0.0,0.0,0.0,0.0,0.0,0.0
4706 LDT Fgf7 Gaba_1,0.03225806451612903,0.0,0.0,0.0,0.0,0.0,0.7258064516129032,0.0,0.0,0.20967741935483872,0.0,0.0,0.0,0.0,0.0,0.0,0.0,0.016129032258064516,0.0,0.016129032258064516,0.0,0.0,0.0,0.0,0.0
4707 LDT Fgf7 Gaba_1,0.09375,0.0,0.0,0.0,0.0,0.0,0.3125,0.0,0.0,0.46875,0.0,0.0,0.0,0.0,0.125,0.0,0.0,0.0,0.0,0.0,0.0,0.0,0.0,0.0,0.0
4708 LDT-DTN Gata3 Nfix Gaba_1,0.0,0.0,0.0,0.0,0.0,0.0,0.425531914893617,0.0,0.0,0.5702127659574469,0.0,0.0,0.0,0.0,0.0,0.0,0.0,0.0,0.00425531914893617,0.0,0.0,0.0,0.0,0.0,0.0
4709 LDT-DTN Gata3 Nfix Gaba_1,0.0,0.0,0.0,0.0,0.0,0.0,0.5294117647058824,0.0,0.0,0.46524064171123,0.0,0.0,0.0,0.0,0.0,0.0,0.0,0.0,0.0053475935828877,0.0,0.0,0.0,0.0,0.0,0.0
4710 LDT-DTN Gata3 Nfix Gaba_1,0.0,0.0,0.0,0.0,0.0,0.0,0.1568627450980392,0.0,0.0,0.8333333333333334,0.0,0.0,0.0,0.0,0.0,0.0,0.0,0.00980392156862745,0.0,0.0,0.0,0.0,0.0,0.0,0.0
4711 LDT-DTN Gata3 Nfix Gaba_1,0.0,0.0,0.0,0.0,0.0,0.0,0.14838709677419354,0.0064516129032258064,0.0,0.8387096774193549,0.0,0.0,0.0,0.0,0.0,0.0,0.0,0.0,0.0064516129032258064,0.0,0.0,0.0,0.0,0.0,0.0
4712 LDT-DTN Gata3 Nfix Gaba_2,0.0,0.0,0.0,0.0,0.0,0.0,0.10526315789473684,0.0,0.0,0.8421052631578947,0.0,0.0,0.0,0.0,0.0,0.0,0.0,0.0,0.05263157894736842,0.0,0.0,0.0,0.0,0.0,0.0
4713 LDT-DTN Gata3 Nfix Gaba_2,0.0,0.0,0.0,0.0,0.0,0.0,0.023809523809523808,0.0,0.0,0.9761904761904762,0.0,0.0,0.0,0.0,0.0,0.0,0.0,0.0,0.0,0.0,0.0,0.0,0.0,0.0,0.0
4714 LDT-DTN Gata3 Nfix Gaba_2,0.0,0.0,0.0,0.0,0.0,0.0,0.5151515151515151,0.0,0.0,0.48484848484848486,0.0,0.0,0.0,0.0,0.0,0.0,0.0,0.0,0.0,0.0,0.0,0.0,0.0,0.0,0.0
4715 LDT-DTN Gata3 Nfix Gaba_2,0.0,0.0,0.0,0.0,0.0,0.0,0.25,0.0,0.0,0.75,0.0,0.0,0.0,0.0,0.0,0.0,0.0,0.0,0.0,0.0,0.0,0.0,0.0,0.0,0.0
4716 LDT-DTN Gata3 Nfix Gaba_2,0.0,0.0,0.0,0.0,0.0,0.0,0.6818181818181818,0.0,0.0,0.3181818181818182,0.0,0.0,0.0,0.0,0.0,0.0,0.0,0.0,0.0,0.0,0.0,0.0,0.0,0.0,0.0
4717 NI-RPO Gata3 Nr4a2 Gaba_1,0.0,0.0,0.0,0.0,0.0,0.0,0.041666666666666664,0.0,0.0,0.9166666666666666,0.0,0.0,0.0,0.0,0.041666666666666664,0.0,0.0,0.0,0.0,0.0,0.0,0.0,0.0,0.0,0.0
4718 NI-RPO Gata3 Nr4a2 Gaba_1,0.0,0.0,0.0,0.0,0.0,0.0,0.0,0.0,0.0,0.9629629629629629,0.0,0.0,0.0,0.0,0.0,0.0,0.0,0.0,0.0,0.037037037037037035,0.0,0.0,0.0,0.0,0.0
4719 NI-RPO Gata3 Nr4a2 Gaba_1,0.0,0.0,0.0,0.0,0.0,0.0,0.0,0.0,0.0,1.0,0.0,0.0,0.0,0.0,0.0,0.0,0.0,0.0,0.0,0.0,0.0,0.0,0.0,0.0,0.0
4720 NI-RPO Gata3 Nr4a2 Gaba_1,0.0,0.0,0.0,0.0,0.0,0.0,0.12121212121212122,0.0,0.0,0.8787878787878788,0.0,0.0,0.0,0.0,0.0,0.0,0.0,0.0,0.0,0.0,0.0,0.0,0.0,0.0,0.0
4721 NI-RPO Gata3 Nr4a2 Gaba_1,0.0,0.0,0.0,0.0,0.0,0.0,0.0,0.0,0.0,0.9824561403508771,0.0,0.0,0.0,0.0,0.017543859649122806,0.0,0.0,0.0,0.0,0.0,0.0,0.0,0.0,0.0,0.0
4722 NI-RPO Gata3 Nr4a2 Gaba_2,0.0,0.0,0.0,0.0,0.0,0.0,0.0,0.0,0.0,0.75,0.0,0.0,0.0,0.0,0.0,0.0,0.0,0.0,0.25,0.0,0.0,0.0,0.0,0.0,0.0
4723 NI-RPO Gata3 Nr4a2 Gaba_2,0.0,0.0,0.0,0.0,0.0,0.0,0.0,0.0,0.0,1.0,0.0,0.0,0.0,0.0,0.0,0.0,0.0,0.0,0.0,0.0,0.0,0.0,0.0,0.0,0.0
4724 NI-RPO Gata3 Nr4a2 Gaba_2,0.0,0.0,0.0,0.0,0.0,0.0,0.0,0.0,0.0,1.0,0.0,0.0,0.0,0.0,0.0,0.0,0.0,0.0,0.0,0.0,0.0,0.0,0.0,0.0,0.0
4725 NI-RPO Gata3 Nr4a2 Gaba_2,0.0,0.0,0.0,0.0,0.0,0.0,0.0,0.0,0.0,1.0,0.0,0.0,0.0,0.0,0.0,0.0,0.0,0.0,0.0,0.0,0.0,0.0,0.0,0.0,0.0
4726 NI-RPO Gata3 Nr4a2 Gaba_2,0.0,0.0,0.0,0.0,0.0,0.0,0.0,0.0,0.0,1.0,0.0,0.0,0.0,0.0,0.0,0.0,0.0,0.0,0.0,0.0,0.0,0.0,0.0,0.0,0.0
4727 NI-RPO Gata3 Nr4a2 Gaba_2,0.0,0.0,0.0,0.0,0.0,0.0,0.0,0.0,0.0,0.8,0.0,0.0,0.0,0.0,0.1,0.0,0.0,0.0,0.1,0.0,0.0,0.0,0.0,0.0,0.0
4728 NI-RPO Gata3 Nr4a2 Gaba_2,0.0,0.0,0.0,0.0,0.0,0.0,0.0,0.0,0.0,1.0,0.0,0.0,0.0,0.0,0.0,0.0,0.0,0.0,0.0,0.0,0.0,0.0,0.0,0.0,0.0
4729 NI-RPO Gata3 Nr4a2 Gaba_3,0.0,0.0,0.0,0.0,0.0,0.0,0.0,0.0,0.0,1.0,0.0,0.0,0.0,0.0,0.0,0.0,0.0,0.0,0.0,0.0,0.0,0.0,0.0,0.0,0.0
4730 NI-RPO Gata3 Nr4a2 Gaba_4,0.0,0.0,0.0,0.0,0.0,0.0,0.0,0.0,0.0,1.0,0.0,0.0,0.0,0.0,0.0,0.0,0.0,0.0,0.0,0.0,0.0,0.0,0.0,0.0,0.0
4731 NI-RPO Gata3 Nr4a2 Gaba_4,0.0,0.0,0.0,0.0,0.0,0.0,0.09375,0.0,0.0,0.875,0.0,0.0,0.0,0.0,0.0,0.0,0.0,0.0,0.015625,0.015625,0.0,0.0,0.0,0.0,0.0
4732 NI-RPO Gata3 Nr4a2 Gaba_4,0.0,0.0,0.0,0.0,0.0,0.0,0.028985507246376812,0.0,0.0,0.9565217391304348,0.0,0.0,0.0,0.0,0.0,0.0,0.0,0.0,0.014492753623188406,0.0,0.0,0.0,0.0,0.0,0.0
4733 NI-RPO Gata3 Nr4a2 Gaba_4,0.0,0.0,0.0,0.0,0.0,0.0,0.02564102564102564,0.02564102564102564,0.0,0.9487179487179487,0.0,0.0,0.0,0.0,0.0,0.0,0.0,0.0,0.0,0.0,0.0,0.0,0.0,0.0,0.0
4734 LDT-PCG-CS Gata3 Lhx1 Gaba_1,0.0,0.0,0.0,0.0,0.0,0.0,0.2054794520547945,0.0,0.0,0.7534246575342466,0.0,0.0,0.0,0.0,0.0,0.0,0.00684931506849315,0.0273972602739726,0.0,0.00684931506849315,0.0,0.0,0.0,0.0,0.0
4735 LDT-PCG-CS Gata3 Lhx1 Gaba_1,0.019230769230769232,0.0,0.0,0.0,0.0,0.0,0.34615384615384615,0.0,0.0,0.5769230769230769,0.0,0.0,0.0,0.0,0.0,0.0,0.0,0.057692307692307696,0.0,0.0,0.0,0.0,0.0,0.0,0.0
4736 LDT-PCG-CS Gata3 Lhx1 Gaba_1,0.0,0.0,0.0,0.0,0.0,0.0,0.4090909090909091,0.0,0.0,0.5454545454545454,0.0,0.0,0.0,0.0,0.0,0.0,0.045454545454545456,0.0,0.0,0.0,0.0,0.0,0.0,0.0,0.0
4737 LDT-PCG-CS Gata3 Lhx1 Gaba_1,0.3076923076923077,0.0,0.0,0.0,0.0,0.0,0.6923076923076923,0.0,0.0,0.0,0.0,0.0,0.0,0.0,0.0,0.0,0.0,0.0,0.0,0.0,0.0,0.0,0.0,0.0,0.0
4738 LDT-PCG-CS Gata3 Lhx1 Gaba_1,0.0,0.0,0.0,0.0,0.0,0.0,0.2631578947368421,0.0,0.0,0.6842105263157895,0.0,0.0,0.0,0.0,0.0,0.0,0.0,0.05263157894736842,0.0,0.0,0.0,0.0,0.0,0.0,0.0
4739 LDT-PCG-CS Gata3 Lhx1 Gaba_2,0.0,0.0,0.0,0.0,0.0,0.0,0.0,0.0,0.0,1.0,0.0,0.0,0.0,0.0,0.0,0.0,0.0,0.0,0.0,0.0,0.0,0.0,0.0,0.0,0.0
4740 LDT-PCG-CS Gata3 Lhx1 Gaba_2,0.0,0.0,0.0,0.0,0.0,0.0,0.0,0.0,0.0,0.95,0.0,0.0,0.0,0.0,0.05,0.0,0.0,0.0,0.0,0.0,0.0,0.0,0.0,0.0,0.0
4741 LDT-PCG-CS Gata3 Lhx1 Gaba_2,0.0,0.0,0.0,0.0,0.0,0.0,0.09375,0.03125,0.0,0.875,0.0,0.0,0.0,0.0,0.0,0.0,0.0,0.0,0.0,0.0,0.0,0.0,0.0,0.0,0.0
4742 LDT-PCG-CS Gata3 Lhx1 Gaba_2,0.0,0.0,0.0,0.0,0.0,0.0,0.11764705882352941,0.0,0.0,0.8823529411764706,0.0,0.0,0.0,0.0,0.0,0.0,0.0,0.0,0.0,0.0,0.0,0.0,0.0,0.0,0.0
4743 LDT-PCG-CS Gata3 Lhx1 Gaba_3,0.0,0.0,0.0,0.0,0.0,0.0,0.23595505617977527,0.0,0.0,0.6966292134831461,0.0,0.0,0.0,0.0,0.0,0.0,0.0,0.02247191011235955,0.0,0.0449438202247191,0.0,0.0,0.0,0.0,0.0
4744 LDT-PCG-CS Gata3 Lhx1 Gaba_3,0.0,0.0049261083743842365,0.0,0.0,0.0,0.0,0.11330049261083744,0.0,0.0,0.8472906403940886,0.0,0.0,0.0,0.0,0.0049261083743842365,0.0,0.009852216748768473,0.0,0.009852216748768473,0.009852216748768473,0.0,0.0,0.0,0.0,0.0
4745 LDT-PCG-CS Gata3 Lhx1 Gaba_4,0.20454545454545456,0.0,0.0,0.0,0.0,0.0,0.5227272727272727,0.0,0.0,0.1590909090909091,0.0,0.0,0.0,0.0,0.0,0.0,0.0,0.11363636363636363,0.0,0.0,0.0,0.0,0.0,0.0,0.0
4746 LDT-PCG-CS Gata3 Lhx1 Gaba_5,0.0,0.0,0.0,0.0,0.0,0.0,0.06521739130434782,0.0,0.0,0.9347826086956522,0.0,0.0,0.0,0.0,0.0,0.0,0.0,0.0,0.0,0.0,0.0,0.0,0.0,0.0,0.0
4747 LDT-PCG-CS Gata3 Lhx1 Gaba_5,0.0,0.0,0.0,0.0,0.0,0.0,0.015384615384615385,0.0,0.0,0.9846153846153847,0.0,0.0,0.0,0.0,0.0,0.0,0.0,0.0,0.0,0.0,0.0,0.0,0.0,0.0,0.0
4748 LDT-PCG-CS Gata3 Lhx1 Gaba_5,0.0,0.0,0.0,0.0,0.0,0.0,0.14285714285714285,0.0,0.0,0.8571428571428571,0.0,0.0,0.0,0.0,0.0,0.0,0.0,0.0,0.0,0.0,0.0,0.0,0.0,0.0,0.0
4749 PDTg-PCG Pax6 Gaba_1,0.0136986301369863,0.0,0.0,0.0,0.0,0.0,0.0958904109589041,0.0,0.0,0.8904109589041096,0.0,0.0,0.0,0.0,0.0,0.0,0.0,0.0,0.0,0.0,0.0,0.0,0.0,0.0,0.0
4750 PDTg-PCG Pax6 Gaba_1,0.0,0.0,0.0,0.0,0.0,0.0,0.038461538461538464,0.0,0.0,0.8846153846153846,0.0,0.0,0.0,0.0,0.0,0.0,0.0,0.0,0.038461538461538464,0.038461538461538464,0.0,0.0,0.0,0.0,0.0
4751 PDTg-PCG Pax6 Gaba_1,0.022900763358778626,0.0,0.0,0.0,0.0,0.0,0.1297709923664122,0.0,0.0,0.8396946564885496,0.0,0.0,0.0,0.0,0.0,0.0,0.0,0.0,0.007633587786259542,0.0,0.0,0.0,0.0,0.0,0.0
4752 PDTg-PCG Pax6 Gaba_1,0.0,0.0,0.0,0.0,0.0,0.0,0.07017543859649122,0.0,0.0,0.9035087719298246,0.0,0.0,0.0,0.0,0.017543859649122806,0.0,0.0,0.0,0.0,0.008771929824561403,0.0,0.0,0.0,0.0,0.0
4753 PDTg-PCG Pax6 Gaba_2,0.0,0.0,0.0,0.0,0.0,0.0,0.1875,0.0,0.0,0.7954545454545454,0.0,0.0,0.0,0.0,0.017045454545454544,0.0,0.0,0.0,0.0,0.0,0.0,0.0,0.0,0.0,0.0
4754 PDTg-PCG Pax6 Gaba_3,0.0,0.0,0.0,0.0,0.0,0.0,0.0,0.0,0.0,1.0,0.0,0.0,0.0,0.0,0.0,0.0,0.0,0.0,0.0,0.0,0.0,0.0,0.0,0.0,0.0
4755 PDTg-PCG Pax6 Gaba_3,0.0,0.0,0.0,0.0,0.0,0.0,0.004545454545454545,0.0,0.0,0.9954545454545455,0.0,0.0,0.0,0.0,0.0,0.0,0.0,0.0,0.0,0.0,0.0,0.0,0.0,0.0,0.0
4756 PDTg-PCG Pax6 Gaba_4,0.0,0.0,0.0,0.0,0.0,0.0,0.0,0.0,0.0,1.0,0.0,0.0,0.0,0.0,0.0,0.0,0.0,0.0,0.0,0.0,0.0,0.0,0.0,0.0,0.0
4757 PDTg-PCG Pax6 Gaba_4,0.0,0.0,0.0,0.0,0.0,0.0,0.0,0.0,0.0,1.0,0.0,0.0,0.0,0.0,0.0,0.0,0.0,0.0,0.0,0.0,0.0,0.0,0.0,0.0,0.0
4758 PDTg Otp Shroom3 Gaba_1,0.0,0.0,0.0,0.0,0.0,0.0,0.0,0.0,0.0,1.0,0.0,0.0,0.0,0.0,0.0,0.0,0.0,0.0,0.0,0.0,0.0,0.0,0.0,0.0,0.0
4759 PDTg Otp Shroom3 Gaba_1,0.0,0.0,0.0,0.0,0.0,0.0,0.0,0.0,0.0,1.0,0.0,0.0,0.0,0.0,0.0,0.0,0.0,0.0,0.0,0.0,0.0,0.0,0.0,0.0,0.0
4760 PDTg Otp Olig3 Gaba_1,0.0,0.0,0.0,0.0,0.0,0.0,0.0,0.0,0.0,1.0,0.0,0.0,0.0,0.0,0.0,0.0,0.0,0.0,0.0,0.0,0.0,0.0,0.0,0.0,0.0
4761 PDTg Otp Olig3 Gaba_1,0.0,0.0,0.0,0.0,0.0,0.0,0.0,0.0,0.0,1.0,0.0,0.0,0.0,0.0,0.0,0.0,0.0,0.0,0.0,0.0,0.0,0.0,0.0,0.0,0.0
4762 PDTg Otp Olig3 Gaba_1,0.0,0.0,0.0,0.0,0.0,0.0,0.007692307692307693,0.0,0.0,0.9923076923076923,0.0,0.0,0.0,0.0,0.0,0.0,0.0,0.0,0.0,0.0,0.0,0.0,0.0,0.0,0.0
4763 LDT-PCG St18 Gaba_1,0.0,0.0,0.0,0.0,0.0,0.0,0.0625,0.0,0.0,0.8958333333333334,0.0,0.0,0.0,0.0,0.041666666666666664,0.0,0.0,0.0,0.0,0.0,0.0,0.0,0.0,0.0,0.0
4764 LDT-PCG St18 Gaba_1,0.0,0.0,0.0,0.0,0.0,0.0,0.038461538461538464,0.019230769230769232,0.0,0.9423076923076923,0.0,0.0,0.0,0.0,0.0,0.0,0.0,0.0,0.0,0.0,0.0,0.0,0.0,0.0,0.0
4765 LDT-PCG St18 Gaba_1,0.0,0.0,0.0,0.0,0.0,0.0,0.2857142857142857,0.0,0.0,0.6785714285714286,0.0,0.0,0.0,0.0,0.0,0.0,0.0,0.0,0.03571428571428571,0.0,0.0,0.0,0.0,0.0,0.0
4766 LDT-PCG St18 Gaba_1,0.0,0.0,0.0,0.0,0.0,0.0,0.08333333333333333,0.0,0.0,0.9166666666666666,0.0,0.0,0.0,0.0,0.0,0.0,0.0,0.0,0.0,0.0,0.0,0.0,0.0,0.0,0.0
4767 LDT-PCG St18 Gaba_1,0.0,0.0,0.0,0.0,0.0,0.0,0.38235294117647056,0.0,0.0,0.6029411764705882,0.0,0.0,0.0,0.0,0.014705882352941176,0.0,0.0,0.0,0.0,0.0,0.0,0.0,0.0,0.0,0.0
4768 LDT-PCG St18 Gaba_1,0.0,0.0,0.0,0.0,0.0,0.0,0.0,0.0,0.0,1.0,0.0,0.0,0.0,0.0,0.0,0.0,0.0,0.0,0.0,0.0,0.0,0.0,0.0,0.0,0.0
4769 LDT-PCG St18 Gaba_1,0.03333333333333333,0.0,0.0,0.0,0.0,0.0,0.36666666666666664,0.0,0.0,0.5333333333333333,0.0,0.0,0.0,0.0,0.0,0.0,0.0,0.06666666666666667,0.0,0.0,0.0,0.0,0.0,0.0,0.0
4770 LDT-PCG St18 Gaba_1,0.0,0.0,0.0,0.0,0.0,0.0,0.14285714285714285,0.0,0.0,0.8571428571428571,0.0,0.0,0.0,0.0,0.0,0.0,0.0,0.0,0.0,0.0,0.0,0.0,0.0,0.0,0.0
4771 LDT-PCG St18 Gaba_1,0.0,0.0,0.0,0.0,0.0,0.0,0.5,0.0,0.0,0.45,0.0,0.0,0.0,0.0,0.0,0.0,0.0,0.0,0.0,0.05,0.0,0.0,0.0,0.0,0.0
4772 LDT-PCG St18 Gaba_2,0.0,0.0,0.0,0.0,0.0,0.0,0.1,0.0,0.0,0.9,0.0,0.0,0.0,0.0,0.0,0.0,0.0,0.0,0.0,0.0,0.0,0.0,0.0,0.0,0.0
4773 LDT-PCG St18 Gaba_2,0.0,0.0,0.0,0.0,0.0,0.0,0.5555555555555556,0.0,0.0,0.4444444444444444,0.0,0.0,0.0,0.0,0.0,0.0,0.0,0.0,0.0,0.0,0.0,0.0,0.0,0.0,0.0
4774 LDT-PCG St18 Gaba_2,0.0,0.0,0.0,0.0,0.0,0.0,0.05555555555555555,0.0,0.0,0.9444444444444444,0.0,0.0,0.0,0.0,0.0,0.0,0.0,0.0,0.0,0.0,0.0,0.0,0.0,0.0,0.0
4775 DTN-LDT-IPN Otp Pax3 Gaba_1,0.0,0.0,0.0,0.0,0.0,0.0,0.30985915492957744,0.0,0.0,0.6197183098591549,0.0,0.0,0.0,0.0,0.0,0.0,0.014084507042253521,0.0,0.04225352112676056,0.014084507042253521,0.0,0.0,0.0,0.0,0.0
4776 DTN-LDT-IPN Otp Pax3 Gaba_1,0.0,0.0,0.0,0.0,0.0,0.0,0.0,0.029411764705882353,0.0,0.9705882352941176,0.0,0.0,0.0,0.0,0.0,0.0,0.0,0.0,0.0,0.0,0.0,0.0,0.0,0.0,0.0
4777 DTN-LDT-IPN Otp Pax3 Gaba_1,0.0,0.023255813953488372,0.0,0.0,0.0,0.0,0.09302325581395349,0.0,0.0,0.8837209302325582,0.0,0.0,0.0,0.0,0.0,0.0,0.0,0.0,0.0,0.0,0.0,0.0,0.0,0.0,0.0
4778 DTN-LDT-IPN Otp Pax3 Gaba_1,0.0,0.0,0.0,0.0,0.0,0.0,0.18333333333333332,0.0,0.0,0.8,0.0,0.0,0.0,0.0,0.0,0.0,0.0,0.0,0.016666666666666666,0.0,0.0,0.0,0.0,0.0,0.0
4779 DTN-LDT-IPN Otp Pax3 Gaba_2,0.0,0.0,0.0,0.0,0.0,0.0,0.9594594594594594,0.0,0.0,0.04054054054054054,0.0,0.0,0.0,0.0,0.0,0.0,0.0,0.0,0.0,0.0,0.0,0.0,0.0,0.0,0.0
4780 DTN-LDT-IPN Otp Pax3 Gaba_2,0.0,0.0,0.0,0.0,0.0,0.0,0.8933333333333333,0.0,0.0,0.10666666666666667,0.0,0.0,0.0,0.0,0.0,0.0,0.0,0.0,0.0,0.0,0.0,0.0,0.0,0.0,0.0
4781 DTN-LDT-IPN Otp Pax3 Gaba_2,0.0,0.0,0.0,0.0,0.0,0.0,0.2682926829268293,0.0,0.0,0.7317073170731707,0.0,0.0,0.0,0.0,0.0,0.0,0.0,0.0,0.0,0.0,0.0,0.0,0.0,0.0,0.0
4782 DTN-LDT-IPN Otp Pax3 Gaba_2,0.0,0.0,0.0,0.0,0.0,0.0,0.20689655172413793,0.0,0.0,0.7931034482758621,0.0,0.0,0.0,0.0,0.0,0.0,0.0,0.0,0.0,0.0,0.0,0.0,0.0,0.0,0.0
4783 DTN-LDT-IPN Otp Pax3 Gaba_2,0.0,0.0,0.0,0.0,0.0,0.0,0.21875,0.0,0.0,0.78125,0.0,0.0,0.0,0.0,0.0,0.0,0.0,0.0,0.0,0.0,0.0,0.0,0.0,0.0,0.0
4784 DTN-LDT-IPN Otp Pax3 Gaba_3,0.0,0.0,0.0,0.0,0.0,0.0,0.3191489361702128,0.0,0.0,0.6808510638297872,0.0,0.0,0.0,0.0,0.0,0.0,0.0,0.0,0.0,0.0,0.0,0.0,0.0,0.0,0.0
4785 DTN-LDT-IPN Otp Pax3 Gaba_3,0.0,0.0,0.0,0.0,0.0,0.0,0.21428571428571427,0.0,0.0,0.7857142857142857,0.0,0.0,0.0,0.0,0.0,0.0,0.0,0.0,0.0,0.0,0.0,0.0,0.0,0.0,0.0
4786 DTN-LDT-IPN Otp Pax3 Gaba_3,0.0,0.0,0.0,0.0,0.0,0.0,0.559322033898305,0.0,0.0,0.4406779661016949,0.0,0.0,0.0,0.0,0.0,0.0,0.0,0.0,0.0,0.0,0.0,0.0,0.0,0.0,0.0
4787 DTN-LDT-IPN Otp Pax3 Gaba_3,0.0,0.0,0.0,0.0,0.02040816326530612,0.0,0.8775510204081632,0.0,0.0,0.04081632653061224,0.0,0.0,0.0,0.0,0.0,0.0,0.0,0.0,0.0,0.0,0.0,0.0,0.061224489795918366,0.0,0.0
4788 DTN-LDT-IPN Otp Pax3 Gaba_3,0.0,0.0,0.0,0.0,0.0,0.0,0.18359375,0.0,0.0,0.8046875,0.0,0.0,0.0,0.0,0.0,0.0,0.0,0.0,0.01171875,0.0,0.0,0.0,0.0,0.0,0.0
4789 DTN-LDT-IPN Otp Pax3 Gaba_3,0.0,0.0,0.0,0.0,0.0,0.0,0.4642857142857143,0.0,0.0,0.4642857142857143,0.0,0.0,0.0,0.0,0.0,0.0,0.07142857142857142,0.0,0.0,0.0,0.0,0.0,0.0,0.0,0.0
4790 DTN-LDT-IPN Otp Pax3 Gaba_4,0.0,0.0,0.0,0.0,0.0,0.0,0.03389830508474576,0.0,0.0,0.9661016949152542,0.0,0.0,0.0,0.0,0.0,0.0,0.0,0.0,0.0,0.0,0.0,0.0,0.0,0.0,0.0
4791 DTN-LDT-IPN Otp Pax3 Gaba_4,0.0,0.0,0.0,0.0,0.0,0.0,0.3979591836734694,0.0,0.0,0.5612244897959183,0.0,0.0,0.0,0.0,0.0,0.0,0.0,0.01020408163265306,0.0,0.030612244897959183,0.0,0.0,0.0,0.0,0.0
4792 DTN-LDT-IPN Otp Pax3 Gaba_4,0.0,0.0,0.0,0.0,0.0,0.0,0.025210084033613446,0.0,0.0,0.9663865546218487,0.0,0.0,0.0,0.0,0.008403361344537815,0.0,0.0,0.0,0.0,0.0,0.0,0.0,0.0,0.0,0.0
4793 DTN-LDT-IPN Otp Pax3 Gaba_4,0.0,0.0,0.0,0.0,0.0,0.0,0.0,0.0,0.0,1.0,0.0,0.0,0.0,0.0,0.0,0.0,0.0,0.0,0.0,0.0,0.0,0.0,0.0,0.0,0.0
4794 DTN-LDT-IPN Otp Pax3 Gaba_4,0.0,0.0,0.0,0.0,0.0,0.0,0.0,0.0,0.0,1.0,0.0,0.0,0.0,0.0,0.0,0.0,0.0,0.0,0.0,0.0,0.0,0.0,0.0,0.0,0.0
4795 DTN-LDT-IPN Otp Pax3 Gaba_5,0.0,0.0,0.0,0.0,0.0,0.0,0.9791666666666666,0.0,0.0,0.020833333333333332,0.0,0.0,0.0,0.0,0.0,0.0,0.0,0.0,0.0,0.0,0.0,0.0,0.0,0.0,0.0
4796 DTN-LDT-IPN Otp Pax3 Gaba_5,0.0,0.0,0.0,0.0,0.0,0.0,1.0,0.0,0.0,0.0,0.0,0.0,0.0,0.0,0.0,0.0,0.0,0.0,0.0,0.0,0.0,0.0,0.0,0.0,0.0
4797 DTN-LDT-IPN Otp Pax3 Gaba_5,0.0,0.0,0.0,0.0,0.0,0.0,1.0,0.0,0.0,0.0,0.0,0.0,0.0,0.0,0.0,0.0,0.0,0.0,0.0,0.0,0.0,0.0,0.0,0.0,0.0
4798 DTN-LDT-IPN Otp Pax3 Gaba_5,0.0,0.0,0.0,0.0,0.5454545454545454,0.0,0.45454545454545453,0.0,0.0,0.0,0.0,0.0,0.0,0.0,0.0,0.0,0.0,0.0,0.0,0.0,0.0,0.0,0.0,0.0,0.0
4799 DTN-LDT-IPN Otp Pax3 Gaba_5,0.0,0.0,0.0,0.0,0.3564356435643564,0.0,0.6435643564356436,0.0,0.0,0.0,0.0,0.0,0.0,0.0,0.0,0.0,0.0,0.0,0.0,0.0,0.0,0.0,0.0,0.0,0.0
4800 NLL Gata3 Gly-Gaba_1,0.0,0.0,0.0,0.0,0.0,0.0,0.0,0.4873417721518987,0.0,0.3493670886075949,0.0,0.0,0.0,0.0,0.0,0.0,0.0,0.0759493670886076,0.0670886075949367,0.0037974683544303796,0.0,0.016455696202531647,0.0,0.0,0.0
4801 NLL Gata3 Gly-Gaba_1,0.0,0.0163265306122449,0.0,0.0,0.0,0.0,0.0,0.0,0.0,0.6326530612244898,0.0,0.0,0.0,0.0,0.0,0.0,0.004081632653061225,0.1836734693877551,0.15918367346938775,0.004081632653061225,0.0,0.0,0.0,0.0,0.0
4802 NLL Gata3 Gly-Gaba_1,0.0,0.028985507246376812,0.0,0.0,0.0,0.0,0.00966183574879227,0.0,0.0,0.5893719806763285,0.0,0.0,0.0,0.0,0.0,0.0,0.028985507246376812,0.1497584541062802,0.178743961352657,0.004830917874396135,0.0,0.0,0.0,0.0,0.00966183574879227
4803 NLL Gata3 Gly-Gaba_1,0.0,0.00749063670411985,0.0,0.0,0.0,0.0,0.0,0.0,0.0,0.6591760299625468,0.0,0.0,0.0,0.0,0.0,0.0,0.0,0.21722846441947566,0.10861423220973783,0.00749063670411985,0.0,0.0,0.0,0.0,0.0
4804 NLL Gata3 Gly-Gaba_1,0.0,0.011764705882352941,0.0,0.0,0.0,0.0,0.16470588235294117,0.0,0.0,0.5294117647058824,0.0,0.0,0.0,0.0,0.0,0.0,0.058823529411764705,0.0,0.2235294117647059,0.0,0.0,0.0,0.0,0.0,0.011764705882352941
4805 NLL Gata3 Gly-Gaba_2,0.0,0.002577319587628866,0.0,0.0,0.0,0.0,0.01288659793814433,0.020618556701030927,0.0,0.6881443298969072,0.0,0.0,0.0,0.0,0.0,0.0,0.005154639175257732,0.17268041237113402,0.07989690721649484,0.01804123711340206,0.0,0.0,0.0,0.0,0.0
4806 NLL Gata3 Gly-Gaba_3,0.0,0.004288777698355968,0.0,0.0,0.0035739814152966403,0.0007147962830593281,0.07147962830593281,0.2694781987133667,0.0,0.5789849892780558,0.0,0.0,0.0,0.0,0.0007147962830593281,0.0,0.0007147962830593281,0.009292351679771264,0.027877055039313797,0.032165832737669764,0.0,0.0,0.0,0.0,0.0007147962830593281
4807 NLL Gata3 Gly-Gaba_4,0.0,0.03359173126614987,0.0,0.0,0.0,0.0,0.0,0.0,0.0,0.7855297157622739,0.0,0.0,0.0,0.0,0.0,0.0,0.01808785529715762,0.06459948320413436,0.09560723514211886,0.0,0.0,0.0,0.0,0.0,0.002583979328165375
4808 PSV Pax2 Gly-Gaba_1,0.0,0.006493506493506494,0.0,0.0,0.0,0.0,0.0,0.12987012987012986,0.0,0.7142857142857143,0.0,0.0,0.0,0.0,0.0,0.0,0.0,0.006493506493506494,0.13636363636363635,0.006493506493506494,0.0,0.0,0.0,0.0,0.0
4809 PSV Pax2 Gly-Gaba_2,0.0,0.0,0.0,0.0,0.0,0.0,0.0,0.046511627906976744,0.0,0.9069767441860465,0.0,0.0,0.0,0.0,0.0,0.0,0.0,0.046511627906976744,0.0,0.0,0.0,0.0,0.0,0.0,0.0
4810 NLL-po Pax7 Gaba_1,0.0,0.16393442622950818,0.0,0.0,0.0,0.0,0.10245901639344263,0.0,0.0,0.38934426229508196,0.0,0.0,0.0,0.0,0.0,0.0,0.028688524590163935,0.0,0.3155737704918033,0.0,0.0,0.0,0.0,0.0,0.0
4811 POR Gata3 Gly-Gaba_1,0.0,0.0049833887043189366,0.0,0.0,0.0,0.0,0.0016611295681063123,0.029900332225913623,0.0,0.7790697674418605,0.0,0.0,0.0,0.0,0.0,0.0,0.0049833887043189366,0.029900332225913623,0.12790697674418605,0.016611295681063124,0.0,0.0,0.0,0.0,0.0049833887043189366
4812 POR Spp1 Gly-Gaba_1,0.0,0.040378006872852236,0.0,0.0,0.000859106529209622,0.0,0.003436426116838488,0.6073883161512027,0.0,0.27835051546391754,0.0,0.0,0.0,0.0,0.006013745704467354,0.005154639175257732,0.0,0.01632302405498282,0.028350515463917526,0.013745704467353952,0.0,0.0,0.0,0.0,0.0
4813 PRP Otp Gly-Gaba_1,0.0,0.0,0.0,0.0,0.0,0.0,0.0,0.7142857142857143,0.0,0.0,0.0,0.0,0.0,0.0,0.11428571428571428,0.17142857142857143,0.0,0.0,0.0,0.0,0.0,0.0,0.0,0.0,0.0
4814 PRP Otp Gly-Gaba_1,0.0,0.0,0.0,0.0,0.0,0.0,0.0,0.9215686274509803,0.0,0.0,0.0,0.0,0.0,0.0,0.0,0.0392156862745098,0.0,0.0,0.0196078431372549,0.0196078431372549,0.0,0.0,0.0,0.0,0.0
4815 PRP Otp Gly-Gaba_1,0.0,0.0,0.0,0.0,0.0,0.0,0.0,0.6818181818181818,0.0,0.056818181818181816,0.0,0.0,0.0,0.0,0.25,0.0,0.0,0.0,0.011363636363636364,0.0,0.0,0.0,0.0,0.0,0.0
4816 PRP Otp Gly-Gaba_1,0.0,0.0,0.0,0.0,0.0,0.0,0.0,0.7407407407407407,0.0,0.0,0.0,0.0,0.0,0.0,0.1111111111111111,0.14814814814814814,0.0,0.0,0.0,0.0,0.0,0.0,0.0,0.0,0.0
4817 PRP Otp Gly-Gaba_1,0.0,0.0,0.0,0.0,0.0,0.0,0.0,0.8571428571428571,0.0,0.0,0.0,0.0,0.0,0.0,0.031746031746031744,0.06349206349206349,0.0,0.0,0.0,0.0,0.0,0.047619047619047616,0.0,0.0,0.0
4818 PRP Otp Gly-Gaba_1,0.0,0.0,0.0,0.0,0.0,0.0,0.0,0.9215686274509803,0.0,0.0,0.0,0.0,0.0,0.0,0.058823529411764705,0.0196078431372549,0.0,0.0,0.0,0.0,0.0,0.0,0.0,0.0,0.0
4819 PRP Otp Gly-Gaba_1,0.0,0.0,0.0,0.0,0.0,0.0,0.0,0.9545454545454546,0.0,0.0,0.0,0.0,0.0,0.0,0.0,0.045454545454545456,0.0,0.0,0.0,0.0,0.0,0.0,0.0,0.0,0.0
4820 PRP Otp Gly-Gaba_1,0.0,0.0,0.0,0.0,0.0,0.0,0.0,0.7631578947368421,0.0,0.13157894736842105,0.0,0.0,0.0,0.0,0.05263157894736842,0.0,0.0,0.0,0.02631578947368421,0.0,0.0,0.02631578947368421,0.0,0.0,0.0
4821 PRP Otp Gly-Gaba_1,0.0,0.0,0.0,0.0,0.0,0.0,0.0,0.6896551724137931,0.0,0.1896551724137931,0.0,0.0,0.0,0.0,0.10344827586206896,0.0,0.0,0.0,0.017241379310344827,0.0,0.0,0.0,0.0,0.0,0.0
4822 PRP Otp Gly-Gaba_2,0.0,0.0,0.0,0.0,0.0,0.0,0.0,0.8545454545454545,0.0,0.01818181818181818,0.0,0.0,0.0,0.0,0.12727272727272726,0.0,0.0,0.0,0.0,0.0,0.0,0.0,0.0,0.0,0.0
4823 PRP Otp Gly-Gaba_2,0.0,0.0,0.0,0.0,0.0,0.0,0.0,0.7441860465116279,0.0,0.023255813953488372,0.0,0.0,0.0,0.0,0.16279069767441862,0.046511627906976744,0.0,0.0,0.023255813953488372,0.0,0.0,0.0,0.0,0.0,0.0
4824 PRP Otp Gly-Gaba_2,0.0,0.0,0.0,0.0,0.0,0.0,0.0,0.7931034482758621,0.0,0.0,0.0,0.0,0.0,0.0,0.1724137931034483,0.034482758620689655,0.0,0.0,0.0,0.0,0.0,0.0,0.0,0.0,0.0
4825 PRP Otp Gly-Gaba_3,0.0,0.0,0.0,0.0,0.0,0.0,0.0,0.8160919540229885,0.0,0.05172413793103448,0.0,0.0,0.0,0.0,0.04597701149425287,0.06896551724137931,0.0,0.0,0.011494252873563218,0.005747126436781609,0.0,0.0,0.0,0.0,0.0
4826 PRP Otp Gly-Gaba_3,0.0,0.0,0.0,0.0,0.0,0.0,0.0,0.6226415094339622,0.0,0.03773584905660377,0.0,0.0,0.0,0.0,0.2830188679245283,0.05660377358490566,0.0,0.0,0.0,0.0,0.0,0.0,0.0,0.0,0.0
4827 PRP Otp Gly-Gaba_3,0.0,0.0,0.0,0.0,0.0,0.0,0.0,0.34146341463414637,0.0,0.3902439024390244,0.0,0.0,0.0,0.0,0.24390243902439024,0.0,0.0,0.0,0.024390243902439025,0.0,0.0,0.0,0.0,0.0,0.0
4828 PRP Otp Gly-Gaba_3,0.0,0.0,0.0,0.0,0.0,0.0,0.0,0.6153846153846154,0.0,0.0,0.0,0.0,0.0,0.0,0.2948717948717949,0.08974358974358974,0.0,0.0,0.0,0.0,0.0,0.0,0.0,0.0,0.0
4829 PRP Otp Gly-Gaba_3,0.0,0.0,0.0,0.0,0.0,0.0,0.0,0.7058823529411765,0.0,0.0,0.0,0.0,0.0,0.0,0.11764705882352941,0.17647058823529413,0.0,0.0,0.0,0.0,0.0,0.0,0.0,0.0,0.0
4830 PRP Otp Gly-Gaba_3,0.0,0.0,0.0,0.0,0.0,0.0,0.0,0.16666666666666666,0.0,0.75,0.0,0.0,0.0,0.0,0.0,0.0,0.0,0.0,0.08333333333333333,0.0,0.0,0.0,0.0,0.0,0.0
4831 PRP Otp Gly-Gaba_3,0.0,0.0,0.0,0.0,0.0,0.0,0.0,0.3684210526315789,0.0,0.5789473684210527,0.0,0.0,0.0,0.0,0.0,0.0,0.0,0.0,0.017543859649122806,0.03508771929824561,0.0,0.0,0.0,0.0,0.0
4832 PRP Otp Gly-Gaba_4,0.0,0.0,0.0,0.0,0.0,0.0,0.0,0.7763157894736842,0.0,0.039473684210526314,0.0,0.0,0.0,0.0,0.17105263157894737,0.013157894736842105,0.0,0.0,0.0,0.0,0.0,0.0,0.0,0.0,0.0
4833 PRP Otp Gly-Gaba_4,0.0,0.0,0.0,0.0,0.0,0.0,0.0,0.8666666666666667,0.0,0.06666666666666667,0.0,0.0,0.0,0.0,0.04,0.013333333333333334,0.0,0.0,0.013333333333333334,0.0,0.0,0.0,0.0,0.0,0.0
4834 PRP Otp Gly-Gaba_4,0.0,0.0,0.0,0.0,0.0,0.0,0.0,0.7017543859649122,0.0,0.017543859649122806,0.0,0.0,0.0,0.0,0.21052631578947367,0.0,0.0,0.0,0.017543859649122806,0.0,0.0,0.03508771929824561,0.0,0.0,0.017543859649122806
4835 PRP Otp Gly-Gaba_4,0.0,0.0,0.0,0.0,0.0,0.0,0.0,0.4166666666666667,0.0,0.5,0.0,0.0,0.0,0.0,0.08333333333333333,0.0,0.0,0.0,0.0,0.0,0.0,0.0,0.0,0.0,0.0
4836 PRP Otp Gly-Gaba_4,0.0,0.0,0.0,0.0,0.0,0.0,0.0,0.3,0.0,0.7,0.0,0.0,0.0,0.0,0.0,0.0,0.0,0.0,0.0,0.0,0.0,0.0,0.0,0.0,0.0
4837 PRP Otp Gly-Gaba_4,0.0,0.0,0.0,0.0,0.0,0.0,0.0,0.125,0.0,0.8125,0.0,0.0,0.0,0.0,0.0,0.0,0.0,0.0,0.0625,0.0,0.0,0.0,0.0,0.0,0.0
4838 PRP Otp Gly-Gaba_5,0.0,0.0,0.0,0.0,0.0,0.0,0.0,0.7142857142857143,0.0,0.11428571428571428,0.0,0.0,0.0,0.0,0.0,0.17142857142857143,0.0,0.0,0.0,0.0,0.0,0.0,0.0,0.0,0.0
4839 PRP Otp Gly-Gaba_5,0.0,0.0,0.0,0.0,0.0,0.0,0.0,0.7076923076923077,0.0,0.03076923076923077,0.0,0.0,0.0,0.0,0.046153846153846156,0.015384615384615385,0.0,0.0,0.13846153846153847,0.046153846153846156,0.0,0.015384615384615385,0.0,0.0,0.0
4840 PRP Otp Gly-Gaba_5,0.0,0.0,0.0,0.0,0.0,0.0,0.0,0.5416666666666666,0.0,0.0,0.0,0.0,0.0,0.0,0.08333333333333333,0.375,0.0,0.0,0.0,0.0,0.0,0.0,0.0,0.0,0.0
4841 PRP Otp Gly-Gaba_5,0.0,0.0,0.0,0.0,0.0,0.0,0.0,0.6666666666666666,0.0,0.0,0.0,0.0,0.0,0.0,0.125,0.16666666666666666,0.0,0.0,0.041666666666666664,0.0,0.0,0.0,0.0,0.0,0.0
4842 PRP Otp Gly-Gaba_5,0.0,0.0,0.0,0.0,0.0,0.0,0.0,0.52,0.0,0.0,0.0,0.0,0.0,0.0,0.28,0.2,0.0,0.0,0.0,0.0,0.0,0.0,0.0,0.0,0.0
4843 PRP Otp Gly-Gaba_5,0.0,0.0,0.0,0.0,0.0,0.0,0.0,0.7682926829268293,0.0,0.012195121951219513,0.0,0.0,0.0,0.0,0.06097560975609756,0.14634146341463414,0.0,0.0,0.012195121951219513,0.0,0.0,0.0,0.0,0.0,0.0
4845 GRN-IRN-MDRNd Ikzf1 Gly-Gaba_1,0.0,0.0,0.0,0.0,0.0,0.0,0.0,1.0,0.0,0.0,0.0,0.0,0.0,0.0,0.0,0.0,0.0,0.0,0.0,0.0,0.0,0.0,0.0,0.0,0.0
4846 GRN-IRN-MDRNd Ikzf1 Gly-Gaba_1,0.0,0.0,0.0,0.0,0.0,0.0,0.0,1.0,0.0,0.0,0.0,0.0,0.0,0.0,0.0,0.0,0.0,0.0,0.0,0.0,0.0,0.0,0.0,0.0,0.0
4847 MY Lhx1 Gly-Gaba_1,0.0,0.0,0.0,0.0,0.0,0.0,0.08695652173913043,0.0,0.0,0.9130434782608695,0.0,0.0,0.0,0.0,0.0,0.0,0.0,0.0,0.0,0.0,0.0,0.0,0.0,0.0,0.0
4848 MY Lhx1 Gly-Gaba_1,0.0,0.0,0.0,0.0,0.0,0.0,0.0,0.0,0.0,0.9047619047619048,0.0,0.0,0.0,0.0,0.0,0.0,0.0,0.0,0.09523809523809523,0.0,0.0,0.0,0.0,0.0,0.0
4849 MY Lhx1 Gly-Gaba_1,0.0,0.0,0.0,0.0,0.0,0.0,0.0,0.07407407407407407,0.0,0.8888888888888888,0.0,0.0,0.0,0.0,0.0,0.0,0.0,0.0,0.018518518518518517,0.018518518518518517,0.0,0.0,0.0,0.0,0.0
4850 MY Lhx1 Gly-Gaba_1,0.0,0.0,0.0,0.0,0.0,0.0,0.02247191011235955,0.7303370786516854,0.0,0.2247191011235955,0.0,0.0,0.0,0.0,0.011235955056179775,0.0,0.0,0.0,0.011235955056179775,0.0,0.0,0.0,0.0,0.0,0.0
4851 MY Lhx1 Gly-Gaba_1,0.0,0.0,0.0,0.0,0.0,0.0,0.0,0.02631578947368421,0.0,0.9473684210526315,0.0,0.0,0.0,0.0,0.0,0.0,0.0,0.0,0.0,0.02631578947368421,0.0,0.0,0.0,0.0,0.0
4852 MY Lhx1 Gly-Gaba_1,0.0,0.0,0.0,0.0,0.0,0.0,0.0,0.7272727272727273,0.0,0.2727272727272727,0.0,0.0,0.0,0.0,0.0,0.0,0.0,0.0,0.0,0.0,0.0,0.0,0.0,0.0,0.0
4853 MY Lhx1 Gly-Gaba_1,0.0,0.0,0.0,0.0,0.0,0.0,0.0,0.043478260869565216,0.0,0.9347826086956522,0.0,0.0,0.0,0.0,0.0,0.0,0.0,0.0,0.021739130434782608,0.0,0.0,0.0,0.0,0.0,0.0
4854 MY Lhx1 Gly-Gaba_1,0.0,0.0,0.0,0.0,0.02331390507910075,0.0,0.07410491257285595,0.14904246461282264,0.0,0.7160699417152373,0.0008326394671107411,0.0008326394671107411,0.0008326394671107411,0.0,0.0,0.0,0.0,0.00832639467110741,0.01582014987510408,0.010824313072439634,0.0,0.0,0.0,0.0,0.0
4855 MY Lhx1 Gly-Gaba_1,0.0,0.0,0.0,0.0,0.0,0.0,0.0,0.30612244897959184,0.0,0.6938775510204082,0.0,0.0,0.0,0.0,0.0,0.0,0.0,0.0,0.0,0.0,0.0,0.0,0.0,0.0,0.0
4856 MY Lhx1 Gly-Gaba_1,0.0,0.0,0.0,0.0,0.0,0.0,0.0,0.09090909090909091,0.0,0.875,0.0,0.0,0.0,0.0,0.0,0.0,0.0,0.0,0.03409090909090909,0.0,0.0,0.0,0.0,0.0,0.0
4857 MY Lhx1 Gly-Gaba_1,0.0,0.0,0.0,0.0,0.0,0.0,0.0,0.0,0.0,0.9523809523809523,0.0,0.0,0.0,0.0,0.0,0.0,0.0,0.0,0.047619047619047616,0.0,0.0,0.0,0.0,0.0,0.0
4858 MY Lhx1 Gly-Gaba_1,0.0,0.0,0.0,0.0,0.0,0.0,0.07407407407407407,0.7160493827160493,0.0,0.1728395061728395,0.0,0.0,0.0,0.0,0.0,0.0,0.0,0.0,0.0,0.037037037037037035,0.0,0.0,0.0,0.0,0.0
4859 MY Lhx1 Gly-Gaba_1,0.0,0.0,0.0,0.0,0.0,0.0,0.0,0.6875,0.0,0.21875,0.0,0.0,0.0,0.0,0.0,0.0,0.0,0.0,0.09375,0.0,0.0,0.0,0.0,0.0,0.0
4860 MY Lhx1 Gly-Gaba_1,0.0,0.0,0.0,0.0,0.1,0.0,0.1625,0.0625,0.0,0.6375,0.0,0.0,0.0,0.0,0.0,0.0,0.0,0.0125,0.0125,0.0125,0.0,0.0,0.0,0.0,0.0
4861 MY Lhx1 Gly-Gaba_1,0.0,0.0,0.0,0.0,0.0,0.0,0.041666666666666664,0.0,0.0,0.9375,0.0,0.0,0.0,0.0,0.0,0.0,0.0,0.0,0.020833333333333332,0.0,0.0,0.0,0.0,0.0,0.0
4862 MY Lhx1 Gly-Gaba_1,0.0,0.0,0.0,0.0,0.0,0.0,0.023809523809523808,0.047619047619047616,0.0,0.9047619047619048,0.0,0.0,0.0,0.0,0.0,0.0,0.0,0.0,0.023809523809523808,0.0,0.0,0.0,0.0,0.0,0.0
4863 MY Lhx1 Gly-Gaba_1,0.0,0.0,0.0,0.0,0.0,0.0,0.1029082774049217,0.37919463087248323,0.0,0.43847874720357943,0.0,0.0,0.0,0.0,0.0,0.0,0.003355704697986577,0.005592841163310962,0.04586129753914989,0.016778523489932886,0.0,0.007829977628635347,0.0,0.0,0.0
4864 MY Lhx1 Gly-Gaba_1,0.0,0.0007468259895444362,0.0,0.0,0.05302464525765497,0.0,0.6624346527259148,0.0,0.0,0.24719940253920836,0.0,0.0,0.0022404779686333084,0.0,0.0,0.0,0.0,0.01717699775952203,0.008215085884988798,0.0074682598954443615,0.0,0.0007468259895444362,0.0007468259895444362,0.0,0.0
4865 MY Lhx1 Gly-Gaba_1,0.0,0.0,0.0,0.0,0.0,0.0,0.9583333333333334,0.0,0.0,0.041666666666666664,0.0,0.0,0.0,0.0,0.0,0.0,0.0,0.0,0.0,0.0,0.0,0.0,0.0,0.0,0.0
4866 MY Lhx1 Gly-Gaba_1,0.0,0.0,0.0,0.0,0.0,0.0,0.014184397163120567,0.9574468085106383,0.0,0.0070921985815602835,0.0,0.0,0.0,0.0,0.0,0.0,0.0,0.0,0.014184397163120567,0.0070921985815602835,0.0,0.0,0.0,0.0,0.0
4867 MY Lhx1 Gly-Gaba_1,0.0,0.0,0.0,0.0,0.0,0.0,0.0,0.0,0.0,1.0,0.0,0.0,0.0,0.0,0.0,0.0,0.0,0.0,0.0,0.0,0.0,0.0,0.0,0.0,0.0
4868 PGRN-PARN-MDRN Hoxb5 Glut_7,0.0,0.0,0.0,0.0,0.0026109660574412533,0.0,0.0835509138381201,0.5117493472584856,0.0,0.34203655352480417,0.0,0.0,0.0026109660574412533,0.0,0.0,0.0,0.0,0.005221932114882507,0.010443864229765013,0.0391644908616188,0.0,0.0026109660574412533,0.0,0.0,0.0
4869 MY Lhx1 Gly-Gaba_1,0.0,0.0,0.0,0.0,0.0,0.0,0.0,0.9032258064516129,0.0,0.016129032258064516,0.0,0.0,0.0,0.0,0.0,0.0,0.0,0.0,0.0,0.08064516129032258,0.0,0.0,0.0,0.0,0.0
4870 MY Lhx1 Gly-Gaba_1,0.0,0.0,0.0,0.0,0.0,0.0,0.0,0.8925619834710744,0.0,0.0,0.0,0.0,0.0,0.0,0.0,0.0,0.0,0.01652892561983471,0.0,0.08264462809917356,0.0,0.0,0.0,0.0,0.008264462809917356
4871 MY Lhx1 Gly-Gaba_2,0.0,0.0,0.0,0.0,0.0,0.0,0.0,1.0,0.0,0.0,0.0,0.0,0.0,0.0,0.0,0.0,0.0,0.0,0.0,0.0,0.0,0.0,0.0,0.0,0.0
4872 MY Lhx1 Gly-Gaba_2,0.0,0.0,0.0,0.0,0.0,0.0,0.0,1.0,0.0,0.0,0.0,0.0,0.0,0.0,0.0,0.0,0.0,0.0,0.0,0.0,0.0,0.0,0.0,0.0,0.0
4873 MY Lhx1 Gly-Gaba_2,0.0,0.0,0.0,0.0,0.0,0.0,0.037037037037037035,0.5925925925925926,0.0,0.37037037037037035,0.0,0.0,0.0,0.0,0.0,0.0,0.0,0.0,0.0,0.0,0.0,0.0,0.0,0.0,0.0
4874 MY Lhx1 Gly-Gaba_2,0.0,0.0,0.0,0.0,0.0,0.0,0.0,0.8,0.0,0.0,0.0,0.0,0.0,0.0,0.0,0.0,0.0,0.0,0.05,0.15,0.0,0.0,0.0,0.0,0.0
4875 MY Lhx1 Gly-Gaba_2,0.0,0.0,0.0,0.0,0.0,0.0,0.0,1.0,0.0,0.0,0.0,0.0,0.0,0.0,0.0,0.0,0.0,0.0,0.0,0.0,0.0,0.0,0.0,0.0,0.0
4876 MY Lhx1 Gly-Gaba_2,0.0,0.0,0.0,0.0,0.0,0.0,0.0,0.9166666666666666,0.0,0.020833333333333332,0.0,0.0,0.0,0.0,0.041666666666666664,0.0,0.0,0.0,0.020833333333333332,0.0,0.0,0.0,0.0,0.0,0.0
4877 MY Lhx1 Gly-Gaba_2,0.0,0.0,0.0,0.0,0.01818181818181818,0.0,0.0,0.9818181818181818,0.0,0.0,0.0,0.0,0.0,0.0,0.0,0.0,0.0,0.0,0.0,0.0,0.0,0.0,0.0,0.0,0.0
4878 MY Lhx1 Gly-Gaba_2,0.0,0.0,0.0,0.0,0.020072992700729927,0.0,0.010948905109489052,0.7828467153284672,0.0,0.12226277372262774,0.0,0.0,0.0,0.0,0.03832116788321168,0.009124087591240875,0.0,0.0,0.012773722627737226,0.0036496350364963502,0.0,0.0,0.0,0.0,0.0
4879 MY Lhx1 Gly-Gaba_2,0.0,0.0,0.0,0.0,0.0,0.0,0.014388489208633094,0.7841726618705036,0.0,0.1223021582733813,0.0,0.0,0.0,0.0,0.02877697841726619,0.0,0.0,0.007194244604316547,0.014388489208633094,0.02158273381294964,0.0,0.007194244604316547,0.0,0.0,0.0
4880 MY Lhx1 Gly-Gaba_2,0.0,0.0,0.0,0.0,0.0,0.0,0.0,1.0,0.0,0.0,0.0,0.0,0.0,0.0,0.0,0.0,0.0,0.0,0.0,0.0,0.0,0.0,0.0,0.0,0.0
4881 MY Lhx1 Gly-Gaba_2,0.0,0.0,0.0,0.0,0.0,0.0,0.0,1.0,0.0,0.0,0.0,0.0,0.0,0.0,0.0,0.0,0.0,0.0,0.0,0.0,0.0,0.0,0.0,0.0,0.0
4882 MY Lhx1 Gly-Gaba_2,0.0,0.0,0.0,0.0,0.0,0.0,0.0,1.0,0.0,0.0,0.0,0.0,0.0,0.0,0.0,0.0,0.0,0.0,0.0,0.0,0.0,0.0,0.0,0.0,0.0
4883 MY Lhx1 Gly-Gaba_2,0.0,0.0,0.0,0.0,0.0,0.0,0.0,1.0,0.0,0.0,0.0,0.0,0.0,0.0,0.0,0.0,0.0,0.0,0.0,0.0,0.0,0.0,0.0,0.0,0.0
4884 MY Lhx1 Gly-Gaba_2,0.0,0.0,0.0,0.0,0.0,0.0,0.0,0.9,0.0,0.0,0.0,0.0,0.0,0.0,0.0,0.0,0.0,0.0,0.1,0.0,0.0,0.0,0.0,0.0,0.0
4885 MY Lhx1 Gly-Gaba_2,0.0,0.0,0.0,0.0,0.0,0.0,0.0,0.7692307692307693,0.0,0.23076923076923078,0.0,0.0,0.0,0.0,0.0,0.0,0.0,0.0,0.0,0.0,0.0,0.0,0.0,0.0,0.0
4886 MY Lhx1 Gly-Gaba_2,0.0,0.0,0.0,0.0,0.0,0.0,0.0,0.9464285714285714,0.0,0.017857142857142856,0.0,0.0,0.0,0.0,0.017857142857142856,0.017857142857142856,0.0,0.0,0.0,0.0,0.0,0.0,0.0,0.0,0.0
4887 MY Lhx1 Gly-Gaba_2,0.0,0.0,0.0,0.0,0.0,0.0,0.0,0.9557522123893806,0.0,0.02654867256637168,0.0,0.0,0.0,0.0,0.008849557522123894,0.0,0.0,0.0,0.0,0.008849557522123894,0.0,0.0,0.0,0.0,0.0
4888 MY Lhx1 Gly-Gaba_2,0.0,0.0,0.0,0.0,0.0,0.0,0.0,0.93048128342246,0.0,0.06417112299465241,0.0,0.0,0.0,0.0,0.0,0.0,0.0,0.0,0.0,0.0053475935828877,0.0,0.0,0.0,0.0,0.0
4889 MY Lhx1 Gly-Gaba_2,0.0,0.0,0.0,0.0,0.0,0.0,0.0,0.7755102040816326,0.0,0.07142857142857142,0.0,0.0,0.0,0.0,0.12244897959183673,0.01020408163265306,0.0,0.0,0.02040816326530612,0.0,0.0,0.0,0.0,0.0,0.0
4890 MY Lhx1 Gly-Gaba_3,0.0,0.0,0.0,0.0,0.0,0.0,0.0,0.9583333333333334,0.0,0.0,0.0,0.0,0.0,0.0,0.0,0.0,0.0,0.0,0.041666666666666664,0.0,0.0,0.0,0.0,0.0,0.0
4891 MY Lhx1 Gly-Gaba_3,0.0,0.0,0.0,0.0,0.0,0.0,0.0,0.36666666666666664,0.0,0.5333333333333333,0.0,0.0,0.0,0.0,0.0,0.0,0.0,0.03333333333333333,0.06666666666666667,0.0,0.0,0.0,0.0,0.0,0.0
4892 MY Lhx1 Gly-Gaba_3,0.0,0.0,0.0,0.0,0.0,0.0,0.0,0.0,0.0,0.8780487804878049,0.0,0.0,0.0,0.0,0.0,0.0,0.0,0.012195121951219513,0.036585365853658534,0.07317073170731707,0.0,0.0,0.0,0.0,0.0
4893 MY Lhx1 Gly-Gaba_3,0.0,0.0,0.0,0.0,0.016042780748663103,0.0,0.0,0.2620320855614973,0.0,0.6844919786096256,0.0,0.0,0.0,0.0,0.0,0.0,0.0,0.0053475935828877,0.03208556149732621,0.0,0.0,0.0,0.0,0.0,0.0
4894 MY Lhx1 Gly-Gaba_3,0.0,0.02040816326530612,0.0,0.0,0.0,0.0,0.0,0.0,0.0,0.7346938775510204,0.0,0.0,0.0,0.0,0.0,0.0,0.0,0.08163265306122448,0.08163265306122448,0.04081632653061224,0.0,0.0,0.0,0.0,0.04081632653061224
4895 MY Lhx1 Gly-Gaba_3,0.0,0.0,0.0,0.0,0.0,0.0,0.0,0.18181818181818182,0.0,0.8181818181818182,0.0,0.0,0.0,0.0,0.0,0.0,0.0,0.0,0.0,0.0,0.0,0.0,0.0,0.0,0.0
4896 MY Lhx1 Gly-Gaba_3,0.0,0.0,0.0,0.0,0.0,0.0,0.0,0.0,0.0,0.8888888888888888,0.0,0.0,0.0,0.0,0.0,0.0,0.0,0.0,0.022222222222222223,0.08888888888888889,0.0,0.0,0.0,0.0,0.0
4897 MY Lhx1 Gly-Gaba_3,0.0,0.0,0.0,0.0,0.0,0.0,0.0,0.18181818181818182,0.0,0.8,0.0,0.0,0.0,0.0,0.0,0.0,0.0,0.0,0.01818181818181818,0.0,0.0,0.0,0.0,0.0,0.0
4898 MY Lhx1 Gly-Gaba_3,0.0,0.014492753623188406,0.0,0.0,0.0,0.0,0.0,0.37681159420289856,0.0,0.4927536231884058,0.0,0.0,0.0,0.0,0.0,0.0,0.0,0.057971014492753624,0.028985507246376812,0.028985507246376812,0.0,0.0,0.0,0.0,0.0
4899 MY Lhx1 Gly-Gaba_3,0.0,0.23333333333333334,0.0,0.0,0.0,0.0,0.0,0.1,0.0,0.45,0.0,0.0,0.0,0.0,0.0,0.0,0.0,0.16666666666666666,0.05,0.0,0.0,0.0,0.0,0.0,0.0
4900 MY Lhx1 Gly-Gaba_3,0.0,0.0,0.0,0.0,0.0,0.0,0.0,1.0,0.0,0.0,0.0,0.0,0.0,0.0,0.0,0.0,0.0,0.0,0.0,0.0,0.0,0.0,0.0,0.0,0.0
4901 MY Lhx1 Gly-Gaba_3,0.0,0.0,0.0,0.0,0.0,0.0,0.0,0.01694915254237288,0.0,0.9830508474576272,0.0,0.0,0.0,0.0,0.0,0.0,0.0,0.0,0.0,0.0,0.0,0.0,0.0,0.0,0.0
4902 MY Lhx1 Gly-Gaba_3,0.0,0.0,0.0,0.0,0.0,0.0,0.0,0.0,0.0,1.0,0.0,0.0,0.0,0.0,0.0,0.0,0.0,0.0,0.0,0.0,0.0,0.0,0.0,0.0,0.0
4903 MY Lhx1 Gly-Gaba_3,0.0,0.06349206349206349,0.0,0.0,0.0,0.0,0.015873015873015872,0.19047619047619047,0.0,0.7301587301587301,0.0,0.0,0.0,0.0,0.0,0.0,0.0,0.0,0.0,0.0,0.0,0.0,0.0,0.0,0.0
4904 MY Lhx1 Gly-Gaba_4,0.0,0.0,0.0,0.0,0.0,0.0,0.0,1.0,0.0,0.0,0.0,0.0,0.0,0.0,0.0,0.0,0.0,0.0,0.0,0.0,0.0,0.0,0.0,0.0,0.0
4905 MY Lhx1 Gly-Gaba_4,0.0,0.0,0.0,0.0,0.0,0.0,0.0,1.0,0.0,0.0,0.0,0.0,0.0,0.0,0.0,0.0,0.0,0.0,0.0,0.0,0.0,0.0,0.0,0.0,0.0
4906 MY Lhx1 Gly-Gaba_4,0.0,0.0,0.0,0.0,0.0,0.0,0.0,1.0,0.0,0.0,0.0,0.0,0.0,0.0,0.0,0.0,0.0,0.0,0.0,0.0,0.0,0.0,0.0,0.0,0.0
4907 MY Lhx1 Gly-Gaba_4,0.0,0.0,0.0,0.0,0.0,0.0,0.0,0.75,0.0,0.25,0.0,0.0,0.0,0.0,0.0,0.0,0.0,0.0,0.0,0.0,0.0,0.0,0.0,0.0,0.0
4908 MY Lhx1 Gly-Gaba_4,0.0,0.0,0.0,0.0,0.0,0.0,0.0,1.0,0.0,0.0,0.0,0.0,0.0,0.0,0.0,0.0,0.0,0.0,0.0,0.0,0.0,0.0,0.0,0.0,0.0
4909 MY Lhx1 Gly-Gaba_4,0.0,0.0,0.0,0.0,0.0,0.0,0.0,0.8888888888888888,0.0,0.1111111111111111,0.0,0.0,0.0,0.0,0.0,0.0,0.0,0.0,0.0,0.0,0.0,0.0,0.0,0.0,0.0
4910 MY Lhx1 Gly-Gaba_4,0.0,0.0,0.0,0.0,0.0,0.0,0.0,1.0,0.0,0.0,0.0,0.0,0.0,0.0,0.0,0.0,0.0,0.0,0.0,0.0,0.0,0.0,0.0,0.0,0.0
4911 MY Lhx1 Gly-Gaba_4,0.0,0.0,0.0,0.0,0.0,0.0,0.0,1.0,0.0,0.0,0.0,0.0,0.0,0.0,0.0,0.0,0.0,0.0,0.0,0.0,0.0,0.0,0.0,0.0,0.0
4912 MY Lhx1 Gly-Gaba_5,0.0,0.0,0.0,0.0,0.0,0.0,0.0,1.0,0.0,0.0,0.0,0.0,0.0,0.0,0.0,0.0,0.0,0.0,0.0,0.0,0.0,0.0,0.0,0.0,0.0
4913 MY Lhx1 Gly-Gaba_5,0.0,0.006172839506172839,0.0,0.0,0.0,0.0,0.0,0.9814814814814815,0.0,0.006172839506172839,0.0,0.0,0.0,0.0,0.0,0.0,0.0,0.0,0.006172839506172839,0.0,0.0,0.0,0.0,0.0,0.0
4914 MY Lhx1 Gly-Gaba_5,0.0,0.0004784688995215311,0.0,0.0,0.011004784688995215,0.0,0.02057416267942584,0.6995215311004784,0.0,0.2516746411483254,0.0,0.0,0.0,0.0,0.0004784688995215311,0.0014354066985645933,0.0,0.0014354066985645933,0.006220095693779904,0.0066985645933014355,0.0,0.0,0.0,0.0,0.0004784688995215311
4915 MY Lhx1 Gly-Gaba_5,0.0,0.0,0.0,0.0,0.0,0.0,0.0,1.0,0.0,0.0,0.0,0.0,0.0,0.0,0.0,0.0,0.0,0.0,0.0,0.0,0.0,0.0,0.0,0.0,0.0
4916 MY Lhx1 Gly-Gaba_5,0.0,0.0,0.0,0.0,0.0,0.0,0.0,1.0,0.0,0.0,0.0,0.0,0.0,0.0,0.0,0.0,0.0,0.0,0.0,0.0,0.0,0.0,0.0,0.0,0.0
4917 MY Lhx1 Gly-Gaba_5,0.0,0.0,0.0,0.0,0.0,0.0,0.0,0.975,0.0,0.025,0.0,0.0,0.0,0.0,0.0,0.0,0.0,0.0,0.0,0.0,0.0,0.0,0.0,0.0,0.0
4918 MY Lhx1 Gly-Gaba_5,0.0,0.0,0.0,0.0,0.0,0.0,0.0,1.0,0.0,0.0,0.0,0.0,0.0,0.0,0.0,0.0,0.0,0.0,0.0,0.0,0.0,0.0,0.0,0.0,0.0
4919 MY Lhx1 Gly-Gaba_5,0.0,0.0,0.0,0.0,0.0,0.0,0.0,1.0,0.0,0.0,0.0,0.0,0.0,0.0,0.0,0.0,0.0,0.0,0.0,0.0,0.0,0.0,0.0,0.0,0.0
4920 MY Lhx1 Gly-Gaba_5,0.0,0.0,0.0,0.0,0.0,0.0,0.0,0.0,0.0,0.6666666666666666,0.0,0.0,0.0,0.0,0.0,0.0,0.0,0.0,0.0,0.3333333333333333,0.0,0.0,0.0,0.0,0.0
4921 MY Lhx1 Gly-Gaba_6,0.0,0.0,0.0,0.0,0.0,0.0,0.0,0.8888888888888888,0.0,0.08333333333333333,0.0,0.0,0.0,0.0,0.0,0.0,0.0,0.0,0.027777777777777776,0.0,0.0,0.0,0.0,0.0,0.0
4922 MY Lhx1 Gly-Gaba_6,0.0,0.0,0.0,0.0,0.0,0.0,0.0,0.8846153846153846,0.0,0.11538461538461539,0.0,0.0,0.0,0.0,0.0,0.0,0.0,0.0,0.0,0.0,0.0,0.0,0.0,0.0,0.0
4923 MY Lhx1 Gly-Gaba_7,0.0,0.0,0.0,0.0,0.0,0.0,0.0,0.22058823529411764,0.0,0.7647058823529411,0.0,0.0,0.0,0.0,0.0,0.0,0.0,0.0,0.014705882352941176,0.0,0.0,0.0,0.0,0.0,0.0
4924 MY Lhx1 Gly-Gaba_7,0.0,0.0,0.0,0.0,0.0,0.0,0.0,1.0,0.0,0.0,0.0,0.0,0.0,0.0,0.0,0.0,0.0,0.0,0.0,0.0,0.0,0.0,0.0,0.0,0.0
4925 MY Lhx1 Gly-Gaba_8,0.0,0.05319148936170213,0.0,0.0,0.006382978723404255,0.0,0.006382978723404255,0.4531914893617021,0.0,0.3191489361702128,0.002127659574468085,0.0,0.0,0.0,0.0,0.00851063829787234,0.002127659574468085,0.03404255319148936,0.1127659574468085,0.002127659574468085,0.0,0.0,0.0,0.0,0.0
4926 MY Lhx1 Gly-Gaba_9,0.0,0.0,0.0,0.0,0.0,0.0,0.0,1.0,0.0,0.0,0.0,0.0,0.0,0.0,0.0,0.0,0.0,0.0,0.0,0.0,0.0,0.0,0.0,0.0,0.0
4927 MY Lhx1 Gly-Gaba_9,0.0,0.0,0.0,0.0,0.0,0.0,0.0,1.0,0.0,0.0,0.0,0.0,0.0,0.0,0.0,0.0,0.0,0.0,0.0,0.0,0.0,0.0,0.0,0.0,0.0
4928 MY Lhx1 Gly-Gaba_9,0.0,0.0,0.0,0.0,0.0,0.0,0.0,1.0,0.0,0.0,0.0,0.0,0.0,0.0,0.0,0.0,0.0,0.0,0.0,0.0,0.0,0.0,0.0,0.0,0.0
4929 MY Lhx1 Gly-Gaba_9,0.0,0.0,0.0,0.0,0.0,0.0,0.0,0.9534883720930233,0.0,0.023255813953488372,0.0,0.0,0.0,0.0,0.0,0.0,0.0,0.0,0.023255813953488372,0.0,0.0,0.0,0.0,0.0,0.0
4930 MY Lhx1 Gly-Gaba_9,0.0,0.0,0.0,0.0,0.0,0.0,0.0056179775280898875,0.9719101123595506,0.0,0.016853932584269662,0.0,0.0,0.0,0.0,0.0,0.0,0.0,0.0,0.0,0.0056179775280898875,0.0,0.0,0.0,0.0,0.0
4931 MY Lhx1 Gly-Gaba_9,0.0,0.0,0.0,0.0,0.0,0.0,0.0,0.8739255014326648,0.0,0.06303724928366762,0.0,0.0,0.0,0.0,0.0,0.0,0.0,0.0,0.03151862464183381,0.022922636103151862,0.0,0.008595988538681949,0.0,0.0,0.0
4932 PPY-PGRNl Vip Glyc-Gaba_1,0.0,0.0,0.0,0.0,0.0,0.0,0.0,0.92,0.0,0.0,0.0,0.0,0.0,0.0,0.0,0.0,0.0,0.0,0.04,0.04,0.0,0.0,0.0,0.0,0.0
4933 PPY-PGRNl Vip Glyc-Gaba_1,0.0,0.004807692307692308,0.0,0.0,0.0,0.0,0.0,0.9519230769230769,0.0,0.004807692307692308,0.0,0.0,0.0,0.0,0.0,0.004807692307692308,0.004807692307692308,0.0,0.004807692307692308,0.019230769230769232,0.0,0.004807692307692308,0.0,0.0,0.0
4934 PPY-PGRNl Vip Glyc-Gaba_1,0.0,0.010309278350515464,0.0,0.0,0.0,0.0,0.0,0.9587628865979382,0.0,0.0,0.0,0.0,0.0,0.0,0.010309278350515464,0.010309278350515464,0.0,0.0,0.0,0.010309278350515464,0.0,0.0,0.0,0.0,0.0
4935 MV-SPIV-PRP Dmbx1 Gly-Gaba_1,0.0,0.40869565217391307,0.0,0.0,0.0,0.0,0.043478260869565216,0.40869565217391307,0.0,0.008695652173913044,0.0,0.0,0.0,0.0,0.0,0.0,0.0,0.13043478260869565,0.0,0.0,0.0,0.0,0.0,0.0,0.0
4936 MV-SPIV-PRP Dmbx1 Gly-Gaba_1,0.0,0.17647058823529413,0.0,0.0,0.0,0.0,0.0,0.75,0.0,0.0,0.0,0.0,0.0,0.0,0.051470588235294115,0.0,0.0,0.014705882352941176,0.007352941176470588,0.0,0.0,0.0,0.0,0.0,0.0
4937 MV-SPIV-PRP Dmbx1 Gly-Gaba_1,0.0,0.0,0.0,0.0,0.0,0.0,0.0,0.8333333333333334,0.0,0.0,0.0,0.0,0.0,0.0,0.05555555555555555,0.1111111111111111,0.0,0.0,0.0,0.0,0.0,0.0,0.0,0.0,0.0
4938 MV-SPIV-PRP Dmbx1 Gly-Gaba_1,0.0,0.08695652173913043,0.0,0.0,0.0,0.0,0.0,0.6521739130434783,0.0,0.0,0.0,0.0,0.0,0.0,0.21739130434782608,0.043478260869565216,0.0,0.0,0.0,0.0,0.0,0.0,0.0,0.0,0.0
4939 MV-SPIV-PRP Dmbx1 Gly-Gaba_1,0.0,0.0,0.0,0.0,0.0,0.0,0.0,1.0,0.0,0.0,0.0,0.0,0.0,0.0,0.0,0.0,0.0,0.0,0.0,0.0,0.0,0.0,0.0,0.0,0.0
4940 MV-SPIV-PRP Dmbx1 Gly-Gaba_1,0.0,0.3333333333333333,0.0,0.0,0.0,0.0,0.0,0.3333333333333333,0.0,0.0,0.0,0.0,0.0,0.0,0.3333333333333333,0.0,0.0,0.0,0.0,0.0,0.0,0.0,0.0,0.0,0.0
4941 MV-SPIV-PRP Dmbx1 Gly-Gaba_1,0.0,0.00980392156862745,0.0,0.0,0.0,0.0,0.0,0.9117647058823529,0.0,0.0,0.0,0.0,0.0,0.0,0.03431372549019608,0.0196078431372549,0.0,0.004901960784313725,0.0196078431372549,0.0,0.0,0.0,0.0,0.0,0.0
4942 MV-SPIV-PRP Dmbx1 Gly-Gaba_1,0.0,0.0,0.0,0.0,0.0,0.0,0.0,0.8235294117647058,0.0,0.0,0.0,0.0,0.0,0.0,0.08823529411764706,0.08823529411764706,0.0,0.0,0.0,0.0,0.0,0.0,0.0,0.0,0.0
4943 MV-SPIV-PRP Dmbx1 Gly-Gaba_1,0.0,0.0,0.0,0.0,0.0,0.0,0.0,0.6842105263157895,0.0,0.0,0.0,0.0,0.0,0.0,0.10526315789473684,0.21052631578947367,0.0,0.0,0.0,0.0,0.0,0.0,0.0,0.0,0.0
4944 MV-SPIV-PRP Dmbx1 Gly-Gaba_1,0.0,0.0,0.0,0.0,0.0,0.0,0.0,0.95,0.0,0.0,0.0,0.0,0.0,0.0,0.025,0.025,0.0,0.0,0.0,0.0,0.0,0.0,0.0,0.0,0.0
4945 MV-SPIV-PRP Dmbx1 Gly-Gaba_1,0.0,0.010526315789473684,0.0,0.0,0.0,0.0,0.0,0.8842105263157894,0.0,0.021052631578947368,0.0,0.0,0.0,0.0,0.05263157894736842,0.010526315789473684,0.0,0.021052631578947368,0.0,0.0,0.0,0.0,0.0,0.0,0.0
4946 MV-SPIV-PRP Dmbx1 Gly-Gaba_2,0.0,0.0,0.0,0.0,0.0,0.0,0.0,0.5714285714285714,0.0,0.0,0.0,0.0,0.0,0.0,0.3492063492063492,0.047619047619047616,0.0,0.0,0.031746031746031744,0.0,0.0,0.0,0.0,0.0,0.0
4947 MV-SPIV-PRP Dmbx1 Gly-Gaba_2,0.0,0.03636363636363636,0.0,0.0,0.0,0.0,0.0,0.43636363636363634,0.0,0.01818181818181818,0.0,0.0,0.0,0.0,0.32727272727272727,0.18181818181818182,0.0,0.0,0.0,0.0,0.0,0.0,0.0,0.0,0.0
4948 MV-SPIV-PRP Dmbx1 Gly-Gaba_3,0.0,0.3684210526315789,0.0,0.0,0.0,0.0,0.05263157894736842,0.21052631578947367,0.0,0.3157894736842105,0.0,0.0,0.0,0.0,0.0,0.0,0.0,0.05263157894736842,0.0,0.0,0.0,0.0,0.0,0.0,0.0
4949 MV-SPIV-PRP Dmbx1 Gly-Gaba_3,0.0,0.3533834586466165,0.0,0.0,0.0,0.0,0.0,0.015037593984962405,0.0,0.3233082706766917,0.0,0.0,0.0,0.0,0.0,0.0,0.0,0.3082706766917293,0.0,0.0,0.0,0.0,0.0,0.0,0.0
4950 MDRN Hoxb5 Ebf2 Gly-Gaba_1,0.0,0.0,0.0,0.0,0.0,0.0,0.07142857142857142,0.8571428571428571,0.0,0.0,0.0,0.0,0.0,0.0,0.0,0.07142857142857142,0.0,0.0,0.0,0.0,0.0,0.0,0.0,0.0,0.0
4951 MDRN Hoxb5 Ebf2 Gly-Gaba_1,0.0,0.0,0.0,0.0,0.0,0.0,0.06818181818181818,0.7272727272727273,0.0,0.18181818181818182,0.0,0.0,0.0,0.0,0.0,0.0,0.0,0.0,0.0,0.022727272727272728,0.0,0.0,0.0,0.0,0.0
4952 MDRN Hoxb5 Ebf2 Gly-Gaba_1,0.0,0.0,0.0,0.0,0.0,0.0,0.0,1.0,0.0,0.0,0.0,0.0,0.0,0.0,0.0,0.0,0.0,0.0,0.0,0.0,0.0,0.0,0.0,0.0,0.0
4953 MDRN Hoxb5 Ebf2 Gly-Gaba_1,0.0,0.0,0.0,0.0,0.0,0.0,0.0,0.7045454545454546,0.0,0.0,0.0,0.0,0.0,0.0,0.09090909090909091,0.09090909090909091,0.0,0.0,0.11363636363636363,0.0,0.0,0.0,0.0,0.0,0.0
4954 MDRN Hoxb5 Ebf2 Gly-Gaba_1,0.0,0.0,0.0,0.0,0.0,0.0,0.0,0.8823529411764706,0.0,0.0,0.0,0.0,0.0,0.0,0.058823529411764705,0.0,0.0,0.0,0.058823529411764705,0.0,0.0,0.0,0.0,0.0,0.0
4955 MDRN Hoxb5 Ebf2 Gly-Gaba_1,0.0,0.0,0.0,0.0,0.0,0.0,0.0,1.0,0.0,0.0,0.0,0.0,0.0,0.0,0.0,0.0,0.0,0.0,0.0,0.0,0.0,0.0,0.0,0.0,0.0
4956 MDRNd Prox1 Pax6 Gly-Gaba_1,0.0,0.0,0.0,0.0,0.0,0.0,0.0,1.0,0.0,0.0,0.0,0.0,0.0,0.0,0.0,0.0,0.0,0.0,0.0,0.0,0.0,0.0,0.0,0.0,0.0
4957 MDRNd Prox1 Pax6 Gly-Gaba_1,0.0,0.0,0.0,0.0,0.0,0.0,0.0,1.0,0.0,0.0,0.0,0.0,0.0,0.0,0.0,0.0,0.0,0.0,0.0,0.0,0.0,0.0,0.0,0.0,0.0
4958 MDRNd Prox1 Pax6 Gly-Gaba_1,0.0,0.0,0.0,0.0,0.0,0.0,0.0,0.0,0.0,1.0,0.0,0.0,0.0,0.0,0.0,0.0,0.0,0.0,0.0,0.0,0.0,0.0,0.0,0.0,0.0
4959 MY Prox1 Lmo7 Gly-Gaba_1,0.0,0.044444444444444446,0.0,0.0,0.0,0.0,0.0,0.15555555555555556,0.0,0.7555555555555555,0.0,0.0,0.0,0.0,0.022222222222222223,0.0,0.0,0.022222222222222223,0.0,0.0,0.0,0.0,0.0,0.0,0.0
4960 MY Prox1 Lmo7 Gly-Gaba_1,0.0,0.0,0.0,0.0,0.0,0.0,0.0,0.875968992248062,0.0,0.07751937984496124,0.0,0.0,0.0,0.0,0.0,0.007751937984496124,0.0,0.007751937984496124,0.015503875968992248,0.015503875968992248,0.0,0.0,0.0,0.0,0.0
4961 MY Prox1 Lmo7 Gly-Gaba_1,0.0,0.0,0.0,0.0,0.0,0.0,0.0,0.78125,0.0,0.1875,0.0,0.0,0.0,0.0,0.0,0.0,0.0,0.0,0.0,0.03125,0.0,0.0,0.0,0.0,0.0
4962 MY Prox1 Lmo7 Gly-Gaba_1,0.0,0.0,0.0,0.0,0.0,0.0,0.0,0.12121212121212122,0.0,0.8787878787878788,0.0,0.0,0.0,0.0,0.0,0.0,0.0,0.0,0.0,0.0,0.0,0.0,0.0,0.0,0.0
4963 MY Prox1 Lmo7 Gly-Gaba_1,0.0,0.015151515151515152,0.0,0.0,0.0,0.0,0.0,0.8181818181818182,0.0,0.0,0.0,0.0,0.0,0.0,0.015151515151515152,0.015151515151515152,0.0,0.045454545454545456,0.045454545454545456,0.045454545454545456,0.0,0.0,0.0,0.0,0.0
4964 MY Prox1 Lmo7 Gly-Gaba_1,0.0,0.0,0.0,0.0,0.0,0.0,0.0,0.8440366972477065,0.0,0.045871559633027525,0.0,0.0,0.0,0.0,0.009174311926605505,0.0,0.0,0.009174311926605505,0.05504587155963303,0.03669724770642202,0.0,0.0,0.0,0.0,0.0
4965 NTS-MDRNd Prox1 Zic1 Gly-Gaba_1,0.0,0.16666666666666666,0.0,0.0,0.0,0.0,0.0,0.25,0.0,0.0,0.0,0.0,0.0,0.0,0.08333333333333333,0.0,0.16666666666666666,0.0,0.0,0.0,0.0,0.0,0.0,0.0,0.3333333333333333
4966 NTS-MDRNd Prox1 Zic1 Gly-Gaba_1,0.0,1.0,0.0,0.0,0.0,0.0,0.0,0.0,0.0,0.0,0.0,0.0,0.0,0.0,0.0,0.0,0.0,0.0,0.0,0.0,0.0,0.0,0.0,0.0,0.0
4967 NTS-MDRNd Prox1 Zic1 Gly-Gaba_1,0.0,0.15384615384615385,0.0,0.0,0.0,0.0,0.0,0.6923076923076923,0.0,0.0,0.0,0.0,0.0,0.0,0.0,0.0,0.0,0.07692307692307693,0.0,0.0,0.0,0.0,0.0,0.0,0.07692307692307693
4968 NTS-MDRNd Prox1 Zic1 Gly-Gaba_1,0.0,0.07142857142857142,0.0,0.0,0.0,0.0,0.0,0.21428571428571427,0.0,0.14285714285714285,0.0,0.0,0.0,0.0,0.35714285714285715,0.14285714285714285,0.0,0.07142857142857142,0.0,0.0,0.0,0.0,0.0,0.0,0.0
4969 NTS-MDRNd Prox1 Zic1 Gly-Gaba_2,0.0,0.1111111111111111,0.0,0.0,0.0,0.0,0.0,0.8888888888888888,0.0,0.0,0.0,0.0,0.0,0.0,0.0,0.0,0.0,0.0,0.0,0.0,0.0,0.0,0.0,0.0,0.0
4970 NTS-MDRNd Prox1 Zic1 Gly-Gaba_2,0.0,0.0,0.0,0.0,0.0,0.0,0.0,1.0,0.0,0.0,0.0,0.0,0.0,0.0,0.0,0.0,0.0,0.0,0.0,0.0,0.0,0.0,0.0,0.0,0.0
4971 MV Nkx6-1 Gly-Gaba_1,0.0,0.0,0.0,0.0,0.0,0.0,0.0,0.5913978494623656,0.0,0.0,0.0,0.0,0.0,0.0,0.3118279569892473,0.0967741935483871,0.0,0.0,0.0,0.0,0.0,0.0,0.0,0.0,0.0
4972 MV Nkx6-1 Gly-Gaba_1,0.0,0.0,0.0,0.0,0.0,0.0,0.0,0.5666666666666667,0.0,0.016666666666666666,0.0,0.0,0.0,0.0,0.3333333333333333,0.08333333333333333,0.0,0.0,0.0,0.0,0.0,0.0,0.0,0.0,0.0
4973 MV Nkx6-1 Gly-Gaba_1,0.0,0.0,0.0,0.0,0.0,0.0,0.0,0.5,0.0,0.0,0.0,0.0,0.0,0.0,0.16666666666666666,0.3333333333333333,0.0,0.0,0.0,0.0,0.0,0.0,0.0,0.0,0.0
4974 MV Nkx6-1 Gly-Gaba_1,0.0,0.0,0.0,0.0,0.0,0.0,0.0,0.6,0.0,0.0,0.0,0.0,0.0,0.0,0.4,0.0,0.0,0.0,0.0,0.0,0.0,0.0,0.0,0.0,0.0
4975 MV Nkx6-1 Gly-Gaba_1,0.0,0.020134228187919462,0.0,0.0,0.0,0.0,0.0,0.33557046979865773,0.0,0.0,0.0,0.0,0.0,0.0,0.4899328859060403,0.12751677852348994,0.0,0.026845637583892617,0.0,0.0,0.0,0.0,0.0,0.0,0.0
4976 MV Nkx6-1 Gly-Gaba_1,0.0,0.0,0.0,0.0,0.0,0.0,0.0,0.36585365853658536,0.0,0.0,0.0,0.0,0.0,0.0,0.43902439024390244,0.17073170731707318,0.0,0.024390243902439025,0.0,0.0,0.0,0.0,0.0,0.0,0.0
4977 MV Nkx6-1 Gly-Gaba_2,0.0,0.007352941176470588,0.0,0.0,0.0,0.0,0.0,0.8382352941176471,0.0,0.0,0.0,0.0,0.0,0.0,0.11764705882352941,0.029411764705882353,0.0,0.007352941176470588,0.0,0.0,0.0,0.0,0.0,0.0,0.0
4978 MV Nkx6-1 Gly-Gaba_2,0.0,0.005319148936170213,0.0,0.0,0.0,0.0,0.0,0.9042553191489362,0.0,0.0,0.0,0.0,0.0,0.0,0.05319148936170213,0.03723404255319149,0.0,0.0,0.0,0.0,0.0,0.0,0.0,0.0,0.0
4979 PAS-MV Ebf2 Gly-Gaba_1,0.0,0.05660377358490566,0.0,0.0,0.0,0.0,0.0,0.6540880503144654,0.0,0.0,0.0,0.0,0.0,0.0,0.2389937106918239,0.03773584905660377,0.0,0.012578616352201259,0.0,0.0,0.0,0.0,0.0,0.0,0.0
4980 PAS-MV Ebf2 Gly-Gaba_1,0.0,0.00909090909090909,0.0,0.0,0.0,0.0,0.0,0.6727272727272727,0.0,0.0,0.0,0.0,0.0,0.0,0.2727272727272727,0.045454545454545456,0.0,0.0,0.0,0.0,0.0,0.0,0.0,0.0,0.0
4981 PAS-MV Ebf2 Gly-Gaba_1,0.0,0.5,0.0,0.0,0.0,0.0,0.0,0.3387096774193548,0.0,0.03225806451612903,0.0,0.0,0.0,0.0,0.11290322580645161,0.016129032258064516,0.0,0.0,0.0,0.0,0.0,0.0,0.0,0.0,0.0
4982 PAS-MV Ebf2 Gly-Gaba_1,0.0,0.026785714285714284,0.0,0.0,0.0,0.0,0.0,0.8839285714285714,0.0,0.008928571428571428,0.0,0.0,0.0,0.0,0.026785714285714284,0.03571428571428571,0.0,0.0,0.017857142857142856,0.0,0.0,0.0,0.0,0.0,0.0
4983 PAS-MV Ebf2 Gly-Gaba_2,0.0,0.0,0.0,0.0,0.0,0.0,0.0,0.7857142857142857,0.0,0.0,0.0,0.0,0.0,0.0,0.0,0.21428571428571427,0.0,0.0,0.0,0.0,0.0,0.0,0.0,0.0,0.0
4984 PAS-MV Ebf2 Gly-Gaba_2,0.0,0.09090909090909091,0.0,0.0,0.0,0.0,0.0,0.8743315508021391,0.0,0.00267379679144385,0.0,0.0,0.0,0.0,0.0,0.00267379679144385,0.0213903743315508,0.00267379679144385,0.00267379679144385,0.0,0.0,0.0,0.0,0.0,0.00267379679144385
4985 PAS-MV Ebf2 Gly-Gaba_2,0.0,0.20588235294117646,0.0,0.0,0.0,0.0,0.0,0.6764705882352942,0.0,0.0,0.0,0.0,0.0,0.0,0.029411764705882353,0.08823529411764706,0.0,0.0,0.0,0.0,0.0,0.0,0.0,0.0,0.0
4986 PAS-MV Ebf2 Gly-Gaba_2,0.0,0.1111111111111111,0.0,0.0,0.0,0.0,0.0,0.8148148148148148,0.0,0.0,0.0,0.0,0.0,0.0,0.0,0.024691358024691357,0.04938271604938271,0.0,0.0,0.0,0.0,0.0,0.0,0.0,0.0
4987 PAS-MV Ebf2 Gly-Gaba_2,0.0,0.17647058823529413,0.0,0.0,0.0,0.0,0.0,0.7058823529411765,0.0,0.0,0.0,0.0,0.0,0.0,0.0,0.0,0.058823529411764705,0.0,0.029411764705882353,0.0,0.0,0.0,0.0,0.0,0.029411764705882353
4988 PAS-MV Ebf2 Gly-Gaba_3,0.0,0.0,0.0,0.0,0.0,0.0,0.0,0.95,0.0,0.0,0.0,0.0,0.0,0.0,0.05,0.0,0.0,0.0,0.0,0.0,0.0,0.0,0.0,0.0,0.0
4989 PAS-MV Ebf2 Gly-Gaba_3,0.0,0.047619047619047616,0.0,0.0,0.0,0.0,0.0,0.6825396825396826,0.0,0.0,0.0,0.0,0.0,0.0,0.19047619047619047,0.07936507936507936,0.0,0.0,0.0,0.0,0.0,0.0,0.0,0.0,0.0
4990 PAS-MV Ebf2 Gly-Gaba_3,0.0,0.14285714285714285,0.0,0.0,0.0,0.0,0.0,0.5,0.0,0.0,0.0,0.0,0.0,0.0,0.2857142857142857,0.07142857142857142,0.0,0.0,0.0,0.0,0.0,0.0,0.0,0.0,0.0
4991 PAS-MV Ebf2 Gly-Gaba_3,0.0,0.21739130434782608,0.0,0.0,0.0,0.0,0.0,0.43478260869565216,0.0,0.0,0.0,0.0,0.0,0.0,0.2608695652173913,0.08695652173913043,0.0,0.0,0.0,0.0,0.0,0.0,0.0,0.0,0.0
4992 PAS-MV Ebf2 Gly-Gaba_3,0.0,0.0,0.0,0.0,0.0,0.0,0.0,0.8571428571428571,0.0,0.0,0.0,0.0,0.0,0.0,0.07142857142857142,0.0,0.0,0.07142857142857142,0.0,0.0,0.0,0.0,0.0,0.0,0.0
4993 PAS-MV Ebf2 Gly-Gaba_4,0.0,0.0,0.0,0.0,0.0,0.0,0.0,1.0,0.0,0.0,0.0,0.0,0.0,0.0,0.0,0.0,0.0,0.0,0.0,0.0,0.0,0.0,0.0,0.0,0.0
4994 MV Pax6 Gly-Gaba_1,0.0,0.0,0.0,0.0,0.0,0.0,0.0,0.5769230769230769,0.0,0.4230769230769231,0.0,0.0,0.0,0.0,0.0,0.0,0.0,0.0,0.0,0.0,0.0,0.0,0.0,0.0,0.0
4995 MV Pax6 Gly-Gaba_1,0.0,0.14492753623188406,0.0,0.0,0.0,0.0,0.0,0.6376811594202898,0.0,0.014492753623188406,0.0,0.0,0.0,0.0,0.15942028985507245,0.014492753623188406,0.0,0.014492753623188406,0.014492753623188406,0.0,0.0,0.0,0.0,0.0,0.0
4996 MV Pax6 Gly-Gaba_1,0.0,0.0,0.0,0.0,0.0,0.0,0.0,0.8571428571428571,0.0,0.09523809523809523,0.0,0.0,0.0,0.0,0.047619047619047616,0.0,0.0,0.0,0.0,0.0,0.0,0.0,0.0,0.0,0.0
4997 MV Pax6 Gly-Gaba_1,0.0,0.10144927536231885,0.0,0.0,0.0,0.0,0.0,0.7246376811594203,0.0,0.11594202898550725,0.0,0.0,0.0,0.0,0.057971014492753624,0.0,0.0,0.0,0.0,0.0,0.0,0.0,0.0,0.0,0.0
4998 MV Pax6 Gly-Gaba_2,0.0,0.18181818181818182,0.0,0.0,0.0,0.0,0.0,0.7727272727272727,0.0,0.0,0.0,0.0,0.0,0.0,0.022727272727272728,0.022727272727272728,0.0,0.0,0.0,0.0,0.0,0.0,0.0,0.0,0.0
4999 MV Pax6 Gly-Gaba_2,0.0,0.2647058823529412,0.0,0.0,0.0,0.0,0.0,0.5470588235294118,0.0,0.023529411764705882,0.0,0.0,0.0,0.0,0.12941176470588237,0.011764705882352941,0.0,0.023529411764705882,0.0,0.0,0.0,0.0,0.0,0.0,0.0
5000 CBN Dmbx1 Gaba_1,0.0,0.6473906911142454,0.0,0.0,0.0,0.0,0.0014104372355430183,0.05500705218617771,0.0,0.004231311706629055,0.0,0.0,0.0,0.0,0.02538787023977433,0.0,0.0,0.26657263751763044,0.0,0.0,0.0,0.0,0.0,0.0,0.0
5001 CBN Dmbx1 Gaba_1,0.0,0.75,0.0,0.0,0.0,0.0,0.0,0.0,0.0,0.0,0.0,0.0,0.0,0.0,0.25,0.0,0.0,0.0,0.0,0.0,0.0,0.0,0.0,0.0,0.0
5002 RPA Pax6 Hoxb5 Gly-Gaba_1,0.0,0.0,0.0,0.0,0.0,0.0,0.0,0.9555555555555556,0.0,0.0,0.0,0.0,0.0,0.0,0.0,0.0,0.0,0.0,0.022222222222222223,0.022222222222222223,0.0,0.0,0.0,0.0,0.0
5003 RPA Pax6 Hoxb5 Gly-Gaba_1,0.0,0.0,0.0,0.0,0.0,0.0,0.0,0.826530612244898,0.0,0.0,0.0,0.0,0.0,0.0,0.0,0.0,0.0,0.0,0.030612244897959183,0.0,0.0,0.14285714285714285,0.0,0.0,0.0
5004 RPA Pax6 Hoxb5 Gly-Gaba_1,0.0,0.0,0.0,0.0,0.0,0.0,0.0,0.9310344827586207,0.0,0.0,0.0,0.0,0.0,0.0,0.0,0.0,0.0,0.0,0.034482758620689655,0.034482758620689655,0.0,0.0,0.0,0.0,0.0
5005 RPA Pax6 Hoxb5 Gly-Gaba_1,0.0,0.0,0.0,0.0,0.0,0.0,0.0,0.6666666666666666,0.0,0.06666666666666667,0.0,0.0,0.0,0.0,0.03333333333333333,0.0,0.0,0.0,0.0,0.1,0.0,0.1,0.0,0.0,0.03333333333333333
5006 RPA Pax6 Hoxb5 Gly-Gaba_1,0.0,0.0,0.0,0.0,0.0,0.0,0.0,1.0,0.0,0.0,0.0,0.0,0.0,0.0,0.0,0.0,0.0,0.0,0.0,0.0,0.0,0.0,0.0,0.0,0.0
5007 RPA Pax6 Hoxb5 Gly-Gaba_1,0.0,0.0,0.0,0.0,0.0,0.0,0.0,0.9,0.0,0.0,0.0,0.0,0.0,0.0,0.0,0.0,0.0,0.0,0.0,0.1,0.0,0.0,0.0,0.0,0.0
5008 RPA Pax6 Hoxb5 Gly-Gaba_1,0.0,0.0,0.0,0.0,0.0,0.0,0.0,0.7333333333333333,0.0,0.08333333333333333,0.0,0.0,0.0,0.0,0.0,0.0,0.0,0.0,0.06111111111111111,0.0,0.0,0.11666666666666667,0.0,0.0,0.005555555555555556
5009 CU-ECU Pax2 Gly-Gaba_1,0.0,0.16129032258064516,0.0,0.0,0.0,0.0,0.0,0.5806451612903226,0.0,0.0,0.0,0.0,0.0,0.0,0.0,0.0,0.0,0.06451612903225806,0.1935483870967742,0.0,0.0,0.0,0.0,0.0,0.0
5010 PRP Gata3 Slc6a5 Gly-Gaba_1,0.0,0.0,0.0,0.0,0.0,0.0,0.0,0.48484848484848486,0.0,0.0,0.0,0.0,0.0,0.0,0.36363636363636365,0.15151515151515152,0.0,0.0,0.0,0.0,0.0,0.0,0.0,0.0,0.0
5011 PRP Gata3 Slc6a5 Gly-Gaba_1,0.0,0.0,0.0,0.0,0.0,0.0,0.0,0.5333333333333333,0.0,0.0,0.0,0.0,0.0,0.0,0.4,0.06666666666666667,0.0,0.0,0.0,0.0,0.0,0.0,0.0,0.0,0.0
5012 PRP Gata3 Slc6a5 Gly-Gaba_1,0.0,0.0,0.0,0.0,0.0,0.0,0.0,0.7758620689655172,0.0,0.0,0.0,0.0,0.0,0.0,0.15517241379310345,0.06896551724137931,0.0,0.0,0.0,0.0,0.0,0.0,0.0,0.0,0.0
5013 PRP Gata3 Slc6a5 Gly-Gaba_1,0.0,0.0,0.0,0.0,0.0,0.0,0.0,0.95,0.0,0.0,0.0,0.0,0.0,0.0,0.0,0.05,0.0,0.0,0.0,0.0,0.0,0.0,0.0,0.0,0.0
5014 PRP Gata3 Slc6a5 Gly-Gaba_1,0.0,0.0,0.0,0.0,0.0,0.0,0.0,0.6212121212121212,0.0,0.0,0.0,0.0,0.0,0.0,0.18181818181818182,0.19696969696969696,0.0,0.0,0.0,0.0,0.0,0.0,0.0,0.0,0.0
5015 PRP Gata3 Slc6a5 Gly-Gaba_1,0.0,0.0,0.0,0.0,0.0,0.0,0.0,0.7692307692307693,0.0,0.0,0.0,0.0,0.0,0.0,0.11538461538461539,0.11538461538461539,0.0,0.0,0.0,0.0,0.0,0.0,0.0,0.0,0.0
5016 MARN-PPY Ngfr Gly-Gaba_1,0.0,0.0,0.0,0.0,0.0,0.0,0.0,0.9318181818181818,0.0,0.022727272727272728,0.0,0.0,0.0,0.0,0.0,0.0,0.0,0.0,0.0,0.0,0.0,0.045454545454545456,0.0,0.0,0.0
5017 MARN-PPY Ngfr Gly-Gaba_1,0.0,0.0,0.0,0.0,0.0,0.0,0.0,0.7675276752767528,0.0,0.15867158671586715,0.0,0.0,0.0,0.0,0.0,0.0,0.0,0.0,0.05904059040590406,0.0,0.0,0.014760147601476014,0.0,0.0,0.0
5018 PARN-MDRNd-NTS Gbx2 Gly-Gaba_1,0.0,0.0,0.0,0.0,0.0,0.0,0.0,1.0,0.0,0.0,0.0,0.0,0.0,0.0,0.0,0.0,0.0,0.0,0.0,0.0,0.0,0.0,0.0,0.0,0.0
5019 PARN-MDRNd-NTS Gbx2 Gly-Gaba_1,0.0,0.0,0.0,0.0,0.0,0.0,0.0,1.0,0.0,0.0,0.0,0.0,0.0,0.0,0.0,0.0,0.0,0.0,0.0,0.0,0.0,0.0,0.0,0.0,0.0
5020 PARN-MDRNd-NTS Gbx2 Gly-Gaba_1,0.0,0.0,0.0,0.0,0.0,0.0,0.0,1.0,0.0,0.0,0.0,0.0,0.0,0.0,0.0,0.0,0.0,0.0,0.0,0.0,0.0,0.0,0.0,0.0,0.0
5021 PARN-MDRNd-NTS Gbx2 Gly-Gaba_1,0.0,0.0,0.0,0.0,0.0,0.0,0.0,0.9893617021276596,0.0,0.0,0.0,0.0,0.0,0.0,0.0,0.0,0.0,0.0,0.010638297872340425,0.0,0.0,0.0,0.0,0.0,0.0
5022 PARN-MDRNd-NTS Gbx2 Gly-Gaba_1,0.0,0.0,0.0,0.0,0.0,0.0,0.0,1.0,0.0,0.0,0.0,0.0,0.0,0.0,0.0,0.0,0.0,0.0,0.0,0.0,0.0,0.0,0.0,0.0,0.0
5023 PARN-MDRNd-NTS Gbx2 Gly-Gaba_1,0.0,0.0,0.0,0.0,0.0,0.0,0.0,1.0,0.0,0.0,0.0,0.0,0.0,0.0,0.0,0.0,0.0,0.0,0.0,0.0,0.0,0.0,0.0,0.0,0.0
5024 PARN-MDRNd-NTS Gbx2 Gly-Gaba_1,0.0,0.0,0.0,0.0,0.0,0.0,0.0,1.0,0.0,0.0,0.0,0.0,0.0,0.0,0.0,0.0,0.0,0.0,0.0,0.0,0.0,0.0,0.0,0.0,0.0
5025 PARN-MDRNd-NTS Gbx2 Gly-Gaba_1,0.0,0.0,0.0,0.0,0.0,0.0,0.0,1.0,0.0,0.0,0.0,0.0,0.0,0.0,0.0,0.0,0.0,0.0,0.0,0.0,0.0,0.0,0.0,0.0,0.0
5026 PARN-MDRNd-NTS Gbx2 Gly-Gaba_1,0.0,0.02631578947368421,0.0,0.0,0.0,0.0,0.0,0.9210526315789473,0.0,0.0,0.0,0.0,0.0,0.0,0.0,0.0,0.0,0.0,0.02631578947368421,0.0,0.0,0.0,0.0,0.0,0.02631578947368421
5027 PARN-MDRNd-NTS Gbx2 Gly-Gaba_2,0.0,0.0,0.0,0.0,0.0,0.0,0.0,1.0,0.0,0.0,0.0,0.0,0.0,0.0,0.0,0.0,0.0,0.0,0.0,0.0,0.0,0.0,0.0,0.0,0.0
5028 PARN-MDRNd-NTS Gbx2 Gly-Gaba_2,0.0,0.0,0.0,0.0,0.0,0.0,0.0,0.9285714285714286,0.0,0.07142857142857142,0.0,0.0,0.0,0.0,0.0,0.0,0.0,0.0,0.0,0.0,0.0,0.0,0.0,0.0,0.0
5029 PARN-MDRNd-NTS Gbx2 Gly-Gaba_2,0.0,0.0,0.0,0.0,0.0,0.0,0.0,1.0,0.0,0.0,0.0,0.0,0.0,0.0,0.0,0.0,0.0,0.0,0.0,0.0,0.0,0.0,0.0,0.0,0.0
5030 PARN-MDRNd-NTS Gbx2 Gly-Gaba_2,0.0,0.0,0.0,0.0,0.0,0.0,0.0,1.0,0.0,0.0,0.0,0.0,0.0,0.0,0.0,0.0,0.0,0.0,0.0,0.0,0.0,0.0,0.0,0.0,0.0
5031 PARN-MDRNd-NTS Gbx2 Gly-Gaba_2,0.0,0.0,0.0,0.0,0.0,0.0,0.0,0.925,0.0,0.025,0.0,0.0,0.0,0.0,0.0,0.0,0.025,0.0,0.025,0.0,0.0,0.0,0.0,0.0,0.0
5032 PARN-MDRNd-NTS Gbx2 Gly-Gaba_2,0.0,0.047619047619047616,0.0,0.0,0.0,0.0,0.0,0.9523809523809523,0.0,0.0,0.0,0.0,0.0,0.0,0.0,0.0,0.0,0.0,0.0,0.0,0.0,0.0,0.0,0.0,0.0
5033 PARN-MDRNd-NTS Gbx2 Gly-Gaba_2,0.0,0.06451612903225806,0.0,0.0,0.0,0.0,0.0,0.7741935483870968,0.0,0.03225806451612903,0.0,0.0,0.0,0.0,0.0,0.0,0.12903225806451613,0.0,0.0,0.0,0.0,0.0,0.0,0.0,0.0
5034 PARN-MDRNd-NTS Gbx2 Gly-Gaba_2,0.0,0.0,0.0,0.0,0.0,0.0,0.0,1.0,0.0,0.0,0.0,0.0,0.0,0.0,0.0,0.0,0.0,0.0,0.0,0.0,0.0,0.0,0.0,0.0,0.0
5035 PARN-MDRNd-NTS Gbx2 Gly-Gaba_2,0.0,0.0,0.0,0.0,0.0,0.0,0.0,1.0,0.0,0.0,0.0,0.0,0.0,0.0,0.0,0.0,0.0,0.0,0.0,0.0,0.0,0.0,0.0,0.0,0.0
5036 PARN-MDRNd-NTS Gbx2 Gly-Gaba_2,0.0,0.0,0.0,0.0,0.0,0.0,0.0,1.0,0.0,0.0,0.0,0.0,0.0,0.0,0.0,0.0,0.0,0.0,0.0,0.0,0.0,0.0,0.0,0.0,0.0
5037 PARN-MDRNd-NTS Gbx2 Gly-Gaba_2,0.0,0.0,0.0,0.0,0.0,0.0,0.0,0.896551724137931,0.0,0.0,0.0,0.0,0.0,0.0,0.0,0.0,0.034482758620689655,0.0,0.06896551724137931,0.0,0.0,0.0,0.0,0.0,0.0
5038 PARN-MDRNd-NTS Gbx2 Gly-Gaba_3,0.0,0.125,0.0,0.0,0.0,0.0,0.0,0.8125,0.0,0.0,0.0,0.0,0.0,0.0,0.0,0.0,0.0625,0.0,0.0,0.0,0.0,0.0,0.0,0.0,0.0
5039 PARN-MDRNd-NTS Gbx2 Gly-Gaba_3,0.0,0.034482758620689655,0.0,0.0,0.0,0.0,0.0,0.896551724137931,0.0,0.0,0.0,0.0,0.0,0.0,0.0,0.0,0.06896551724137931,0.0,0.0,0.0,0.0,0.0,0.0,0.0,0.0
5040 PARN-MDRNd-NTS Gbx2 Gly-Gaba_3,0.0,0.05,0.0,0.0,0.0,0.0,0.0,0.925,0.0,0.0,0.0,0.0,0.0,0.0,0.0,0.0,0.025,0.0,0.0,0.0,0.0,0.0,0.0,0.0,0.0
5041 PARN-MDRNd-NTS Gbx2 Gly-Gaba_3,0.0,0.0,0.0,0.0,0.0,0.0,0.0,1.0,0.0,0.0,0.0,0.0,0.0,0.0,0.0,0.0,0.0,0.0,0.0,0.0,0.0,0.0,0.0,0.0,0.0
5042 PARN-MDRNd-NTS Gbx2 Gly-Gaba_3,0.0,0.0,0.0,0.0,0.0,0.0,0.0,1.0,0.0,0.0,0.0,0.0,0.0,0.0,0.0,0.0,0.0,0.0,0.0,0.0,0.0,0.0,0.0,0.0,0.0
5043 PARN-MDRNd-NTS Gbx2 Gly-Gaba_3,0.0,0.0,0.0,0.0,0.0,0.0,0.0,1.0,0.0,0.0,0.0,0.0,0.0,0.0,0.0,0.0,0.0,0.0,0.0,0.0,0.0,0.0,0.0,0.0,0.0
5044 PARN-MDRNd-NTS Gbx2 Gly-Gaba_3,0.0,0.02564102564102564,0.0,0.0,0.0,0.0,0.0,0.9743589743589743,0.0,0.0,0.0,0.0,0.0,0.0,0.0,0.0,0.0,0.0,0.0,0.0,0.0,0.0,0.0,0.0,0.0
5045 PARN-MDRNd-NTS Gbx2 Gly-Gaba_3,0.0,0.0,0.0,0.0,0.0,0.0,0.0,1.0,0.0,0.0,0.0,0.0,0.0,0.0,0.0,0.0,0.0,0.0,0.0,0.0,0.0,0.0,0.0,0.0,0.0
5046 PARN-MDRNd-NTS Gbx2 Gly-Gaba_4,0.0,0.0136986301369863,0.0,0.0,0.0,0.0,0.0,0.8904109589041096,0.0,0.0,0.0,0.0,0.0,0.0,0.0,0.0,0.0,0.0,0.0958904109589041,0.0,0.0,0.0,0.0,0.0,0.0
5047 PARN-MDRNd-NTS Gbx2 Gly-Gaba_4,0.0,0.0,0.0,0.0,0.0,0.0,0.0,1.0,0.0,0.0,0.0,0.0,0.0,0.0,0.0,0.0,0.0,0.0,0.0,0.0,0.0,0.0,0.0,0.0,0.0
5048 PARN-MDRNd-NTS Gbx2 Gly-Gaba_4,0.0,0.0,0.0,0.0,0.0,0.0,0.0,0.9583333333333334,0.0,0.027777777777777776,0.0,0.0,0.0,0.0,0.0,0.0,0.0,0.0,0.013888888888888888,0.0,0.0,0.0,0.0,0.0,0.0
5049 PARN-MDRNd-NTS Gbx2 Gly-Gaba_4,0.0,0.034482758620689655,0.0,0.0,0.0,0.0,0.0,0.896551724137931,0.0,0.0,0.0,0.0,0.0,0.0,0.0,0.0,0.034482758620689655,0.0,0.034482758620689655,0.0,0.0,0.0,0.0,0.0,0.0
5050 PARN-MDRNd-NTS Gbx2 Gly-Gaba_4,0.0,0.0,0.0,0.0,0.0,0.0,0.037037037037037035,0.9259259259259259,0.0,0.0,0.0,0.0,0.0,0.0,0.0,0.0,0.0,0.0,0.037037037037037035,0.0,0.0,0.0,0.0,0.0,0.0
5052 PARN-MDRNd-NTS Gbx2 Gly-Gaba_5,0.0,0.0,0.0,0.0,0.0,0.0,0.0,1.0,0.0,0.0,0.0,0.0,0.0,0.0,0.0,0.0,0.0,0.0,0.0,0.0,0.0,0.0,0.0,0.0,0.0
5054 PARN-MDRNd-NTS Gbx2 Gly-Gaba_5,0.0,0.0,0.0,0.0,0.0,0.0,0.0,0.5,0.0,0.0,0.0,0.0,0.0,0.0,0.0,0.0,0.16666666666666666,0.0,0.0,0.0,0.0,0.0,0.0,0.0,0.3333333333333333
5055 PARN-MDRNd-NTS Gbx2 Gly-Gaba_5,0.0,0.06666666666666667,0.0,0.0,0.0,0.0,0.0,0.8,0.0,0.0,0.0,0.0,0.0,0.0,0.0,0.0,0.0,0.0,0.0,0.0,0.0,0.0,0.0,0.0,0.13333333333333333
5057 PARN-MDRNd-NTS Gbx2 Gly-Gaba_6,0.0,0.1111111111111111,0.0,0.0,0.0,0.0,0.0,0.7777777777777778,0.0,0.0,0.0,0.0,0.0,0.0,0.0,0.0,0.0,0.1111111111111111,0.0,0.0,0.0,0.0,0.0,0.0,0.0
5058 PARN-MDRNd-NTS Gbx2 Gly-Gaba_6,0.0,0.02702702702702703,0.0,0.0,0.0,0.0,0.0,0.918918918918919,0.0,0.0,0.0,0.0,0.0,0.0,0.0,0.0,0.05405405405405406,0.0,0.0,0.0,0.0,0.0,0.0,0.0,0.0
5059 PARN-MDRNd-NTS Gbx2 Gly-Gaba_6,0.0,0.0,0.0,0.0,0.0,0.0,0.0,1.0,0.0,0.0,0.0,0.0,0.0,0.0,0.0,0.0,0.0,0.0,0.0,0.0,0.0,0.0,0.0,0.0,0.0
5060 PARN-MDRNd-NTS Gbx2 Gly-Gaba_6,0.0,0.0196078431372549,0.0,0.0,0.0,0.0,0.0,0.9019607843137255,0.0,0.0,0.0,0.0,0.0,0.0,0.0,0.0196078431372549,0.0,0.0196078431372549,0.0392156862745098,0.0,0.0,0.0,0.0,0.0,0.0
5061 PARN-MDRNd-NTS Gbx2 Gly-Gaba_6,0.0,0.0,0.0,0.0,0.0,0.0,0.0,1.0,0.0,0.0,0.0,0.0,0.0,0.0,0.0,0.0,0.0,0.0,0.0,0.0,0.0,0.0,0.0,0.0,0.0
5062 PARN-MDRNd-NTS Gbx2 Gly-Gaba_7,0.0,0.0,0.0,0.0,0.0,0.0,0.0,1.0,0.0,0.0,0.0,0.0,0.0,0.0,0.0,0.0,0.0,0.0,0.0,0.0,0.0,0.0,0.0,0.0,0.0
5063 PARN-MDRNd-NTS Gbx2 Gly-Gaba_7,0.0,0.0,0.0,0.0,0.0,0.0,0.0,1.0,0.0,0.0,0.0,0.0,0.0,0.0,0.0,0.0,0.0,0.0,0.0,0.0,0.0,0.0,0.0,0.0,0.0
5064 PARN-MDRNd-NTS Gbx2 Gly-Gaba_7,0.0,0.0,0.0,0.0,0.0,0.0,0.0,0.9074074074074074,0.0,0.0,0.0,0.0,0.0,0.0,0.0,0.0,0.09259259259259259,0.0,0.0,0.0,0.0,0.0,0.0,0.0,0.0
5065 PARN-MDRNd-NTS Gbx2 Gly-Gaba_7,0.0,0.0,0.0,0.0,0.0,0.0,0.0,0.9166666666666666,0.0,0.0,0.0,0.0,0.0,0.0,0.0,0.0,0.08333333333333333,0.0,0.0,0.0,0.0,0.0,0.0,0.0,0.0
5066 MV Nr4a2 Gly-Gaba_1,0.0,0.0,0.0,0.0,0.0,0.0,0.0,0.26785714285714285,0.0,0.6964285714285714,0.0,0.0,0.0,0.0,0.0,0.0,0.0,0.0,0.017857142857142856,0.017857142857142856,0.0,0.0,0.0,0.0,0.0
5067 MV Xdh Gly-Gaba_1,0.0,0.0,0.0,0.0,0.0,0.0,0.0,0.5158730158730159,0.0,0.47619047619047616,0.0,0.0,0.0,0.0,0.0,0.0,0.0,0.0,0.007936507936507936,0.0,0.0,0.0,0.0,0.0,0.0
5068 IRN Dmbx1 Pax2 Gly-Gaba_1,0.0,0.0,0.0,0.0,0.0,0.0,0.0,1.0,0.0,0.0,0.0,0.0,0.0,0.0,0.0,0.0,0.0,0.0,0.0,0.0,0.0,0.0,0.0,0.0,0.0
5069 IRN Dmbx1 Pax2 Gly-Gaba_1,0.0,0.0,0.0,0.0,0.0,0.0,0.0,0.971830985915493,0.0,0.0,0.0,0.0,0.0,0.0,0.0,0.0,0.0,0.0,0.0,0.0,0.0,0.028169014084507043,0.0,0.0,0.0
5070 IRN Dmbx1 Pax2 Gly-Gaba_1,0.0,0.0,0.0,0.0,0.0,0.0,0.0,0.9879518072289156,0.0,0.004016064257028112,0.0,0.0,0.0,0.0,0.0,0.0,0.0,0.0,0.0,0.0,0.0,0.004016064257028112,0.0,0.0,0.004016064257028112
5071 IRN Dmbx1 Pax2 Gly-Gaba_1,0.0,0.0,0.0,0.0,0.0,0.0,0.0,1.0,0.0,0.0,0.0,0.0,0.0,0.0,0.0,0.0,0.0,0.0,0.0,0.0,0.0,0.0,0.0,0.0,0.0
5073 NTS-PARN Neurod2 Gly-Gaba_1,0.0,0.2,0.0,0.0,0.0,0.0,0.0,0.725,0.0,0.0,0.0,0.0,0.0,0.0,0.0,0.0,0.075,0.0,0.0,0.0,0.0,0.0,0.0,0.0,0.0
5074 NTS-PARN Neurod2 Gly-Gaba_1,0.0,0.42,0.0,0.0,0.0,0.0,0.0,0.46,0.0,0.0,0.0,0.0,0.0,0.0,0.0,0.0,0.12,0.0,0.0,0.0,0.0,0.0,0.0,0.0,0.0
5075 NTS-PARN Neurod2 Gly-Gaba_1,0.0,0.3333333333333333,0.0,0.0,0.0,0.0,0.0,0.5,0.0,0.0,0.0,0.0,0.0,0.0,0.0,0.0,0.16666666666666666,0.0,0.0,0.0,0.0,0.0,0.0,0.0,0.0
5076 NTS-PARN Neurod2 Gly-Gaba_1,0.0,0.47058823529411764,0.0,0.0,0.0,0.0,0.0,0.47058823529411764,0.0,0.0,0.0,0.0,0.0,0.0,0.0,0.0,0.058823529411764705,0.0,0.0,0.0,0.0,0.0,0.0,0.0,0.0
5077 NTS-PARN Neurod2 Gly-Gaba_1,0.0,0.18181818181818182,0.0,0.0,0.0,0.0,0.0,0.7272727272727273,0.0,0.0,0.0,0.0,0.0,0.0,0.0,0.0,0.09090909090909091,0.0,0.0,0.0,0.0,0.0,0.0,0.0,0.0
5078 NTS-PARN Neurod2 Gly-Gaba_1,0.0,0.35714285714285715,0.0,0.0,0.0,0.0,0.0,0.5,0.0,0.0,0.0,0.0,0.0,0.0,0.0,0.0,0.10714285714285714,0.0,0.03571428571428571,0.0,0.0,0.0,0.0,0.0,0.0
5079 NTS-PARN Neurod2 Gly-Gaba_1,0.0,0.6470588235294118,0.0,0.0,0.0,0.0,0.0,0.23529411764705882,0.0,0.0,0.0,0.0,0.0,0.0,0.0,0.0,0.058823529411764705,0.0,0.0,0.0,0.0,0.0,0.0,0.0,0.058823529411764705
5080 NTS-PARN Neurod2 Gly-Gaba_1,0.0,1.0,0.0,0.0,0.0,0.0,0.0,0.0,0.0,0.0,0.0,0.0,0.0,0.0,0.0,0.0,0.0,0.0,0.0,0.0,0.0,0.0,0.0,0.0,0.0
5081 NTS-PARN Neurod2 Gly-Gaba_1,0.0,0.74,0.0,0.0,0.0,0.0,0.0,0.18,0.0,0.0,0.0,0.0,0.0,0.0,0.0,0.0,0.08,0.0,0.0,0.0,0.0,0.0,0.0,0.0,0.0
5082 NTS-PARN Neurod2 Gly-Gaba_1,0.0,0.0,0.0,0.0,0.0,0.0,0.0,0.6666666666666666,0.0,0.0,0.0,0.0,0.0,0.0,0.0,0.0,0.3333333333333333,0.0,0.0,0.0,0.0,0.0,0.0,0.0,0.0
5083 NTS-PARN Neurod2 Gly-Gaba_1,0.0,0.42857142857142855,0.0,0.0,0.0,0.0,0.0,0.42857142857142855,0.0,0.0,0.0,0.0,0.0,0.0,0.0,0.0,0.14285714285714285,0.0,0.0,0.0,0.0,0.0,0.0,0.0,0.0
5084 NTS-PARN Neurod2 Gly-Gaba_2,0.0,0.0,0.0,0.0,0.0,0.0,0.0,1.0,0.0,0.0,0.0,0.0,0.0,0.0,0.0,0.0,0.0,0.0,0.0,0.0,0.0,0.0,0.0,0.0,0.0
5085 NTS-PARN Neurod2 Gly-Gaba_2,0.0,0.0,0.0,0.0,0.0,0.0,0.0,0.75,0.0,0.25,0.0,0.0,0.0,0.0,0.0,0.0,0.0,0.0,0.0,0.0,0.0,0.0,0.0,0.0,0.0
5086 NTS-PARN Neurod2 Gly-Gaba_2,0.0,0.0,0.0,0.0,0.0,0.0,0.0,0.9545454545454546,0.0,0.045454545454545456,0.0,0.0,0.0,0.0,0.0,0.0,0.0,0.0,0.0,0.0,0.0,0.0,0.0,0.0,0.0
5087 NTS-PARN Neurod2 Gly-Gaba_2,0.0,0.0,0.0,0.0,0.0,0.0,0.0,1.0,0.0,0.0,0.0,0.0,0.0,0.0,0.0,0.0,0.0,0.0,0.0,0.0,0.0,0.0,0.0,0.0,0.0
5088 NTS-PARN Neurod2 Gly-Gaba_2,0.0,0.0,0.0,0.0,0.0,0.0,0.0,0.967741935483871,0.0,0.03225806451612903,0.0,0.0,0.0,0.0,0.0,0.0,0.0,0.0,0.0,0.0,0.0,0.0,0.0,0.0,0.0
5089 NTS-PARN Neurod2 Gly-Gaba_2,0.0,0.0273972602739726,0.0,0.0,0.0,0.0,0.0547945205479452,0.8767123287671232,0.0,0.0410958904109589,0.0,0.0,0.0,0.0,0.0,0.0,0.0,0.0,0.0,0.0,0.0,0.0,0.0,0.0,0.0
5090 NTS-PARN Neurod2 Gly-Gaba_2,0.0,0.03125,0.0,0.0,0.0,0.0,0.0,0.96875,0.0,0.0,0.0,0.0,0.0,0.0,0.0,0.0,0.0,0.0,0.0,0.0,0.0,0.0,0.0,0.0,0.0
5091 NTS-PARN Neurod2 Gly-Gaba_2,0.0,0.0,0.0,0.0,0.0,0.0,0.041666666666666664,0.5,0.0,0.4583333333333333,0.0,0.0,0.0,0.0,0.0,0.0,0.0,0.0,0.0,0.0,0.0,0.0,0.0,0.0,0.0
5092 NTS-PARN Neurod2 Gly-Gaba_3,0.0,0.013888888888888888,0.0,0.0,0.0,0.0,0.0,0.2222222222222222,0.0,0.4583333333333333,0.0,0.0,0.0,0.0,0.0,0.0,0.0,0.013888888888888888,0.09722222222222222,0.19444444444444445,0.0,0.0,0.0,0.0,0.0
5093 NTS-PARN Neurod2 Gly-Gaba_3,0.0,0.0,0.0,0.0,0.0,0.0,0.0,0.9824561403508771,0.0,0.017543859649122806,0.0,0.0,0.0,0.0,0.0,0.0,0.0,0.0,0.0,0.0,0.0,0.0,0.0,0.0,0.0
5094 NTS-PARN Neurod2 Gly-Gaba_3,0.0,0.003663003663003663,0.0,0.0,0.018315018315018316,0.0,0.003663003663003663,0.7802197802197802,0.0,0.08058608058608059,0.0,0.0,0.0,0.0,0.003663003663003663,0.0,0.0,0.018315018315018316,0.08791208791208792,0.0,0.0,0.0,0.0,0.0,0.003663003663003663
5095 NTS-PARN Neurod2 Gly-Gaba_3,0.0,0.0,0.0,0.0,0.0,0.0,0.0,0.9117647058823529,0.0,0.0,0.0,0.0,0.0,0.0,0.0,0.0,0.0,0.08823529411764706,0.0,0.0,0.0,0.0,0.0,0.0,0.0
5096 NTS-PARN Neurod2 Gly-Gaba_3,0.0,0.0,0.0,0.0,0.0,0.0,0.0,1.0,0.0,0.0,0.0,0.0,0.0,0.0,0.0,0.0,0.0,0.0,0.0,0.0,0.0,0.0,0.0,0.0,0.0
5097 NTS-PARN Neurod2 Gly-Gaba_3,0.0,0.0,0.0,0.0,0.0,0.0,0.0,0.8736842105263158,0.0,0.021052631578947368,0.0,0.0,0.0,0.0,0.0,0.0,0.0,0.042105263157894736,0.06315789473684211,0.0,0.0,0.0,0.0,0.0,0.0
5098 NTS-PARN Neurod2 Gly-Gaba_3,0.0,0.0,0.0,0.0,0.0,0.0,0.0,1.0,0.0,0.0,0.0,0.0,0.0,0.0,0.0,0.0,0.0,0.0,0.0,0.0,0.0,0.0,0.0,0.0,0.0
5099 NTS-PARN Neurod2 Gly-Gaba_3,0.0,0.0,0.0,0.0,0.0,0.0,0.0,1.0,0.0,0.0,0.0,0.0,0.0,0.0,0.0,0.0,0.0,0.0,0.0,0.0,0.0,0.0,0.0,0.0,0.0
5100 NTS-PARN Neurod2 Gly-Gaba_4,0.0,0.06451612903225806,0.0,0.0,0.0,0.0,0.0,0.8387096774193549,0.0,0.0,0.0,0.0,0.0,0.0,0.0,0.0,0.0967741935483871,0.0,0.0,0.0,0.0,0.0,0.0,0.0,0.0
5101 NTS-PARN Neurod2 Gly-Gaba_4,0.0,0.045454545454545456,0.0,0.0,0.0,0.0,0.0,0.9090909090909091,0.0,0.0,0.0,0.0,0.0,0.0,0.0,0.0,0.045454545454545456,0.0,0.0,0.0,0.0,0.0,0.0,0.0,0.0
5102 NTS-PARN Neurod2 Gly-Gaba_4,0.0,0.0,0.0,0.0,0.0,0.0,0.0,1.0,0.0,0.0,0.0,0.0,0.0,0.0,0.0,0.0,0.0,0.0,0.0,0.0,0.0,0.0,0.0,0.0,0.0
5103 NTS-PARN Neurod2 Gly-Gaba_4,0.0,0.0,0.0,0.0,0.0,0.0,0.0,1.0,0.0,0.0,0.0,0.0,0.0,0.0,0.0,0.0,0.0,0.0,0.0,0.0,0.0,0.0,0.0,0.0,0.0
5104 NTS-PARN Neurod2 Gly-Gaba_4,0.0,0.09836065573770492,0.0,0.0,0.0,0.0,0.0,0.8360655737704918,0.0,0.0,0.0,0.0,0.0,0.0,0.0,0.01639344262295082,0.04918032786885246,0.0,0.0,0.0,0.0,0.0,0.0,0.0,0.0
5105 NTS-PARN Neurod2 Gly-Gaba_4,0.0,0.14516129032258066,0.0,0.0,0.0,0.0,0.0,0.6290322580645161,0.0,0.0,0.0,0.0,0.0,0.0,0.0,0.0,0.22580645161290322,0.0,0.0,0.0,0.0,0.0,0.0,0.0,0.0
5106 NTS-PARN Neurod2 Gly-Gaba_4,0.0,0.027777777777777776,0.0,0.0,0.0,0.0,0.0,0.8055555555555556,0.0,0.0,0.0,0.0,0.0,0.0,0.0,0.0,0.16666666666666666,0.0,0.0,0.0,0.0,0.0,0.0,0.0,0.0
5107 NTS-PARN Neurod2 Gly-Gaba_4,0.0,0.0,0.0,0.0,0.0,0.0,0.0,0.8,0.0,0.0,0.0,0.0,0.0,0.0,0.0,0.0,0.2,0.0,0.0,0.0,0.0,0.0,0.0,0.0,0.0
5108 NTS-PARN Neurod2 Gly-Gaba_5,0.0,0.16,0.0,0.0,0.0,0.0,0.0,0.7,0.0,0.0,0.0,0.0,0.0,0.0,0.02,0.0,0.1,0.02,0.0,0.0,0.0,0.0,0.0,0.0,0.0
5109 NTS-PARN Neurod2 Gly-Gaba_5,0.0,0.05,0.0,0.0,0.0,0.0,0.0,0.95,0.0,0.0,0.0,0.0,0.0,0.0,0.0,0.0,0.0,0.0,0.0,0.0,0.0,0.0,0.0,0.0,0.0
5110 NTS-PARN Neurod2 Gly-Gaba_5,0.0,0.5,0.0,0.0,0.0,0.0,0.0,0.125,0.0,0.0,0.0,0.0,0.0,0.0,0.0,0.0,0.25,0.0,0.125,0.0,0.0,0.0,0.0,0.0,0.0
5111 NTS-PARN Neurod2 Gly-Gaba_5,0.0,0.0975609756097561,0.0,0.0,0.0,0.0,0.0,0.6341463414634146,0.0,0.0,0.0,0.0,0.0,0.0,0.0,0.0,0.2682926829268293,0.0,0.0,0.0,0.0,0.0,0.0,0.0,0.0
5112 NTS-PARN Neurod2 Gly-Gaba_5,0.0,0.37142857142857144,0.0,0.0,0.0,0.0,0.0,0.5142857142857142,0.0,0.0,0.0,0.0,0.0,0.0,0.0,0.05714285714285714,0.05714285714285714,0.0,0.0,0.0,0.0,0.0,0.0,0.0,0.0
5113 NTS-PARN Neurod2 Gly-Gaba_5,0.0,0.3125,0.0,0.0,0.0,0.0,0.0,0.5625,0.0,0.0,0.0,0.0,0.0,0.0,0.0625,0.0,0.0625,0.0,0.0,0.0,0.0,0.0,0.0,0.0,0.0
5114 NTS-PARN Neurod2 Gly-Gaba_6,0.0,0.0,0.0,0.0,0.0,0.0,0.0,0.8974358974358975,0.0,0.0,0.0,0.0,0.0,0.0,0.02564102564102564,0.0,0.0,0.02564102564102564,0.05128205128205128,0.0,0.0,0.0,0.0,0.0,0.0
5115 NTS-PARN Neurod2 Gly-Gaba_6,0.0,0.0,0.0,0.0,0.0,0.0,0.0,0.9629629629629629,0.0,0.0,0.0,0.0,0.0,0.0,0.0,0.037037037037037035,0.0,0.0,0.0,0.0,0.0,0.0,0.0,0.0,0.0
5116 NTS-PARN Neurod2 Gly-Gaba_6,0.0,0.0,0.0,0.0,0.0,0.0,0.0,0.9523809523809523,0.0,0.0,0.0,0.0,0.0,0.0,0.023809523809523808,0.023809523809523808,0.0,0.0,0.0,0.0,0.0,0.0,0.0,0.0,0.0
5117 NTS-PARN Neurod2 Gly-Gaba_6,0.0,0.0,0.0,0.0,0.0,0.0,0.0,1.0,0.0,0.0,0.0,0.0,0.0,0.0,0.0,0.0,0.0,0.0,0.0,0.0,0.0,0.0,0.0,0.0,0.0
5118 NTS-PARN Neurod2 Gly-Gaba_6,0.0,0.015873015873015872,0.0,0.0,0.0,0.0,0.0,0.9841269841269841,0.0,0.0,0.0,0.0,0.0,0.0,0.0,0.0,0.0,0.0,0.0,0.0,0.0,0.0,0.0,0.0,0.0
5119 NTS-PARN Neurod2 Gly-Gaba_6,0.0,0.023809523809523808,0.0,0.0,0.0,0.0,0.0,0.9523809523809523,0.0,0.0,0.0,0.0,0.0,0.0,0.0,0.0,0.0,0.0,0.023809523809523808,0.0,0.0,0.0,0.0,0.0,0.0
5120 SPVI-SPVC Sall3 Nfib Gly-Gaba_1,0.0,0.2222222222222222,0.0,0.0,0.0,0.0,0.0,0.6666666666666666,0.0,0.0,0.0,0.0,0.0,0.0,0.0,0.037037037037037035,0.0,0.037037037037037035,0.037037037037037035,0.0,0.0,0.0,0.0,0.0,0.0
5121 SPVI-SPVC Sall3 Nfib Gly-Gaba_1,0.0,0.0,0.0,0.0,0.0,0.0,0.0,1.0,0.0,0.0,0.0,0.0,0.0,0.0,0.0,0.0,0.0,0.0,0.0,0.0,0.0,0.0,0.0,0.0,0.0
5122 SPVI-SPVC Sall3 Nfib Gly-Gaba_1,0.0,0.11267605633802817,0.0,0.0,0.0,0.0,0.0,0.5633802816901409,0.0,0.0,0.0,0.0,0.0,0.0,0.04225352112676056,0.028169014084507043,0.014084507042253521,0.08450704225352113,0.07042253521126761,0.0,0.0,0.0,0.0,0.0,0.08450704225352113
5123 SPVI-SPVC Sall3 Nfib Gly-Gaba_1,0.0,0.0,0.0,0.0,0.0,0.0,0.0,1.0,0.0,0.0,0.0,0.0,0.0,0.0,0.0,0.0,0.0,0.0,0.0,0.0,0.0,0.0,0.0,0.0,0.0
5124 SPVI-SPVC Sall3 Nfib Gly-Gaba_1,0.0,0.3333333333333333,0.0,0.0,0.0,0.0,0.0,0.6666666666666666,0.0,0.0,0.0,0.0,0.0,0.0,0.0,0.0,0.0,0.0,0.0,0.0,0.0,0.0,0.0,0.0,0.0
5125 SPVI-SPVC Sall3 Nfib Gly-Gaba_1,0.0,0.05263157894736842,0.0,0.0,0.0,0.0,0.0,0.9473684210526315,0.0,0.0,0.0,0.0,0.0,0.0,0.0,0.0,0.0,0.0,0.0,0.0,0.0,0.0,0.0,0.0,0.0
5126 SPVI-SPVC Sall3 Nfib Gly-Gaba_1,0.0,1.0,0.0,0.0,0.0,0.0,0.0,0.0,0.0,0.0,0.0,0.0,0.0,0.0,0.0,0.0,0.0,0.0,0.0,0.0,0.0,0.0,0.0,0.0,0.0
5128 SPVI-SPVC Sall3 Nfib Gly-Gaba_1,0.0,0.5555555555555556,0.0,0.0,0.0,0.0,0.0,0.2222222222222222,0.0,0.0,0.0,0.0,0.0,0.0,0.0,0.0,0.0,0.0,0.1111111111111111,0.0,0.0,0.0,0.0,0.0,0.1111111111111111
5129 SPVI-SPVC Sall3 Nfib Gly-Gaba_1,0.0,0.3409090909090909,0.0,0.0,0.0,0.0,0.0,0.25,0.0,0.0,0.0,0.0,0.0,0.0,0.045454545454545456,0.11363636363636363,0.0,0.18181818181818182,0.022727272727272728,0.0,0.0,0.0,0.0,0.0,0.045454545454545456
5130 SPVI-SPVC Sall3 Nfib Gly-Gaba_1,0.0,0.0,0.0,0.0,0.0,0.0,0.0,0.5,0.0,0.0,0.0,0.0,0.0,0.0,0.0,0.0,0.0,0.0,0.0,0.0,0.0,0.0,0.0,0.0,0.5
5131 SPVI-SPVC Sall3 Nfib Gly-Gaba_1,0.0,0.0,0.0,0.0,0.0,0.0,0.0,1.0,0.0,0.0,0.0,0.0,0.0,0.0,0.0,0.0,0.0,0.0,0.0,0.0,0.0,0.0,0.0,0.0,0.0
5132 SPVI-SPVC Sall3 Nfib Gly-Gaba_1,0.0,0.0,0.0,0.0,0.0,0.0,0.0,0.9090909090909091,0.0,0.0,0.0,0.0,0.0,0.0,0.09090909090909091,0.0,0.0,0.0,0.0,0.0,0.0,0.0,0.0,0.0,0.0
5133 SPVI-SPVC Sall3 Nfib Gly-Gaba_1,0.0,0.2857142857142857,0.0,0.0,0.0,0.0,0.0,0.42857142857142855,0.0,0.0,0.0,0.0,0.0,0.0,0.0,0.0,0.0,0.0,0.14285714285714285,0.0,0.0,0.0,0.0,0.0,0.14285714285714285
5135 SPVI-SPVC Sall3 Nfib Gly-Gaba_1,0.0,0.0,0.0,0.0,0.0,0.0,0.0,1.0,0.0,0.0,0.0,0.0,0.0,0.0,0.0,0.0,0.0,0.0,0.0,0.0,0.0,0.0,0.0,0.0,0.0
5137 SPVI-SPVC Sall3 Nfib Gly-Gaba_2,0.0,0.06443914081145585,0.0,0.0,0.0,0.0,0.0,0.711217183770883,0.0,0.0,0.0,0.0,0.0,0.0,0.03579952267303103,0.014319809069212411,0.02386634844868735,0.00954653937947494,0.07637231503579953,0.0,0.0,0.0,0.0,0.0,0.06443914081145585
5138 SPVI-SPVC Sall3 Nfib Gly-Gaba_2,0.0,0.05803571428571429,0.0,0.0,0.0,0.0,0.0,0.8080357142857143,0.0,0.0,0.0,0.0,0.0,0.0,0.008928571428571428,0.004464285714285714,0.0,0.0,0.0625,0.0,0.0,0.0,0.0,0.0,0.05803571428571429
5140 SPVI-SPVC Sall3 Nfib Gly-Gaba_2,0.0,0.0,0.0,0.0,0.0,0.0,0.0,1.0,0.0,0.0,0.0,0.0,0.0,0.0,0.0,0.0,0.0,0.0,0.0,0.0,0.0,0.0,0.0,0.0,0.0
5141 SPVI-SPVC Sall3 Nfib Gly-Gaba_2,0.0,0.021739130434782608,0.0,0.0,0.0,0.0,0.0,0.8695652173913043,0.0,0.0,0.0,0.0,0.0,0.0,0.0,0.0,0.0,0.021739130434782608,0.021739130434782608,0.0,0.0,0.0,0.0,0.0,0.06521739130434782
5142 SPVI-SPVC Sall3 Nfib Gly-Gaba_2,0.0,0.0,0.0,0.0,0.0,0.0,0.0,1.0,0.0,0.0,0.0,0.0,0.0,0.0,0.0,0.0,0.0,0.0,0.0,0.0,0.0,0.0,0.0,0.0,0.0
5143 SPVI-SPVC Sall3 Nfib Gly-Gaba_2,0.0,0.0,0.0,0.0,0.0,0.0,0.0,1.0,0.0,0.0,0.0,0.0,0.0,0.0,0.0,0.0,0.0,0.0,0.0,0.0,0.0,0.0,0.0,0.0,0.0
5144 SPVI-SPVC Sall3 Lhx1 Gly-Gaba_1,0.0,0.0,0.0,0.0,0.0,0.0,0.0,1.0,0.0,0.0,0.0,0.0,0.0,0.0,0.0,0.0,0.0,0.0,0.0,0.0,0.0,0.0,0.0,0.0,0.0
5145 SPVI-SPVC Sall3 Lhx1 Gly-Gaba_1,0.0,0.0,0.0,0.0,0.0,0.0,0.0,0.8181818181818182,0.0,0.0,0.0,0.0,0.0,0.0,0.0,0.0,0.0,0.0,0.0,0.0,0.0,0.0,0.0,0.0,0.18181818181818182
5146 SPVI-SPVC Sall3 Lhx1 Gly-Gaba_1,0.0,0.058823529411764705,0.0,0.0,0.0,0.0,0.0,0.5882352941176471,0.0,0.0,0.0,0.0,0.0,0.0,0.0,0.0,0.0,0.0,0.11764705882352941,0.0,0.0,0.0,0.0,0.0,0.23529411764705882
5148 SPVI-SPVC Sall3 Lhx1 Gly-Gaba_1,0.0,0.0,0.0,0.0,0.0,0.0,0.0,0.6923076923076923,0.0,0.0,0.0,0.0,0.0,0.0,0.0,0.0,0.0,0.0,0.1282051282051282,0.0,0.0,0.0,0.0,0.0,0.1794871794871795
5149 SPVI-SPVC Sall3 Lhx1 Gly-Gaba_1,0.0,0.030601092896174863,0.0,0.0,0.01092896174863388,0.0,0.0,0.6918032786885245,0.0,0.01092896174863388,0.0,0.0,0.001092896174863388,0.0,0.01639344262295082,0.014207650273224045,0.008743169398907104,0.014207650273224045,0.11038251366120219,0.0,0.0,0.0,0.001092896174863388,0.0,0.08961748633879782
5150 SPVI-SPVC Sall3 Lhx1 Gly-Gaba_1,0.0,0.0,0.0,0.0,0.0,0.0,0.0,1.0,0.0,0.0,0.0,0.0,0.0,0.0,0.0,0.0,0.0,0.0,0.0,0.0,0.0,0.0,0.0,0.0,0.0
5152 SPVI-SPVC Sall3 Lhx1 Gly-Gaba_2,0.0,0.0182648401826484,0.0,0.0,0.0,0.0,0.0,0.7351598173515982,0.0,0.0,0.0,0.0,0.0,0.0,0.0228310502283105,0.0,0.0228310502283105,0.0,0.091324200913242,0.0,0.0,0.0,0.0,0.0,0.1095890410958904
5153 SPVI-SPVC Sall3 Lhx1 Gly-Gaba_2,0.0,0.06666666666666667,0.0,0.0,0.0,0.0,0.0,0.64,0.0,0.0,0.0,0.0,0.0,0.0,0.0,0.0,0.06666666666666667,0.0,0.05333333333333334,0.0,0.0,0.0,0.0,0.0,0.17333333333333334
5154 SPVI-SPVC Sall3 Lhx1 Gly-Gaba_2,0.0,0.1956521739130435,0.0,0.0,0.0,0.0,0.0,0.45652173913043476,0.0,0.0,0.0,0.0,0.0,0.0,0.0,0.043478260869565216,0.15217391304347827,0.0,0.08695652173913043,0.0,0.0,0.0,0.0,0.0,0.06521739130434782
5155 SPVI-SPVC Sall3 Lhx1 Gly-Gaba_2,0.0,0.0,0.0,0.0,0.0,0.0,0.0,1.0,0.0,0.0,0.0,0.0,0.0,0.0,0.0,0.0,0.0,0.0,0.0,0.0,0.0,0.0,0.0,0.0,0.0
5156 SPVI-SPVC Sall3 Lhx1 Gly-Gaba_2,0.0,0.02586206896551724,0.0,0.0,0.0,0.0,0.0,0.7586206896551724,0.0,0.0,0.0,0.0,0.0,0.0,0.0,0.0,0.008620689655172414,0.0,0.08620689655172414,0.0,0.0,0.0,0.0,0.0,0.1206896551724138
5157 SPVI-SPVC Sall3 Lhx1 Gly-Gaba_2,0.0,0.0784313725490196,0.0,0.0,0.0,0.0,0.0,0.8431372549019608,0.0,0.0,0.0,0.0,0.0,0.0,0.0,0.0,0.0,0.0,0.0392156862745098,0.0,0.0,0.0,0.0,0.0,0.0392156862745098
5158 SPVI-SPVC Sall3 Lhx1 Gly-Gaba_2,0.0,0.07692307692307693,0.0,0.0,0.0,0.0,0.0,0.7692307692307693,0.0,0.0,0.0,0.0,0.0,0.0,0.0,0.0,0.0,0.0,0.0,0.0,0.0,0.0,0.0,0.0,0.15384615384615385
5159 SPVI-SPVC Sall3 Lhx1 Gly-Gaba_2,0.0,0.0,0.0,0.0,0.0,0.0,0.0,1.0,0.0,0.0,0.0,0.0,0.0,0.0,0.0,0.0,0.0,0.0,0.0,0.0,0.0,0.0,0.0,0.0,0.0
5160 SPVI-SPVC Sall3 Lhx1 Gly-Gaba_2,0.0,0.0,0.0,0.0,0.0,0.0,0.0,0.8461538461538461,0.0,0.0,0.0,0.0,0.0,0.0,0.0,0.0,0.0,0.0,0.15384615384615385,0.0,0.0,0.0,0.0,0.0,0.0
5161 SPVI-SPVC Sall3 Lhx1 Gly-Gaba_2,0.0,0.0,0.0,0.0,0.0,0.0,0.0,0.8695652173913043,0.0,0.0,0.0,0.0,0.0,0.0,0.0,0.0,0.0,0.0,0.13043478260869565,0.0,0.0,0.0,0.0,0.0,0.0
5162 SPVI-SPVC Sall3 Lhx1 Gly-Gaba_2,0.0,0.03143585386576041,0.0,0.0,0.0,0.0,0.0,0.6686491079014444,0.0,0.006796941376380629,0.0,0.0,0.0,0.0,0.0237892948173322,0.012744265080713678,0.010195412064570943,0.009345794392523364,0.10620220900594732,0.0008496176720475786,0.0,0.0008496176720475786,0.0,0.0,0.12914188615123195
5163 SPVI-SPVC Sall3 Lhx1 Gly-Gaba_2,0.0,0.0,0.0,0.0,0.0,0.0,0.0,1.0,0.0,0.0,0.0,0.0,0.0,0.0,0.0,0.0,0.0,0.0,0.0,0.0,0.0,0.0,0.0,0.0,0.0
5165 RO-RPA Pkd2l1 Gaba_1,0.0,0.0,0.0,0.0,0.0,0.0,0.0625,0.625,0.0,0.0625,0.0,0.0,0.0,0.0,0.0625,0.0,0.0,0.0,0.0625,0.0,0.0,0.0625,0.0,0.0,0.0625
5166 RO-RPA Pkd2l1 Gaba_1,0.0,0.0,0.0,0.0,0.0,0.0,0.0,0.25,0.0,0.0,0.0,0.0,0.0,0.0,0.5,0.0,0.0,0.0,0.0,0.25,0.0,0.0,0.0,0.0,0.0
5167 DCO Il22 Gly-Gaba_1,0.0,0.27848101265822783,0.0,0.0,0.0,0.0,0.0,0.21518987341772153,0.0,0.05063291139240506,0.0,0.0,0.0,0.0,0.24050632911392406,0.02531645569620253,0.012658227848101266,0.17721518987341772,0.0,0.0,0.0,0.0,0.0,0.0,0.0
5168 DCO Il22 Gly-Gaba_1,0.0,0.05263157894736842,0.0,0.0,0.0,0.0,0.0,0.3684210526315789,0.0,0.05263157894736842,0.0,0.0,0.0,0.0,0.3157894736842105,0.15789473684210525,0.0,0.05263157894736842,0.0,0.0,0.0,0.0,0.0,0.0,0.0
5169 DCO Il22 Gly-Gaba_1,0.0,0.37410071942446044,0.0,0.0,0.0,0.0,0.0,0.22302158273381295,0.0,0.02158273381294964,0.0,0.0,0.0,0.0,0.12949640287769784,0.07194244604316546,0.014388489208633094,0.15827338129496402,0.0,0.0,0.0,0.0,0.0,0.0,0.007194244604316547
5170 DCO Il22 Gly-Gaba_1,0.0,0.34911242603550297,0.0,0.0,0.0,0.0,0.0,0.3254437869822485,0.0,0.0,0.0,0.0,0.0,0.0,0.15384615384615385,0.01775147928994083,0.005917159763313609,0.14792899408284024,0.0,0.0,0.0,0.0,0.0,0.0,0.0
5171 DCO Il22 Gly-Gaba_1,0.0,0.4583333333333333,0.0,0.0,0.0,0.0,0.0,0.2916666666666667,0.0,0.0,0.0,0.0,0.0,0.0,0.041666666666666664,0.041666666666666664,0.0,0.16666666666666666,0.0,0.0,0.0,0.0,0.0,0.0,0.0
5172 DCO Il22 Gly-Gaba_2,0.0,0.2518703241895262,0.0,0.0,0.0,0.0,0.0,0.4014962593516209,0.0,0.0,0.0,0.0,0.0,0.0,0.14713216957605985,0.012468827930174564,0.0,0.18703241895261846,0.0,0.0,0.0,0.0,0.0,0.0,0.0
5173 DCO Il22 Gly-Gaba_3,0.0,0.3870967741935484,0.0,0.0,0.0,0.0,0.0,0.3978494623655914,0.0,0.043010752688172046,0.0,0.0,0.0,0.0,0.010752688172043012,0.0,0.0,0.15053763440860216,0.0,0.0,0.0,0.0,0.0,0.0,0.010752688172043012
5174 DCO Il22 Gly-Gaba_3,0.0,0.38306451612903225,0.0,0.0,0.0,0.0,0.0,0.4475806451612903,0.0,0.028225806451612902,0.0,0.0,0.0,0.0,0.024193548387096774,0.04032258064516129,0.0,0.06048387096774194,0.008064516129032258,0.0,0.0,0.0,0.0,0.0,0.008064516129032258
5175 DCO Il22 Gly-Gaba_3,0.0,0.4927536231884058,0.0,0.0,0.0,0.0,0.0,0.2028985507246377,0.0,0.07246376811594203,0.0,0.0,0.0,0.0,0.0,0.014492753623188406,0.0,0.21739130434782608,0.0,0.0,0.0,0.0,0.0,0.0,0.0
5176 DCO Il22 Gly-Gaba_3,0.0,0.11552612214863871,0.0,0.0,0.008830022075055188,0.0014716703458425313,0.0007358351729212656,0.6791758646063282,0.0,0.0640176600441501,0.0,0.0,0.003679175864606328,0.0,0.04194260485651214,0.005886681383370125,0.002207505518763797,0.05592347314201619,0.01692420897718911,0.0007358351729212656,0.0007358351729212656,0.0,0.0,0.0,0.002207505518763797
5177 CB PLI Gly-Gaba_1,0.0008103727714748784,0.7860615883306321,0.0,0.0,0.0,0.0,0.0008103727714748784,0.03079416531604538,0.0,0.0,0.0,0.0,0.0,0.0,0.0032414910858995136,0.0016207455429497568,0.0,0.16612641815235007,0.0,0.0,0.0,0.0,0.0,0.0,0.01053484602917342
5178 CB PLI Gly-Gaba_1,0.0004861448711716091,0.9163830821584832,0.0,0.0,0.0,0.0,0.0,0.0053475935828877,0.0,0.0,0.0,0.0,0.0,0.0,0.007292173067574137,0.0,0.0,0.03937773456490034,0.0,0.0,0.0,0.0,0.0,0.0,0.031113271754982984
5179 CB PLI Gly-Gaba_1,0.0,0.9529411764705882,0.0,0.0,0.0,0.0,0.0,0.0,0.0,0.0,0.0,0.0,0.0,0.0,0.0,0.0,0.0,0.023529411764705882,0.0,0.0,0.0,0.0,0.0,0.0,0.023529411764705882
5180 CB PLI Gly-Gaba_2,0.0,0.8230088495575221,0.0,0.0,0.0,0.0,0.0,0.02654867256637168,0.0,0.008849557522123894,0.0,0.0,0.0,0.0,0.008849557522123894,0.0,0.0,0.07964601769911504,0.0,0.0,0.0,0.0,0.0,0.0,0.05309734513274336
5181 CB PLI Gly-Gaba_2,0.0,0.8333333333333334,0.0,0.0,0.0,0.0,0.0,0.0,0.0,0.0,0.0,0.0,0.0,0.0,0.0,0.0,0.0,0.16666666666666666,0.0,0.0,0.0,0.0,0.0,0.0,0.0
5182 CB PLI Gly-Gaba_2,0.0,0.7236842105263158,0.0,0.0,0.0,0.0,0.0,0.02631578947368421,0.0,0.0,0.0,0.0,0.0,0.0,0.0,0.0,0.0,0.23684210526315788,0.0,0.0,0.0,0.0,0.0,0.0,0.013157894736842105
5183 CB PLI Gly-Gaba_3,0.0,0.45689655172413796,0.0,0.0,0.0,0.0,0.0,0.16379310344827586,0.0,0.08620689655172414,0.008620689655172414,0.0,0.0,0.0,0.017241379310344827,0.0,0.0,0.2672413793103448,0.0,0.0,0.0,0.0,0.0,0.0,0.0
5184 CB PLI Gly-Gaba_3,0.0,0.7342995169082126,0.0,0.0,0.0,0.0,0.0,0.028985507246376812,0.0,0.00966183574879227,0.0,0.0,0.0,0.0,0.00966183574879227,0.0,0.0,0.18357487922705315,0.0,0.0,0.0,0.0,0.0,0.0,0.033816425120772944
5185 CB PLI Gly-Gaba_4,0.0,0.7870370370370371,0.0,0.0,0.0,0.0,0.006172839506172839,0.021604938271604937,0.0,0.012345679012345678,0.0,0.0,0.0,0.0,0.012345679012345678,0.0,0.0,0.15432098765432098,0.0,0.0,0.0,0.0,0.0,0.0,0.006172839506172839
5186 CBX Golgi Gly-Gaba_1,0.0,0.8623481781376519,0.0,0.0,0.0,0.0,0.0,0.01862348178137652,0.0,0.004048582995951417,0.0,0.0,0.0,0.0,0.0024291497975708503,0.0008097165991902834,0.0,0.07125506072874493,0.0008097165991902834,0.0008097165991902834,0.0,0.0,0.0,0.0,0.038866396761133605
5187 CBX Golgi Gly-Gaba_1,0.0,0.8893280632411067,0.0,0.0,0.0,0.0,0.003952569169960474,0.0,0.0,0.0,0.0,0.0,0.0,0.0,0.0,0.0,0.0,0.03557312252964427,0.0,0.0,0.0,0.0,0.0,0.0,0.07114624505928854
5188 CBX MLI Megf11 Gaba_1,0.000752570026640979,0.8852180195367179,0.0,0.0,0.0,1.5051400532819578e-05,0.0007224672255753397,0.0003461822122548503,0.0,6.020560213127831e-05,0.0,0.0,0.0,0.0,0.0010535980372973705,0.0,0.00036123361278766987,0.014900886527491383,0.0,0.0,0.0,0.0,0.0,0.0,0.09656978581857041
5189 CBX MLI Megf11 Gaba_1,0.0,0.8525469168900804,0.0,0.0,0.0,0.0,0.002680965147453083,0.0160857908847185,0.0,0.0,0.0,0.0,0.0,0.0,0.0160857908847185,0.002680965147453083,0.0,0.029490616621983913,0.0,0.0,0.0,0.0,0.0,0.0,0.08042895442359249
5190 CBX MLI Megf11 Gaba_2,0.0,0.8846590909090909,0.0,0.0,0.0,0.0,0.0002840909090909091,0.0004261363636363636,0.0,0.00014204545454545454,0.0,0.0,0.0,0.0,0.0004261363636363636,0.0,0.00014204545454545454,0.018892045454545453,0.0,0.0,0.0,0.0,0.0,0.0,0.0950284090909091
5191 CBX MLI Megf11 Gaba_2,0.0,0.9003451251078516,0.0,0.0,0.0,0.0,0.0,0.0012942191544434857,0.0,0.0004314063848144953,0.0,0.0,0.0,0.0,0.0004314063848144953,0.0,0.0,0.014667817083692839,0.0,0.0,0.0,0.0,0.0,0.0,0.08283002588438308
5192 CBX MLI Cdh22 Gaba_1,0.0008020624462904612,0.8932111142938985,0.0,0.0,0.0,0.0,0.0016041248925809223,0.0002864508736751647,0.0,0.00017187052420509884,0.0,0.0,0.0,0.0,0.00194786594099112,0.00011458034947006589,0.0004010312231452306,0.013864222285877971,0.0,0.0,0.0,0.0,0.0,0.0,0.08759667716986537
5193 CBX Purkinje Gaba_1,0.0,0.850253807106599,0.0,0.0,0.0,0.0,0.0,0.0025380710659898475,0.0,0.0,0.0,0.0,0.0,0.0,0.0,0.0,0.0,0.050761421319796954,0.0,0.0,0.0,0.0,0.0,0.0,0.09644670050761421
5194 CBX Purkinje Gaba_1,0.0,0.8555511341026661,0.0,0.0,0.0,0.0,0.0,0.0003979307600477517,0.0,0.0003979307600477517,0.0,0.0,0.0,0.0,0.0,0.0,0.0,0.026661360923199363,0.0,0.0,0.0,0.0,0.0,0.0,0.116991643454039
5195 CBX Purkinje Gaba_2,0.0,0.9256142387308958,0.0,0.0,0.0,0.0,0.0004836525440123815,9.67305088024763e-05,0.0,9.67305088024763e-05,0.0,0.0,0.0,0.0,0.0,0.0,0.0,0.02224801702456955,9.67305088024763e-05,0.0,0.0,0.0,0.0,0.0,0.051363900174114914
5196 CBX Purkinje Gaba_2,0.0,0.9554858934169279,0.0,0.0,0.0,0.0,0.0002089864158829676,0.0002089864158829676,0.0,0.0004179728317659352,0.0,0.0,0.0,0.0,0.0,0.0,0.0,0.022779519331243468,0.0,0.0,0.0,0.0,0.0,0.0,0.02089864158829676
5197 CB Granule Glut_1,0.0,0.3665171060011217,0.0,0.0,0.0,0.0,0.0,0.317722938867078,0.0,0.0800616937745373,0.0,0.0,0.0,0.0,0.01864834548513741,0.006309590577678071,0.001962983735277622,0.18550196298373528,0.018227706113292205,0.0,0.0,0.0,0.0,0.0,0.005047672462142457
5198 CB Granule Glut_1,0.0,0.5834818775995246,0.0,0.0,0.0,0.0,0.0,0.23529411764705882,0.0,0.016042780748663103,0.0,0.0005941770647653001,0.0,0.0,0.035056446821152706,0.013071895424836602,0.004753416518122401,0.09090909090909091,0.0017825311942959,0.0,0.0,0.0,0.0,0.0,0.019013666072489603
5199 CB Granule Glut_1,0.0,0.398876404494382,0.0,0.0,0.0,0.0,0.0,0.351123595505618,0.0,0.06460674157303371,0.0,0.0,0.0,0.0,0.0449438202247191,0.0,0.0,0.1348314606741573,0.0,0.0,0.0,0.0,0.0,0.0,0.0056179775280898875
5200 CB Granule Glut_2,0.0,0.8778071334214003,0.0,0.00044033465433729633,0.0,0.0,0.00022016732716864817,0.0019815059445178335,0.0,0.00022016732716864817,0.0,0.0,0.0,0.0,0.0033025099075297227,0.0006605019815059445,0.0,0.0841039189784236,0.0,0.0,0.0,0.0,0.0,0.0,0.03126376045794804
5201 CB Granule Glut_2,1.1742946892522679e-05,0.8973196723717817,0.0,1.7614420338784017e-05,0.0,2.9357367231306698e-05,5.8714734462613395e-05,0.00027595925197428296,0.0,1.7614420338784017e-05,0.0,0.0,0.0,0.0,0.0004932037694859525,5.8714734462613395e-05,1.1742946892522679e-05,0.05487479082875848,1.1742946892522679e-05,0.0,0.0,0.0,0.0,0.0,0.04681912926048792
5202 DCO UBC Glut_1,0.0,0.35892857142857143,0.0,0.0,0.0,0.0,0.0017857142857142857,0.425,0.0,0.055357142857142855,0.0,0.0,0.0,0.0,0.025,0.0035714285714285713,0.0035714285714285713,0.10892857142857143,0.010714285714285714,0.0,0.0,0.0,0.0,0.0,0.007142857142857143
5203 DCO UBC Glut_1,0.0,0.5769230769230769,0.0,0.0,0.0,0.0,0.0,0.2692307692307692,0.0,0.0,0.0,0.0,0.0,0.0,0.038461538461538464,0.0,0.0,0.11538461538461539,0.0,0.0,0.0,0.0,0.0,0.0,0.0
5204 DCO UBC Glut_1,0.0,0.3265060240963855,0.0,0.0,0.0,0.0,0.0,0.4433734939759036,0.0,0.04578313253012048,0.0,0.0,0.0,0.0,0.051807228915662654,0.006024096385542169,0.0,0.09397590361445783,0.024096385542168676,0.0,0.0,0.0,0.0,0.0,0.008433734939759036
5205 DCO UBC Glut_1,0.002824858757062147,0.3107344632768362,0.0,0.0,0.0,0.0,0.0,0.3220338983050847,0.0,0.09322033898305085,0.0,0.0,0.0,0.0,0.06497175141242938,0.005649717514124294,0.0,0.1553672316384181,0.03672316384180791,0.002824858757062147,0.0,0.0,0.0,0.0,0.005649717514124294
5206 Bergmann NN_1,3.3768952824772905e-05,0.9080471414581434,0.0,0.0,0.0,0.0,0.0005740721980211393,0.0,0.0,0.0,0.0,0.0,3.3768952824772905e-05,0.0,0.00033768952824772905,6.753790564954581e-05,0.0,0.024043494411238306,0.0,0.0,0.0,0.0,0.0,0.0,0.06686252659305035
5207 Astro-CB NN_1,0.0,0.8033028605131229,0.0,0.0,0.0,0.0,0.0005897965202005308,0.01798879386611619,0.0,0.006782659982306104,0.0,0.0,0.0,0.0,0.002948982601002654,0.0008846947803007962,0.0002948982601002654,0.14214096136832793,0.0002948982601002654,0.0,0.0,0.0,0.0,0.0,0.024771453848422293
5208 Astro-NT NN_1,0.00017628911414720142,0.39770824151608636,0.0,0.003878360511238431,0.0008814455707360071,0.0,0.0010577346848832084,0.13530189510797708,0.0,0.02230057293962098,0.0007933010136624063,0.0006170118995152049,0.0009695901278096077,0.00044072278536800354,0.03349493168796827,0.03005729396209784,0.015601586602027324,0.23261348611723226,0.05500220361392684,0.002996914940502424,0.0012340237990304099,0.010577346848832084,0.012163948876156898,0.0,0.042133098281181135
5209 Astro-NT NN_1,0.0012200081333875558,0.09190727938186255,0.00034857375239644454,0.06129088479637483,0.06843664672050194,0.011561029454482077,0.156567710451403,0.054493696624644164,0.0029628768953697785,0.032533550223668155,0.018416313251612155,0.017022018242026375,0.005983849416138965,0.00790100505431941,0.006564805670133039,0.004240980654156742,0.07947481554638935,0.05978039853599024,0.09382443502004299,0.0016847731365828152,0.04531458781153779,0.05681752164062046,0.03067449021088712,0.0,0.09097774937547203
5210 Astro-NT NN_1,0.019881026925485285,0.1079106658317679,0.0002087246921310791,0.010123147568357336,0.10519724483406387,0.0024525151325401795,0.25860989355040703,0.06731371321227302,0.00010436234606553955,0.050720100187852224,0.038718430390315174,0.009966604049259028,0.052807347109163016,0.020089751617616364,0.0335003130870382,0.011114589855979962,0.019724483406386977,0.06079106658317679,0.027656021707367983,0.0027134209977040286,0.014715090795241076,0.05338134001252348,0.020976831559173452,0.0,0.011323314548111042
5211 Astro-NT NN_1,0.0,0.007305194805194805,0.003246753246753247,0.048701298701298704,0.04626623376623377,0.011363636363636364,0.052759740259740256,0.004058441558441558,0.19642857142857142,0.002435064935064935,0.06818181818181818,0.14691558441558442,0.003246753246753247,0.004058441558441558,0.0008116883116883117,0.0016233766233766235,0.05357142857142857,0.00487012987012987,0.11363636363636363,0.0,0.08766233766233766,0.008116883116883116,0.03977272727272727,0.0,0.09496753246753246
5212 Astro-NT NN_1,0.0002765231818600793,0.08673610471011153,0.0001843487879067195,0.004700894091621347,0.020094017881832425,0.0011982671213936768,0.11189971425937874,0.17881832426951794,0.0008295695455802378,0.17762005714812426,0.01963314591206563,0.011798322426030048,0.023596644852060096,0.0001843487879067195,0.006913079546501982,0.004147847727901189,0.016683565305558114,0.11807539865425384,0.07244907364734077,0.010415706516729652,0.010876578486496452,0.07364734076873444,0.0075583003041755,0.0,0.04166282606691861
5213 Astro-NT NN_1,0.0,0.2848101265822785,0.0,0.0,0.0,0.0,0.0,0.5316455696202531,0.0,0.0,0.0,0.0,0.0,0.0,0.05063291139240506,0.056962025316455694,0.0,0.06329113924050633,0.0,0.0,0.0,0.0,0.0,0.0,0.012658227848101266
5214 Astro-NT NN_2,0.0010565376488171933,0.013103643766427872,0.004393650466422718,0.0019584600319538215,0.20834407050456116,0.0013528835747049425,0.34647992578467246,0.04159150646807195,0.0013786527856517034,0.08998608462608874,0.11361645106426842,0.038718239447508115,0.07573571097253003,0.0016105756841725506,0.0021259599031077667,0.0008503839612431067,0.004818842447044272,0.004857496263464413,0.012626913363912797,0.0030021130752976343,0.0036721125599134155,0.01647941040045354,0.0088774931711591,1.2884605473380404e-05,0.003349997423078905
5215 Astro-NT NN_2,0.0,0.0009098353198071149,0.0,0.0028204894914020564,0.027568010190155583,0.000727868255845692,0.1227367846419798,0.003730324811209171,9.09835319807115e-05,0.009462287325993995,0.014921299244836685,0.0040032754071513054,0.786188699845328,0.0008188517878264034,0.0,0.0,0.004549176599035575,0.000363934127922846,0.0030024565553634793,0.0005459011918842689,0.0013647529797106723,0.008279501410244746,0.00609589664270767,0.0,0.0018196706396142299
5216 Astro-NT NN_2,0.0,0.018361410738092353,0.0,0.0,0.008938310507817234,0.0,0.2365470852017937,0.37371227729972123,6.0598715307235486e-05,0.2832989940613259,0.0004847897224578839,0.0,0.012513634710944127,0.0,0.0030299357653617745,0.0021512543934068596,0.0013634710944127985,0.019815779905466003,0.024330384195855047,0.00845352078535935,0.00045449036480426616,0.001393770452066416,0.00042419100715064843,0.0,0.004666101078657133
5217 Astro-NT NN_2,0.0,0.22598666426383132,0.0,9.010632546404758e-05,0.0019823391602090466,0.0,0.03279870246891332,0.33934042169760315,0.0,0.14660299153000542,0.002072445485673094,0.0,0.030275725355919984,0.0,0.03198774553973689,0.014597224725175707,0.0031537213912416653,0.14074608037484232,0.0185619030455938,0.003243827716705713,9.010632546404758e-05,0.0015318075328888089,9.010632546404758e-05,0.0,0.006848080735267616
5218 Astro-TE NN_1,0.0,0.0,0.0,0.07211538461538461,0.0,0.25961538461538464,0.0,0.0,0.2692307692307692,0.0,0.004807692307692308,0.014423076923076924,0.0,0.0,0.0,0.014423076923076924,0.019230769230769232,0.0,0.03365384615384615,0.0,0.0,0.15865384615384615,0.02403846153846154,0.004807692307692308,0.125
5219 Astro-TE NN_1,2.6449195503636765e-05,0.006885607229446771,0.02182058629050033,0.26008375578576154,0.004055543310557637,0.2552700022040996,0.006250826537359489,0.008049371831606788,0.1107163323782235,0.003879215340533392,0.007749614282565572,0.02779810447432224,0.004346484461097641,0.0014635221512012343,0.0006435970905884946,0.012298875909191095,0.00945999559180075,0.0057306590257879654,0.019960326206744546,0.0006347806920872824,0.004954815957681287,0.09852325325104695,0.04288296230989641,0.02290500330614944,0.06361031518624642
5220 Astro-TE NN_1,0.0,0.0,0.0,0.13846153846153847,0.0,0.27692307692307694,0.0,0.0,0.13846153846153847,0.0,0.0,0.06153846153846154,0.0,0.015384615384615385,0.0,0.015384615384615385,0.0,0.0,0.015384615384615385,0.0,0.0,0.13846153846153847,0.046153846153846156,0.0,0.15384615384615385
5221 Astro-TE NN_1,0.0,0.0,0.0,0.036585365853658534,0.0,0.5975609756097561,0.0,0.0,0.04878048780487805,0.0,0.0,0.0,0.0,0.0,0.0,0.036585365853658534,0.0,0.0,0.0,0.0,0.0,0.12195121951219512,0.012195121951219513,0.0,0.14634146341463414
5222 Astro-TE NN_2,0.0,0.0,0.0,0.9793956043956044,0.0,0.0,0.0,0.0,0.0,0.0,0.0,0.009615384615384616,0.0,0.0,0.0,0.0,0.0013736263736263737,0.0,0.0,0.0,0.0,0.0027472527472527475,0.006868131868131868,0.0,0.0
5223 Astro-TE NN_2,0.0,0.0,0.0,0.9195402298850575,0.0,0.0,0.0,0.0,0.0,0.0,0.0,0.007662835249042145,0.0,0.0,0.0,0.0038314176245210726,0.0,0.0,0.0,0.0,0.0,0.04980842911877394,0.01532567049808429,0.0038314176245210726,0.0
5224 Astro-TE NN_3,0.0,0.0036665989756086556,0.032604526275412354,0.2527245650849523,0.0032491707845393623,0.28153839211173537,0.0029671247094925426,0.00611475890701505,0.14220763103860648,0.002380468873395158,0.024650826959092036,0.16187188339087072,0.0057086125589476296,0.0017148401362846635,0.0004625555630767842,0.005595794128928902,0.003271734470543108,0.0009138292831516957,0.00805523590333717,0.00010153658701685507,0.0007671653241273494,0.023985198221981543,0.027031295832487194,0.0028881518084794334,0.005528103070917665
5225 Astro-TE NN_3,0.0,0.0,0.034055338177752935,0.09893795416433762,2.7948574622694243e-05,0.6851313583007267,1.3974287311347121e-05,0.0,0.12009502515371716,0.0,0.002990497484628284,0.036151481274455,0.00013974287311347122,0.0,0.0,0.00036333147009502513,0.0003353828954723309,0.0,0.006022917831190609,0.0,0.0001257685858021241,0.007294577976523197,0.002543320290665176,0.002641140301844606,0.0031302403577417553
5226 Astro-TE NN_3,0.0,0.0,0.013029315960912053,0.035830618892508145,0.003257328990228013,0.18892508143322476,0.0,0.0,0.1237785016286645,0.0,0.048859934853420196,0.5472312703583062,0.013029315960912053,0.006514657980456026,0.0,0.0,0.0,0.0,0.003257328990228013,0.0,0.0,0.009771986970684038,0.006514657980456026,0.0,0.0
5227 Astro-TE NN_3,0.0,0.0,0.001638001638001638,0.00014890923981833071,0.00044672771945499217,0.0017124562579108034,0.0,0.0,0.006924279651552379,0.0,0.03514258059712605,0.9213014667560122,0.0,0.0,0.0,0.0014146377782741418,0.0014146377782741418,0.0,0.009455736728464002,0.0,7.445461990916536e-05,0.0054351872533690716,0.003871640235276599,0.0,0.011019283746556474
5228 Astro-TE NN_4,0.0,0.0,0.24166666666666667,0.21568627450980393,0.0004901960784313725,0.013725490196078431,0.0,0.0,0.012254901960784314,0.0,0.0004901960784313725,0.041176470588235294,0.0,0.0,0.0,0.07647058823529412,0.0058823529411764705,0.0,0.0,0.0,0.0024509803921568627,0.2338235294117647,0.1450980392156863,0.010784313725490196,0.0
5229 Astro-TE NN_5,0.0,0.0,0.0,0.0022770398481973433,0.0,0.0007590132827324478,0.0,0.0,0.4083491461100569,0.0,0.0,0.020872865275142316,0.0,0.0,0.0,0.2512333965844402,0.0,0.0,0.0022770398481973433,0.0,0.0,0.30702087286527513,0.005313092979127135,0.0018975332068311196,0.0
5230 Astro-TE NN_5,0.0,0.0,0.0,0.0,0.0,0.0,0.0,0.0,0.022606382978723406,0.0,0.0026595744680851063,0.47007978723404253,0.0013297872340425532,0.0,0.0,0.4773936170212766,0.005984042553191489,0.0,0.011968085106382979,0.0,0.0,0.0006648936170212766,0.007313829787234043,0.0,0.0
5231 Astro-OLF NN_1,0.0,0.0,0.0,0.0,0.012658227848101266,0.012658227848101266,0.006329113924050633,0.0,0.8860759493670886,0.0,0.0,0.0,0.0,0.0,0.0,0.0,0.0,0.0,0.08227848101265822,0.0,0.0,0.0,0.0,0.0,0.0
5232 Astro-OLF NN_1,0.0,0.0,0.0,0.0,0.0,0.004252303330970942,0.0,0.0,0.5811481218993622,0.0,0.0,0.0,0.0,0.0,0.0,0.0,0.0,0.0,0.3855421686746988,0.0,0.0,0.0,0.0,0.0,0.029057406094968107
5233 Astro-OLF NN_2,0.0,0.0,0.0011005135730007337,0.006603081438004402,0.00036683785766691124,0.019809244314013204,0.003301540719002201,0.00036683785766691124,0.8723404255319149,0.0011005135730007337,0.00880410858400587,0.01173881144534116,0.001834189288334556,0.0,0.0,0.0,0.0,0.0,0.0685986793837124,0.0,0.0,0.0,0.00036683785766691124,0.0,0.003668378576669112
5234 Astro-OLF NN_2,0.0,0.0,0.0,0.0,0.0,0.0033112582781456954,0.0,0.0,0.9470198675496688,0.0,0.0033112582781456954,0.006622516556291391,0.0,0.0,0.0,0.0033112582781456954,0.0,0.0,0.029801324503311258,0.0,0.0,0.0,0.006622516556291391,0.0,0.0
5235 Astro-OLF NN_3,0.0,0.0,0.0,0.0,0.0,0.0,0.0,0.0,1.0,0.0,0.0,0.0,0.0,0.0,0.0,0.0,0.0,0.0,0.0,0.0,0.0,0.0,0.0,0.0,0.0
5236 Astro-OLF NN_3,0.0,0.0,0.0,0.0,0.0,0.0,0.0,0.0,1.0,0.0,0.0,0.0,0.0,0.0,0.0,0.0,0.0,0.0,0.0,0.0,0.0,0.0,0.0,0.0,0.0
5237 Astroependymal NN_1,0.004626569729015202,0.023793787177792465,0.0,0.03502974223397224,0.004626569729015202,0.0019828155981493722,0.12227362855254462,0.0013218770654329147,0.0006609385327164573,0.0,0.0019828155981493722,0.0,0.5380039656311963,0.07732980832782552,0.0,0.0026437541308658294,0.061467283542630535,0.006609385327164574,0.009253139458030404,0.0,0.008592200925313946,0.007270323859881031,0.08856576338400529,0.0,0.0039656311962987445
5238 Astroependymal NN_1,0.0,0.0013850415512465374,0.0,0.1786703601108033,0.023545706371191136,0.006925207756232687,0.0013850415512465374,0.0,0.0013850415512465374,0.0,0.00554016620498615,0.02077562326869806,0.062326869806094184,0.23822714681440443,0.004155124653739612,0.0817174515235457,0.13434903047091412,0.0,0.013850415512465374,0.0,0.0,0.07479224376731301,0.14265927977839335,0.0,0.008310249307479225
5239 Astroependymal NN_1,0.0007671653241273494,0.0038358266206367474,0.0007671653241273494,0.009589566551591868,0.2201764480245493,0.0,0.016494054468738015,0.0007671653241273494,0.0019179133103183737,0.0019179133103183737,0.11891062523973916,0.20828538550057538,0.06175680859225163,0.15113156885308784,0.0003835826620636747,0.023782125047947834,0.019562715765247412,0.0003835826620636747,0.03605677023398542,0.0,0.021480629075565784,0.017644802454929037,0.08362102032988109,0.0,0.0007671653241273494
5240 Astroependymal NN_2,0.0,0.3112033195020747,0.0,0.0,0.0,0.0,0.0,0.5311203319502075,0.0,0.0,0.0,0.0,0.0,0.0,0.008298755186721992,0.0,0.14937759336099585,0.0,0.0,0.0,0.0,0.0,0.0,0.0,0.0
5241 Astroependymal NN_3,0.48484848484848486,0.0,0.0,0.0,0.0,0.0,0.2727272727272727,0.0,0.0,0.0,0.0,0.0,0.0,0.09090909090909091,0.12121212121212122,0.0,0.0,0.030303030303030304,0.0,0.0,0.0,0.0,0.0,0.0,0.0
5242 Astroependymal NN_3,0.31756756756756754,0.0,0.0,0.0,0.0,0.0,0.6418918918918919,0.0,0.0,0.006756756756756757,0.0,0.0,0.006756756756756757,0.02702702702702703,0.0,0.0,0.0,0.0,0.0,0.0,0.0,0.0,0.0,0.0,0.0
5243 Tanycyte NN_1,0.0,0.0,0.0,0.0035971223021582736,0.14388489208633093,0.0,0.0,0.0,0.0,0.0,0.0,0.0,0.0,0.11151079136690648,0.0,0.7014388489208633,0.017985611510791366,0.0,0.0,0.0,0.0035971223021582736,0.01079136690647482,0.0,0.0,0.007194244604316547
5244 Tanycyte NN_1,0.0,0.0,0.0,0.0,0.9906542056074766,0.0,0.0,0.0,0.0,0.0,0.0,0.0,0.0,0.0,0.0,0.0,0.0,0.0,0.0,0.0,0.009345794392523364,0.0,0.0,0.0,0.0
5245 Tanycyte NN_2,0.0,0.0,0.0,0.0,0.9259259259259259,0.0,0.0,0.0,0.0,0.0,0.0,0.0,0.0,0.07407407407407407,0.0,0.0,0.0,0.0,0.0,0.0,0.0,0.0,0.0,0.0,0.0
5246 Tanycyte NN_2,0.0,0.0,0.0,0.0,0.6478260869565218,0.0,0.0,0.0,0.0,0.0,0.0,0.0,0.0,0.3173913043478261,0.0,0.002173913043478261,0.021739130434782608,0.0,0.004347826086956522,0.0,0.006521739130434782,0.0,0.0,0.0,0.0
5247 Tanycyte NN_2,0.0,0.0,0.0,0.0,0.8481012658227848,0.0,0.0,0.0,0.0,0.0,0.0,0.0,0.0,0.1518987341772152,0.0,0.0,0.0,0.0,0.0,0.0,0.0,0.0,0.0,0.0,0.0
5248 Tanycyte NN_2,0.0,0.0,0.0,0.0,0.9375,0.0,0.0,0.0,0.0,0.0,0.0,0.0,0.0,0.0625,0.0,0.0,0.0,0.0,0.0,0.0,0.0,0.0,0.0,0.0,0.0
5249 Tanycyte NN_2,0.0,0.0,0.0,0.0,0.8776470588235294,0.0,0.0,0.0,0.0,0.0,0.0,0.0,0.0,0.1223529411764706,0.0,0.0,0.0,0.0,0.0,0.0,0.0,0.0,0.0,0.0,0.0
5250 Tanycyte NN_3,0.0,0.0,0.0,0.0,0.7351129363449692,0.0,0.0,0.0,0.0,0.0,0.0,0.0,0.0,0.2587268993839836,0.0,0.0,0.0,0.0,0.0,0.0,0.0,0.0,0.0,0.0,0.006160164271047228
5251 Ependymal NN_1,0.49019607843137253,0.0,0.0,0.0,0.0392156862745098,0.0,0.37254901960784315,0.0,0.0,0.0,0.0,0.0,0.0,0.058823529411764705,0.0,0.0196078431372549,0.0,0.0,0.0,0.0,0.0,0.0,0.0196078431372549,0.0,0.0
5252 Ependymal NN_1,0.012987012987012988,0.18181818181818182,0.012987012987012988,0.16883116883116883,0.012987012987012988,0.0,0.0,0.0,0.0,0.0,0.0,0.012987012987012988,0.012987012987012988,0.012987012987012988,0.07792207792207792,0.2077922077922078,0.0,0.05194805194805195,0.025974025974025976,0.0,0.0,0.09090909090909091,0.11688311688311688,0.0,0.0
5253 Ependymal NN_1,0.021245634458672877,0.2552386495925495,0.012514551804423749,0.0160069848661234,0.002619324796274738,0.0,0.002328288707799767,0.0034924330616996507,0.0,0.0,0.0,0.04307334109429569,0.01018626309662398,0.014842840512223517,0.1740395809080326,0.19528521536670548,0.002328288707799767,0.14580908032596043,0.008149010477299184,0.0,0.0037834691501746217,0.07013969732246798,0.018626309662398137,0.0002910360884749709,0.0
5254 Ependymal NN_1,0.0,0.4153846153846154,0.0,0.015384615384615385,0.0,0.0,0.0,0.0,0.0,0.0,0.0,0.0,0.0,0.0,0.2923076923076923,0.13846153846153847,0.07692307692307693,0.0,0.03076923076923077,0.0,0.0,0.0,0.03076923076923077,0.0,0.0
5255 Ependymal NN_1,0.07462686567164178,0.014925373134328358,0.0,0.0,0.0,0.0,0.04477611940298507,0.0,0.0,0.014925373134328358,0.0,0.0,0.0,0.0,0.4925373134328358,0.29850746268656714,0.0,0.0,0.0,0.0,0.0,0.04477611940298507,0.014925373134328358,0.0,0.0
5256 Ependymal NN_1,0.09240473957889353,0.01969141590657233,0.025317534737021568,0.01594067001960617,0.08524422470377632,0.0,0.03537635325206717,0.0,0.0003409768988151053,0.00017048844940755265,0.0,0.07510016196402694,0.023442161793538488,0.14627908959168015,0.06640525104424175,0.1926519478305345,0.007927712897451198,0.00903588781860029,0.0065638053021907766,0.0,0.004603188134003921,0.13622027107663456,0.05694314210212258,0.0003409768988151053,0.0
5257 Ependymal NN_1,0.041280539174389216,0.06318449873631002,0.0,0.010951979780960405,0.0,0.0,0.016006739679865205,0.004212299915754001,0.0,0.0,0.0,0.0008424599831508003,0.08930075821398484,0.3909014321819714,0.03201347935973041,0.12552653748946924,0.010109519797809604,0.002527379949452401,0.030328559393428812,0.0,0.02274641954507161,0.008424599831508003,0.15164279696714406,0.0,0.0
5258 Ependymal NN_1,0.034583638073346565,0.009089959251906803,0.0016717166440288372,0.018806812245324416,0.0053285968028419185,0.00031344687075540695,0.0037613624490648837,0.00031344687075540695,0.00010448229025180232,0.0,0.0,0.10688538292759377,0.03719569532964163,0.25054853202382193,0.0076272071883815695,0.2803259847455856,0.01849336537456901,0.003552397868561279,0.0034479155783094764,0.0,0.010552711315432034,0.06394316163410302,0.14334970222547277,0.0,0.00010448229025180232
5259 Ependymal NN_1,0.22673656618610746,0.0,0.0,0.0,0.002621231979030144,0.0,0.07863695937090433,0.0,0.0,0.003931847968545216,0.0,0.0,0.001310615989515072,0.023591087811271297,0.5845347313237221,0.07863695937090433,0.0,0.0,0.0,0.0,0.0,0.0,0.0,0.0,0.0
5260 Ependymal NN_2,0.03728813559322034,0.1807909604519774,0.0,0.04293785310734463,0.0022598870056497176,0.0,0.011299435028248588,0.004519774011299435,0.0,0.0,0.0,0.0011299435028248588,0.02711864406779661,0.103954802259887,0.09717514124293786,0.16271186440677965,0.02711864406779661,0.006779661016949152,0.04180790960451977,0.0,0.0192090395480226,0.003389830508474576,0.2305084745762712,0.0,0.0
5261 Ependymal NN_2,0.0,0.0,0.0,0.0,0.0,0.0,0.0,0.0,0.0,0.0,0.0,0.0,0.0,0.0,0.4230769230769231,0.5,0.07692307692307693,0.0,0.0,0.0,0.0,0.0,0.0,0.0,0.0
5262 Ependymal NN_2,0.26345609065155806,0.0,0.0,0.0,0.028328611898016998,0.0,0.15864022662889518,0.0,0.0,0.0169971671388102,0.0,0.0,0.0,0.11614730878186968,0.3937677053824363,0.0169971671388102,0.0,0.0,0.0056657223796034,0.0,0.0,0.0,0.0,0.0,0.0
5263 Hypendymal NN_1,0.08949416342412451,0.0,0.0,0.0,0.0,0.0,0.31906614785992216,0.0,0.0,0.0,0.0,0.0,0.0,0.5914396887159533,0.0,0.0,0.0,0.0,0.0,0.0,0.0,0.0,0.0,0.0,0.0
5264 CHOR NN_1,0.0,0.2034764826175869,0.0006292276230926538,0.0047978606260814845,0.0,0.0,0.0,0.004955167531854649,0.0,0.0,0.0,0.0011011483404121441,0.0024382570394840333,0.018876828692779613,0.19301557338367153,0.44258297939279534,0.0025955639452571967,0.10696869592575114,0.0017303759635047978,0.0,0.0008651879817523989,0.001966336322164543,0.014000314613811547,0.0,0.0
5265 CHOR NN_1,0.0,0.022159906983106492,0.0494494220641543,0.01826140482867109,0.0002051843239176527,0.00047876342247452297,0.0,0.00013678954927843514,0.0,0.0,6.839477463921757e-05,0.08248409821489638,0.009096505027015936,0.046166472881471854,0.018740168251145613,0.4790370015730798,0.007386635661035497,0.014226113124957253,0.01620956158949456,0.0,0.044183024416934544,0.062444429245605636,0.12906093974420355,0.0,0.0002051843239176527
5266 OPC NN_1,0.0,0.0,0.05454545454545454,0.07272727272727272,0.01818181818181818,0.509090909090909,0.0,0.0,0.12727272727272726,0.0,0.0,0.10909090909090909,0.0,0.0,0.0,0.0,0.0,0.0,0.0,0.0,0.0,0.05454545454545454,0.01818181818181818,0.01818181818181818,0.01818181818181818
5267 OPC NN_1,0.0,0.14798206278026907,0.0,0.004484304932735426,0.05082212257100149,0.0,0.23467862481315396,0.14050822122571002,0.0,0.18834080717488788,0.03587443946188341,0.01195814648729447,0.02242152466367713,0.0,0.007473841554559043,0.005979073243647235,0.008968609865470852,0.03587443946188341,0.0343796711509716,0.008968609865470852,0.0,0.026905829596412557,0.013452914798206279,0.0,0.02092675635276532
5268 OPC NN_1,0.0,0.0,0.07504363001745201,0.08900523560209424,0.0017452006980802793,0.5148342059336823,0.0017452006980802793,0.0,0.1256544502617801,0.0,0.012216404886561954,0.10645724258289703,0.0,0.0,0.0,0.0017452006980802793,0.0,0.0,0.006980802792321117,0.0,0.0017452006980802793,0.03664921465968586,0.015706806282722512,0.006980802792321117,0.0034904013961605585
5269 OPC NN_1,0.000783348254252462,0.050581915846016116,0.017569382273948074,0.030998209489704567,0.09970904207699194,0.03088630259623993,0.20613249776186213,0.0920993733213966,0.04912712623097583,0.11705461056401074,0.07150850492390332,0.0837063563115488,0.04677708146821844,0.0014547896150402864,0.0026857654431512983,0.0027976723366159354,0.0030214861235452104,0.015555058191584602,0.022717099373321396,0.005259623992837959,0.0040286481647269475,0.023276633840644583,0.011862130707251567,0.0010071620411817369,0.009400179051029543
5270 OPC NN_1,0.0,0.05,0.0,0.008333333333333333,0.15833333333333333,0.0,0.48333333333333334,0.05,0.016666666666666666,0.05,0.10833333333333334,0.025,0.0,0.0,0.008333333333333333,0.0,0.0,0.008333333333333333,0.016666666666666666,0.0,0.0,0.0,0.008333333333333333,0.0,0.008333333333333333
5271 OPC NN_2,0.00030938799187856523,0.029952624963743596,0.026955428792419994,0.12015856134583776,0.04215411389345451,0.2677946437203906,0.08177511360340327,0.038789519481775114,0.08910374166102678,0.03606303780334526,0.02914048148506236,0.08287730832447066,0.03702987527796577,0.0018756647007638016,0.0015662767088852364,0.0038286763994972444,0.003983370395436527,0.013535724644687228,0.01726771729672242,0.0017983177027941603,0.0037706661510200135,0.03432273034902833,0.020458280962970126,0.006980566566760127,0.008508169776660543
5272 COP NN_1,0.0003351206434316354,0.03585790884718499,0.025804289544235925,0.08344504021447721,0.03753351206434316,0.2205093833780161,0.07205093833780161,0.04121983914209115,0.07037533512064344,0.045576407506702415,0.037868632707774796,0.07875335120643431,0.08947721179624665,0.001675603217158177,0.001675603217158177,0.004691689008042895,0.00435656836461126,0.014075067024128687,0.017761394101876677,0.0010053619302949062,0.006367292225201072,0.058981233243967826,0.02982573726541555,0.009048257372654156,0.011729222520107238
5273 COP NN_1,0.0,0.017873371705543775,0.02059981823689791,0.09784913662526507,0.026658588306573767,0.33807936988791276,0.049378976067858224,0.016358679188124812,0.10360496819145713,0.013935171160254469,0.04241139048773099,0.09815207512874886,0.03544380490760376,0.0021205695243865495,0.0,0.0024235080278703423,0.004544077552256892,0.007270524083611027,0.015752802181157224,0.001514692517418964,0.0024235080278703423,0.060890639200242354,0.022114510754316873,0.010602847621932747,0.009996970614965161
5274 COP NN_1,0.0,0.07371007371007371,0.004914004914004914,0.044533169533169534,0.036855036855036855,0.05405405405405406,0.0949017199017199,0.07432432432432433,0.024262899262899262,0.06234643734643735,0.04606879606879607,0.05804668304668305,0.037162162162162164,0.0033783783783783786,0.002764127764127764,0.012899262899262898,0.009213759213759214,0.04944717444717445,0.04944717444717445,0.003071253071253071,0.01382063882063882,0.14004914004914004,0.07524570024570025,0.012899262899262898,0.016584766584766583
5275 COP NN_1,0.0008230452674897119,0.03786008230452675,0.006584362139917695,0.04279835390946502,0.05761316872427984,0.05432098765432099,0.08065843621399177,0.06172839506172839,0.053497942386831275,0.05267489711934156,0.05267489711934156,0.08641975308641975,0.047736625514403296,0.0016460905349794238,0.0016460905349794238,0.00905349794238683,0.0024691358024691358,0.03786008230452675,0.04197530864197531,0.0032921810699588477,0.006584362139917695,0.15390946502057612,0.07325102880658436,0.022222222222222223,0.010699588477366255
5276 COP NN_1,0.0,0.03354632587859425,0.0,0.03194888178913738,0.022364217252396165,0.012779552715654952,0.1134185303514377,0.09105431309904154,0.01437699680511182,0.07827476038338659,0.03194888178913738,0.036741214057507986,0.036741214057507986,0.003194888178913738,0.001597444089456869,0.01437699680511182,0.003194888178913738,0.051118210862619806,0.06389776357827476,0.003194888178913738,0.023961661341853034,0.2124600638977636,0.10223642172523961,0.01437699680511182,0.003194888178913738
5277 COP NN_1,0.0,0.0036363636363636364,0.03878787878787879,0.12,0.008484848484848486,0.553939393939394,0.007272727272727273,0.008484848484848486,0.10787878787878788,0.009696969696969697,0.013333333333333334,0.048484848484848485,0.01696969696969697,0.0,0.0012121212121212121,0.0024242424242424242,0.0048484848484848485,0.0,0.006060606060606061,0.0012121212121212121,0.0,0.020606060606060607,0.013333333333333334,0.007272727272727273,0.006060606060606061
5278 NFOL NN_2,0.0,0.006872852233676976,0.006872852233676976,0.006872852233676976,0.07216494845360824,0.010309278350515464,0.37800687285223367,0.041237113402061855,0.01718213058419244,0.07560137457044673,0.11683848797250859,0.10309278350515463,0.08934707903780069,0.0,0.003436426116838488,0.0,0.003436426116838488,0.0,0.020618556701030927,0.0,0.003436426116838488,0.020618556701030927,0.01718213058419244,0.003436426116838488,0.003436426116838488
5279 NFOL NN_2,0.0,0.02860347728547392,0.012338754907459339,0.04991587212563096,0.03196859226023556,0.22546270330902973,0.0975883342680875,0.04991587212563096,0.04094223219293326,0.0628154795288839,0.035333707234997194,0.10207515423443635,0.0358945597307908,0.003925967470555244,0.0005608524957936063,0.01065619742007852,0.003925967470555244,0.020190689848569827,0.022994952327537857,0.0016825574873808188,0.010095344924284913,0.08300616937745373,0.04879416713404375,0.015703869882220976,0.005608524957936063
5280 NFOL NN_2,0.0,0.038776624795193886,0.008738394320043691,0.04533042053522665,0.04860731840524304,0.15892954669579465,0.10759148006553795,0.06826870562534135,0.03604587657018023,0.06663025669033315,0.042599672310213,0.070999453850355,0.04150737302020754,0.0010922992900054614,0.005461496450027308,0.006007646095030038,0.005461496450027308,0.028399781540142,0.03440742763517204,0.002184598580010923,0.006553795740032769,0.09448388858547242,0.05898416166029492,0.015292190060076462,0.007646095030038231
5281 NFOL NN_2,0.0,0.02384914032168608,0.00776483638380477,0.036605657237936774,0.044370493621741544,0.16472545757071547,0.0992789794786467,0.056017748197448695,0.050471436494731,0.04658901830282862,0.05268996117581808,0.07709373266777593,0.048807542983915694,0.0022185246810870773,0.0,0.013865779256794232,0.0022185246810870773,0.012201885745978924,0.024403771491957847,0.0027731558513588465,0.009983361064891847,0.13200221852468108,0.064891846921797,0.021630615640599003,0.005546311702717693
5282 MFOL NN_3,0.0,0.020533446232006775,0.018628281117696866,0.06265876375952582,0.03090601185436071,0.22713801862828112,0.06879762912785775,0.03027095681625741,0.07239627434377646,0.03810330228619814,0.03640982218458933,0.09419983065198984,0.029212531752751906,0.002540220152413209,0.0010584250635055038,0.004022015241320914,0.004445385266723116,0.0071972904318374255,0.03090601185436071,0.0012701100762066045,0.009102455546147333,0.12933954276037257,0.0569432684165961,0.017993226079593565,0.0059271803556308214
5283 MFOL NN_3,0.0,0.02528507684680218,0.011898859692612791,0.04908279623202776,0.035696579077838374,0.13882002974714924,0.10634605850272683,0.045364402578086264,0.044124938026772434,0.048834903321764996,0.058750619732275654,0.0954387704511651,0.047595438770451165,0.0019831432821021317,0.0009915716410510659,0.010163609320773426,0.004709965294992563,0.013634110064452157,0.03767972235994051,0.0022310361923648984,0.012146752602875557,0.13063956370847793,0.05701536936043629,0.017104610808130888,0.004462072384729797
5284 MOL NN_4,2.164861412788558e-05,0.06061611955807962,0.0033050217568571984,0.027212307958752173,0.03149873355607352,0.04486314467768822,0.10438961732466427,0.11822308175238315,0.020277535233119492,0.10144540580327183,0.03269662353781652,0.058747122538372165,0.04796611270268515,0.0032256435050549512,0.0030596707967411618,0.008594499808770575,0.008313067825108062,0.065465409122726,0.054475129350469415,0.0050585595012159305,0.012917006429638396,0.11064606680762319,0.04961140737640445,0.016698297697309076,0.010672766765047591
5285 MOL NN_4,7.331258858604455e-05,0.02948795229794236,0.007123539857610661,0.04366579234616575,0.042578322282139425,0.10377804206513416,0.15288118473143156,0.09114383929880582,0.02492220719766703,0.08245222462977143,0.04156823772828726,0.06683257033935583,0.052076375425620304,0.003266483113667096,0.0017961584203580912,0.006899529170264414,0.005425131555367296,0.022221860184747724,0.030660953715319073,0.004158452941463971,0.010084553852169238,0.10076815301151822,0.05462602433977941,0.017387302259656897,0.004121796647170948
5286 MOL NN_4,0.0,0.07960443777520848,9.839856338097463e-05,0.0027797594155125334,0.013210007133895845,0.009987454183168926,0.08280239108509016,0.1810779562618386,0.009766057415561732,0.1710659024378244,0.01082384197190721,0.022680868859314654,0.017687141767730192,0.00034439497183341125,0.006641903028215788,0.007748886866251753,0.007109296204275418,0.16292342131804877,0.11005879314162013,0.011217436225431109,0.007871885070477971,0.04848589210597525,0.010331849155002336,0.005854714521167991,0.01982731052126639
5287 MOL NN_4,9.214466712739e-05,0.01999539276664363,0.013360976733471551,0.05657682561621746,0.029255931812946327,0.13061506565307532,0.07081317668739921,0.03363280350149735,0.040129002533978345,0.04174153420870767,0.04796129923980649,0.06510020732550104,0.022068647777009905,0.00433079935498733,0.0009214466712739,0.00930661137986639,0.004469016355678415,0.013038470398525685,0.04164938954158028,0.0022114720110573602,0.015342087076710436,0.1953927666436305,0.11098825155494126,0.026491591799124626,0.00451508868924211
5288 MOL NN_4,0.0,0.015180265654648957,0.01057197072377338,0.04933586337760911,0.03171591217132014,0.08755760368663594,0.05096232041203578,0.02873407427487124,0.04852263486039577,0.027107617240444564,0.04635402548116021,0.1466522092708051,0.055299539170506916,0.005421523448088913,0.0,0.020872865275142316,0.005150447275684467,0.00867443751694226,0.036053130929791274,0.0027107617240444567,0.012740580103008945,0.1978856058552453,0.09270805096232042,0.017077798861480076,0.0027107617240444567
5289 OEC NN_1,0.0,0.0,0.0,0.0,0.0,0.0,0.0,0.0004418912947414936,0.36942112240388864,0.0,0.0,0.0,0.0,0.0,0.0,0.0,0.0,0.0,0.5603181617322138,0.0,0.0,0.0,0.0,0.0,0.06981882456915599
5290 OEC NN_1,0.0,0.0,0.0,0.0,0.0,0.0,0.0,0.0,0.25966348340154616,0.0,0.0,0.0,0.0,0.0,0.0,0.0,0.0,0.0,0.6762164620281946,0.0,0.0,0.0,0.0,0.0,0.06412005457025921
5291 OEC NN_1,0.0,0.0,0.0,0.0,0.0,0.005516154452324665,0.0,0.0,0.6071710007880221,0.0,0.0,0.0,0.0,0.0,0.0,0.0,0.0,0.0,0.338849487785658,0.0,0.0,0.0,0.0,0.0,0.04846335697399527
5292 OEC NN_1,0.0,0.0,0.0,0.0,0.0,0.0,0.0,0.017241379310344827,0.9310344827586207,0.0,0.0,0.0,0.0,0.0,0.0,0.0,0.0,0.0,0.017241379310344827,0.0,0.0,0.0,0.0,0.0,0.034482758620689655
5293 ABC NN_1,0.0,0.07156000817828664,0.004498057656920875,0.10059292578204866,0.006747086485381313,0.17971784911061134,0.02167245961970967,0.010427315477407483,0.0754446943365365,0.006951543651604989,0.00531588632181558,0.016765487630341445,0.0,0.0006133714986710284,0.0010222858311183807,0.00020445716622367614,0.05643017787773461,0.004702514823144551,0.0351666325904723,0.0,0.0028624003271314658,0.0036802289920261706,0.0004089143324473523,0.00020445716622367614,0.3950112451441423
5294 ABC NN_1,0.0,0.12595143167814427,0.0019934758970641536,0.06560347952156578,0.016129032258064516,0.20061616527727438,0.017760057992026096,0.015404131931859369,0.079014135556361,0.005799202609641174,0.0016310257339615802,0.007430228343602754,0.0,0.005074302283436027,0.004349401957230881,0.0019934758970641536,0.03515766582094962,0.008336353751359188,0.03715114171801377,0.0,0.005436752446538601,0.009786154403769481,0.0009061254077564335,0.0,0.35447625951431677
5295 ABC NN_1,0.0,0.09686346863468635,0.002882841328413284,0.06849630996309963,0.01602859778597786,0.16535977859778597,0.0294049815498155,0.022255535055350554,0.086369926199262,0.009801660516605167,0.006688191881918819,0.01522140221402214,0.00023062730627306272,0.0021909594095940958,0.007956642066420664,0.001960332103321033,0.05396678966789668,0.015336715867158672,0.035631918819188195,0.00011531365313653136,0.0058809963099631,0.01095479704797048,0.00046125461254612545,0.00023062730627306272,0.345710332103321
5296 VLMC NN_1,0.0,0.12772036474164133,0.00024316109422492402,0.0523404255319149,0.048267477203647415,0.037203647416413375,0.06765957446808511,0.04455927051671733,0.06328267477203647,0.013860182370820668,0.019452887537993922,0.023100303951367782,0.0006079027355623101,0.005775075987841946,0.008206686930091186,0.002553191489361702,0.07878419452887538,0.03939209726443769,0.05641337386018237,0.0,0.011185410334346505,0.031975683890577505,0.004620060790273556,0.0,0.26279635258358663
5297 VLMC NN_1,0.0,0.06886970328470775,0.004167907115212861,0.10151830902054183,0.008335814230425722,0.1856703383943634,0.04435844001190831,0.009725116602163342,0.11789222983030664,0.004862558301081671,0.006152624789123747,0.025007442691277165,0.0,0.0005954153021732659,0.0017862459065197975,9.92358836955443e-05,0.03820581522278456,0.006847275974992557,0.024312791505408354,0.0,0.0023816612086930635,0.006053388905428203,0.0007938870695643545,0.0,0.34236379874962786
5298 VLMC NN_1,0.0,0.106125,0.0025,0.1285,0.021875,0.22125,0.033,0.005,0.1365,0.0005,0.0085,0.024625,0.001625,0.0025,0.002,0.001625,0.045,0.00375,0.03,0.0,0.01375,0.007375,0.01825,0.000375,0.185375
5299 VLMC NN_1,0.0005242463958060288,0.14285714285714285,0.0016775884665792922,0.0852948885976409,0.02070773263433814,0.19119266055045872,0.03910878112712975,0.030249017038007864,0.08948885976408912,0.005190039318479686,0.012477064220183486,0.012686762778505898,0.0021494102228047183,0.005242463958060288,0.00854521625163827,0.0059239842726081255,0.05195281782437746,0.015360419397116645,0.05939711664482307,0.00041939711664482304,0.012162516382699868,0.009384010484927915,0.014416775884665793,0.00010484927916120576,0.1834862385321101
5300 VLMC NN_2,0.0004965243296921549,0.1387785501489573,0.004468718967229395,0.038480635551142006,0.04692154915590864,0.05461767626613704,0.20729890764647468,0.10327706057596822,0.02656405163853029,0.1035253227408143,0.03326713008937438,0.04195630585898709,0.03798411122144985,0.0012413108242303873,0.003227408142999007,0.0047169811320754715,0.021102284011916585,0.03152929493545184,0.0374875868917577,0.007199602780536246,0.010427010923535254,0.01861966236345581,0.006206554121151936,0.0,0.020605759682224428
5301 VLMC NN_2,0.0009085953116481918,0.19353080138106488,0.012720334363074686,0.09831001272033436,0.03043794294021443,0.1946211157550427,0.07468653461748137,0.04488460839542068,0.06569144103216427,0.03043794294021443,0.019171361075776848,0.08622569507541342,0.04079592949300381,0.0046338360894057785,0.004815555151735417,0.0029983645284390333,0.00781391968017445,0.017626749045974922,0.014810103579865529,0.000999454842813011,0.0036343812465927674,0.016263856078502635,0.01462838451753589,0.002544066872614937,0.01680901326549155
5302 VLMC NN_3,0.0,0.1303066037735849,0.013561320754716982,0.021816037735849055,0.0005896226415094339,0.004127358490566038,0.004127358490566038,0.008254716981132075,0.00589622641509434,0.0,0.0023584905660377358,0.027122641509433963,0.012382075471698114,0.05837264150943396,0.10554245283018868,0.3761792452830189,0.018867924528301886,0.03891509433962264,0.01061320754716981,0.0,0.020047169811320754,0.0294811320754717,0.09433962264150944,0.0,0.017099056603773585
5303 VLMC NN_4,0.0,0.034482758620689655,0.0,0.0,0.7988505747126436,0.005747126436781609,0.0,0.0,0.011494252873563218,0.0,0.0,0.0,0.0,0.040229885057471264,0.005747126436781609,0.0,0.005747126436781609,0.017241379310344827,0.011494252873563218,0.0,0.0,0.0,0.0,0.0,0.06896551724137931
5304 Peri NN_1,0.00048110566829951014,0.07004461161651504,0.018784989503149056,0.07848582925122463,0.035820503848845345,0.27086249125262424,0.09377186843946816,0.06016007697690693,0.06486179146256123,0.051128411476557035,0.024230230930720784,0.0940780265920224,0.04723582925122463,0.0008747375787263821,0.0019900279916025194,0.0032146606018194543,0.0022305808257522745,0.015307907627711687,0.015789013296011196,0.001858817354793562,0.0022305808257522745,0.021103044086773968,0.011021693491952414,0.004329951014695591,0.010103219034289714
5305 Peri NN_1,0.0,0.312807881773399,0.009852216748768473,0.07389162561576355,0.014778325123152709,0.1625615763546798,0.03694581280788178,0.046798029556650245,0.05665024630541872,0.007389162561576354,0.0049261083743842365,0.046798029556650245,0.0049261083743842365,0.012315270935960592,0.007389162561576354,0.014778325123152709,0.014778325123152709,0.019704433497536946,0.024630541871921183,0.0,0.009852216748768473,0.014778325123152709,0.024630541871921183,0.0049261083743842365,0.07389162561576355
5306 SMC NN_1,0.0,0.07930697901415325,0.014641288433382138,0.06442166910688141,0.03611517813567594,0.264763299170327,0.1171303074670571,0.0746705710102489,0.05490483162518302,0.07198633479746218,0.02318204001952172,0.0951683748169839,0.042947779404587605,0.0002440214738897023,0.0014641288433382138,0.003904343582235237,0.0021961932650073207,0.00951683748169839,0.00951683748169839,0.001708150317227916,0.0014641288433382138,0.01268911664226452,0.007564665690580771,0.003904343582235237,0.006588579795021962
5307 SMC NN_1,0.00035161744022503517,0.10103141115799344,0.014416315049226441,0.06669010782934834,0.055086732301922174,0.15518049695264885,0.1217768401312705,0.09763244256915143,0.051336146272855133,0.08286451007969996,0.03539615564932021,0.08825597749648383,0.047702766057196436,0.00011720581340834506,0.0019924988279418658,0.001875293014533521,0.005508673230192217,0.014533520862634786,0.01711204875761838,0.0032817627754336614,0.002226910454758556,0.013595874355368026,0.006680731364275668,0.0012892639474917957,0.014064697609001406
5308 SMC NN_1,0.00028431302864453766,0.10611983794157367,0.004406851943990334,0.10100220342597199,0.027365129007036748,0.15360011372521146,0.06773757907456109,0.046982727983509845,0.07982088279195394,0.023597981377496625,0.031985215722510486,0.0665292487028218,0.012154381974553983,0.0007818608287724785,0.0014926434003838225,0.007321060487596844,0.06325964887340962,0.019262207690667426,0.04691164972634871,0.0027009737721231074,0.013007321060487596,0.024237685691946835,0.008742625630819532,0.00014215651432226883,0.09055369962328523
5309 Endo NN_1,0.00030751658393006194,0.0774722136800949,0.014892588850327286,0.08988270438870097,0.029565522997847385,0.29108641216008435,0.08830119052848921,0.053002679787374246,0.07281553398058252,0.04483152484294689,0.022404779686333084,0.07485832271668937,0.030400210868514695,0.001208100865439529,0.0019988577955454027,0.004502921407547335,0.010916838729517198,0.012015112243553134,0.017945789219347186,0.0016913412116153408,0.0031410622501427754,0.01739665246232922,0.00904977375565611,0.003492509774634275,0.026819839212757546
5310 Endo NN_1,0.00039122040443044406,0.06854994411137079,0.015537038918809065,0.08599735799207398,0.03358906615181384,0.287740067066355,0.08960471496799106,0.06408393455949599,0.06791484605223047,0.053475256579615896,0.02210649324255665,0.08553500660501981,0.039726653795346,0.0009450259120008129,0.0022660298750127018,0.0026521694949700235,0.0027131389086474953,0.01489686007519561,0.015211868712529214,0.00203231378924906,0.002006909866883447,0.017462656234122548,0.00914541205162077,0.003988415811401281,0.012427598821258002
5311 Endo NN_1,0.0007668711656441718,0.09950153374233128,0.007716641104294478,0.05694018404907975,0.030195552147239263,0.19075920245398773,0.11977569018404909,0.07860429447852761,0.06911426380368098,0.05569401840490797,0.023006134969325152,0.06810774539877301,0.053009969325153374,0.002013036809815951,0.0027799079754601227,0.005080521472392638,0.005559815950920245,0.018165260736196318,0.03580329754601227,0.002540260736196319,0.004217791411042945,0.02923696319018405,0.014858128834355827,0.004361579754601227,0.02219133435582822
5312 Microglia NN_1,0.0004102984921530413,0.029213252641296542,0.023469073751153965,0.10120012308954765,0.029520976510411325,0.30384654836393477,0.06472458713714227,0.03983998358806031,0.08400861626833521,0.03549081957123808,0.04100933429069648,0.1028002872089445,0.025643655759565082,0.0016411939686121653,0.0016001641193968612,0.0035490819571238077,0.003302902861831983,0.01458611139604062,0.01924299928197764,0.0017437685916504256,0.003302902861831983,0.0377064314288645,0.017129962047389476,0.0060929326084726634,0.00892399220432865
5313 BAM NN_1,0.0,0.16494845360824742,0.010309278350515464,0.03608247422680412,0.02577319587628866,0.08762886597938144,0.11855670103092783,0.10824742268041238,0.0,0.07216494845360824,0.061855670103092786,0.06701030927835051,0.02577319587628866,0.015463917525773196,0.015463917525773196,0.010309278350515464,0.015463917525773196,0.041237113402061855,0.03608247422680412,0.005154639175257732,0.005154639175257732,0.030927835051546393,0.005154639175257732,0.0,0.041237113402061855
5314 BAM NN_1,0.0017615971814445098,0.16030534351145037,0.015854374633000587,0.06517909571344686,0.037580739870816206,0.15443335290663535,0.10510863182618908,0.05637110980622431,0.05284791544333529,0.042278332354668234,0.028185554903112156,0.05578391074574281,0.02172636523781562,0.008220786846741044,0.009395184967704051,0.011156782149148562,0.03405754550792719,0.022313564298297124,0.02759835584263065,0.004110393423370522,0.007633587786259542,0.02759835584263065,0.014092777451556078,0.0017615971814445098,0.03464474456840869
5315 Monocytes NN_1,0.0,0.15625,0.0,0.09375,0.0625,0.25,0.0625,0.03125,0.0,0.09375,0.0,0.0625,0.0,0.03125,0.0,0.0,0.03125,0.0,0.0,0.0,0.0,0.0,0.0,0.0,0.125
5316 DC NN_1,0.0,0.1724137931034483,0.0,0.06896551724137931,0.034482758620689655,0.034482758620689655,0.06896551724137931,0.13793103448275862,0.06896551724137931,0.0,0.10344827586206896,0.034482758620689655,0.034482758620689655,0.0,0.0,0.0,0.06896551724137931,0.06896551724137931,0.0,0.0,0.0,0.0,0.0,0.0,0.10344827586206896
5317 DC NN_1,0.0,0.1875,0.0,0.0375,0.0375,0.1,0.0875,0.075,0.025,0.025,0.0625,0.075,0.025,0.0,0.0,0.0,0.0875,0.0,0.0375,0.0125,0.0,0.025,0.0125,0.0,0.0875
5318 DC NN_1,0.0,0.21818181818181817,0.01818181818181818,0.09090909090909091,0.01818181818181818,0.23636363636363636,0.12727272727272726,0.01818181818181818,0.03636363636363636,0.01818181818181818,0.0,0.0,0.01818181818181818,0.0,0.0,0.0,0.03636363636363636,0.01818181818181818,0.01818181818181818,0.0,0.01818181818181818,0.03636363636363636,0.0,0.0,0.07272727272727272
5319 B cells NN_1,0.0,0.15611814345991562,0.012658227848101266,0.07172995780590717,0.016877637130801686,0.2489451476793249,0.06751054852320675,0.05485232067510549,0.0379746835443038,0.02109704641350211,0.03375527426160337,0.05485232067510549,0.016877637130801686,0.004219409282700422,0.0,0.008438818565400843,0.02531645569620253,0.02109704641350211,0.02109704641350211,0.004219409282700422,0.012658227848101266,0.02531645569620253,0.008438818565400843,0.0,0.0759493670886076
5320 ILC NN_2,0.0,0.0,0.0,0.25,0.0,0.0,0.0,0.0,0.0,0.0,0.0,0.25,0.0,0.0,0.0,0.0,0.25,0.0,0.0,0.0,0.0,0.0,0.0,0.0,0.25
5321 NK cells NN_3,0.0,0.17857142857142858,0.0,0.0,0.03571428571428571,0.07142857142857142,0.03571428571428571,0.03571428571428571,0.03571428571428571,0.14285714285714285,0.0,0.03571428571428571,0.03571428571428571,0.0,0.0,0.0,0.03571428571428571,0.0,0.07142857142857142,0.03571428571428571,0.03571428571428571,0.03571428571428571,0.03571428571428571,0.0,0.14285714285714285
5322 T cells NN_4,0.0,0.16346153846153846,0.009615384615384616,0.04807692307692308,0.0,0.15384615384615385,0.10576923076923077,0.057692307692307696,0.019230769230769232,0.028846153846153848,0.019230769230769232,0.04807692307692308,0.0,0.009615384615384616,0.009615384615384616,0.028846153846153848,0.0,0.028846153846153848,0.057692307692307696,0.0,0.019230769230769232,0.028846153846153848,0.028846153846153848,0.009615384615384616,0.125
