subclass,AAA,ACAd,ACAv,ACB,ACVII,AD,ADP,AHN,AId,AIp,AIv,AM,AMB,AN,AOB,AON,AP,APN,APr,AQ,ARH,ASO,AT,AUDd,AUDp,AUDpo,AUDv,AV,AVP,AVPV,Acs5,B,BA,BLA,BMA,BST,CA1,CA2,CA3,CB-unassigned,CEA,CENT,CL,CLA,CLI,CM,COAa,COAp,COPY,CP,CS,CTXsp-unassigned,CU,CUL,CUN,DCO,DEC,DG,DMH,DMX,DN,DP,DR,DT,DTN,ECT,ECU,ENTl,ENTm,EPd,EPv,EW,Eth,FC,FL,FN,FOTU,FRP,FS,GPe,GPi,GRN,GU,HATA,HPF-unassigned,HY-unassigned,I5,IA,IAD,IAM,IC,ICB,IF,IG,IGL,III,IIIn,IIn,ILA,IMD,IO,IP,IPN,IRN,ISN,IV,IVn,In,IntG,LA,LAV,LC,LD,LDT,LGd,LGv,LH,LHA,LIN,LING,LM,LP,LPO,LRN,LSc,LSr,LSv,LT,MA,MA3,MARN,MB-unassigned,MD,MDRN,ME,MEA,MEPO,MG,MH,MM,MOB,MOp,MOs,MPN,MPO,MPT,MRN,MS,MT,MV,MY-unassigned,NB,NDB,NI,NLL,NLOT,NOD,NOT,NPC,NR,NTB,NTS,OLF-unassigned,OP,ORBl,ORBm,ORBvl,OT,OV,P-unassigned,P5,PA,PAA,PAG,PAL-unassigned,PAR,PARN,PAS,PB,PBG,PC5,PCG,PCN,PD,PDTg,PERI,PF,PFL,PG,PGRNd,PGRNl,PH,PIL,PIR,PL,PMd,PMv,PN,PO,POL,POST,PP,PPN,PPT,PPY,PR,PRE,PRM,PRNc,PRNr,PRP,PS,PST,PSTN,PSV,PT,PVH,PVHd,PVT,PVa,PVi,PVp,PVpo,PYR,Pa4,Pa5,PeF,PoT,ProS,RCH,RE,RH,RL,RM,RN,RO,RPA,RPF,RPO,RR,RSPagl,RSPd,RSPv,RT,SAG,SBPV,SCH,SCO,SCm,SCs,SEZ,SF,SFO,SG,SGN,SH,SI,SIM,SLC,SLD,SMT,SNc,SNr,SO,SOC,SPA,SPFm,SPFp,SPIV,SPVC,SPVI,SPVO,SSp-bfd,SSp-ll,SSp-m,SSp-n,SSp-tr,SSp-ul,SSp-un,SSs,STN,STR-unassigned,SUB,SUM,SUT,SUV,SubG,TEa,TH-unassigned,TMd,TMv,TR,TRN,TRS,TT,TU,UVU,V,V3-unassigned,V4-unassigned,V4r,VAL,VCO,VI,VII,VIIIn,VIIn,VISC,VISa,VISal,VISam,VISl,VISli,VISp,VISpl,VISpm,VISpor,VISrl,VL-unassigned,VLPO,VM,VMH,VMPO,VPL,VPLpc,VPM,VPMpc,VTA,VTN,VeCB,Vn,XII,Xi,Xn,ZI,arb,brain-unassigned,cbc,cbp,cc,chpl,cst,drt,epsc,fiber tracts-unassigned,lfbst,mfbc,mfsbshy,rust,scwm-unassigned,tsp,unassigned,x,y
001 CLA-EPd-CTX Car3 Glut,0.0,0.0,0.0,0.0,0.0,0.0,0.0,0.0,0.060826899487697525,0.025903744858936432,0.01890468287755249,0.0,0.0,0.0,0.0,7.21552781585973e-05,0.0,0.0,0.0002164658344757919,0.0,0.0,0.0,0.0,0.015296918969622628,0.027202539865791183,0.006638285590590952,0.06342448950140703,0.0,0.0,0.0,0.0,0.0,0.0,0.0,0.0,0.0,7.21552781585973e-05,0.0,0.0,0.0,0.0,0.0,0.0,0.08622555739952377,0.0,0.0,0.0,0.0,0.0,0.0006493975034273758,0.0,0.002381124179233711,0.0,0.0,0.0,0.0,0.0,0.0,0.0,0.0,0.0,0.0,0.0,0.0,0.0,0.02106934122231041,0.0,0.005772422252687784,0.0,0.02193520456021358,0.000938018616061765,0.0,0.0,0.0,0.0,0.0,0.0,7.21552781585973e-05,0.0,0.0,0.0,0.0,0.045024893570964716,0.0,0.0,0.0,0.0,0.0,0.0,0.0,0.0,0.0,0.0,0.0,0.0,0.0,0.0,0.0,0.0,0.0,0.0,0.0,0.0,0.0,0.0,0.0,0.0,7.21552781585973e-05,0.0,7.21552781585973e-05,0.0,0.0,0.0,0.0,0.0,0.0,0.0,0.0,0.0,0.0,0.0,0.0,0.0,0.0,0.0,0.0,0.0,0.0,0.0,0.0,0.0,0.0,0.0,0.0,0.0,0.0,0.0,0.0,0.0,0.0,0.0,0.031243235442672632,0.007864925319287105,0.0,0.0,0.0,0.0,0.0,0.0,0.0,0.0,0.0,0.0,0.0,0.0,0.0,0.0,0.0,0.0,0.0,0.0,0.0,0.02597590013709503,0.0,0.012122086730644346,0.0,0.0,0.0,0.0,0.0,0.0,0.0,0.0,0.0,0.0,0.0,0.0,0.0,0.0,0.0,0.0,0.0,0.0,0.0,0.0,0.0003607763907929865,0.0,0.0,0.0,0.0,0.0,0.0,0.0,0.033624359621906345,0.0,0.0,0.0,0.0,0.0,0.0,0.0001443105563171946,0.0,0.0,0.0,0.0,0.0,0.0,0.0,0.0,0.0,0.0,0.0,0.0,0.0,0.0,0.0,0.0,0.0,0.0,0.0,0.0,0.0,0.0,0.0,0.0,0.0,0.0,0.0,0.0,0.0,0.0,0.0,0.0,0.0,0.0,0.0,0.0,0.0,0.0,0.0,7.21552781585973e-05,7.21552781585973e-05,0.0,0.0,0.0,0.0,0.0,0.0,0.0,0.0,0.0,0.0,0.0,0.0,0.0,0.0,0.0,0.0,0.0,0.0,0.0,0.0,0.0,0.0,0.0,0.0,0.0,0.0,0.0,0.0,0.0,0.0,0.03586117324482286,0.0,0.025037881521033263,0.020780720109676024,0.0,0.0,0.0,0.2003752074464247,0.0,7.21552781585973e-05,0.0,0.0,0.0,0.0,0.0,0.09170935853957717,0.0,0.0,0.0,0.0,0.0,0.0,0.0,0.0,0.0,0.0,0.0,0.0,0.0,0.0,0.0,0.0,0.0,0.0,0.0,0.03102676960819684,0.0,0.003319142795295476,0.0,0.007864925319287105,0.004329316689515838,0.0080092358756043,0.0003607763907929865,0.0,0.005555956418211992,0.0006493975034273758,0.0002164658344757919,0.0,0.0,0.0,0.0,0.0,0.0,0.0,0.0,0.0,0.0,0.0,0.0,0.0,0.0,0.0,0.0,0.0,0.0,0.0,0.0,0.03348004906558915,0.0,0.0,0.0,0.0,0.0,0.0,0.0008658633379031676,0.0,0.0,0.01623493758568439,0.0,0.0,0.0,0.0
002 IT EP-CLA Glut,0.0,0.0023115577889447235,0.004824120603015076,0.0,0.0,0.0,0.0,0.0,0.035175879396984924,0.0657286432160804,0.0278391959798995,0.0,0.0,0.0,0.0,0.03376884422110553,0.0,0.0,0.0010050251256281408,0.0,0.0,0.0,0.0,0.0013065326633165829,0.0026130653266331657,0.0009045226130653266,0.0067336683417085425,0.0,0.0,0.0,0.0,0.0,0.0,0.0033165829145728643,0.003919597989949748,0.0,0.0020100502512562816,0.0,0.0,0.0,0.0,0.0,0.0,0.14261306532663318,0.0,0.0,0.0016080402010050252,0.0,0.0,0.005728643216080402,0.0,0.013668341708542713,0.0,0.0,0.0,0.0,0.0,0.0,0.0,0.0,0.0,0.006130653266331658,0.0,0.0,0.0,0.016180904522613067,0.0,0.035175879396984924,0.00010050251256281407,0.09768844221105527,0.021407035175879396,0.0,0.0,0.0,0.0,0.0,0.0,0.00030150753768844223,0.0,0.0,0.0,0.0,0.047537688442211054,0.0,0.0,0.0,0.0,0.001407035175879397,0.0,0.0,0.0,0.0,0.0,0.0,0.0,0.0,0.0,0.0,0.003819095477386935,0.0,0.0,0.0,0.0,0.0,0.0,0.0,0.0,0.001206030150753769,0.0,0.0011055276381909548,0.0,0.0,0.0,0.0,0.0,0.0,0.0,0.0,0.0,0.0,0.0,0.0,0.0,0.0,0.0,0.0,0.0,0.0,0.0,0.0,0.0,0.0,0.0,0.0,0.0,0.0,0.0,0.0,0.0,0.0,0.0,0.017688442211055276,0.004623115577889447,0.0,0.0,0.0,0.0,0.0,0.0,0.0,0.0,0.0,0.0,0.0,0.0,0.0,0.0,0.0,0.0,0.0,0.0,0.0,0.09567839195979899,0.0,0.007738693467336684,0.002914572864321608,0.004120603015075377,0.0,0.0,0.0,0.0,0.0,0.0006030150753768845,0.0,0.0,0.00010050251256281407,0.0,0.0,0.0,0.0,0.0,0.0,0.0,0.0,0.0,0.0020100502512562816,0.0,0.0,0.0,0.0,0.0,0.0,0.0,0.07085427135678392,0.004422110552763819,0.0,0.0,0.0,0.0,0.0,0.0008040201005025126,0.0,0.0,0.0,0.0,0.0,0.0,0.0,0.0,0.0,0.0,0.0,0.0,0.0,0.0,0.0,0.0,0.0,0.0,0.0,0.0,0.0,0.0,0.0,0.0,0.0,0.0,0.0,0.0,0.0,0.0,0.0,0.0,0.0,0.0,0.0,0.0,0.0,0.0,0.0,0.0005025125628140704,0.0013065326633165829,0.0011055276381909548,0.0,0.0,0.0,0.0,0.0,0.0,0.0,0.0,0.0,0.0,0.0,0.0,0.0,0.0,0.0,0.0,0.0,0.0,0.0,0.0,0.0,0.0,0.0,0.0,0.0,0.0,0.0,0.0,0.0,0.0011055276381909548,0.00020100502512562814,0.0051256281407035175,0.0007035175879396985,0.0,0.00010050251256281407,0.00010050251256281407,0.03296482412060302,0.0,0.001407035175879397,0.00010050251256281407,0.0,0.0,0.0,0.0,0.011557788944723618,0.0,0.0,0.0,0.004020100502512563,0.0,0.0,0.0037185929648241205,0.0,0.0,0.0,0.0,0.0,0.0,0.0,0.0,0.0,0.0,0.0,0.0,0.04633165829145729,0.0,0.00030150753768844223,0.00010050251256281407,0.0020100502512562816,0.001507537688442211,0.0022110552763819095,0.00010050251256281407,0.0,0.0009045226130653266,0.0,0.0007035175879396985,0.0,0.0,0.0,0.0,0.0,0.0,0.0,0.0,0.0,0.0,0.0,0.0,0.0,0.0,0.0,0.0,0.0,0.00010050251256281407,0.0,0.0,0.06613065326633166,0.0,0.0,0.0,0.0,0.0,0.0,0.009346733668341708,0.0,0.0,0.007336683417085427,0.0,0.00020100502512562814,0.0,0.0
003 L5/6 IT TPE-ENT Glut,0.0009040848195939837,0.004931371743239911,0.01504068381688173,0.0,0.0,0.0,0.0,0.0,0.06172433631955289,0.034601791731733375,0.011835292183775787,0.0,0.0,0.0,0.0,0.0004931371743239912,0.0,0.0,0.005999835620941892,0.0,0.0,0.0,0.0,0.0014794115229719734,0.003698528807429933,0.003451960220267938,0.02441029012903756,0.0,0.0,0.0,0.0,0.0,0.0,0.0332045697378154,0.002712254458781951,0.0,8.218952905399852e-05,0.0,0.0,0.0,0.0004931371743239912,0.0,0.0,0.0018081696391879674,0.0,0.0,0.0,0.00016437905810799704,0.0,0.0005753267033779897,0.0,0.0013150324648639764,0.0,0.0,0.0,0.0,0.0,0.00016437905810799704,0.0,0.0,0.0,0.0004931371743239912,0.0,0.0,0.0,0.08194296046683652,0.0,0.16972137749650695,0.061395578203336895,0.0008218952905399852,0.01052025971891181,0.0,0.0,0.0,0.0,0.0,0.0,0.0027944439878359495,0.0,0.0,0.0,0.0,0.025889701652009534,0.0,0.0007397057614859867,0.0,0.0,0.0,0.0,0.0,0.0,0.0,0.0,0.0,0.0,0.0,0.0,8.218952905399852e-05,0.02432810059998356,0.0,0.0,0.0,0.0,0.0,0.0,0.0,0.0,0.0,0.0,0.002712254458781951,0.0,0.0,0.0,0.0,0.0,0.0,0.0,0.0,0.0,0.0,0.0,0.0,0.0,0.0,0.0,0.0,0.0,0.0,0.0,0.0,0.0,0.0,0.0,0.0,0.0,8.218952905399852e-05,0.0,0.0,0.0,0.0,0.0,0.016355716281745706,0.02161584614120161,0.0,0.0,0.0,0.0,0.0,0.0,0.0,0.0,0.0,0.0,0.0,0.0,0.0007397057614859867,0.0,0.0,0.0,0.0,0.0,0.0,0.0014794115229719734,0.0,0.00723267855675187,0.01939672885674365,0.009698364428371825,0.0,0.0,0.0,0.0,0.0,0.0009862743486479823,0.0,8.218952905399852e-05,0.0021369277554039614,0.0,0.0,0.0,0.0,0.0,0.0,0.0,0.0,0.0,0.016766663927015698,0.0,0.0,0.0,0.0,0.0,0.0,0.0,0.015451631462151722,0.04282074463713323,0.0,0.0,0.0,0.0,0.0,0.0008218952905399852,0.0,0.0,0.0,0.0,0.0,0.0038629078655379304,0.0,0.0,0.0,0.0,0.0,0.0,0.0,0.0,0.0,0.0,0.0,0.0,0.0,0.0,0.0,0.0,0.0,0.0,0.0,0.0,0.0,0.0002465685871619956,0.0,0.0,0.0,0.0,0.0,0.0,0.0,0.0,0.0,0.0,0.0,0.007561436672967864,0.0065751623243198816,0.0021369277554039614,0.0,0.0,0.0,0.0,0.0,0.0,0.0,0.0,0.0,0.0,0.0,0.0,0.0,0.0,0.0,0.0,0.0,0.0,0.0,0.0,0.0,0.0,0.0,0.0,0.0,0.0,0.0,0.0,0.0,0.0002465685871619956,0.0,0.001890359168241966,0.0,0.0,0.0,0.0,0.022519930960795596,0.0,0.0002465685871619956,0.0019725486972959646,0.0,0.0,0.0,0.0,0.0886003123202104,0.0,0.0,0.0,0.003698528807429933,0.0,0.0,0.0,0.0,0.0,0.0,0.0,0.0,0.0,0.0,0.0,0.0,0.0,0.0,0.0,0.05375195200131503,0.00016437905810799704,0.0,0.0004931371743239912,0.0021369277554039614,0.0026300649297279527,0.0023013068135119587,0.020876140379715625,0.0013150324648639764,0.02342401578038958,8.218952905399852e-05,0.0,0.0,0.0,0.0,0.0,0.0,0.0,0.0,0.0,0.0,0.0,0.0,0.0,0.0,0.0,0.0,0.0,0.0,0.0,0.0,0.0,0.004766992685131914,0.0,0.0,0.0,0.0,0.0,0.0,0.0013150324648639764,0.0,0.0,0.0004931371743239912,0.0,0.0004931371743239912,0.0,0.0
004 L6 IT CTX Glut,0.0,0.034444094046743055,0.028750131399138023,0.0,0.0,0.0,0.0,0.0,0.021076421738673395,0.0005080766670170644,0.002207505518763797,0.0,0.0,0.0,0.0,1.7519885069553945e-05,0.0,0.0,0.003503977013910789,0.0,0.0,0.0,0.0,0.007989067591716598,0.0153298994358597,0.00457269000315358,0.00879498230491608,0.0,0.0,0.0,0.0,0.0,0.0,5.255965520866183e-05,0.0,0.0,0.0,0.0,0.0,0.0,1.7519885069553945e-05,0.0,0.0,0.0023476645993202286,0.0,0.0,0.0,0.0,0.0,0.004940607589614212,0.0,0.0,0.0,0.0,0.0,0.0,0.0,0.0,0.0,0.0,0.0,0.0001576789656259855,0.0,0.0,0.0,0.0006131959774343881,0.0,0.00017519885069553943,0.0005781562072952801,0.0,1.7519885069553945e-05,0.0,0.0,0.0,0.0,0.0,0.0,0.007393391499351764,0.0,0.0,0.0,0.0,0.009092820351098497,0.0,0.00017519885069553943,0.0,0.0,0.0,0.0,0.0,0.0,0.0,0.0,3.503977013910789e-05,0.0,0.0,0.0,0.0,0.00439749115245804,0.0,0.0,0.0,0.0,0.0,0.0,0.0,0.0,0.0,0.0,0.0,0.0,0.0,0.0,0.0,0.0,0.0,0.0,0.0,0.0,0.0,0.0,0.0,0.0,0.0,0.0,0.0,0.0,0.0,0.0,0.0,0.0,0.0,0.0,0.0,0.0,0.0,0.0,0.0,0.0,0.0,0.0,0.12589789410981464,0.1192928974385928,0.0,0.0,0.0,0.0,0.0,0.0,0.0,0.0,0.0,0.0,0.0,0.0,0.0,0.0,0.0,0.0,0.0,0.0,0.0,0.0008059147131994814,0.0,0.027243421283156384,0.011317845754931848,0.01229895931882687,0.0,0.0,0.0,0.0,0.0,0.0,0.0,0.0,0.0001226391954868776,0.0,0.0,0.0,0.0,0.0,0.0,0.0,0.0,0.0,0.0,0.0,0.0,0.0,0.0,0.0,0.0,0.0,0.0006131959774343881,0.027401100248782367,0.0,0.0,0.0,0.0,0.0,0.000946073793755913,0.0,0.0,0.0,0.0,0.0,3.503977013910789e-05,0.0,0.0,0.0,0.0,0.0,0.0,0.0,0.0,0.0,0.0,0.0,0.0,0.0,0.0,0.0,0.0,0.0,0.0,0.0,0.0,0.0,1.7519885069553945e-05,0.0,0.0,0.0,0.0,0.0,0.0,0.0,0.0,0.0,0.0,0.0,0.01301727460667858,0.015873015873015872,0.010914888398332106,0.0,0.0,0.0,0.0,0.0,0.0,0.0,0.0,0.0,0.0,0.0,0.0,0.0,0.0,0.0,0.0,0.0,0.0,0.0,0.0,0.0,0.0,0.0,0.0,0.0,0.0,0.0,0.0,0.0,0.06184519429552542,0.026419986684887348,0.08512912155296261,0.030484600021023864,0.007095553453169348,0.04178492589088616,0.01235151897403553,0.06620764567784436,0.0,0.0,0.0,0.0,0.0,0.0,0.0,0.008917621500402957,0.0,0.0,0.0,0.0,0.0,0.0,0.0,0.0,0.0,0.0,0.0,0.0,0.0,0.0,0.0,0.0,0.0,0.0,0.0,0.004800448509057781,0.012421598514313747,0.00381933494516276,0.006815235292056484,0.01177336276674025,0.004888047934405551,0.054942359578121165,0.0019447072427204878,0.0051508462104488595,0.003959494025719192,0.006342198395178527,0.0,0.0,0.0,0.0,0.0,0.0,0.0,0.0,0.0,0.0,0.0,0.0,0.0,0.0,0.0,0.0,0.0,0.0,0.0,0.0,0.0,0.012333999088965977,0.0,0.0,0.0,0.0,0.0,0.0,0.0005080766670170644,0.0,0.0,0.007042993797960685,0.0,3.503977013910789e-05,0.0,0.0
005 L5 IT CTX Glut,0.0,0.039520206192380135,0.0767273568383835,0.0,0.0,0.0,0.0,0.0,0.003899150778177973,9.913095198757558e-05,0.0007269603145755543,0.0,0.0,0.0,0.0,0.0,0.0,0.0,0.0023130555463767638,0.0,0.0,0.0,0.0,0.006707861084492615,0.00845917456960645,0.004989591250041304,0.0026104484023394903,0.0,0.0,0.0,0.0,0.0,0.0,0.0,0.0,0.0,3.30436506625252e-05,0.0,0.0,0.0,0.0,0.0,0.0,0.00019826190397515117,0.0,0.0,0.0,0.0,0.0,3.30436506625252e-05,0.0,0.0,0.0,0.0,0.0,0.0,0.0,0.0,0.0,0.0,0.0,0.0,0.0,0.0,0.0,0.00019826190397515117,0.0,0.0002643492053002016,0.001024353170538281,0.0,0.0,0.0,0.0,0.0,0.0,0.0,0.0,0.0005947857119254535,0.0,0.0,0.0,0.0,0.0012556587251759575,0.0,3.30436506625252e-05,0.0,0.0,0.0,0.0,0.0,0.0,0.0,0.0,0.0,0.0,0.0,0.0,0.0,0.003601757922215246,0.0,0.0,0.0,0.0,0.0,0.0,0.0,0.0,0.0,0.0,0.0,0.0,0.0,0.0,0.0,0.0,0.0,0.0,0.0,0.0,0.0,0.0,0.0,0.0,0.0,0.0,0.0,0.0,0.0,0.0,0.0,0.0,0.0,0.0,0.0,0.0,0.0,0.0,0.0,0.0,0.0,0.0,0.12093976142484221,0.09443875359349702,0.0,0.0,0.0,0.0,0.0,0.0,0.0,0.0,0.0,0.0,0.0,0.0,0.0,0.0,0.0,0.0,0.0,0.0,0.0,9.913095198757558e-05,0.0,0.016191388824637346,0.00337045236757757,0.007302646796418068,0.0,0.0,0.0,0.0,0.0,0.0,0.0,0.0,0.00029739285596272675,0.0,0.0,0.0,0.0,0.0,0.0,0.0,0.0,0.0,3.30436506625252e-05,0.0,0.0,0.0,0.0,0.0,0.0,0.0,3.30436506625252e-05,0.00591481346859201,0.0,0.0,0.0,0.0,0.0,0.00039652380795030234,0.0,0.0,0.0,0.0,0.0,0.000165218253312626,0.0,0.0,0.0,0.0,0.0,0.0,0.0,0.0,0.0,0.0,0.0,0.0,0.0,0.0,0.0,0.0,0.0,0.0,0.0,0.0,0.0,0.0,0.0,0.0,0.0,0.0,0.0,0.0,0.0,0.0,0.0,0.0,0.0,0.04127151967749397,0.08498826950401481,0.08297260681360076,0.0,0.0,0.0,0.0,0.0,0.0,0.0,0.0,0.0,0.0,0.0,0.0,0.0,0.0,0.0,0.0,0.0,0.0,0.0,0.0,0.0,0.0,0.0,0.0,0.0,0.0,0.0,0.0,0.0,0.04394805538115851,0.03555496811287711,0.03836367841919175,0.0208505435680534,0.012391368998446948,0.03482800779830156,0.010078313452070185,0.03535670620890196,0.0,0.0,9.913095198757558e-05,0.0,0.0,0.0,0.0,0.00502263490070383,0.0,0.0,0.0,0.0,0.0,0.0,0.0,0.0,0.0,0.0,0.0,0.0,0.0,0.0,0.0,0.0,0.0,0.0,0.0,0.0009582658692132307,0.02468360704490632,0.005286984106004032,0.01444007533952351,0.0125896309024221,0.003866107127515448,0.06347685292271091,0.005419158708654132,0.00921917853484453,0.002412186498364339,0.007963519809668572,0.0,0.0,0.0,0.0,0.0,0.0,0.0,0.0,0.0,0.0,0.0,0.0,0.0,0.0,0.0,0.0,0.0,0.0,0.0,0.0,0.0,0.0012226150745134323,0.0,0.0,0.0,0.0,0.0,0.0,3.30436506625252e-05,0.0,0.0,0.00023130555463767637,0.0,0.0,0.0,0.0
006 L4/5 IT CTX Glut,4.5004500450045e-05,0.01651022245081651,0.016484505593416486,0.0,0.0,0.0,0.0,0.0,0.016458788736016458,0.0017744631606017745,0.006917834640606918,0.0,0.0,0.0,0.0,1.9287643050019287e-05,0.0,0.0,0.0026231194548026232,0.0,0.0,0.0,0.0,0.009810981098109812,0.021563584929921564,0.004834769191204835,0.012594830911662596,0.0,0.0,0.0,0.0,0.0,0.0,1.2858428700012858e-05,6.429214350006429e-06,0.0,0.0,0.0,6.429214350006429e-06,0.0,0.0,0.0,0.0,6.429214350006429e-06,0.0,0.0,0.0,0.0,0.0,6.429214350006429e-06,0.0,0.0,0.0,0.0,0.0,0.0,0.0,1.9287643050019287e-05,0.0,0.0,0.0,6.429214350006429e-06,0.0,0.0,0.0,0.0030024431014530023,0.0,0.0003343191462003343,2.5716857400025716e-05,6.429214350006429e-06,0.0,0.0,0.0,0.0,0.0,0.0,0.0,0.0011894046547511895,0.0,0.0,0.0,0.0,0.008621576443358621,0.0,0.0,0.0,0.0,0.0,0.0,0.0,0.0,0.0,0.0,1.9287643050019287e-05,0.0,0.0,0.0,0.0,0.003105310531053105,0.0,0.0,0.0,0.0,0.0,0.0,0.0,0.0,7.072135785007072e-05,0.0,3.2146071750032145e-05,0.0,0.0,0.0,0.0,0.0,0.0,0.0,0.0,0.0,0.0,0.0,0.0,0.0,0.0,0.0,0.0,0.0,0.0,0.0,0.0,0.0,0.0,0.0,0.0,0.0,0.0,0.0,0.0,0.0,0.0,1.9287643050019287e-05,0.06578372122926579,0.07335733573357335,0.0,0.0,0.0,0.0,0.0,0.0,0.0,0.0,0.0,0.0,0.0,0.0,3.2146071750032145e-05,0.0,0.0,0.0,0.0,0.0,0.0,0.0005271955767005272,0.0,0.03330975954738331,0.009373794522309374,0.017493892246367493,6.429214350006429e-06,0.0,0.0,0.0,0.0,1.2858428700012858e-05,0.0,0.0,0.00012858428700012858,0.0,0.0,0.0,0.0,0.0,0.0,0.0,0.0,0.0,0.000225022502250225,0.0,0.0,0.0,0.0,0.0,0.0,0.0,0.00021859328790021858,0.01453002443101453,0.0,0.0,0.0,0.0,0.0,0.00012215507265012215,0.0,0.0,0.0,0.0,0.0,1.2858428700012858e-05,0.0,0.0,0.0,0.0,0.0,0.0,0.0,0.0,0.0,0.0,0.0,0.0,0.0,0.0,0.0,0.0,0.0,0.0,0.0,0.0,0.0,1.2858428700012858e-05,0.0,0.0,0.0,0.0,0.0,0.0,0.0,0.0,0.0,0.0,0.0,0.01908190819081908,0.012607689340362608,0.001735887874501736,0.0,0.0,0.0,0.0,0.0,0.0,0.0,0.0,0.0,0.0,0.0,0.0,0.0,0.0,0.0,0.0,0.0,0.0,0.0,0.0,0.0,0.0,0.0,0.0,0.0,0.0,0.0,0.0,0.0,0.10196091037675196,0.02369165487977369,0.08746303201748747,0.04211778320689212,0.01038961038961039,0.039738973897389736,0.012247653336762247,0.08622862286228623,0.0,1.2858428700012858e-05,1.2858428700012858e-05,0.0,0.0,0.0,0.0,0.017943937250867945,0.0,0.0,0.0,0.0,0.0,0.0,0.0,0.0,0.0,0.0,0.0,0.0,0.0,0.0,0.0,0.0,0.0,0.0,0.0,0.010241738459560243,0.016805966310916805,0.0051755175517551755,0.008351549440658352,0.015121512151215122,0.006262054776906262,0.10640992670695641,0.007464317860357464,0.008447987655908448,0.006551369422656552,0.012453388195962454,0.0,0.0,0.0,0.0,0.0,0.0,0.0,0.0,0.0,0.0,0.0,0.0,0.0,0.0,0.0,0.0,0.0,0.0,0.0,0.0,0.0,0.00012215507265012215,0.0,0.0,0.0,0.0,0.0,0.0,4.5004500450045e-05,0.0,0.0,0.0,0.0,3.8575286100038574e-05,0.0,0.0
007 L2/3 IT CTX Glut,0.0,0.0246502003547264,0.02871477369769428,0.0,0.0,0.0,0.0,0.0,0.027302437101753924,0.011668199435065361,0.010584313210273928,0.0,0.0,0.0,0.0002873940747553045,0.00048446429744465613,0.0,0.0,0.00018064770413190568,0.0,0.0,0.0,0.0,0.011027721211324969,0.01868061485909479,0.005903895421401826,0.016833081521382118,0.0,0.0,0.0,0.0,0.0,0.0,0.00014780266701701372,1.642251855744597e-05,0.0,0.0,0.0,0.0,0.0,0.0,0.0,0.0,0.0,0.0,0.0,0.0,0.0002134927412467976,0.0,2.4633777836168955e-05,0.0,0.0,0.0,0.0,0.0,0.0,0.0,0.0,0.0,0.0,0.0,0.0006979570386914537,0.0,0.0,0.0,0.014804900479537543,0.0,0.0015847730407935361,4.105629639361493e-05,0.0,0.00012316888918084478,0.0,0.0,0.0,0.0,0.0,0.0,0.00013138014845956775,0.0,0.0,0.0,0.0,0.012210142547461078,0.0,0.0,0.0,0.0,0.0,0.0,0.0,0.0,0.0,0.0,9.032385206595284e-05,0.0,0.0,0.0,0.0,0.007168429350325166,0.0,0.0,0.0,0.0,0.0,0.0,0.0,0.0,0.00035308414898508835,0.0,7.390133350850686e-05,0.0,0.0,0.0,0.0,0.0,0.0,0.0,0.0,0.0,0.0,0.0,0.0,0.0,0.0,0.0,0.0,0.0,0.0,0.0,0.0,0.0,0.0,0.0,0.0,0.0,0.0,0.0,0.0,0.0,0.0,0.00017243644485318268,0.09147342836497405,0.1128883925638836,0.0,0.0,0.0,0.0,0.0,0.0,0.0,0.0,0.0,0.0,0.0,0.0,0.0,0.0,0.0,0.0,0.0,0.0,0.0,0.002635814228470078,0.0,0.012768508178414241,0.011733889509295145,0.024863693095973197,0.0,0.0,0.0,0.0,8.211259278722984e-06,0.0001642251855744597,0.0,0.0,8.211259278722984e-06,0.0,0.0,0.0,0.0,0.0,0.0,0.0,0.0,0.0,0.004212376009984892,0.0,0.0,0.0,0.0,0.0,0.0,0.0,0.003678644156867897,0.01369638047690994,0.0,0.0,0.0,0.0,0.0,8.211259278722984e-06,0.0,0.0,0.0,0.0,0.0,0.0,0.0,0.0,0.0,0.0,0.0,0.0,0.0,0.0,0.0,0.0,0.0,0.0,0.0,0.0,0.0,0.0,0.0,0.0,0.0,0.0,0.0,0.0,0.0,0.0,0.0,0.0,0.0,0.0,0.0,0.0,0.0,0.0,0.0,0.029043224068843198,0.023952243316034946,0.006585429941535834,0.0,0.0,0.0,0.0,0.0,0.0,0.0,8.211259278722984e-06,0.0,0.0,0.0,0.0,0.0,0.0,0.0,0.0,0.0,0.0,0.0,0.0,0.0,0.0,0.0,0.0,0.0,0.0,0.0,0.0,0.0,0.044652827957695596,0.01703015174407147,0.04573671418248702,0.015001970702226893,0.011766734546410038,0.02888721014254746,0.009385469355580371,0.062454838073967026,0.0,0.0,1.642251855744597e-05,0.0,0.0,0.0,0.0,0.03920055179662353,0.0,0.0,0.0,0.0004187742232148722,0.0,0.0,0.00036129540826381135,0.0,0.0,0.0,0.0,0.0,0.0,0.0,0.0,0.0,0.0,8.211259278722984e-06,0.0,0.014024830848058858,0.018803783748275637,0.004918544307955068,0.01372922551402483,0.013384352624318465,0.006560796163699665,0.08100407278460224,0.007800696314786836,0.010493989358207974,0.011290481508244105,0.00990277869013992,0.0,0.0,0.0,0.0,0.0,0.0,0.0,0.0,0.0,0.0,0.0,0.0,0.0,0.0,0.0,0.0,0.0,0.0,0.0,0.0,0.0,0.0002627602969191355,0.0,0.0,0.0,0.0,0.0,0.0,9.853511134467582e-05,0.0,0.0,0.00013138014845956775,0.0,0.0007718583721999606,0.0,0.0
008 L2/3 IT ENT Glut,0.0,0.0,0.0,0.0,0.0,0.0,0.0,0.0,0.0005156115726152965,0.0011458034947006588,0.0005729017473503294,0.0,0.0,0.0,0.0,0.00017187052420509884,0.0,0.0,0.0,0.0,0.0,0.0,0.0,5.729017473503294e-05,0.0,0.0,5.729017473503294e-05,0.0,0.0,0.0,0.0,0.0,0.0,0.00017187052420509884,0.00011458034947006589,0.0,0.00022916069894013177,0.0,0.0,0.0,0.0,0.0,0.0,0.0,0.0,0.0,0.0005729017473503294,0.0007447722715554282,0.0,5.729017473503294e-05,0.0,5.729017473503294e-05,0.0,0.0,0.0,0.0,0.0,0.0,0.0,0.0,0.0,5.729017473503294e-05,0.0,0.0,0.0,0.013004869664852477,0.0,0.380807791463764,0.5007161271841879,0.00022916069894013177,0.001775995416786021,0.0,0.0,0.0,0.0,0.0,0.0,0.0,0.0,0.0,0.0,0.0,0.00034374104841019767,0.0025207676883414495,0.0,0.0,0.0,0.0,0.0,0.0,0.0,0.0,0.0,0.0,0.0,0.0,0.0,0.0,5.729017473503294e-05,0.0,0.0,0.0,0.0,0.0,0.0,0.0,0.0,0.0,0.0,0.0,0.0,0.0,0.0,0.0,0.0,0.0,0.0,0.0,0.0,0.0,0.0,0.0,0.0,0.0,0.0,0.0,0.0,0.0,0.0,0.0,0.0,0.0,0.0,0.0,0.0,0.0,0.0,0.0,0.0,0.0,0.0,0.00011458034947006589,0.0,0.0,0.0,0.0,0.0,0.0,0.0,0.0,0.0,0.0,0.0,0.0,0.0,0.0,0.0,0.0,0.0,0.0,0.0,0.0,0.0008593526210254941,0.0,0.0,0.00011458034947006589,0.0005729017473503294,0.0,0.0,0.0,0.0,0.0,0.0002864508736751647,0.0,0.0,0.022916069894013177,0.0,0.0,0.0,0.0,0.0,0.0,0.0,0.0,0.0,0.02205671727298768,0.0,0.0,0.0,0.0,0.0,0.0,0.0,0.016041248925809225,0.0,0.0,0.0,0.0,0.0,0.0,0.0,0.0,0.0,0.0,0.0,0.0,0.0,0.0,0.0,0.0,0.0,0.0,0.0,0.0,0.0,0.0,0.0,0.0,0.0,0.0,0.0,0.0,0.0,0.0,0.0,0.0,0.0,0.0,5.729017473503294e-05,0.0,0.0,0.0,0.0,0.0,0.0,0.0,0.0,0.0,0.0,0.0,0.0,0.0,0.0,0.0,0.0,0.0,0.0,0.0,0.0,0.0,0.0,0.0,0.0,0.0,0.0,0.0,0.0,0.0,0.0,0.0,0.0,0.0,0.0,0.0,0.0,0.0,0.0,0.0,0.0,0.0,0.0,0.0,0.0,0.0,0.0,0.0,0.0,0.0,0.0,0.0,0.0,0.0,0.0011458034947006588,0.0,0.0,0.0,0.0,0.0024061873388713834,0.0,0.0,0.0,0.019650529934116298,0.0,0.0,0.00022916069894013177,0.0,0.0,0.0,0.0,0.0,0.0,0.0,0.0,0.0,0.0,0.0,0.0,0.0005156115726152965,0.0,0.0,0.0,0.0,0.0,0.0,0.00045832139788026354,5.729017473503294e-05,0.008192494987109711,0.0,0.0,0.0,0.0,0.0,0.0,0.0,0.0,0.0,0.0,0.0,0.0,0.0,0.0,0.0,0.0,0.0,0.0,0.0,0.0,0.0,0.0,5.729017473503294e-05,0.0,0.0,0.0,0.0,0.0,0.0,0.0,0.0,0.0,0.0,0.0,0.0002864508736751647,0.0,0.0
009 L2/3 IT PIR-ENTl Glut,1.8749062546872656e-05,0.0,0.0,7.499625018749062e-05,0.0,0.0,0.0,0.0,0.0026436178191090445,0.03245462726863657,0.011868156592170392,0.0,0.0,0.0,0.0,0.04280410979451028,0.0,0.0,0.0,0.0,0.0,0.0,0.0,0.0,1.8749062546872656e-05,0.0,1.8749062546872656e-05,0.0,0.0,0.0,0.0,0.0,0.0,0.007893355332233388,0.0027186140692965354,0.0,0.0002062396880155992,0.0,0.0,0.0,0.0,0.0,0.0,0.00011249437528123593,0.0,0.0,0.0010499475026248687,0.013255587220638968,0.0,0.007068396580170991,0.0,0.005399730013499325,0.0,0.0,0.0,0.0,0.0,0.0,0.0,0.0,0.0,0.00011249437528123593,0.0,0.0,0.0,0.0022123893805309734,0.0,0.08129593520323984,0.0019311534423278836,0.0026623668816559173,0.011661916904154792,0.0,0.0,0.0,0.0,0.0,0.0,9.374531273436329e-05,1.8749062546872656e-05,0.0,0.0,0.0,0.001031198440077996,0.0,0.0,0.0,0.0,0.0008249587520623968,0.0,0.0,0.0,0.0,0.0,0.0,0.0,0.0,0.0,1.8749062546872656e-05,3.749812509374531e-05,0.0,0.0,0.0,0.0,0.0,0.0,0.0,0.0,0.00028123593820308983,0.0,0.0002999850007499625,0.0,0.0,0.0,0.0,0.0,0.0,0.0,0.0,0.0,0.0,0.0,0.0,0.0,0.0,0.0,0.0,0.0,0.0,0.0,0.0,0.0,0.0,0.0,0.0,0.0,3.749812509374531e-05,0.0,0.0,0.0,0.0,0.00018749062546872657,0.0,0.0006187190640467977,0.0,0.0,0.0,0.0,0.0,0.0,0.0,0.0,0.0,0.0,0.0,0.0,3.749812509374531e-05,0.0,0.0,0.0,0.0,0.0,0.0,0.020830208489575522,0.0,0.0007312134393280336,0.00014999250037498125,0.000599970001499925,0.0,0.0,0.0,0.0,0.0005624718764061797,0.02936103194840258,0.0,1.8749062546872656e-05,0.0,0.0,0.0,0.0,0.0,0.0,0.0,0.0,0.0,0.0,0.005437228138593071,0.0,0.0,0.0,0.0,0.0,0.0,0.0,0.6814721763911804,0.0,0.0,0.0,0.0,0.0,0.0,0.0,0.0,0.0,0.0,0.0,0.0,0.0,0.0,0.0,0.0,0.0,0.0,0.0,0.0,0.0,0.0,0.0,0.0,0.0,0.0,0.0,0.0,0.0,0.0,0.0,0.0,0.0,0.0,0.0,0.0,0.0,0.0,0.0,0.0,0.0,0.0,0.0,0.0,0.0,0.0,0.0,0.0,0.0,0.0,0.0,0.0,0.0,0.0,0.0,0.0,0.0,0.0,0.0,0.0,0.0,0.0,0.0,0.0,0.0,0.0,0.0,0.0,0.0,0.0,0.0,0.0,0.0,0.0,0.0,0.0,0.0,0.0,3.749812509374531e-05,0.0,0.0,1.8749062546872656e-05,0.0,0.0,0.0,0.0,0.0,0.000656217189140543,1.8749062546872656e-05,0.0,0.0,0.0,0.0,0.00028123593820308983,0.0,0.0,0.0,0.021148942552872356,0.0,0.0,0.002512374381280936,0.0,0.0,0.0,0.0,0.0,0.0,0.0,0.0,0.0,0.0,0.0,0.0,0.0016499175041247937,0.0,0.0,0.0,0.0,1.8749062546872656e-05,0.0,1.8749062546872656e-05,0.0,1.8749062546872656e-05,1.8749062546872656e-05,0.0,0.0,0.0,0.0,0.0,0.0,0.0,0.0,0.0,0.0,0.0,0.0,0.0,0.0,0.0,0.0,0.0,0.0,0.0,0.0,0.0,0.0025498725063746812,0.0,0.0,0.0,0.0,0.0,0.0,0.00037498125093745314,0.0,0.0,0.0,0.0,0.000543722813859307,0.0,0.0
010 IT AON-TT-DP Glut,0.0,0.0,0.0014403900132959077,0.0013665238587679126,0.0,0.0,0.0,0.0,0.00022159846358398583,0.0006647953907519574,0.001920520017727877,0.0,0.0,0.0,0.0018835869404638795,0.5771531984044911,0.0,0.0,0.0,0.0,0.0,0.0,0.0,0.0,0.0,3.6933077263997636e-05,0.0,0.0,0.0,0.0,0.0,0.0,0.0,0.00044319692716797166,0.0001846653863199882,0.0,0.0,0.0,0.0,0.0,0.0,0.0,0.0,0.0,0.0,0.0,7.386615452799527e-05,0.0004801300044319693,0.0,0.0,0.0,7.386615452799527e-05,0.0,0.0,0.0,0.0,0.0,0.0,0.0,0.0,0.0,0.0250036933077264,0.0,0.0,0.0,0.0,0.0,0.0005539961589599645,3.6933077263997636e-05,0.0010710592406559315,0.0006278623134879598,0.0,0.0,0.0,0.0,0.0,0.0,0.0003323976953759787,0.0,0.0,0.0,0.0,0.00011079923179199292,0.0,0.0,0.0,0.0,0.0,0.0,0.0,0.0,0.0,0.0,0.00022159846358398583,0.0,0.0,0.0,0.0,0.004875166198847688,0.0,0.0,0.0,0.0,0.0,0.0,0.0,0.0,0.012114049342591224,0.0,7.386615452799527e-05,0.0,0.0,0.0,0.0,0.0,0.0,0.0,0.0,0.0,0.0,0.0,0.0,0.0,0.0,0.0,3.6933077263997636e-05,0.0,0.0,0.0,0.0,0.0,0.0,0.0,0.0,0.0,0.0,0.0,0.0,0.0,0.0,0.1500960260008864,0.0,0.0007755946225439503,0.0,0.0,0.0,0.0,0.0,0.0,0.0,0.0,0.0,0.0,0.0,0.0,0.0,0.0,0.0,0.0,0.0,0.0,0.0,0.03353523415570985,0.0,0.0014773230905599055,0.0032131777219677944,0.0014034569360319102,0.0,0.0,0.0,0.0,7.386615452799527e-05,0.0005539961589599645,0.0,0.0,0.0,0.0,0.0,0.0,0.0,0.0,0.0,0.0,0.0,0.0,0.00011079923179199292,0.0,0.0,0.0,0.0,0.0,0.0,0.0,0.027773674102526222,0.0,0.0,0.0,0.0,0.0,0.0,0.0,0.0,0.0,0.0,0.0,0.0,0.0,0.0,0.0,0.0,0.0,0.0,0.0,0.0,0.0,0.0,0.0,0.0,0.0,0.0,0.0,0.0,0.0,0.0,0.0,0.0,0.0,0.0,0.0,0.0,0.0,0.0,0.0,0.0,0.0,0.0,0.0,0.0,0.0,0.0,0.0,0.0,3.6933077263997636e-05,0.0,0.0,0.0,0.0,0.0,0.0,0.0,0.0,0.0,0.0,0.0,0.0,0.0,0.0,0.0,0.0,0.0,0.0,0.0,0.0,0.0,0.0,0.0,0.0,0.0,0.0,0.0,0.0,0.0,0.0,0.0,0.0,0.0,0.0,0.0,0.0,0.00011079923179199292,0.0,0.004136504653567736,0.0,0.0,0.0,0.0,0.0,0.00014773230905599054,0.0,0.0,0.0,0.0006278623134879598,0.0,0.0,0.14289407593440687,0.0,0.0,0.0,0.0,0.0,0.0,0.0,0.0,0.0,0.0,0.0,0.0,0.00014773230905599054,0.0,0.0,0.0,0.0,0.0,0.0,0.0,0.0,0.0,0.0,0.0,0.0,0.0,0.0,0.0,0.0,0.0,0.0,0.0,0.0,0.0,0.0,0.0,0.0,0.0,0.0,0.0,0.0,0.0,0.0,0.0,0.0018097207859358842,0.0,0.0,0.0,0.0,0.0,0.0,7.386615452799527e-05,0.0,0.0,0.0,0.0,0.0,0.0,0.0
011 L2 IT ENT-po Glut,0.0,0.0,0.0,0.0,0.0,0.0,0.0,0.0,0.0,0.0,0.0,0.0,0.0,0.0,0.0,0.0,0.0,0.0,0.0,0.0,0.0,0.0,0.0,0.0,0.0,0.0,0.0,0.0,0.0,0.0,0.0,0.0,0.0,0.0,0.0,0.0,0.0,0.0,0.0,0.0,0.0,0.0,0.0,0.0,0.0,0.0,0.0,0.0002079434393844874,0.0,0.0,0.0,0.0,0.0,0.0,0.0,0.0,0.0,0.0002079434393844874,0.0,0.0,0.0,0.0,0.0,0.0,0.0,0.004158868787689748,0.0,0.19567477646080267,0.6437928883343731,0.0,0.0,0.0,0.0,0.0,0.0,0.0,0.0,0.0,0.0,0.0,0.0,0.0,0.0,0.014348097317529632,0.0,0.0,0.0,0.0,0.0,0.0,0.0,0.0,0.0,0.0,0.0,0.0,0.0,0.0,0.0,0.0,0.0,0.0,0.0,0.0,0.0,0.0,0.0,0.0,0.0,0.0,0.0,0.0,0.0,0.0,0.0,0.0,0.0,0.0,0.0,0.0,0.0,0.0,0.0,0.0,0.0,0.0,0.0,0.0,0.0,0.0,0.0,0.0,0.0,0.0,0.0,0.0,0.0,0.0,0.0,0.0,0.0,0.0,0.0,0.0,0.0,0.0,0.0,0.0,0.0,0.0,0.0,0.0,0.0,0.0,0.0,0.0,0.0,0.0,0.0,0.0,0.0,0.0,0.0,0.0,0.0,0.0,0.0,0.0,0.0,0.0,0.0,0.0,0.0,0.0,0.0,0.1289249324183822,0.0,0.0,0.0,0.0,0.0,0.0,0.0,0.0,0.0,0.003535038469536286,0.0,0.0,0.0,0.0,0.0,0.0,0.0,0.0,0.0,0.0,0.0,0.0,0.0,0.0,0.0,0.0,0.0,0.0,0.0,0.0,0.0002079434393844874,0.0,0.0,0.0,0.0,0.0,0.0,0.0,0.0,0.0,0.0,0.0,0.0,0.0,0.0,0.0,0.0,0.0,0.0,0.0,0.0,0.0,0.0,0.0,0.0,0.0,0.0,0.0,0.0,0.0,0.0,0.0,0.0,0.0,0.0,0.0,0.0,0.0,0.0,0.0,0.0,0.0,0.0,0.0,0.0,0.0,0.0,0.0,0.0,0.0,0.0,0.0,0.0,0.0,0.0,0.0,0.0,0.0,0.0,0.0,0.0,0.0,0.0,0.0,0.0,0.0,0.0,0.0,0.0,0.0,0.0,0.0,0.0,0.0,0.0,0.0,0.0018714909544603868,0.0,0.0,0.0,0.0,0.0,0.0,0.0,0.0,0.001039717196922437,0.0,0.0,0.0,0.0,0.0,0.0,0.0,0.0,0.0,0.0,0.0,0.0,0.0,0.0,0.0,0.0,0.0,0.0,0.0,0.0002079434393844874,0.0,0.0,0.0,0.0,0.0051985859846121855,0.0,0.0,0.0,0.0,0.0,0.0,0.0,0.0,0.0,0.0,0.0,0.0,0.0,0.0,0.0,0.0,0.0,0.0,0.0,0.0,0.0,0.0,0.0,0.0,0.0,0.0,0.0,0.0,0.0,0.0002079434393844874,0.0,0.0,0.0,0.0,0.0004158868787689748,0.0,0.0
012 MEA Slc17a7 Glut,0.01228011948224361,0.0,0.0,0.0,0.0,0.0,0.0,0.0,0.0,0.0,0.0,0.0,0.0,0.0,0.0,0.0,0.0,0.0,0.0,0.0,0.0,0.0,0.0,0.0,0.0,0.0,0.00016594756057085962,0.0,0.0,0.0,0.0,0.0,0.0,0.02074344507135745,0.07882509127115832,0.008131430467972121,0.00016594756057085962,0.0,0.0004978426817125788,0.0,0.009459010952538998,0.0,0.0,0.0,0.0,0.0,0.03036840358446731,0.16379024228343844,0.0,0.0006637902422834385,0.0,0.009790906073680716,0.0,0.0,0.0,0.0,0.0,0.00016594756057085962,0.0,0.0,0.0,0.0,0.0,0.0,0.0,0.0,0.0,0.0,0.0,0.0004978426817125788,0.007467640225688682,0.0,0.0,0.0,0.0,0.0,0.0,0.0,0.00016594756057085962,0.0,0.0,0.0,0.0,0.00016594756057085962,0.0004978426817125788,0.001327580484566877,0.0,0.0034848987719880518,0.0,0.0,0.0,0.0,0.0,0.0,0.0,0.0,0.0,0.0004978426817125788,0.0,0.0,0.0,0.0,0.0,0.0,0.0,0.0,0.0,0.0,0.0,0.0004978426817125788,0.0,0.0,0.0,0.0,0.0,0.0,0.0,0.00033189512114171923,0.0,0.0,0.0,0.0,0.0,0.0,0.0,0.0,0.0,0.0,0.0,0.0,0.0,0.0,0.0,0.0,0.0,0.4752738134749419,0.0,0.0,0.0,0.0,0.0,0.0,0.0,0.00016594756057085962,0.00016594756057085962,0.0,0.0,0.0,0.0,0.0,0.0,0.0,0.0,0.0,0.0,0.004812479256554929,0.0,0.0,0.0,0.0,0.0,0.0,0.009624958513109858,0.0,0.0,0.0,0.0,0.0,0.0,0.0,0.0,0.10404912047792897,0.007633587786259542,0.0,0.002489213408562894,0.0,0.0,0.0,0.0,0.0,0.0,0.0,0.0,0.0,0.0,0.0,0.0,0.0,0.0,0.0,0.0,0.0,0.0,0.02124128775307003,0.0,0.0,0.0,0.0,0.0,0.0,0.0,0.0,0.0,0.0,0.0,0.0,0.0,0.0,0.0,0.0,0.0,0.0,0.0,0.0,0.0,0.0,0.00033189512114171923,0.0,0.0,0.0,0.0,0.0,0.0,0.0,0.0,0.0,0.0,0.0,0.0,0.0,0.0,0.0,0.0,0.0,0.0,0.0,0.0,0.0,0.0,0.0,0.0,0.0,0.0,0.0,0.0,0.0,0.0,0.0,0.0,0.0,0.0,0.0,0.0,0.0,0.0,0.0,0.0014935280451377365,0.0,0.0,0.0,0.0,0.0,0.0,0.0,0.0,0.0,0.0,0.0,0.0,0.0,0.0,0.0,0.0,0.0,0.0,0.0,0.0,0.0,0.0,0.0,0.0,0.005808164619980087,0.0,0.0,0.0,0.0,0.0,0.0,0.00016594756057085962,0.0,0.0,0.00033189512114171923,0.0,0.0,0.0,0.0,0.0,0.0,0.0,0.0,0.0,0.0,0.0,0.0,0.0,0.0,0.0,0.0,0.0,0.0,0.0,0.0,0.0,0.0,0.0,0.0,0.0,0.0,0.0,0.0,0.0,0.0,0.0,0.0,0.0,0.0,0.0,0.0,0.0,0.0,0.0,0.0,0.0,0.0,0.0004978426817125788,0.0,0.0006637902422834385,0.0,0.0,0.0006637902422834385,0.0,0.00016594756057085962,0.0,0.0,0.007799535346830402,0.0,0.004978426817125788,0.0,0.0,0.0,0.0,0.001659475605708596,0.0,0.0
013 COAp Grxcr2 Glut,0.0,0.0,0.0,0.0,0.0,0.0,0.0,0.0,0.0,0.0002627430373095113,0.0,0.0,0.0,0.0,0.0,0.0,0.0,0.0,0.0,0.0,0.0,0.0,0.0,0.0,0.0,0.0,0.0,0.0,0.0,0.0,0.0,0.0,0.0,0.07816605359957961,0.07330530740935365,0.0,0.0017078297425118234,0.0,0.0,0.0,0.0,0.0,0.0,0.0,0.0,0.0,0.0007882291119285339,0.5796111403047819,0.0,0.0,0.0,0.005254860746190226,0.0,0.0,0.0,0.0,0.0,0.0,0.0,0.0,0.0,0.0,0.0,0.0,0.0,0.0005254860746190226,0.0,0.002364687335785602,0.0,0.0,0.004335260115606936,0.0,0.0,0.0,0.0,0.0,0.0,0.0,0.0,0.0,0.0,0.0,0.0002627430373095113,0.0,0.00013137151865475564,0.0,0.0,0.0,0.0,0.0,0.0,0.0,0.0,0.0,0.0,0.0,0.0,0.0,0.0,0.0,0.0,0.0,0.0,0.0,0.0,0.0,0.0,0.0,0.0,0.027982133473462952,0.0,0.0,0.0,0.0,0.0,0.0,0.0,0.0,0.0,0.0,0.0,0.0,0.0,0.0,0.0,0.0,0.0,0.0,0.0,0.0,0.0,0.0,0.0,0.0,0.0,0.014713610089332634,0.0,0.0,0.0,0.0,0.0,0.0,0.0,0.0,0.0,0.0,0.0,0.0,0.0,0.0,0.0,0.0,0.0,0.0,0.0,0.0,0.0,0.0,0.0,0.0,0.0,0.0,0.005386232264844981,0.0,0.0,0.0,0.0,0.0,0.0,0.0,0.0,0.03625853914871256,0.05977404098791382,0.0,0.0,0.0,0.0,0.0,0.0,0.0,0.0,0.0,0.0,0.0,0.0,0.0002627430373095113,0.0,0.0,0.0,0.0,0.0,0.0,0.0,0.017603783499737256,0.0,0.0,0.0,0.0,0.0,0.0,0.0,0.0,0.0,0.0,0.0,0.0,0.0,0.0,0.0,0.0,0.0,0.0,0.0,0.0,0.0,0.0,0.0,0.0,0.0,0.0,0.0,0.0,0.0,0.0,0.0,0.0,0.0,0.0,0.0,0.0,0.0,0.0,0.0,0.0,0.0,0.0,0.0,0.0,0.0,0.0,0.0,0.0,0.0,0.0,0.0,0.0,0.0,0.0,0.0,0.0,0.0,0.0,0.0,0.0,0.0,0.0,0.0,0.0,0.0,0.0,0.0,0.0,0.0,0.0,0.0,0.0,0.0,0.0,0.0,0.0,0.0,0.0,0.0,0.0,0.0,0.0,0.0,0.0,0.0,0.0,0.0,0.0,0.0,0.0,0.0,0.0,0.0,0.00013137151865475564,0.0,0.0,0.0,0.08723068838675775,0.0,0.0,0.0,0.0,0.0,0.0,0.0,0.0,0.0,0.0,0.0,0.0,0.0,0.0,0.0,0.00013137151865475564,0.0,0.0,0.0,0.0,0.0,0.0,0.00013137151865475564,0.0,0.0,0.0,0.0,0.0,0.0,0.0,0.0,0.0,0.0,0.0,0.0,0.0,0.0,0.0,0.0,0.0,0.0,0.0,0.0,0.0,0.0005254860746190226,0.0,0.0,0.0013137151865475565,0.0,0.0,0.0,0.0,0.0002627430373095113,0.0,0.0015764582238570678,0.0,0.0,0.0,0.0,0.0,0.0,0.0
014 LA-BLA-BMA-PA Glut,0.0005303030303030304,0.0,7.575757575757576e-05,0.0,0.0,0.0,0.0,0.0,0.0,0.0010606060606060607,0.0,0.0,0.0,0.0,0.0,0.0,0.0,0.0,0.0,0.0,0.0,0.0,0.0,0.0,0.0,0.0,0.0,0.0,0.0,0.0,0.0,0.0,0.0,0.3396969696969697,0.14416666666666667,0.00030303030303030303,0.02181818181818182,0.0,7.575757575757576e-05,0.0,0.005151515151515152,0.0,0.0,0.0,0.0,0.0,0.0,0.04689393939393939,0.0,0.013484848484848485,0.0,0.015303030303030303,0.0,0.0,0.0,0.0,0.0,0.0,0.0,0.0,0.0,7.575757575757576e-05,0.0,0.0,0.0,0.0006818181818181819,0.0,0.0008333333333333334,7.575757575757576e-05,0.00030303030303030303,0.03553030303030303,0.0,0.0,0.0,0.0,0.0,0.0,0.0,0.0,0.0,0.0,0.0,0.0,0.00015151515151515152,0.0,0.0,0.0,0.002196969696969697,0.0,0.0,0.0,0.0,0.0,0.0,0.0,0.0,0.0,0.0,0.0,0.0,0.0,0.0,0.0,0.0,0.0,0.0,0.0,0.0,0.0,0.21303030303030304,0.0,0.0,0.0,0.0,0.0,0.0,0.0,0.0,0.0,0.0,0.0,0.0,0.0,0.0,0.0,0.0,0.0,0.0,0.0,0.0,0.0,0.0,0.0,0.0,0.0,0.005681818181818182,0.0,0.0,0.0,0.0,0.0,0.0,0.0,0.0,0.0,0.0,0.0,0.0,0.0,0.0,0.0,0.0,0.0,0.0,0.0,0.0007575757575757576,0.0,0.0,0.0,0.0,0.0,0.0,0.0014393939393939393,0.0,0.0,0.0,0.0,0.0,0.0,0.0,0.0,0.08401515151515151,0.005909090909090909,0.0,0.0,0.0,0.0,0.0,0.0,0.0,0.0,0.0,0.0,0.0,0.0,7.575757575757576e-05,0.0,0.0,0.0,0.0,0.0,0.0,0.0,0.012121212121212121,0.0,0.0,0.0,0.0,0.0,0.0,0.0,0.0,0.0,0.0,0.0,0.0,0.0,0.0,0.0,0.0,0.0,0.0,0.0,0.0,0.0,0.0,0.0,0.0,0.0,0.0,0.0,0.0,0.0,0.0,0.0,0.0,0.0,0.0,0.0,0.0,0.0,0.0,0.0,0.0,0.0,0.0,0.0,0.0,0.0,0.0,0.0,0.0,0.0,0.0,0.0,0.0,0.0,0.0,0.0,0.0,0.0,0.0,0.0,0.0,0.0,0.0,0.0,0.0,0.0,0.0,0.0,0.0,0.0,0.0,0.0,0.0,0.0,0.0,0.0,0.0,0.0,0.0,0.0,0.0,0.0,0.0,0.0,0.0,0.0,0.0,0.0,0.011287878787878788,0.0,0.0,0.0,0.0,0.0,0.0,0.0,0.0,0.0,0.01143939393939394,0.0,0.0,7.575757575757576e-05,0.0,0.0,0.0,0.0,0.0,0.0,0.0,0.0,0.0,0.0,0.0,0.0,7.575757575757576e-05,0.0,0.0,0.0,0.0,0.0,0.0,0.0,0.0,0.0,0.0,0.0009090909090909091,0.0,0.0,0.0,0.0,0.0,0.0,0.0,0.0,0.0,0.0,0.0,0.0,0.0,0.0,0.0,0.0,0.0,0.005909090909090909,0.0,0.0,0.009015151515151516,0.0,0.0,0.0,0.0,7.575757575757576e-05,0.0,0.009545454545454546,0.0,0.0,0.0,0.0,0.00022727272727272727,0.0,0.0
015 ENTmv-PA-COAp Glut,0.0,0.0,0.0,0.0,0.0,0.0,0.0,0.0,0.0,0.0,0.0,0.0,0.0,0.0,0.0,0.0,0.0,0.0,0.0,0.0,0.0,0.0,0.0,0.0,0.0,0.0,0.0,0.0,0.0,0.0,0.0,0.0,0.0,0.0,0.0,0.0,0.08648255813953488,0.0,0.0,0.0,0.0,0.0,0.0,0.0,0.0,0.0,0.0,0.15843023255813954,0.0,0.0,0.0,0.0,0.0,0.0,0.0,0.0,0.0,0.0,0.0,0.0,0.0,0.0,0.0,0.0,0.0,0.0,0.0,0.06431686046511628,0.1998546511627907,0.0,0.0003633720930232558,0.0,0.0,0.0,0.0,0.0,0.0,0.0,0.0,0.0,0.0,0.0,0.0,0.1257267441860465,0.007630813953488372,0.0,0.0,0.0,0.0,0.0,0.0,0.0,0.0,0.0,0.0,0.0,0.0,0.0,0.0,0.0,0.0,0.0,0.0,0.0,0.0,0.0,0.0,0.0,0.0,0.0,0.0,0.0,0.0,0.0,0.0,0.0,0.0,0.0,0.0,0.0,0.0,0.0,0.0,0.0,0.0,0.0,0.0,0.0,0.0,0.0,0.0,0.0,0.0,0.0,0.0,0.0,0.0,0.0,0.0,0.0,0.0,0.0,0.0,0.0,0.0,0.0,0.0,0.0,0.0,0.0,0.0,0.0,0.0,0.0,0.0,0.0,0.0,0.0,0.0,0.0,0.0,0.0,0.0,0.0,0.0,0.0,0.0,0.0,0.0,0.0,0.0,0.17587209302325582,0.0,0.0,0.0,0.0003633720930232558,0.0,0.0,0.0,0.0,0.0,0.0,0.0,0.0,0.0,0.0,0.0,0.0,0.0,0.0,0.0,0.0,0.0,0.0007267441860465116,0.0,0.0,0.0,0.0,0.0,0.0,0.0,0.0,0.0,0.0,0.0,0.0,0.0003633720930232558,0.0,0.0,0.0,0.0,0.0,0.0,0.0,0.0,0.0,0.0,0.0,0.0,0.0,0.0,0.0,0.0,0.0,0.0,0.0,0.0,0.0,0.043968023255813955,0.0,0.0,0.0,0.0,0.0,0.0,0.0,0.0,0.0,0.0,0.0,0.0,0.0,0.0,0.0,0.0,0.0,0.0,0.0,0.0,0.0,0.0,0.0,0.0,0.0,0.0,0.0,0.0,0.0,0.0,0.0,0.0,0.0,0.0,0.0,0.0,0.0,0.0,0.0,0.0,0.0,0.0,0.0,0.0,0.0,0.0,0.0,0.0,0.0,0.0,0.0,0.0,0.0,0.03924418604651163,0.0,0.0,0.0,0.0,0.0003633720930232558,0.0,0.0,0.0,0.07194767441860465,0.0,0.0,0.0,0.0,0.0,0.0,0.0,0.0,0.0,0.0,0.0,0.0,0.0,0.0,0.0,0.0,0.0,0.0,0.0,0.0,0.0,0.0003633720930232558,0.0,0.0,0.0,0.0,0.0,0.0,0.0,0.0,0.0,0.0,0.0,0.0,0.0,0.0,0.0,0.0,0.0,0.0,0.0,0.0,0.0,0.0,0.008357558139534883,0.0,0.0,0.0003633720930232558,0.0,0.0,0.0,0.0,0.0,0.0,0.015261627906976744,0.0,0.0,0.0,0.0,0.0,0.0,0.0
016 CA1-ProS Glut,0.0,0.0,0.0,0.0,0.0,0.0,0.0,0.0,0.0,0.0,0.0,0.0,0.0,0.0,0.0,7.956082425013923e-05,0.0,0.0,0.0,0.0,0.0,0.0,0.0,0.0,0.0,0.0,0.0,0.0,0.0,0.0,0.0,0.0,0.0,0.0017901185456281328,0.0015912164850027846,0.0,0.8640703317686371,0.02772694725117352,0.01746360092290556,0.0,0.0,0.0,0.0,0.0,0.0,0.0,0.0,0.00015912164850027846,0.0,0.0,0.0,0.0009547298910016707,0.0,0.0,0.0,0.0,0.0,0.0021481422547537593,0.0,0.0,0.0,0.0,0.0,0.0,0.0,0.0,0.0,0.00015912164850027846,0.00019890206062534807,0.00011934123637520884,3.9780412125069614e-05,0.0,0.0,0.0011934123637520884,0.0,0.0,0.0,0.0,0.0,0.0,0.0,0.0,0.0,0.0032619937942557084,0.0008751690667515316,0.0,0.0,0.0,0.0,0.0,0.0,0.0,0.0,0.0,0.0,0.0,0.0,0.0,0.0,0.0,0.0,0.0,0.0,0.0,0.0,0.0,0.0,0.0,0.0,0.00019890206062534807,0.0,0.0,0.0,0.0,0.0,0.0,0.0,0.0,0.0,0.0,0.0,0.0,0.0,0.0,0.0,0.0,0.0,0.0,0.0,0.0,0.0,0.0,0.0,0.0,0.0,0.0,0.0,0.0,0.0,0.0,0.0,0.0,0.0,0.0,0.0,0.0,0.0,0.0,0.0,0.0,0.0,0.0,0.0,0.0,0.0,0.0,0.0,0.0,0.0,0.0,0.0,0.0,0.0,0.0,0.0,0.0,0.0,0.0,0.0,0.0,0.0,0.02267483491128968,3.9780412125069614e-05,0.0,0.0,0.0005967061818760442,0.0,0.0,0.0,0.0,0.0,0.0,0.0,0.0,0.0,0.0,0.0,0.0,0.0,0.0,0.0,0.0,0.0,0.0,0.0,0.0,0.0,0.0,0.0,0.0,3.9780412125069614e-05,0.0,0.0,0.0,0.0,0.0,0.0,0.0,0.0,0.0,0.0,0.0,0.0,0.0,0.0,0.0,0.0,0.0,0.0,0.0,0.0,0.0,0.0,0.0,0.0,0.0,0.0,0.0,0.028204312196674356,0.0,0.0,0.0,0.0,0.0,0.0,0.0,0.0,0.0,0.0,0.0,3.9780412125069614e-05,0.0,0.0,0.0,0.0,0.0,0.0,0.0,0.0,0.0,0.0,0.0,0.0,0.0,0.0,0.0,0.0,0.0,0.0,0.0,0.0,0.0,0.0,0.0,0.0,0.0,0.0,0.0,0.0,0.0,0.0,0.0,0.0,0.0,0.0,0.0,0.0,0.0,0.0,3.9780412125069614e-05,0.0,3.9780412125069614e-05,0.002506165963879386,0.0,0.0,0.0,0.0,3.9780412125069614e-05,0.0,0.0,0.0,0.00027846288487548733,0.0,0.0,7.956082425013923e-05,0.0,0.0,0.0,0.0,0.0,0.0,0.0,0.0,0.0,0.0,0.0,0.0,0.0,0.0,0.0,0.0,0.0,0.0,0.0,0.0,0.0,0.0,0.0,0.000517145357625905,0.0,0.0,0.0,0.0,0.0,0.0,0.0,0.0,0.0,0.0,0.0,0.0,0.0,0.0,0.0,0.0,0.0,0.00517145357625905,0.0,0.0,0.004574747394383006,7.956082425013923e-05,0.0,0.0,0.0,0.0008353886546264619,0.0,0.012212586522396372,0.0,0.0,0.0,0.0,0.0,0.0,0.0
017 CA3 Glut,0.0,0.0,0.0,0.0,0.0,0.0,0.0,0.0,0.0,0.0,0.0,0.0,0.0,0.0,0.0,0.0,0.0,0.0,0.0,0.0,0.0,0.0,0.0,0.0,0.0,0.0,0.0,0.0,0.0,0.0,0.0,0.0,0.0,0.0003050826774055769,0.0007321984257733846,0.0,0.01928122521203246,0.018732076392702423,0.7897370187320764,0.0,0.0,0.0,0.0,0.0,0.0,0.0,0.0,0.0005491488193300384,0.0,0.0,0.0,0.00042711574836780766,0.0,0.0,0.0,0.0,0.0,0.042833607907743,0.0,0.0,0.0,0.0,0.0,0.0,0.0,0.0,0.0,0.0,0.0,0.0,0.0,0.0,0.0,0.0,0.0,0.0,0.0,0.0,0.0,0.0,0.0,0.0,0.0,6.101653548111538e-05,0.002562694490206846,0.0,0.0,0.0,0.0,0.0,0.0,0.0,0.0,0.0,0.0,0.0,0.0,0.0,0.0,0.0,0.0,0.0,0.0,0.0,0.0,0.0,0.0,0.0,0.0,0.00018304960644334616,0.0,0.0,0.0,0.0,0.0,0.0,0.0,0.0,0.0,0.0,0.0,0.0,0.0,0.0,0.0,0.0,0.0,0.0,0.0,0.0,0.0,0.0,0.0,0.0,0.0,0.005918603941668192,0.0,0.0,0.0,0.0,0.0,0.0,0.0,0.0,0.0,0.0,0.0,0.0,0.0,0.0,0.0,0.0,0.0,0.0,0.0,0.0,0.0,0.0,0.0,0.0,0.0,0.0,0.0,0.0,0.0,0.0,0.0,0.0,0.0,0.0,0.0,0.035999755933858076,0.0,6.101653548111538e-05,0.0,0.0,0.0,0.0,0.0,0.0,0.0,0.0,0.0,0.0,0.0,0.0,0.0,0.0,0.0,0.0,0.0,0.0,0.0,0.0,0.0,0.0,0.0,0.0,0.0,0.0,0.0,0.0,0.0,0.0,0.0,0.0,0.0,0.0,0.0,0.0,0.0,0.0,0.0,0.0,0.0,0.0,0.0,0.0,0.0,0.0,0.0,0.0,0.0,0.0,0.0,0.0,0.0,0.0,0.0,0.0,0.0,0.0,0.0,0.0,0.0,0.0,0.0,0.0,0.0,0.0,0.0,0.0,0.0,0.0,0.0,0.0,0.0,0.0,0.0,0.0,0.0,0.0,0.0,0.0,0.0,0.0,0.0,0.0,0.0,0.0,0.0,0.0,0.0,0.0,0.0,0.0,0.0,0.0,0.0,0.0,0.0,0.0,0.0,0.0,0.0,0.0,0.0,0.0,0.0,0.0,0.0,0.0003660992128866923,0.0,0.0,0.0,0.0,0.0,0.0,0.0,0.0,0.0,0.0,0.0,0.0,0.0,0.0,0.0,0.0,0.0,0.0,0.0,0.0,0.0,0.0,0.0,0.0,0.0,0.0,0.0,0.0,0.0,0.0,0.0,0.0,0.0,6.101653548111538e-05,0.0,0.0,0.022087985844163768,0.0,0.0,0.0,0.0,0.0,0.0,0.0,0.0,0.0,0.0,0.0,0.0,0.0,0.0,0.0,0.0,0.0,0.004515223625602538,0.0,0.0,0.00012203307096223076,0.007383000793214961,0.0,0.0,0.0,0.004027091341753615,0.0,0.044053938617365306,0.0,0.0,0.0,0.0,0.0,0.0,0.0
018 L2 IT PPP-APr Glut,0.0,0.0,0.00036310820624546115,0.0,0.0,0.0,0.0,0.0,0.0,0.0,0.0,0.0,0.0,0.0,0.0,0.0,0.0,0.0,0.2701525054466231,0.0,0.0,0.0,0.0,0.0,0.0,0.0,0.0,0.0,0.0,0.0,0.0,0.0,0.0,0.0,0.0,0.0,0.0,0.0,0.0,0.0,0.0,0.0,0.0,0.0,0.0,0.0,0.0,0.0,0.0,0.0,0.0,0.0,0.0,0.0,0.0,0.0,0.0,0.11946259985475671,0.0,0.0,0.0,0.0,0.0,0.0,0.0,0.0,0.0,0.0,0.0032679738562091504,0.0,0.0,0.0,0.0,0.0,0.0,0.0,0.0,0.0,0.0,0.0,0.0,0.0,0.0,0.0,0.0014524328249818446,0.0,0.0,0.0,0.0,0.0,0.0,0.0,0.0,0.0,0.0,0.0,0.0,0.0,0.0,0.0,0.0,0.0,0.0,0.0,0.0,0.0,0.0,0.0,0.0,0.0,0.0,0.0,0.0,0.0,0.0,0.0,0.0,0.0,0.0,0.0,0.0,0.0,0.0,0.0,0.0,0.0,0.0,0.0,0.0,0.0,0.0,0.0,0.0,0.0,0.0,0.0,0.0,0.0,0.0,0.0,0.0,0.0,0.0,0.0,0.0,0.0,0.0,0.0,0.0,0.0,0.0,0.0,0.0,0.0,0.0,0.0,0.0,0.0,0.0,0.0,0.0,0.0,0.0,0.0,0.0,0.0,0.00036310820624546115,0.0,0.0,0.0,0.0,0.0,0.0,0.0,0.0,0.0007262164124909223,0.0,0.0,0.0,0.0,0.0,0.0,0.0,0.0,0.0,0.0,0.0,0.0,0.0,0.0,0.0,0.0,0.0,0.0,0.0,0.0,0.0,0.0,0.0,0.0,0.3307915758896151,0.0,0.0,0.0,0.0,0.0,0.1328976034858388,0.0,0.0,0.0,0.0,0.0,0.0,0.0,0.0,0.0,0.0,0.0,0.0,0.0,0.0,0.0,0.0,0.0,0.0,0.0,0.0,0.0,0.00036310820624546115,0.0,0.0,0.0,0.0,0.0,0.0,0.0,0.0,0.0,0.0,0.0,0.00036310820624546115,0.027596223674655047,0.017429193899782137,0.0,0.0,0.0,0.0,0.0,0.0,0.0,0.0,0.0,0.0,0.0,0.0,0.0,0.0,0.0,0.0,0.0,0.0,0.0,0.0,0.0,0.0,0.0,0.0,0.0,0.0,0.0,0.0,0.0,0.0,0.0,0.0,0.0,0.00036310820624546115,0.00036310820624546115,0.0,0.0,0.0,0.0,0.04103122730573711,0.0,0.0,0.0,0.0,0.0,0.0,0.0,0.0,0.0,0.0,0.0,0.0,0.0,0.0,0.0,0.0,0.0,0.0,0.0,0.0,0.0,0.0,0.007625272331154684,0.0,0.0,0.0,0.0,0.0,0.0,0.0,0.00036310820624546115,0.023602033405954976,0.0,0.0,0.0,0.0,0.0,0.0,0.0,0.0,0.0,0.0,0.0,0.0,0.0,0.0,0.0,0.0,0.0,0.0,0.0,0.0,0.0,0.014161220043572984,0.0,0.0,0.0039941902687000725,0.0,0.0,0.0,0.0,0.0010893246187363835,0.0,0.002178649237472767,0.0,0.0,0.0,0.0,0.0,0.0,0.0
019 L2/3 IT PPP Glut,0.0,0.0,0.0,0.0,0.0,0.0,0.0,0.0,0.0,0.0,0.0,0.0,0.0,0.0,0.0,0.0,0.0,0.0,0.03355524174567951,0.0,0.0,0.0,0.0,0.0,0.0,0.0,0.0,0.0,0.0,0.0,0.0,0.0,0.0,0.0,0.0,0.0,0.00013448994687647098,0.0,0.0,0.0,0.0,0.0,0.0,0.0,0.0,0.0,0.0,0.0,0.0,0.0,0.0,0.0,0.0,0.0,0.0,0.0,0.0,0.08338376706341201,0.0,0.0,0.0,0.0,0.0,0.0,0.0,0.00026897989375294196,0.0,0.02091318673929124,0.1072557326339856,0.0,0.0,0.0,0.0,0.0,0.0,0.0,0.0,0.0,0.0,0.0,0.0,0.0,0.0,0.007733171945397081,0.0008069396812588259,0.0,0.0,0.0,0.0,0.0,0.0,0.0,0.0,0.0,0.0,0.0,0.0,0.0,0.0,0.0,0.0,0.0,0.0,0.0,0.0,0.0,0.0,0.0,0.0,0.0,0.0,0.0,0.0,0.0,0.0,0.0,0.0,0.0,0.0,0.0,0.0,0.0,0.0,0.0,0.0,0.0,0.0,0.0,0.0,0.0,0.0,0.0,0.0,0.0,0.0,0.0,0.0,0.0,0.0,0.0,0.0,0.0,0.0,0.0,0.0,0.0,0.0,0.0,0.0,0.0,0.0,0.0,0.0,0.0,0.0,0.0,0.0,0.0,0.0,0.0,0.0,0.0,0.0,0.0,0.0,0.0,0.0,0.0,0.0,0.0,0.0,0.0,0.0,0.0,0.0,0.20455920919911236,0.0,0.0,0.0,0.0,0.0,0.0,0.0,0.0,0.0,0.0004707148140676484,0.0,0.0,0.0,0.0,0.0,0.0,0.0,0.0,0.0,0.0,0.0,0.0,0.0,0.0,0.22345504673525654,0.0,0.0,0.0,0.0,0.0,0.216730549391433,0.0,0.0,0.0,0.0,0.0,0.0,0.0,0.0,0.0,0.0,0.0,0.0,0.0,0.0,0.0,0.0,0.0,0.0,0.0,0.0,0.0,0.006253782529755901,0.0,0.0,0.0,0.0,0.0,0.0,0.0,0.0,0.0,0.0,0.0,0.0,0.0,0.007665926971958846,0.0,0.0,0.0,0.0,0.0,0.0,0.0,0.0,0.0,0.0,0.0,0.0,0.0,0.0,0.0,0.0,0.0,0.0,0.0,0.0,0.0,0.0,0.0,0.0,0.0,0.0,0.0,0.0,0.0,0.0,0.0,0.0,0.0,0.0,0.0,0.0,0.0,0.0,0.0,0.04727321632707955,0.0,0.0,0.0,0.0,0.0,0.0,0.0,0.0,0.0,0.0,0.0,0.0,0.0,0.0,0.0,0.0,0.0,0.0,0.0,0.0,0.0,0.0,0.00013448994687647098,0.0,0.0,0.0,0.0,0.0,0.0,0.0,0.0,0.00685898729070002,0.0,0.010624705803241208,0.0,0.0,0.0,0.0,0.0,0.0,0.0,0.0,0.0,0.0,0.0,0.0,0.0,0.0,0.0,0.0,0.0,0.0,0.0,0.003967453432855894,0.0,0.0,0.0020173492031470646,0.0,0.0,0.0,0.0,6.724497343823549e-05,0.0,0.004908883060991191,0.0,0.0,0.0,0.0,0.010960930670432386,0.0,0.0
020 L2/3 IT RSP Glut,0.0,0.004323063199066768,0.014684690866671242,0.0,0.0,0.0,0.0,0.0,0.0,0.0,0.0,0.0,0.0,0.0,0.0,0.0,0.0,0.0,0.0002744802031153503,0.0,0.0,0.0,0.0,0.0,0.0,0.0,0.0,0.0,0.0,0.0,0.0,0.0,0.0,0.0,0.0,0.0,6.862005077883757e-05,0.0,0.0,0.0,0.0,0.0,0.0,0.0,0.0,0.0,0.0,0.0,0.0,0.0,0.0,0.0,0.0,0.0,0.0,0.0,0.0,0.0,0.0,0.0,0.0,0.0,0.0,0.0,0.0,0.0,0.0,0.0,0.00013724010155767515,0.0,0.0,0.0,0.0,0.0,0.0,0.0,0.0,0.0,0.0,0.0,0.0,0.0,0.0,0.0,0.0010293007616825637,0.0,0.0,0.0,0.0,0.0,0.0,0.0,0.0,0.0,0.0,0.0,0.0,0.0,0.0,0.0,0.0,0.0,0.0,0.0,0.0,0.0,0.0,0.0,0.0,0.0,0.0,0.0,0.0,0.0,0.0,0.0,0.0,0.0,0.0,0.0,0.0,0.0,0.0,0.0,0.0,0.0,0.0,0.0,0.0,0.0,0.0,0.0,0.0,0.0,0.0,0.0,0.0,0.0,0.0,0.0,0.0,0.0,0.0019899814725862896,0.0,0.0,0.0,0.0,0.0,0.0,0.0,0.0,0.0,0.0,0.0,0.0,0.0,0.0,0.0,0.0,0.0,0.0,0.0,0.0,0.0,0.0,0.0,0.0,0.0,0.0,0.0,0.0,0.0,0.0,0.0,0.0,6.862005077883757e-05,0.0,0.0,0.0,0.0,0.0,0.0,0.0,0.0,0.0,0.0,0.0,0.0,0.0,0.0,0.0,0.0,0.0,0.0,0.0,0.0,0.0,0.0,0.0,0.0,0.010018527413710286,0.0,0.0,0.0,0.0,0.0,0.0006175804570095382,0.0,0.0,0.0,0.0,0.0,0.0,0.0,0.0,0.0,0.0,0.0,0.0,0.0,0.0,0.0,0.0,0.0,0.0,0.0,0.0,0.0,0.0,0.0,0.0,0.0,0.0,0.0,0.0,0.0,0.0,0.0,0.0,0.0,0.01736087284704591,0.22191724421876072,0.7194126123653332,0.0,0.0,0.0,0.0,0.0,0.0,0.0,0.0,0.0,0.0,0.0,0.0,0.0,0.0,0.0,0.0,0.0,0.0,0.0,0.0,0.0,0.0,0.0,0.0,0.0,0.0,0.0,0.0,0.0,0.0,0.0,0.0,0.0,0.0,0.0,0.0,0.0,0.0,0.0,0.0052837439099704935,0.0,0.0,0.0,0.0,0.0,0.0,0.0,0.0,0.0,0.0,0.0,0.0,0.0,0.0,0.0,0.0,0.0,0.0,0.0,0.0,0.0,0.0,0.0,0.0,0.0,0.0,0.0,0.0,6.862005077883757e-05,0.0,0.0,0.00013724010155767515,0.0,0.0,0.0,0.0,0.0,0.0,0.0,0.0,0.0,0.0,0.0,0.0,0.0,0.0,0.0,0.0,0.0,0.0,0.0,0.0,0.0,0.0,0.0,0.0,0.002470321828038153,0.0,0.0,0.0,0.0,0.0,0.0,0.00013724010155767515,0.0,0.0,0.0,0.0,0.0,0.0,0.0
021 L4 RSP-ACA Glut,0.0,0.0,0.0031974420463629096,0.0,0.0,0.0,0.0,0.0,0.0,0.0,0.0,0.0,0.0,0.0,0.0,0.0,0.0,0.0,0.0,0.0,0.0,0.0,0.0,0.0,0.0,0.0,0.0,0.0,0.0,0.0,0.0,0.0,0.0,0.0,0.0,0.0,0.0007993605115907274,0.0,0.0,0.0,0.0,0.0,0.0,0.0,0.0,0.0,0.0,0.0,0.0,0.0,0.0,0.0,0.0,0.0,0.0,0.0,0.0,0.0003996802557953637,0.0,0.0,0.0,0.0,0.0,0.0,0.0,0.0,0.0,0.0,0.0,0.0,0.0,0.0,0.0,0.0,0.0,0.0,0.0,0.0,0.0,0.0,0.0,0.0,0.0,0.0,0.0007993605115907274,0.0,0.0,0.0,0.0,0.0,0.0,0.0,0.0,0.0,0.0,0.0,0.0,0.0,0.0,0.0,0.0,0.0,0.0,0.0,0.0,0.0,0.0,0.0,0.0,0.0,0.0,0.0,0.0,0.0,0.0,0.0,0.0,0.0,0.0,0.0,0.0,0.0,0.0,0.0,0.0,0.0,0.0,0.0,0.0,0.0,0.0,0.0,0.0,0.0,0.0,0.0,0.0,0.0,0.0,0.0,0.0,0.0,0.0,0.0,0.0,0.0,0.0,0.0,0.0,0.0,0.0,0.0,0.0,0.0,0.0,0.0,0.0,0.0,0.0,0.0,0.0,0.0,0.0,0.0,0.0,0.0,0.0,0.0,0.0,0.0,0.0,0.0,0.0,0.0,0.0,0.0,0.0,0.0,0.0,0.0,0.0,0.0,0.0,0.0,0.0,0.0,0.0,0.0,0.0,0.0,0.0,0.0,0.0,0.0,0.0,0.0,0.0,0.0,0.0,0.0,0.002797761790567546,0.0,0.0,0.0,0.0,0.0,0.0003996802557953637,0.0,0.0,0.0,0.0,0.0,0.0,0.0,0.0,0.0,0.0,0.0,0.0,0.0,0.0,0.0,0.0,0.0,0.0,0.0,0.0,0.0,0.001199040767386091,0.0,0.0,0.0,0.0,0.0,0.0,0.0,0.0,0.0,0.0,0.0,0.0007993605115907274,0.012390087929656275,0.9632294164668266,0.0,0.0,0.0,0.0,0.0,0.0,0.0,0.0,0.0,0.0,0.0,0.0,0.0,0.0,0.0,0.0,0.0,0.0,0.0,0.0,0.0,0.0,0.0,0.0,0.0,0.0,0.0,0.0,0.0,0.0003996802557953637,0.0,0.0,0.0,0.0003996802557953637,0.0,0.0,0.0,0.0,0.0,0.010391686650679457,0.0,0.0,0.0,0.0,0.0,0.0,0.0,0.0,0.0,0.0,0.0,0.0,0.0,0.0,0.0,0.0,0.0,0.0,0.0,0.0,0.0,0.0,0.0,0.0,0.0,0.0,0.0,0.0,0.0,0.0,0.0003996802557953637,0.0,0.0,0.0,0.0,0.0,0.0,0.0,0.0,0.0,0.0,0.0,0.0,0.0,0.0,0.0,0.0,0.0,0.0,0.0,0.0,0.0,0.0,0.0,0.0,0.0,0.002398081534772182,0.0,0.0,0.0,0.0,0.0,0.0,0.0,0.0,0.0,0.0,0.0,0.0,0.0,0.0
022 L5 ET CTX Glut,0.0,0.03651804670912951,0.060429936305732485,0.0,0.0,0.0,0.0,0.0,0.026937367303609343,0.005334394904458598,0.011279193205944798,0.0,0.0,0.0,0.0,0.00010615711252653928,0.0,0.0,0.008359872611464968,0.0,0.0,0.0,0.0,0.004803609341825902,0.012154989384288748,0.0043259023354564755,0.013800424628450107,0.0,0.0,0.0,0.0,0.0,0.0,7.961783439490445e-05,2.653927813163482e-05,0.0,0.00010615711252653928,0.0,0.0,0.0,0.0,0.0,0.0,0.0003980891719745223,0.0,0.0,0.0,0.0,0.0,2.653927813163482e-05,0.0,0.0,0.0,0.0,0.0,0.0,0.0,0.0,0.0,0.0,0.0,0.010774946921443736,0.0,0.0,0.0,0.010536093418259023,0.0,0.00018577494692144375,0.00010615711252653928,0.0,2.653927813163482e-05,0.0,0.0,0.0,0.0,0.0,0.0,0.0058651804670912955,0.0,0.0,0.0,0.0,0.009872611464968152,0.0,0.00047770700636942675,0.0,0.0,0.0,0.0,0.0,0.0,0.0,0.0,0.0,0.0,0.0,0.0,0.0,0.013880042462845011,0.0,0.0,0.0,0.0,0.0,0.0,0.0,0.0,0.0,0.0,2.653927813163482e-05,0.0,0.0,0.0,0.0,0.0,0.0,0.0,0.0,0.0,0.0,0.0,0.0,0.0,0.0,0.0,2.653927813163482e-05,0.0,0.0,0.0,0.0,0.0,0.0,0.0,0.0,0.0,0.0,0.0,0.0,0.0,0.0,0.0,0.08410297239915074,0.0951167728237792,0.0,0.0,0.0,0.0,0.0,0.0,0.0,0.0,0.0,0.0,0.0,0.0,0.0,0.0,0.0,0.0,0.0,0.0,0.0,0.0020169851380042463,0.0,0.0273619957537155,0.021231422505307854,0.023009554140127387,0.0,0.0,0.0,0.0,0.0,0.0,0.0,0.0,0.00010615711252653928,0.0,0.0,0.0,0.0,0.0,0.0,0.0,0.0,0.0,0.0005307855626326964,0.0,0.0,0.0,0.0,0.0,0.0,0.0,0.000583864118895966,0.02515923566878981,0.0,0.0,0.0,0.0,0.0,0.004246284501061571,0.0,0.0,0.0,0.0,0.0,0.0,0.0,0.0,0.0,0.0,0.0,0.0,0.0,0.0,0.0,0.0,0.0,0.0,0.0,0.0,0.0,0.0,0.0,0.0,0.0,0.0,0.0,0.00010615711252653928,0.0,0.0,0.0,0.0,0.0,0.0,0.0,0.0,0.0,0.0,0.0,0.024575371549893844,0.0333067940552017,0.04915074309978769,0.0,0.0,0.0,0.0,0.0,0.0,0.0,0.0,0.0,0.0,0.0,0.0,2.653927813163482e-05,0.0,0.0,0.0,0.0,0.0,0.0,0.0,0.0,0.0,0.0,0.0,0.0,0.0,0.0,0.0,0.0,0.03280254777070064,0.02566348195329087,0.02818471337579618,0.010748407643312101,0.008731422505307855,0.026353503184713377,0.007218683651804671,0.04124203821656051,0.0,0.0001592356687898089,0.0007696390658174098,0.0,0.0,0.0,0.0,0.02961783439490446,0.0,0.0,0.0,0.0,0.0,0.0,0.006369426751592357,0.0,0.0,0.0,0.0,0.0,0.0,0.0,0.0,0.0,0.0,0.0,0.0,0.010350318471337579,0.014782377919320595,0.0037154989384288748,0.010270700636942675,0.010589171974522292,0.005015923566878981,0.06717091295116773,0.00583864118895966,0.008625265392781316,0.008996815286624204,0.006687898089171975,2.653927813163482e-05,0.0,0.0,0.0,0.0,0.0,0.0,0.0,0.0,0.0,0.0,0.0,0.0,0.0,0.0,0.0,0.0,0.0,0.0,0.0,0.0,0.0028131634819532907,0.0,0.0,0.0,0.0,0.0,0.0,7.961783439490445e-05,0.0,0.0,2.653927813163482e-05,0.0,5.307855626326964e-05,0.0,0.0
023 SUB-ProS Glut,0.0,0.0,0.0,0.00012941633234114146,0.0,0.0,0.0,0.0,0.0,0.00012941633234114146,0.0,0.0,0.0,0.0,0.0,0.0003882489970234244,0.0,0.0,0.00012941633234114146,0.0,0.0,0.0,0.0,0.0,0.0,0.0,0.0,0.0,0.0,0.0,0.0,0.0,0.0,0.0012941633234114145,0.001423579655752556,0.0,0.33971787239549633,0.0,0.0,0.0,0.0,0.0,0.0,0.0,0.0,0.0,0.00012941633234114146,0.003364824640869678,0.0,0.0,0.0,0.0018118286527759803,0.0,0.0,0.0,0.0,0.0,0.012941633234114146,0.0,0.0,0.0,0.0,0.0,0.0,0.0,0.0002588326646822829,0.0,0.0020706613174582634,0.0009059143263879902,0.0002588326646822829,0.001423579655752556,0.0,0.0,0.00012941633234114146,0.0,0.0,0.0,0.0,0.0,0.0,0.0,0.0,0.0,0.021612527500970622,0.00012941633234114146,0.0,0.0,0.0,0.0,0.0,0.0,0.0,0.0,0.0,0.0,0.0,0.0,0.0,0.0,0.0,0.0,0.0,0.0,0.0,0.0,0.0,0.0,0.0,0.0,0.0,0.0,0.0,0.0,0.0,0.0,0.0,0.0,0.0,0.0,0.0,0.0,0.0,0.0,0.0,0.0,0.0,0.0,0.0,0.0,0.0,0.0,0.0,0.0,0.0,0.0,0.0,0.0,0.0,0.0,0.0,0.0,0.0,0.0,0.0,0.0,0.0,0.0,0.0,0.0,0.0,0.0,0.0,0.0,0.0,0.0,0.0,0.0,0.0,0.0,0.0,0.0,0.0,0.0,0.0,0.0,0.0,0.0,0.0,0.0,0.0,0.0,0.03390707907337906,0.0,0.0,0.0,0.0,0.0,0.0,0.0,0.0,0.0,0.0,0.0,0.0,0.0,0.0,0.0,0.0,0.0,0.0,0.0,0.0,0.0,0.0003882489970234244,0.0,0.0,0.0,0.0,0.0,0.0,0.002588326646822829,0.0,0.0,0.0,0.0,0.0,0.014753461886890126,0.0,0.0,0.0,0.0,0.0,0.0,0.0,0.0,0.0,0.0,0.0,0.0,0.0,0.0,0.0,0.0,0.0,0.0,0.0,0.0,0.0,0.31629351624174973,0.0,0.0,0.0,0.0,0.0,0.0,0.0,0.0,0.0,0.0,0.0,0.0,0.0,0.00012941633234114146,0.0,0.0,0.0,0.0,0.0,0.0,0.0,0.0,0.0,0.0,0.0,0.0,0.0,0.0,0.0,0.0,0.0,0.0,0.0,0.0,0.0,0.0,0.0,0.0,0.0,0.0,0.0,0.0,0.0,0.0,0.0,0.0,0.0,0.0,0.0,0.0,0.0,0.0,0.00012941633234114146,0.1995599844700401,0.0,0.0,0.0,0.0,0.0,0.0,0.0,0.0,0.0027177429791639704,0.0,0.0,0.00012941633234114146,0.0,0.0,0.0,0.0,0.0,0.0,0.0,0.0,0.0,0.0,0.0,0.0,0.0,0.0,0.0,0.0,0.0,0.0,0.0,0.0,0.0,0.0,0.0,0.0,0.0,0.0,0.0,0.0,0.0,0.0,0.0,0.0,0.0,0.0,0.0,0.0,0.0,0.0,0.0,0.0,0.0,0.0038824899702342435,0.0,0.0,0.018377119192442087,0.0,0.0,0.0,0.0,0.0,0.0,0.01889478452180665,0.0,0.0,0.0,0.0,0.0,0.0,0.0
024 L5 PPP Glut,0.0,0.0,0.0,0.0,0.0,0.0,0.0,0.0,0.0,0.0,0.0,0.0,0.0,0.0,0.0,0.0,0.0,0.0,0.0,0.0,0.0,0.0,0.0,0.0,0.0,0.0,0.0,0.0,0.0,0.0,0.0,0.0,0.0,0.0,0.0,0.0,0.0,0.0,0.0,0.0,0.0,0.0,0.0,0.0,0.0,0.0,0.0,0.0,0.0,0.0,0.0,0.0,0.0,0.0,0.0,0.0,0.0,0.025210084033613446,0.0,0.0,0.0,0.0,0.0,0.0,0.0,0.0,0.0,0.0,0.01680672268907563,0.0,0.0,0.0,0.0,0.0,0.0,0.0,0.0,0.0,0.0,0.0,0.0,0.0,0.0,0.0,0.008403361344537815,0.0,0.0,0.0,0.0,0.0,0.0,0.0,0.0,0.0,0.0,0.0,0.0,0.0,0.0,0.0,0.0,0.0,0.0,0.0,0.0,0.0,0.0,0.0,0.0,0.0,0.0,0.0,0.0,0.0,0.0,0.0,0.0,0.0,0.0,0.0,0.0,0.0,0.0,0.0,0.0,0.0,0.0,0.0,0.0,0.0,0.0,0.0,0.0,0.0,0.0,0.0,0.0,0.0,0.0,0.0,0.0,0.0,0.0,0.0,0.0,0.0,0.0,0.0,0.0,0.0,0.0,0.0,0.0,0.0,0.0,0.0,0.0,0.0,0.0,0.0,0.0,0.0,0.0,0.0,0.0,0.0,0.0,0.0,0.0,0.0,0.0,0.0,0.0,0.0,0.0,0.0021008403361344537,0.0,0.0,0.0,0.0,0.0,0.0,0.0,0.0,0.0,0.0,0.0,0.0,0.0,0.0,0.0,0.0,0.0,0.0,0.0,0.0,0.0,0.0,0.0,0.0,0.5462184873949579,0.0,0.0,0.0,0.0,0.0,0.22478991596638656,0.0,0.0,0.0,0.0,0.0,0.0,0.0,0.0,0.0,0.0,0.0,0.0,0.0,0.0,0.0,0.0,0.0,0.0,0.0,0.0,0.0,0.01680672268907563,0.0,0.0,0.0,0.0,0.0,0.0,0.0,0.0,0.0,0.0,0.0,0.0,0.0,0.02100840336134454,0.0,0.0,0.0,0.0,0.0,0.0,0.0,0.0,0.0,0.0,0.0,0.0,0.0,0.0,0.0,0.0,0.0,0.0,0.0,0.0,0.0,0.0,0.0,0.0,0.0,0.0,0.0,0.0,0.0,0.0,0.0,0.0,0.0,0.0,0.0,0.0,0.0,0.0,0.0,0.11554621848739496,0.0,0.0,0.0,0.0,0.0,0.0,0.0,0.0,0.0,0.0,0.0,0.0,0.0,0.0,0.0,0.0,0.0,0.0,0.0,0.0,0.0,0.0,0.0,0.0,0.0,0.0,0.0,0.0,0.0,0.0,0.0,0.0,0.0,0.0,0.0,0.0,0.0,0.0,0.0,0.0,0.0,0.0,0.0,0.0,0.0,0.0,0.0,0.0,0.0,0.0,0.0,0.0,0.0,0.0,0.0,0.0,0.008403361344537815,0.0,0.0,0.0,0.0,0.0,0.0,0.014705882352941176,0.0,0.0,0.0,0.0,0.0,0.0,0.0
025 CA2-FC-IG Glut,0.0,0.0,0.0005376344086021505,0.0,0.0,0.0,0.0,0.0,0.0,0.0,0.0,0.0,0.0,0.0,0.0,0.0,0.0,0.0,0.0,0.0,0.0,0.0,0.0,0.0,0.0,0.0,0.0,0.0,0.0,0.0,0.0,0.0,0.0,0.0,0.0,0.0,0.31827956989247314,0.11236559139784946,0.278494623655914,0.0,0.0,0.0,0.0,0.0,0.0,0.0,0.0,0.0,0.0,0.0,0.0,0.0,0.0,0.0,0.0,0.0,0.0,0.0,0.0,0.0,0.0,0.0,0.0,0.0,0.0,0.0,0.0,0.0,0.0,0.0,0.0,0.0,0.0,0.09408602150537634,0.0,0.0,0.0,0.0,0.0,0.0,0.0,0.0,0.0,0.0,0.0,0.0,0.0,0.0,0.0,0.0,0.0,0.0,0.0,0.032795698924731186,0.0,0.0,0.0,0.0,0.0,0.0,0.0,0.0,0.0,0.0,0.0,0.0,0.0,0.0,0.0,0.0005376344086021505,0.0,0.0,0.0,0.0,0.0,0.0,0.0,0.0,0.0,0.0,0.0,0.0,0.0,0.0,0.0,0.0,0.0,0.0,0.0,0.0,0.0,0.0,0.0,0.0,0.0,0.0,0.0,0.0,0.0,0.0,0.0,0.0,0.0,0.0,0.0,0.0,0.0,0.0,0.0,0.0,0.0,0.0,0.0,0.0,0.0,0.0,0.0,0.0,0.0,0.0,0.0,0.0,0.0,0.0,0.0,0.0,0.0,0.0,0.0,0.0,0.0,0.0,0.0,0.0,0.0,0.0,0.0,0.0,0.0,0.0,0.0,0.0,0.0,0.0,0.0,0.0,0.0,0.0,0.0,0.0,0.0,0.0,0.0,0.0,0.0,0.0,0.0,0.0,0.0,0.0,0.0,0.0,0.0,0.0,0.0,0.0,0.0,0.0,0.0,0.0,0.0,0.0,0.0,0.0,0.0,0.0,0.0,0.0,0.0,0.0,0.0,0.0,0.0,0.0,0.0,0.0,0.0,0.0,0.0,0.0,0.0,0.0,0.0,0.0,0.0,0.0,0.0,0.0,0.0,0.0,0.0,0.0,0.0005376344086021505,0.0,0.0,0.0,0.0,0.0,0.0,0.0,0.0,0.0,0.0,0.0,0.0,0.001075268817204301,0.0,0.0,0.0,0.0,0.0,0.0,0.0,0.0,0.0,0.0,0.0,0.0,0.0,0.0,0.0,0.0,0.0,0.0,0.0,0.0005376344086021505,0.0,0.0,0.0,0.0,0.0,0.002688172043010753,0.004301075268817204,0.0,0.0,0.0,0.0,0.0,0.0,0.0,0.0,0.0,0.0,0.0,0.0,0.0,0.0,0.0,0.002150537634408602,0.0,0.0,0.0,0.0,0.0,0.0,0.0,0.0,0.0,0.0,0.0,0.0,0.0,0.0,0.0,0.0,0.0,0.0,0.0,0.0,0.0,0.0,0.0,0.0,0.0,0.0,0.0,0.0,0.0,0.0,0.0,0.0,0.0,0.0,0.0,0.0,0.0,0.01935483870967742,0.0,0.0,0.12419354838709677,0.003763440860215054,0.0,0.0,0.0,0.0,0.0,0.004301075268817204,0.0,0.0,0.0,0.0,0.0,0.0,0.0
026 NLOT Rho Glut,0.11475409836065574,0.0,0.0,0.0,0.0,0.0,0.0,0.0,0.0,0.0,0.0,0.0,0.0,0.0,0.0,0.0,0.0,0.0,0.0,0.0,0.0,0.0,0.0,0.0,0.0,0.0,0.0,0.0,0.0,0.0,0.0,0.0,0.0,0.004098360655737705,0.10655737704918032,0.0,0.0,0.0,0.0,0.0,0.00819672131147541,0.0,0.0,0.0,0.0,0.0,0.018442622950819672,0.0020491803278688526,0.0,0.0,0.0,0.0,0.0,0.0,0.0,0.0,0.0,0.0,0.0,0.0,0.0,0.0,0.0,0.0,0.0,0.0,0.0,0.0,0.0,0.0,0.0,0.0,0.0,0.0,0.0,0.0,0.0,0.0,0.0,0.0,0.0,0.0,0.0,0.0,0.0,0.0,0.0,0.0,0.0,0.0,0.0,0.0,0.0,0.0,0.0,0.0,0.0,0.0,0.0,0.0,0.0,0.0,0.0,0.0,0.0,0.0,0.0,0.0,0.0,0.0,0.0,0.0,0.0,0.0,0.0,0.0,0.0,0.0,0.0,0.0,0.0,0.0,0.0,0.0,0.0,0.0,0.0,0.0,0.0,0.0,0.0,0.0,0.0,0.0,0.0,0.004098360655737705,0.0,0.0,0.0,0.0,0.0,0.0,0.0,0.0,0.0,0.0,0.0,0.0,0.0,0.0,0.0,0.0,0.0,0.0,0.0,0.6352459016393442,0.0,0.0,0.0,0.0,0.0,0.0,0.0430327868852459,0.0,0.0,0.0,0.0,0.0,0.0,0.0,0.0,0.0,0.0,0.0,0.0,0.0,0.0,0.0,0.0,0.0,0.0,0.0,0.0,0.0,0.0,0.0,0.0,0.0,0.0,0.0,0.0,0.0,0.0,0.0,0.0,0.0,0.0,0.0,0.0,0.0,0.0,0.0,0.0,0.0,0.0,0.0,0.0,0.0,0.0,0.0,0.0,0.0,0.0,0.0,0.0,0.0,0.0,0.0,0.0,0.0,0.0,0.0,0.0,0.0,0.0,0.0,0.0,0.0,0.0,0.0,0.0,0.0,0.0,0.0,0.0,0.0,0.0,0.0,0.0,0.0,0.0,0.0,0.0,0.0,0.0,0.0,0.0,0.0,0.0,0.0,0.0,0.0,0.0,0.0,0.0,0.0,0.0,0.0,0.0,0.0,0.0,0.0,0.0,0.0,0.0,0.0,0.0,0.0,0.0,0.0,0.0,0.0,0.0,0.0,0.0,0.0,0.0,0.0,0.0,0.0,0.0,0.0389344262295082,0.0,0.0,0.0,0.0,0.0,0.0,0.0,0.0,0.0,0.0,0.0,0.0,0.0,0.0,0.0,0.0,0.0,0.0,0.0,0.0,0.0,0.0,0.0,0.0,0.0,0.0,0.0,0.0,0.0,0.0,0.0,0.0,0.0,0.0,0.0,0.0,0.0,0.0,0.0,0.0,0.0,0.0,0.0,0.0,0.0,0.0,0.0,0.0,0.0,0.0,0.0,0.0,0.0,0.0,0.0020491803278688526,0.0,0.0,0.0,0.0,0.0,0.0,0.0,0.0,0.0,0.020491803278688523,0.0,0.0,0.0,0.0,0.0020491803278688526,0.0,0.0
027 L6b EPd Glut,0.0,0.0,0.00028401022436807724,0.0019880715705765406,0.0,0.0,0.0,0.0,0.004828173814257313,0.06532235160465777,0.011644419199091167,0.0,0.0,0.0,0.0,0.04856574836694121,0.0,0.0,0.0,0.0,0.0,0.0,0.0,0.0,0.0,0.0,0.0005680204487361545,0.0,0.0,0.0,0.0,0.0,0.0,0.0,0.0,0.0,0.0005680204487361545,0.0,0.0,0.0,0.0,0.0,0.0,0.11417211019596706,0.0,0.0,0.00028401022436807724,0.0,0.0,0.005396194262993468,0.0,0.02272081794944618,0.0,0.0,0.0,0.0,0.0,0.0,0.0,0.0,0.0,0.004544163589889236,0.0,0.0,0.0,0.007952286282306162,0.0,0.00937233740414655,0.0,0.43879579664867935,0.008804316955410394,0.0,0.0,0.0,0.0,0.0,0.0,0.0,0.0,0.0,0.0,0.0,0.0028401022436807723,0.0,0.00028401022436807724,0.0,0.0,0.0,0.0,0.0,0.0,0.0,0.0,0.0,0.0,0.0,0.0,0.0,0.0005680204487361545,0.0,0.0,0.0,0.0,0.0,0.0,0.0,0.0,0.011076398750355012,0.0,0.0014200511218403862,0.0,0.0,0.0,0.0,0.0,0.0,0.0,0.0,0.0,0.0,0.0,0.0,0.0,0.0,0.0,0.0,0.0,0.0,0.0,0.0,0.0,0.0,0.0,0.0,0.0,0.0,0.0,0.0,0.0,0.0,0.0005680204487361545,0.0,0.00028401022436807724,0.0,0.0,0.0,0.0,0.0,0.0,0.0,0.0,0.0,0.0,0.0,0.0,0.0,0.0,0.0,0.0,0.0,0.0,0.0,0.11190002840102244,0.0,0.0,0.001136040897472309,0.001136040897472309,0.0,0.0,0.0,0.0,0.0,0.0,0.0,0.0,0.0,0.0,0.0,0.0,0.0,0.0,0.0,0.0,0.0,0.0,0.001136040897472309,0.0,0.0,0.0,0.0,0.0,0.0,0.0,0.013064470320931554,0.0,0.0,0.0,0.0,0.0,0.0,0.0,0.0,0.0,0.0,0.0,0.0,0.0,0.0,0.0,0.0,0.0,0.0,0.0,0.0,0.0,0.0,0.0,0.0,0.0,0.0,0.0,0.0,0.0,0.0,0.0,0.0,0.0,0.0,0.0,0.0,0.0,0.0,0.0,0.0,0.0,0.0,0.0,0.0,0.0,0.0,0.0,0.0,0.0,0.0,0.0,0.0,0.0,0.0,0.0,0.0,0.0,0.0,0.0,0.0,0.0,0.0,0.0,0.0,0.0,0.0,0.0,0.0,0.0,0.0,0.0,0.0,0.0,0.0,0.0,0.0,0.0,0.0,0.0,0.0,0.0,0.0,0.0,0.0,0.0,0.0031241124680488497,0.0,0.003692132916785004,0.00028401022436807724,0.0,0.0,0.0,0.0,0.0008520306731042318,0.0,0.0,0.0,0.0008520306731042318,0.0,0.0,0.0025560920193126954,0.0,0.0,0.0,0.0,0.0,0.0,0.0,0.0,0.0,0.0,0.0,0.0,0.019880715705765408,0.0,0.0,0.0,0.0,0.0,0.0,0.0,0.0,0.0,0.0,0.0014200511218403862,0.0,0.0,0.0,0.0,0.0,0.0,0.0,0.0,0.0,0.0,0.0,0.0,0.0,0.0,0.0,0.0,0.0,0.0,0.0,0.0,0.051973871059358134,0.0,0.0,0.0,0.0,0.0,0.0,0.02385685884691849,0.0,0.0,0.00028401022436807724,0.0,0.0,0.0,0.0
028 L6b/CT ENT Glut,0.0,0.00019751135690302193,0.0015800908552241755,0.0,0.0,0.0,0.0,0.0,0.0011850681414181316,0.002765158996642307,0.0006583711896767397,0.0,0.0,0.0,0.0,0.0019092764500625453,0.0,0.0,0.0017117650931595234,0.0,0.0,0.0,0.0,0.00013167423793534794,0.00013167423793534794,0.0,0.0010533939034827835,0.0,0.0,0.0,0.0,0.0,0.0,0.00019751135690302193,0.0,0.0,0.004674435446704852,0.0,0.0,0.0,0.0,0.0,0.0,0.002370136282836263,0.0,0.0,0.0,0.0016459279741918493,0.0,0.0005266969517413918,0.0,0.0010533939034827835,0.0,0.0,0.0,0.0,0.0,0.0,0.0,0.0,0.0,0.0010533939034827835,0.0,0.0,0.0,0.022121271973138457,0.0,0.33083152281256173,0.2750016459279742,0.012574889722825729,0.0016459279741918493,0.0,0.0,0.0,0.0,0.0,0.0,0.0,0.0,0.0,0.0,0.0,0.0009217196655474356,0.0005925340707090658,0.02896833234577655,0.0,0.0,0.0,0.0,0.0,0.0,0.0,0.0,0.0,0.0,0.0,0.0,0.0,0.0002633484758706959,0.0,0.0,0.0,0.0,0.0,0.0,0.0,0.0,0.00039502271380604387,0.0,0.0,0.0,0.0,0.0,0.0,0.0,0.0,0.0,0.0,0.0,0.0,0.0,0.0,0.0,0.0,0.0,0.0,0.0,0.0,0.0,0.0,0.0,0.0,0.0,0.0,0.0,0.0,0.0,0.0,0.0,0.0,6.583711896767397e-05,0.00039502271380604387,0.0,0.0,0.0,0.0,0.0,0.0,0.0,0.0,0.0,0.0,0.0,0.0,0.0,0.0,0.0,0.0,0.0,0.0,0.0,0.0,0.00513529527947857,0.0,6.583711896767397e-05,0.00013167423793534794,0.0002633484758706959,0.0,0.0,0.0,0.0,0.009743893607215748,6.583711896767397e-05,0.0,0.0,0.0013825794983211535,0.0,0.0,0.0,0.0,0.0,0.0,0.0,0.0,0.0,0.007044571729541115,0.0,0.0,0.0,0.0,0.0,0.0,0.0,0.0013825794983211535,0.0,0.0,0.0,0.0,0.0,0.0,0.011653170057278294,0.0,0.0,0.0,0.0,0.0,0.006583711896767397,0.0,0.0,0.0,0.0,0.0,0.0,0.0,0.0,0.0,0.0,0.0,0.0,0.0,0.0,0.0,0.0,0.0,0.0,0.0,0.0,0.0,0.013562446507340838,0.0,0.0,0.0,0.0,0.0,0.0,0.0,0.0,0.0,0.0,0.0,0.0005925340707090658,0.0005266969517413918,0.0028968332345776547,0.0,0.0,0.0,0.0,0.0,0.0,0.0,0.0,0.0,0.0,0.0,0.0,0.0,0.0,0.0,0.0,0.0,0.0,0.0,0.0,0.0,0.0,0.0,0.0,0.0,0.0,0.0,0.0,0.0,0.0,0.0,6.583711896767397e-05,0.0,0.0,0.0,0.0,0.0006583711896767397,0.0,0.00019751135690302193,0.10514187899137534,0.0,0.0,0.0,0.0,0.006583711896767397,0.0,0.0,0.0,0.0192244387385608,0.0,0.0,0.0006583711896767397,0.0,0.0,0.0,0.0,0.0,0.0,0.0,0.0,0.0,0.0,0.0,0.0,0.0018434393310948712,0.0,0.0,0.0,0.00039502271380604387,0.00019751135690302193,0.0034893673052867205,0.0038185529001250906,0.00013167423793534794,0.015340048719468036,0.0,0.00039502271380604387,0.0,0.0,0.0,0.0,0.0,0.0,0.0,0.0,0.0,0.0,0.0,0.0,0.0,0.0,0.0,0.0,0.0,0.00013167423793534794,0.0,0.0,0.05899005859503588,0.0,0.0,0.0,0.0,0.0,0.0,0.020936203831720325,0.0,0.0,0.004147738494963461,0.0,0.0,0.0,0.0
029 L6b CTX Glut,0.0,0.02904492435616122,0.030142048735419796,0.00011548677676406051,0.0,0.0,0.0,0.0,0.008372791315394387,0.0070446933826076915,0.0021365053701351195,0.0,0.0,0.0,0.0,0.00912345536436078,0.0,0.0,5.774338838203026e-05,0.0,0.0,0.0,0.0,0.008084074373484237,0.008141817761866267,0.001790045039842938,0.010682526850675597,0.0,0.0,0.0,0.0,0.0,0.0,0.0,0.0,0.0,0.00011548677676406051,0.0,0.0,0.0,0.0,0.0,0.0,0.003984293798360088,0.0,0.0,0.0,0.0,0.0,0.0046194710705624205,0.0,0.0012126111560226355,0.0,0.0,0.0,0.0,0.0,0.00017323016514609078,0.0,0.0,0.0,0.006582746275551449,0.0,0.0,0.0,0.009874119413327173,0.0,0.0027716826423374525,0.0016745582630788775,0.0023674789236632406,0.0,0.0,0.0,0.0,0.0,0.0,0.0,0.00023097355352812103,0.0,0.0,0.0,0.0,0.01368518304654117,0.0,0.00444624090541633,0.0,0.0,0.0,0.0,0.0,0.0,0.0,0.0,5.774338838203026e-05,0.0,0.0,0.0,0.0,0.0061785425568772374,0.0,0.0,0.0,0.0,0.0,0.0,0.0,0.0,0.0016745582630788775,0.0,0.0,0.0,0.0,0.0,0.0,0.0,0.0,0.0,0.0,0.0,0.0,0.0,0.0,0.0,0.0,0.0,0.0,0.0,0.0,0.0,0.0,0.0,0.0,0.0,0.0,0.0,0.0,0.0,0.0,0.0,0.0,0.00023097355352812103,0.09227393463448436,0.06195865573391847,0.0,0.0,0.0,0.0,0.0,0.0,0.0,0.0,0.0,0.0,0.0,0.0,0.0,0.0,0.0,0.0,0.0,0.0,0.0,0.01778496362166532,0.0,0.002713939253955422,0.002713939253955422,0.0021365053701351195,0.0,0.0,0.0,0.0,0.0,0.0,0.0,0.0,0.0,0.0,0.0,0.0,0.0,0.0,0.0,0.0,0.0,0.0,0.001097124379258575,0.0,0.0,0.0,0.0,0.0,0.0,0.0,0.001559071486314817,0.01795819378681141,0.0,0.0,0.0,0.0,0.0,0.0031758863610116643,0.0,0.0,0.0,0.0,0.0,0.0,0.0,0.0,0.0,0.0,0.0,0.0,0.0,0.0,0.0,0.0,0.0,0.0,0.0,0.0,0.0,0.0,0.0,0.0,0.0,0.0,0.0,0.0004042037186742118,0.0,0.0,0.0,0.0,0.0,0.0,0.0,0.0,0.0,0.0,0.0,0.00889248181083266,0.007102436770989722,0.005947569003349117,0.0,0.0,0.0,0.0,0.0,0.0,0.0,0.0,0.0,0.0,0.0,0.0,0.0,0.0,0.0,0.0,0.0,0.0,0.0,0.0,0.0,0.0,0.0,0.0,0.0,0.0,0.0,0.0,0.0,0.026446471878969858,0.016052661970204413,0.045559533433421874,0.01333872271624899,0.0034068599145397854,0.0181314239519575,0.006929206605843631,0.0707933941563691,0.0,0.0036955768564499365,0.004734957847326481,0.0,0.0,0.0,0.0,0.015475228086384109,0.0,0.0,0.0,0.0,0.0,0.0,0.008430534703776417,0.0,0.0,0.0,0.0,0.0,0.0,0.0,0.0,0.0,0.0,0.0,0.0,0.01842014089386765,0.005023674789236632,0.0005774338838203026,0.005081418177618663,0.005543365284674905,0.001559071486314817,0.024425453285598798,0.0004042037186742118,0.0032913731377757246,0.003637833468067906,0.0010393809908765446,0.0,0.0,0.0,0.0,0.0,0.0,0.0,0.0,0.0,0.0,0.0,0.0,0.0,0.0,0.0,0.0,0.0,0.0,0.0,0.0,0.0,0.06952303961196443,0.0,0.0,0.0,0.0,0.0,0.0,0.043134311121376605,0.0,0.0,0.1848943295992609,0.0,0.00011548677676406051,0.0,0.0
030 L6 CT CTX Glut,0.0,0.032207928393535944,0.03430518884706852,0.0,0.0,0.0,0.0,0.0,0.02137520364024493,0.002050446604123364,0.004765649869857499,0.0,0.0,0.0,0.0,0.00042132464468288297,0.0,0.0,0.00014044154822762765,0.0,0.0,0.0,0.0,0.00837967904424845,0.014137782521581184,0.004615845551748029,0.012761455348950434,0.0,0.0,0.0,0.0,0.0,0.0,9.362769881841844e-06,0.0,0.0,0.00013107877834578582,0.0,0.00019661816751867872,0.0,0.0,0.0,0.0,0.001863191206486527,0.0,0.0,9.362769881841844e-06,0.0,0.0,0.004128981517892253,0.0,4.681384940920922e-05,0.0,0.0,0.0,0.0,0.0,7.490215905473475e-05,0.0,0.0,0.0,0.00335187161769938,0.0,0.0,0.0,0.007874089470628991,0.0,0.0003838735651555156,0.00020598093740052057,9.362769881841845e-05,0.0,0.0,0.0,2.808830964552553e-05,0.0,0.0,0.0,0.004531580622811453,0.0,0.0,0.0,0.0,0.011029342920809692,0.0,0.0002527947868097298,0.0,0.0,0.0,0.0,0.0,0.0,0.0,0.0,0.0,0.0,0.0,0.0,0.0,0.010579929966481284,0.0,0.0,0.0,0.0,0.0,0.0,0.0,0.0,3.7451079527367376e-05,0.0,4.681384940920922e-05,0.0,0.0,0.0,0.0,0.0,0.0,0.0,0.0,0.0,0.0,0.0,0.0,0.0,0.0,0.0,7.490215905473475e-05,0.0,0.0,0.0,0.0,0.0,0.0,0.0,0.0,0.0,0.0,0.0,0.0,0.0,0.0,7.490215905473475e-05,0.09187686085051401,0.08309458270134637,0.0,0.0,0.0,0.0,0.0,0.0,0.0,0.0,0.0,0.0,0.0,0.0,0.0,0.0,0.0,0.0,0.0,0.0,0.0,0.005430406531468269,0.0,0.021618635657172817,0.016852985787315318,0.01248993502237702,0.0,0.0,0.0,0.0,9.362769881841844e-06,0.0,0.0,0.0,1.8725539763683688e-05,0.0,0.0,0.0,0.0,0.0,0.0,0.0,0.0,0.0,0.00032769694586446454,0.0,0.0,0.0,0.0,0.0,0.0,0.0,2.808830964552553e-05,0.027348650824860026,0.0,0.0,0.0,0.0,0.0,0.0020785349137688895,0.0,0.0,0.0,0.0,0.0,5.617661929105106e-05,0.0,0.0,0.0,0.0,0.0,0.0,0.0,0.0,0.0,0.0,0.0,0.0,0.0,0.0,0.0,0.0,0.0,0.0,0.0,0.0,0.0,0.00020598093740052057,0.0,0.0,0.0,0.0,0.0,0.0,0.0,0.0,0.0,0.0,0.0,0.01644102391251428,0.021946332603037282,0.025298204220736663,0.0,0.0,0.0,0.0,0.0,0.0,0.0,0.0,0.0,0.0,0.0,0.0,1.8725539763683688e-05,0.0,0.0,0.0,0.0,0.0,0.0,0.0,0.0,0.0,0.0,0.0,0.0,0.0,0.0,0.0,0.0,0.06172874183098328,0.023491189633541187,0.06448139617624478,0.028968410014418664,0.006404134599179822,0.03451116978446904,0.01111360784974627,0.06805797427110837,0.0,0.0011609834653483887,0.0008426492893657659,0.0,0.0,0.0,0.0,0.02248937325618411,0.0,0.0,0.0,1.8725539763683688e-05,0.0,0.0,0.0018257401269591595,0.0,0.0,0.0,0.0,0.0,0.0,0.0,0.0,0.0,0.0,0.0,0.0,0.00944703481077842,0.014128419751699343,0.004278785836001723,0.010476939497781024,0.013828811115480403,0.004325599685410932,0.07027695073310489,0.001554219800385746,0.006357320749770612,0.00664756661610771,0.006179428122015617,0.0,0.0,0.0,0.0,0.0,0.0,0.0,0.0,0.0,0.0,0.0,0.0,0.0,0.0,0.0,0.0,0.0,0.0,0.0,0.0,0.0,0.010158605321798402,0.0,0.0,0.0,0.0,0.0,0.0,0.003951088890137258,0.0,0.0,0.007892815010392674,0.0,7.490215905473475e-05,0.0,0.0
031 CT SUB Glut,0.0,0.0,0.0015822784810126582,0.0,0.0,0.0,0.0,0.0,0.00039556962025316455,0.0,0.00039556962025316455,0.0,0.0,0.0,0.0,0.0,0.0,0.0,0.0,0.0,0.0,0.0,0.0,0.0,0.0,0.0,0.0,0.0,0.0,0.0,0.0,0.0,0.0,0.001977848101265823,0.00039556962025316455,0.0,0.045490506329113924,0.0,0.0,0.0,0.0,0.0,0.0,0.0,0.0,0.0,0.0,0.00039556962025316455,0.0,0.0,0.0,0.003955696202531646,0.0,0.0,0.0,0.0,0.0,0.0007911392405063291,0.0,0.0,0.0,0.0,0.0,0.0,0.0,0.001977848101265823,0.0,0.005537974683544304,0.006724683544303798,0.0,0.001977848101265823,0.0,0.0,0.0,0.0,0.0,0.0,0.0,0.0,0.0,0.0,0.0,0.0,0.0015822784810126582,0.01305379746835443,0.0,0.0,0.0,0.0,0.0,0.0,0.0,0.0,0.0,0.0,0.0,0.0,0.0,0.0,0.0,0.0,0.0,0.0,0.0,0.0,0.0,0.0,0.0,0.0,0.0,0.0,0.0,0.0,0.0,0.0,0.0,0.0,0.0,0.0,0.0,0.0,0.0,0.0,0.0,0.0,0.0,0.0,0.0,0.0,0.0,0.0,0.0,0.0,0.0,0.0,0.0,0.0,0.0,0.0,0.0,0.0,0.00039556962025316455,0.0,0.0,0.0,0.0,0.0,0.0,0.0,0.0,0.0,0.0,0.0,0.0,0.0,0.0,0.0,0.0,0.0,0.0,0.0,0.0,0.0,0.0,0.0,0.0,0.0,0.0,0.0,0.0,0.0,0.020965189873417722,0.0,0.0,0.0,0.0,0.0,0.0,0.0,0.0,0.0,0.0,0.0,0.0,0.0,0.0,0.0,0.0,0.0,0.0,0.0,0.0,0.0,0.0,0.0,0.0,0.0,0.0,0.0,0.0,0.20174050632911392,0.0,0.0,0.0,0.0,0.0,0.11748417721518987,0.0,0.0,0.0,0.0,0.0,0.0,0.0,0.0,0.0,0.0,0.0,0.0,0.0,0.0,0.0,0.0,0.0,0.0,0.0,0.0,0.0,0.14042721518987342,0.0,0.0,0.0,0.0,0.0,0.0,0.0,0.0,0.0,0.0,0.0,0.0,0.0,0.008306962025316455,0.0,0.0,0.0,0.0,0.0,0.0,0.0,0.0,0.0,0.0,0.0,0.0,0.0,0.0,0.0,0.0,0.0,0.0,0.0,0.0,0.0,0.0,0.0,0.0,0.0,0.0,0.0,0.0,0.0,0.0,0.0,0.0,0.0,0.0,0.0,0.0,0.0,0.0,0.0,0.3516613924050633,0.0,0.0,0.0,0.0,0.0007911392405063291,0.0,0.0,0.0,0.018591772151898733,0.0,0.0,0.0,0.0,0.0,0.0,0.0,0.0,0.0,0.0,0.0,0.0,0.0,0.0,0.0,0.0007911392405063291,0.0,0.0,0.0,0.0,0.0,0.0,0.00039556962025316455,0.0,0.0015822784810126582,0.0,0.0,0.0,0.0,0.0,0.0,0.0,0.0,0.0,0.0,0.0,0.0,0.0,0.0,0.0,0.0,0.0,0.0,0.0,0.0011867088607594937,0.0,0.0,0.02531645569620253,0.0,0.0,0.0,0.0,0.0,0.0,0.024129746835443038,0.0,0.0,0.0,0.0,0.0,0.0,0.0
032 L5 NP CTX Glut,0.0,0.042517787468441585,0.05020656414964425,0.0,0.0,0.0,0.0,0.0,0.023754877209088823,0.004418177645168694,0.010959375717236632,0.0,0.0,0.0,0.0,0.00011475786091347258,0.0,0.0,0.002409915079182924,0.0,0.0,0.0,0.0,0.0051641037411062655,0.011016754647693368,0.0032705990360339682,0.012164333256828093,0.0,0.0,0.0,0.0,0.0,0.0,0.0,0.0,0.0,0.0005737893045673629,0.0,0.0,0.0,0.0,0.0,0.0,0.0005737893045673629,0.0,0.0,0.0,0.0,0.0,0.0,0.0,0.0,0.0,0.0,0.0,0.0,0.0,0.0,0.0,0.0,0.0,0.006655955932981409,0.0,0.0,0.0,0.007057608446178564,0.0,0.00017213679137020887,0.0,0.0,0.0,0.0,0.0,0.0,0.0,0.0,0.0,0.008721597429423916,0.0,0.0,0.0,0.0,0.012795501491852192,0.0,0.00022951572182694515,0.0,0.0,0.0,0.0,0.0,0.0,0.0,0.0,0.0,0.0,0.0,0.0,0.0,0.011820059674087675,0.0,0.0,0.0,0.0,0.0,0.0,0.0,0.0,0.0,0.0,5.737893045673629e-05,0.0,0.0,0.0,0.0,0.0,0.0,0.0,0.0,0.0,0.0,0.0,0.0,0.0,0.0,0.0,0.00017213679137020887,0.0,0.0,0.0,0.0,0.0,0.0,0.0,0.0,0.0,0.0,0.0,0.0,0.0,0.0,0.0,0.0759123249942621,0.10947899931145283,0.0,0.0,0.0,0.0,0.0,0.0,0.0,0.0,0.0,0.0,0.0,0.0,0.0,0.0,0.0,0.0,0.0,0.0,0.0,0.002639430801009869,0.0,0.02966490704613266,0.018016984163415194,0.019508836355290337,0.0,0.0,0.0,0.0,0.0,0.0,0.0,0.0,0.0,0.0,0.0,0.0,0.0,0.0,0.0,0.0,0.0,0.0,0.00034427358274041774,0.0,0.0,0.0,0.0,0.0,0.0,0.0,0.00028689465228368144,0.031960064264402115,0.0,0.0,0.0,0.0,0.0,0.0022951572182694515,0.0,0.0,0.0,0.0,0.0,5.737893045673629e-05,0.0,0.0,0.0,0.0,0.0,0.0,0.0,0.0,0.0,0.0,0.0,0.0,0.0,0.0,0.0,0.0,0.0,0.0,0.0,0.0,0.0,0.00017213679137020887,0.0,0.0,0.0,0.0,0.0,0.0,0.0,0.0,0.0,0.0,0.0,0.020885930686252007,0.033796190039017675,0.08268303878815698,0.0,0.0,0.0,0.0,0.0,0.0,0.0,0.0,0.0,0.0,0.0,0.0,5.737893045673629e-05,0.0,0.0,0.0,0.0,0.0,0.0,0.0,0.0,0.0,0.0,0.0,0.0,0.0,0.0,0.0,0.0,0.041140693137479915,0.02473031902685334,0.033337158595363785,0.012795501491852192,0.009352765664448015,0.024386045444112922,0.007057608446178564,0.05118200596740877,0.0,0.0009754418177645169,0.0014918521918751435,0.0,0.0,0.0,0.0,0.020771172825338535,0.0,0.0,0.0,0.0,0.0,0.0,0.0076887766812026625,0.0,0.0,0.0,0.0,0.0,0.0,0.0,0.0,0.0,0.0,0.0,0.0,0.009926554969015377,0.015320174431948589,0.0030984622446637595,0.009754418177645168,0.009180628873077806,0.0037296304796878587,0.048140922653201745,0.0025820518705531328,0.0053936194629332105,0.005967408767500574,0.0049345880192793205,0.0,0.0,0.0,0.0,0.0,0.0,0.0,0.0,0.0,0.0,0.0,0.0,0.0,0.0,0.0,0.0,0.0,0.0,0.0,0.0,0.0,0.00401652513197154,0.0,0.0,0.0,0.0,0.0,0.0,0.0004590314436538903,0.0,0.0,0.0,0.0,0.0,0.0,0.0
033 NP SUB Glut,0.0,0.0,0.002982646420824295,0.0,0.0,0.0,0.0,0.0,0.0,0.0,0.0005422993492407809,0.0,0.0,0.0,0.0,0.0,0.0,0.0,0.0,0.0,0.0,0.0,0.0,0.0,0.0,0.0,0.00027114967462039046,0.0,0.0,0.0,0.0,0.0,0.0,0.004338394793926247,0.0021691973969631237,0.0,0.18004338394793926,0.0,0.0,0.0,0.0,0.0,0.0,0.0,0.0,0.0,0.0,0.00027114967462039046,0.0,0.0,0.0,0.0021691973969631237,0.0,0.0,0.0,0.0,0.0,0.0027114967462039045,0.0,0.0,0.0,0.0010845986984815619,0.0,0.0,0.0,0.00027114967462039046,0.0,0.008676789587852495,0.0008134490238611713,0.00027114967462039046,0.004067245119305857,0.0,0.0,0.0008134490238611713,0.0,0.0,0.0,0.0,0.0,0.0,0.0,0.0,0.0,0.002440347071583514,0.00027114967462039046,0.0,0.0,0.0,0.0,0.0,0.0,0.0,0.0,0.0,0.0,0.0,0.0,0.0,0.00027114967462039046,0.0,0.0,0.0,0.0,0.0,0.0,0.0,0.0,0.0,0.0,0.0,0.0,0.0,0.0,0.0,0.0,0.0,0.0,0.0,0.0,0.0,0.0,0.0,0.0,0.0,0.0,0.00027114967462039046,0.0,0.0,0.0,0.0,0.0,0.0,0.0,0.0,0.0,0.0,0.0,0.0,0.0,0.0,0.0,0.0,0.0,0.0,0.0,0.0,0.0,0.0,0.0,0.0,0.0,0.0,0.0,0.0,0.0,0.0,0.0,0.0,0.0,0.0,0.0,0.0,0.0,0.0,0.0,0.0005422993492407809,0.0,0.0,0.0,0.0,0.0,0.02386117136659436,0.0,0.0,0.0,0.0,0.0,0.0,0.0,0.0,0.0,0.0,0.0,0.0,0.0,0.0,0.0,0.0,0.0,0.0,0.0,0.0,0.0,0.0,0.0008134490238611713,0.0,0.0,0.0,0.0,0.0,0.011117136659436009,0.0,0.0,0.0,0.0,0.0,0.032809110629067245,0.0,0.0,0.0,0.0,0.0,0.0,0.0,0.0,0.0,0.0,0.0,0.0,0.0,0.0,0.0,0.0,0.0,0.0,0.0,0.0,0.0,0.20037960954446854,0.0,0.0,0.0,0.0,0.0,0.0,0.0,0.0,0.0,0.0,0.0,0.0,0.00027114967462039046,0.007592190889370932,0.0,0.0,0.0,0.0,0.0,0.0,0.0,0.0,0.0,0.0,0.0,0.0,0.0,0.0,0.0,0.0,0.0,0.0,0.0,0.0,0.0,0.0,0.0,0.0,0.0,0.0,0.0,0.0,0.0,0.0,0.0,0.0,0.0,0.0,0.0,0.0,0.0,0.0,0.0,0.43519522776572667,0.0,0.0,0.0,0.0,0.0,0.0,0.0,0.0,0.007321041214750542,0.0,0.0,0.0021691973969631237,0.0,0.0,0.0,0.0,0.0,0.0,0.0,0.0,0.0,0.0,0.0,0.0,0.00027114967462039046,0.0,0.0,0.0,0.0,0.0,0.0,0.0,0.0,0.0,0.0,0.0,0.0,0.0,0.0,0.0,0.0,0.0,0.0,0.0,0.0,0.0,0.0,0.0,0.0,0.0,0.0,0.0,0.0,0.003796095444685466,0.0,0.0,0.03253796095444685,0.0,0.0,0.0,0.0,0.0,0.0,0.026572668112798264,0.0,0.0,0.0,0.0,0.0,0.0,0.0
034 NP PPP Glut,0.0,0.0,0.0,0.0,0.0,0.0,0.0,0.0,0.0,0.0,0.0,0.0,0.0,0.0,0.0,0.0,0.0,0.0,0.006747638326585695,0.0,0.0,0.0,0.0,0.0,0.0,0.0,0.0,0.0,0.0,0.0,0.0,0.0,0.0,0.0,0.0,0.0,0.0,0.0,0.0,0.0,0.0,0.0,0.0,0.0,0.0,0.0,0.0,0.0,0.0,0.0,0.0,0.0,0.0,0.0,0.0,0.0,0.0,0.005398110661268556,0.0,0.0,0.0,0.0,0.0,0.0,0.0,0.0,0.0,0.002699055330634278,0.15384615384615385,0.0,0.0,0.0,0.0,0.0,0.0,0.0,0.0,0.0,0.0,0.0,0.0,0.0,0.0,0.0,0.002699055330634278,0.0,0.0,0.0,0.0,0.0,0.0,0.0,0.0,0.0,0.0,0.0,0.0,0.0,0.0,0.0,0.0,0.0,0.0,0.0,0.0,0.0,0.0,0.0,0.0,0.0,0.0,0.0,0.0,0.0,0.0,0.0,0.0,0.0,0.0,0.0,0.0,0.0,0.0,0.0,0.0,0.0,0.0,0.0,0.0,0.0,0.0,0.0,0.0,0.0,0.0,0.0,0.0,0.0,0.0,0.0,0.0,0.0,0.0,0.0,0.0,0.0,0.0,0.0,0.0,0.0,0.0,0.0,0.0,0.0,0.0,0.0,0.0,0.0,0.0,0.0,0.0,0.0,0.0,0.0,0.0,0.0,0.0,0.0,0.0,0.0,0.0,0.0,0.0,0.0,0.0,0.012145748987854251,0.0,0.0,0.0,0.0,0.0,0.0,0.0,0.0,0.0,0.0,0.0,0.0,0.0,0.0,0.0,0.0,0.0,0.0,0.0,0.0,0.0,0.0,0.0,0.0,0.4318488529014845,0.0,0.0,0.0,0.0,0.0,0.2253711201079622,0.0,0.0,0.0,0.0,0.0,0.0,0.0,0.0,0.0,0.0,0.0,0.0,0.0,0.0,0.0,0.0,0.0,0.0,0.0,0.0,0.0,0.001349527665317139,0.0,0.0,0.0,0.0,0.0,0.0,0.0,0.0,0.0,0.0,0.0,0.0,0.0,0.02699055330634278,0.0,0.0,0.0,0.0,0.0,0.0,0.0,0.0,0.0,0.0,0.0,0.0,0.0,0.0,0.0,0.0,0.0,0.0,0.0,0.0,0.0,0.0,0.0,0.0,0.0,0.0,0.0,0.0,0.0,0.0,0.0,0.0,0.0,0.0,0.0,0.0,0.0,0.0,0.0,0.10121457489878542,0.0,0.0,0.0,0.0,0.0,0.0,0.0,0.0,0.0,0.0,0.0,0.0,0.0,0.0,0.0,0.0,0.0,0.0,0.0,0.0,0.0,0.0,0.0,0.0,0.0,0.0,0.0,0.0,0.0,0.0,0.0,0.001349527665317139,0.0,0.0,0.0,0.0,0.0,0.0,0.0,0.0,0.0,0.0,0.0,0.0,0.0,0.0,0.0,0.0,0.0,0.0,0.0,0.0,0.0,0.0,0.0,0.0,0.004048582995951417,0.0,0.0,0.0,0.0,0.0,0.0,0.022941970310391364,0.0,0.0,0.0,0.0,0.001349527665317139,0.0,0.0
035 OB Eomes Ms4a15 Glut,0.0,0.0,0.0,0.0,0.0,0.0,0.0,0.0,0.0,0.00038590172369436584,0.0,0.0,0.0,0.0,0.026112683303318753,0.0045021867764342685,0.0,0.0,0.0,0.0,0.0,0.0,0.0,0.0,0.0,0.0,0.0,0.0,0.0,0.0,0.0,0.0,0.0,0.0,0.0,0.0,0.0,0.0,0.0,0.0,0.0,0.0,0.0,0.0,0.0,0.0,0.0009004373552868536,0.0009004373552868536,0.0,0.00012863390789812196,0.0,0.0,0.0,0.0,0.0,0.0,0.0,0.0,0.0,0.0,0.0,0.0,0.0,0.0,0.0,0.00012863390789812196,0.0,0.0006431695394906097,0.0,0.0,0.0,0.0,0.0,0.0,0.0,0.0,0.0,0.0,0.0,0.0,0.0,0.0,0.0,0.0,0.0,0.0,0.0,0.0,0.0,0.0,0.0,0.0,0.0,0.0,0.0,0.0,0.0,0.0002572678157962439,0.0,0.0,0.0,0.0,0.0,0.0,0.0,0.0,0.0,0.17198353485978904,0.0,0.0,0.0,0.0,0.0,0.0,0.0,0.0,0.0,0.0,0.0,0.0,0.0,0.0,0.0,0.0,0.0,0.0,0.0,0.0,0.0,0.0,0.0,0.0,0.0,0.0,0.0,0.0005145356315924878,0.0,0.0,0.0,0.0,0.6458708515564703,0.0,0.0,0.0,0.0,0.0,0.0,0.0,0.0,0.0,0.0,0.0,0.0,0.0,0.0,0.0,0.0,0.0,0.0,0.0,0.0,0.0,0.1301775147928994,0.0,0.0,0.0015436068947774634,0.0018008747105737071,0.00038590172369436584,0.0,0.0,0.0,0.0,0.0002572678157962439,0.0,0.0,0.0,0.0,0.0,0.0,0.0,0.0,0.0,0.0,0.0,0.0,0.0,0.0,0.0,0.0,0.0,0.0,0.0,0.0,0.0045021867764342685,0.0,0.0,0.0,0.0,0.0,0.0,0.0,0.0,0.0,0.0,0.0,0.0,0.0,0.0,0.0,0.0,0.0,0.0,0.0,0.0,0.0,0.0,0.0,0.0,0.0,0.0,0.0,0.0,0.0,0.0,0.0,0.0,0.0,0.0,0.0,0.00012863390789812196,0.0,0.0,0.0,0.0,0.0,0.0,0.0,0.0,0.0,0.0,0.0,0.00012863390789812196,0.0,0.0,0.0,0.0,0.0,0.0,0.00012863390789812196,0.0,0.0,0.0,0.0,0.0,0.0,0.0,0.0,0.0,0.0,0.0,0.0,0.0,0.0,0.0,0.0,0.0,0.0,0.0,0.0,0.0,0.0,0.0,0.0,0.0,0.0,0.0,0.00012863390789812196,0.0,0.0,0.0,0.0,0.0,0.0,0.0,0.0,0.0,0.0,0.00012863390789812196,0.0,0.0,0.0,0.0005145356315924878,0.0,0.0,0.0012863390789812194,0.0,0.0,0.0,0.0,0.0,0.0,0.0,0.0,0.0,0.0,0.0,0.0,0.0,0.0,0.0,0.0,0.0,0.0,0.0,0.00012863390789812196,0.0,0.0,0.0,0.0,0.0,0.0,0.0,0.0,0.0,0.0,0.0,0.0,0.0,0.0,0.0,0.0,0.0,0.0,0.0,0.0,0.0,0.0,0.0,0.0,0.0,0.0,0.0,0.0,0.0,0.0,0.0,0.0,0.0,0.0,0.0,0.0,0.006431695394906097,0.0,0.0
036 HPF CR Glut,0.0005149330587023687,0.004634397528321318,0.004634397528321318,0.0005149330587023687,0.0,0.0,0.0,0.0,0.0,0.0010298661174047373,0.0,0.0,0.0,0.0,0.0,0.001544799176107106,0.0,0.0005149330587023687,0.0010298661174047373,0.0,0.0,0.0,0.0,0.0,0.0010298661174047373,0.0,0.0020597322348094747,0.0,0.0,0.0,0.0,0.0,0.0,0.0,0.0,0.0,0.09114315139031925,0.016992790937178166,0.09011328527291453,0.0,0.0,0.0,0.0,0.0,0.0,0.0,0.007723995880535531,0.026776519052523172,0.0,0.0,0.0,0.0,0.0,0.0,0.0,0.0,0.0,0.378475798146241,0.0,0.0,0.0,0.0,0.0,0.0,0.0,0.003089598352214212,0.0,0.016477857878475798,0.06282183316168898,0.0,0.0,0.0,0.0,0.0025746652935118436,0.0,0.0,0.0,0.0,0.0,0.0,0.0,0.0,0.0005149330587023687,0.03553038105046344,0.01184346035015448,0.0005149330587023687,0.0,0.0,0.0,0.0,0.0,0.0,0.0,0.0020597322348094747,0.0,0.0,0.0,0.007723995880535531,0.0005149330587023687,0.0,0.0,0.0,0.0,0.0,0.0,0.0,0.0,0.007723995880535531,0.0,0.0,0.0,0.0,0.0,0.0,0.0,0.0,0.0,0.0005149330587023687,0.0,0.0,0.0,0.0,0.0,0.0,0.0,0.0,0.0,0.0,0.0005149330587023687,0.0,0.0,0.0005149330587023687,0.0,0.0,0.0,0.02059732234809475,0.0,0.0,0.0010298661174047373,0.0,0.012873326467559218,0.001544799176107106,0.001544799176107106,0.0,0.0,0.0,0.0,0.0,0.0,0.0,0.0,0.0005149330587023687,0.003604531410916581,0.0,0.0,0.0,0.0,0.0,0.0,0.0,0.0,0.0,0.003089598352214212,0.0,0.0,0.001544799176107106,0.001544799176107106,0.003089598352214212,0.0,0.0,0.0,0.006179196704428424,0.0025746652935118436,0.0,0.0020597322348094747,0.010298661174047374,0.0,0.0,0.0,0.0,0.0,0.0,0.0,0.0,0.0,0.0,0.0,0.0,0.0,0.0,0.0,0.0,0.0,0.01132852729145211,0.001544799176107106,0.0,0.0,0.0,0.0,0.0,0.0025746652935118436,0.0,0.0,0.0,0.0,0.0,0.006179196704428424,0.0,0.0,0.0,0.0,0.0,0.0,0.0,0.0,0.0,0.0,0.0,0.0,0.0,0.0,0.0,0.0,0.0,0.0,0.0,0.0,0.0,0.007209062821833162,0.0,0.0,0.0,0.0,0.0,0.0,0.0,0.0,0.0,0.0,0.0,0.0020597322348094747,0.003604531410916581,0.006179196704428424,0.0,0.0,0.0,0.0,0.0,0.0,0.0,0.0,0.0,0.0,0.0,0.0,0.0,0.001544799176107106,0.0,0.0,0.0,0.0,0.0,0.0,0.0,0.0,0.0,0.0,0.0,0.0,0.0,0.0,0.0,0.0010298661174047373,0.0005149330587023687,0.0005149330587023687,0.0,0.0,0.0005149330587023687,0.0,0.0005149330587023687,0.0,0.0025746652935118436,0.004119464469618949,0.0,0.0,0.0,0.0,0.004119464469618949,0.0,0.0,0.0,0.006179196704428424,0.0,0.0,0.0025746652935118436,0.0,0.0,0.0,0.0025746652935118436,0.0,0.0,0.0,0.0,0.0,0.0,0.001544799176107106,0.0,0.0,0.0005149330587023687,0.0,0.0,0.0005149330587023687,0.0,0.001544799176107106,0.001544799176107106,0.0005149330587023687,0.001544799176107106,0.0005149330587023687,0.0,0.0,0.0,0.0,0.0,0.0,0.0,0.0,0.0,0.0,0.0,0.0,0.0,0.0,0.0,0.0,0.0,0.0,0.03604531410916581,0.0,0.0,0.0005149330587023687,0.001544799176107106,0.0,0.0,0.0,0.001544799176107106,0.0,0.0010298661174047373,0.001544799176107106,0.0,0.0,0.0,0.02832131822863028,0.0,0.0
037 DG Glut,0.0,0.0,0.0,0.0,0.0,0.0,0.0,0.0,0.0,0.0,0.0,0.0,0.0,0.0,0.0,0.0,0.0,0.0,0.0,0.0,0.0,0.0,0.0,0.0,0.0,0.0,0.0,0.0,0.0,0.0,0.0,0.0,0.0,0.0,0.0,0.0,0.004863983223626725,0.005242616648220423,0.28205277567425874,0.0,0.0,0.0,0.0,0.0,0.0,0.0,0.0,5.8251296091338034e-05,0.0,0.0,0.0,0.0,0.0,0.0,0.0,0.0,0.0,0.6890545814644375,0.0,0.0,0.0,0.0,0.0,0.0,0.0,0.0,0.0,0.0,0.0,0.0,0.0,0.0,0.0,0.0001747538882740141,0.0,0.0,0.0,0.0,0.0,0.0,0.0,0.0,0.0,0.0004660103687307043,0.002504805731927535,0.0,0.0,0.0,0.0,0.0,0.0,0.0,0.0,0.0,0.0,0.0,0.0,0.0,0.0,0.0,0.0,0.0,0.0,0.0,0.0,0.0,0.0,0.0,0.0,0.0,0.0,0.0,0.0,0.0,0.0,0.0,0.0,0.0,0.0,0.0,0.0,0.0,0.0,0.0,0.0,0.0,0.0,0.0,0.0,0.0,0.0,0.0,0.0,0.0,0.0,0.008708568765655036,0.0,0.0,0.0,0.0,0.0,0.0,0.0,0.0,0.0,0.0,0.0,0.0,0.0,0.0,0.0,0.0,0.0,0.0,0.0,0.0,0.0,0.0,0.0,0.0,0.0,0.0,0.0,0.0,0.0,0.0,0.0,0.0,0.0,0.0,0.0,0.0,0.0,0.0,0.0,0.0,0.0,0.0,0.0,0.0,0.0,0.0,0.0,0.0,0.0,0.0,0.0,0.0,0.0,0.0,0.0,0.0,0.0,0.0,0.0,0.0,0.0,0.0,0.0,0.0,0.0004660103687307043,0.0,0.0,0.0,0.0,0.0,0.0,0.0,0.0,0.0,0.0,0.0,0.0,0.0,0.0,0.0,0.0,0.0,0.0,0.0,0.0,0.0,0.0,0.0,0.0,0.0,0.0,0.0,0.0,0.0,0.0,0.0,0.0,0.0,0.0,0.0,0.0,0.0,0.0,0.0,0.0,0.0,8.737694413700704e-05,0.0,0.0,0.0,0.0,0.0,0.0,0.0,0.0,0.0,0.0,0.0,0.0,0.0,0.0,0.0,0.0,0.0,0.0,0.0,0.0,0.0,0.0,0.0,0.0,0.0,0.0,0.0,0.0,0.0,0.0,0.0,0.0,0.0,0.0,0.0,0.0,0.0,0.0,0.0,0.0007572668491873944,0.0,0.0,0.0,0.0,0.0,0.0,0.0,0.0,0.0,0.0,0.0,0.0,0.0,0.0,0.0,0.0,0.0,0.0,0.0,0.0,0.0,0.0,0.0,0.0,0.0,0.0,0.0,0.0,0.0,0.0,0.0,0.0,0.0,0.0,0.0,0.0,0.0,0.0,0.0,0.0,0.0,0.0,0.0,0.0,0.0,0.0,0.0,0.0,0.0,0.0,0.0,0.0,0.0,0.0008446437933244015,0.0,0.0,0.0,0.0,0.0,0.0,0.0,0.0012815285140094367,0.0,0.003436826469388944,0.0,0.0,0.0,0.0,0.0,0.0,0.0
038 DG-PIR Ex IMN,0.0,0.0,0.0,0.0,0.0,0.0,0.0,0.0,0.0,0.007281553398058253,0.0,0.0,0.0,0.0,0.0,0.0006067961165048543,0.0,0.0,0.0,0.0,0.0,0.0,0.0,0.0,0.0,0.0,0.0,0.0,0.0,0.0,0.0,0.0,0.0,0.0012135922330097086,0.0012135922330097086,0.0,0.00849514563106796,0.007281553398058253,0.20631067961165048,0.0,0.0,0.0,0.0,0.0018203883495145632,0.0,0.0,0.0,0.0,0.0,0.010922330097087379,0.0,0.006067961165048544,0.0,0.0,0.0,0.0,0.0,0.5103155339805825,0.0,0.0,0.0,0.0,0.0,0.0,0.0,0.0,0.0,0.0,0.0,0.010922330097087379,0.011529126213592233,0.0,0.0,0.0,0.0,0.0,0.0,0.0,0.0,0.0,0.0,0.0,0.0,0.0,0.0,0.0,0.0,0.0,0.0,0.0,0.0,0.0,0.0,0.0,0.0,0.0,0.0,0.0,0.0,0.0,0.0,0.0,0.0,0.0,0.0,0.0,0.0,0.0006067961165048543,0.0,0.006674757281553398,0.0,0.0,0.0,0.0,0.0,0.0,0.0,0.0,0.0,0.0,0.0,0.0,0.0,0.0,0.0,0.0,0.0006067961165048543,0.0,0.0,0.0,0.0,0.0,0.0,0.0,0.0,0.0006067961165048543,0.0,0.0,0.0,0.0,0.0,0.0,0.0,0.0,0.0,0.0,0.0,0.0,0.0,0.0,0.0,0.0,0.0,0.0,0.0,0.0,0.0,0.0,0.0,0.0,0.0,0.0,0.007281553398058253,0.0,0.0,0.0,0.0,0.0,0.0,0.0,0.0,0.0,0.0012135922330097086,0.0,0.0,0.0,0.0,0.0,0.0,0.0,0.0,0.0,0.0,0.0,0.0,0.0,0.0,0.0,0.0,0.0,0.0,0.0,0.0,0.050970873786407765,0.0,0.0,0.0,0.0,0.0,0.0,0.0,0.0,0.0,0.0,0.0,0.0,0.0,0.0,0.0,0.0,0.0,0.0,0.0,0.0,0.0,0.0,0.0,0.0,0.0,0.0,0.0,0.0,0.0,0.0,0.0,0.0,0.0,0.0,0.0024271844660194173,0.0,0.0,0.0,0.0,0.0,0.0,0.0,0.0,0.0,0.0,0.0,0.0,0.0,0.0,0.0,0.0,0.0,0.0,0.0,0.0,0.0,0.003033980582524272,0.0,0.0,0.0,0.0,0.0,0.0,0.0,0.0,0.0,0.0,0.0,0.0,0.0,0.0,0.0,0.0,0.0,0.0,0.0,0.0,0.0,0.0,0.0,0.0,0.0,0.0,0.0,0.0,0.0,0.0,0.0,0.003033980582524272,0.0,0.0,0.0,0.0,0.0,0.0,0.0,0.0,0.0006067961165048543,0.0,0.0,0.0,0.0,0.0,0.0,0.0,0.0,0.0,0.0,0.0,0.0,0.0,0.0,0.0,0.0,0.0,0.0,0.0,0.0,0.0,0.0,0.0,0.0,0.0,0.0,0.0054611650485436895,0.0,0.0,0.0,0.0,0.0,0.0,0.0,0.0,0.0,0.0,0.0,0.0,0.0,0.0,0.0,0.0,0.0,0.0,0.0,0.0,0.09526699029126214,0.0,0.0,0.0,0.0,0.0006067961165048543,0.0,0.0345873786407767,0.0,0.0,0.003033980582524272,0.0,0.0,0.0,0.0
039 OB Meis2 Thsd7b Gaba,0.0013605442176870747,0.0,0.0,0.0023323615160349854,0.0,0.0,0.0,0.0,0.0,0.0,0.0,0.0,0.0,0.0,0.027016520894071916,0.01652089407191448,0.0,0.0,0.0,0.0,0.0,0.0,0.0,0.00019436345966958212,0.001554907677356657,0.0,0.00038872691933916425,0.0,0.0,0.0,0.0,0.0,0.0,0.0,0.0,0.0,0.0,0.0,0.0,0.0,0.0,0.0,0.0,0.0,0.0,0.0,0.00038872691933916425,0.0,0.0,0.014771622934888241,0.0,0.0013605442176870747,0.0,0.0,0.0,0.0,0.0,0.0,0.0,0.0,0.0,0.0,0.0,0.0,0.0,0.0,0.0,0.00019436345966958212,0.0,0.001943634596695821,0.0025267249757045676,0.0,0.0,0.0,0.0,0.0,0.0,0.0,0.0,0.00038872691933916425,0.0,0.0,0.0,0.0,0.0,0.00019436345966958212,0.0,0.0,0.0,0.0,0.0,0.0,0.0,0.0,0.0,0.0,0.0,0.0,0.0,0.0,0.0,0.0,0.0,0.0,0.0,0.0,0.0,0.18289601554907678,0.0,0.00038872691933916425,0.0,0.0,0.0,0.0,0.0,0.0,0.0,0.0,0.0,0.0,0.0,0.0,0.0,0.0,0.0,0.00019436345966958212,0.0,0.0,0.00038872691933916425,0.0,0.0,0.0,0.0,0.0,0.0,0.0,0.0,0.0,0.0,0.0,0.5718172983479106,0.0,0.0,0.0,0.0,0.0,0.0,0.0,0.0,0.0,0.0,0.0,0.00038872691933916425,0.0,0.0,0.0,0.0,0.0,0.0,0.0,0.0,0.0,0.11700680272108843,0.0,0.00019436345966958212,0.0013605442176870747,0.0007774538386783285,0.0009718172983479105,0.0,0.0,0.0,0.0,0.00038872691933916425,0.0,0.0005830903790087463,0.0,0.0,0.0,0.0,0.0,0.0,0.0,0.0,0.0,0.0,0.0,0.0,0.0,0.0,0.0,0.0,0.0,0.0,0.02565597667638484,0.0,0.0,0.0,0.0,0.0,0.0,0.0,0.0,0.0,0.0,0.0,0.0,0.0,0.0,0.0,0.0,0.0,0.0,0.0,0.0,0.0,0.0,0.0,0.0,0.0,0.0,0.0,0.0,0.0,0.0,0.0,0.0,0.0,0.0,0.0,0.0,0.0,0.0,0.0,0.0,0.0,0.0,0.0,0.0,0.0,0.0,0.0,0.0,0.0,0.0,0.0,0.0,0.0,0.0,0.0,0.0,0.0,0.0,0.0,0.0,0.0,0.0,0.001554907677356657,0.0,0.0,0.0,0.0,0.0,0.0,0.0,0.0,0.0,0.0,0.0,0.0,0.0,0.0,0.0,0.0,0.0,0.0,0.0,0.0,0.0,0.0,0.0,0.0,0.003498542274052478,0.0,0.0,0.0,0.0,0.0,0.0,0.00019436345966958212,0.0,0.0,0.0,0.0,0.0,0.007968901846452867,0.0,0.0,0.0,0.0,0.0,0.0,0.0,0.0,0.0,0.0,0.0,0.0,0.0,0.0,0.0,0.0,0.0,0.0,0.0,0.0,0.0,0.0,0.0,0.0005830903790087463,0.0,0.0,0.0,0.0,0.0,0.0,0.0,0.0,0.0,0.0,0.0,0.0,0.0,0.0,0.0,0.0,0.0,0.0,0.0,0.0,0.0005830903790087463,0.0,0.0009718172983479105,0.0,0.0,0.0,0.00019436345966958212,0.00038872691933916425,0.0,0.0,0.00019436345966958212,0.0,0.009718172983479106,0.0,0.0
040 OB Trdn Gaba,0.0,0.0,0.0,0.0003624501631025734,0.0,0.0,0.0,0.0,0.0,0.0,0.0,0.0,0.0,0.0,0.0,0.007249003262051468,0.0,0.0,0.0,0.0,0.0,0.0,0.0,0.0,0.0,0.0,0.0,0.0,0.0,0.0,0.0,0.0,0.0,0.0,0.0,0.0,0.0,0.0,0.0,0.0,0.0,0.0,0.0,0.0,0.0,0.0,0.0,0.0,0.0,0.0003624501631025734,0.0,0.0,0.0,0.0,0.0,0.0,0.0,0.0,0.0,0.0,0.0,0.0,0.0,0.0,0.0,0.0,0.0,0.0,0.0,0.0,0.0,0.0,0.0,0.0,0.0,0.0,0.0,0.0,0.0,0.0,0.0,0.0,0.0,0.0,0.0,0.0,0.0,0.0,0.0,0.0,0.0,0.0,0.0,0.0,0.0,0.0,0.0,0.0,0.0,0.0,0.0,0.0,0.0,0.0,0.0,0.0,0.0,0.001812250815512867,0.0,0.0,0.0,0.0,0.0,0.0,0.0,0.0,0.0,0.0,0.0,0.0,0.0,0.0,0.0,0.0,0.0,0.0,0.0,0.0,0.0,0.0,0.0,0.0,0.0,0.0,0.0,0.0,0.0,0.0,0.0,0.0,0.896339253352664,0.0,0.0,0.0,0.0,0.0,0.0,0.0,0.0,0.0,0.0,0.0,0.0,0.0,0.0,0.0,0.0,0.0,0.0,0.0,0.0,0.0,0.09206234142805364,0.0,0.0,0.0,0.0,0.0,0.0,0.0,0.0,0.0,0.0,0.0,0.0,0.0,0.0,0.0,0.0,0.0,0.0,0.0,0.0,0.0,0.0,0.0,0.0,0.0,0.0,0.0,0.0,0.0,0.0,0.0,0.0,0.0,0.0,0.0,0.0,0.0,0.0,0.0,0.0,0.0,0.0,0.0,0.0,0.0,0.0,0.0,0.0,0.0,0.0,0.0,0.0,0.0,0.0,0.0,0.0,0.0,0.0,0.0,0.0,0.0,0.0,0.0,0.0,0.0,0.0,0.0,0.0,0.0,0.0,0.0,0.0,0.0,0.0,0.0,0.0,0.0,0.0,0.0,0.0,0.0,0.0,0.0,0.0,0.0,0.0,0.0,0.0,0.0,0.0,0.0,0.0,0.0,0.0,0.0,0.0,0.0,0.0,0.0,0.0,0.0,0.0,0.0,0.0,0.0,0.0,0.0,0.0,0.0,0.0,0.0,0.0,0.0,0.0,0.0,0.0,0.0,0.0,0.0010873504893077202,0.0,0.0,0.0,0.0,0.0,0.0,0.0,0.0,0.0,0.0,0.0,0.0,0.0007249003262051468,0.0,0.0,0.0,0.0,0.0,0.0,0.0,0.0,0.0,0.0,0.0,0.0,0.0,0.0,0.0,0.0,0.0,0.0,0.0,0.0,0.0,0.0,0.0,0.0,0.0,0.0,0.0,0.0,0.0,0.0,0.0,0.0,0.0,0.0,0.0,0.0,0.0,0.0,0.0,0.0,0.0,0.0,0.0,0.0,0.0,0.0,0.0,0.0,0.0,0.0,0.0,0.0,0.0,0.0,0.0,0.0,0.0,0.0,0.0
041 OB-in Frmd7 Gaba,0.0,9.782821365681862e-05,0.0,0.0005869692819409117,0.0,0.0,0.0,0.0,0.0,2.4457053414204656e-05,0.0,0.0,0.0,0.0,0.0013206808843670515,0.004573468988456271,0.0,0.0,0.0,0.0,0.0,0.0,0.0,0.0,2.4457053414204656e-05,0.0,2.4457053414204656e-05,0.0,0.0,0.0,0.0,0.0,0.0,0.0,0.0,0.0,0.0,0.0,0.0,0.0,0.0,0.0,0.0,0.0,0.0,0.0,0.0,0.0,0.0,0.002347877127763647,0.0,2.4457053414204656e-05,0.0,0.0,0.0,0.0,0.0,0.0,0.0,0.0,0.0,0.0,0.0,0.0,0.0,2.4457053414204656e-05,0.0,0.0,0.0,0.0,4.891410682840931e-05,0.0,0.0,0.0,0.0,0.0,0.0,0.0,0.0,2.4457053414204656e-05,0.0,0.0,0.0,0.0,0.0,0.0,0.0,0.0,0.0,0.0,0.0,0.0,0.0,0.0,0.0,0.0,0.0,0.0,0.0,0.0,0.0,0.0,0.0,0.0,0.0,0.0,0.0,0.005722950498923889,0.0,0.00019565642731363725,0.0,0.0,0.0,0.0,0.0,0.0,0.0,0.0,0.0,0.0,0.0,0.0,0.0,0.0,0.0,7.337116024261396e-05,0.00022011348072784192,0.0,0.0,0.0,0.0,0.0,0.0,0.0,0.0,2.4457053414204656e-05,0.0,0.0,0.0,0.0,0.8708667579729994,4.891410682840931e-05,7.337116024261396e-05,0.0,0.0,0.0,0.0,0.0,0.0,0.0,0.0,0.0,0.0,0.0,0.0,0.0,0.0,0.0,0.0,0.0,0.0,0.0,0.10927411465466641,0.0,0.0,7.337116024261396e-05,0.0001711993738994326,0.0,0.0,0.0,0.0,0.0,0.0,0.0,0.0,0.0,0.0,0.0,0.0,0.0,0.0,0.0,0.0,0.0,0.0,2.4457053414204656e-05,0.0,0.0,0.0,0.0,0.0,0.0,0.0,0.0001711993738994326,2.4457053414204656e-05,0.0,0.0,0.0,0.0,0.0,0.0,0.0,0.0,0.0,0.0,0.0,0.0,0.0,0.0,0.0,0.0,0.0,0.0,0.0,0.0,0.0,0.0,0.0,0.0,0.0,0.0,0.0,0.0,0.0,0.0,0.0,0.0,0.0,0.0,0.0,0.0,0.0,0.0,0.0,0.0,0.0,0.0,0.0,0.0,0.0,0.0,0.0,2.4457053414204656e-05,0.0,0.0,0.0,0.0,0.0,0.0,0.0,2.4457053414204656e-05,0.0,0.0,0.0,0.0,0.0,2.4457053414204656e-05,0.0,0.0,0.0,0.0,0.0,0.0,0.0,0.0,0.0,0.0,0.0,0.0,0.0,0.0,0.0,0.0,0.0,0.0,0.0,0.0,0.0,0.0,0.0,0.0,0.00036685580121306987,2.4457053414204656e-05,0.0,0.0,0.0,0.0,4.891410682840931e-05,0.0,0.0,0.0,0.0,0.0,0.0,0.001565251418509098,0.0,0.0,0.0,0.0,0.0,0.0,0.0,0.0,0.0,0.0,0.0,0.0,4.891410682840931e-05,0.0,0.0,0.0,0.0,2.4457053414204656e-05,4.891410682840931e-05,0.0,0.0,0.0,0.0,0.00012228526707102328,0.0,0.0,0.0,0.0,0.0,0.0,0.0,0.0,0.0,0.0,0.0,0.0,0.0,0.0,0.0,0.0,0.0,2.4457053414204656e-05,0.0,0.0,0.000855996869497163,0.0,4.891410682840931e-05,0.0,0.0,0.0,0.0,0.00024457053414204656,0.0,0.0,0.00012228526707102328,0.0,0.00029348464097045585,0.0,0.0
042 OB-out Frmd7 Gaba,0.0,0.0005510147855634127,0.0011938653687207272,9.18357975939021e-05,0.0,0.0,0.0,0.0,9.18357975939021e-05,9.18357975939021e-05,0.0,0.0,0.0,0.0,0.0037652677013499864,0.012122325282395078,0.0,0.0,0.0,0.0,0.0,0.0,0.0,0.0,0.0,0.0,0.0,0.0,0.0,0.0,0.0,0.0,0.0,0.0,0.0,0.0,0.0,0.0,0.0,0.0,0.0,0.0,0.0,0.0,0.0,0.0,0.0,0.0,0.0,0.007163192212324364,0.0,0.0,0.0,0.0,0.0,0.0,0.0,0.0,0.0,0.0,0.0,0.0031224171181926715,0.0,0.0,0.0,0.0,0.0,0.0,0.0,0.0001836715951878042,0.0,0.0,0.0,0.0,0.0,0.0,0.0,0.0,0.0,0.0,0.0,0.0,0.0,0.0,0.0,0.0,0.0,0.0,0.0,0.0,0.0,0.0,0.0,0.0,0.0,0.0,0.0,0.0,0.0007346863807512168,0.0,0.0,0.0,0.0,0.0,0.0,0.0,0.0,0.2971806410138672,0.0,0.0,0.0,0.0,0.0,0.0,0.0,0.0,0.0,0.0,0.0,0.0,0.0,0.0,0.0,0.0,0.0,0.0016530443566902379,9.18357975939021e-05,0.0,0.0,0.0,0.0,0.0,0.0,0.0,0.0,0.0,0.0,0.0,0.0,0.0,0.4846175039030214,0.0012857011663146294,0.0011938653687207272,0.0,0.0,0.0,0.0,0.0,0.0,0.0,0.0,0.0,0.0,0.0,0.0,0.0,0.0,0.0,0.0,0.0,0.0,0.0,0.13251905592800073,0.0,0.00027550739278170633,0.006795849021948756,0.0031224171181926715,9.18357975939021e-05,0.0,0.0,0.0,0.0,0.0,9.18357975939021e-05,0.0,0.0,0.0,0.0,0.0,0.0,0.0,0.0,0.0,0.0,0.0,0.0,0.0,0.0,0.0,0.0,0.0,0.0,0.0,0.0001836715951878042,0.0006428505831573147,0.0,0.0,0.0,0.0,0.0,0.0,0.0,0.0,0.0,0.0,0.0,0.0,0.0,0.0,0.0,0.0,0.0,0.0,0.0,0.0,0.0,0.0,0.0,0.0,0.0,0.0,0.0,0.0,0.0,0.0,0.0,0.0,0.0,0.0,0.0,0.0,0.0,0.0,0.0,0.0,0.0,0.0,0.0,0.0,0.0,0.0,0.0,0.0,0.0,0.0,0.0,0.0,0.0,0.0,0.0,0.0006428505831573147,0.0,0.0,0.0,0.0,0.0,0.0,0.0,0.0,0.0,0.0,0.0,0.0,0.0,0.0,0.0,0.0,0.0,0.0,0.0,0.0,0.0,0.0001836715951878042,0.00045917898796951054,9.18357975939021e-05,0.0,0.0,0.0005510147855634127,0.0001836715951878042,9.18357975939021e-05,0.0,0.00394893929653779,0.0,0.0,0.0,0.0,0.0,0.0,0.0,0.0,0.0,0.0,0.0,0.0,0.0048672972724768115,0.0,0.0,0.0,0.0,0.0,0.0,0.0,0.0,0.0,0.0,0.0,0.0,0.0,0.0,0.0,0.0,0.0,0.0,0.0,0.0,0.0,0.0,0.0,0.0006428505831573147,0.0,0.0,0.0,0.0,0.0,0.0,0.0,0.0,0.0,0.0,0.0,0.0,0.0,0.0,0.0,0.0,0.0,9.18357975939021e-05,0.0,0.0,0.005601983653228029,0.0,0.0,0.0,0.0,0.0,0.0,0.00394893929653779,0.0,0.0,0.0013775369639085315,0.0,0.01845899531637432,0.0,0.0
043 OB-mi Frmd7 Gaba,0.0,0.0,0.0,0.0,0.0,0.0,0.0,0.0,0.0007674597083653108,0.0,0.0007674597083653108,0.0,0.0,0.0,0.0023023791250959325,0.00920951650038373,0.0,0.0,0.0,0.0,0.0,0.0,0.0,0.0,0.0007674597083653108,0.0007674597083653108,0.0015349194167306216,0.0,0.0,0.0,0.0,0.0,0.0,0.0,0.0,0.0,0.0,0.0,0.0,0.0,0.0,0.0,0.0,0.0,0.0,0.0,0.0,0.0,0.0,0.0015349194167306216,0.0,0.0,0.0,0.0,0.0,0.0,0.0,0.0,0.0,0.0,0.0,0.0,0.0,0.0,0.0,0.0,0.0,0.0,0.0,0.0,0.0,0.0,0.0,0.0,0.0,0.0,0.0,0.0,0.0,0.0,0.0,0.0,0.0007674597083653108,0.0,0.0,0.0,0.0,0.0,0.0,0.0,0.0,0.0,0.0,0.0,0.0,0.0,0.0,0.0,0.0,0.0,0.0,0.0,0.0,0.0,0.0,0.0,0.0,0.0997697620874904,0.0,0.0,0.0,0.0,0.0,0.0,0.0,0.0,0.0,0.0,0.0,0.0,0.0,0.0,0.0,0.0,0.0,0.0,0.0,0.0,0.0,0.0,0.0,0.0,0.0,0.0,0.0,0.0,0.0,0.0,0.0,0.0,0.7244819646968534,0.0,0.0,0.0,0.0,0.0,0.0,0.0,0.0,0.0,0.0,0.0,0.0,0.0,0.0,0.0,0.0,0.0,0.0,0.0,0.0,0.0,0.13200306983883345,0.0,0.0,0.0,0.0,0.0007674597083653108,0.0,0.0,0.0,0.0,0.0,0.0,0.0,0.0,0.0,0.0,0.0,0.0,0.0,0.0,0.0,0.0,0.0,0.0,0.0,0.0,0.0,0.0,0.0,0.0,0.0,0.00920951650038373,0.0,0.0,0.0,0.0,0.0,0.0,0.0,0.0,0.0,0.0,0.0,0.0,0.0,0.0,0.0,0.0,0.0,0.0,0.0,0.0,0.0,0.0,0.0,0.0,0.0,0.0,0.0,0.0,0.0,0.0,0.0,0.0,0.0,0.0,0.0,0.0,0.0,0.0,0.0,0.0,0.0,0.0,0.0,0.0,0.0,0.0,0.0,0.0,0.0,0.0,0.0,0.0,0.0,0.0,0.0,0.0,0.0,0.0,0.0,0.0,0.0,0.0,0.0023023791250959325,0.0,0.0,0.0,0.0,0.0,0.0,0.0,0.0,0.0,0.0,0.0,0.0,0.0,0.0,0.0,0.0,0.0,0.0,0.0,0.0,0.0,0.0,0.0015349194167306216,0.0,0.0023023791250959325,0.0,0.0,0.0,0.0,0.0,0.0030698388334612432,0.0,0.0,0.0,0.0,0.0,0.0,0.0007674597083653108,0.0,0.0,0.0,0.0,0.0,0.0,0.0,0.0,0.0,0.0,0.0,0.0,0.0007674597083653108,0.0,0.0,0.0,0.0,0.0,0.0007674597083653108,0.0,0.0,0.0,0.0,0.0,0.0,0.0,0.0,0.0,0.0,0.0,0.0,0.0,0.0,0.0,0.0,0.0,0.0,0.0,0.0,0.0,0.0,0.0,0.0,0.0,0.0,0.0,0.0,0.0,0.0,0.0,0.0,0.0,0.0,0.0,0.0,0.0,0.003837298541826554,0.0,0.0
044 OB Dopa-Gaba,0.0,0.00019157088122605365,0.00019157088122605365,0.00019157088122605365,0.0,0.0,0.0,0.0,0.00019157088122605365,0.00019157088122605365,0.00210727969348659,0.0,0.0,0.0,0.005555555555555556,0.02375478927203065,0.0,0.0,0.0,0.0,0.0,0.0,0.0,0.0,0.0,0.0,0.0,0.0,0.0,0.0,0.0,0.0,0.0,0.0,0.0,0.0,0.0,0.0,0.0,0.0,0.0,0.0,0.0,0.0003831417624521073,0.0,0.0,0.0,0.0,0.0,0.006896551724137931,0.0,0.00019157088122605365,0.0,0.0,0.0,0.0,0.0,0.0,0.0,0.0,0.0,0.00019157088122605365,0.0,0.0,0.0,0.00019157088122605365,0.0,0.00019157088122605365,0.0,0.0003831417624521073,0.00019157088122605365,0.0,0.0,0.0,0.0,0.0,0.0,0.0,0.0,0.0,0.0,0.0,0.00019157088122605365,0.0,0.0,0.0,0.0,0.0,0.0,0.0,0.0,0.0,0.0,0.0003831417624521073,0.0,0.0,0.0,0.0,0.0,0.0,0.0,0.0,0.0,0.0,0.0,0.0,0.0,0.29310344827586204,0.0,0.0,0.0,0.0,0.0,0.0,0.0,0.0,0.0,0.0,0.0,0.0,0.0,0.0,0.0,0.0,0.0,0.0,0.0,0.0,0.0,0.0,0.0,0.0,0.0,0.0,0.0,0.0,0.0,0.0,0.0,0.0,0.4814176245210728,0.0003831417624521073,0.0007662835249042146,0.0,0.0,0.0,0.0,0.0,0.0,0.0,0.0,0.0,0.0,0.0,0.0,0.0,0.0,0.0,0.0,0.0,0.0,0.0,0.13218390804597702,0.0,0.00019157088122605365,0.004789272030651341,0.0030651340996168583,0.0009578544061302681,0.0,0.0,0.0,0.0,0.0,0.0,0.0,0.0,0.0,0.0,0.0,0.0,0.0,0.0,0.0,0.0,0.0,0.0,0.0,0.0,0.0,0.0,0.0,0.0,0.0,0.008620689655172414,0.0,0.0,0.0,0.0,0.0,0.0,0.0,0.0,0.0,0.0,0.0,0.0,0.0,0.0,0.0,0.0,0.0,0.0,0.0,0.0,0.0,0.0,0.0,0.0,0.0,0.0,0.0,0.0,0.0,0.0,0.0,0.0,0.0,0.0,0.0,0.0,0.0,0.0,0.0,0.0,0.0,0.0,0.0,0.0,0.0,0.0,0.0,0.0,0.0,0.0,0.0,0.0,0.0,0.0,0.0,0.0,0.0,0.0,0.0,0.0,0.0,0.0,0.0003831417624521073,0.0,0.0,0.0,0.0,0.0,0.0,0.0,0.0,0.0,0.0,0.0,0.0,0.0,0.0,0.0,0.00019157088122605365,0.0003831417624521073,0.0,0.0,0.0,0.00019157088122605365,0.0,0.0005747126436781609,0.0,0.0022988505747126436,0.0,0.0,0.0,0.0,0.0,0.0003831417624521073,0.0,0.0,0.0,0.0,0.0,0.0,0.006513409961685823,0.0,0.0,0.0,0.0,0.0,0.0,0.0,0.0,0.0,0.0,0.0,0.0,0.0003831417624521073,0.0,0.0,0.0,0.0,0.0,0.00019157088122605365,0.0,0.0,0.0,0.0,0.0,0.0,0.0,0.0,0.0,0.0,0.0,0.0,0.0,0.0,0.0,0.0,0.0,0.0,0.0,0.0,0.0,0.0,0.0,0.0,0.0,0.0022988505747126436,0.0,0.0,0.0,0.0,0.0,0.0,0.0019157088122605363,0.0,0.0,0.0011494252873563218,0.0,0.016091954022988506,0.0,0.0
045 OB-STR-CTX Inh IMN,0.0,0.0,0.00015603058199407084,0.008659697300670932,0.0,0.0,0.0,0.0,0.0,0.0,0.0,0.0,0.0,0.0,0.001326259946949602,0.061320018723669836,0.0,0.0,0.0,0.0,0.0,0.0,0.0,0.0,0.0,0.0,0.0,0.0,0.0,0.0,0.0,0.0,0.0,0.0003120611639881417,0.00023404587299110627,0.0,0.0058511468247776565,0.0,0.002418474020908098,0.0,0.0003120611639881417,0.0,0.0,0.0,0.0,0.0,0.0,0.0,0.0,0.030191917615852708,0.0,0.0003900764549851771,0.0,0.0,0.0,0.0,0.0,0.0028865657668903106,0.0,0.0,0.0,0.0003900764549851771,0.0,0.0,0.0,0.0,0.0,0.00023404587299110627,0.0,0.00015603058199407084,0.00015603058199407084,0.0,0.0,0.0,0.0,0.0,0.0,0.0,0.0,0.0,0.0,0.0,0.0,0.0,0.0003120611639881417,0.0,0.0,0.0,0.0,0.0,0.0,0.0,0.0,0.0,0.0,0.0,0.0,0.0,0.0,0.0,0.0,0.0,0.0,0.0,0.0,0.0,0.0,0.0036667186768606645,0.0,0.005461070369792479,0.0,0.0,0.0,0.0,0.0,0.0,0.0,0.0,0.0,0.0,0.0,0.0,0.0,0.0,0.004836948041816196,0.011780308940552348,0.014588859416445624,0.0,0.0,0.0,0.0,0.0,0.0,0.0,0.0,0.0,0.0,0.0,0.0,0.0,0.180605398658137,7.801529099703542e-05,0.0,0.0,0.0,0.0,0.0,0.0,0.0,0.0,0.0,0.0,0.0,0.0,0.0,0.0,0.0,0.0,0.0,0.0,0.0,0.0,0.08644094242471524,0.0,7.801529099703542e-05,0.0,0.0,0.0,0.0,0.0,0.0,0.0,0.0,0.0,0.0,0.0,0.0,0.0,0.0,0.0,0.0,0.0,0.0,0.0,0.0,0.0,0.0,0.0,0.0,0.0,0.0,0.0,0.0,0.0,7.801529099703542e-05,0.0,0.0,0.0,0.0,0.0,0.0,0.0,0.0,0.0,0.0,0.0,0.0,0.0,0.0,0.0,0.0,0.0,0.0,0.0,0.0,0.0,0.0,0.0,0.0,0.0,0.0,0.0,0.0,0.0,0.0,0.0,0.0,0.0,0.002418474020908098,0.0,0.0,0.0,0.0,0.0,0.0,0.0,0.0,0.0,0.0,0.0,0.0,0.0,0.0,0.0,0.0,0.0,0.0,0.0,0.0,0.0,0.03339054454673116,0.0,0.0,0.0,0.0,0.0,0.0,0.0,0.0,0.0,0.0,0.0,0.0,0.0,0.0,0.0,0.0,0.0,0.0,0.0,0.0,0.0,0.0,0.0,0.0,0.0,0.0,0.0,0.0,0.0,0.0,0.01568107349040412,0.0036667186768606645,0.0,0.0,0.0,0.0,0.00046809174598221254,0.0,0.0,0.0,0.0,0.0,0.0,0.0,0.0,0.0,0.0,0.0,0.0,0.0,0.0,0.0,0.0,0.0,0.0,0.0,0.0,0.0,0.0,0.0,0.0,0.0,0.0,0.0,0.0,0.0,0.0,0.18669059135590577,0.0,0.0,0.0,0.0,0.0,0.0,0.0,0.0,0.0,0.0,0.0,0.0,0.0,0.0,0.0,0.0,0.0,0.0009361834919644251,0.0,0.0,0.2927913871118739,0.0021844281479169916,0.00015603058199407084,0.0,0.0,0.0007021376189733188,0.0021844281479169916,0.024808862537057264,0.0,0.0,0.010922140739584958,0.0,7.801529099703542e-05,0.0,0.0
046 Vip Gaba,0.000480942647589275,0.0173139353132139,0.019598412889262954,0.0013827101118191656,0.0,0.0,0.0,0.0,0.01611157869424071,0.00667307923530119,0.0054106047853793434,0.0,0.0,0.0,0.00018035349284597813,0.012985451484910425,0.0,0.0,0.0034868341950222434,0.0,0.0,0.0,0.0,0.005891547432968619,0.010340266923169411,0.003907659011662859,0.0115426235421426,0.0,6.0117830948659375e-05,0.0,0.0,0.0,0.0,0.016832992665624623,0.011302152218347962,0.0007214139713839125,0.036010580738246964,0.002284477576049056,0.016652639172778646,0.0,0.0009017674642298906,0.0,0.0,0.0015630636046651436,0.0,0.0,0.0009017674642298906,0.017614524467957197,0.0,0.0023445954069977156,0.0,0.0016832992665624625,0.0,0.0,0.0,0.0,0.0,0.010460502585066731,0.0,0.0,0.0,0.0027053023926896717,0.0,0.0,0.0,0.011001563063604666,0.0,0.027113141757845377,0.019718648551160275,0.0008416496332812313,0.0036671876878682217,0.0,0.0,0.0002404713237946375,0.0,0.0,0.0,0.0012023566189731875,6.0117830948659375e-05,0.00012023566189731875,0.0,0.0,0.009017674642298907,0.0031862450402789467,0.000480942647589275,0.00012023566189731875,0.0,0.0003005891547432969,0.0,0.0,0.0,0.0,0.0,0.0005410604785379343,0.0,0.0,0.0,0.0,0.004328483828303475,0.0,0.0,0.0,0.0,0.0,0.0,0.0,0.0,0.0009017674642298906,0.0,0.004989779968738728,0.0,0.0,0.0,0.0,0.0,0.0,0.0,0.0,0.0,0.0,0.0,0.0,0.00012023566189731875,0.0,0.0,0.0003005891547432969,0.00012023566189731875,0.0,0.00018035349284597813,0.0,0.0,0.0,0.0,0.0,0.0,0.00859684982565829,0.0,0.0,0.0,0.0,0.00096188529517855,0.0628832511722977,0.08386437417337983,6.0117830948659375e-05,6.0117830948659375e-05,0.0,0.0,6.0117830948659375e-05,0.0,0.0,0.0,0.0,6.0117830948659375e-05,0.0,0.0,0.0007214139713839125,0.0,0.0,0.0,0.0,0.0,0.0,0.005290369123482025,0.0,0.015149693399062162,0.006853432728147169,0.011061680894553325,0.0007815318023325718,0.0,0.0,0.0,0.008176025009017675,0.003246362871227606,0.0,0.0002404713237946375,0.008837321149452928,0.0,0.0,0.0,0.0,0.0,0.0,0.0,0.0,0.0,0.0024648310688950344,0.0,0.0,0.0,0.0,0.0,0.0,0.0,0.029998797643381026,0.0115426235421426,0.0,0.0,0.0,0.0,0.0,0.006552843573403871,0.0,0.0,0.0,0.0,0.0,0.00667307923530119,0.0,0.0,0.0,0.0,0.0,0.0,0.0,0.0,0.0,0.0,0.0,0.0,0.0,0.0,0.0,0.0,0.0,0.0,0.0,0.0,0.0,0.005110015630636047,0.0,0.0,0.0,0.0,0.0,0.0,0.0,0.0,0.0,0.0,0.0,0.013706865456294338,0.019838884213057593,0.024528075027053023,6.0117830948659375e-05,0.0,0.0,0.0,0.0,0.0,6.0117830948659375e-05,0.0,0.0,0.0,0.0,0.0,0.0,0.0013225922808705061,0.0,0.0,0.0,0.0,0.0,0.0,0.0,0.0,0.0,0.0,0.0,0.0,0.0,0.0,0.0,0.036491523385836236,0.011121798725501984,0.02849585186966454,0.013706865456294338,0.006132018756763256,0.020680533846338823,0.005831429602019959,0.045449080197186485,0.0,0.0010821209570758686,0.005110015630636047,0.0,0.0,0.0,0.0,0.023385836239028495,0.0,0.0,0.0,0.0073944932066851024,0.0,6.0117830948659375e-05,0.004208248166406156,0.0,0.0,0.0,0.0,0.0,0.0,0.0,0.0,0.0,0.0,6.0117830948659375e-05,0.0,0.012143801851629193,0.009739088613682818,0.0025249488998436934,0.006973668390044487,0.008416496332812311,0.003907659011662859,0.04286401346639413,0.00480942647589275,0.004268365997354816,0.007214139713839125,0.0043886016592521344,0.000480942647589275,0.0,0.0,0.0,0.0,0.0,0.0,0.0,0.0,0.0,0.0,0.0,0.0,0.0,0.0,0.0,6.0117830948659375e-05,0.0,0.00096188529517855,0.0,0.0,0.009017674642298907,0.0,0.00018035349284597813,0.0,0.0,0.00036070698569195625,0.0,0.004869544306841409,0.0,0.0,0.0019237705903571,0.0,0.0010220031261272094,0.0,0.0
047 Sncg Gaba,0.0026926960619320095,0.018175698418041064,0.018848872433524066,0.0,0.0,0.0,0.0,0.0,0.018007404914170314,0.012622012790306295,0.006226859643217772,0.0,0.0,0.0,0.0001682935038707506,0.032648939750925615,0.0,0.0,0.002019522046449007,0.0,0.0,0.0,0.0,0.003702457085156513,0.010097610232245036,0.0021878155503197577,0.010265903736115786,0.0,0.0,0.0,0.0,0.0,0.0,0.024234264557388085,0.013126893301918546,0.0001682935038707506,0.05705149781218445,0.0035341635812857625,0.022046449007068328,0.0,0.0006731740154830024,0.0,0.0,0.006226859643217772,0.0,0.0,0.004207337596768765,0.010939077751598789,0.0,0.0011780545270952542,0.0,0.0030292830696735107,0.0,0.0,0.0,0.0,0.0,0.009761023224503534,0.0,0.0,0.0,0.00572197913160552,0.0,0.0,0.0,0.008246381689666779,0.0,0.04560753954897341,0.03685627734769438,0.004207337596768765,0.005385392123864019,0.0,0.0,0.0003365870077415012,0.0,0.0,0.0,0.000841467519353753,0.0001682935038707506,0.0,0.0,0.0,0.009424436216762033,0.0026926960619320095,0.000841467519353753,0.0001682935038707506,0.0,0.0005048805116122518,0.0,0.0,0.0,0.0,0.0,0.0005048805116122518,0.0,0.0,0.0,0.0,0.008078088185796028,0.0,0.0,0.0,0.0,0.0,0.0,0.0,0.0,0.0021878155503197577,0.0,0.0043756311006395154,0.0,0.0,0.0,0.0,0.0,0.0,0.0,0.0,0.0,0.0,0.0,0.0,0.0,0.0,0.0,0.0,0.0,0.0,0.0001682935038707506,0.0,0.0,0.0,0.0001682935038707506,0.0,0.0,0.00555368562773477,0.0,0.0,0.0,0.0,0.004207337596768765,0.05334904072702794,0.06731740154830024,0.0,0.0,0.0,0.0,0.0,0.0,0.0,0.0,0.0,0.0,0.0,0.0,0.0011780545270952542,0.0,0.0,0.0,0.0,0.0,0.0,0.01110737125546954,0.0,0.007404914170313026,0.00858296869740828,0.010097610232245036,0.0003365870077415012,0.0,0.0,0.0,0.005890272635476271,0.00555368562773477,0.0,0.0003365870077415012,0.012958599798047796,0.0,0.0,0.0,0.0,0.0,0.0,0.0,0.0,0.0,0.002524402558061259,0.0,0.0,0.0,0.0,0.0,0.0,0.0,0.041400201952204646,0.01666105688320431,0.0,0.0,0.0,0.0,0.0,0.001682935038707506,0.0,0.0,0.0,0.0,0.0,0.002524402558061259,0.0,0.0,0.0,0.0,0.0,0.0,0.0,0.0,0.0,0.0,0.0,0.0,0.0,0.0,0.0,0.0,0.0,0.0,0.0,0.0,0.0,0.007573207674183777,0.0,0.0,0.0,0.0,0.0,0.0,0.0,0.0,0.0,0.0,0.0,0.015483002356109055,0.012958599798047796,0.010434197239986537,0.0,0.0,0.0,0.0,0.0,0.0,0.0,0.0,0.0,0.0,0.0,0.0,0.0,0.000841467519353753,0.0,0.0,0.0,0.0,0.0,0.0,0.0,0.0,0.0,0.0,0.0,0.0,0.0,0.0,0.0,0.01733423089868731,0.009256142712891283,0.018007404914170314,0.007404914170313026,0.005385392123864019,0.015987882867721306,0.0043756311006395154,0.03180747223157186,0.0,0.001682935038707506,0.010602490743857287,0.0,0.0,0.0,0.0,0.017670817906428812,0.0,0.0,0.0,0.011780545270952542,0.0,0.0,0.010265903736115786,0.0,0.0,0.0,0.0,0.0,0.0,0.0,0.0,0.0,0.0,0.0,0.0,0.01110737125546954,0.007909794681925278,0.0013463480309660047,0.005385392123864019,0.003702457085156513,0.0011780545270952542,0.012790306294177045,0.004543924604510266,0.002019522046449007,0.006058566139347021,0.001682935038707506,0.0006731740154830024,0.0,0.0,0.0,0.0,0.0,0.0,0.0,0.0,0.0,0.0,0.0,0.0,0.0,0.0,0.0,0.0,0.0,0.0003365870077415012,0.0,0.0,0.017670817906428812,0.0003365870077415012,0.0,0.0,0.0,0.0001682935038707506,0.0,0.015819589363850556,0.0,0.0,0.009087849209020532,0.0,0.0003365870077415012,0.0,0.0
048 RHP-COA Ndnf Gaba,0.006039076376554174,0.00035523978685612787,0.00035523978685612787,0.00035523978685612787,0.0,0.0,0.0,0.0,0.0007104795737122557,0.004262877442273535,0.00035523978685612787,0.0,0.0,0.0,0.0,0.002841918294849023,0.0,0.0,0.0,0.0,0.0,0.0,0.0,0.00035523978685612787,0.0,0.0,0.00035523978685612787,0.0,0.0,0.0,0.0,0.0,0.0,0.012078152753108348,0.01349911190053286,0.00035523978685612787,0.1847246891651865,0.019182948490230906,0.2515097690941385,0.0,0.0021314387211367673,0.0,0.0,0.0007104795737122557,0.0,0.0,0.021314387211367674,0.03161634103019538,0.0,0.0014209591474245115,0.0,0.004618117229129663,0.0,0.0,0.0,0.0,0.0,0.047602131438721135,0.0,0.0,0.0,0.00035523978685612787,0.0,0.0,0.0,0.003197158081705151,0.0,0.03907637655417407,0.024156305506216696,0.0014209591474245115,0.004618117229129663,0.0,0.0,0.003197158081705151,0.0,0.0,0.0,0.0,0.0,0.0,0.0,0.0,0.0014209591474245115,0.017406749555950268,0.004262877442273535,0.00035523978685612787,0.0,0.0007104795737122557,0.0,0.0,0.0,0.0,0.0,0.0,0.0,0.0,0.0,0.0007104795737122557,0.00035523978685612787,0.0,0.0,0.0,0.0,0.0,0.0,0.0,0.0,0.003552397868561279,0.0,0.0007104795737122557,0.0,0.0,0.0,0.0,0.0,0.0,0.0,0.00035523978685612787,0.0,0.0,0.0,0.0,0.0,0.0,0.0,0.0,0.0,0.0,0.0,0.0,0.0,0.0,0.0,0.0,0.0,0.026287744227353464,0.0,0.0,0.0,0.0,0.00035523978685612787,0.0007104795737122557,0.0007104795737122557,0.0,0.0,0.0,0.0,0.0,0.0,0.0,0.0,0.0,0.0,0.0,0.0,0.0014209591474245115,0.0,0.0,0.0,0.0,0.0,0.0,0.007104795737122558,0.0,0.0,0.00035523978685612787,0.0,0.00035523978685612787,0.0,0.0,0.0,0.035523978685612786,0.020959147424511545,0.0,0.0007104795737122557,0.00994671403197158,0.0,0.0,0.0,0.0,0.0,0.0,0.0,0.0,0.0,0.003197158081705151,0.0,0.0,0.0,0.0,0.0,0.0,0.0,0.06358792184724689,0.0,0.0,0.0,0.0,0.0,0.0,0.00035523978685612787,0.0,0.0,0.0,0.0,0.0,0.0010657193605683837,0.0,0.0,0.0,0.0,0.0,0.0,0.0,0.0,0.0,0.0,0.0,0.0,0.0,0.0,0.0,0.0,0.0,0.0,0.0,0.0,0.0,0.018117229129662522,0.0,0.0,0.0,0.0,0.0,0.0,0.0,0.0,0.0,0.0,0.0,0.00035523978685612787,0.0,0.0007104795737122557,0.00035523978685612787,0.0,0.0,0.0,0.0,0.0,0.0,0.0,0.0,0.0,0.0,0.0,0.0,0.0010657193605683837,0.0,0.0,0.0,0.0,0.0,0.0,0.0,0.0,0.0,0.0,0.0,0.0,0.0,0.0,0.0,0.0,0.0,0.0,0.00035523978685612787,0.0,0.0,0.0,0.00035523978685612787,0.0,0.002486678507992895,0.01669626998223801,0.0,0.0,0.0,0.0,0.0007104795737122557,0.0,0.0,0.0,0.01172291296625222,0.0,0.0,0.0007104795737122557,0.0,0.0,0.0,0.0007104795737122557,0.0,0.0,0.0,0.0,0.0,0.0,0.0,0.0,0.002486678507992895,0.0,0.0,0.0,0.0,0.0,0.0,0.0014209591474245115,0.0,0.00035523978685612787,0.0,0.00497335701598579,0.0,0.0,0.0,0.0,0.0,0.0,0.0,0.0,0.0,0.0,0.0,0.0,0.0,0.0,0.0,0.0,0.0,0.004262877442273535,0.0,0.0,0.010301953818827708,0.0021314387211367673,0.0,0.0,0.0,0.0014209591474245115,0.0,0.028774422735346358,0.0,0.0,0.00035523978685612787,0.0,0.003907637655417406,0.0,0.0
049 Lamp5 Gaba,0.002187692825489426,0.015033376339260673,0.01593089134458967,0.0005609468783306221,0.0,0.0,0.0,0.0,0.01705278510125091,0.010209233185617322,0.00633869972513603,0.00011218937566612442,0.0,0.0,0.0006731362539967466,0.013070062265103495,0.0,0.0,0.0025242609524877995,0.0,0.0,0.0,0.0,0.005777752846805408,0.010714085376114882,0.0038144387726482304,0.009704380995119763,0.0,0.0,0.0,0.0,0.0,0.00011218937566612442,0.007684972233129523,0.004151006899646603,0.00028047343916531105,0.018174678857912154,0.0015706512593257418,0.0031413025186514836,0.0,0.0012340831323273686,0.0,0.0,0.0014023671958265551,0.0,0.0,0.004263196275312728,0.014584618836596175,0.0,0.008021540360127895,0.0,0.0016828406349918663,0.0,0.0,0.0,0.0,0.0,0.014023671958265552,0.0,0.0,0.0,0.0022998822011555506,0.0,0.0,0.0,0.010882369439614068,0.0,0.030347226117686654,0.018679531048409716,0.0013462725079934931,0.0024681662646547373,0.0,0.0,5.609468783306221e-05,0.0,0.0,0.0,0.0011218937566612442,0.00016828406349918664,0.0003365681269983733,0.0,0.0,0.008975150053289953,0.003029113142985359,0.00016828406349918664,5.609468783306221e-05,0.0,0.00016828406349918664,0.0,0.0,0.0,0.0,0.0,0.0015706512593257418,0.0,0.0,0.0,0.0009536096931620576,0.0029169237673192347,0.0,0.0,0.0,0.0,0.0,0.0,0.0,0.0,0.005104616592808661,0.0,0.002636450328153924,0.0,0.0,5.609468783306221e-05,0.0,0.0,0.0,0.0,0.00022437875133224884,0.0,0.0,0.0,0.0,5.609468783306221e-05,0.0,0.00011218937566612442,0.00028047343916531105,0.0,0.0,0.00039266281483143545,0.0,0.0,5.609468783306221e-05,0.0,0.0,0.0,0.00684355191563359,0.0,5.609468783306221e-05,0.0,0.0,0.0031413025186514836,0.06860380321983509,0.07729847983395972,0.0,5.609468783306221e-05,0.0,0.0,0.0,0.0,0.0,0.0,0.0,0.0005609468783306221,0.0,0.0,0.001065799068828182,0.0,0.0,0.0,0.0,0.0,0.0,0.008975150053289953,0.0,0.009423907555954451,0.005497279407640097,0.007965445672294834,0.002412071576821675,0.0,0.0,0.0,0.002187692825489426,0.0066752678521344025,0.0,0.0007292309418298087,0.006899646603466651,0.0,0.0,0.0,0.0,0.0,0.0,0.0,0.0,0.0,0.004431480338811914,0.0,0.0,0.0,0.0,0.0,0.0,0.0,0.05188758624558255,0.009480002243787514,0.0,0.0,0.0,5.609468783306221e-05,0.0,0.004655859090144163,0.0,0.0,0.0,0.0,0.0,0.0039266281483143544,0.0,0.0,0.0,0.0,0.0,0.0,0.0,0.0,0.0,0.0,0.0,0.0,0.0,0.0,0.0,0.0,0.0,0.0,0.0,0.0,0.0,0.0015145565714926796,5.609468783306221e-05,0.0,0.0,0.0,0.0,0.0,0.0,0.0,0.0,0.0,0.0,0.011218937566612441,0.01783811073091378,0.023335390138553878,0.00011218937566612442,0.0,0.0,0.0,0.0,5.609468783306221e-05,5.609468783306221e-05,0.0,5.609468783306221e-05,0.0,0.0,0.0,0.0,0.001626745947158804,0.0,0.0,0.0,0.0,0.0,0.0,0.0,0.0,0.0,0.0,0.0,0.0,0.0,0.0,0.0,0.03758344084815168,0.012509115386772872,0.03965894429797498,0.014584618836596175,0.006955741291299714,0.021820833567061198,0.006394794412969092,0.05957255847871207,0.0,0.0028608290794861725,0.0028047343916531103,0.0,0.0,0.0,0.0,0.023447579514220003,5.609468783306221e-05,0.0,0.0,0.006731362539967465,0.0,0.0,0.008302013799293207,5.609468783306221e-05,0.0,0.0,0.0,0.0,0.0,0.0,0.0,0.0,0.0,0.00022437875133224884,0.0,0.013911482582599428,0.009536096931620575,0.003421775957816795,0.006058226285970718,0.007797161608795647,0.0031413025186514836,0.03219835081617771,0.0033656812699837326,0.0038144387726482304,0.006899646603466651,0.005889942222471532,5.609468783306221e-05,0.0,0.0,0.0,0.0,0.0,0.0,0.0,0.0,0.0,0.0,0.0,0.0,0.0,0.0,0.0,0.0,0.0,0.0016828406349918663,0.0,0.0,0.007572782857463398,0.00011218937566612442,0.0005609468783306221,0.0,0.0,0.00039266281483143545,0.0,0.002636450328153924,0.00011218937566612442,0.0,0.003982722836147417,0.0,0.016099175408088855,0.0,0.0
050 Lamp5 Lhx6 Gaba,0.0003029385034837928,0.0069675855801272345,0.002726446531354135,0.0,0.0,0.0,0.0,0.0,0.0051499545592244775,0.011208724628900333,0.001514692517418964,0.0,0.0,0.0,0.0,0.008785216601029992,0.0,0.0,0.0,0.0,0.0,0.0,0.0,0.0003029385034837928,0.0006058770069675856,0.0009088155104513784,0.0021205695243865495,0.0,0.0,0.0,0.0,0.0,0.0,0.013632232656770675,0.014541048167222055,0.0006058770069675856,0.11663132384126022,0.013935171160254469,0.2302332626476825,0.0,0.0009088155104513784,0.0,0.0,0.005755831566192063,0.0,0.0,0.0012117540139351712,0.00545289306270827,0.0,0.0018176310209027568,0.0,0.003029385034837928,0.0,0.0,0.0,0.0,0.0,0.1466222356861557,0.0,0.0,0.0,0.0018176310209027568,0.0,0.0,0.0,0.004847016055740685,0.0,0.02726446531354135,0.034534989397152376,0.009088155104513784,0.008179339594062406,0.0,0.0,0.0009088155104513784,0.0,0.0,0.0,0.0,0.0,0.0,0.0,0.0,0.0021205695243865495,0.009088155104513784,0.006664647076643442,0.0,0.0,0.0006058770069675856,0.0,0.0,0.0,0.0,0.0,0.0003029385034837928,0.0,0.0,0.0,0.0003029385034837928,0.0018176310209027568,0.0,0.0,0.0,0.0,0.0,0.0,0.0,0.0,0.0012117540139351712,0.0,0.004544077552256892,0.0,0.0,0.0,0.0,0.0,0.0,0.0,0.0,0.0,0.0,0.0,0.0,0.0,0.0,0.0,0.0006058770069675856,0.0003029385034837928,0.0,0.0,0.0,0.0,0.0,0.0,0.0,0.0,0.011814601635867918,0.0,0.0003029385034837928,0.0,0.0,0.001514692517418964,0.008785216601029992,0.011208724628900333,0.0,0.0,0.0,0.0,0.0,0.0,0.0,0.0,0.0,0.0,0.0,0.0,0.0012117540139351712,0.0,0.0,0.0,0.0,0.0,0.0,0.008179339594062406,0.0,0.0036352620418055137,0.001514692517418964,0.0012117540139351712,0.0,0.0,0.0,0.0,0.024538018782187216,0.0036352620418055137,0.0,0.0003029385034837928,0.011511663132384126,0.0,0.0,0.0,0.0,0.0,0.0,0.0,0.0,0.0,0.0018176310209027568,0.0,0.0,0.0,0.0,0.0,0.0,0.0,0.014843986670705847,0.002726446531354135,0.0,0.0,0.0,0.0,0.0,0.0021205695243865495,0.0,0.0,0.0,0.0,0.0,0.0024235080278703423,0.0,0.0,0.0,0.0,0.0,0.0,0.0,0.0,0.0,0.0,0.0,0.0,0.0,0.0,0.0,0.0,0.0,0.0,0.0,0.0,0.0,0.006361708573159649,0.0,0.0,0.0,0.0,0.0,0.0,0.0,0.0,0.0,0.0,0.0,0.0018176310209027568,0.004847016055740685,0.0024235080278703423,0.0,0.0,0.0,0.0,0.0,0.0,0.0,0.0,0.0,0.0,0.0,0.0,0.0,0.0003029385034837928,0.0,0.0,0.0,0.0,0.0,0.0,0.0,0.0,0.0,0.0,0.0,0.0,0.0,0.0,0.0,0.003938200545289306,0.0018176310209027568,0.002726446531354135,0.0021205695243865495,0.0009088155104513784,0.0024235080278703423,0.0009088155104513784,0.008179339594062406,0.0,0.0018176310209027568,0.017570433202059983,0.0,0.0,0.0,0.0,0.003029385034837928,0.0,0.0,0.0,0.00545289306270827,0.0,0.0,0.0024235080278703423,0.0,0.0,0.0,0.0003029385034837928,0.0,0.0,0.0,0.0,0.0,0.0,0.0,0.0,0.01090578612541654,0.0012117540139351712,0.0,0.0003029385034837928,0.0003029385034837928,0.0,0.001514692517418964,0.001514692517418964,0.0009088155104513784,0.002726446531354135,0.0009088155104513784,0.003938200545289306,0.0,0.0,0.0,0.0,0.0,0.0,0.0,0.0,0.0,0.0,0.0,0.0,0.0,0.0,0.0,0.0,0.0,0.004241139048773099,0.0,0.0,0.025446834292638595,0.0024235080278703423,0.0,0.0,0.0,0.0018176310209027568,0.0,0.02696152681005756,0.0003029385034837928,0.0,0.020902756740381702,0.0,0.0018176310209027568,0.0,0.0
051 Pvalb chandelier Gaba,0.0014895729890764648,0.013406156901688183,0.012909632571996028,0.0,0.0,0.0,0.0,0.0,0.01787487586891758,0.014399205561072492,0.009930486593843098,0.0,0.0,0.0,0.0004965243296921549,0.04021847070506455,0.0,0.0,0.0004965243296921549,0.0,0.0,0.0,0.0,0.0024826216484607746,0.0019860973187686196,0.0014895729890764648,0.004468718967229395,0.0,0.0,0.0,0.0,0.0,0.0,0.041708043694141016,0.02730883813306852,0.0,0.04965243296921549,0.003475670307845084,0.044190665342601784,0.0,0.0029791459781529296,0.0,0.0,0.004965243296921549,0.0,0.0,0.0009930486593843098,0.024826216484607744,0.0,0.0019860973187686196,0.0,0.0029791459781529296,0.0,0.0,0.0,0.0,0.0,0.018867924528301886,0.0,0.0,0.0,0.003972194637537239,0.0,0.0,0.0,0.009433962264150943,0.0,0.0660377358490566,0.027805362462760674,0.003475670307845084,0.007944389275074478,0.0,0.0,0.0004965243296921549,0.0,0.0,0.0,0.0004965243296921549,0.0,0.0,0.0,0.0,0.005958291956305859,0.006951340615690168,0.0,0.0,0.0,0.0009930486593843098,0.0,0.0,0.0,0.0,0.0,0.0004965243296921549,0.0,0.0,0.0,0.0,0.00893743793445879,0.0,0.0,0.0,0.0,0.0,0.0,0.0,0.0,0.0014895729890764648,0.0,0.012413108242303872,0.0,0.0,0.0,0.0,0.0,0.0,0.0,0.0,0.0,0.0,0.0,0.0,0.0,0.0,0.0,0.0009930486593843098,0.0004965243296921549,0.0,0.0,0.0,0.0,0.0,0.0,0.0,0.0,0.014399205561072492,0.0,0.0,0.0,0.0,0.003972194637537239,0.038232373386295926,0.04270109235352532,0.0,0.0,0.0,0.0,0.0,0.0,0.0,0.0,0.0,0.0,0.0,0.0,0.003475670307845084,0.0,0.0,0.0,0.0,0.0,0.0,0.011916583912611719,0.0,0.003972194637537239,0.006951340615690168,0.011420059582919563,0.0004965243296921549,0.0,0.0,0.0,0.01787487586891758,0.010427010923535254,0.0,0.0,0.004965243296921549,0.0,0.0,0.0,0.0,0.0,0.0,0.0,0.0,0.0,0.006951340615690168,0.0,0.0,0.0,0.0,0.0,0.0,0.0,0.09632571996027806,0.009930486593843098,0.0,0.0,0.0,0.0,0.0,0.0024826216484607746,0.0,0.0,0.0,0.0,0.0,0.0024826216484607746,0.0,0.0,0.0,0.0,0.0,0.0,0.0,0.0,0.0,0.0,0.0,0.0,0.0,0.0,0.0,0.0,0.0,0.0,0.0,0.0,0.0,0.0029791459781529296,0.0,0.0,0.0,0.0,0.0,0.0,0.0,0.0,0.0,0.0,0.0,0.009433962264150943,0.006951340615690168,0.0024826216484607746,0.0,0.0,0.0,0.0,0.0,0.0,0.0,0.0,0.0,0.0,0.0,0.0,0.0,0.0,0.0,0.0,0.0,0.0,0.0,0.0,0.0,0.0,0.0,0.0,0.0,0.0,0.0,0.0,0.0,0.010427010923535254,0.0014895729890764648,0.010427010923535254,0.004468718967229395,0.0009930486593843098,0.003972194637537239,0.0014895729890764648,0.01737835153922542,0.0,0.0014895729890764648,0.004468718967229395,0.0,0.0,0.0,0.0,0.018371400198609732,0.0,0.0,0.0,0.02035749751737835,0.0,0.0,0.022343594836146972,0.0,0.0,0.0,0.0,0.0,0.0,0.0,0.0,0.0,0.0,0.0,0.0,0.012909632571996028,0.0029791459781529296,0.0004965243296921549,0.003475670307845084,0.0019860973187686196,0.0009930486593843098,0.010427010923535254,0.0024826216484607746,0.0019860973187686196,0.004468718967229395,0.0014895729890764648,0.0024826216484607746,0.0,0.0,0.0,0.0,0.0,0.0,0.0,0.0,0.0,0.0,0.0,0.0,0.0,0.0,0.0,0.0,0.0,0.0004965243296921549,0.0,0.0,0.00893743793445879,0.0004965243296921549,0.0,0.0,0.0,0.0004965243296921549,0.0,0.006454816285998014,0.0,0.0,0.004468718967229395,0.0,0.0,0.0,0.0
052 Pvalb Gaba,0.00015793511123144262,0.019313207887730697,0.020847434682550427,4.5124317494697894e-05,0.0,0.0,0.0,0.0,0.014484905915798024,0.005753350480573982,0.005550291051847841,0.0,0.0,0.0,2.2562158747348947e-05,0.017305175759216643,0.0,0.0,0.0031361400658815037,0.0,0.0,0.0,0.0,0.00620459365552096,0.013334235819683227,0.0035422589233337844,0.011642073913632056,0.0,0.0,0.0,0.0,0.0,0.0,0.007265015116646361,0.005008799241911466,2.2562158747348947e-05,0.02418663417715807,0.0006091782861784216,0.006294842290510356,0.0,0.00011281079373674473,0.0,0.0,0.003361761653354993,0.0,0.0,0.00042868101619963,0.005414918099363747,0.0,0.0006543026036731195,0.0,0.0010378593023780516,0.0,0.0,0.0,0.0,0.0,0.0026848968909345245,0.0,0.0,0.0,0.003655069717070529,0.0,0.0,0.0,0.009882225531338839,0.0,0.04076982085645955,0.03650557285321059,0.003925815622038717,0.00342944812959704,0.0,0.0,0.00011281079373674473,0.0,0.0,0.0,0.0027977076846712693,0.0,0.0,0.0,0.0,0.007896755561572131,0.0009927349848833536,0.0009024863498939579,0.0,0.0,4.5124317494697894e-05,0.0,0.0,0.0,0.0,0.0,4.5124317494697894e-05,0.0,0.0,0.0,0.0,0.00557285321059519,0.0,0.0,0.0,0.0,0.0,0.0,0.0,0.0,0.0012183565723568432,0.0,0.0018500970172826137,0.0,0.0,0.0,0.0,0.0,0.0,0.0,0.0,0.0,0.0,0.0,0.0,0.0,0.0,0.0,0.00018049726997879158,0.0,0.0,2.2562158747348947e-05,0.0,0.0,0.0,0.0,0.0,0.0,0.002188529398492848,0.0,0.0,0.0,0.0,0.0012860430485988898,0.060759893506610714,0.07064211903794955,0.0,0.0,0.0,0.0,0.0,0.0,0.0,0.0,0.0,0.0,0.0,0.0,4.5124317494697894e-05,0.0,0.0,0.0,0.0,0.0,0.0,0.008393123054013808,0.0,0.020170569920129958,0.008122377149045621,0.011822571183610847,0.0001353729524840937,0.0,0.0,0.0,0.005234420829384956,0.0012183565723568432,0.0,0.0,0.005640539686837236,0.0,0.0,0.0,0.0,0.0,0.0,0.0,0.0,0.0,0.0027074590496818734,0.0,0.0,0.0,0.0,0.0,0.0,0.0,0.02610441767068273,0.012815306168494201,0.0,0.0,0.0,0.0,0.0,0.007558323180361897,0.0,0.0,0.0,0.0,0.0,0.005144172194395559,0.0,0.0,0.0,0.0,0.0,0.0,0.0,0.0,0.0,0.0,0.0,0.0,0.0,0.0,0.0,0.0,0.0,0.0,0.0,0.0,0.0,0.00922792292766572,0.0,2.2562158747348947e-05,0.0,0.0,0.0,0.0,0.0,0.0,0.0,0.0,0.0,0.01434953296331393,0.019155272776499255,0.024976309733315282,0.0,0.0,0.0,0.0,0.0,0.0,0.0,0.0,0.0,0.0,0.0,0.0,0.0,0.00011281079373674473,0.0,0.0,0.0,0.0,0.0,0.0,0.0,0.0,0.0,0.0,0.0,0.0,0.0,0.0,0.0,0.04196561527006904,0.015387392265691982,0.04431207977979333,0.01735030007671134,0.006046658544289518,0.024660439510852398,0.0072875772753937095,0.05396868372365868,0.0,0.0006317404449257705,0.0106944632462434,0.0,0.0,0.0,0.0,0.018252786426605296,0.0,0.0,0.0,0.0047831776544379765,0.0,0.0,0.0035422589233337844,0.0,0.0,0.0,0.0,0.0,0.0,0.0,0.0,0.0,0.0,0.0,0.0,0.00961147962637065,0.011190830738685077,0.002820269843418618,0.006813771941699381,0.009701728261360046,0.004309372320743648,0.047673841433148324,0.004963674924416768,0.004738053336943279,0.006159469338026262,0.005843599115563377,0.0011957944136094941,0.0,0.0,0.0,0.0,0.0,0.0,0.0,0.0,0.0,0.0,0.0,0.0,0.0,0.0,0.0,0.0,0.0,0.0006317404449257705,0.0,0.0,0.009340733721402464,0.0002707459049681874,0.0,0.0,0.0,0.00015793511123144262,0.0,0.00643021524299445,0.0,0.0,0.0030684535896394567,0.0,0.0001353729524840937,0.0,0.0
053 Sst Gaba,0.000715071507150715,0.015896589658965895,0.01892189218921892,0.00038503850385038506,0.0,0.0,0.0,0.0,0.016639163916391638,0.007645764576457646,0.005418041804180418,0.0,0.0,0.0,2.7502750275027502e-05,0.009048404840484048,0.0,0.0,0.00286028602860286,0.0,0.0,0.0,0.0,0.0059955995599559955,0.010396039603960397,0.0030528052805280526,0.011111111111111112,0.0,0.0,0.0,0.0,0.0,0.0,0.010148514851485149,0.009928492849284928,0.00019251925192519253,0.03501100110011001,0.0011826182618261826,0.027722772277227723,0.0,0.0007425742574257426,0.0,0.0,0.004565456545654566,0.0,0.0,0.0010176017601760175,0.009020902090209022,0.0,0.0011001100110011,0.0,0.002695269526952695,0.0,0.0,0.0,0.0,0.0,0.005968096809680968,0.0,0.0,0.0,0.0025577557755775576,0.0,0.0,0.0,0.007645764576457646,0.0,0.03281078107810781,0.034708470847084706,0.006270627062706271,0.005693069306930693,0.0,0.0,0.000275027502750275,0.0,0.0,0.0,0.0031353135313531354,2.7502750275027502e-05,0.0,0.0,0.0,0.009653465346534653,0.0013751375137513752,0.0012101210121012102,5.5005500550055004e-05,0.0,0.0007425742574257426,0.0,0.0,0.0,0.0,0.0,0.0,0.0,0.0,0.0,0.00011001100110011001,0.006133113311331133,0.0,0.0,0.0,0.0,0.0,0.0,0.0,0.0,0.0013201320132013201,0.0,0.0023102310231023103,0.0,0.0,0.0,0.0,0.0,0.0,0.0,0.0,0.0,0.0,0.0,0.0,2.7502750275027502e-05,0.0,2.7502750275027502e-05,0.00011001100110011001,5.5005500550055004e-05,0.0,0.0001375137513751375,0.0,0.0,0.0,0.0,0.0,0.0,0.006463146314631463,0.0,0.0,0.0,0.0,0.00030253025302530255,0.06042354235423542,0.06647414741474147,0.0,2.7502750275027502e-05,0.0,0.0,0.0,0.0,0.0,0.0,0.0,0.0,0.0,0.0,0.0003575357535753575,0.0,0.0,0.0,0.0,0.0,0.0,0.00935093509350935,0.0,0.016034103410341033,0.008635863586358636,0.011523652365236524,0.0001375137513751375,0.0,0.0,0.0,0.011798679867986798,0.00143014301430143,0.0,8.250825082508251e-05,0.0073707370737073705,0.0,0.0,0.0,0.0,0.0,0.0,0.0,0.0,0.0,0.0020077007700770077,0.0,0.0,0.0,0.0,0.0,0.0,0.0,0.022552255225522552,0.016034103410341033,0.0,0.0,0.0,0.0,0.0,0.007645764576457646,0.0,0.0,0.0,0.0,0.0,0.006160616061606161,0.0,0.0,0.0,0.0,0.0,0.0,0.0,0.0,0.0,2.7502750275027502e-05,0.0,0.0,0.0,0.0,0.0,0.0,0.0,0.0,0.0,0.0,2.7502750275027502e-05,0.009955995599559956,0.0,0.0,0.0,0.0,0.0,0.0,0.0,0.0,0.0,0.0,0.0,0.012046204620462046,0.015621562156215622,0.02167216721672167,0.0,0.0,0.0,0.0,0.0,0.0,0.0,0.0,0.0,0.0,0.0,0.0,0.0,0.00046754675467546757,0.0,0.0,0.0,0.0,0.0,0.0,0.0,0.0,0.0,0.0,0.0,0.0,0.0,0.0,0.0,0.0345984598459846,0.013421342134213421,0.03627612761276128,0.014466446644664467,0.006270627062706271,0.019114411441144116,0.006133113311331133,0.04991749174917492,0.0,0.0009900990099009901,0.009818481848184818,0.0,0.0,0.0,0.0,0.020792079207920793,0.0,0.0,0.0,0.005198019801980198,0.0,0.0,0.0020627062706270625,0.0,0.0,0.0,5.5005500550055004e-05,0.0,0.0,0.0,0.0,0.0,0.0,0.0,0.0,0.011056105610561057,0.009543454345434544,0.00286028602860286,0.005913091309130913,0.008360836083608362,0.0036853685368536853,0.0400990099009901,0.003492849284928493,0.004482948294829483,0.004867986798679868,0.004812981298129813,0.0020902090209020904,0.0,0.0,0.0,0.0,0.0,0.0,0.0,0.0,0.0,0.0,0.0,0.0,0.0,0.0,0.0,0.0,0.0,0.0016776677667766776,0.0,0.0,0.012568756875687568,0.0009350935093509351,2.7502750275027502e-05,0.0,0.0,0.00055005500550055,0.0,0.011798679867986798,2.7502750275027502e-05,0.0,0.0033003300330033004,0.0,0.00030253025302530255,0.0,0.0
054 STR Prox1 Lhx6 Gaba,0.0023628248884221582,0.0,0.0,0.11604095563139932,0.0,0.0,0.0,0.0,0.0,0.0,0.0,0.0,0.0,0.0,0.0,0.0005250721974271463,0.0,0.0,0.0,0.0,0.0,0.0,0.0,0.0,0.0,0.0,0.0,0.0,0.0,0.0,0.0,0.0,0.0,0.031766867944342345,0.014702021527960095,0.014176949330532948,0.002100288789708585,0.0,0.0,0.0,0.024940929377789446,0.0,0.0,0.0005250721974271463,0.0,0.0,0.002100288789708585,0.002887897085849304,0.0,0.6135468626936204,0.0,0.002100288789708585,0.0,0.0,0.0,0.0,0.0,0.00026253609871357313,0.0,0.0,0.0,0.0,0.0,0.0,0.0,0.00026253609871357313,0.0,0.00026253609871357313,0.00026253609871357313,0.00026253609871357313,0.0010501443948542925,0.0,0.0,0.0,0.0,0.0,0.0,0.0,0.0015752165922814387,0.0031504331845628774,0.00026253609871357313,0.0,0.0,0.0,0.00026253609871357313,0.0010501443948542925,0.0,0.0034129692832764505,0.0,0.0,0.0,0.0,0.0,0.0,0.0,0.0,0.0,0.0010501443948542925,0.0,0.0,0.0,0.0,0.0,0.0,0.0,0.0,0.0,0.0023628248884221582,0.0,0.014439485429246522,0.0,0.0,0.0,0.0,0.0,0.0,0.0,0.0007876082961407193,0.0,0.0,0.0,0.0,0.0,0.0,0.0,0.0,0.0005250721974271463,0.0,0.0005250721974271463,0.0,0.0,0.0,0.00026253609871357313,0.0,0.0,0.029929115253347335,0.0,0.0,0.0,0.0,0.0,0.0,0.00026253609871357313,0.00026253609871357313,0.00026253609871357313,0.0,0.0,0.0,0.0,0.0,0.0,0.0,0.0005250721974271463,0.0,0.0,0.00026253609871357313,0.0,0.0,0.0,0.0,0.0,0.0,0.002100288789708585,0.0,0.0,0.00026253609871357313,0.0,0.03202940404305592,0.0,0.0,0.0,0.0013126804935678655,0.00026253609871357313,0.0,0.0031504331845628774,0.0,0.0,0.0,0.0,0.0,0.0,0.0,0.0,0.00026253609871357313,0.0,0.0,0.0,0.0,0.0,0.0,0.0,0.0,0.0,0.0023628248884221582,0.0,0.0,0.0,0.0,0.0,0.0,0.0,0.0,0.0,0.0,0.0,0.0,0.0,0.0,0.0,0.0,0.0,0.0,0.0,0.0,0.0,0.0,0.0,0.0,0.0,0.0,0.0,0.0,0.0,0.0,0.0,0.0,0.0,0.0,0.0,0.0,0.0,0.0,0.0,0.0,0.0,0.0,0.0,0.0,0.0,0.0,0.0,0.0,0.00026253609871357313,0.00026253609871357313,0.0,0.0,0.0,0.0,0.0,0.0,0.0005250721974271463,0.0,0.0,0.0,0.0,0.0,0.009713835652402206,0.0,0.0,0.0,0.0,0.0,0.0,0.00026253609871357313,0.0,0.0,0.0,0.0,0.0,0.0,0.0,0.0,0.0,0.0,0.0,0.0,0.0,0.00026253609871357313,0.0,0.0005250721974271463,0.0,0.023103176686794433,0.0,0.0,0.0,0.0,0.0,0.0015752165922814387,0.0,0.0,0.0,0.0013126804935678655,0.0,0.00026253609871357313,0.0,0.0,0.0,0.0,0.0,0.0,0.0,0.0,0.0,0.0,0.0,0.0,0.0,0.00026253609871357313,0.0,0.0,0.0,0.0,0.0,0.00026253609871357313,0.0,0.0,0.00026253609871357313,0.0,0.004988185875557889,0.0,0.0,0.0,0.0,0.0,0.0,0.0,0.0,0.0,0.0,0.0,0.0,0.0,0.0,0.0,0.00026253609871357313,0.0,0.0005250721974271463,0.0,0.0,0.008138619060120767,0.0,0.0073510107639800475,0.0,0.0,0.0007876082961407193,0.0005250721974271463,0.005250721974271462,0.00026253609871357313,0.0,0.0,0.0,0.0,0.0,0.0
055 STR Lhx8 Gaba,0.0013901760889712697,0.0,0.0,0.15708989805375348,0.0,0.0,0.0004633920296570899,0.0,0.0,0.0004633920296570899,0.0,0.0,0.0,0.0,0.0,0.0009267840593141798,0.0,0.0,0.0,0.0,0.0,0.0,0.0,0.0,0.0,0.0,0.0,0.0,0.0,0.0009267840593141798,0.0,0.0,0.0,0.0027803521779425394,0.0,0.04077849860982391,0.0,0.0,0.0,0.0,0.015755329008341055,0.0,0.0,0.0,0.0,0.0,0.0,0.0,0.0,0.5139017608897127,0.0,0.0004633920296570899,0.0,0.0,0.0,0.0,0.0,0.0,0.0,0.0,0.0,0.0,0.0,0.0,0.0,0.0,0.0,0.0,0.0,0.0,0.0004633920296570899,0.0,0.0,0.0,0.0,0.0,0.0,0.0,0.004170528266913809,0.009731232622798888,0.0004633920296570899,0.0,0.0,0.0,0.0,0.019925857275254866,0.0,0.0004633920296570899,0.0,0.0,0.0,0.0,0.0,0.0,0.0,0.0,0.0,0.0,0.0,0.0,0.0,0.0,0.0,0.0,0.0,0.0,0.0,0.012974976830398516,0.0,0.0,0.0,0.0,0.0,0.0,0.0,0.0,0.0,0.0037071362372567192,0.0,0.0,0.0,0.0,0.010658016682113068,0.0,0.0,0.010194624652455977,0.010658016682113068,0.0,0.0018535681186283596,0.0,0.0,0.0,0.0,0.0,0.0,0.0,0.0,0.0,0.0,0.0,0.0,0.0,0.0,0.0,0.0013901760889712697,0.0,0.0,0.011584800741427247,0.0,0.0,0.0,0.0,0.014365152919369786,0.0,0.0,0.0004633920296570899,0.0,0.0,0.0,0.0,0.0,0.0,0.0009267840593141798,0.0,0.0,0.0,0.0,0.006950880444856348,0.0,0.0,0.0,0.0,0.0,0.0,0.014365152919369786,0.0,0.0,0.0,0.0,0.0,0.0,0.0,0.0,0.0,0.0,0.0,0.0,0.0,0.0,0.0,0.0,0.0,0.0,0.0004633920296570899,0.0,0.0,0.0,0.0,0.0,0.0,0.0,0.0,0.0,0.0,0.0,0.0,0.0,0.0,0.0,0.0,0.0,0.0018535681186283596,0.0,0.0,0.0,0.0,0.0,0.0,0.0,0.0,0.0,0.0,0.0,0.0,0.0,0.0,0.0,0.0,0.0,0.0,0.0,0.0,0.0,0.0,0.0,0.0,0.0,0.0,0.0,0.0,0.0,0.0,0.0,0.0,0.0,0.0,0.0,0.0,0.0,0.0,0.0004633920296570899,0.0004633920296570899,0.0,0.0,0.0,0.0,0.05329008341056534,0.0,0.0,0.0,0.0,0.0,0.0,0.0,0.0,0.0,0.0,0.0,0.0,0.0,0.0,0.0,0.0,0.0,0.0,0.0,0.0,0.0,0.0,0.0,0.0,0.042632066728452274,0.0,0.0,0.0,0.0,0.0,0.0,0.0,0.0,0.0,0.0,0.0,0.0,0.0,0.0004633920296570899,0.0,0.0,0.0,0.0,0.0,0.0,0.0,0.0,0.0,0.0,0.0,0.0,0.0,0.0,0.0,0.0,0.0,0.0,0.0,0.0,0.0,0.0,0.004633920296570899,0.0004633920296570899,0.0,0.0,0.0004633920296570899,0.0,0.0,0.0,0.0,0.0,0.0,0.0,0.0,0.0,0.0,0.0,0.0,0.0,0.0013901760889712697,0.0,0.0,0.0037071362372567192,0.0,0.005560704355885079,0.0,0.0,0.0004633920296570899,0.0,0.012511584800741427,0.0009267840593141798,0.0,0.0,0.0,0.0,0.0,0.0
056 Sst Chodl Gaba,0.010740402193784278,0.005484460694698354,0.005484460694698354,0.0850091407678245,0.0,0.0,0.0,0.0,0.006398537477148081,0.0066270566727605115,0.003656307129798903,0.0,0.0,0.0,0.0,0.01416819012797075,0.0,0.0,0.0006855575868372943,0.0,0.0,0.0,0.0,0.0011425959780621572,0.0011425959780621572,0.00022851919561243144,0.002742230347349177,0.0,0.0,0.0,0.0,0.0,0.0,0.005941499085923218,0.002513711151736746,0.012340036563071298,0.004113345521023766,0.0,0.00022851919561243144,0.0,0.014853747714808043,0.0,0.0,0.0031992687385740404,0.0,0.0,0.0004570383912248629,0.00022851919561243144,0.0,0.2742230347349177,0.0,0.0047989031078610606,0.0,0.0,0.0,0.0,0.0,0.0,0.0,0.0,0.0,0.002742230347349177,0.0,0.0,0.0,0.0031992687385740404,0.0,0.009597806215722121,0.0022851919561243145,0.0047989031078610606,0.010054844606946984,0.0,0.0,0.0,0.0,0.0,0.0,0.0004570383912248629,0.004570383912248629,0.007312614259597806,0.00022851919561243144,0.0,0.004570383912248629,0.0,0.0004570383912248629,0.004113345521023766,0.0,0.0004570383912248629,0.0,0.0,0.0,0.0,0.0,0.0,0.0,0.0,0.0,0.0,0.0013711151736745886,0.0,0.0,0.0,0.0,0.0,0.0,0.0,0.0,0.007084095063985375,0.0,0.003656307129798903,0.0,0.0,0.0,0.0,0.0,0.0,0.0,0.0013711151736745886,0.0,0.0,0.0,0.0,0.002056672760511883,0.0,0.0,0.0018281535648994515,0.0015996343692870202,0.0,0.010283363802559415,0.0,0.0,0.0,0.0,0.0,0.0,0.0009140767824497258,0.0,0.0,0.0,0.0,0.0022851919561243145,0.02673674588665448,0.019195612431444242,0.0,0.0004570383912248629,0.0,0.0,0.0011425959780621572,0.0,0.0,0.0,0.0,0.005255941499085923,0.0,0.0,0.0,0.0,0.0,0.0,0.0,0.0,0.0,0.030393053016453384,0.0,0.0031992687385740404,0.0022851919561243145,0.002056672760511883,0.029707495429616086,0.0,0.0,0.0,0.0006855575868372943,0.0006855575868372943,0.0,0.006398537477148081,0.0,0.0,0.0,0.0,0.0,0.0,0.0,0.0,0.0,0.0,0.0009140767824497258,0.0,0.0,0.0,0.0,0.0,0.00022851919561243144,0.0,0.028107861060329066,0.005027422303473492,0.0,0.0,0.0,0.0,0.0,0.00022851919561243144,0.0,0.0,0.0,0.0,0.0,0.00022851919561243144,0.0,0.0,0.0,0.0,0.0009140767824497258,0.0,0.0,0.0,0.0,0.0,0.0,0.0,0.0,0.0,0.0,0.0,0.0,0.0,0.0,0.0,0.0,0.00022851919561243144,0.0,0.0,0.0,0.0,0.0,0.0,0.0,0.0,0.0,0.0,0.0,0.002742230347349177,0.002970749542961609,0.002056672760511883,0.0,0.0,0.0,0.0,0.0,0.0,0.0,0.0006855575868372943,0.0,0.0,0.0,0.0,0.0,0.0850091407678245,0.0,0.0,0.0,0.0,0.0,0.0,0.0,0.0,0.0,0.0,0.0,0.0,0.0,0.0,0.0,0.008683729433272395,0.0038848263254113347,0.011425959780621572,0.003656307129798903,0.002056672760511883,0.006170018281535649,0.002742230347349177,0.01622486288848263,0.0,0.03153564899451554,0.0031992687385740404,0.0,0.0,0.0,0.0,0.005255941499085923,0.0,0.0,0.0,0.0013711151736745886,0.0,0.0,0.002970749542961609,0.0,0.0,0.0,0.0,0.0,0.0,0.0,0.0,0.0,0.0,0.0,0.0,0.0034277879341864715,0.0018281535648994515,0.0009140767824497258,0.0004570383912248629,0.0011425959780621572,0.00022851919561243144,0.006170018281535649,0.0013711151736745886,0.0009140767824497258,0.0015996343692870202,0.0009140767824497258,0.004113345521023766,0.0,0.0,0.0,0.0,0.0,0.0,0.0,0.0,0.0,0.0,0.0,0.0,0.0,0.0,0.0,0.0,0.0,0.00022851919561243144,0.0,0.0,0.033820840950639856,0.0,0.004570383912248629,0.0,0.0,0.0004570383912248629,0.0013711151736745886,0.01576782449725777,0.0,0.0,0.010054844606946984,0.0,0.00022851919561243144,0.0,0.0
057 NDB-SI-MA-STRv Lhx8 Gaba,0.05130850764468624,0.0,0.0,0.014257574336366194,0.0,0.0,0.0006565988181221273,0.00037519932464121565,0.0,0.00018759966232060783,0.0,0.0,0.0,0.0,0.0,0.001125597973923647,0.0,0.0,0.0,0.0,0.0,0.0,0.0,0.0,0.0,0.0,0.0,0.0,0.00037519932464121565,9.379983116030391e-05,0.0,0.0,0.0,0.0014069974674045587,0.0007503986492824313,0.01153737923271738,0.0,0.0,0.0,0.0,0.020542163024106556,0.0,0.0,0.0,0.0,0.0,0.0,0.0,0.0,0.0028139949348091175,0.0,0.0024387956101679016,0.0,0.0,0.0,0.0,0.0,0.0,0.0,0.0,0.0,0.0,0.0,0.0,0.0,0.0,0.0,0.0,0.0,0.00018759966232060783,0.0014069974674045587,0.0,0.0,0.0,0.0,0.0,0.0,0.0,0.0027201951036488134,0.11846918675546383,0.0007503986492824313,0.0,0.0,0.0,0.0,0.024575555763999626,0.0,0.0008441984804427352,0.0,0.0,0.0,0.0,0.0,0.0,0.0,0.0,0.0,9.379983116030391e-05,0.0,0.0,0.0,0.0,0.0,0.0,0.0,0.0,0.0,0.0008441984804427352,0.0,0.0005627989869618235,0.0,0.0,0.0,0.0,0.0,0.0,0.0,0.006659788012381577,0.0,0.0,0.0,0.0,0.020917362348747772,0.0,0.0,0.0033767939217709407,0.007410186661664009,0.0,0.05412250257949536,0.0,0.0,0.00018759966232060783,0.0,0.0,0.0,0.006284588687740362,0.0,0.0,0.0,0.0,0.0,0.0,0.0,0.0,0.010599380921114341,0.0,0.0,0.13282056092299033,0.0,0.0,0.0,0.0,0.156176718881906,0.0,0.0,0.0004689991558015196,0.0,0.0,0.0,0.0,0.0,0.0,0.017071569271175313,0.0,0.0,0.0,0.0,0.00431479223337398,0.0,9.379983116030391e-05,0.0,0.0,0.0,9.379983116030391e-05,0.03151674326986211,0.0,0.0,0.0,0.0,0.0,0.0,0.0,0.0,0.0,0.0,0.0,0.0,0.0,0.0,0.0,0.0,0.0005627989869618235,0.0,0.00909858362254948,0.0,0.0,0.0,0.0,0.0,0.0,0.0,0.0,0.0,0.0,0.0,0.0,0.0,0.0,0.0,0.0,0.0,0.00037519932464121565,0.0,0.0,0.0,0.0,0.0,0.0,0.0,0.0,0.0,0.0,0.0,0.0,0.0,0.0,0.0,0.0,0.0,0.0,0.0,0.0,0.0,0.0,0.0,0.0,0.0,0.0,0.0,0.0,0.0,0.0,0.0,9.379983116030391e-05,0.0,0.0,0.0,0.0,0.0,9.379983116030391e-05,0.0,0.0017821967920457742,0.0,0.0,0.0,0.0,0.18103367413938654,0.0,0.0,0.0,0.0,0.0,0.0,0.0,0.0,0.0,0.0,0.0,0.0,0.0,0.0,0.0,0.0,0.0,0.0,0.0,0.0,0.0,0.0,0.0,0.0,0.06340868586436545,0.0,0.0,0.0,0.0,0.0,0.0,0.0,0.0,0.0,0.0,0.0,0.00037519932464121565,9.379983116030391e-05,0.0,0.0,0.0,0.0,0.0,0.0,0.0,0.0,0.0,0.0,0.0,0.0,9.379983116030391e-05,0.0,0.0,0.0,0.0,0.0,0.0,0.0,0.0,0.0,0.0,0.0,0.0006565988181221273,0.0,0.0,0.0,0.0,0.0,0.0,0.0,0.0,0.0,0.0,0.0,0.0,0.0,0.0,0.0006565988181221273,0.0,9.379983116030391e-05,0.0,0.0,0.0008441984804427352,0.0,0.025232154582121753,0.0,9.379983116030391e-05,9.379983116030391e-05,0.0,0.003939592908732764,0.0004689991558015196,0.0,0.0,0.0,0.0004689991558015196,0.0,0.0
058 PAL-STR Gaba-Chol,0.023469994058229353,0.0,0.0,0.08377896613190731,0.0,0.0,0.00029708853238265005,0.0,0.0,0.00029708853238265005,0.0,0.0,0.0,0.0,0.0,0.00089126559714795,0.0,0.0,0.0,0.0,0.0,0.0,0.0,0.0,0.0,0.0,0.0,0.0,0.0,0.0005941770647653001,0.0,0.0,0.0,0.0,0.0,0.00564468211527035,0.0,0.0,0.0,0.0,0.0071301247771836,0.0,0.0,0.0,0.0,0.0,0.0,0.0,0.0,0.20380273321449793,0.0,0.00029708853238265005,0.0,0.0,0.0,0.0,0.0,0.0,0.0,0.0,0.0,0.0,0.0,0.0,0.0,0.0,0.0,0.0,0.0,0.0,0.0,0.0,0.0,0.0,0.0,0.0,0.0,0.0,0.004753416518122401,0.049019607843137254,0.0038621509209744503,0.0,0.0,0.0,0.0,0.00861556743909685,0.0,0.0,0.0,0.0,0.0,0.0,0.0,0.0,0.0,0.0,0.0,0.0,0.0,0.0,0.0,0.0,0.0,0.0,0.0,0.0,0.0,0.00029708853238265005,0.0,0.0,0.0,0.0,0.0,0.0,0.0,0.0,0.0,0.0112893642305407,0.0,0.0,0.0,0.0,0.0106951871657754,0.0,0.0,0.01574569221628045,0.0053475935828877,0.0,0.04783125371360666,0.0,0.0,0.0,0.0,0.0,0.0,0.00089126559714795,0.0,0.0,0.0,0.0,0.0,0.0,0.0,0.0,0.0053475935828877,0.0,0.0,0.07635175282234105,0.0,0.0,0.0,0.0,0.14200831847890671,0.0,0.0,0.0,0.0,0.0,0.0,0.0,0.0,0.0,0.004456327985739751,0.0,0.0,0.0,0.0,0.0427807486631016,0.0,0.0,0.0,0.0,0.0,0.0,0.027926322043969103,0.0,0.0,0.0,0.0,0.0,0.0,0.0,0.0,0.0,0.0,0.0,0.0,0.0,0.0,0.0,0.0,0.00029708853238265005,0.0,0.005050505050505051,0.0,0.0,0.0,0.0,0.0,0.0,0.0,0.0,0.0,0.0,0.0,0.0,0.0,0.0,0.0,0.0,0.0,0.00029708853238265005,0.0,0.0,0.0,0.0,0.0,0.0,0.0,0.0,0.0,0.0,0.0,0.0,0.0,0.0,0.0,0.0,0.0,0.0,0.0,0.0,0.0,0.0,0.0,0.0,0.0,0.0,0.0,0.0,0.0,0.0,0.0,0.0,0.0,0.0,0.0,0.0,0.0,0.0,0.0,0.0011883541295306002,0.0,0.0,0.0,0.0,0.13576945929887108,0.0,0.0,0.0,0.0,0.0,0.0,0.0,0.0,0.0,0.0,0.0,0.0,0.0,0.0,0.0,0.0,0.0,0.0,0.0,0.0,0.0,0.0,0.0,0.0,0.040998217468805706,0.0,0.0,0.0,0.0,0.0,0.0,0.00029708853238265005,0.0,0.0,0.0,0.0,0.0,0.0005941770647653001,0.0,0.0,0.0,0.0005941770647653001,0.0,0.0,0.0,0.0,0.0,0.0,0.0,0.0,0.0,0.0,0.0,0.0,0.0,0.0,0.0,0.0,0.0,0.0,0.0,0.00029708853238265005,0.00029708853238265005,0.0,0.0,0.0,0.0,0.0,0.0,0.0,0.0,0.0,0.0,0.0,0.0,0.0,0.0,0.00029708853238265005,0.0,0.0005941770647653001,0.0,0.0,0.0005941770647653001,0.0,0.023767082590612002,0.0,0.0,0.0011883541295306002,0.0,0.0029708853238265003,0.00089126559714795,0.0,0.0,0.0,0.0005941770647653001,0.0,0.0
059 GPe-SI Sox6 Cyp26b1 Gaba,0.023529411764705882,0.0,0.0,0.013574660633484163,0.0,0.0,0.0,0.0,0.0,0.0,0.0,0.0,0.0,0.0,0.0,0.0,0.0,0.0,0.0,0.0,0.0,0.0,0.0,0.0,0.0,0.0,0.0,0.0,0.0,0.0,0.0,0.0,0.0,0.0,0.0027149321266968325,0.006334841628959276,0.0,0.0,0.0,0.0,0.008144796380090498,0.0,0.0,0.0,0.0,0.0,0.0009049773755656109,0.0,0.0,0.027149321266968326,0.0,0.0,0.0,0.0,0.0,0.0,0.0,0.0,0.0,0.0,0.0,0.0,0.0,0.0,0.0,0.0,0.0,0.0,0.0,0.0,0.0,0.0,0.0,0.0,0.0,0.0,0.0,0.0,0.006334841628959276,0.4244343891402715,0.0009049773755656109,0.0,0.0,0.0,0.0,0.014479638009049774,0.0,0.0,0.0,0.0,0.0,0.0,0.0,0.0,0.0,0.0,0.0,0.0,0.0,0.0,0.0,0.0,0.0,0.0,0.0,0.0,0.0,0.0,0.0,0.0,0.0,0.0,0.0,0.0,0.0,0.0,0.0,0.009954751131221719,0.0,0.0,0.0,0.0,0.0,0.0,0.0,0.0,0.0,0.0,0.009954751131221719,0.0,0.0,0.0,0.0,0.0,0.0,0.0027149321266968325,0.0,0.0,0.0,0.0,0.0,0.0,0.0,0.0,0.0,0.0,0.0,0.0,0.0,0.0,0.0,0.0,0.0,0.0,0.0,0.0027149321266968325,0.0,0.0,0.0,0.0,0.0,0.0,0.0027149321266968325,0.0,0.0,0.0,0.0,0.0,0.0,0.0,0.0,0.0,0.0,0.0,0.04343891402714932,0.0,0.0,0.0,0.0,0.0,0.0,0.0,0.0,0.0,0.0,0.0,0.0,0.0,0.0,0.0,0.0,0.0,0.0,0.0,0.0,0.0,0.0,0.0,0.0,0.0,0.0,0.0,0.0,0.0,0.0,0.0,0.0,0.0,0.0,0.0,0.0,0.0,0.0,0.0,0.0,0.0,0.0,0.0,0.0,0.0,0.0,0.0,0.0,0.0,0.0,0.0,0.0,0.0,0.0,0.0,0.0,0.0,0.0,0.0,0.0,0.0,0.0,0.0,0.0,0.0,0.0,0.0,0.0,0.0,0.0,0.0,0.0,0.0,0.0,0.0,0.0,0.0,0.0,0.0,0.0,0.0,0.216289592760181,0.0,0.0,0.0,0.0,0.0,0.0,0.0,0.0,0.0,0.0,0.0,0.0,0.0,0.0,0.0,0.0,0.0,0.0,0.0,0.0,0.0,0.0,0.0,0.0,0.034389140271493215,0.0,0.0,0.0,0.0,0.0,0.0,0.0,0.0,0.0,0.0,0.0,0.0,0.0,0.0,0.0,0.0,0.0,0.0,0.0,0.0,0.0,0.0,0.0,0.0,0.0,0.0,0.0,0.0,0.0,0.0,0.0,0.0,0.0,0.0,0.0,0.0,0.0,0.0,0.0,0.0,0.0,0.0,0.0,0.0,0.0,0.0,0.0,0.0,0.0,0.0,0.0,0.0,0.0,0.0,0.0,0.0,0.0,0.0,0.0,0.14479638009049775,0.0,0.0,0.0,0.0009049773755656109,0.0036199095022624436,0.0,0.0,0.0,0.0,0.0,0.0,0.0
060 OT D3 Folh1 Gaba,0.00016266775111834078,0.0,0.0,0.10435136234241561,0.0,0.0,0.0,0.0,0.0,0.0,0.0,0.0,0.0,0.0,0.0,0.0884912566083774,0.0,0.0,0.0,0.0,0.0,0.0,0.0,0.0,0.0,0.0,0.0,0.0,0.0,0.0,0.0,0.0,0.0,0.0,0.0,0.0002440016266775112,0.0,0.0,0.0,0.0,0.0,0.0,0.0,0.0,0.0,0.0,0.0,0.0,0.0,0.0,0.0,0.0,0.0,0.0,0.0,0.0,0.0,0.0,0.0,0.0,0.0,0.0,0.0,0.0,0.0,0.0,0.0,8.133387555917039e-05,0.0,0.0,0.0,0.0,0.0,0.0,0.0,0.0,0.0,0.0,8.133387555917039e-05,8.133387555917039e-05,0.0,0.0,0.0,0.0,0.0,0.0,0.0,0.0,0.0,0.0,0.0,0.0,0.0,0.0,0.0,0.0,0.0,0.0,0.0,0.0,0.0,0.0,0.0,0.0,0.0,0.0,0.0,0.003090687271248475,0.0,0.0,0.0,0.0,0.0,0.0,0.0,0.0,0.0,0.0,0.0,0.0,0.0,0.0,0.0,0.0,0.0,0.0008946726311508743,0.0028466856445709637,0.0,0.0,0.0,0.0,0.0,0.0,0.0,0.0,0.00016266775111834078,0.0,0.0,0.0,0.0,0.0,0.0,0.0,0.0,0.0,0.0,0.0,0.0,0.0,0.0,0.0,0.0,8.133387555917039e-05,0.0,0.0,0.0,0.0,0.0,0.0,0.0,0.0,0.0,0.01699877999186661,0.0,0.0,0.0,0.0,0.6766978446522977,0.0,0.0,0.0,0.0,0.00016266775111834078,0.0,0.0019520130134200895,0.0,0.0,0.0,0.0,0.0,0.0,0.0,0.0,0.0,0.0,0.0,0.0,0.0,0.0,0.0,0.0,0.0,0.0,0.03090687271248475,0.0,0.0,0.0,0.0,0.0,0.0,0.0,0.0,0.0,0.0,0.0,0.0,0.0,0.0,0.0,0.0,0.0,8.133387555917039e-05,0.0,0.0,0.0,0.0,0.0,0.0,0.0,0.0,0.0,0.0,0.0,0.0,0.0,0.0,0.0,0.0,0.0,0.0,0.0,0.0,0.0,0.0,0.0,0.0,0.0,0.0,0.0,0.0,0.0,0.0,0.0,0.0,0.0,0.0,0.0,0.0,0.0,0.0,0.0,0.0,0.0,0.0,0.0,0.0,0.03716958113054087,0.0,0.0,0.0,0.0,0.0,0.0,0.0,0.0,0.0,0.0,0.0,0.0,0.0,0.0,0.0,0.0,0.0,0.0,0.0,0.0,0.0,0.0,0.0,0.0,0.013745424969499797,0.0,0.0,0.0,0.0,0.0,0.0,0.0,0.0,0.0,8.133387555917039e-05,0.0,0.0,0.006262708418056121,0.0,0.0,0.0,0.0,0.0,0.0,0.0,0.0,0.0,0.0,0.0,0.0,0.0,0.0,0.0,0.0,0.0,0.0,0.0,0.0,0.0,0.0,0.0,0.0,0.0,0.0,0.0,0.0,0.0,0.0,0.0,0.0,0.0,0.0,0.0,0.0,0.0,0.0,0.0,0.0,0.0,0.00032533550223668155,0.0,0.0,0.0,0.0,0.0,0.0,0.0,0.0,0.0,0.0,0.0,0.0,0.0,0.0,0.015046766978446523,0.0,0.0
061 STR D1 Gaba,0.00024207430784679387,0.0,0.0,0.14159553866016353,0.0,0.0,0.0,0.0,8.96571510543681e-06,4.482857552718405e-05,0.0,0.0,0.0,0.0,0.0,0.0014255487017644528,0.0,0.0,0.0,0.0,0.0,0.0,0.0,0.0,0.0,0.0,0.0,0.0,0.0,0.0,0.0,0.0,0.0,8.96571510543681e-06,1.793143021087362e-05,0.0008607086501219337,0.0,0.0,0.0,0.0,0.000564840051642519,0.0,0.0,8.96571510543681e-06,0.0,0.0,0.0,0.0,0.0,0.7172751398651557,0.0,6.276000573805767e-05,0.0,0.0,0.0,0.0,0.0,0.0,0.0,0.0,0.0,0.0,0.0,0.0,0.0,8.96571510543681e-06,0.0,0.0,0.0,0.0,8.96571510543681e-06,0.0,0.0,0.0,0.0,0.0,0.0,0.0,0.0010041600918089227,0.0042407832448716105,8.96571510543681e-06,0.0,0.0,0.0,0.0,7.172572084349448e-05,0.0,0.0,0.0,0.0,0.0,0.0,0.0,0.0,0.0,0.0,0.0,0.0,0.0,0.0,0.0,0.0,0.0,0.0,0.0,0.0,0.0,0.0006365657724860135,0.0,0.0012283029694448429,0.0,0.0,0.0,0.0,0.0,0.0,0.0,0.0,0.0,0.0,0.0,0.0,0.0,0.0,0.0,0.00020621144742504662,0.00024207430784679387,0.0,1.793143021087362e-05,0.0,0.0,0.0,0.0,0.0,0.0,0.0,0.0,0.0,0.0,0.0,0.0,2.6897145316310427e-05,1.793143021087362e-05,0.0,0.0,0.0,0.0,0.0,0.0,0.0,0.0,0.0,0.0,0.0,0.0,0.0,0.0,0.0,0.0,0.0,0.0,0.0,0.0010220915220197962,0.0,0.0,0.0,0.0,0.08544326495481279,0.0,0.0,0.0,0.0,0.00031380002869028836,0.0,0.0009593315162817386,0.0,0.0,0.0,0.0,0.0,0.0,0.0,0.0,0.0,0.0,0.0,0.0,0.0,0.0,0.0,0.0,0.0,0.0,0.0031469660020083203,0.0,0.0,0.0,0.0,0.0,0.0,0.0,0.0,0.0,0.0,0.0,0.0,0.0,0.0,0.0,0.0,0.0,0.0,0.0,0.0,0.0,0.0,0.0,0.0,0.0,0.0,0.0,0.0,0.0,0.0,0.0,0.0,0.0,0.0,0.0,0.0,0.0,0.0,0.0,0.0,0.0,0.0,0.0,0.0,0.0,0.0,0.0,0.0,0.0,0.0,0.0,0.0,0.0,0.0,0.0,0.0,0.000376560034428346,0.0,0.0,0.0,0.0,0.0,0.007378783531774494,0.0,0.0,0.0,0.0,0.0,0.0,0.0,0.0,0.0,0.0,0.0,0.0,0.0,0.0,0.0,8.96571510543681e-06,0.0,8.96571510543681e-06,2.6897145316310427e-05,0.0,8.96571510543681e-06,0.0,0.0,0.0,0.008526395065270406,0.0,0.0,0.0,0.0,0.0,0.0,0.0,0.0,0.0,0.0,0.0,0.0,0.000376560034428346,0.0,0.0,0.0,0.0,0.0,0.0,0.0,0.0,0.0,0.0,0.0,0.0,0.0,0.0,0.0,0.0,0.0,0.0,0.0,0.0,0.0,0.0,0.0,0.0043394061110314155,0.0,0.0,0.0,0.0,0.0,0.0,0.0,0.0,0.0,0.0,0.0,0.0,0.0,0.0,0.0,0.0,0.0,0.0002600057380576675,0.0,0.0,0.00800638358915507,0.0,0.007369817816669058,0.0,0.0,0.000188280017214173,0.0010131258069143595,0.0005827714818533926,0.0,0.0,0.0,0.0,0.0008069143594893128,0.0,0.0
062 STR D2 Gaba,0.00013259459203485344,0.0,0.0,0.12466732963962684,0.0,0.0,0.0,0.0,9.471042288203817e-06,0.00015153667661126107,0.0,0.0,0.0,0.0,0.0,0.0007197992139034901,0.0,0.0,0.0,0.0,0.0,0.0,0.0,0.0,0.0,0.0,1.8942084576407634e-05,0.0,0.0,0.0,0.0,0.0,0.0,3.788416915281527e-05,9.471042288203817e-06,0.0014585405123833878,0.0,0.0,0.0,0.0,0.0034001041814651703,0.0,0.0,3.788416915281527e-05,0.0,0.0,0.0,0.0,0.0,0.7531467538002558,0.0,0.00014206563432305724,0.0,0.0,0.0,0.0,0.0,0.0,0.0,0.0,0.0,0.0,0.0,0.0,0.0,2.841312686461145e-05,0.0,0.0,0.0,0.0,0.0002273050149168916,0.0,0.0,0.0,0.0,0.0,0.0,0.0,0.000776625467632713,0.002519297248662215,9.471042288203817e-06,0.0,0.0,0.0,0.0,0.0001610077188994649,0.0,1.8942084576407634e-05,0.0,0.0,0.0,0.0,0.0,0.0,0.0,0.0,0.0,0.0,0.0,0.0,0.0,0.0,0.0,0.0,0.0,0.0,0.0,0.0008145096367855282,0.0,0.0052090732585121,0.0,0.0,0.0,0.0,0.0,0.0,0.0,0.0,0.0,0.0,0.0,0.0,0.0,0.0,0.0,7.576833830563054e-05,0.0002841312686461145,0.0,9.471042288203817e-06,0.0,0.0,0.0,0.0,0.0,0.0,0.0,0.0,0.0,0.0,0.0,0.0,4.735521144101908e-05,9.471042288203817e-06,0.0,0.0,0.0,0.0,0.0,0.0,0.0,0.0,0.0,9.471042288203817e-06,0.0,0.0,0.0,0.0,0.0,0.0,0.0,0.0,0.0,0.001136525074584458,0.0,0.0,0.0,0.0,0.06456409527868542,0.0,0.0,0.0,0.0,3.788416915281527e-05,0.0,0.0006535019178860634,0.0,0.0,0.0,0.0,0.0,0.0,0.0,0.0,0.0,0.0,0.0,0.0,0.0,0.0,0.0,0.0,0.0,0.0,0.002216223895439693,0.0,0.0,0.0,0.0,0.0,0.0,0.0,0.0,0.0,0.0,0.0,0.0,0.0,0.0,0.0,0.0,0.0,0.0,0.0,0.0,0.0,0.0,0.0,0.0,0.0,0.0,0.0,0.0,0.0,0.0,0.0,0.0,0.0,0.0,0.0,0.0,0.0,0.0,0.0,0.0,0.0,0.0,0.0,0.0,0.0,0.0,0.0,0.0,0.0,0.0,0.0,0.0,0.0,0.0,0.0,0.0,0.000568262537292229,0.0,0.0,0.0,0.0,0.0,0.005161718047071081,0.0,0.0,0.0,0.0,0.0,0.0,0.0,0.0,0.0,0.0,0.0,0.0,0.0,0.0,0.0,0.0,0.0,0.0,0.0,0.0,0.0,0.0,2.841312686461145e-05,0.0,0.012558602074158261,0.0,0.0,0.0,0.0,0.0,9.471042288203817e-06,0.0,0.0,0.0,0.0,0.0,0.0,8.523938059383435e-05,0.0,0.0,0.0,0.0,0.0,0.0,0.0,0.0,0.0,0.0,0.0,0.0,9.471042288203817e-06,0.0,0.0,0.0,0.0,0.0,0.0,0.0,0.0,0.0,0.0,0.004176729649097884,0.0,0.0,0.0,0.0,0.0,0.0,0.0,0.0,0.0,0.0,0.0,0.0,0.0,0.0,0.0,0.0,0.0,0.00015153667661126107,0.0,0.0,0.010957995927451817,9.471042288203817e-06,0.0020362740919638205,0.0,0.0,8.523938059383435e-05,0.00041672586068096796,0.0008145096367855282,0.0,0.0,0.0,0.0,0.00018942084576407633,0.0,0.0
063 STR D1 Sema5a Gaba,0.0011825707268261622,0.0,9.096697898662786e-05,0.25361593741471844,0.0,0.0,0.0,0.0,0.00027290093695988356,0.0013645046847994178,0.0,0.0,0.0,0.0,0.0,0.00927863185663604,0.0,0.0,0.0,0.0,0.0,0.0,0.0,9.096697898662786e-05,0.0,0.0,0.0,0.0,0.0,0.0,0.0,0.0,0.0,0.0013645046847994178,0.00027290093695988356,0.0014554716637860457,0.0,0.0,0.0,0.0,0.0032748112435186027,0.0,0.0,0.00018193395797325572,0.0,0.0,0.0005458018739197671,0.0,0.0,0.32666242154098063,0.0,0.007823160192849996,0.0,0.0,0.0,0.0,0.0,0.0,0.0,0.0,0.0,9.096697898662786e-05,0.0,0.0,0.0,9.096697898662786e-05,0.0,0.0,0.0,0.00018193395797325572,0.0008187028108796507,0.0,0.0,0.0,0.0,0.0,0.0,0.0,0.004730282907304649,0.009187664877649413,0.0,0.0,0.0,0.0,0.0,9.096697898662786e-05,0.0,0.0005458018739197671,0.0,0.0,0.0,0.0,0.0,0.0,0.0,0.0,0.0,0.0,0.00018193395797325572,0.0,0.0,0.0,0.0,0.0,0.0,0.0,0.0,0.00973346675156918,0.0,0.004093514054398254,0.0,0.0,0.0,0.0,0.0,0.0,0.0,0.0,0.0,0.0,0.0,0.0,0.0,0.0,0.0,0.0042754480123715095,0.003729646138451742,0.0,0.0007277358318930229,0.0,0.0,0.0,0.0,0.0,0.0,9.096697898662786e-05,0.0,0.0,0.0,0.0,0.0,9.096697898662786e-05,0.00027290093695988356,0.0,0.0,0.0,0.0,0.0,0.0,0.0,0.0,0.0,9.096697898662786e-05,0.0,0.0,0.0,0.0,0.0,0.0,0.0,0.0,0.0,0.0790503047393796,0.0,0.0,9.096697898662786e-05,0.0,0.040025470754116256,0.0,0.0,0.0,0.0,0.00045483489493313925,0.0,0.0026380423906122077,0.0,0.0,0.0,0.0,0.0,0.0,0.0,0.0,0.0,0.0,0.0,0.0,0.0,0.0,0.0,0.0,0.0,0.0,0.02210497589375057,0.0,0.0,0.0,0.0,0.0,0.0,0.0,0.0,0.0,0.0,0.0,0.0,0.0,0.0,0.0,0.0,0.0,9.096697898662786e-05,0.0,0.0,0.0,0.0,0.0,0.0,0.0,0.0,0.0,0.0,0.0,0.0,0.0,0.0,0.0,0.0,0.0,0.0,0.0,0.0,0.0,0.0,0.0,0.0,0.0,0.0,0.0,0.0,0.0,0.0,0.0,0.0,0.0,0.0,0.0,0.0,0.0,0.0,0.0006367688529063949,0.0,0.0,0.0,0.0,0.0,0.09187664877649414,0.0,0.0,0.0,0.0,0.0,0.0,0.0,0.0,0.0,0.0,0.0,0.0,0.0,0.0,0.0,0.0,0.0,0.0,0.0,0.0,9.096697898662786e-05,0.0,9.096697898662786e-05,0.0,0.05603565905576276,0.0,0.0,0.0,0.0,0.0,9.096697898662786e-05,0.0,0.0,0.0,0.0,0.0,0.0,0.0005458018739197671,9.096697898662786e-05,0.0,0.0,0.0,0.0,0.0,0.0,0.0,0.0,0.0,0.0,0.0,9.096697898662786e-05,0.0,0.0,0.0,0.0,0.0,0.0,0.0,0.0,0.0,0.0,0.011552806331301738,0.0,0.0,0.0,0.0,0.0,0.0,0.0,0.0,0.0,0.0,0.0,0.0,0.0,0.0,0.0,0.0,0.0,0.0006367688529063949,0.0,0.0,0.021013372145911036,0.0,0.006640589466023833,0.0,0.0,0.00027290093695988356,0.0009096697898662785,0.008187028108796507,0.0,0.0,0.0006367688529063949,0.0,0.009642499772582552,0.0,0.0
064 STR-PAL Chst9 Gaba,0.00593640725380174,0.0,8.13206473123526e-05,0.09929251036838253,0.0,0.0,0.000406603236561763,0.0,0.0001626412946247052,0.0021956574774335204,0.00024396194193705782,0.0,0.0,0.0,0.0,0.004797918191428804,0.0,0.0,0.0,0.0,0.0,0.0,0.0,0.0,0.0001626412946247052,0.0,0.0003252825892494104,0.0,0.0001626412946247052,0.0001626412946247052,0.0,0.0,0.0,0.04025372041961454,0.023908270309831666,0.0217939334797105,0.00024396194193705782,0.0,0.0,0.0,0.05424087175733919,0.0,0.0,0.0003252825892494104,0.0,0.0,0.0006505651784988208,0.0005692445311864683,0.0,0.10807514027811661,0.0,0.021062047653899324,0.0,0.0,0.0,0.0,0.0,0.0001626412946247052,0.0,0.0,0.0,0.0,0.0,0.0,0.0,0.00048792388387411563,0.0,0.0001626412946247052,0.0,0.0003252825892494104,0.020086199886151093,0.0,0.0,0.0,0.0,0.0,0.0,0.0,0.008376026673172318,0.02903147109050988,0.0001626412946247052,0.0,0.00024396194193705782,8.13206473123526e-05,0.0,0.00593640725380174,0.0,0.03773278035293161,0.0,0.0,0.0,0.0,0.0,0.0,0.0,0.0,0.0,0.0003252825892494104,0.0001626412946247052,0.0,0.0,0.0,0.0,0.0,0.0,0.0,0.0,0.008294706025859966,0.0,0.0326095795722534,0.0,0.0,0.0,0.0,0.0,0.0,0.0,0.0006505651784988208,0.0,0.0,0.0,0.0,0.0006505651784988208,0.0,0.0,0.01431243392697406,0.02846222655932341,0.0,0.001626412946247052,0.0,0.0,0.0,0.0,0.0,0.0,0.02057412377002521,0.0,0.0,8.13206473123526e-05,0.0,0.0005692445311864683,8.13206473123526e-05,0.000406603236561763,8.13206473123526e-05,0.0001626412946247052,0.0,0.0,0.000406603236561763,0.0,0.0,0.0,0.0,0.0005692445311864683,0.0,0.0,8.13206473123526e-05,0.0,0.0,0.0,0.0,0.0,0.0,0.02651053102382695,0.0,0.00048792388387411563,8.13206473123526e-05,0.00024396194193705782,0.0028462226559323412,0.0,0.0,0.0,0.0001626412946247052,8.13206473123526e-05,0.0,0.010978287387167602,0.0,0.0,0.0,0.0,0.0,0.0,0.0,0.0,0.0,0.0,8.13206473123526e-05,0.0,0.0,0.0,0.0,0.0,0.0,0.0,0.012198097096852892,0.0001626412946247052,0.0,0.0,0.0,0.0,0.0,0.0,0.0,0.0,0.0,0.0,0.0,0.0,0.0,0.0,0.0,0.0,0.000406603236561763,0.0,0.0,0.0,8.13206473123526e-05,0.0,0.0,0.0,0.0,0.0,0.0,0.0,0.0,0.0,0.0,0.0,0.0,8.13206473123526e-05,0.0,0.0,0.0,0.0,0.0,0.0,0.0,0.0,0.0,0.0,0.0,0.0,0.0,0.0,0.0007318858258111735,0.0,0.0,0.0,0.0,0.0,0.0,0.0,8.13206473123526e-05,0.0,0.0,0.0,0.0,0.0892087501016508,0.0,0.0,0.0,0.0,0.0,0.0,8.13206473123526e-05,0.0,0.0,0.0,0.0,0.0,0.0,0.0,0.0,0.0001626412946247052,0.0,8.13206473123526e-05,0.0,0.0,8.13206473123526e-05,0.0,0.0007318858258111735,0.0,0.14279905668049117,8.13206473123526e-05,0.0,0.0,0.0,0.0,0.0009758477677482313,8.13206473123526e-05,0.0,0.0,0.0001626412946247052,0.0,0.0,0.0012198097096852891,0.0,0.0,0.0,8.13206473123526e-05,0.0,0.0,0.0,0.0,0.0,0.0,0.0,0.0,0.0013824510043099942,0.0,0.0,0.0,0.0,0.0,0.0,0.0,0.0,0.0,0.0,0.005204521427990567,0.0,0.0,0.0,0.0,0.0,0.0,0.0,0.0,0.0,0.0,0.0,0.0,0.0,0.0,0.0,0.00024396194193705782,0.0,0.0008945271204358787,0.0,0.0,0.03992843783036513,0.0,0.03456127510774986,0.0,0.0,0.0020330161828088153,0.0008945271204358787,0.02496543872489225,0.0001626412946247052,0.0,0.0007318858258111735,0.0,8.13206473123526e-05,0.0,0.0
065 IA Mgp Gaba,0.026761819803746655,0.0,0.0,0.012488849241748439,0.0,0.0,0.0,0.0,0.001784121320249777,0.013380909901873328,0.001784121320249777,0.0,0.0,0.0,0.0,0.03746654772524532,0.0,0.0,0.0,0.0,0.0,0.0,0.0,0.0,0.0,0.0,0.0,0.0,0.0,0.0,0.0,0.0,0.0,0.01873327386262266,0.045495093666369314,0.003568242640499554,0.0,0.0,0.0008920606601248885,0.0,0.04014272970561998,0.0,0.0,0.001784121320249777,0.0,0.0,0.007136485280999108,0.0,0.0,0.031222123104371096,0.0,0.07582515611061552,0.0,0.0,0.0,0.0,0.0,0.0,0.0,0.0,0.0,0.0026761819803746653,0.0,0.0,0.0,0.0,0.0,0.0026761819803746653,0.0,0.0026761819803746653,0.14272970561998216,0.0,0.0,0.0,0.0,0.0,0.0,0.0,0.007136485280999108,0.0044603033006244425,0.0,0.0,0.0008920606601248885,0.0,0.0,0.0008920606601248885,0.0,0.014272970561998216,0.0,0.0,0.0,0.0,0.0,0.0,0.0,0.0,0.0,0.0,0.0,0.0,0.0,0.0,0.0,0.0,0.0,0.0,0.0,0.008028545941123996,0.0,0.0026761819803746653,0.0,0.0,0.0,0.0,0.0,0.0,0.0,0.0,0.0,0.0,0.0,0.0,0.0,0.0,0.0,0.0,0.0,0.0,0.0026761819803746653,0.0,0.0,0.0,0.0,0.0,0.0,0.003568242640499554,0.0,0.0,0.0,0.0,0.10258697591436218,0.0,0.0,0.0,0.0,0.0,0.0,0.0,0.0,0.0,0.0,0.0,0.0,0.0,0.0,0.0026761819803746653,0.0,0.0,0.0,0.0,0.0,0.0,0.10437109723461195,0.0,0.0,0.0026761819803746653,0.0008920606601248885,0.0,0.0,0.0,0.0,0.0,0.0044603033006244425,0.0,0.003568242640499554,0.0008920606601248885,0.0,0.0,0.0,0.0,0.0,0.0,0.0,0.0,0.0,0.0,0.0,0.0,0.0,0.0,0.0,0.0,0.0,0.1079393398751115,0.0,0.0,0.0,0.0,0.0,0.0,0.0,0.0,0.0,0.0,0.0,0.0,0.0,0.0,0.0,0.0,0.0,0.0,0.0,0.0,0.0,0.0,0.0,0.0008920606601248885,0.0,0.0,0.0,0.0,0.0,0.0,0.0,0.0,0.0,0.0,0.0,0.0,0.0,0.0,0.0,0.0,0.0,0.0,0.0,0.0,0.0,0.0,0.0,0.0,0.0,0.0,0.0,0.0,0.0,0.0,0.0,0.0,0.0,0.0,0.0,0.0,0.0,0.0,0.02230151650312221,0.0,0.0,0.0,0.0,0.0,0.0,0.0,0.0,0.0,0.0,0.0,0.0,0.0,0.0,0.0,0.0,0.0,0.0008920606601248885,0.0,0.0,0.0,0.0008920606601248885,0.0,0.0,0.06601248884924175,0.0,0.0,0.0,0.0,0.0,0.0,0.0,0.0,0.0,0.0,0.0,0.0,0.006244424620874219,0.0,0.0,0.0,0.0,0.0,0.0,0.0,0.0,0.0,0.0,0.0,0.0,0.003568242640499554,0.0,0.0,0.0,0.0,0.0,0.0,0.0,0.0,0.0,0.0,0.0,0.0,0.0,0.0,0.0,0.0,0.0,0.0,0.0,0.0,0.0,0.0,0.0,0.0,0.0,0.0,0.0,0.0,0.0,0.0,0.0,0.030330062444246207,0.0,0.0026761819803746653,0.0,0.0,0.0,0.0,0.021409455842997322,0.0,0.0,0.0,0.0,0.0008920606601248885,0.0,0.0
066 NDB-SI-ant Prdm12 Gaba,0.04311414392059553,0.0,0.0,0.009615384615384616,0.0,0.0,0.0,0.00031017369727047146,0.0,0.0,0.0009305210918114144,0.0,0.0,0.0,0.0,0.14174937965260545,0.0,0.0,0.0,0.0,0.0,0.0,0.0,0.0,0.0,0.0,0.0,0.0,0.0,0.0,0.0,0.0,0.0,0.00031017369727047146,0.0037220843672456576,0.0006203473945409429,0.0,0.0,0.0,0.0,0.0018610421836228288,0.0,0.0,0.0,0.0,0.0,0.003411910669975186,0.0,0.0,0.0024813895781637717,0.0,0.008374689826302729,0.0,0.0,0.0,0.0,0.0,0.00031017369727047146,0.0,0.0,0.0,0.003101736972704715,0.0,0.0,0.0,0.0,0.0,0.0,0.0,0.00031017369727047146,0.003411910669975186,0.0,0.0,0.0,0.0,0.0,0.0,0.0,0.0015508684863523574,0.0,0.0,0.0,0.0,0.0,0.0,0.0015508684863523574,0.0,0.0009305210918114144,0.0,0.0,0.0,0.0,0.0,0.0,0.0021712158808933004,0.0,0.0,0.0,0.00031017369727047146,0.0,0.0,0.0,0.0,0.0,0.0,0.0,0.0,0.028846153846153848,0.0,0.0,0.0,0.0,0.0,0.0,0.0,0.005893300248138958,0.0,0.0006203473945409429,0.0,0.0,0.0,0.0,0.0,0.0,0.00031017369727047146,0.10390818858560794,0.0037220843672456576,0.0,0.015818858560794045,0.0,0.0,0.0,0.0,0.0,0.0,0.004652605459057072,0.0,0.0,0.0,0.0,0.019851116625310174,0.0,0.0,0.0,0.0,0.0,0.0,0.019851116625310174,0.0,0.0,0.0,0.0,0.007444168734491315,0.0,0.0,0.0009305210918114144,0.0,0.0,0.0,0.0,0.0,0.0,0.10390818858560794,0.0,0.0,0.00031017369727047146,0.0024813895781637717,0.007133995037220843,0.0,0.0,0.0,0.0,0.0024813895781637717,0.0,0.015818858560794045,0.0,0.0,0.0,0.0,0.0,0.0,0.0,0.0,0.0,0.0,0.0,0.0,0.0,0.0,0.0,0.0,0.0,0.0,0.11290322580645161,0.00031017369727047146,0.0,0.0,0.0,0.0,0.0,0.0,0.0,0.0,0.0,0.0,0.0,0.0,0.0,0.0,0.0,0.0,0.0,0.0,0.0,0.0,0.0,0.0,0.00031017369727047146,0.0,0.0,0.0,0.0,0.0,0.0,0.0,0.0,0.0,0.0,0.0,0.0,0.0,0.0,0.0,0.0,0.0,0.0,0.0,0.0,0.0,0.0,0.0,0.0,0.0,0.0,0.0,0.0,0.0,0.0,0.0,0.0,0.0,0.011166253101736972,0.0,0.0,0.0,0.0,0.06482630272952854,0.0,0.0,0.0,0.0,0.0,0.0,0.00031017369727047146,0.0,0.0,0.0,0.0,0.0,0.0,0.0,0.0,0.0,0.0,0.0,0.0,0.0,0.0,0.0,0.0,0.0,0.15632754342431762,0.0,0.0,0.0,0.0,0.0,0.0,0.0006203473945409429,0.0,0.0,0.0,0.0,0.0015508684863523574,0.05800248138957816,0.0,0.0,0.0,0.0009305210918114144,0.0,0.0,0.0,0.0,0.0,0.0,0.0,0.0,0.0,0.0,0.0,0.0,0.0,0.0,0.0,0.0,0.0,0.0,0.0,0.0,0.0,0.0,0.0,0.0,0.00031017369727047146,0.0,0.0,0.0,0.0,0.0,0.0,0.0,0.0,0.0,0.0,0.002791563275434243,0.0,0.0006203473945409429,0.0,0.0,0.0012406947890818859,0.0,0.0,0.0,0.0,0.003101736972704715,0.0015508684863523574,0.005583126550868486,0.0,0.0,0.00031017369727047146,0.0,0.003101736972704715,0.0,0.0
067 LSX Sall3 Pax6 Gaba,0.0,0.0,0.0010193679918450561,0.0,0.0,0.0,0.0010193679918450561,0.0,0.0,0.0,0.0,0.0,0.0,0.0,0.0,0.009174311926605505,0.0,0.0,0.0,0.0,0.0,0.0,0.0,0.0,0.0,0.0,0.0,0.0,0.0,0.0,0.0,0.0,0.0,0.0,0.0,0.0010193679918450561,0.0,0.0,0.0,0.0,0.0,0.0,0.0,0.0,0.0,0.0,0.0,0.0,0.0,0.0,0.0,0.0,0.0,0.0,0.0,0.0,0.0,0.0010193679918450561,0.0,0.0,0.0,0.0010193679918450561,0.0,0.0,0.0,0.0,0.0,0.0,0.0,0.0,0.0,0.0,0.0,0.0,0.0,0.0,0.0,0.0,0.0,0.0,0.0,0.0,0.0,0.0,0.0,0.0,0.0,0.0,0.0,0.0,0.0,0.0,0.0,0.0,0.0,0.0,0.0,0.0,0.0,0.0,0.0,0.0,0.0,0.0,0.0,0.0,0.0,0.0020387359836901123,0.0,0.0,0.0,0.0,0.0,0.0,0.0,0.0,0.0,0.0,0.0,0.0,0.0,0.0,0.0010193679918450561,0.0,0.0,0.3251783893985729,0.3486238532110092,0.0,0.0,0.0,0.0,0.0,0.0,0.0,0.0,0.0,0.0,0.0,0.0,0.0,0.0061162079510703364,0.0,0.0,0.0,0.0,0.0,0.0,0.0030581039755351682,0.0,0.0,0.0,0.0,0.0010193679918450561,0.0,0.0,0.0,0.0,0.0,0.0,0.0,0.0,0.0,0.0010193679918450561,0.0,0.0,0.0,0.0,0.0,0.0,0.0,0.0,0.0,0.0,0.0,0.0,0.0,0.0,0.0,0.0,0.0,0.0,0.0,0.0,0.0,0.0,0.0,0.0,0.0,0.0,0.0,0.0,0.0,0.0,0.0,0.0,0.0,0.0,0.0,0.0,0.0,0.0,0.0,0.0,0.0,0.0,0.0,0.0,0.0,0.0,0.0,0.0,0.0,0.0,0.0,0.0,0.0,0.0,0.0,0.0,0.0,0.0,0.0,0.0,0.0,0.0,0.0,0.0,0.0,0.0,0.0,0.0,0.0,0.0,0.0,0.0,0.0,0.0,0.0,0.0,0.0,0.0,0.0,0.0,0.0,0.0,0.0,0.0,0.0,0.0,0.0,0.0,0.10703363914373089,0.0,0.0,0.0,0.0,0.0061162079510703364,0.0,0.0,0.0,0.0,0.0,0.0,0.0,0.0,0.0,0.0,0.0,0.0,0.0,0.0,0.0,0.0,0.0,0.0,0.0,0.0,0.0,0.0,0.0,0.0,0.03058103975535168,0.0,0.0,0.0,0.0,0.0,0.0,0.0,0.0,0.0,0.0,0.0,0.0061162079510703364,0.0,0.0,0.0,0.0,0.03058103975535168,0.0,0.0,0.0,0.0,0.0,0.0,0.0,0.0,0.0,0.0,0.0,0.0,0.0,0.0,0.0,0.0,0.0,0.0,0.0,0.0020387359836901123,0.0,0.0,0.0,0.0,0.0,0.0,0.0,0.0,0.0,0.0,0.0,0.0,0.0,0.0,0.0,0.0,0.0,0.0061162079510703364,0.0,0.0,0.0,0.0,0.0,0.0,0.0,0.0,0.0,0.109072375127421,0.0,0.0,0.0,0.0,0.0,0.0,0.0
068 LSX Otx2 Gaba,0.0,0.0,0.0,0.0,0.0,0.0,0.001059322033898305,0.0,0.0,0.0,0.0,0.0,0.0,0.0,0.0,0.0,0.0,0.0,0.0,0.0,0.0,0.0,0.0,0.0,0.0,0.0,0.0,0.0,0.0,0.0005296610169491525,0.0,0.0,0.0,0.0,0.0,0.0031779661016949155,0.0,0.0,0.0,0.0,0.0,0.0,0.0,0.0,0.0,0.0,0.0,0.0,0.0,0.0,0.0,0.0,0.0,0.0,0.0,0.0,0.0,0.0,0.0,0.0,0.0,0.0,0.0,0.0,0.0,0.0,0.0,0.0,0.0,0.0,0.0,0.0,0.0,0.0,0.0,0.0,0.0,0.0,0.0,0.0,0.0,0.0,0.0,0.0,0.0,0.0015889830508474577,0.0,0.0,0.0,0.0,0.0,0.0,0.0,0.0,0.0,0.0,0.0,0.0,0.0,0.0,0.0,0.0,0.0,0.0,0.0,0.0,0.0,0.0,0.0,0.0,0.0,0.0,0.0,0.0,0.0,0.0,0.0,0.0,0.0,0.0,0.0,0.0,0.0,0.0,0.015360169491525424,0.482521186440678,0.4094279661016949,0.0,0.0,0.0,0.0,0.0,0.0,0.0,0.0,0.0,0.0,0.0,0.0,0.0,0.0,0.0,0.0,0.0,0.0,0.0,0.0,0.00847457627118644,0.0,0.0,0.0,0.0,0.0,0.0,0.0,0.0,0.0,0.0,0.0,0.0,0.0,0.0,0.0,0.0,0.0,0.0,0.0,0.0,0.0,0.0,0.0,0.0,0.0,0.0,0.0,0.0,0.0,0.0,0.0,0.0,0.0,0.0,0.0,0.0,0.0,0.0,0.0,0.0,0.0,0.0,0.0,0.0,0.0,0.0,0.0,0.0,0.0,0.0,0.0,0.0,0.0,0.0,0.0,0.0,0.0,0.0,0.0,0.0,0.0,0.0,0.0,0.0,0.0,0.0,0.0,0.0,0.0015889830508474577,0.0,0.00423728813559322,0.0,0.0,0.0,0.0,0.0,0.0,0.0,0.0,0.0,0.0,0.0,0.0,0.0,0.0,0.0,0.0,0.0,0.0,0.0,0.0,0.0,0.0,0.0,0.0,0.0,0.0,0.0,0.0,0.0,0.0,0.0,0.0,0.023305084745762712,0.0,0.0,0.0,0.0015889830508474577,0.0005296610169491525,0.0,0.0,0.0,0.0,0.0,0.0,0.0,0.0,0.0,0.0,0.0,0.0,0.0,0.0,0.0,0.0,0.0,0.0,0.0,0.0,0.0,0.0,0.0,0.0,0.023834745762711863,0.0,0.0,0.0,0.0,0.0,0.0,0.0005296610169491525,0.0,0.0,0.0,0.0,0.0005296610169491525,0.0005296610169491525,0.0,0.0,0.0,0.004766949152542373,0.0,0.0,0.0,0.0,0.0,0.0,0.0,0.0,0.0,0.0,0.0,0.0,0.0,0.0,0.0,0.0,0.0,0.0,0.0,0.0005296610169491525,0.0,0.0,0.0,0.0,0.0,0.0,0.0,0.0,0.0,0.0,0.0,0.0,0.0,0.0,0.0,0.0,0.0,0.00211864406779661,0.0,0.0,0.001059322033898305,0.0,0.0,0.0,0.0,0.00211864406779661,0.0,0.0031779661016949155,0.007415254237288136,0.0,0.0,0.0,0.0,0.0,0.0
069 LSX Nkx2-1 Gaba,0.0,0.0,0.0,0.00024396194193705782,0.0,0.0,0.0007318858258111735,0.00024396194193705782,0.0,0.0,0.0,0.0,0.0,0.0,0.0,0.0,0.0,0.0,0.0,0.0,0.0,0.0,0.0,0.0,0.0,0.0,0.0,0.0,0.0,0.0,0.0,0.0,0.0,0.0,0.0,0.008782629909734082,0.0,0.0,0.0,0.0,0.0,0.0,0.0,0.0,0.0,0.0,0.0,0.0,0.0,0.0,0.0,0.0,0.0,0.0,0.0,0.0,0.0,0.0,0.0,0.0,0.0,0.0,0.0,0.0,0.0,0.0,0.0,0.0,0.0,0.0,0.0,0.0,0.0,0.0,0.0,0.0,0.0,0.0,0.0,0.0,0.0,0.0,0.0,0.0,0.0,0.00048792388387411563,0.0,0.0,0.0,0.0,0.0,0.0,0.0,0.0,0.0,0.0,0.0,0.0,0.0,0.0,0.0,0.0,0.0,0.0,0.0,0.0,0.0,0.0,0.0,0.0,0.0,0.0,0.0,0.0,0.0,0.0,0.0,0.0,0.0,0.0,0.0,0.0,0.0,0.0,0.028543547206635766,0.6743108075140278,0.19272993413027567,0.0,0.0,0.0,0.0,0.0,0.0,0.0,0.0,0.00024396194193705782,0.0,0.0,0.0,0.0,0.0,0.0,0.0,0.0,0.0009758477677482313,0.0,0.0,0.002683581361307636,0.0,0.0,0.0,0.0,0.00024396194193705782,0.0,0.0,0.0,0.0,0.0,0.0,0.0,0.0,0.0,0.0,0.0,0.0,0.0,0.0,0.0,0.0,0.0,0.0,0.0,0.0,0.0,0.0017077335935594047,0.0,0.0,0.0,0.0,0.0,0.0,0.0,0.0,0.00024396194193705782,0.0,0.0,0.0,0.0,0.0,0.0,0.0,0.0,0.0,0.0,0.0,0.0,0.0,0.0,0.0,0.0,0.0,0.0,0.0,0.0,0.0,0.0,0.0,0.0,0.0,0.0,0.0,0.00024396194193705782,0.0,0.0,0.0,0.0,0.0,0.0,0.0,0.0,0.0,0.0,0.00024396194193705782,0.0,0.0,0.0,0.0,0.0,0.0,0.0,0.0,0.0,0.0,0.0,0.0,0.0,0.0,0.0,0.0,0.0,0.0,0.0,0.0,0.0,0.0,0.0,0.0,0.0,0.0,0.0,0.0,0.03561844352281044,0.0,0.0,0.0,0.010734325445230545,0.00048792388387411563,0.0,0.0,0.0,0.0,0.0,0.0,0.0,0.0,0.0,0.0,0.0,0.0,0.0,0.0,0.0,0.0,0.0,0.0,0.0,0.0,0.0,0.0,0.0,0.0,0.019516955354964626,0.0,0.0,0.0,0.0,0.0,0.0,0.0,0.0,0.0,0.0,0.0,0.009270553793608197,0.00048792388387411563,0.0,0.0,0.0,0.0,0.0,0.0,0.0,0.0,0.0,0.0,0.0,0.0,0.0,0.0,0.0,0.0,0.0,0.0,0.0,0.0,0.0,0.0,0.0,0.0,0.0,0.0,0.0,0.0,0.0,0.0,0.0,0.0,0.0,0.0,0.0,0.0,0.0,0.0,0.0,0.0,0.0,0.00048792388387411563,0.0,0.0,0.0019516955354964625,0.0,0.0,0.0,0.0,0.0,0.0,0.008782629909734082,0.0,0.0,0.0,0.0,0.0,0.0,0.0
070 LSX Prdm12 Slit2 Gaba,0.0,0.0,0.0,0.004761904761904762,0.0,0.0,0.0,0.0,0.0,0.0,0.0,0.0,0.0,0.0,0.0,0.0016563146997929607,0.0,0.0,0.0,0.0,0.0,0.0,0.0,0.0,0.0,0.0,0.0,0.0,0.0,0.0,0.0,0.0,0.0,0.0,0.0,0.0006211180124223603,0.0,0.0,0.0,0.0,0.0,0.0,0.0,0.0,0.0,0.0,0.0,0.0,0.0,0.0,0.0,0.0,0.0,0.0,0.0,0.0,0.0,0.0,0.0,0.0,0.0,0.00041407867494824016,0.0,0.0,0.0,0.0,0.0,0.0,0.0,0.0,0.0,0.0,0.0,0.0,0.0,0.0,0.0,0.0,0.0,0.0,0.0,0.0,0.0,0.0,0.0,0.0,0.0,0.0,0.0,0.0,0.0,0.0,0.0,0.0,0.0,0.0,0.0,0.0,0.0,0.0,0.0,0.0,0.0,0.0,0.0,0.0,0.0,0.0,0.0,0.0,0.0,0.0,0.0,0.0,0.0,0.0,0.0,0.0,0.0,0.0,0.0,0.0,0.0,0.0,0.005175983436853002,0.6606625258799171,0.20062111801242236,0.0,0.0,0.0,0.0,0.0,0.0,0.0,0.0,0.0,0.0,0.0,0.0,0.0,0.00020703933747412008,0.0,0.0,0.0,0.0,0.0,0.0,0.00041407867494824016,0.0,0.0,0.0,0.0,0.0,0.0,0.0,0.0,0.0,0.0,0.0,0.0,0.0,0.0,0.006004140786749482,0.0,0.0,0.00020703933747412008,0.0,0.00020703933747412008,0.0,0.0,0.0,0.0,0.0,0.0,0.00020703933747412008,0.0,0.0,0.0,0.0,0.0,0.0,0.0,0.0,0.0,0.0,0.0,0.0,0.0,0.0,0.0,0.0,0.0,0.0,0.0,0.0,0.0,0.0,0.0,0.0,0.0,0.0,0.0,0.0,0.0,0.0,0.0,0.0,0.0,0.0,0.0,0.0,0.0,0.0,0.0,0.0,0.0,0.0,0.0,0.0,0.0,0.0,0.0,0.0,0.0,0.0,0.0,0.0,0.0,0.0,0.0,0.0,0.0,0.0,0.0,0.0,0.0,0.0,0.0,0.0,0.0,0.0,0.0,0.0,0.0,0.0,0.0,0.0,0.0,0.0,0.0,0.0,0.021532091097308487,0.00020703933747412008,0.0,0.0,0.004554865424430642,0.0016563146997929607,0.0,0.0,0.0,0.0,0.0,0.0,0.0,0.0,0.0,0.0,0.0,0.0,0.0,0.0,0.0,0.0,0.0,0.0,0.0,0.0,0.0,0.0,0.0,0.0,0.05010351966873706,0.0,0.0,0.0,0.0,0.0,0.0,0.0,0.0,0.0,0.0,0.0,0.005175983436853002,0.007246376811594203,0.0,0.0,0.0,0.008902691511387164,0.0,0.0,0.0,0.0,0.0,0.0,0.0,0.0,0.0,0.0,0.0,0.0,0.0,0.0,0.0,0.0,0.0,0.0,0.0,0.0008281573498964803,0.0,0.0,0.0,0.0,0.0,0.0,0.0,0.0,0.0,0.0,0.0,0.0,0.0,0.0,0.0,0.0,0.0,0.0008281573498964803,0.0,0.0,0.0006211180124223603,0.0,0.0,0.0,0.0,0.0,0.0,0.017184265010351966,0.0,0.0,0.0,0.0,0.0,0.0,0.0
071 LSX Prdm12 Zeb2 Gaba,0.0,0.0,0.0002213368747233289,0.0,0.0,0.0,0.0,0.0,0.0,0.0,0.0,0.0,0.0,0.0,0.0,0.0,0.0,0.0,0.0,0.0,0.0,0.0,0.0,0.0,0.0,0.0,0.0,0.0,0.0,0.0,0.0,0.0,0.0,0.0,0.0,0.0,0.0,0.0,0.0017706949977866313,0.0,0.0,0.0,0.0,0.0,0.0,0.0,0.0,0.0,0.0,0.0,0.0,0.0,0.0,0.0,0.0,0.0,0.0,0.0004426737494466578,0.0,0.0,0.0,0.0,0.0,0.0,0.0,0.0,0.0,0.0,0.0,0.0,0.0,0.0,0.0,0.0,0.0,0.0,0.0,0.0,0.0,0.0,0.0,0.0,0.0,0.0,0.0,0.0,0.0,0.0,0.0,0.0,0.0,0.0,0.0,0.0,0.0,0.0,0.0,0.0,0.0,0.0,0.0,0.0,0.0,0.0,0.0,0.0,0.0,0.0,0.0,0.0,0.0,0.0,0.0,0.0,0.0,0.0,0.0,0.0,0.0,0.0,0.0,0.0,0.0,0.0,0.3421868083222665,0.4305002213368747,0.04050464807436919,0.0,0.0,0.0,0.0,0.0,0.0,0.0,0.0,0.0,0.0,0.0,0.0,0.0,0.0,0.0,0.0,0.0,0.0,0.0,0.0,0.0,0.0,0.0,0.0,0.0,0.0,0.0,0.0,0.0,0.0,0.0,0.0,0.0,0.0,0.0,0.0008853474988933156,0.0,0.0,0.0,0.0,0.0,0.0,0.0,0.0,0.0,0.0,0.0,0.0,0.0,0.0,0.0,0.0,0.0,0.0,0.0,0.0,0.0,0.0,0.0,0.0,0.0,0.0,0.0,0.0,0.0,0.0,0.0,0.0,0.0,0.0,0.0,0.0,0.0,0.0,0.0,0.0,0.0,0.0,0.0,0.0,0.0,0.0,0.0,0.0,0.0,0.0,0.0,0.0,0.0,0.0,0.0,0.0,0.0,0.0,0.0,0.0,0.0,0.0,0.0,0.0,0.0,0.0,0.0,0.0,0.0,0.0,0.0,0.0,0.0,0.0,0.0,0.0,0.0,0.0,0.0,0.0,0.0,0.0,0.0,0.0,0.0,0.0,0.0,0.0,0.031208499335989376,0.0,0.0,0.0,0.015493581230633024,0.0,0.0,0.0,0.0,0.0,0.0,0.0,0.0,0.0,0.0,0.0,0.0,0.0,0.0,0.0,0.0,0.0,0.0,0.0,0.0,0.0,0.0002213368747233289,0.0,0.0,0.0,0.022355024347056218,0.0,0.0,0.0,0.0,0.0,0.0,0.0,0.0,0.0,0.0,0.0,0.012837538733953076,0.002213368747233289,0.0,0.0,0.0,0.0013280212483399733,0.0,0.0,0.0,0.0,0.0,0.0,0.0,0.0,0.0,0.0,0.0,0.0,0.0,0.0,0.0,0.0,0.0,0.0,0.0,0.0035413899955732625,0.0,0.0,0.0,0.0,0.0,0.0,0.0,0.0,0.0,0.0,0.0,0.0,0.0,0.0,0.0,0.0,0.0,0.012837538733953076,0.0,0.0,0.027224435590969456,0.0,0.0,0.0,0.0,0.0,0.0,0.05422753430721558,0.0,0.0,0.0,0.0,0.0,0.0,0.0
072 LSX Sall3 Lmo1 Gaba,0.0,0.0,0.0,0.0,0.0,0.0,0.0,0.0,0.0,0.0,0.0,0.0,0.0,0.0,0.0,0.0040853381752156154,0.0,0.0,0.0,0.0,0.0,0.0,0.0,0.0,0.0,0.0,0.0,0.0,0.0,0.0,0.0,0.0,0.0,0.0,0.0,0.0,0.0,0.0,0.03449841125737631,0.0,0.0,0.0,0.0,0.0,0.0,0.0,0.0,0.0,0.0,0.0,0.0,0.0,0.0,0.0,0.0,0.0,0.0,0.01997276441216523,0.0,0.0,0.0,0.00045392646391284613,0.0,0.0,0.0,0.0,0.0,0.0,0.0,0.0,0.0,0.0,0.0,0.00045392646391284613,0.0,0.0,0.0,0.0,0.0,0.0,0.0,0.0,0.0,0.0,0.0031774852473899226,0.0,0.0,0.0,0.0,0.0,0.0,0.0,0.0,0.0,0.0,0.0,0.0,0.0,0.0,0.0,0.0,0.0,0.0,0.0,0.0,0.0,0.0,0.0,0.0,0.0,0.0,0.0,0.0,0.0,0.0,0.0,0.0,0.0,0.0,0.0,0.0,0.0,0.0,0.0,0.03449841125737631,0.4058102587380844,0.03676804357694054,0.0,0.0,0.0,0.0,0.0,0.0,0.0,0.0,0.0,0.0,0.0,0.0,0.0,0.0,0.0,0.0,0.0,0.0,0.0,0.0,0.0031774852473899226,0.0,0.0,0.0,0.0,0.0,0.0,0.0,0.0,0.0,0.0,0.0,0.0,0.0,0.0,0.0022696323195642307,0.0,0.0,0.0,0.0,0.00045392646391284613,0.0,0.0,0.0,0.0,0.0,0.0,0.0,0.0,0.0,0.0,0.0,0.0,0.0,0.0,0.0,0.0,0.0,0.0,0.0,0.0,0.0,0.0,0.0,0.0,0.0,0.0,0.0,0.0,0.0,0.0,0.0,0.0,0.0,0.0,0.0,0.0,0.0,0.0,0.0,0.0,0.0,0.0,0.0,0.0,0.0,0.0,0.0,0.0,0.0,0.0,0.0,0.0,0.0,0.0,0.0,0.0,0.0,0.0,0.0,0.0,0.0,0.0,0.0,0.0,0.0,0.0,0.0,0.0,0.0,0.0,0.0,0.0,0.0,0.0,0.0,0.0,0.0,0.0,0.0,0.0,0.0,0.0,0.0,0.12346799818429414,0.0,0.0,0.0,0.04221516114389469,0.0,0.0,0.0,0.0,0.0,0.0,0.0,0.0,0.0,0.0,0.0,0.0,0.0,0.0,0.0,0.0,0.0,0.0,0.0,0.0,0.0,0.0,0.0,0.0,0.0,0.026327734906945077,0.0,0.0,0.0,0.0,0.0,0.0,0.0,0.0,0.0,0.0,0.0,0.048116205174761686,0.0018157058556513845,0.0,0.0,0.0,0.012256014525646845,0.0,0.0,0.0,0.0,0.0,0.0,0.0,0.0,0.0,0.0,0.0,0.0,0.0,0.0,0.0,0.0,0.0,0.0,0.0,0.0,0.0,0.0,0.0,0.0,0.0,0.0,0.0,0.0,0.0,0.0,0.0,0.0,0.0,0.0,0.0,0.0,0.0,0.01861098502042669,0.0,0.0,0.006808896958692692,0.0,0.0,0.0,0.0,0.0,0.0,0.17385383567862006,0.00045392646391284613,0.0,0.0,0.0,0.00045392646391284613,0.0,0.0
073 MEA-BST Sox6 Gaba,0.04312590448625181,0.0,0.0,0.0,0.0,0.0,0.0,0.004630969609261939,0.0,0.0,0.0002894356005788712,0.0,0.0,0.0,0.0,0.0002894356005788712,0.0,0.0,0.0,0.0,0.0,0.0,0.0,0.0,0.0,0.0,0.0,0.0,0.0,0.0002894356005788712,0.0,0.0,0.0005788712011577424,0.0023154848046309695,0.03560057887120116,0.1296671490593343,0.0002894356005788712,0.0,0.0002894356005788712,0.0,0.04167872648335745,0.0,0.0,0.0,0.0,0.0,0.06454413892908828,0.004341534008683068,0.0,0.0002894356005788712,0.0002894356005788712,0.004341534008683068,0.0,0.0,0.0,0.0,0.0,0.0,0.0,0.0,0.0,0.0,0.0,0.0,0.0,0.0005788712011577424,0.0,0.0,0.0,0.0,0.0031837916063675834,0.0,0.0,0.0,0.0,0.0,0.0,0.0,0.0002894356005788712,0.0017366136034732273,0.0011577424023154848,0.0,0.0,0.0,0.0,0.07351664254703329,0.0,0.006078147612156295,0.0,0.0,0.0,0.0,0.0002894356005788712,0.0,0.0,0.0,0.0,0.009840810419681621,0.0,0.0,0.0,0.0,0.0,0.0,0.0,0.0,0.0,0.0002894356005788712,0.0,0.0011577424023154848,0.0,0.0,0.0,0.0,0.0,0.0005788712011577424,0.0,0.004920405209840811,0.0,0.0,0.0,0.0,0.0008683068017366136,0.0,0.0,0.0,0.0,0.0,0.006367583212735167,0.0,0.0,0.0,0.0,0.0,0.0,0.41389290882778584,0.0,0.0,0.0,0.0,0.0,0.0,0.0,0.005788712011577424,0.008104196816208394,0.0,0.0,0.0,0.0,0.0,0.0,0.0,0.004052098408104197,0.0,0.0,0.008393632416787264,0.0,0.0,0.0,0.0,0.0,0.0,0.013314037626628075,0.0,0.0,0.0,0.0,0.0002894356005788712,0.0,0.0,0.0,0.0,0.010419681620839363,0.0,0.029522431259044864,0.0,0.0,0.0,0.0,0.0,0.0,0.0,0.0,0.0002894356005788712,0.0,0.0,0.0,0.0,0.0,0.0,0.0,0.0,0.0,0.008683068017366137,0.0,0.0,0.0,0.0,0.0,0.0,0.0,0.0,0.0,0.0,0.0,0.0,0.0,0.0,0.0,0.0,0.0,0.0,0.0,0.0,0.0,0.0,0.0,0.0,0.0,0.0,0.0,0.0,0.0,0.0,0.0,0.0,0.0002894356005788712,0.0,0.0002894356005788712,0.0,0.0,0.0,0.0,0.0,0.0,0.0,0.0,0.0,0.0,0.0,0.0,0.0,0.0,0.0008683068017366136,0.0,0.0,0.0,0.0,0.0,0.0,0.0,0.0,0.0,0.0,0.0,0.0,0.02373371924746744,0.0,0.0,0.0,0.0,0.0,0.0,0.0002894356005788712,0.0,0.0,0.0,0.0,0.0,0.0,0.0,0.0,0.0,0.0,0.0,0.0,0.0,0.0,0.0,0.0002894356005788712,0.0,0.01447178002894356,0.0,0.0,0.0,0.0,0.0,0.0,0.0002894356005788712,0.0,0.0,0.0005788712011577424,0.0,0.0,0.0,0.0,0.0,0.0,0.0,0.0,0.0,0.0,0.0,0.0,0.0,0.0,0.0,0.0,0.0,0.0,0.0,0.0,0.0,0.0,0.0,0.0,0.0,0.0,0.0,0.0,0.0,0.0,0.0,0.0,0.0,0.0,0.0,0.0,0.0,0.0,0.0,0.0,0.0,0.0,0.0,0.0,0.0005788712011577424,0.0,0.0,0.0002894356005788712,0.0,0.0005788712011577424,0.0,0.0002894356005788712,0.0008683068017366136,0.0,0.005788712011577424,0.0034732272069464545,0.0,0.0,0.0,0.0005788712011577424,0.0,0.0
074 MEA-BST Lhx6 Sp9 Gaba,0.031668299053215804,0.0,0.0,0.0,0.0,0.0,0.0,0.000652954619653934,0.0,0.0,0.0,0.0,0.0,0.0,0.0,0.0,0.0,0.0,0.0,0.0,0.0,0.0,0.0,0.0,0.0,0.0,0.0,0.0,0.0,0.0,0.0,0.0,0.0,0.0,0.010120796604635978,0.2226575253019915,0.0,0.0,0.0,0.0,0.08651648710414626,0.0,0.0,0.0,0.0,0.0,0.008488410055501142,0.0,0.0,0.0,0.0,0.000652954619653934,0.0,0.0,0.0,0.0,0.0,0.0,0.0,0.0,0.0,0.0,0.0,0.0,0.0,0.0,0.0,0.0,0.0,0.0,0.0,0.0,0.0,0.0,0.0,0.0,0.0,0.0,0.0,0.0,0.0,0.0,0.0,0.0,0.0,0.05811296114920013,0.0,0.00881488736532811,0.0,0.0,0.0,0.0,0.0,0.0,0.0,0.0,0.0,0.012732615083251714,0.0,0.0,0.0,0.0,0.0,0.0,0.0,0.0,0.0,0.0,0.0,0.0,0.0,0.0,0.0,0.0,0.0,0.0,0.0,0.017956252040483185,0.0,0.0,0.0,0.0,0.004570682337577538,0.0,0.0,0.0,0.004570682337577538,0.0,0.005223636957231472,0.0,0.0,0.0,0.0,0.0,0.0,0.3751224289911851,0.0,0.0,0.0,0.0,0.0,0.0,0.0,0.02611818478615736,0.0287300032647731,0.0,0.0,0.0,0.0,0.0,0.0,0.0,0.00652954619653934,0.0,0.0,0.002938295788442703,0.0,0.0,0.0,0.0,0.0,0.0,0.001305909239307868,0.0,0.0,0.0,0.0,0.0,0.0,0.0,0.0,0.0,0.000326477309826967,0.0,0.02415932092719556,0.0,0.0,0.0,0.0,0.0,0.0,0.0,0.0,0.0,0.0,0.0,0.0,0.0,0.0,0.0,0.0,0.0,0.0,0.0,0.0,0.0,0.0,0.0,0.0,0.0,0.0,0.0,0.0,0.0,0.0,0.0,0.0,0.0,0.0,0.0,0.0,0.0,0.0,0.0,0.0,0.0,0.0,0.0,0.0,0.0,0.0,0.0,0.0,0.0,0.0,0.0,0.0,0.0,0.0,0.0,0.0,0.0,0.0,0.0,0.0,0.0,0.0,0.0,0.0,0.0,0.0,0.0,0.0,0.0009794319294809011,0.0,0.0,0.0,0.0,0.0,0.0,0.0,0.0,0.0,0.0,0.0,0.0,0.019588638589618023,0.0,0.0,0.0,0.0,0.0,0.0,0.0009794319294809011,0.0,0.0,0.0,0.0,0.0,0.0,0.0,0.0,0.0,0.0,0.0,0.0,0.0,0.0,0.0,0.0,0.0,0.01110022853411688,0.0,0.0,0.0,0.0,0.0,0.0,0.000326477309826967,0.0,0.0,0.0,0.0,0.0,0.0,0.0,0.0,0.0,0.0,0.0,0.0,0.0,0.0,0.0,0.0,0.0,0.0,0.0,0.0,0.0,0.0,0.0,0.0,0.0,0.0,0.0,0.0,0.0,0.0,0.000326477309826967,0.0,0.0,0.0,0.0,0.0,0.0,0.0,0.0,0.0,0.0,0.0,0.0,0.0,0.0,0.000326477309826967,0.0,0.001305909239307868,0.0,0.0,0.000326477309826967,0.0,0.0,0.0,0.0,0.009467841984982043,0.0,0.008488410055501142,0.00881488736532811,0.0,0.0,0.0,0.0,0.0,0.0
075 MEA-BST Lhx6 Nr2e1 Gaba,0.020942408376963352,0.0,0.0,0.0013089005235602095,0.0,0.0,0.0,0.0,0.0,0.0013089005235602095,0.0,0.0,0.0,0.0,0.0,0.0,0.0,0.0,0.0,0.0,0.0,0.0,0.0,0.0,0.0,0.0,0.0,0.0,0.0,0.0013089005235602095,0.0,0.0,0.0,0.034031413612565446,0.11125654450261781,0.03664921465968586,0.0,0.0,0.0013089005235602095,0.0,0.13350785340314136,0.0,0.0,0.0013089005235602095,0.0,0.0,0.020942408376963352,0.007853403141361256,0.0,0.0013089005235602095,0.0,0.014397905759162303,0.0,0.0,0.0,0.0,0.0,0.0,0.0,0.0,0.0,0.0,0.0,0.0,0.0,0.0,0.0,0.007853403141361256,0.0,0.0013089005235602095,0.04581151832460733,0.0,0.0,0.0,0.0,0.0,0.0,0.0,0.0,0.0,0.0,0.0,0.0,0.0,0.0,0.005235602094240838,0.0,0.034031413612565446,0.0,0.0,0.0,0.0,0.0,0.0,0.0,0.0,0.0,0.006544502617801047,0.0,0.0,0.0,0.0,0.0,0.0,0.0,0.0,0.0,0.0,0.0,0.002617801047120419,0.0,0.0,0.0,0.0,0.0,0.0,0.0,0.003926701570680628,0.0,0.0,0.0,0.0,0.0013089005235602095,0.0,0.0,0.0013089005235602095,0.0,0.0,0.009162303664921465,0.0,0.0,0.0,0.0,0.0,0.0,0.29842931937172773,0.0,0.0,0.0,0.0,0.0,0.0,0.0,0.0,0.005235602094240838,0.0,0.0,0.002617801047120419,0.0,0.0,0.0,0.0,0.01963350785340314,0.0,0.0,0.002617801047120419,0.0,0.0,0.0,0.0,0.0,0.0,0.009162303664921465,0.0,0.0,0.0,0.0,0.0013089005235602095,0.0,0.0,0.0,0.0013089005235602095,0.0013089005235602095,0.0,0.030104712041884817,0.0,0.0,0.0,0.0,0.0,0.0,0.0,0.0,0.0,0.0,0.0,0.0,0.0,0.0,0.0,0.0,0.0,0.0,0.03534031413612566,0.0,0.0,0.0,0.0,0.0,0.0,0.0,0.0,0.0,0.0,0.0,0.0,0.0,0.0,0.0,0.0,0.0,0.0,0.0,0.0,0.0,0.0,0.0,0.0,0.0,0.0,0.0,0.0,0.0,0.0,0.0,0.0,0.0,0.0,0.0,0.0,0.0,0.0,0.0,0.0,0.0,0.0,0.0,0.0,0.0,0.0,0.0,0.0,0.0,0.0013089005235602095,0.0,0.0,0.0,0.0,0.0,0.0,0.0,0.0,0.0,0.0,0.0,0.0,0.024869109947643978,0.0,0.0,0.0,0.0,0.0,0.0,0.0,0.0,0.0,0.0,0.0,0.0,0.0,0.0,0.0,0.0,0.0,0.0,0.0,0.0,0.0,0.0,0.0,0.0,0.02225130890052356,0.0,0.0,0.0,0.0,0.0,0.0,0.0,0.0,0.0,0.0,0.0,0.0,0.0,0.0,0.0,0.0,0.0,0.0,0.0,0.0,0.0,0.0,0.0,0.0,0.0,0.0013089005235602095,0.0,0.0,0.0,0.0,0.0,0.0,0.0,0.0,0.0,0.0,0.0013089005235602095,0.003926701570680628,0.0,0.0,0.0,0.0,0.0,0.0,0.0,0.0,0.0,0.0,0.0,0.0,0.0,0.0,0.0,0.0,0.003926701570680628,0.0,0.0,0.002617801047120419,0.0,0.002617801047120419,0.0,0.0,0.0013089005235602095,0.0,0.01832460732984293,0.002617801047120419,0.0,0.0,0.0,0.0,0.0,0.0
076 MEA-BST Lhx6 Nfib Gaba,0.0,0.0,0.0,0.0,0.0,0.0,0.0014614541468761417,0.006941907197661673,0.0,0.0,0.0,0.0,0.0,0.0,0.0,0.0,0.0,0.0,0.0,0.0,0.0,0.0,0.0,0.0,0.0,0.0,0.0,0.00036536353671903543,0.0,0.0076726342710997444,0.0,0.0,0.0,0.0014614541468761417,0.007307270734380708,0.21154548776032153,0.003653635367190354,0.0,0.00036536353671903543,0.0,0.03215199123127512,0.0,0.0,0.0,0.0,0.0,0.0,0.0175374497625137,0.0,0.0,0.0,0.00036536353671903543,0.0,0.0,0.0,0.0,0.0,0.0,0.0010960906101571063,0.0,0.0,0.0,0.0,0.0,0.0,0.0,0.0,0.0,0.0,0.0,0.0,0.0,0.0,0.0,0.0,0.0,0.0,0.0,0.0,0.0,0.0,0.0,0.0,0.0007307270734380709,0.00036536353671903543,0.049324077457069786,0.0,0.003288271830471319,0.0,0.0,0.0,0.0,0.0,0.0,0.0,0.0,0.0,0.0047497259773474606,0.0,0.0,0.0,0.0,0.0,0.0,0.0,0.0,0.0,0.0,0.0,0.00036536353671903543,0.0,0.0,0.0,0.0,0.0,0.0,0.0,0.00036536353671903543,0.0,0.0,0.0,0.0,0.0007307270734380709,0.0,0.0,0.0,0.003653635367190354,0.0,0.0,0.0,0.0,0.0,0.0,0.0,0.0,0.4157837047862623,0.0,0.0,0.0,0.0,0.0,0.0,0.0,0.1092436974789916,0.026671538180489587,0.0,0.0,0.0,0.0,0.0,0.0,0.0,0.0,0.0,0.0,0.0,0.0,0.0,0.0,0.0,0.0,0.0,0.0,0.0,0.0,0.0,0.0,0.0,0.0,0.0,0.0,0.0025575447570332483,0.0,0.0,0.0029229082937522835,0.0,0.0,0.0,0.0,0.0,0.0,0.0,0.0,0.0047497259773474606,0.0,0.0,0.0,0.0,0.0,0.0,0.0,0.0,0.0,0.0,0.0,0.0,0.0,0.0,0.0,0.0,0.0,0.0,0.0,0.0,0.0,0.0,0.0,0.0,0.0,0.0,0.0,0.00036536353671903543,0.0,0.0,0.0,0.0,0.0029229082937522835,0.0007307270734380709,0.0,0.0,0.0,0.0,0.00803799780781878,0.0,0.0,0.0,0.0,0.0,0.0,0.0,0.0,0.0,0.0,0.0,0.0,0.0,0.0,0.0,0.0,0.0,0.0,0.0,0.0,0.00036536353671903543,0.0,0.00036536353671903543,0.0,0.0,0.0,0.0,0.0,0.0,0.0,0.0,0.0,0.0,0.0021921812203142127,0.0,0.0,0.0,0.0,0.0,0.0,0.0,0.0,0.0,0.0,0.0,0.0,0.0,0.0,0.0,0.0,0.0,0.0,0.0,0.0,0.0,0.0,0.0,0.0,0.00803799780781878,0.0,0.0,0.0,0.0,0.0,0.0,0.0010960906101571063,0.0,0.0,0.0010960906101571063,0.0,0.0,0.0,0.0,0.0,0.0,0.0,0.0,0.0,0.0,0.0,0.0,0.0,0.0,0.0,0.0,0.0,0.0,0.0,0.0,0.0,0.0,0.0,0.0,0.0,0.0,0.00036536353671903543,0.0,0.0,0.0,0.003653635367190354,0.0,0.0,0.0,0.0,0.0,0.0,0.0,0.0,0.0,0.0,0.0,0.0007307270734380709,0.0,0.00401899890390939,0.0,0.0,0.0,0.0,0.0,0.0,0.0,0.01680672268907563,0.00036536353671903543,0.0047497259773474606,0.026671538180489587,0.0,0.0,0.0,0.0,0.0,0.0
077 CEA-BST Gal Avp Gaba,0.0,0.0,0.0,0.0,0.0,0.0,0.0,0.0,0.0,0.0,0.0,0.0,0.0,0.0,0.0,0.0,0.0,0.0,0.0,0.0,0.0,0.0,0.0,0.0,0.0,0.0,0.0,0.0,0.0,0.0,0.0,0.0,0.0,0.0,0.0,0.4166666666666667,0.0,0.0,0.0,0.0,0.30357142857142855,0.0,0.0,0.0,0.0,0.0,0.0,0.0,0.0,0.0,0.0,0.0,0.0,0.0,0.0,0.0,0.0,0.0,0.0,0.0,0.0,0.0,0.0,0.0,0.0,0.0,0.0,0.0,0.0,0.0,0.0,0.0,0.0,0.0,0.0,0.0,0.0,0.0,0.0,0.005952380952380952,0.0,0.0,0.0,0.0,0.0,0.017857142857142856,0.0,0.0,0.0,0.0,0.0,0.0,0.0,0.0,0.0,0.0,0.0,0.0,0.0,0.0,0.0,0.0,0.0,0.0,0.0,0.0,0.0,0.0,0.0,0.0,0.0,0.0,0.0,0.0,0.0,0.0,0.0,0.0,0.0,0.0,0.0,0.0,0.041666666666666664,0.0,0.0,0.0,0.0,0.0,0.0,0.0,0.0,0.0,0.0,0.0,0.0,0.023809523809523808,0.0,0.0,0.0,0.0,0.0,0.0,0.0,0.0,0.02976190476190476,0.0,0.0,0.0,0.0,0.0,0.0,0.0,0.0,0.0,0.0,0.0,0.0,0.0,0.0,0.0,0.0,0.0,0.0,0.0,0.0,0.0,0.0,0.0,0.0,0.0,0.0,0.0,0.0,0.0,0.02976190476190476,0.0,0.0,0.0,0.0,0.0,0.0,0.0,0.0,0.0,0.0,0.0,0.0,0.0,0.0,0.0,0.0,0.0,0.0,0.0,0.0,0.0,0.0,0.0,0.0,0.0,0.0,0.0,0.0,0.0,0.0,0.0,0.0,0.0,0.0,0.0,0.0,0.0,0.0,0.0,0.0,0.0,0.0,0.0,0.0,0.0,0.0,0.0,0.0,0.0,0.0,0.0,0.005952380952380952,0.0,0.0,0.0,0.0,0.0,0.0,0.0,0.0,0.0,0.0,0.0,0.0,0.0,0.0,0.0,0.0,0.0,0.0,0.0,0.0,0.0,0.0,0.0,0.0,0.0,0.0,0.0,0.0,0.0,0.047619047619047616,0.0,0.0,0.0,0.0,0.0,0.0,0.0,0.0,0.0,0.0,0.0,0.0,0.0,0.0,0.0,0.0,0.0,0.0,0.0,0.0,0.0,0.0,0.0,0.0,0.005952380952380952,0.0,0.0,0.0,0.0,0.0,0.0,0.0,0.0,0.0,0.0,0.0,0.0,0.0,0.0,0.0,0.0,0.0,0.0,0.0,0.0,0.0,0.0,0.0,0.0,0.0,0.0,0.0,0.0,0.0,0.0,0.0,0.0,0.0,0.0,0.0,0.0,0.0,0.0,0.0,0.0,0.0,0.0,0.0,0.0,0.0,0.0,0.0,0.0,0.0,0.0,0.0,0.0,0.005952380952380952,0.0,0.005952380952380952,0.0,0.0,0.0,0.0,0.017857142857142856,0.0,0.0,0.005952380952380952,0.0,0.02976190476190476,0.005952380952380952,0.0,0.0,0.0,0.0,0.0,0.0
078 SI-MA-ACB Ebf1 Bnc2 Gaba,0.0641025641025641,0.0,0.0,0.10622710622710622,0.0,0.0,0.0,0.0,0.0,0.0,0.0,0.0,0.0,0.0,0.0,0.0,0.0,0.0,0.0,0.0,0.0,0.0,0.0,0.0,0.0,0.0,0.0,0.0,0.0,0.0,0.0,0.0,0.0,0.0,0.0,0.0018315018315018315,0.0,0.0,0.0,0.0,0.009157509157509158,0.0,0.0,0.0,0.0,0.0,0.0,0.0,0.0,0.0018315018315018315,0.0,0.0018315018315018315,0.0,0.0,0.0,0.0,0.0,0.0,0.0,0.0,0.0,0.0,0.0,0.0,0.0,0.0,0.0,0.0,0.0,0.0,0.0,0.0,0.0,0.0,0.0,0.0,0.0,0.0,0.01282051282051282,0.0,0.0,0.0,0.0,0.0,0.0,0.01282051282051282,0.0,0.0,0.0,0.0,0.0,0.0,0.0,0.0,0.0,0.0,0.0,0.0,0.0,0.0,0.0,0.0,0.0,0.0,0.0,0.0,0.0,0.003663003663003663,0.0,0.0,0.0,0.0,0.0,0.0,0.0,0.0,0.0,0.0,0.0,0.0,0.0,0.0,0.0018315018315018315,0.0,0.0,0.023809523809523808,0.02564102564102564,0.0,0.03663003663003663,0.0,0.0,0.0,0.0,0.0,0.0,0.0,0.0,0.0,0.0,0.0,0.0018315018315018315,0.0,0.0,0.0,0.0,0.0,0.0,0.003663003663003663,0.0,0.0,0.0,0.0,0.01098901098901099,0.0,0.0,0.0,0.0,0.0,0.0,0.0,0.0,0.0,0.009157509157509158,0.0,0.0,0.0,0.0,0.009157509157509158,0.0,0.0,0.0,0.0,0.0,0.0,0.014652014652014652,0.0,0.0,0.0,0.0,0.0,0.0,0.0,0.0,0.0,0.0,0.0,0.0,0.0,0.0,0.0,0.0,0.0,0.0,0.003663003663003663,0.0,0.0,0.0,0.0,0.0,0.0,0.0,0.0,0.0,0.0,0.0,0.0,0.0,0.0,0.0,0.0,0.0,0.0,0.0,0.0,0.0,0.0,0.0,0.0,0.0,0.0,0.0,0.0,0.0,0.0,0.0,0.0,0.0,0.0,0.0,0.0,0.0,0.0,0.0,0.0,0.0,0.0,0.0,0.0,0.0,0.0,0.0,0.0,0.0,0.0,0.0,0.0,0.0,0.0,0.0,0.0,0.0,0.0,0.0,0.0,0.0,0.0,0.49633699633699635,0.0,0.0,0.0,0.0,0.0,0.0,0.0,0.0,0.0,0.0,0.0,0.0,0.0,0.0,0.0,0.0,0.0,0.0,0.0,0.0,0.0,0.0,0.0,0.0,0.1446886446886447,0.0,0.0,0.0,0.0,0.0,0.0,0.0,0.0,0.0,0.0,0.0,0.0,0.0,0.0,0.0,0.0,0.0,0.0,0.0,0.0,0.0,0.0,0.0,0.0,0.0,0.0,0.0,0.0,0.0,0.0,0.0,0.0,0.0,0.0,0.0,0.0,0.0,0.0,0.0,0.0,0.0,0.0,0.0,0.0,0.0,0.0,0.0,0.0,0.0,0.0,0.0,0.0,0.0,0.0,0.0,0.0,0.0,0.0,0.0,0.0,0.0,0.0,0.0,0.0,0.003663003663003663,0.0,0.0,0.0,0.0,0.0,0.0,0.0
079 CEA-BST Six3 Cyp26b1 Gaba,0.007102803738317757,0.0,0.0,0.001869158878504673,0.0,0.0,0.00037383177570093456,0.0,0.0,0.0,0.0,0.0,0.0,0.0,0.0,0.0,0.0,0.0,0.0,0.0,0.0,0.0,0.0,0.0,0.0,0.0,0.0,0.0,0.0,0.0,0.0,0.0,0.0,0.0033644859813084112,0.0011214953271028037,0.1469158878504673,0.0,0.0,0.0,0.0,0.508785046728972,0.0,0.0,0.0,0.0,0.0,0.0,0.0,0.0,0.029158878504672896,0.0,0.0,0.0,0.0,0.0,0.0,0.0,0.0,0.0,0.0,0.0,0.0,0.0,0.0,0.0,0.0,0.0,0.0,0.0,0.0,0.0,0.0,0.0,0.0,0.0,0.0,0.0,0.0,0.0,0.06130841121495327,0.0,0.0,0.0,0.00037383177570093456,0.0,0.0011214953271028037,0.0,0.002616822429906542,0.0,0.0,0.0,0.0,0.0,0.0,0.0,0.0,0.0,0.0,0.0,0.0,0.0,0.0,0.0,0.0,0.0,0.0,0.0,0.005981308411214953,0.0,0.005981308411214953,0.0,0.0,0.0,0.0,0.0,0.0,0.0,0.0,0.0,0.0,0.0,0.0,0.002616822429906542,0.0,0.0,0.0,0.011962616822429906,0.0,0.0,0.0,0.0,0.0,0.0,0.0,0.0,0.001869158878504673,0.0,0.0,0.0,0.0,0.0,0.0,0.0,0.0,0.0014953271028037382,0.0,0.0,0.0,0.0,0.0,0.0,0.0,0.0,0.0,0.0,0.00037383177570093456,0.0,0.0,0.0,0.0,0.0,0.0,0.00037383177570093456,0.0,0.0,0.0,0.0,0.0,0.0,0.0,0.0,0.0,0.0,0.0,0.007102803738317757,0.0,0.0,0.0,0.0,0.0,0.0,0.0,0.0,0.0,0.0,0.0,0.0,0.0,0.0,0.0,0.0,0.0,0.0,0.00037383177570093456,0.0,0.0,0.0,0.0,0.0,0.0,0.0,0.0,0.0,0.0,0.0,0.0,0.0,0.0,0.0,0.0,0.0,0.00037383177570093456,0.0,0.0,0.0,0.0,0.0,0.0,0.0,0.0,0.0,0.0,0.0,0.0,0.0,0.0,0.0,0.0,0.0,0.0,0.0,0.0,0.0,0.0,0.0,0.0,0.0,0.0,0.0,0.0,0.0,0.0,0.0,0.0,0.0,0.0,0.0,0.0,0.0,0.0,0.0,0.0,0.0,0.0,0.0,0.0,0.0014953271028037382,0.0,0.0,0.0,0.0,0.0,0.0,0.0,0.0,0.0,0.0,0.0,0.0,0.0,0.0,0.0,0.0,0.0,0.0,0.0,0.0,0.0,0.0,0.0,0.0,0.1450467289719626,0.0,0.0,0.0,0.0,0.0,0.0,0.0,0.0,0.0,0.0,0.0,0.0,0.0,0.0,0.0,0.0,0.0,0.0,0.0,0.0,0.0,0.0,0.0,0.0,0.0,0.0,0.0,0.0,0.0,0.0,0.0,0.0,0.0,0.0,0.0,0.0,0.002616822429906542,0.0,0.0,0.0,0.0,0.0,0.0,0.0,0.0,0.0,0.0,0.0,0.0,0.0,0.0,0.0,0.00037383177570093456,0.0,0.0,0.0,0.0,0.010467289719626169,0.0,0.0007476635514018691,0.0,0.0,0.006355140186915888,0.0,0.0302803738317757,0.0,0.0,0.0,0.0,0.0,0.0,0.0
080 CEA-AAA-BST Six3 Sp9 Gaba,0.058452922646132305,0.0,0.0,0.0616030801540077,0.0,0.0,0.0,0.0007000350017500875,0.00035001750087504374,0.00035001750087504374,0.0007000350017500875,0.0,0.0,0.0,0.0,0.0021001050052502626,0.0,0.0,0.0,0.0,0.0,0.0,0.0,0.0,0.0,0.0,0.0,0.0,0.0,0.0,0.0,0.0,0.0,0.02415120756037802,0.0535526776338817,0.10815540777038853,0.0,0.0,0.0,0.0,0.14910745537276865,0.0,0.0,0.00035001750087504374,0.0,0.0,0.021351067553377668,0.0,0.0,0.03080154007700385,0.0,0.032201610080504026,0.0,0.0,0.0,0.0,0.0,0.0,0.0,0.0,0.0,0.0,0.0,0.0,0.0,0.0,0.0,0.00035001750087504374,0.0,0.00035001750087504374,0.024851242562128107,0.0,0.0,0.0,0.0,0.0,0.0,0.0,0.02415120756037802,0.0035001750087504373,0.00035001750087504374,0.0,0.0010500525026251313,0.0,0.0,0.006300315015750788,0.0,0.017850892544627232,0.0,0.0,0.0,0.0,0.0,0.0,0.0,0.0,0.0,0.0,0.0,0.0,0.0,0.0,0.0,0.0,0.0,0.0,0.0,0.00840042002100105,0.0,0.0,0.0,0.0,0.0,0.0,0.0,0.0,0.0,0.00280014000700035,0.0,0.0,0.0,0.0,0.010150507525376268,0.0,0.0,0.0007000350017500875,0.008050402520126006,0.0,0.003150157507875394,0.0,0.0,0.0,0.0,0.0,0.0,0.05215260763038152,0.0,0.0,0.0,0.0,0.0,0.00035001750087504374,0.00035001750087504374,0.0,0.004200210010500525,0.0,0.0,0.0,0.0,0.0,0.0,0.0,0.002450122506125306,0.0,0.0,0.0021001050052502626,0.0,0.0,0.0,0.0,0.0,0.0,0.028351417570878543,0.0,0.0,0.00035001750087504374,0.0,0.012250612530626532,0.0,0.0,0.0,0.0,0.004550227511375569,0.0,0.013650682534126707,0.0,0.0,0.0,0.0,0.0,0.0,0.0,0.0,0.0,0.0,0.0,0.0,0.0,0.0,0.0,0.0,0.0,0.0,0.018900945047252364,0.0,0.0,0.0,0.0,0.0,0.0,0.0,0.0,0.0,0.0,0.0,0.0,0.0,0.0,0.0,0.0,0.0,0.0007000350017500875,0.0,0.0,0.0,0.0,0.00035001750087504374,0.0,0.0,0.0,0.0,0.0,0.0,0.0,0.0,0.0,0.0,0.0,0.0,0.0,0.0,0.0,0.0,0.0,0.0,0.0,0.0,0.0,0.0,0.0,0.0,0.0,0.0,0.00035001750087504374,0.0,0.0,0.0,0.0,0.0,0.0,0.0,0.0,0.0,0.0,0.0,0.0,0.06615330766538327,0.0,0.0,0.0,0.0,0.0,0.0,0.00035001750087504374,0.0,0.0,0.0,0.0,0.0,0.0,0.0,0.0,0.0,0.0,0.0,0.0,0.0,0.0,0.00035001750087504374,0.00035001750087504374,0.0,0.09695484774238712,0.0,0.0,0.0,0.0,0.0,0.0,0.0,0.0,0.0,0.0,0.0,0.0,0.0007000350017500875,0.0,0.0,0.0,0.0,0.0,0.0,0.0,0.0,0.0,0.0,0.0,0.0,0.0,0.0,0.0,0.0,0.0,0.0,0.0,0.0,0.0,0.0,0.0,0.001400070003500175,0.0,0.0,0.0,0.0,0.0,0.0,0.0,0.0,0.0,0.0,0.0,0.0,0.0,0.0,0.0,0.0,0.0,0.00035001750087504374,0.0,0.0,0.005950297514875744,0.0,0.0010500525026251313,0.0,0.0,0.00035001750087504374,0.0,0.02905145257262863,0.0,0.0,0.0,0.0,0.0,0.0,0.0
081 ACB-BST-FS D1 Gaba,0.024752475247524754,0.0,0.0,0.206016755521706,0.0,0.0,0.0003808073115003808,0.0,0.0,0.0,0.0,0.0,0.0,0.0,0.0,0.0,0.0,0.0,0.0,0.0,0.0,0.0,0.0,0.0,0.0,0.0,0.0,0.0,0.0,0.0,0.0,0.0,0.0,0.0007616146230007616,0.0057121096725057125,0.3240670220868241,0.0,0.0,0.0,0.0,0.034653465346534656,0.0,0.0,0.0,0.0,0.0,0.0007616146230007616,0.0,0.0,0.01485148514851485,0.0,0.001904036557501904,0.0,0.0,0.0,0.0,0.0,0.0,0.0,0.0,0.0,0.0,0.0,0.0,0.0,0.0,0.0,0.0,0.0,0.0,0.0,0.0,0.0,0.0,0.0,0.0,0.0,0.0,0.021325209444021324,0.003427265803503427,0.0,0.0,0.0,0.0,0.0,0.011805026656511805,0.0,0.0003808073115003808,0.0,0.0,0.0,0.0,0.0,0.0,0.0,0.0,0.0,0.0,0.0,0.0,0.0,0.0,0.0,0.0,0.0,0.0,0.0,0.021706016755521706,0.0,0.0,0.0,0.0,0.0,0.0,0.0,0.0,0.0,0.0003808073115003808,0.0,0.0,0.0,0.0,0.0030464584920030465,0.0,0.0,0.0026656511805026656,0.06511805026656511,0.0,0.007996953541507998,0.0,0.0,0.0,0.0,0.0,0.0,0.0003808073115003808,0.0,0.0,0.0,0.0,0.0,0.0,0.0,0.0,0.0,0.0,0.0,0.0,0.0,0.0,0.0,0.0,0.0003808073115003808,0.0,0.0,0.0,0.0,0.0,0.0,0.0,0.0,0.0,0.003808073115003808,0.0,0.0,0.0,0.0,0.00456968773800457,0.0,0.0,0.0,0.0,0.0003808073115003808,0.0,0.0072353389185072356,0.0,0.0,0.0,0.0,0.0,0.0,0.0,0.0,0.0,0.0,0.0,0.0,0.0,0.0,0.0,0.0,0.0,0.0,0.0003808073115003808,0.0,0.0,0.0,0.0,0.0,0.0,0.0,0.0,0.0,0.0,0.0,0.0,0.0,0.0,0.0,0.0,0.0,0.001904036557501904,0.0,0.0,0.0,0.0,0.0,0.0,0.0,0.0,0.0,0.0,0.0,0.0,0.0,0.0,0.0,0.0,0.0,0.0,0.0,0.0,0.0,0.0,0.0,0.0,0.0,0.0,0.0,0.0,0.0,0.0,0.0,0.0,0.0,0.0,0.0,0.0,0.0,0.0,0.0,0.0,0.0,0.0,0.0,0.0,0.09634424980959634,0.0,0.0,0.0,0.0,0.0,0.0,0.0,0.0,0.0,0.0,0.0,0.0,0.0,0.0,0.0,0.0,0.0,0.0,0.0,0.0,0.0,0.0,0.0,0.0,0.11043412033511044,0.0,0.0,0.0,0.0,0.0,0.0,0.0,0.0,0.0,0.0,0.0,0.0,0.0,0.0,0.0,0.0,0.0,0.0,0.0,0.0,0.0,0.0,0.0,0.0,0.0,0.0,0.0,0.0,0.0,0.0,0.0,0.0,0.0,0.0,0.0,0.0,0.0011424219345011425,0.0,0.0,0.0,0.0,0.0,0.0,0.0,0.0,0.0,0.0,0.0,0.0,0.0,0.0,0.0,0.0,0.0,0.0003808073115003808,0.0,0.0,0.0011424219345011425,0.0,0.0015232292460015233,0.0,0.0,0.0,0.0,0.01827875095201828,0.0,0.0,0.0,0.0,0.0,0.0,0.0
082 CEA-BST Ebf1 Pdyn Gaba,0.004590395480225989,0.0,0.0,0.007768361581920904,0.0,0.0,0.00035310734463276836,0.0,0.0,0.0,0.0,0.0,0.0,0.0,0.0,0.0,0.0,0.0,0.0,0.0,0.0,0.0,0.0,0.0,0.0,0.0,0.0,0.0,0.0,0.0,0.0,0.0,0.0,0.001059322033898305,0.0014124293785310734,0.1698446327683616,0.0,0.0,0.0,0.0,0.4378531073446328,0.0,0.0,0.00035310734463276836,0.0,0.0,0.00035310734463276836,0.0,0.0,0.03072033898305085,0.0,0.0007062146892655367,0.0,0.0,0.0,0.0,0.0,0.0,0.0,0.0,0.0,0.0,0.0,0.0,0.0,0.0,0.0,0.0,0.0,0.0,0.0,0.0,0.0,0.0,0.0,0.0,0.0,0.0,0.01977401129943503,0.0713276836158192,0.0,0.0,0.0,0.0,0.0,0.0031779661016949155,0.0,0.0,0.0,0.0,0.0,0.0,0.0,0.0,0.0,0.0,0.0,0.0,0.0,0.0,0.0,0.0,0.0,0.0,0.0,0.0,0.0,0.00211864406779661,0.0,0.0,0.0,0.0,0.0,0.0,0.0,0.0,0.0,0.0007062146892655367,0.0,0.0,0.0,0.0,0.006002824858757062,0.0,0.0,0.0007062146892655367,0.001059322033898305,0.0,0.00035310734463276836,0.0,0.0,0.0,0.0,0.0,0.0,0.0,0.0,0.0,0.0,0.0,0.0,0.0,0.0,0.0,0.0,0.0,0.0,0.0,0.0,0.0,0.0,0.0,0.0,0.0,0.0,0.0,0.0,0.0,0.0,0.0,0.0,0.0,0.001059322033898305,0.0,0.0,0.0,0.0,0.0007062146892655367,0.0,0.0,0.0,0.0,0.0,0.0,0.037076271186440676,0.0,0.0,0.0,0.0,0.0,0.0,0.0,0.0,0.0,0.0,0.0,0.0,0.0,0.0,0.0,0.0,0.0,0.0,0.0,0.0,0.0,0.0,0.0,0.0,0.0,0.0,0.0,0.0,0.0,0.0,0.0,0.0,0.0,0.0,0.0,0.0,0.0,0.0,0.0,0.0,0.0,0.0,0.0,0.0,0.0,0.0,0.0,0.0,0.0,0.0,0.0,0.0,0.0,0.0,0.0,0.0,0.0,0.0,0.0,0.0,0.0,0.0,0.0,0.0,0.0,0.0,0.0,0.0,0.0,0.0,0.0,0.0,0.0,0.0,0.0,0.0,0.0,0.0,0.0,0.0,0.0,0.05826271186440678,0.0,0.0,0.0,0.0,0.0,0.0,0.0,0.0,0.0,0.0,0.0,0.0,0.0,0.0,0.0,0.0,0.0,0.0,0.0,0.0,0.0,0.0,0.00035310734463276836,0.0,0.06673728813559322,0.0,0.0,0.0,0.0,0.0,0.0,0.0,0.0,0.0,0.0,0.0,0.0,0.0,0.0,0.0,0.0,0.0,0.0,0.0,0.0,0.0,0.0,0.0,0.0,0.0,0.0,0.0,0.0,0.0,0.0,0.0,0.0,0.0,0.0,0.0,0.0,0.00035310734463276836,0.0,0.0,0.0,0.0,0.0,0.0,0.0,0.0,0.0,0.0,0.0,0.0,0.0,0.0,0.0,0.0017655367231638418,0.0,0.0007062146892655367,0.0,0.0,0.001059322033898305,0.0,0.01765536723163842,0.0,0.0,0.001059322033898305,0.0,0.052259887005649715,0.0,0.0,0.0,0.0,0.0007062146892655367,0.0,0.0
083 CEA-BST Rai14 Pdyn Crh Gaba,0.0,0.0,0.0,0.014799154334038054,0.0,0.0,0.0021141649048625794,0.0,0.0,0.0,0.0,0.0,0.0,0.0,0.0,0.0,0.0,0.0,0.0,0.0,0.0,0.0,0.0,0.0,0.0,0.0,0.0,0.0,0.0,0.0,0.0,0.0,0.0,0.008456659619450317,0.0021141649048625794,0.4630021141649049,0.0,0.0,0.0,0.0,0.20084566596194503,0.0,0.0,0.0,0.0,0.0,0.0,0.0,0.0,0.008456659619450317,0.0,0.0,0.0,0.0,0.0,0.0,0.0,0.0,0.0,0.0,0.0,0.0,0.0,0.0,0.0,0.0,0.0,0.0,0.0,0.0,0.0,0.0,0.0,0.0,0.0,0.0,0.0,0.0,0.0,0.012684989429175475,0.0,0.0,0.0,0.0,0.0,0.006342494714587738,0.0,0.0,0.0,0.0,0.0,0.0,0.0,0.0,0.0,0.0,0.0,0.0,0.0,0.0,0.0,0.0,0.0,0.0,0.0,0.0,0.0,0.03382663847780127,0.0,0.0,0.0,0.0,0.0,0.0,0.0,0.0,0.0,0.0021141649048625794,0.0,0.0,0.0,0.0,0.0021141649048625794,0.0,0.0,0.0,0.042283298097251586,0.0,0.0,0.0,0.0,0.0,0.0,0.0,0.0,0.0,0.0,0.0,0.0,0.0,0.0,0.0,0.0,0.0,0.0021141649048625794,0.0,0.0,0.0,0.0,0.0,0.0,0.0,0.0,0.0,0.0,0.0,0.0,0.0,0.0,0.0,0.0,0.0,0.0,0.0,0.0,0.0,0.0,0.0,0.0,0.0,0.0,0.0,0.0,0.0,0.023255813953488372,0.0,0.0,0.0,0.0,0.0,0.0,0.0,0.0,0.0,0.0,0.0,0.0,0.0,0.0,0.0,0.0,0.0,0.0,0.0,0.0,0.0,0.0,0.0,0.0,0.0,0.0,0.0,0.0,0.0,0.0,0.0,0.0,0.0,0.0,0.0,0.0,0.016913319238900635,0.0,0.0,0.0,0.0,0.0,0.0,0.0,0.0,0.0,0.0,0.0,0.0,0.0,0.0,0.0,0.0,0.0,0.0,0.0,0.0,0.0,0.0,0.0,0.0,0.0,0.0,0.0,0.0,0.0,0.0,0.0,0.0,0.0,0.0,0.0,0.0,0.0,0.0,0.0,0.0,0.0,0.0,0.0,0.0,0.012684989429175475,0.0,0.0,0.0,0.0,0.0,0.0,0.0,0.0,0.0,0.0,0.0,0.0,0.0,0.0,0.0,0.0,0.0,0.0,0.0,0.0,0.0,0.0,0.0,0.0,0.05919661733615222,0.0,0.0,0.0,0.0,0.0,0.0,0.0,0.0,0.0,0.0,0.0,0.0,0.0,0.0,0.0,0.0,0.0,0.0,0.0,0.0,0.0,0.0,0.0,0.0,0.0,0.0,0.0,0.0,0.0,0.0,0.0,0.0,0.0,0.0,0.0,0.0,0.008456659619450317,0.0,0.0,0.0,0.0,0.0,0.0,0.0,0.0,0.0,0.0,0.0,0.0,0.0,0.0,0.0,0.0,0.0,0.0021141649048625794,0.0,0.0,0.0,0.0,0.006342494714587738,0.0,0.0,0.0021141649048625794,0.0,0.06765327695560254,0.0,0.0,0.0,0.0,0.0,0.0,0.0
084 BST-SI-AAA Six3 Slc22a3 Gaba,0.1276595744680851,0.0,0.0,0.002127659574468085,0.0,0.0,0.0,0.0,0.0,0.0,0.0,0.0,0.0,0.0,0.0,0.0,0.0,0.0,0.0,0.0,0.0,0.0,0.0,0.0,0.0,0.0,0.0,0.0,0.0,0.0,0.0,0.0,0.0,0.0,0.00851063829787234,0.09787234042553192,0.0,0.0,0.0,0.0,0.06170212765957447,0.0,0.0,0.0,0.0,0.0,0.0,0.0,0.0,0.0,0.0,0.002127659574468085,0.0,0.0,0.0,0.0,0.0,0.0,0.0,0.0,0.0,0.0,0.0,0.0,0.0,0.0,0.0,0.0,0.0,0.0,0.0,0.0,0.0,0.0,0.0,0.0,0.0,0.0,0.00425531914893617,0.002127659574468085,0.0,0.0,0.0,0.0,0.0,0.04680851063829787,0.0,0.0,0.0,0.0,0.0,0.0,0.0,0.0,0.0,0.0,0.0,0.0,0.0,0.0,0.0,0.0,0.0,0.0,0.0,0.0,0.0,0.0,0.0,0.0,0.0,0.0,0.0,0.0,0.0,0.0,0.0,0.10851063829787234,0.0,0.0,0.0,0.0,0.07872340425531915,0.0,0.0,0.0,0.00425531914893617,0.0,0.06382978723404255,0.0,0.0,0.0,0.0,0.0,0.0,0.006382978723404255,0.0,0.0,0.0,0.0,0.0,0.0,0.0,0.0,0.00425531914893617,0.0,0.0,0.010638297872340425,0.0,0.0,0.0,0.0,0.07021276595744681,0.0,0.0,0.00425531914893617,0.0,0.0,0.0,0.0,0.0,0.0,0.0,0.0,0.0,0.0,0.0,0.0,0.0,0.0,0.0,0.0,0.0,0.0,0.06170212765957447,0.0,0.0,0.0,0.0,0.0,0.0,0.0,0.0,0.0,0.0,0.0,0.0,0.0,0.0,0.0,0.0,0.0,0.0,0.0,0.0,0.0,0.0,0.0,0.0,0.0,0.0,0.0,0.0,0.0,0.0,0.0,0.0,0.0,0.0,0.0,0.0,0.010638297872340425,0.0,0.0,0.0,0.0,0.0,0.0,0.0,0.0,0.0,0.0,0.0,0.0,0.0,0.0,0.0,0.0,0.0,0.0,0.0,0.0,0.0,0.0,0.0,0.0,0.0,0.0,0.0,0.0,0.0,0.0,0.0,0.0,0.0,0.0,0.0,0.0,0.0,0.0,0.0,0.0,0.0,0.0,0.0,0.0,0.19574468085106383,0.0,0.0,0.0,0.0,0.0,0.0,0.0,0.0,0.0,0.0,0.0,0.0,0.0,0.0,0.0,0.0,0.0,0.0,0.0,0.0,0.0,0.0,0.0,0.0,0.02553191489361702,0.0,0.0,0.0,0.0,0.0,0.0,0.0,0.0,0.0,0.0,0.0,0.0,0.0,0.0,0.0,0.0,0.0,0.0,0.0,0.0,0.0,0.0,0.0,0.0,0.0,0.0,0.0,0.0,0.0,0.0,0.0,0.0,0.0,0.0,0.0,0.0,0.0,0.002127659574468085,0.0,0.0,0.0,0.0,0.0,0.0,0.0,0.0,0.0,0.0,0.0,0.0,0.0,0.0,0.0,0.0,0.0,0.0,0.0,0.0,0.0,0.0,0.0,0.0,0.0,0.0,0.0,0.0,0.0,0.0,0.0,0.0,0.0,0.0
085 SI-MPO-LPO Lhx8 Gaba,0.02062780269058296,0.0,0.0,0.007772795216741405,0.0,0.0,0.049626307922272045,0.001195814648729447,0.0,0.0,0.0,0.0,0.0,0.0,0.0,0.0,0.0,0.0,0.0,0.0,0.0,0.0,0.0,0.0,0.0,0.0,0.0,0.0,0.03198804185351271,0.005082212257100149,0.0,0.0,0.0,0.0,0.0,0.052316890881913304,0.0,0.0,0.0,0.0,0.02272047832585949,0.0,0.0,0.0,0.0,0.0,0.0,0.0,0.0,0.0008968609865470852,0.0,0.0,0.0,0.0,0.0,0.0,0.0,0.0,0.0,0.0,0.0,0.0,0.0,0.0,0.0,0.0,0.0,0.0,0.0,0.0,0.0,0.0,0.0,0.0,0.0,0.0,0.0,0.0,0.002391629297458894,0.04753363228699552,0.0008968609865470852,0.0,0.0,0.0,0.0,0.10104633781763826,0.0,0.0,0.0,0.0,0.0,0.0,0.0,0.0,0.0,0.0,0.0,0.00029895366218236175,0.0,0.0,0.0,0.0,0.0,0.0,0.0,0.0,0.0,0.0,0.0,0.0,0.0,0.0,0.0,0.0,0.0,0.0,0.0,0.0008968609865470852,0.0,0.0,0.0,0.0,0.07772795216741404,0.0,0.0,0.0008968609865470852,0.03258594917787743,0.0,0.026606875934230195,0.0,0.0,0.0,0.0,0.0,0.0,0.0029895366218236174,0.001195814648729447,0.0,0.0,0.0,0.0,0.0,0.0,0.009566517189835576,0.0968609865470852,0.0,0.0,0.016143497757847534,0.0,0.0,0.0,0.0,0.026606875934230195,0.0,0.0,0.0,0.0,0.0,0.0,0.0,0.0,0.0,0.0005979073243647235,0.0,0.0,0.0,0.0,0.0005979073243647235,0.0,0.0,0.0,0.0,0.0,0.0,0.01763826606875934,0.0,0.0,0.0,0.0,0.0,0.0,0.0,0.0,0.0005979073243647235,0.0,0.0,0.0,0.0,0.0,0.0,0.0,0.0,0.0,0.0,0.0,0.0,0.0,0.0,0.0,0.0,0.0,0.0,0.0,0.0,0.0,0.0,0.0,0.0,0.0,0.0,0.0,0.023318385650224215,0.0,0.0,0.0,0.00029895366218236175,0.002391629297458894,0.0,0.00029895366218236175,0.0,0.0,0.0,0.0020926756352765323,0.0,0.0,0.0,0.0,0.0,0.0,0.0,0.0,0.0,0.0,0.0,0.0,0.0,0.0,0.0,0.0,0.0,0.0,0.0,0.0,0.0,0.0,0.0,0.0,0.0,0.0,0.0,0.0,0.00029895366218236175,0.0,0.0,0.0,0.0,0.23497757847533632,0.0,0.0,0.0,0.0,0.0,0.0,0.0,0.0,0.0,0.0,0.0,0.0,0.0,0.0,0.0,0.0,0.0,0.0,0.0,0.0,0.0,0.0,0.0,0.0,0.058893871449925264,0.0,0.0,0.0,0.0,0.0,0.0,0.0,0.0,0.0,0.0,0.0,0.0,0.0,0.0,0.0,0.0,0.00029895366218236175,0.0,0.0,0.0,0.0,0.0,0.0,0.0,0.0,0.0,0.0,0.0,0.0,0.0,0.0,0.0,0.0,0.0,0.0,0.0,0.0,0.005082212257100149,0.0,0.0,0.0005979073243647235,0.0,0.0,0.0,0.0,0.0,0.0,0.0,0.0,0.0,0.0,0.0,0.00029895366218236175,0.0,0.002391629297458894,0.0,0.0,0.0,0.0,0.005680119581464873,0.0,0.0,0.0,0.0,0.0020926756352765323,0.004783258594917788,0.0,0.0,0.0,0.00029895366218236175,0.0,0.0
086 MPO-ADP Lhx8 Gaba,0.0,0.0,0.0,0.0009037505648441031,0.0,0.0,0.048802530501581565,0.0036150022593764122,0.0,0.0,0.0,0.0,0.0,0.0,0.0,0.0,0.0,0.0,0.0,0.0,0.0,0.0,0.0,0.0,0.0,0.0,0.0,0.0,0.00903750564844103,0.0018075011296882061,0.0,0.0,0.0,0.0,0.0,0.15815634884771804,0.0,0.0,0.0,0.0,0.0013556258472661546,0.0,0.0,0.0,0.0,0.0,0.0,0.0,0.0,0.0,0.0,0.0,0.0,0.0,0.0,0.0,0.0,0.0,0.0,0.0,0.0,0.0,0.0,0.0,0.0,0.0,0.0,0.0,0.0,0.0,0.0,0.0,0.0,0.0,0.0,0.0,0.0,0.0,0.0,0.0,0.00045187528242205153,0.0,0.0,0.0,0.0,0.17577948486217804,0.0,0.0,0.0,0.0,0.0,0.0,0.0,0.0,0.0,0.0,0.0,0.0018075011296882061,0.0,0.0,0.0,0.0,0.0,0.0,0.0,0.0,0.0,0.0031631269769543608,0.0,0.0,0.0,0.0,0.0,0.0,0.0,0.0,0.0,0.0149118843199277,0.0,0.0,0.0,0.0,0.12381382738364212,0.0,0.0,0.0027112516945323093,0.023045639403524627,0.0,0.0013556258472661546,0.0,0.0,0.0,0.0,0.0,0.0,0.00045187528242205153,0.004066877541798464,0.0,0.0,0.0,0.0,0.0,0.0,0.005422503389064619,0.08314505196565748,0.0,0.00045187528242205153,0.009941256213285133,0.0,0.0,0.0,0.0,0.019882512426570267,0.0,0.0,0.0,0.0,0.0,0.0,0.0,0.0,0.0,0.0,0.0,0.0,0.0,0.0,0.0,0.00045187528242205153,0.0,0.0,0.0,0.0,0.0031631269769543608,0.0018075011296882061,0.0,0.0,0.0,0.0,0.0,0.0,0.0,0.0,0.0,0.0,0.0,0.0,0.0,0.0,0.0,0.0,0.0013556258472661546,0.0,0.0,0.0,0.0,0.0,0.0,0.0,0.0,0.0,0.0,0.0,0.0,0.0,0.0,0.0,0.0,0.0,0.0,0.0,0.12471757794848622,0.0,0.0,0.0,0.0,0.0013556258472661546,0.0027112516945323093,0.00045187528242205153,0.0,0.00045187528242205153,0.0,0.013104383190239493,0.0,0.0,0.0,0.00045187528242205153,0.0,0.0,0.00045187528242205153,0.0,0.0,0.0,0.0,0.0,0.0,0.0,0.0,0.0,0.0,0.0,0.0,0.0,0.0,0.0,0.0,0.0,0.0,0.00045187528242205153,0.0,0.0,0.0009037505648441031,0.0,0.0,0.0,0.0,0.09082693176683236,0.0,0.0,0.0,0.0,0.0,0.0,0.0,0.0,0.0,0.0,0.0,0.0,0.0,0.0,0.0,0.0,0.0,0.0,0.0,0.0,0.0,0.0,0.0,0.0,0.04021690013556258,0.0,0.0,0.0,0.0,0.0,0.0,0.0,0.0,0.0,0.0,0.0,0.0,0.0,0.0,0.0,0.0,0.004066877541798464,0.0,0.0,0.0,0.0,0.0,0.0,0.0,0.0,0.0,0.0,0.0,0.0,0.0,0.0,0.0,0.0,0.0,0.0,0.0,0.00045187528242205153,0.0018075011296882061,0.0,0.0,0.0031631269769543608,0.0,0.0,0.0,0.0,0.0,0.0,0.0,0.0,0.0,0.0,0.0,0.0031631269769543608,0.0,0.0022593764121102574,0.0,0.0,0.0,0.0,0.0,0.0,0.0,0.0036150022593764122,0.0,0.004518752824220515,0.0,0.0,0.0,0.0,0.0,0.0,0.0
087 MPN-MPO-LPO Lhx6 Zfhx3 Gaba,0.0,0.0,0.0,0.0,0.0,0.0,0.007594936708860759,0.03291139240506329,0.0,0.0,0.0,0.0,0.0,0.0,0.0,0.0,0.0,0.0,0.0,0.0,0.0,0.0,0.0,0.0,0.0,0.0,0.0,0.0012658227848101266,0.0,0.0,0.0,0.0,0.0,0.0,0.0,0.11012658227848102,0.0,0.0,0.0,0.0,0.03291139240506329,0.0,0.0,0.0,0.0,0.0,0.0,0.0,0.0,0.0,0.0,0.0,0.0,0.0,0.0,0.0,0.0,0.0,0.0,0.0,0.0,0.0,0.0,0.0,0.0,0.0,0.0,0.0,0.0,0.0,0.0,0.0,0.0,0.0,0.0,0.0,0.0,0.0,0.0,0.0,0.0,0.0,0.0,0.0,0.0,0.1291139240506329,0.0,0.002531645569620253,0.0,0.0,0.0,0.0,0.0,0.0,0.0,0.0,0.0,0.0,0.0,0.0,0.0,0.0,0.0,0.0,0.0,0.0,0.0,0.0,0.0,0.0,0.0,0.0,0.0,0.0,0.0,0.0,0.0,0.12531645569620253,0.0,0.0,0.0,0.0,0.10632911392405063,0.0,0.0,0.0,0.020253164556962026,0.0,0.0012658227848101266,0.0,0.0,0.0,0.0,0.0,0.0,0.03164556962025317,0.002531645569620253,0.0,0.0,0.0,0.0,0.0,0.0,0.17215189873417722,0.09746835443037975,0.0,0.0,0.0,0.0,0.0,0.0,0.0,0.017721518987341773,0.0,0.0,0.0,0.0,0.0,0.0,0.0,0.0,0.0,0.0,0.0,0.0,0.0,0.0,0.0,0.0,0.0,0.0,0.0,0.0,0.0,0.0,0.0,0.0,0.0,0.0,0.0,0.0,0.0,0.0,0.0037974683544303796,0.0,0.0,0.0,0.0,0.0,0.0,0.0,0.0,0.0,0.0,0.0,0.0,0.0,0.0,0.0,0.0,0.0,0.0,0.0,0.0,0.0,0.0,0.0,0.0,0.0,0.0,0.0,0.0037974683544303796,0.0,0.0,0.0,0.0,0.0189873417721519,0.0,0.0,0.0,0.0,0.0,0.0037974683544303796,0.0,0.0,0.0,0.0,0.0,0.0,0.0,0.0,0.0,0.0,0.0,0.0,0.0,0.0,0.0,0.0,0.0,0.0,0.0,0.0,0.0,0.0,0.0,0.0,0.0,0.0,0.0,0.0,0.0,0.0,0.0,0.0,0.0,0.015189873417721518,0.0,0.0,0.0,0.0,0.0,0.0,0.002531645569620253,0.0,0.0,0.0,0.0,0.0,0.0,0.0,0.0,0.0,0.0,0.0,0.0,0.0,0.0,0.0,0.0,0.0,0.012658227848101266,0.0,0.0,0.0,0.0,0.0,0.0,0.002531645569620253,0.0,0.0,0.0,0.0,0.0,0.0,0.0,0.0,0.0,0.0012658227848101266,0.0,0.0,0.0,0.0,0.0,0.0,0.0,0.0,0.0,0.0,0.0,0.0,0.0,0.0,0.0,0.0,0.0,0.0,0.0,0.0,0.0,0.0,0.0,0.002531645569620253,0.0,0.0,0.0,0.0,0.0,0.0,0.0,0.0,0.0,0.0,0.0,0.006329113924050633,0.0,0.005063291139240506,0.0,0.0,0.0,0.0,0.0,0.0,0.0,0.008860759493670886,0.0,0.017721518987341773,0.0037974683544303796,0.0,0.0,0.0,0.0,0.0,0.0
088 BST Tac2 Gaba,0.0,0.0,0.0,0.0,0.0,0.0,0.0,0.004325259515570935,0.0,0.0,0.0,0.0,0.0,0.0,0.0,0.0,0.0,0.0008650519031141869,0.0,0.0,0.0,0.0008650519031141869,0.0,0.0,0.0,0.0,0.0,0.0,0.0,0.0,0.0,0.0,0.0,0.0,0.0,0.28460207612456745,0.0,0.0,0.0,0.0,0.03200692041522491,0.0,0.0,0.0,0.0,0.0,0.0,0.0,0.0,0.0,0.0,0.0,0.0,0.0,0.0,0.0,0.0,0.0,0.0,0.0,0.0,0.0,0.0,0.0,0.0,0.0,0.0,0.0,0.0,0.0,0.0,0.0,0.0,0.0,0.0,0.0,0.0,0.0,0.0,0.010380622837370242,0.006920415224913495,0.0,0.0,0.0,0.0,0.0657439446366782,0.0,0.0,0.0,0.0,0.0,0.0,0.0,0.0,0.0,0.0,0.0,0.0008650519031141869,0.0,0.0,0.0,0.0,0.0,0.0,0.0,0.0,0.0,0.0008650519031141869,0.0,0.0,0.0,0.0,0.0,0.0,0.0,0.0,0.0,0.08996539792387544,0.0,0.0,0.0,0.0,0.16782006920415224,0.0,0.0,0.0,0.007785467128027681,0.0,0.004325259515570935,0.0,0.0,0.0,0.0,0.0,0.0,0.004325259515570935,0.0,0.0,0.0,0.0,0.0,0.0,0.0,0.01730103806228374,0.058823529411764705,0.0,0.0,0.0,0.0,0.0,0.0,0.0,0.0,0.0,0.0,0.0,0.0,0.0,0.0,0.0,0.0,0.0,0.0,0.0,0.0,0.0,0.0,0.0,0.0,0.0,0.0,0.0,0.0,0.0,0.0726643598615917,0.0,0.0,0.0,0.0,0.0,0.0,0.0,0.0,0.0017301038062283738,0.0,0.0,0.0,0.0,0.0,0.0,0.0,0.0,0.0,0.0,0.0,0.0,0.0,0.0,0.0,0.0,0.0,0.0,0.0,0.0,0.0,0.0,0.0,0.0,0.0,0.0,0.0,0.006920415224913495,0.0,0.0,0.0,0.0,0.0,0.0,0.0,0.0,0.0,0.0,0.0034602076124567475,0.0,0.0,0.0,0.0,0.0,0.0,0.0,0.0,0.0,0.0,0.0,0.0,0.0,0.0,0.0,0.0008650519031141869,0.0,0.0,0.0,0.0,0.0008650519031141869,0.0,0.0,0.0,0.0,0.0,0.0,0.0,0.0,0.0,0.0,0.0,0.0,0.12975778546712802,0.0,0.0,0.0,0.0,0.0,0.0,0.0,0.0,0.0,0.0,0.0,0.0,0.0,0.0,0.0,0.0,0.0,0.0,0.0,0.0,0.0,0.0,0.0,0.0,0.006055363321799308,0.0,0.0,0.0,0.0,0.0,0.0,0.0008650519031141869,0.0,0.0,0.0,0.0,0.0,0.0,0.0,0.0,0.0,0.0008650519031141869,0.0,0.0,0.0,0.0,0.0,0.0,0.0,0.0,0.0,0.0,0.0,0.0,0.0,0.0,0.0,0.0,0.0,0.0,0.0,0.0,0.0,0.0,0.0,0.0008650519031141869,0.0,0.0,0.0,0.0,0.0,0.0,0.0,0.0,0.0,0.0,0.0,0.005190311418685121,0.0,0.0,0.0,0.0,0.0,0.0,0.0025951557093425604,0.0,0.0,0.0025951557093425604,0.0,0.004325259515570935,0.0017301038062283738,0.0,0.0,0.0,0.0008650519031141869,0.0,0.0
089 PVR Six3 Sox3 Gaba,0.0,0.0,0.0,0.00045599635202918376,0.0,0.0,0.04331965344277246,0.06885544915640675,0.0,0.0,0.0,0.0009119927040583675,0.0,0.0,0.0,0.0,0.0,0.0,0.0,0.0,0.0,0.0,0.0,0.0,0.0,0.0,0.0,0.0,0.030551755585955312,0.06201550387596899,0.0,0.0,0.0,0.0,0.0,0.007751937984496124,0.0,0.0,0.0,0.0,0.00045599635202918376,0.0,0.0,0.0,0.0,0.0,0.0,0.0,0.0,0.0,0.0,0.0,0.0,0.0,0.0,0.0,0.0,0.0,0.0,0.0,0.0,0.0,0.0,0.0,0.0,0.0,0.0,0.0,0.0,0.0,0.0,0.0,0.0,0.0,0.0,0.0,0.0,0.0,0.0,0.0,0.0,0.0,0.0,0.0,0.0,0.10624715002279982,0.0,0.0,0.0,0.0,0.0,0.0,0.0,0.0,0.0,0.0,0.0,0.01595987232102143,0.0,0.0,0.0,0.0,0.0,0.0,0.0,0.0,0.0,0.0,0.0,0.0,0.0,0.0,0.0,0.0,0.0,0.0,0.0,0.005015959872321021,0.0,0.0,0.0,0.0,0.015047879616963064,0.0,0.0,0.022799817601459188,0.0756953944368445,0.0,0.00045599635202918376,0.0,0.0,0.0,0.0,0.0,0.0,0.0,0.03875968992248062,0.0,0.0,0.0,0.0,0.0,0.0,0.020063839489284085,0.08663930688554491,0.0,0.00045599635202918376,0.07888736890104879,0.0,0.0,0.0,0.0,0.029639762881896944,0.0,0.0,0.0,0.0,0.0,0.0,0.0,0.0,0.0,0.0,0.0,0.0,0.0,0.0,0.0,0.0009119927040583675,0.0,0.0,0.0,0.0,0.00045599635202918376,0.0027359781121751026,0.0,0.0,0.0,0.0,0.0,0.0,0.0,0.0,0.00045599635202918376,0.0,0.0,0.0,0.0,0.0,0.0,0.0,0.0,0.0,0.0,0.0,0.0,0.0,0.0,0.0,0.0,0.0,0.0,0.0,0.0,0.0,0.0,0.0,0.0,0.0,0.0,0.0,0.001823985408116735,0.0,0.0,0.0,0.0,0.0027359781121751026,0.00045599635202918376,0.0009119927040583675,0.009575923392612859,0.0,0.0,0.013679890560875513,0.0,0.0,0.0,0.0,0.0,0.0,0.026447788417692658,0.00045599635202918376,0.0,0.0,0.0,0.0,0.0,0.0,0.0,0.0,0.0,0.0,0.0,0.0,0.0,0.0,0.028271773825809393,0.015047879616963064,0.0,0.0,0.0,0.0,0.0031919744642042863,0.01094391244870041,0.0,0.0,0.0,0.005927952576379389,0.0,0.0,0.0,0.0,0.0,0.0,0.004103967168262654,0.0,0.0,0.00045599635202918376,0.0,0.0,0.0,0.0,0.0,0.0,0.0,0.0,0.0,0.0,0.0,0.0,0.0,0.0,0.05791153670770634,0.0,0.0,0.0,0.0,0.0,0.0,0.0009119927040583675,0.0,0.0,0.0,0.0,0.0,0.0,0.005471956224350205,0.0,0.0,0.020063839489284085,0.0,0.0,0.0,0.0,0.0,0.0,0.00045599635202918376,0.0,0.0,0.0,0.0,0.0,0.0,0.0,0.0,0.0,0.0,0.0,0.0,0.00045599635202918376,0.006383948928408573,0.0,0.0,0.012311901504787962,0.0,0.0,0.0,0.0,0.0,0.0,0.0,0.0,0.0,0.0,0.0,0.005015959872321021,0.0,0.007751937984496124,0.0,0.0,0.0,0.018695850433196534,0.0,0.0,0.0,0.011855905152758778,0.0009119927040583675,0.002279981760145919,0.009119927040583675,0.0,0.0,0.0,0.001823985408116735,0.0,0.0
090 BST-MPN Six3 Nrgn Gaba,0.006120367222033322,0.0,0.0,0.002040122407344441,0.0,0.0,0.0006800408024481469,0.05100306018361102,0.0,0.0,0.0,0.0,0.0,0.0,0.0,0.002040122407344441,0.0,0.0,0.0,0.0,0.0,0.0013600816048962938,0.0,0.0,0.0,0.0,0.0,0.00034002040122407346,0.0006800408024481469,0.003740224413464808,0.0,0.0,0.0,0.0,0.0006800408024481469,0.083304998299898,0.0,0.0,0.0,0.0,0.01292077524651479,0.00034002040122407346,0.0,0.0,0.0,0.0,0.0013600816048962938,0.0,0.0,0.0,0.0,0.0,0.0,0.0,0.0,0.0,0.0,0.0,0.0013600816048962938,0.0,0.0,0.0,0.0,0.0,0.0,0.0,0.0,0.0,0.0,0.0,0.00034002040122407346,0.0,0.0,0.0,0.0,0.0,0.0,0.0,0.0,0.0,0.0,0.0,0.0,0.0,0.0,0.12784767086025162,0.0,0.0017001020061203672,0.0,0.0,0.0006800408024481469,0.0,0.0,0.0,0.0,0.0,0.0,0.0017001020061203672,0.0,0.0,0.0,0.0,0.00034002040122407346,0.0,0.0,0.0,0.0,0.002040122407344441,0.0,0.0,0.0,0.0,0.0,0.0,0.0,0.0,0.0,0.006800408024481469,0.0,0.0,0.0,0.0,0.006800408024481469,0.0,0.0,0.04114246854811289,0.08840530431825909,0.0,0.002040122407344441,0.0,0.0,0.0006800408024481469,0.0,0.0,0.0,0.03774226453587215,0.0,0.0,0.0,0.0,0.00034002040122407346,0.0,0.0,0.27949676980618837,0.035022101326079566,0.0,0.00034002040122407346,0.015300918055083304,0.0,0.0,0.0,0.0,0.022781366882012922,0.0,0.0,0.0013600816048962938,0.0,0.0,0.0,0.0,0.0,0.0,0.004080244814688882,0.0,0.0,0.0,0.0,0.0023801428085685142,0.0,0.00034002040122407346,0.0,0.0,0.00034002040122407346,0.00034002040122407346,0.02074124447466848,0.0,0.0,0.0,0.0,0.0,0.0,0.0,0.0,0.00034002040122407346,0.0,0.0,0.0,0.0,0.0,0.0,0.0,0.00034002040122407346,0.0,0.0,0.0,0.0,0.00034002040122407346,0.0,0.0,0.0,0.0,0.0,0.0,0.0,0.0,0.00034002040122407346,0.0,0.0,0.00034002040122407346,0.00034002040122407346,0.0,0.00034002040122407346,0.0,0.0,0.0,0.0,0.013600816048962938,0.0006800408024481469,0.0,0.0034002040122407345,0.00034002040122407346,0.0,0.003740224413464808,0.0,0.0,0.0,0.0017001020061203672,0.0,0.0,0.0013600816048962938,0.0,0.0,0.0,0.0,0.0,0.0,0.0,0.0,0.0,0.0,0.0,0.0,0.0,0.0,0.0,0.00884053043182591,0.0,0.0,0.0,0.0,0.0,0.00034002040122407346,0.0,0.0,0.0,0.0,0.016320979258755527,0.0,0.0,0.0,0.0,0.0,0.0,0.0013600816048962938,0.0,0.0,0.0,0.0,0.0,0.0,0.0,0.0,0.0,0.0,0.0,0.0,0.0,0.0,0.0,0.0,0.0,0.05134308058483509,0.0,0.0,0.0,0.0,0.0,0.0,0.0013600816048962938,0.0,0.0,0.0,0.0,0.0,0.0013600816048962938,0.00034002040122407346,0.0,0.0,0.00034002040122407346,0.0,0.0,0.0,0.0,0.0,0.0,0.0,0.0,0.0,0.0,0.0,0.0,0.0,0.0,0.0,0.0,0.0,0.0,0.0,0.0,0.002040122407344441,0.0,0.00034002040122407346,0.0,0.0,0.0,0.0,0.0,0.0,0.0,0.0,0.0,0.0,0.0,0.0,0.0051003060183611015,0.0,0.0047602856171370285,0.0,0.0,0.0,0.0,0.0,0.00034002040122407346,0.0,0.0017001020061203672,0.0,0.005780346820809248,0.0017001020061203672,0.0,0.0,0.0,0.00034002040122407346,0.0,0.0
091 ARH-PVi Six6 Dopa-Gaba,0.0,0.0,0.0,0.0,0.0,0.0,0.0,0.015384615384615385,0.0,0.0,0.0,0.0,0.0,0.0,0.0,0.0,0.0,0.0,0.0,0.0,0.3282051282051282,0.0,0.0,0.0,0.0,0.0,0.0,0.0,0.0,0.0,0.0,0.0,0.0,0.0,0.0,0.0,0.0,0.0,0.0,0.0,0.0,0.0,0.0,0.0,0.0,0.0,0.0,0.0,0.0,0.0,0.0,0.0,0.0,0.0,0.0,0.0,0.0,0.0,0.06666666666666667,0.0,0.0,0.0,0.0,0.0,0.0,0.0,0.0,0.0,0.0,0.0,0.0,0.0,0.0,0.0,0.0,0.0,0.0,0.0,0.0,0.0,0.0,0.0,0.0,0.0,0.0,0.11282051282051282,0.0,0.0,0.0,0.0,0.0,0.0,0.0,0.0,0.0,0.0,0.0,0.005128205128205128,0.0,0.0,0.0,0.0,0.0,0.0,0.0,0.0,0.0,0.0,0.0,0.0,0.0,0.0,0.0,0.0,0.0,0.0,0.0,0.0,0.0,0.0,0.0,0.0,0.0,0.0,0.0,0.0,0.0,0.0,0.0,0.0,0.0,0.0,0.0,0.0,0.0,0.0,0.0,0.0,0.0,0.0,0.0,0.0,0.0,0.005128205128205128,0.0,0.0,0.0,0.0,0.0,0.0,0.0,0.0,0.0,0.0,0.0,0.0,0.0,0.0,0.0,0.0,0.0,0.0,0.0,0.0,0.0,0.0,0.0,0.0,0.0,0.0,0.0,0.0,0.0,0.0,0.0,0.0,0.0,0.0,0.0,0.0,0.0,0.0,0.0,0.0,0.0,0.0,0.0,0.0,0.0,0.0,0.0,0.0,0.0,0.0,0.0,0.0,0.0,0.0,0.0,0.0,0.0,0.0,0.0,0.0,0.0,0.0,0.0,0.0,0.0,0.0,0.0,0.0,0.0,0.0,0.0,0.0,0.020512820512820513,0.0,0.0,0.041025641025641026,0.18461538461538463,0.0,0.015384615384615385,0.0,0.0,0.0,0.0,0.0,0.0,0.0,0.0,0.0,0.0,0.0,0.0,0.0,0.0,0.0,0.0,0.0,0.0,0.0,0.0,0.0,0.0,0.03076923076923077,0.0,0.0,0.0,0.0,0.0,0.0,0.0,0.0,0.0,0.0,0.0,0.0,0.0,0.0,0.0,0.0,0.0,0.0,0.0,0.0,0.0,0.0,0.0,0.0,0.0,0.0,0.0,0.0,0.0,0.0,0.0,0.0,0.0,0.0,0.0,0.0,0.0,0.0,0.0,0.0,0.0,0.0,0.0,0.0,0.0,0.0,0.0,0.0,0.0,0.03076923076923077,0.0,0.0,0.010256410256410256,0.0,0.0,0.0,0.0,0.0,0.0,0.0,0.0,0.0,0.0,0.0,0.0,0.0,0.0,0.0,0.0,0.0,0.0,0.0,0.0,0.0,0.0,0.13333333333333333,0.0,0.0,0.0,0.0,0.0,0.0,0.0,0.0,0.0,0.0,0.0,0.0,0.0,0.0,0.0,0.0,0.0,0.0,0.0,0.0,0.0,0.0,0.0,0.0,0.0,0.0,0.0,0.0,0.0,0.0,0.0,0.0
092 TMv-PMv Tbx3 Hist-Gaba,0.0,0.0,0.0,0.0,0.0,0.0,0.0,0.0,0.0,0.0,0.0,0.0,0.0,0.0,0.0,0.0,0.0,0.0,0.0,0.0,0.04736842105263158,0.0,0.0,0.0,0.0,0.0,0.0,0.0,0.0,0.0,0.0,0.0,0.0,0.0,0.0,0.0,0.0,0.0,0.0,0.0,0.0,0.0,0.0,0.0,0.0,0.0,0.0,0.0,0.0,0.0,0.0,0.0,0.0,0.0,0.0,0.0,0.0,0.0,0.22894736842105262,0.0,0.0,0.0,0.0,0.0,0.0,0.0,0.0,0.0,0.0,0.0,0.0,0.0,0.0,0.0,0.0,0.0,0.0,0.0,0.0,0.0,0.0,0.0,0.0,0.0,0.0,0.25263157894736843,0.0,0.0,0.0,0.0,0.0,0.0,0.0,0.0,0.0,0.0,0.0,0.0,0.0,0.0,0.0,0.0,0.0,0.0,0.0,0.0,0.0,0.0,0.0,0.0,0.0,0.0,0.0,0.0,0.0,0.0,0.0,0.07105263157894737,0.0,0.0,0.010526315789473684,0.0,0.0,0.0,0.0,0.0,0.0,0.0,0.0,0.0,0.0,0.0,0.0,0.0,0.0,0.0,0.0,0.0,0.0,0.005263157894736842,0.0,0.0,0.0,0.0,0.0,0.0,0.0,0.0,0.0,0.0,0.0,0.0,0.0,0.0,0.0,0.0,0.0,0.0,0.0,0.0,0.0,0.0,0.0,0.0,0.0,0.0,0.0,0.0,0.0,0.0,0.0,0.0,0.0,0.0,0.0,0.0,0.0,0.0,0.0,0.0,0.0,0.0,0.0,0.0,0.0,0.0,0.0,0.0,0.0,0.0,0.0,0.03684210526315789,0.0,0.0,0.0,0.0,0.04736842105263158,0.0,0.0,0.0,0.0,0.0,0.0,0.0,0.0,0.0,0.0,0.0,0.0,0.0,0.0,0.0,0.0,0.0,0.0,0.0,0.0,0.0,0.0,0.0,0.015789473684210527,0.015789473684210527,0.0,0.0,0.0,0.0,0.0,0.0,0.0,0.0,0.0,0.0,0.0,0.0,0.0,0.0,0.0,0.0,0.0,0.0,0.0,0.0,0.0,0.0,0.0,0.0,0.0,0.0,0.0,0.0,0.0,0.0,0.0,0.0,0.0,0.0,0.0,0.0,0.0,0.0,0.0,0.0,0.0,0.0,0.0,0.0,0.0,0.0,0.0,0.0,0.0,0.0,0.0,0.0,0.0,0.0,0.0,0.0,0.0,0.0,0.0,0.0,0.0,0.0,0.0,0.0,0.0,0.0,0.0,0.0,0.034210526315789476,0.0,0.0,0.0,0.0,0.11052631578947368,0.0,0.0,0.0,0.0,0.0,0.0,0.0,0.0,0.0,0.0,0.0,0.0,0.0,0.0,0.0,0.0,0.0,0.0,0.0,0.0,0.0,0.0,0.0,0.0,0.0,0.10789473684210527,0.0,0.0,0.0,0.0,0.0,0.0,0.0,0.0,0.0,0.0,0.0,0.0,0.0,0.0,0.0,0.0,0.0,0.0,0.0,0.0,0.0,0.0,0.0,0.0,0.015789473684210527,0.0,0.0,0.0,0.0,0.0,0.0,0.0
093 RT-ZI Gnb3 Gaba,0.00023432923257176333,0.0,0.0,0.0,0.0,0.0,0.0,0.0,0.0,0.0,0.0,0.002694786174575278,0.0,0.0,0.0,0.0,0.0,0.0,0.0,0.0,0.0,0.0,0.0,0.0,0.0,0.0,0.0,0.001054481546572935,0.0,0.0,0.0,0.0,0.0,0.0,0.0,0.000351493848857645,0.0,0.0,0.0,0.0,0.00046865846514352667,0.0,0.000351493848857645,0.0,0.0,0.0,0.0,0.0,0.0,0.0,0.0,0.0,0.0,0.0,0.0,0.0,0.0,0.00046865846514352667,0.000351493848857645,0.0,0.0,0.0,0.0,0.0,0.0,0.0,0.0,0.0,0.0,0.0,0.0,0.0,0.00023432923257176333,0.0,0.0,0.0,0.0,0.0,0.0,0.00011716461628588167,0.0012888107791446982,0.0,0.0,0.0,0.0,0.0032806092560046865,0.0,0.0,0.0,0.0,0.0,0.0,0.0,0.0,0.0,0.0,0.0,0.0008201523140011716,0.0,0.0,0.0,0.0,0.0,0.0,0.0,0.0,0.0,0.0,0.0,0.0,0.0,0.0,0.007498535442296427,0.0,0.0005858230814294083,0.002460456942003515,0.00023432923257176333,0.004452255418863503,0.0,0.0,0.0,0.0018746338605741067,0.0,0.0,0.0,0.0,0.0,0.0,0.0,0.0,0.0,0.0011716461628588166,0.00140597539543058,0.0,0.0,0.0011716461628588166,0.0,0.0,0.0,0.0,0.0,0.0,0.0,0.0,0.0,0.0,0.0,0.0,0.0,0.0,0.0,0.0,0.0,0.0,0.0,0.0,0.0,0.0,0.0,0.0,0.0,0.0,0.0,0.0,0.0,0.0,0.0,0.0,0.0,0.0,0.0,0.0,0.0,0.0,0.017340363210310485,0.0,0.0,0.0,0.0,0.0,0.0,0.0,0.00011716461628588167,0.0,0.0,0.0,0.0,0.0,0.0,0.0,0.0,0.00011716461628588167,0.0,0.0,0.0,0.0,0.0,0.0,0.0,0.0,0.0,0.0,0.0,0.0,0.0,0.001054481546572935,0.0,0.0,0.0,0.0,0.0,0.0,0.0,0.0017574692442882249,0.0,0.0,0.0,0.00023432923257176333,0.00011716461628588167,0.0,0.0,0.0,0.0,0.0,0.0,0.0,0.00023432923257176333,0.0,0.0,0.0,0.0,0.0,0.0,0.0,0.0,0.0,0.0,0.0,0.0,0.0,0.0,0.0,0.0,0.8002343292325718,0.0,0.0,0.0,0.0,0.0,0.0,0.0,0.0,0.0,0.0,0.0,0.0,0.0016403046280023433,0.0,0.0,0.0,0.000351493848857645,0.0,0.0,0.0,0.0,0.00011716461628588167,0.0,0.0,0.0,0.0,0.0,0.0,0.0,0.0,0.0,0.0,0.0,0.0,0.0,0.0,0.001054481546572935,0.00011716461628588167,0.0,0.0,0.0,0.0,0.0,0.0,0.013825424721734036,0.0,0.0,0.0,0.0,0.0,0.0,0.00011716461628588167,0.0,0.0,0.0,0.0,0.0,0.003866432337434095,0.0,0.0,0.0,0.0,0.0,0.0,0.0,0.0,0.0,0.0,0.0,0.0,0.0,0.0,0.0,0.0,0.0,0.0,0.0030462800234329233,0.000351493848857645,0.0,0.0015231400117164617,0.00011716461628588167,0.0,0.00011716461628588167,0.0,0.0,0.0,0.0,0.0,0.0,0.0,0.01839484475688342,0.0,0.009607498535442297,0.0,0.0,0.0,0.0,0.04721734036321031,0.0,0.0008201523140011716,0.014294083186877563,0.02601054481546573,0.0022261277094317517,0.00140597539543058,0.0,0.0,0.0,0.0,0.0,0.0
094 SCH Six6 Cdc14a Gaba,0.0,0.0,0.0,0.0,0.0,0.0,0.0,0.04033864541832669,0.0,0.0,0.0,0.0,0.0,0.0,0.0,0.0,0.0,0.0,0.0,0.0,0.00049800796812749,0.0,0.0,0.0,0.0,0.0,0.0,0.0,0.0,0.0,0.0,0.0,0.0,0.0,0.0,0.0,0.0,0.0,0.0,0.0,0.0,0.0,0.0,0.0,0.0,0.0,0.0,0.0,0.0,0.0,0.0,0.0,0.0,0.0,0.0,0.0,0.0,0.0,0.00049800796812749,0.0,0.0,0.0,0.0,0.0,0.0,0.0,0.0,0.0,0.0,0.0,0.0,0.0,0.0,0.0,0.0,0.0,0.0,0.0,0.0,0.0,0.0,0.0,0.0,0.0,0.0,0.08864541832669323,0.0,0.0,0.0,0.0,0.0,0.0,0.0,0.0,0.0,0.0,0.0,0.02888446215139442,0.0,0.0,0.0,0.0,0.0,0.0,0.0,0.0,0.0,0.0,0.0,0.0,0.0,0.0,0.0,0.0,0.0,0.0,0.0,0.0,0.0,0.0,0.0,0.0,0.0,0.0,0.0,0.0,0.0,0.0,0.0,0.0,0.0,0.0,0.0,0.0,0.0,0.0,0.0,0.0,0.0,0.0,0.0,0.0,0.0,0.00049800796812749,0.0,0.0,0.0,0.0,0.0,0.0,0.0,0.0,0.0,0.0,0.0,0.0,0.0,0.0,0.0,0.0,0.0,0.0,0.0,0.0,0.0,0.0,0.0,0.0,0.0,0.0,0.0,0.0,0.0,0.0,0.0,0.0,0.0,0.0,0.0,0.0,0.0,0.0,0.0,0.0,0.0,0.0,0.0,0.0,0.0,0.0,0.0,0.0,0.0,0.0,0.0,0.0,0.0,0.0,0.0,0.0,0.0,0.0,0.0,0.0,0.0,0.0,0.0,0.0,0.0,0.0,0.0,0.0,0.0,0.0,0.0,0.0,0.00099601593625498,0.0,0.0,0.0901394422310757,0.00099601593625498,0.0,0.046812749003984064,0.0,0.0,0.0,0.00099601593625498,0.0,0.0,0.01942231075697211,0.0,0.0,0.0,0.0,0.0,0.0,0.0,0.0,0.0,0.0,0.0,0.0,0.0,0.0,0.0,0.2196215139442231,0.4312749003984064,0.0,0.0,0.0,0.0,0.0,0.0,0.0,0.0,0.0,0.0,0.0,0.0,0.0,0.0,0.0,0.0,0.0,0.0,0.0,0.0,0.0,0.0,0.0,0.0,0.0,0.0,0.0,0.0,0.0,0.0,0.0,0.0,0.0,0.0,0.0,0.0,0.0,0.0,0.0,0.0,0.0,0.0,0.0,0.0,0.0,0.0,0.0,0.0,0.0,0.0,0.0,0.012948207171314742,0.0,0.0,0.0,0.0,0.0,0.0,0.0,0.0,0.0,0.0,0.0,0.0,0.0,0.0,0.0,0.0,0.0,0.0,0.0,0.0,0.0,0.0,0.0,0.00099601593625498,0.0,0.0,0.0,0.0,0.0,0.0,0.0,0.0,0.0,0.0,0.0,0.0,0.0,0.00049800796812749,0.0,0.0,0.0,0.0,0.0,0.0,0.0,0.014940239043824702,0.0,0.0,0.0,0.0,0.0,0.0,0.00099601593625498,0.0,0.0
095 DMH Prdm13 Gaba,0.0,0.0,0.0,0.0,0.0,0.0,0.0,0.0,0.0,0.0,0.0,0.0,0.0,0.0,0.0,0.0,0.0,0.0,0.0,0.0,0.006309148264984227,0.0,0.0,0.0,0.0,0.0,0.0,0.0,0.0,0.0,0.0,0.0,0.0,0.0,0.0,0.0,0.0,0.0,0.0,0.0,0.0,0.0,0.0,0.0,0.0,0.0,0.0,0.0,0.0,0.0,0.0,0.0,0.0,0.0,0.0,0.0,0.0,0.0,0.8485804416403786,0.0,0.0,0.0,0.0,0.0,0.0,0.0,0.0,0.0,0.0,0.0,0.0,0.0,0.0,0.0,0.0,0.0,0.0,0.0,0.0,0.0,0.0,0.0,0.0,0.0,0.0,0.04416403785488959,0.0,0.0,0.0,0.0,0.0,0.0,0.0,0.0,0.0,0.0,0.0,0.0,0.0,0.0,0.0,0.0,0.0,0.0,0.0,0.0,0.0,0.0,0.0,0.0,0.0,0.0,0.0,0.0,0.0,0.0,0.0,0.0,0.0,0.0,0.0,0.0,0.0,0.0,0.0,0.0,0.0,0.0,0.0,0.0,0.0,0.0,0.0,0.0,0.0,0.0,0.0,0.0,0.0,0.0,0.0,0.0,0.0,0.0,0.0,0.0,0.0,0.0,0.0,0.0,0.0,0.0,0.0,0.0,0.0,0.0,0.0,0.0,0.0,0.0,0.0,0.0,0.0,0.0,0.0,0.0,0.0,0.0,0.0,0.0,0.0,0.0,0.0,0.0,0.0,0.0,0.0,0.0,0.0,0.0,0.0,0.0,0.0,0.0,0.0,0.0,0.0,0.0,0.0,0.0,0.0,0.0031545741324921135,0.0,0.0,0.0,0.0,0.0,0.0,0.0,0.0,0.0,0.0,0.0,0.0,0.0,0.0,0.0,0.0,0.0,0.0,0.0,0.0,0.0,0.0,0.0,0.0,0.0,0.0,0.0,0.0,0.09779179810725552,0.0,0.0,0.0,0.0,0.0,0.0,0.0,0.0,0.0,0.0,0.0,0.0,0.0,0.0,0.0,0.0,0.0,0.0,0.0,0.0,0.0,0.0,0.0,0.0,0.0,0.0,0.0,0.0,0.0,0.0,0.0,0.0,0.0,0.0,0.0,0.0,0.0,0.0,0.0,0.0,0.0,0.0,0.0,0.0,0.0,0.0,0.0,0.0,0.0,0.0,0.0,0.0,0.0,0.0,0.0,0.0,0.0,0.0,0.0,0.0,0.0,0.0,0.0,0.0,0.0,0.0,0.0,0.0,0.0,0.0,0.0,0.0,0.0,0.0,0.0,0.0,0.0,0.0,0.0,0.0,0.0,0.0,0.0,0.0,0.0,0.0,0.0,0.0,0.0,0.0,0.0,0.0,0.0,0.0,0.0,0.0,0.0,0.0,0.0,0.0,0.0,0.0,0.0,0.0,0.0,0.0,0.0,0.0,0.0,0.0,0.0,0.0,0.0,0.0,0.0,0.0,0.0,0.0,0.0,0.0,0.0,0.0,0.0,0.0,0.0,0.0,0.0,0.0,0.0,0.0,0.0,0.0,0.0
096 PVHd Gsc Gaba,0.0,0.0,0.0,0.0,0.0,0.0,0.0,0.12244897959183673,0.0,0.0,0.0,0.0,0.0,0.0,0.0,0.0,0.0,0.0,0.0,0.0,0.0,0.0,0.0,0.0,0.0,0.0,0.0,0.0,0.0,0.0,0.0,0.0,0.0,0.0,0.0,0.0,0.0,0.0,0.0,0.0,0.0,0.0,0.0,0.0,0.0,0.0,0.0,0.0,0.0,0.0,0.0,0.0,0.0,0.0,0.0,0.0,0.0,0.0,0.0,0.0,0.0,0.0,0.0,0.0,0.0,0.0,0.0,0.0,0.0,0.0,0.0,0.0,0.0,0.0,0.0,0.0,0.0,0.0,0.0,0.0,0.0,0.0,0.0,0.0,0.0,0.20408163265306123,0.0,0.0,0.0,0.0,0.0,0.0,0.0,0.0,0.0,0.0,0.0,0.0,0.0,0.0,0.0,0.0,0.0,0.0,0.0,0.0,0.0,0.0,0.0,0.0,0.0,0.0,0.0,0.0,0.0,0.0,0.0,0.0,0.0,0.0,0.0,0.0,0.0,0.0,0.0,0.0,0.0,0.0,0.0,0.0,0.0,0.0,0.0,0.0,0.0,0.0,0.0,0.0,0.0,0.0,0.0,0.0,0.0,0.0,0.0,0.0,0.0,0.0,0.0,0.0,0.0,0.0,0.0,0.0,0.0,0.0,0.0,0.0,0.0,0.0,0.0,0.0,0.0,0.0,0.0,0.0,0.0,0.0,0.0,0.0,0.0,0.0,0.0,0.0,0.0,0.0,0.0,0.0,0.0,0.0,0.0,0.0,0.0,0.0,0.0,0.0,0.0,0.0,0.0,0.0,0.0,0.0,0.0,0.0,0.0,0.0,0.0,0.0,0.0,0.0,0.0,0.0,0.0,0.0,0.0,0.0,0.0,0.0,0.0,0.0,0.0,0.0,0.0,0.02040816326530612,0.0,0.0,0.0,0.32653061224489793,0.0,0.0,0.0,0.0,0.0,0.0,0.0,0.0,0.0,0.0,0.0,0.0,0.0,0.0,0.0,0.0,0.0,0.0,0.0,0.0,0.0,0.0,0.0,0.0,0.0,0.0,0.0,0.0,0.0,0.0,0.0,0.0,0.0,0.0,0.0,0.0,0.0,0.0,0.0,0.0,0.0,0.0,0.0,0.0,0.0,0.0,0.0,0.0,0.0,0.0,0.0,0.0,0.0,0.0,0.0,0.0,0.0,0.0,0.0,0.0,0.0,0.0,0.0,0.0,0.0,0.0,0.0,0.0,0.0,0.0,0.0,0.0,0.0,0.0,0.0,0.0,0.0,0.0,0.0,0.0,0.0,0.0,0.0,0.0,0.0,0.0,0.0,0.0,0.0,0.0,0.0,0.0,0.0,0.0,0.0,0.0,0.0,0.0,0.0,0.0,0.0,0.0,0.0,0.0,0.0,0.0,0.0,0.0,0.0,0.0,0.0,0.0,0.0,0.0,0.0,0.0,0.32653061224489793,0.0,0.0,0.0,0.0,0.0,0.0,0.0,0.0,0.0,0.0,0.0,0.0,0.0,0.0,0.0,0.0,0.0,0.0,0.0
097 PVHd-SBPV Six3 Prox1 Gaba,0.0,0.0,0.0,0.0,0.0,0.0,0.0,0.21045096635647817,0.0,0.0,0.0,0.0,0.0,0.0,0.0,0.0,0.0,0.0,0.0,0.0,0.0,0.006442376521116679,0.0,0.0,0.0,0.0,0.0,0.0,0.0,0.0,0.0,0.0,0.0,0.0,0.0,0.0021474588403722263,0.0,0.0,0.0,0.0,0.0,0.0,0.0,0.0,0.0,0.0,0.0,0.0,0.0,0.0,0.0,0.0,0.0,0.0,0.0,0.0,0.0,0.0,0.007874015748031496,0.0,0.0,0.0,0.0,0.0,0.0,0.0,0.0,0.0,0.0,0.0,0.0,0.0,0.0,0.0,0.0,0.0,0.0,0.0,0.0,0.0,0.0007158196134574087,0.0,0.0,0.0,0.0,0.3242662848962062,0.0,0.0,0.0,0.0,0.0,0.0,0.0,0.0,0.0,0.0,0.0007158196134574087,0.006442376521116679,0.0,0.0,0.0,0.0,0.0,0.0,0.0,0.0,0.0,0.0,0.0,0.0,0.0,0.0,0.0,0.0,0.0,0.0014316392269148174,0.0,0.030064423765211165,0.0,0.0,0.0,0.0,0.0007158196134574087,0.0,0.0,0.0007158196134574087,0.0014316392269148174,0.0,0.0,0.0,0.0,0.0014316392269148174,0.0,0.0,0.0,0.0014316392269148174,0.0,0.0,0.0,0.0,0.0,0.0,0.0,0.0071581961345740875,0.0,0.0,0.0007158196134574087,0.0,0.0,0.0,0.0,0.0,0.0007158196134574087,0.0,0.0,0.0,0.0,0.0,0.0,0.0,0.0,0.0,0.0,0.0,0.0,0.0,0.0,0.0,0.0,0.0007158196134574087,0.0,0.0,0.0,0.0,0.00572655690765927,0.0,0.0,0.0,0.0007158196134574087,0.0,0.0,0.0007158196134574087,0.0,0.0,0.0,0.0,0.0,0.0,0.0,0.0,0.0,0.002863278453829635,0.0,0.0,0.0,0.0,0.0,0.0,0.0,0.0,0.0,0.0,0.0,0.0,0.0,0.0007158196134574087,0.0,0.0,0.0,0.0007158196134574087,0.0,0.0,0.0,0.0007158196134574087,0.0,0.0,0.004294917680744453,0.09663564781675017,0.0,0.02863278453829635,0.0035790980672870437,0.0,0.01145311381531854,0.0,0.0,0.0,0.03937007874015748,0.0,0.0,0.0,0.0,0.0,0.0,0.0,0.0,0.0,0.0,0.0,0.0,0.0,0.0,0.0,0.0,0.005010737294201861,0.0,0.11739441660701504,0.0014316392269148174,0.0,0.0,0.0,0.0,0.0007158196134574087,0.0,0.0,0.0,0.0,0.0007158196134574087,0.0,0.0,0.0,0.0,0.0,0.0,0.0,0.0,0.0,0.0007158196134574087,0.0,0.0,0.0,0.0,0.0,0.0,0.0,0.0,0.0,0.0,0.0,0.0,0.0,0.0,0.0007158196134574087,0.0,0.0,0.0,0.0,0.0,0.0,0.0007158196134574087,0.0,0.0,0.0,0.0,0.0,0.0,0.0,0.0,0.0,0.0,0.0,0.0,0.0,0.0,0.0,0.0,0.0,0.0,0.0,0.0,0.0,0.0,0.0,0.0,0.0,0.0,0.0,0.0,0.0,0.0,0.0,0.0007158196134574087,0.0021474588403722263,0.0035790980672870437,0.0,0.0,0.0,0.0,0.0,0.0,0.0,0.0,0.0,0.0007158196134574087,0.0,0.049391553328561204,0.0,0.0007158196134574087,0.0,0.0,0.0,0.0,0.0021474588403722263,0.0,0.0,0.005010737294201861,0.0,0.0035790980672870437,0.002863278453829635,0.0,0.0,0.0,0.0,0.0,0.0
098 AHN-SBPV-PVHd Pdrm12 Gaba,0.00045829514207149406,0.0,0.0,0.0,0.0,0.0,0.0,0.5238313473877176,0.0,0.0,0.0,0.0018331805682859762,0.0,0.0,0.0,0.0,0.0,0.0,0.0,0.0,0.0,0.017415215398716773,0.0,0.0,0.0,0.0,0.0,0.0009165902841429881,0.0,0.0,0.0,0.0,0.0,0.0,0.0,0.0009165902841429881,0.0,0.0,0.0,0.0,0.00045829514207149406,0.0,0.0,0.0,0.0,0.0,0.0,0.0,0.0,0.0,0.0,0.0,0.0,0.0,0.0,0.0,0.0,0.0,0.00045829514207149406,0.0,0.0,0.0,0.0,0.0,0.0,0.0,0.0,0.0,0.0,0.0,0.0,0.0,0.0,0.0,0.0,0.0,0.0,0.0,0.0,0.0,0.0,0.0,0.0,0.0,0.0,0.10724106324472961,0.0,0.0,0.0,0.0,0.0,0.0,0.0,0.0,0.0,0.0,0.0,0.00045829514207149406,0.0,0.0,0.0,0.0,0.0,0.0,0.0,0.0,0.0,0.0,0.0,0.0,0.0,0.0,0.0,0.0,0.0,0.0,0.0,0.076993583868011,0.0,0.0,0.0,0.0,0.0009165902841429881,0.0,0.0,0.0,0.0,0.0,0.0,0.0,0.0,0.0,0.0,0.0,0.0,0.0,0.0,0.0,0.0,0.0,0.0,0.0,0.0,0.002749770852428964,0.00045829514207149406,0.0,0.0,0.0,0.0,0.0,0.0,0.0,0.0,0.0,0.0,0.0,0.0,0.0,0.0,0.0,0.0,0.0,0.0,0.0,0.0,0.0,0.0,0.0,0.0,0.0,0.0,0.0,0.0,0.00045829514207149406,0.0036663611365719525,0.0,0.0,0.0,0.0,0.0,0.0,0.0,0.0,0.0,0.0,0.0,0.0,0.0,0.0,0.0,0.0,0.0,0.0,0.0,0.0,0.0,0.0,0.0,0.0,0.0,0.0,0.0,0.0,0.0,0.0,0.0,0.0,0.0,0.0,0.0,0.0,0.0,0.0,0.0,0.0,0.0,0.0018331805682859762,0.034830430797433545,0.0,0.002749770852428964,0.00045829514207149406,0.0,0.004124656278643446,0.0,0.0,0.0,0.0462878093492209,0.0,0.0,0.014207149404216315,0.0,0.0,0.0,0.0,0.0,0.0,0.0,0.0,0.0,0.0,0.0,0.0,0.0,0.00045829514207149406,0.0,0.0921173235563703,0.005957836846929423,0.0,0.0,0.0,0.0,0.0,0.0,0.0,0.0,0.0,0.0009165902841429881,0.0,0.0,0.0,0.0,0.0,0.0,0.00045829514207149406,0.0,0.0,0.0,0.0,0.0,0.0,0.0,0.0,0.0,0.0,0.0,0.0,0.0,0.0,0.0,0.0,0.0,0.0,0.0,0.0,0.0,0.0,0.0,0.0,0.00045829514207149406,0.0,0.0,0.0,0.0,0.0,0.0,0.0,0.0,0.0,0.00045829514207149406,0.0,0.0,0.0,0.0,0.0,0.0,0.0,0.0,0.0,0.0,0.0,0.0,0.0,0.0,0.0,0.0,0.0,0.0,0.0,0.00045829514207149406,0.00045829514207149406,0.0,0.001374885426214482,0.0,0.0,0.0,0.0,0.0,0.0,0.0,0.0,0.0,0.0,0.0,0.0,0.04032997250229148,0.0,0.0009165902841429881,0.0,0.0,0.0,0.0,0.00045829514207149406,0.0,0.0009165902841429881,0.0018331805682859762,0.00045829514207149406,0.005499541704857928,0.00229147571035747,0.0,0.0,0.0,0.00045829514207149406,0.0,0.0
099 SBPV-PVa Six6 Satb2 Gaba,0.0,0.0,0.0,0.0,0.0,0.0,0.0,0.06280193236714976,0.0,0.0,0.0,0.0,0.0,0.0,0.0,0.0,0.0,0.0,0.0,0.0,0.09057971014492754,0.0,0.0,0.0,0.0,0.0,0.0,0.0,0.0,0.0,0.0,0.0,0.0,0.0,0.0,0.0012077294685990338,0.0,0.0,0.0,0.0,0.0,0.0,0.0,0.0,0.0,0.0,0.0,0.0,0.0,0.0,0.0,0.0,0.0,0.0,0.0,0.0,0.0,0.0,0.020531400966183576,0.0,0.0,0.0,0.0,0.0,0.0,0.0,0.0,0.0,0.0,0.0,0.0,0.0,0.0,0.0,0.0,0.0,0.0,0.0,0.0,0.0,0.0,0.0,0.0,0.0,0.0,0.14251207729468598,0.0,0.0,0.0,0.0,0.0,0.0,0.0,0.0,0.0,0.0,0.0,0.0036231884057971015,0.0,0.0,0.0,0.0,0.0,0.0,0.0,0.0,0.0,0.0,0.0,0.0,0.0,0.0,0.0,0.0,0.0,0.0,0.0,0.0036231884057971015,0.0,0.0,0.0,0.0,0.0,0.0,0.0,0.0,0.0,0.0,0.0,0.0,0.0,0.0,0.0,0.0,0.0,0.0,0.0,0.0,0.0,0.0,0.0,0.0,0.0,0.09782608695652174,0.0,0.0,0.0012077294685990338,0.0,0.0,0.0,0.0,0.0,0.0,0.0,0.0,0.0,0.0,0.0,0.0,0.0,0.0,0.0,0.0,0.0,0.0,0.0,0.0,0.0,0.0,0.0,0.0,0.0,0.0,0.0,0.0,0.0,0.0,0.0,0.0,0.0,0.0,0.0,0.0,0.0,0.0,0.0,0.0,0.0,0.0,0.0,0.0,0.0,0.0,0.0,0.0,0.0,0.0012077294685990338,0.0,0.0,0.0,0.0,0.0,0.0,0.0,0.0,0.0,0.0,0.0,0.0,0.0,0.0,0.0,0.0,0.0,0.0,0.0,0.10265700483091787,0.01570048309178744,0.0,0.11473429951690821,0.06884057971014493,0.0,0.05555555555555555,0.0,0.0,0.0,0.0024154589371980675,0.0,0.0,0.0012077294685990338,0.0,0.0,0.0,0.0,0.0,0.0,0.0,0.0,0.0,0.0,0.0,0.0,0.0,0.0,0.0,0.09782608695652174,0.0036231884057971015,0.0,0.0,0.0,0.0,0.0,0.0,0.0,0.0,0.0,0.0,0.0,0.0,0.0,0.0,0.0,0.0,0.0,0.0,0.0,0.0,0.0,0.0,0.0,0.0,0.0,0.0,0.0,0.0,0.0,0.0,0.0,0.0,0.0,0.0,0.0,0.0,0.0,0.0,0.0,0.0,0.0,0.0,0.0,0.0,0.0,0.0,0.0,0.0,0.01932367149758454,0.0,0.0,0.043478260869565216,0.0,0.0,0.0,0.0,0.0,0.0,0.0,0.0,0.0,0.0,0.0,0.0,0.0,0.0,0.0,0.0,0.0,0.0,0.0,0.0,0.0,0.0,0.03864734299516908,0.007246376811594203,0.0,0.0,0.0,0.0,0.0,0.0,0.0,0.0,0.0,0.0,0.0,0.0012077294685990338,0.0,0.0,0.0,0.0,0.0,0.0,0.0,0.0,0.0,0.0024154589371980675,0.0,0.0,0.0,0.0,0.0,0.0,0.0,0.0,0.0
100 AHN Onecut3 Gaba,0.0008032128514056225,0.0,0.0,0.0,0.0,0.0,0.0,0.3132530120481928,0.0,0.0,0.0,0.0,0.0,0.0,0.0,0.0,0.0,0.0,0.0,0.0,0.0,0.00642570281124498,0.0,0.0,0.0,0.0,0.0,0.0,0.00321285140562249,0.010441767068273093,0.0,0.0,0.0,0.0,0.0,0.00642570281124498,0.0,0.0,0.0,0.0,0.0,0.0,0.0,0.0,0.0,0.0,0.0,0.0,0.0,0.0,0.0,0.0,0.0,0.0,0.0,0.0,0.0,0.0,0.0024096385542168677,0.0,0.0,0.0,0.0,0.0,0.0,0.0,0.0,0.0,0.0,0.0,0.0,0.0,0.0,0.0,0.0,0.0,0.0,0.0,0.0,0.0,0.0,0.0,0.0,0.0,0.0,0.23373493975903614,0.0,0.0,0.0,0.0,0.0,0.0,0.0,0.0,0.0,0.0,0.0,0.00642570281124498,0.0,0.0,0.0,0.0,0.0,0.0,0.0,0.0,0.0,0.0,0.0,0.0,0.0,0.0,0.0,0.0,0.0,0.0,0.0,0.05461847389558233,0.0,0.0,0.0,0.0,0.04738955823293173,0.0,0.0,0.0008032128514056225,0.0,0.0,0.0,0.0,0.0,0.0,0.0,0.0,0.0,0.0,0.0,0.0,0.0,0.0,0.0,0.0,0.0,0.004016064257028112,0.02570281124497992,0.0,0.0,0.0,0.0,0.0,0.0,0.0,0.004016064257028112,0.0,0.0,0.0,0.0,0.0,0.0,0.0,0.0,0.0,0.0,0.0,0.0,0.0,0.0,0.0,0.0,0.0,0.0,0.0,0.0,0.0,0.0,0.0,0.0,0.0,0.0,0.0,0.0,0.0,0.0,0.0,0.0,0.0,0.0,0.0,0.0,0.0,0.0,0.0008032128514056225,0.0,0.0,0.0,0.0,0.0,0.0,0.0,0.0,0.0,0.0,0.0,0.0,0.0,0.0,0.0,0.0,0.0,0.0,0.0,0.0,0.0,0.0,0.0,0.0,0.0008032128514056225,0.014457831325301205,0.0,0.017670682730923693,0.004819277108433735,0.0,0.0024096385542168677,0.0,0.0,0.0,0.06104417670682731,0.0,0.0,0.040160642570281124,0.0,0.0,0.0,0.0,0.0,0.0,0.0,0.0,0.0,0.0,0.0,0.0,0.0,0.0,0.0,0.0393574297188755,0.01606425702811245,0.0,0.0,0.0,0.0,0.0,0.0,0.0,0.0,0.0,0.0024096385542168677,0.0,0.0,0.0,0.0,0.0,0.0,0.0008032128514056225,0.0,0.0,0.0,0.0,0.0,0.0,0.0,0.0,0.0,0.0,0.0,0.0,0.0,0.0,0.0,0.0,0.0,0.0008032128514056225,0.0,0.0,0.0,0.0,0.0,0.0,0.0,0.0,0.0,0.0,0.0,0.0,0.0,0.017670682730923693,0.0,0.0,0.0,0.0,0.0,0.0,0.0,0.0,0.0,0.0,0.0,0.0,0.0,0.0,0.0,0.0,0.0,0.0,0.0,0.0,0.0,0.0,0.0,0.004819277108433735,0.0,0.02650602409638554,0.008835341365461847,0.0,0.0,0.0,0.0,0.0,0.0,0.0,0.0,0.0,0.0,0.0,0.004819277108433735,0.0,0.0008032128514056225,0.0,0.0,0.0,0.0,0.0,0.0,0.0,0.008835341365461847,0.0008032128514056225,0.004016064257028112,0.001606425702811245,0.0,0.0,0.0,0.0,0.0,0.0
101 ZI Pax6 Gaba,0.00016564518800728838,0.0,0.0,0.0,0.0,0.0,0.0,0.005963226768262382,0.0,0.0,0.0,0.0028159681961239026,0.0,0.0,0.0,0.0,0.0,0.00016564518800728838,0.0,0.0,0.0,0.0,0.0,0.0,0.0,0.0,0.0,0.0023190326321020373,0.0,0.0,0.0,0.0,0.0,0.0,0.0,0.0018220970680801723,0.0,0.0,0.0,0.0,0.0004969355640218651,0.0,0.0,0.0,0.0,0.0,0.0,0.0,0.0,0.0,0.0004969355640218651,0.0,0.0,0.0,0.00016564518800728838,0.0,0.0,0.0,0.0014908066920655955,0.0,0.0,0.0,0.0,0.0,0.0,0.0,0.0,0.0,0.0,0.0,0.0,0.0,0.0,0.0,0.0,0.0,0.0,0.0,0.0,0.00033129037601457677,0.016895809176743416,0.0,0.0,0.0,0.0,0.15106841146264702,0.0,0.0,0.0,0.00016564518800728838,0.0,0.0,0.0,0.0,0.0,0.0,0.0,0.0006625807520291535,0.0,0.00016564518800728838,0.0,0.0,0.0,0.0,0.0,0.0,0.0,0.0,0.0,0.0,0.0,0.0,0.000828225940036442,0.0,0.00016564518800728838,0.004472420076196786,0.00033129037601457677,0.04555242670200431,0.0,0.0,0.0,0.0,0.0004969355640218651,0.0,0.0,0.0,0.0,0.0,0.00033129037601457677,0.0,0.0,0.009441775716415439,0.0,0.0,0.0,0.0,0.0,0.0,0.00016564518800728838,0.00016564518800728838,0.0,0.0,0.0,0.0,0.00033129037601457677,0.0,0.0004969355640218651,0.00016564518800728838,0.0,0.0,0.0,0.0,0.00033129037601457677,0.0,0.0004969355640218651,0.0,0.0,0.0,0.00016564518800728838,0.0,0.0,0.0,0.00016564518800728838,0.0,0.0,0.0,0.0,0.0,0.0,0.0011595163160510187,0.0,0.0,0.0,0.0018220970680801723,0.005300646016233228,0.0,0.0,0.0,0.0,0.0,0.0,0.0,0.0,0.0,0.0,0.0,0.0,0.0,0.0,0.0,0.0,0.02782839158522445,0.0,0.0,0.0,0.0,0.00016564518800728838,0.0,0.0,0.0,0.0,0.0,0.00016564518800728838,0.00016564518800728838,0.0,0.006957097896306112,0.0,0.0,0.00033129037601457677,0.0018220970680801723,0.0,0.0,0.0006625807520291535,0.006791452708298824,0.0,0.0004969355640218651,0.007122743084313401,0.01938048699685274,0.0006625807520291535,0.0,0.0004969355640218651,0.0,0.0,0.0,0.0,0.0,0.001656451880072884,0.00016564518800728838,0.0,0.0,0.0009938711280437303,0.0,0.0,0.0,0.0,0.0,0.0,0.0,0.0,0.0,0.0,0.0,0.0,0.00927613052840815,0.0,0.0,0.0,0.0,0.0,0.0,0.0,0.0,0.0,0.0,0.0,0.0,0.001325161504058307,0.0,0.0,0.0,0.00033129037601457677,0.0,0.0,0.0,0.0,0.0028159681961239026,0.00016564518800728838,0.0,0.0,0.0,0.0,0.0,0.0,0.0,0.0,0.0,0.0,0.0,0.0,0.0,0.012423389100546628,0.0,0.0,0.00016564518800728838,0.0,0.0,0.0036441941361603446,0.0,0.016895809176743416,0.0,0.0,0.0,0.0,0.0,0.0,0.0,0.0,0.0,0.00033129037601457677,0.0,0.0,0.001656451880072884,0.0,0.0,0.0,0.00016564518800728838,0.0,0.0,0.0,0.0,0.0,0.0,0.0,0.0,0.0,0.0,0.0,0.0,0.00016564518800728838,0.0,0.003478548948153056,0.0,0.0,0.007950969024349842,0.0,0.00016564518800728838,0.00016564518800728838,0.0,0.0,0.0,0.0,0.0,0.0,0.0,0.5313897631273812,0.0,0.0023190326321020373,0.0,0.0,0.0,0.0,0.012092098724532053,0.0009938711280437303,0.012092098724532053,0.014908066920655955,0.020043067748881895,0.001325161504058307,0.010104356468444592,0.00016564518800728838,0.0,0.0,0.0,0.0,0.0
102 DMH-LHA Gsx1 Gaba,0.0,0.0,0.0,0.0,0.0,0.0,0.0,0.0013723696248856359,0.0,0.0,0.0,0.0,0.0,0.0,0.0,0.0,0.0,0.0,0.0,0.0,0.10018298261665141,0.0,0.0,0.0,0.0,0.0,0.0,0.0,0.0,0.0,0.0,0.0,0.0,0.0,0.0,0.0004574565416285453,0.0,0.0,0.0,0.0,0.0,0.0,0.0,0.0,0.0,0.0,0.0,0.0,0.0,0.0,0.0009149130832570906,0.0,0.0,0.0,0.0,0.0,0.0,0.0,0.18206770356816102,0.0,0.0,0.0,0.0,0.0,0.0,0.0,0.0,0.0,0.0,0.0,0.0,0.0,0.0,0.0,0.0,0.0,0.0,0.0,0.0,0.0,0.0009149130832570906,0.0,0.0,0.0,0.0,0.21225983531564502,0.0,0.0,0.0,0.0,0.0,0.0,0.0,0.0,0.0,0.0,0.0,0.0004574565416285453,0.0,0.0,0.0,0.0,0.0,0.0,0.0,0.0,0.0,0.0,0.0,0.0,0.0,0.0,0.0,0.0,0.0,0.0,0.0,0.2918572735590119,0.0,0.0,0.0,0.0,0.0,0.0,0.0,0.0,0.0,0.0,0.0,0.0,0.0,0.0009149130832570906,0.0,0.0,0.0036596523330283625,0.0,0.0,0.0009149130832570906,0.0,0.0,0.0,0.0,0.0,0.0,0.0,0.0,0.0004574565416285453,0.0,0.0,0.0,0.0,0.0,0.0,0.0004574565416285453,0.0,0.0,0.0,0.0,0.0,0.0,0.0,0.0,0.0,0.0,0.0,0.0,0.0,0.0,0.0,0.0,0.0,0.0,0.0,0.0009149130832570906,0.01555352241537054,0.0,0.0,0.0,0.0,0.0,0.0,0.0009149130832570906,0.0,0.0004574565416285453,0.0,0.0,0.0,0.0,0.0,0.0,0.0,0.015096065873741994,0.0,0.0,0.0,0.0,0.0018298261665141812,0.0,0.0,0.0,0.0,0.0,0.0,0.0,0.0,0.0,0.0,0.0,0.0,0.0,0.0,0.0,0.0022872827081427266,0.01463860933211345,0.0,0.0,0.0,0.0018298261665141812,0.0,0.0,0.014181152790484904,0.0,0.0,0.0,0.0,0.0,0.029734675205855442,0.0,0.0,0.0,0.0,0.0,0.0,0.0,0.0,0.0,0.0,0.0,0.0,0.0,0.0,0.0,0.0,0.0009149130832570906,0.0,0.0,0.0,0.0,0.0,0.0,0.0,0.0,0.0,0.0,0.0,0.0,0.0,0.0,0.0,0.0,0.0,0.0,0.0,0.0,0.0,0.0,0.0,0.0,0.0,0.0,0.0,0.0,0.0,0.0,0.0,0.0,0.0,0.0,0.0,0.0,0.0004574565416285453,0.0,0.0,0.0,0.0,0.0,0.0,0.0,0.0,0.0,0.0,0.0,0.0,0.0,0.0,0.03476669716376944,0.0,0.0,0.0,0.0,0.0,0.0,0.0,0.0,0.0,0.0,0.0,0.0,0.0,0.0,0.0,0.0,0.0,0.0,0.0,0.0,0.0,0.0,0.0,0.0,0.0,0.03476669716376944,0.0,0.0,0.0,0.0,0.0,0.0,0.0,0.0,0.0,0.0,0.0,0.0,0.013266239707227814,0.0,0.0,0.0,0.0,0.0,0.0,0.0009149130832570906,0.0,0.006861848124428179,0.0004574565416285453,0.0,0.012351326623970723,0.0004574565416285453,0.0,0.0,0.0,0.0004574565416285453,0.0,0.0
103 PVHd-DMH Lhx6 Gaba,0.0,0.0,0.0,0.0,0.0,0.0,0.0,0.02169811320754717,0.0,0.0,0.0,0.0,0.0,0.0,0.0,0.0,0.0,0.0,0.0,0.0,0.0,0.0,0.0,0.0,0.0,0.0,0.0,0.0,0.0,0.0,0.0,0.0,0.0,0.0,0.0,0.0,0.0,0.0,0.0,0.0,0.0,0.0,0.0,0.0,0.0,0.0,0.0,0.0,0.0,0.0,0.0009433962264150943,0.0,0.0,0.0,0.0,0.0,0.0,0.0,0.06320754716981132,0.0,0.0,0.0,0.0,0.0,0.0,0.0,0.0,0.0,0.0,0.0,0.0,0.0,0.0,0.0,0.0,0.0,0.0,0.0,0.0,0.0,0.0,0.0,0.0,0.0,0.0,0.2971698113207547,0.0,0.0,0.0,0.0,0.0,0.0,0.0,0.0,0.0,0.0,0.0,0.0,0.0,0.0,0.0,0.0,0.0,0.0,0.0,0.0,0.0,0.0,0.0,0.0,0.0,0.0,0.0,0.0,0.0,0.0,0.0,0.12075471698113208,0.0,0.0,0.0,0.0,0.0,0.0,0.0,0.0,0.0,0.0,0.0,0.0,0.0,0.005660377358490566,0.0,0.0,0.0,0.0,0.0,0.0,0.0,0.0009433962264150943,0.0,0.0,0.0,0.0,0.0,0.0,0.0,0.0,0.0,0.0,0.0,0.0,0.0,0.0,0.002830188679245283,0.0,0.0,0.0,0.0,0.0,0.0,0.0,0.0,0.0,0.0,0.0,0.0,0.0,0.0,0.0,0.0,0.0,0.0,0.002830188679245283,0.002830188679245283,0.0,0.0,0.0,0.0,0.0,0.0,0.0009433962264150943,0.0,0.0,0.0,0.0,0.0,0.0,0.0,0.0,0.0,0.2028301886792453,0.0,0.0,0.0,0.0,0.005660377358490566,0.0,0.0,0.0,0.0,0.0,0.0,0.0,0.0,0.0,0.0,0.0,0.0,0.0,0.0,0.0,0.002830188679245283,0.009433962264150943,0.0,0.0,0.0,0.027358490566037737,0.0,0.0,0.013207547169811321,0.0,0.0,0.0,0.0,0.0,0.009433962264150943,0.0,0.0,0.0,0.0,0.0,0.0,0.0,0.0,0.0,0.0,0.0,0.0,0.0,0.0,0.0,0.0,0.0,0.0,0.0,0.0,0.0,0.0018867924528301887,0.0,0.0,0.0,0.0,0.0,0.0,0.0,0.0,0.0,0.0,0.0009433962264150943,0.0,0.0,0.0,0.0,0.0,0.0,0.0,0.0,0.0,0.0,0.0,0.0,0.0,0.0,0.0,0.0,0.0,0.0,0.0,0.0,0.0018867924528301887,0.0,0.0,0.0,0.0,0.0,0.0,0.0,0.0,0.0,0.0,0.0,0.0,0.0,0.0,0.002830188679245283,0.0,0.0,0.0018867924528301887,0.0,0.0,0.0,0.0,0.0,0.0,0.0018867924528301887,0.0,0.0,0.0,0.0,0.0,0.0,0.0,0.0,0.0,0.0,0.0,0.0,0.0,0.0,0.0,0.006603773584905661,0.0,0.0,0.0,0.0,0.0,0.0,0.0,0.0,0.0,0.0,0.0009433962264150943,0.0,0.17264150943396225,0.0,0.0,0.0,0.0,0.0,0.0,0.0,0.0,0.012264150943396227,0.0009433962264150943,0.0,0.0047169811320754715,0.0,0.0,0.0,0.0,0.0,0.0,0.0
104 TU-ARH Otp Six6 Gaba,0.0,0.0,0.0,0.0,0.0,0.0,0.0,0.006868560724320949,0.0,0.0,0.0,0.0,0.0,0.0,0.0,0.0,0.0,0.0,0.0,0.0,0.34686231657820793,0.0,0.0,0.0,0.0,0.0,0.0,0.0,0.0,0.00031220730565095225,0.0,0.0,0.0,0.0,0.0,0.0006244146113019045,0.0,0.0,0.0,0.0,0.0,0.0,0.0,0.0,0.0,0.0,0.0,0.0,0.0,0.0,0.0,0.0,0.0,0.0,0.0,0.0,0.0,0.0,0.00842959725257571,0.0,0.0,0.0,0.0,0.0,0.0,0.0,0.0,0.0,0.0,0.0,0.0,0.0,0.0,0.0,0.0,0.0,0.0,0.0,0.0,0.0,0.0,0.0,0.0,0.0,0.0,0.1548548236028723,0.0,0.0,0.0,0.0,0.0,0.0,0.0,0.0,0.0,0.0,0.0,0.0,0.0,0.0,0.0,0.0,0.0,0.0,0.0,0.0,0.0,0.0,0.0,0.0,0.0,0.0,0.0,0.0,0.0,0.0,0.0,0.048392132375897595,0.0,0.0,0.0,0.0,0.0009366219169528567,0.0,0.0,0.0,0.0,0.0,0.0,0.0,0.0,0.0,0.0,0.0,0.02216671870121761,0.00031220730565095225,0.0,0.0,0.0,0.0,0.0,0.0,0.0,0.0,0.0,0.0,0.0,0.0,0.0,0.0,0.0,0.0,0.0,0.0,0.0,0.0,0.0,0.0,0.0,0.0,0.0,0.0,0.0,0.0,0.0,0.0,0.0,0.0,0.0,0.0,0.0,0.0,0.0,0.0,0.0,0.0,0.0,0.0,0.0,0.0,0.0,0.0,0.0,0.0,0.0,0.0,0.0,0.0,0.0,0.0,0.0,0.0006244146113019045,0.0,0.0,0.0,0.0,0.011863877614736186,0.0,0.0,0.0,0.0,0.0,0.0,0.0,0.0,0.0,0.0,0.0,0.0,0.0,0.0,0.0,0.0,0.0,0.0,0.0,0.00031220730565095225,0.0018732438339057135,0.0,0.0,0.007492975335622854,0.00031220730565095225,0.00031220730565095225,0.0,0.0,0.0,0.005931938807368093,0.0,0.0,0.0009366219169528567,0.0,0.0,0.0,0.0,0.0,0.0,0.0,0.0,0.0,0.0,0.0,0.0,0.0,0.0,0.0,0.0,0.0,0.0,0.0,0.0,0.0,0.0,0.0,0.0,0.0,0.0,0.0,0.0,0.0,0.0,0.0,0.0,0.0,0.00031220730565095225,0.0,0.0,0.0,0.0,0.0,0.0,0.0,0.0,0.0,0.0,0.0,0.0,0.0,0.0,0.0,0.0,0.0,0.0006244146113019045,0.0,0.0,0.0,0.0,0.0,0.0,0.0,0.0,0.029971901342491416,0.0,0.0,0.0,0.0,0.25975647830159226,0.0,0.0,0.006556353418669997,0.0,0.0,0.0,0.0,0.0,0.0,0.0,0.0,0.0,0.0,0.0,0.0,0.0,0.0,0.0,0.0,0.0,0.0,0.0,0.0,0.0,0.0,0.07992507024664378,0.0,0.0,0.0,0.0,0.0,0.0,0.0,0.0,0.0,0.0,0.0,0.0,0.0006244146113019045,0.0,0.0,0.0,0.0,0.0,0.0,0.0,0.0,0.0,0.001248829222603809,0.0,0.0009366219169528567,0.0006244146113019045,0.0,0.0,0.0,0.0,0.0,0.0
105 TMd-DMH Foxd2 Gaba,0.0,0.0,0.0,0.0,0.0,0.0,0.0,0.0,0.0,0.0,0.0,0.0,0.0,0.0,0.0,0.0,0.0,0.0,0.0,0.0,0.051111111111111114,0.0,0.0,0.0,0.0,0.0,0.0,0.0,0.0,0.0,0.0,0.0,0.0,0.0,0.0,0.0,0.0,0.0,0.0,0.0,0.0,0.0,0.0,0.0,0.0,0.0,0.0,0.0,0.0,0.0,0.0,0.0,0.0,0.0,0.0,0.0,0.0,0.0,0.5933333333333334,0.0,0.0,0.0,0.0,0.0,0.0,0.0,0.0,0.0,0.0,0.0,0.0,0.0,0.0,0.0,0.0,0.0,0.0,0.0,0.0,0.0,0.0,0.0,0.0,0.0,0.0,0.1288888888888889,0.0,0.0,0.0,0.0,0.0,0.0,0.0,0.0,0.0,0.0,0.0,0.0,0.0,0.0,0.0,0.0,0.0,0.0,0.0,0.0,0.0,0.0,0.0,0.0,0.0,0.0,0.0,0.0,0.0,0.0,0.0,0.022222222222222223,0.0,0.0,0.0,0.0,0.0,0.0,0.0,0.0,0.0,0.0,0.0,0.0,0.0,0.0,0.0,0.0,0.0,0.0,0.0,0.0,0.0,0.0,0.0,0.0,0.0,0.0,0.0,0.0,0.0,0.0,0.0,0.0,0.0,0.0,0.0,0.0,0.0,0.0,0.0,0.0,0.0,0.0,0.0,0.0,0.0,0.0,0.0,0.0,0.0,0.0,0.0,0.0,0.0,0.0,0.0,0.0,0.0,0.0,0.0,0.0,0.0,0.0,0.0,0.0,0.0,0.0,0.0,0.0,0.0,0.0,0.0,0.0,0.0,0.044444444444444446,0.0,0.0,0.0,0.0,0.0022222222222222222,0.0,0.0,0.0,0.0,0.0,0.0,0.0,0.0,0.0,0.0,0.0,0.0,0.0,0.0,0.0,0.0,0.0,0.0,0.0,0.0,0.0,0.0,0.0,0.08666666666666667,0.05555555555555555,0.0,0.0,0.0,0.0,0.0022222222222222222,0.0,0.0,0.0,0.0,0.0,0.0,0.0,0.0,0.0,0.0,0.0,0.0,0.0,0.0,0.0,0.0,0.0,0.0,0.0,0.0,0.0,0.0,0.0,0.0,0.0,0.0,0.0,0.0,0.0,0.0,0.0,0.0,0.0,0.0,0.0,0.0,0.0,0.0,0.0,0.0,0.0,0.0,0.0,0.0,0.0,0.0,0.0,0.0,0.0,0.0,0.0,0.0,0.0,0.0,0.0,0.0,0.0,0.0,0.0,0.0,0.0,0.0,0.0,0.0,0.0,0.0,0.0,0.0,0.0044444444444444444,0.0,0.0,0.0,0.0,0.0,0.0,0.0,0.0,0.0,0.0,0.0,0.0,0.0,0.0,0.0,0.0,0.0,0.0,0.0,0.0,0.0,0.0,0.0,0.0,0.0,0.008888888888888889,0.0,0.0,0.0,0.0,0.0,0.0,0.0,0.0,0.0,0.0,0.0,0.0,0.0,0.0,0.0,0.0,0.0,0.0,0.0,0.0,0.0,0.0,0.0,0.0,0.0,0.0,0.0,0.0,0.0,0.0,0.0,0.0
106 PVpo-VMPO-MPN Hmx2 Gaba,0.0,0.0,0.0,0.0,0.0,0.0,0.0013266118333775537,0.03396126293446537,0.0,0.0,0.0,0.0,0.0,0.0,0.0,0.0,0.0,0.0,0.0,0.0,0.0005306447333510214,0.0,0.0,0.0,0.0,0.0,0.0,0.0,0.014592730167153092,0.07535155213584505,0.0,0.0,0.0,0.0,0.0,0.041390289201379674,0.0,0.0,0.0,0.0,0.0015919342000530645,0.0002653223666755107,0.0,0.0,0.0,0.0,0.0,0.0,0.0,0.0,0.0002653223666755107,0.0,0.0,0.0,0.0,0.0,0.0,0.0,0.003979835500132661,0.0,0.0,0.0,0.0,0.0,0.0,0.0,0.0,0.0,0.0,0.0,0.0,0.0,0.0,0.0,0.0,0.0,0.0,0.0,0.0,0.0,0.0,0.0,0.0,0.0,0.0,0.11912974263730433,0.0,0.0,0.0,0.0,0.0,0.0,0.0,0.0,0.0,0.0,0.0,0.04590076943486336,0.0,0.0,0.0,0.0,0.0,0.0,0.0,0.0,0.0,0.0,0.0,0.0,0.0,0.0,0.0,0.0,0.0,0.0,0.0,0.008224993366940834,0.0,0.0,0.0,0.0,0.03236932873441231,0.0,0.0,0.0,0.0015919342000530645,0.0,0.0,0.0,0.0,0.0005306447333510214,0.0,0.0,0.0,0.0,0.0015919342000530645,0.0,0.0,0.0,0.0,0.0,0.0,0.1931546829397718,0.13929424250464315,0.0,0.0,0.0005306447333510214,0.0,0.0,0.0,0.0,0.0021225789334040858,0.0,0.0,0.0,0.0,0.0,0.0,0.0,0.0,0.0002653223666755107,0.0,0.0,0.0,0.0,0.0,0.0,0.0013266118333775537,0.0,0.0,0.0,0.0,0.0023879013000795966,0.0005306447333510214,0.0,0.0,0.0,0.0,0.0,0.0,0.0005306447333510214,0.0,0.021756434067391882,0.0,0.0,0.0,0.0,0.0,0.0,0.0,0.0013266118333775537,0.0,0.0,0.0,0.0,0.0,0.0,0.0,0.0,0.0,0.0,0.0002653223666755107,0.0,0.0,0.0,0.0,0.0,0.0,0.0,0.0,0.0002653223666755107,0.0,0.0002653223666755107,0.0,0.0,0.009286282833642877,0.0,0.0,0.0018572565667285751,0.0007959671000265323,0.0,0.09498540726983284,0.0,0.0,0.0,0.0002653223666755107,0.0,0.0,0.0,0.0,0.0,0.0,0.0,0.0,0.0,0.0,0.0,0.0,0.0,0.0,0.0,0.0,0.0002653223666755107,0.0,0.0023879013000795966,0.0007959671000265323,0.0,0.0,0.0,0.0,0.0,0.0,0.0,0.0,0.0,0.0002653223666755107,0.0,0.0,0.0,0.0,0.0,0.0,0.004775802600159193,0.0,0.0,0.0,0.0,0.0,0.0,0.0,0.0,0.0,0.0,0.0,0.0,0.0,0.0,0.0,0.0,0.0002653223666755107,0.0010612894667020429,0.0,0.0,0.0,0.0,0.0,0.0,0.0002653223666755107,0.0,0.0,0.0,0.0,0.0,0.0,0.0005306447333510214,0.0,0.0,0.010082249933669409,0.0,0.0,0.0,0.0,0.0,0.0,0.0,0.0,0.0,0.0,0.0,0.0,0.0,0.0,0.0,0.0,0.0,0.0,0.0,0.0,0.015919342000530644,0.0,0.0002653223666755107,0.07614751923587158,0.0,0.0,0.0,0.0,0.0,0.0,0.0,0.0,0.0,0.0,0.0,0.0013266118333775537,0.0,0.0066330591668877685,0.0,0.0,0.0,0.0,0.0,0.0,0.0002653223666755107,0.02042982223401433,0.0002653223666755107,0.0005306447333510214,0.0002653223666755107,0.0002653223666755107,0.0,0.0,0.003183868400106129,0.0,0.0
107 DMH Hmx2 Gaba,0.0,0.0,0.0,0.0,0.0,0.0,0.0,0.011494252873563218,0.0,0.0,0.0,0.0,0.0,0.0,0.0,0.0,0.0,0.0,0.0,0.0,0.022640195053988156,0.0,0.0,0.0,0.0,0.0,0.0,0.0,0.0013932427725531174,0.0010449320794148381,0.0,0.0,0.0,0.0,0.0,0.0034831069313827935,0.0,0.0,0.0,0.0,0.0006966213862765587,0.0,0.0,0.0,0.0,0.0,0.0,0.0,0.0,0.0,0.00034831069313827936,0.0,0.0,0.0,0.0,0.0,0.0,0.0,0.3016370602577499,0.0,0.0,0.0,0.0,0.0,0.0,0.0,0.0,0.0,0.0,0.0,0.0,0.0,0.0,0.0,0.0,0.0,0.0,0.0,0.0,0.0,0.0,0.0,0.0,0.0,0.0,0.28700801114594215,0.0,0.0,0.0,0.0,0.0,0.0,0.0,0.0,0.0,0.0,0.0,0.0010449320794148381,0.0,0.0,0.0,0.0,0.0,0.0,0.0,0.0,0.0,0.0,0.0,0.0,0.0,0.0,0.0,0.0,0.0,0.0,0.0,0.13131313131313133,0.0,0.0,0.0,0.0,0.003134796238244514,0.0,0.0,0.0,0.0,0.0,0.0,0.0,0.0,0.0013932427725531174,0.0,0.0,0.0,0.0,0.0,0.00034831069313827936,0.0,0.00034831069313827936,0.0,0.0,0.0,0.0,0.0038314176245210726,0.0,0.0024381748519679554,0.00034831069313827936,0.0,0.0,0.0,0.0,0.0006966213862765587,0.0,0.0,0.0,0.0,0.0,0.0,0.0,0.0,0.0,0.00034831069313827936,0.0,0.0,0.0,0.0,0.0,0.0,0.0,0.0,0.0,0.0,0.0034831069313827935,0.0010449320794148381,0.0,0.00034831069313827936,0.0,0.00034831069313827936,0.0,0.0,0.0,0.0,0.0,0.0,0.0,0.0,0.0,0.0,0.0,0.0,0.01671891327063741,0.0,0.0,0.0,0.0,0.0,0.0,0.0,0.0,0.0,0.0,0.0,0.0,0.0,0.0,0.0,0.0,0.0,0.0,0.0,0.0,0.0,0.00034831069313827936,0.0,0.0,0.0,0.007662835249042145,0.0,0.00034831069313827936,0.03796586555207245,0.0,0.00034831069313827936,0.0,0.0,0.0,0.022640195053988156,0.0,0.0,0.0006966213862765587,0.0,0.0,0.0,0.0,0.0,0.0,0.0,0.0,0.0,0.0,0.0,0.0,0.0,0.0,0.0,0.0006966213862765587,0.0,0.0,0.00034831069313827936,0.0,0.0,0.0,0.0,0.0,0.0,0.0,0.00034831069313827936,0.0,0.0,0.0,0.0,0.0,0.0,0.0,0.0,0.00034831069313827936,0.00034831069313827936,0.0,0.0,0.0,0.0,0.0,0.0,0.0,0.0,0.0,0.0,0.0,0.0,0.0,0.00034831069313827936,0.0,0.0,0.00034831069313827936,0.0006966213862765587,0.0,0.0,0.0,0.0,0.0,0.00034831069313827936,0.0,0.0,0.0,0.00034831069313827936,0.0640891675374434,0.0,0.0,0.0024381748519679554,0.0,0.0,0.0,0.0,0.0,0.0,0.0,0.0,0.0,0.0,0.0,0.0,0.0,0.0,0.0,0.0,0.0,0.0,0.0,0.0,0.0,0.0,0.039010797631487286,0.0,0.0,0.0,0.0,0.0,0.0,0.00034831069313827936,0.0,0.0,0.0,0.0,0.0,0.008011145942180425,0.0,0.0,0.0,0.0,0.0,0.0,0.0,0.00034831069313827936,0.00034831069313827936,0.003134796238244514,0.0,0.01044932079414838,0.00034831069313827936,0.0,0.0,0.0,0.00034831069313827936,0.0,0.0
108 ARH-PVp Tbx3 Gaba,0.0,0.0,0.0,0.0,0.0,0.0,0.0,0.0,0.0,0.0,0.0,0.0,0.0,0.0,0.0,0.0,0.0,0.0,0.0,0.0,0.6511056511056511,0.0,0.0,0.0,0.0,0.0,0.0,0.0,0.0,0.0,0.0,0.0,0.0,0.0,0.0,0.000819000819000819,0.0,0.0,0.0,0.0,0.0,0.0,0.0,0.0,0.0,0.0,0.0,0.0,0.0,0.0,0.0,0.0,0.0,0.0,0.0,0.0,0.0,0.0,0.02702702702702703,0.0,0.0,0.0,0.0,0.0,0.0,0.0,0.0,0.0,0.0,0.0,0.0,0.0,0.0,0.0,0.0,0.0,0.0,0.0,0.0,0.0,0.0,0.0,0.0,0.0,0.0,0.10401310401310401,0.0,0.0,0.0,0.0,0.0,0.0,0.0,0.0,0.0,0.0,0.0,0.0,0.0,0.0,0.0,0.0,0.0,0.0,0.0,0.0,0.0,0.0,0.0,0.0,0.0,0.0,0.0,0.0,0.0,0.0,0.0,0.0,0.0,0.0,0.0,0.0,0.0,0.0,0.0,0.0,0.0,0.0,0.0,0.0,0.0,0.000819000819000819,0.0,0.0,0.02375102375102375,0.0,0.0,0.0,0.0,0.0,0.0,0.0,0.0,0.000819000819000819,0.0,0.0,0.0,0.0,0.0,0.0,0.0,0.0,0.0,0.0,0.0,0.0,0.0,0.0,0.0,0.0,0.0,0.0,0.0,0.0,0.0,0.0,0.0,0.0,0.0,0.0,0.0,0.0,0.0,0.0,0.0,0.0,0.0,0.0,0.0,0.0,0.0,0.0,0.0,0.0,0.0,0.0,0.0,0.0,0.0,0.0,0.0,0.000819000819000819,0.0,0.0,0.0,0.0,0.000819000819000819,0.0,0.0,0.0,0.0,0.0,0.0,0.0,0.0,0.0,0.0,0.0,0.0,0.0,0.0,0.000819000819000819,0.0,0.0,0.0,0.0,0.0,0.0,0.0,0.0,0.03194103194103194,0.036855036855036855,0.0,0.0,0.0,0.0,0.0,0.0,0.0,0.0,0.0,0.0,0.0,0.0,0.0,0.0,0.0,0.0,0.0,0.0,0.0,0.0,0.0,0.0,0.0,0.0,0.0,0.0,0.0,0.0,0.0,0.0,0.0,0.0,0.0,0.0,0.0,0.0,0.0,0.0,0.0,0.0,0.0,0.0,0.0,0.000819000819000819,0.0,0.0,0.0,0.0,0.0,0.0,0.0,0.0,0.0,0.0,0.0,0.0,0.0,0.0,0.0,0.000819000819000819,0.0,0.0,0.0,0.0,0.0,0.0,0.0,0.0,0.0,0.0,0.0,0.0,0.0,0.012285012285012284,0.0,0.0,0.004095004095004095,0.0,0.0,0.0,0.0,0.0,0.0,0.0,0.0,0.0,0.0,0.0,0.0,0.0,0.0,0.0,0.0,0.0,0.0,0.0,0.0,0.0,0.0,0.10155610155610155,0.0,0.0,0.0,0.0,0.0,0.0,0.0,0.0,0.0,0.0,0.0,0.0,0.0,0.0,0.000819000819000819,0.0,0.0,0.0,0.0,0.0,0.0,0.0,0.0,0.0,0.0,0.0,0.0,0.0,0.0,0.0,0.0,0.0
109 LGv-ZI Otx2 Gaba,0.0,0.0,0.0,0.0,0.0,0.0,0.0,0.0,0.0,0.0,0.0,0.012968299711815562,0.0,0.0,0.0,0.0,0.0,0.0,0.0,0.0,0.0,0.0,0.0,0.0,0.0,0.0,0.0,0.002881844380403458,0.0,0.0,0.0,0.0,0.0,0.0,0.0,0.001440922190201729,0.0,0.0,0.001440922190201729,0.0,0.0,0.0,0.0,0.0,0.0,0.0,0.0,0.0,0.0,0.0,0.0,0.0,0.0,0.0,0.0,0.0,0.0,0.0,0.0,0.0,0.0,0.0,0.0,0.0,0.0,0.0,0.0,0.0,0.0,0.0,0.0,0.0,0.0,0.0,0.0,0.0,0.0,0.0,0.0,0.0,0.0007204610951008645,0.0,0.0,0.0,0.0,0.02377521613832853,0.0,0.0,0.0,0.0,0.0,0.0,0.0,0.0,0.02089337175792507,0.0,0.0,0.001440922190201729,0.0,0.0,0.0,0.0,0.0,0.0,0.0,0.0,0.0,0.0,0.001440922190201729,0.0,0.0,0.0,0.001440922190201729,0.0,0.0,0.25936599423631124,0.0,0.001440922190201729,0.0,0.0,0.0,0.0007204610951008645,0.0,0.0,0.0,0.0,0.0,0.0,0.0,0.0,0.0,0.001440922190201729,0.0,0.0,0.0,0.0,0.0,0.0,0.0,0.0,0.0,0.0,0.0,0.0,0.0,0.0,0.0,0.0,0.0,0.0,0.0,0.0,0.0,0.0,0.0,0.0,0.0,0.0,0.0,0.0,0.0,0.0,0.0,0.0,0.0,0.0,0.0,0.0,0.0,0.0,0.0,0.0,0.0,0.0,0.0007204610951008645,0.0,0.0,0.0,0.0,0.0,0.0,0.0,0.0,0.0,0.0,0.0,0.0,0.0,0.0,0.0,0.0,0.0007204610951008645,0.0,0.0,0.0,0.0,0.0,0.0,0.0,0.0,0.0,0.0,0.0,0.0,0.0,0.004322766570605188,0.0,0.0,0.0,0.0007204610951008645,0.0,0.0,0.0007204610951008645,0.0007204610951008645,0.0,0.0007204610951008645,0.001440922190201729,0.002161383285302594,0.0,0.0,0.0,0.0,0.0,0.0,0.0,0.0,0.0,0.0,0.0,0.0,0.0,0.0,0.0,0.0,0.0,0.0,0.0,0.0,0.0,0.0,0.0,0.0,0.0,0.018731988472622477,0.0,0.0,0.0,0.0,0.0,0.0,0.0,0.0,0.0,0.0,0.0,0.0,0.0007204610951008645,0.0,0.0,0.0,0.0,0.0,0.0,0.0,0.0,0.0,0.0,0.0,0.0,0.0,0.0,0.0,0.0,0.0,0.0,0.0,0.0,0.0,0.0,0.0,0.0007204610951008645,0.0,0.0,0.0,0.0,0.0,0.002881844380403458,0.0,0.03314121037463977,0.0,0.0,0.0,0.0,0.0,0.0,0.0,0.0,0.0,0.001440922190201729,0.0,0.0,0.001440922190201729,0.0,0.0,0.0,0.0,0.0,0.0,0.0,0.0,0.0,0.0,0.0,0.0,0.0,0.0,0.0,0.0,0.0,0.0,0.002161383285302594,0.0,0.0,0.02377521613832853,0.0,0.0,0.0,0.0,0.0,0.0,0.0,0.0,0.0,0.0,0.33213256484149856,0.0,0.023054755043227664,0.0,0.0,0.0,0.0,0.0,0.002161383285302594,0.0,0.08573487031700289,0.10518731988472622,0.018011527377521614,0.005043227665706052,0.0,0.0,0.0,0.0,0.0,0.0
110 BST-po Iigp1 Glut,0.0,0.0,0.0,0.0,0.0,0.0,0.0,0.0,0.0,0.0,0.0,0.16483516483516483,0.0,0.0,0.0,0.0,0.0,0.0,0.0,0.0,0.0,0.0,0.0,0.0,0.0,0.0,0.0,0.018315018315018316,0.0,0.0,0.0,0.0,0.0,0.0,0.0,0.2490842490842491,0.0,0.0,0.0,0.0,0.0,0.0,0.0,0.0,0.0,0.0,0.0,0.0,0.0,0.0,0.0,0.0,0.0,0.0,0.0,0.0,0.0,0.0,0.0,0.0,0.0,0.0,0.0,0.0,0.0,0.0,0.0,0.0,0.0,0.0,0.0,0.0,0.0,0.0,0.0,0.0,0.0,0.0,0.0,0.0,0.0,0.0,0.0,0.0,0.0,0.02197802197802198,0.0,0.0,0.0,0.0,0.0,0.0,0.0,0.0,0.0,0.0,0.0,0.0,0.0,0.0,0.0,0.0,0.0,0.0,0.0,0.0,0.0,0.0,0.0,0.0,0.0,0.0,0.0,0.0,0.0,0.014652014652014652,0.0,0.0,0.0,0.0,0.0,0.0,0.0,0.0,0.0,0.0,0.0,0.0,0.0,0.0,0.0,0.0,0.0,0.0,0.0,0.0,0.0,0.0,0.0,0.0,0.0,0.0,0.0,0.0,0.0,0.0,0.0,0.0,0.0,0.0,0.0,0.0,0.0,0.0,0.0,0.0,0.0,0.0,0.0,0.0,0.0,0.0,0.0,0.0,0.0,0.0,0.0,0.0,0.0,0.0,0.0,0.0,0.0,0.0,0.007326007326007326,0.0,0.0,0.0,0.0,0.0,0.0,0.0,0.0,0.0,0.0,0.0,0.0,0.0,0.0,0.0,0.0,0.0,0.0,0.0,0.0,0.0,0.0,0.0,0.0,0.0,0.0,0.0,0.0,0.0,0.0,0.0,0.0,0.0,0.0,0.0,0.0,0.0,0.0,0.0,0.0,0.0,0.0,0.0,0.0,0.0,0.0,0.0,0.0,0.0,0.0,0.0,0.0,0.0,0.0,0.0,0.0,0.0,0.0,0.0,0.0,0.0,0.0,0.0,0.0,0.0,0.0,0.0,0.0,0.018315018315018316,0.0,0.0,0.0,0.0,0.0,0.0,0.0,0.0,0.0,0.0,0.0,0.0,0.0,0.0,0.0,0.0,0.0,0.0,0.0,0.0,0.0,0.0,0.0,0.0,0.0,0.0,0.0,0.0,0.0,0.0,0.0,0.0,0.0,0.0,0.0,0.0,0.0,0.0,0.0,0.0,0.0,0.0,0.0,0.0,0.304029304029304,0.0,0.0,0.0,0.0,0.0,0.0,0.0,0.0,0.0,0.0,0.0,0.0,0.0,0.0,0.0,0.0,0.0,0.0,0.0,0.0,0.0,0.0,0.0,0.0,0.0,0.0,0.0,0.0,0.0,0.0,0.0,0.0,0.0,0.0,0.0,0.0,0.0,0.0,0.0,0.0,0.0,0.0,0.0,0.0,0.0,0.003663003663003663,0.0,0.06593406593406594,0.0,0.0,0.0,0.0,0.0,0.0,0.0,0.054945054945054944,0.0,0.04395604395604396,0.03296703296703297,0.0,0.0,0.0,0.0,0.0,0.0
111 TRS-BAC Sln Glut,0.0,0.0,0.0,0.0,0.0,0.0,0.0,0.0,0.0,0.0,0.0,0.0,0.0,0.0,0.0,0.0,0.0,0.0,0.0,0.0,0.0,0.0,0.0,0.0,0.0,0.0,0.0,0.0,0.0,0.0,0.0,0.0,0.0,0.0,0.0,0.03172866520787746,0.0,0.0,0.0002735229759299781,0.0,0.0,0.0,0.0,0.0,0.0,0.0,0.0,0.0,0.0,0.0,0.0,0.0,0.0,0.0,0.0,0.0,0.0,0.0030087527352297594,0.0,0.0,0.0,0.0,0.0,0.0,0.0,0.0,0.0,0.0,0.0,0.0,0.0,0.0,0.0,0.0,0.0,0.0,0.0,0.0,0.0,0.0,0.0,0.0,0.0,0.0,0.0002735229759299781,0.009026258205689279,0.0,0.0,0.0,0.0,0.0,0.0,0.0,0.0,0.0,0.0,0.0,0.0,0.0,0.0,0.0,0.0,0.0,0.0,0.0,0.0,0.0,0.0,0.0,0.0,0.0,0.0,0.0,0.0,0.0,0.0,0.0,0.0,0.0,0.0,0.0,0.0,0.0,0.0,0.0005470459518599562,0.005196936542669584,0.0010940919037199124,0.0,0.0,0.0,0.0,0.0,0.0,0.0,0.0,0.0,0.0,0.0,0.0,0.0,0.0,0.0,0.0,0.0,0.0,0.0,0.0,0.0005470459518599562,0.0,0.0,0.0,0.0,0.0,0.0,0.0,0.0,0.0,0.0,0.0,0.0,0.0,0.0,0.0,0.0,0.0,0.0,0.0,0.0,0.0,0.0,0.0,0.0,0.0,0.0,0.0013676148796498905,0.0,0.0,0.0,0.0,0.0,0.0,0.0,0.0,0.0,0.0,0.0,0.0,0.0,0.0,0.0,0.0,0.0,0.0,0.0,0.0,0.0,0.0,0.0,0.0,0.0,0.0,0.0,0.0,0.0,0.0,0.0,0.0,0.0,0.0,0.0,0.0,0.0,0.0,0.0,0.0,0.005196936542669584,0.002188183807439825,0.0,0.013676148796498906,0.0,0.0,0.0,0.0,0.0,0.0,0.0,0.0,0.0,0.0,0.0,0.0,0.0,0.0,0.0,0.0,0.0,0.0,0.0,0.0,0.0,0.0,0.0,0.0,0.0,0.0,0.0,0.0,0.0,0.0,0.0,0.0,0.17696936542669583,0.011214442013129104,0.0,0.0,0.0,0.0,0.0,0.0,0.0,0.0,0.0,0.0,0.0,0.0,0.0,0.0,0.0,0.0,0.0,0.0,0.0,0.0,0.0,0.0,0.0,0.0,0.0,0.0,0.0,0.0,0.008479212253829322,0.0,0.0,0.0,0.0,0.0,0.0,0.004649890590809628,0.0,0.0,0.0,0.0,0.09217724288840262,0.0,0.0,0.0,0.0,0.3298687089715536,0.0,0.0,0.0,0.0,0.0,0.0,0.0,0.0,0.0,0.0,0.0,0.0,0.0,0.0,0.0,0.0,0.0,0.0,0.0,0.0,0.0,0.0,0.0,0.0,0.0,0.0,0.0,0.0,0.0,0.0,0.0,0.0,0.0,0.0,0.0,0.002461706783369803,0.0,0.018599562363238512,0.0,0.0,0.0,0.0,0.0002735229759299781,0.0,0.0,0.02461706783369803,0.0,0.2286652078774617,0.027899343544857767,0.0,0.0,0.0,0.0,0.0,0.0
112 GPi Tbr1 Cngb3 Gaba-Glut,0.0,0.0,0.0,0.0,0.0,0.0,0.0,0.0,0.0,0.0,0.0,0.0,0.0,0.0,0.0,0.0,0.0,0.0,0.0,0.0,0.0,0.0,0.0,0.0,0.0,0.0,0.0,0.0,0.0,0.0,0.0,0.0,0.0,0.0,0.0,0.0,0.0,0.0,0.0,0.0,0.0,0.0,0.0,0.0,0.0,0.0,0.0,0.0,0.0,0.0,0.0,0.0,0.0,0.0,0.0,0.0,0.0,0.0,0.0,0.0,0.0,0.0,0.0,0.0,0.0,0.0,0.0,0.0,0.0,0.0,0.0,0.0,0.0,0.0,0.0,0.0,0.0,0.0,0.0,0.016666666666666666,0.3333333333333333,0.0,0.0,0.0,0.0,0.05,0.0,0.0,0.0,0.0,0.0,0.0,0.0,0.0,0.0,0.0,0.0,0.0,0.0,0.0,0.0,0.0,0.0,0.0,0.0,0.0,0.0,0.0,0.0,0.0,0.0,0.0,0.0,0.0,0.0,0.0,0.0,0.2,0.0,0.0,0.0,0.0,0.0,0.0,0.0,0.0,0.0,0.0,0.016666666666666666,0.0,0.0,0.0,0.0,0.0,0.0,0.0,0.0,0.0,0.0,0.0,0.0,0.0,0.0,0.0,0.0,0.0,0.0,0.0,0.0,0.0,0.0,0.0,0.0,0.0,0.0,0.0,0.0,0.0,0.0,0.0,0.0,0.0,0.0,0.0,0.0,0.0,0.0,0.0,0.0,0.0,0.0,0.0,0.0,0.0,0.11666666666666667,0.0,0.0,0.0,0.0,0.0,0.0,0.0,0.0,0.0,0.0,0.0,0.0,0.0,0.0,0.0,0.0,0.0,0.0,0.0,0.0,0.0,0.0,0.0,0.0,0.0,0.0,0.0,0.0,0.0,0.0,0.0,0.0,0.0,0.0,0.0,0.0,0.0,0.0,0.0,0.0,0.0,0.0,0.016666666666666666,0.0,0.0,0.0,0.0,0.0,0.0,0.0,0.0,0.0,0.0,0.0,0.0,0.0,0.0,0.0,0.0,0.0,0.0,0.0,0.0,0.0,0.0,0.0,0.0,0.0,0.0,0.0,0.0,0.0,0.0,0.0,0.0,0.0,0.0,0.0,0.0,0.0,0.0,0.0,0.0,0.0,0.0,0.0,0.0,0.0,0.0,0.0,0.0,0.0,0.0,0.0,0.0,0.0,0.0,0.0,0.0,0.0,0.0,0.0,0.0,0.0,0.0,0.0,0.0,0.0,0.0,0.0,0.0,0.0,0.0,0.0,0.0,0.0,0.0,0.0,0.0,0.0,0.016666666666666666,0.0,0.0,0.0,0.0,0.0,0.0,0.0,0.0,0.0,0.0,0.0,0.0,0.0,0.0,0.0,0.0,0.0,0.0,0.0,0.0,0.0,0.0,0.0,0.0,0.0,0.0,0.0,0.0,0.0,0.0,0.0,0.0,0.0,0.0,0.0,0.0,0.0,0.0,0.0,0.0,0.0,0.0,0.0,0.0,0.0,0.21666666666666667,0.0,0.016666666666666666,0.0,0.0,0.0,0.0,0.0,0.0,0.0,0.0,0.0,0.0
113 MEA-COA-BMA Ccdc42 Glut,0.00019485580670303975,0.0,0.0,0.0,0.0,0.0,0.0,0.0,0.0,0.0,0.0,0.0,0.0,0.0,0.0,0.0,0.0,0.0,0.0,0.0,0.0,0.0,0.0,0.0,0.0,0.0,0.0,0.0,0.0,0.0,0.0,0.0,0.00019485580670303975,0.06254871395167576,0.31547155105222136,0.004676539360872954,0.0,0.0,0.0,0.0,0.02396726422447389,0.0,0.0,0.0,0.0,0.0,0.07813717848791894,0.0,0.0,0.00019485580670303975,0.0,0.0171473109898675,0.0,0.0,0.0,0.0,0.0,0.0,0.0,0.0,0.0,0.0,0.0,0.0,0.0,0.0,0.0,0.0,0.0,0.0,0.007014809041309431,0.0,0.0,0.0,0.0,0.0,0.0,0.0,0.0,0.0,0.0,0.0,0.0,0.0,0.0,0.00019485580670303975,0.0,0.02922837100545596,0.0,0.0,0.0,0.0,0.0,0.0,0.0,0.0,0.0,0.0003897116134060795,0.0,0.0,0.0,0.0,0.0,0.0,0.0,0.0,0.0,0.0,0.0,0.00019485580670303975,0.0,0.0,0.0,0.0,0.0,0.0,0.0,0.00019485580670303975,0.0,0.0,0.0,0.0,0.00019485580670303975,0.0,0.0,0.0,0.0,0.0,0.0,0.0,0.0,0.0,0.0,0.0,0.0,0.4206936866718628,0.0,0.0,0.0,0.0,0.0,0.0,0.0,0.0,0.0,0.0,0.00019485580670303975,0.0,0.0,0.0,0.0,0.0,0.0,0.0,0.0,0.0005845674201091193,0.0,0.0,0.0,0.0,0.0,0.0,0.004286827747466875,0.0,0.0,0.0,0.0,0.0,0.0,0.0,0.0,0.0,0.007014809041309431,0.0,0.000779423226812159,0.0,0.0,0.0,0.0,0.0,0.0,0.0,0.0,0.0,0.0,0.0,0.0,0.0,0.0,0.0,0.0,0.0,0.0,0.0029228371005455963,0.0,0.0,0.0,0.0,0.0,0.0,0.0,0.0,0.0,0.0,0.0,0.0,0.0,0.0,0.0,0.0,0.0,0.0,0.0,0.0,0.0,0.0,0.0,0.0,0.0,0.0,0.0,0.0,0.0,0.0,0.0,0.0,0.0,0.0,0.0,0.0,0.0,0.0,0.0,0.0,0.0,0.0,0.0,0.0,0.0,0.0,0.0,0.0,0.0,0.0,0.0,0.0,0.0,0.0,0.0,0.0,0.0,0.0,0.0,0.0,0.0,0.0,0.0005845674201091193,0.0,0.0,0.0,0.0,0.0,0.0,0.0,0.0,0.0,0.0,0.0,0.0,0.0,0.0,0.0,0.0,0.0,0.0,0.0,0.0,0.0,0.0,0.0,0.0,0.021044427123928292,0.0,0.0,0.0,0.0,0.0,0.0,0.0,0.0,0.0,0.0,0.0,0.0,0.0,0.0,0.0,0.0,0.0,0.0,0.0,0.0,0.0,0.0,0.0,0.0,0.0,0.0,0.0,0.0,0.0,0.0,0.0,0.0,0.0,0.0,0.0,0.0,0.0,0.0,0.0,0.0,0.0,0.0,0.0,0.0,0.0,0.0,0.0,0.0,0.0,0.0,0.0,0.0,0.00019485580670303975,0.0,0.0,0.0,0.0,0.0,0.0,0.0,0.0,0.0,0.0,0.0,0.001558846453624318,0.0,0.0,0.0,0.0,0.00019485580670303975,0.0,0.0
114 COAa-PAA-MEA Barhl2 Glut,0.03673309886674482,0.0,0.0,0.00019538882375928098,0.0,0.0,0.0,0.0,0.0029308323563892145,0.02012504884720594,0.0048847205939820245,0.0,0.0,0.0,0.0,0.0076201641266119575,0.0,0.0,0.0,0.0,0.0,0.0,0.0,0.0,0.0,0.0,0.0,0.0,0.0,0.0,0.0,0.0,0.0009769441187964048,0.02598671355998437,0.1375537319265338,0.00019538882375928098,0.00039077764751856197,0.0,0.0,0.0,0.01211410707307542,0.00019538882375928098,0.0,0.0015631105900742479,0.0,0.0,0.10707307542008597,0.0011723329425556857,0.0,0.0027354435326299334,0.0,0.02012504884720594,0.0,0.0,0.00019538882375928098,0.0,0.0,0.0,0.0,0.0,0.0,0.00019538882375928098,0.0,0.0,0.0,0.0,0.0,0.01211410707307542,0.0,0.008401719421649082,0.06584603360687769,0.0,0.0,0.0,0.0,0.0,0.0,0.0,0.00039077764751856197,0.0,0.00019538882375928098,0.0,0.0009769441187964048,0.0,0.0,0.0021492770613520907,0.0,0.02657288003126221,0.0,0.0,0.0,0.0,0.0,0.0,0.0,0.0,0.0,0.0,0.0,0.0,0.0,0.0,0.0,0.0,0.0,0.0,0.0,0.004103165298944901,0.0,0.0025400547088706526,0.0,0.0,0.0,0.0,0.0,0.0,0.0,0.0033216100039077765,0.0,0.0,0.0,0.0,0.0011723329425556857,0.0,0.0,0.0,0.0,0.0,0.0011723329425556857,0.0,0.0,0.00019538882375928098,0.0,0.0,0.0,0.14263384134427512,0.0,0.0,0.0,0.0,0.005080109417741305,0.0,0.00019538882375928098,0.0,0.00019538882375928098,0.0,0.0,0.0,0.0,0.0,0.0,0.0,0.0021492770613520907,0.0,0.0,0.013481828839390387,0.0,0.0,0.0,0.0,0.0,0.0,0.044744040640875345,0.0,0.00039077764751856197,0.0,0.0,0.0,0.0,0.0,0.0,0.00039077764751856197,0.027159046502540054,0.00019538882375928098,0.007033997655334115,0.0,0.0,0.0,0.0,0.0,0.0,0.0,0.0,0.0,0.0,0.0009769441187964048,0.0,0.0,0.0,0.0,0.0,0.00019538882375928098,0.0,0.19538882375928096,0.0,0.0,0.0,0.0,0.0,0.0,0.0,0.0,0.0,0.00019538882375928098,0.0,0.0,0.0,0.0,0.0,0.0,0.0,0.0,0.0,0.0,0.00019538882375928098,0.0,0.0,0.0,0.0,0.0,0.0,0.0,0.0,0.0,0.0,0.0,0.0,0.0,0.0,0.0,0.0,0.0,0.0,0.0,0.0,0.0,0.0,0.0,0.0,0.0,0.0,0.0,0.0,0.0,0.0,0.0,0.0,0.0,0.00019538882375928098,0.0,0.00039077764751856197,0.0,0.0,0.0,0.0,0.0,0.004689331770222743,0.0,0.0,0.0,0.0,0.0,0.0,0.0,0.0,0.0,0.0,0.0,0.0,0.0,0.0,0.0,0.0,0.00019538882375928098,0.0,0.0,0.0,0.0,0.0,0.00019538882375928098,0.0,0.019148104728409537,0.0,0.0,0.0,0.0,0.0,0.0,0.0,0.0,0.0,0.0015631105900742479,0.0,0.0,0.0011723329425556857,0.0,0.0,0.0,0.0,0.0,0.0,0.0,0.0,0.0,0.0,0.0,0.0,0.0033216100039077765,0.0,0.0,0.0,0.0,0.0,0.0,0.0,0.0,0.0,0.0,0.0,0.0,0.0,0.0,0.0,0.0,0.0,0.0,0.0,0.0,0.0,0.0,0.0,0.0,0.0,0.0,0.0,0.0,0.00019538882375928098,0.0,0.0,0.004689331770222743,0.0,0.0,0.0,0.0,0.0,0.0,0.005470887065259867,0.0,0.0,0.0,0.0,0.00605705353653771,0.0,0.0
115 MS-SF Bsx Glut,0.0,0.0,0.0,0.0,0.0,0.0,0.007434944237918215,0.008364312267657992,0.0,0.0,0.0,0.0,0.0,0.0,0.0,0.0,0.0,0.0,0.0,0.0,0.0,0.0,0.0,0.0,0.0,0.0,0.0,0.0,0.0009293680297397769,0.024163568773234202,0.0,0.0,0.0,0.0,0.0,0.01858736059479554,0.0,0.0,0.0,0.0,0.0009293680297397769,0.0,0.0,0.0,0.0,0.0,0.0,0.0,0.0,0.0,0.0,0.0,0.0,0.0009293680297397769,0.0009293680297397769,0.0,0.0,0.0,0.0,0.0,0.0,0.0009293680297397769,0.0,0.0,0.0,0.0,0.0,0.0,0.0,0.0,0.0,0.0,0.0,0.0,0.0,0.0,0.0,0.0,0.0,0.0,0.0,0.0,0.0,0.0,0.0,0.026022304832713755,0.0,0.0,0.0,0.0,0.0,0.0,0.0,0.0,0.0,0.0,0.0,0.0009293680297397769,0.0,0.0,0.0,0.0,0.0,0.0,0.0,0.0,0.0,0.0,0.0,0.0,0.0,0.0,0.0,0.0,0.0,0.0,0.0,0.00929368029739777,0.0,0.0,0.0,0.0,0.0018587360594795538,0.0,0.0,0.2128252788104089,0.11431226765799256,0.0,0.0,0.0,0.0,0.0,0.0,0.0,0.0,0.0,0.0009293680297397769,0.0,0.0,0.0,0.0,0.0,0.0,0.0,0.010223048327137546,0.0,0.0,0.25185873605947956,0.0,0.0,0.0,0.0,0.05483271375464684,0.0,0.0,0.0,0.0,0.0,0.0,0.0,0.0,0.0,0.0,0.0,0.0,0.0,0.0,0.0,0.0,0.0,0.0,0.0,0.0,0.0,0.0055762081784386614,0.0,0.0,0.0,0.0,0.0,0.0,0.0,0.0,0.0,0.0,0.0,0.0,0.0,0.0,0.0,0.0,0.0,0.0,0.0,0.0,0.0,0.0,0.0,0.0,0.0,0.0,0.0,0.0,0.0,0.0,0.0,0.0,0.0,0.0,0.0,0.0,0.0,0.0,0.0,0.0,0.0009293680297397769,0.0018587360594795538,0.0,0.0018587360594795538,0.0,0.0,0.0,0.0018587360594795538,0.0,0.0,0.0,0.0037174721189591076,0.0,0.0,0.0,0.0,0.0,0.0,0.0,0.0,0.0,0.0,0.0,0.0,0.0,0.0,0.0,0.0,0.0,0.0,0.0009293680297397769,0.0,0.0,0.0,0.0,0.0,0.10315985130111524,0.0,0.0,0.0,0.0,0.0009293680297397769,0.0,0.0,0.0,0.0,0.0,0.0,0.0,0.0,0.0,0.0,0.0,0.0,0.0,0.0,0.0,0.0,0.0,0.0,0.0,0.0,0.0,0.0,0.0,0.0,0.062267657992565055,0.0,0.0,0.0,0.0,0.0,0.0,0.0,0.0,0.0,0.0,0.0,0.015799256505576207,0.0,0.0,0.0,0.0,0.007434944237918215,0.0,0.0,0.0,0.0,0.0,0.0,0.0,0.0,0.0,0.0,0.0,0.0,0.0,0.0,0.0,0.0,0.0,0.0,0.0,0.0027881040892193307,0.0009293680297397769,0.0,0.0009293680297397769,0.0,0.0,0.0,0.0,0.0,0.0,0.0,0.0,0.0,0.0,0.0,0.0,0.0018587360594795538,0.0,0.0027881040892193307,0.0,0.0,0.0018587360594795538,0.0,0.0,0.0,0.0,0.0009293680297397769,0.0,0.023234200743494422,0.012081784386617101,0.0,0.0,0.0,0.0,0.0,0.0
116 AVPV-MEPO-SFO Tbr1 Glut,0.0036310820624546117,0.0,0.0,0.0,0.0,0.0,0.00944081336238199,0.0,0.0,0.0,0.0,0.0,0.0,0.0,0.0,0.0014524328249818446,0.0,0.0,0.0,0.0,0.0,0.0,0.0,0.0,0.0,0.0,0.0,0.0,0.04793028322440087,0.2411038489469862,0.0,0.0,0.0,0.0,0.0,0.012345679012345678,0.0,0.0,0.0,0.0,0.0,0.0,0.0,0.0,0.0,0.0,0.0007262164124909223,0.0,0.0,0.0,0.0,0.0,0.0,0.0,0.0,0.0,0.0,0.0,0.0,0.0,0.0,0.0,0.0,0.0,0.0,0.0,0.0,0.0,0.0,0.0,0.0,0.0,0.0,0.0,0.0,0.0,0.0,0.0,0.0,0.0,0.0,0.0,0.0,0.0,0.0,0.06971677559912855,0.0,0.0,0.0,0.0,0.0007262164124909223,0.0,0.0,0.0,0.0,0.0,0.0,0.0007262164124909223,0.0,0.0,0.0,0.0,0.0,0.0,0.0,0.0,0.0,0.0,0.0,0.0,0.0,0.0,0.0,0.0,0.0,0.0,0.0,0.006535947712418301,0.0,0.0,0.0,0.0,0.007262164124909223,0.0,0.0,0.005083514887436456,0.006535947712418301,0.0,0.002178649237472767,0.0,0.0,0.0,0.0,0.0,0.0,0.0007262164124909223,0.19317356572258534,0.0,0.0,0.0,0.0,0.0,0.0,0.002904865649963689,0.1205519244734931,0.0,0.0,0.04066811909949165,0.0,0.0,0.0,0.0,0.01597676107480029,0.0,0.0,0.0,0.0,0.0,0.0,0.0,0.0,0.0,0.0007262164124909223,0.0,0.0,0.0,0.0,0.0007262164124909223,0.02832244008714597,0.0,0.0,0.0,0.0,0.0007262164124909223,0.005083514887436456,0.0,0.0,0.0,0.0,0.0,0.0,0.0,0.0,0.0,0.0,0.0,0.0,0.0,0.0,0.0,0.0,0.0,0.0,0.0,0.0,0.0,0.0,0.0,0.0,0.0,0.0,0.0,0.0,0.0,0.0,0.0,0.0,0.0,0.0,0.0,0.0,0.0007262164124909223,0.0,0.0,0.0,0.0,0.0,0.0,0.0,0.0,0.0,0.0,0.002904865649963689,0.0,0.0,0.0,0.0,0.0,0.0,0.0,0.0,0.0,0.0,0.0,0.0,0.0,0.0,0.0,0.0,0.0,0.0,0.0,0.0,0.0,0.0,0.0,0.0,0.0,0.0007262164124909223,0.0,0.0,0.0,0.029048656499636893,0.0,0.0,0.0,0.0014524328249818446,0.0,0.0,0.0,0.0,0.0,0.0,0.0,0.0,0.0,0.0,0.0,0.0,0.0,0.0,0.0,0.0,0.0,0.0,0.0,0.0,0.0,0.0,0.0,0.0,0.013071895424836602,0.0,0.0,0.0,0.0,0.0,0.0,0.0,0.0,0.0,0.0,0.0,0.0,0.0,0.0,0.0,0.0,0.03558460421205519,0.0,0.0,0.0,0.0,0.0,0.0,0.0,0.0,0.0,0.0,0.0,0.0,0.0,0.0,0.0,0.0,0.0,0.0,0.0,0.0,0.007988380537400145,0.0,0.0,0.0007262164124909223,0.0,0.0,0.0,0.0,0.0,0.0,0.0,0.0,0.0,0.0,0.0,0.0014524328249818446,0.0,0.025417574437182282,0.0,0.0,0.0,0.04212055192447349,0.0,0.0,0.0,0.004357298474945534,0.0,0.0007262164124909223,0.0014524328249818446,0.0,0.0,0.0,0.007262164124909223,0.0,0.0
117 LHA Barhl2 Glut,0.0008488964346349745,0.0,0.0,0.0,0.0,0.0,0.0008488964346349745,0.008488964346349746,0.0,0.0,0.0,0.0,0.0,0.0,0.0,0.0,0.0,0.0,0.0,0.0,0.0,0.0,0.0,0.0,0.0,0.0,0.0,0.0,0.0025466893039049238,0.0,0.0,0.0,0.0,0.0,0.0,0.0050933786078098476,0.0,0.0,0.0,0.0,0.0,0.0,0.0,0.0,0.0,0.0,0.0,0.0,0.0,0.0,0.0008488964346349745,0.0,0.0,0.0,0.0,0.0,0.0,0.0,0.0,0.0,0.0,0.0,0.0,0.0,0.0,0.0,0.0,0.0,0.0,0.0,0.0,0.0,0.0,0.0,0.0,0.0,0.0,0.0,0.0,0.0,0.0008488964346349745,0.0,0.0,0.0,0.0,0.3149405772495755,0.0,0.0,0.0,0.0,0.0008488964346349745,0.0,0.0,0.0,0.0,0.0,0.0,0.008488964346349746,0.0,0.0,0.0,0.0,0.0,0.0,0.0,0.0,0.0,0.0,0.0,0.0,0.0,0.0,0.0,0.0,0.0,0.0,0.0,0.24108658743633277,0.0,0.0,0.0,0.0,0.02801358234295416,0.0,0.0,0.0,0.0,0.0,0.0025466893039049238,0.0,0.0,0.001697792869269949,0.0,0.0,0.0,0.0008488964346349745,0.0,0.0,0.0,0.0,0.0,0.0,0.0,0.001697792869269949,0.011884550084889643,0.0,0.0,0.0,0.0,0.0,0.0,0.0,0.02801358234295416,0.0,0.0,0.0,0.0,0.0,0.0,0.0,0.0,0.0,0.0,0.0,0.0,0.0,0.0,0.0,0.0,0.0008488964346349745,0.0,0.0,0.0,0.0008488964346349745,0.0432937181663837,0.0,0.0,0.0,0.0,0.0,0.0,0.0,0.0,0.0,0.0,0.0,0.0,0.0,0.0,0.0,0.0,0.0008488964346349745,0.0,0.0,0.0,0.0,0.0,0.0,0.0,0.0,0.0,0.0,0.0,0.0,0.0,0.0025466893039049238,0.0,0.0,0.0,0.0,0.0,0.0,0.0,0.0,0.0,0.0,0.013582342954159592,0.0,0.0,0.0,0.0,0.0,0.0,0.0,0.0,0.0,0.01867572156196944,0.0,0.0,0.0,0.001697792869269949,0.0,0.0,0.0,0.0,0.0,0.0,0.0,0.0,0.0,0.0,0.0,0.0,0.0025466893039049238,0.0,0.0,0.0,0.0,0.0008488964346349745,0.0,0.0,0.0,0.0,0.0,0.0,0.0,0.007640067911714771,0.0,0.0,0.0,0.0,0.0,0.0,0.010186757215619695,0.0,0.0,0.0,0.0,0.0,0.0,0.0,0.0,0.0,0.0,0.0,0.0,0.0,0.0,0.0,0.0,0.0,0.0008488964346349745,0.0,0.0,0.0008488964346349745,0.0,0.0,0.0,0.02461799660441426,0.0,0.0,0.0,0.0,0.0,0.0,0.001697792869269949,0.0,0.0,0.0,0.0,0.0,0.0,0.0,0.0,0.0,0.0,0.0,0.0,0.0,0.0,0.0,0.0,0.0,0.0,0.0,0.0,0.0,0.0,0.0,0.004244482173174873,0.0,0.0,0.0,0.0,0.0,0.0,0.0,0.0,0.0,0.0,0.0,0.0,0.0,0.0,0.13921901528013583,0.0,0.0025466893039049238,0.0,0.0,0.0,0.0,0.0025466893039049238,0.0,0.0025466893039049238,0.008488964346349746,0.0,0.02801358234295416,0.021222410865874362,0.0,0.0,0.0,0.0,0.0,0.0
118 ADP-MPO Trp73 Glut,0.008213552361396304,0.0,0.0,0.0,0.0,0.0,0.08008213552361396,0.002053388090349076,0.0,0.0,0.0,0.0,0.0,0.0,0.0,0.002053388090349076,0.0,0.0,0.0,0.0,0.0,0.0,0.0,0.0,0.0,0.0,0.0,0.0,0.014373716632443531,0.006160164271047228,0.0,0.0,0.0,0.0,0.001026694045174538,0.024640657084188913,0.0,0.0,0.001026694045174538,0.0,0.002053388090349076,0.0,0.0,0.0,0.0,0.0,0.001026694045174538,0.0,0.0,0.0,0.0,0.0,0.0,0.0,0.0,0.0,0.0,0.0,0.0,0.0,0.0,0.0,0.0,0.0,0.0,0.0,0.0,0.0,0.0,0.0,0.001026694045174538,0.0,0.0,0.0,0.0,0.0,0.0,0.0,0.0,0.00513347022587269,0.006160164271047228,0.0,0.0,0.0,0.0,0.1437371663244353,0.0,0.0,0.0,0.0,0.0,0.0,0.0,0.0,0.0,0.0,0.0,0.0,0.0,0.0,0.0,0.0,0.0,0.0,0.0,0.0,0.0,0.0,0.0,0.0,0.0,0.0,0.0,0.0,0.0,0.0,0.0,0.14476386036960986,0.0,0.0,0.0,0.0,0.03696098562628337,0.0,0.0,0.0,0.028747433264887063,0.0,0.013347022587268994,0.0,0.0,0.001026694045174538,0.0,0.0,0.0,0.002053388090349076,0.002053388090349076,0.0,0.0,0.0,0.002053388090349076,0.0,0.0,0.003080082135523614,0.08316221765913757,0.0,0.0,0.021560574948665298,0.0,0.0,0.0,0.0,0.012320328542094456,0.0,0.0,0.0,0.0,0.0,0.0,0.0,0.0,0.0,0.00513347022587269,0.0,0.0,0.0,0.0,0.001026694045174538,0.0,0.0,0.0,0.0,0.001026694045174538,0.002053388090349076,0.03490759753593429,0.0,0.0,0.0,0.0,0.0,0.0,0.0,0.0,0.0,0.0,0.0,0.0,0.0,0.0,0.0,0.0,0.0,0.0,0.004106776180698152,0.0,0.0,0.0,0.0,0.0,0.0,0.0,0.0,0.0,0.0,0.0,0.0,0.0,0.0,0.0,0.0,0.0,0.027720739219712527,0.0,0.0,0.0,0.002053388090349076,0.011293634496919919,0.0,0.001026694045174538,0.0,0.0,0.0,0.009240246406570842,0.0,0.0,0.0,0.004106776180698152,0.0,0.0,0.0,0.0,0.0,0.0,0.0,0.0,0.0,0.0,0.0,0.0,0.0,0.0,0.0,0.0,0.002053388090349076,0.0,0.0,0.0,0.0,0.0,0.0,0.0,0.006160164271047228,0.0,0.0,0.0,0.0,0.1273100616016427,0.0,0.0,0.0,0.0,0.0,0.0,0.0,0.0,0.0,0.0,0.0,0.0,0.0,0.0,0.0,0.0,0.0,0.0,0.0,0.0,0.0,0.0,0.0,0.0,0.044147843942505136,0.0,0.0,0.0,0.0,0.0,0.0,0.00513347022587269,0.0,0.0,0.0,0.0,0.0,0.0,0.0,0.0,0.0,0.0,0.0,0.0,0.0,0.0,0.0,0.0,0.0,0.0,0.0,0.0,0.0,0.0,0.0,0.0,0.0,0.0,0.0,0.0,0.0,0.0,0.001026694045174538,0.0,0.0,0.0,0.0,0.0,0.0,0.0,0.0,0.0,0.0,0.0,0.0,0.0,0.0,0.01642710472279261,0.0,0.0,0.0,0.0,0.0,0.001026694045174538,0.003080082135523614,0.0,0.002053388090349076,0.00513347022587269,0.0,0.012320328542094456,0.02053388090349076,0.0,0.0,0.0,0.0,0.0,0.0
119 SI-MA-LPO-LHA Skor1 Glut,0.046620046620046623,0.0,0.0,0.030594405594405596,0.0,0.0,0.0,0.0011655011655011655,0.0,0.0,0.0,0.0005827505827505828,0.0,0.0,0.0,0.0008741258741258741,0.0,0.0,0.0,0.0,0.0,0.0,0.0,0.0,0.0,0.0,0.0,0.0,0.0005827505827505828,0.0008741258741258741,0.0,0.0,0.0,0.0,0.0026223776223776225,0.017191142191142192,0.0,0.0,0.0,0.0,0.02564102564102564,0.0,0.0,0.0002913752913752914,0.0,0.0,0.0011655011655011655,0.0002913752913752914,0.0,0.002913752913752914,0.0,0.0011655011655011655,0.0,0.0,0.0,0.0,0.0,0.0,0.0,0.0,0.0,0.0,0.0,0.0,0.0,0.0,0.0,0.0,0.0,0.0,0.0,0.0,0.0,0.0,0.0,0.0,0.0,0.0,0.00641025641025641,0.023892773892773892,0.0034965034965034965,0.0,0.0,0.0,0.0,0.028554778554778556,0.0,0.0002913752913752914,0.0,0.0,0.0,0.0,0.0,0.0,0.0,0.0,0.0,0.0005827505827505828,0.0,0.0,0.0,0.0,0.0,0.0,0.0,0.0,0.0,0.0,0.0,0.0,0.0,0.0,0.0,0.0,0.0,0.0,0.0,0.17453379953379952,0.0,0.0,0.0,0.0002913752913752914,0.03700466200466201,0.0,0.0,0.0002913752913752914,0.0017482517482517483,0.0,0.08129370629370629,0.0,0.0,0.0002913752913752914,0.0,0.0,0.0,0.018356643356643356,0.0,0.0,0.0,0.0,0.0,0.0,0.0,0.0,0.008158508158508158,0.0,0.0,0.0034965034965034965,0.0,0.0,0.0,0.0,0.053904428904428904,0.0,0.0,0.0005827505827505828,0.0,0.0,0.0,0.0,0.0,0.0,0.007575757575757576,0.0,0.0,0.0,0.0,0.028263403263403264,0.0,0.0,0.0,0.0,0.0017482517482517483,0.0,0.05710955710955711,0.0,0.0,0.0,0.0,0.0,0.0,0.0,0.0,0.0,0.0,0.0,0.0,0.0,0.0,0.0,0.0,0.0,0.0,0.003205128205128205,0.0,0.0,0.0,0.0,0.0,0.0,0.0,0.0,0.0,0.0,0.0,0.0,0.0,0.0,0.0,0.0,0.0,0.001456876456876457,0.0,0.0,0.0,0.0,0.0,0.0,0.0,0.0,0.0,0.0,0.0,0.0,0.0,0.0,0.0005827505827505828,0.0,0.0,0.0,0.0,0.0,0.0,0.0,0.0,0.0,0.0,0.0,0.0,0.0,0.0,0.0,0.0,0.0011655011655011655,0.0,0.0,0.0,0.0,0.0,0.0,0.0,0.0,0.0,0.0,0.0,0.0,0.26252913752913754,0.0,0.0,0.0,0.0,0.0,0.0,0.0017482517482517483,0.0,0.0,0.0,0.0,0.0,0.0,0.0,0.0,0.0,0.0,0.0,0.0,0.0,0.0,0.0,0.0,0.0,0.028846153846153848,0.0,0.0,0.0,0.0,0.0,0.0,0.0011655011655011655,0.0,0.0,0.0,0.0,0.0,0.0002913752913752914,0.0,0.0,0.0,0.0,0.0,0.0,0.0,0.0,0.0,0.0,0.0,0.0,0.0,0.0,0.0,0.0,0.0,0.0,0.0,0.0,0.0,0.0,0.0,0.0,0.0017482517482517483,0.0,0.0,0.0,0.0,0.0,0.0,0.0,0.0,0.0,0.0,0.0,0.0,0.0,0.0,0.007867132867132868,0.0,0.0002913752913752914,0.0,0.0,0.0002913752913752914,0.0,0.004370629370629371,0.0,0.0008741258741258741,0.0005827505827505828,0.0,0.004662004662004662,0.004953379953379953,0.0,0.0,0.0,0.002913752913752914,0.0,0.0
120 MEA Otp Foxp2 Glut,0.05194805194805195,0.0,0.0,0.0,0.0,0.0,0.0,0.0,0.0,0.0,0.0,0.0,0.0,0.0,0.0,0.0,0.0,0.0,0.0,0.0,0.0,0.0,0.0,0.0,0.0,0.0,0.0,0.0,0.0,0.0,0.0,0.0,0.0,0.0,0.05519480519480519,0.003246753246753247,0.0,0.0,0.0,0.0,0.08116883116883117,0.0,0.0,0.0,0.0,0.0,0.006493506493506494,0.0,0.0,0.0,0.0,0.003246753246753247,0.0,0.0,0.0,0.0,0.0,0.0,0.0,0.0,0.0,0.0,0.0,0.0,0.0,0.0,0.0,0.0,0.0,0.0,0.0,0.0,0.0,0.0,0.0,0.0,0.0,0.0,0.0,0.0,0.003246753246753247,0.0,0.0,0.0,0.0,0.0,0.0,0.006493506493506494,0.0,0.0,0.0,0.0,0.0,0.0,0.0,0.0,0.0,0.003246753246753247,0.0,0.0,0.0,0.0,0.0,0.0,0.0,0.0,0.0,0.0,0.0,0.0,0.0,0.0,0.0,0.0,0.0,0.0,0.0,0.0,0.0,0.0,0.0,0.0,0.0,0.0,0.0,0.0,0.0,0.0,0.003246753246753247,0.0,0.0,0.0,0.0,0.0,0.0,0.724025974025974,0.0,0.0,0.0,0.0,0.0,0.0,0.0,0.0,0.0,0.0,0.0,0.0,0.0,0.0,0.0,0.0,0.0,0.0,0.0,0.003246753246753247,0.0,0.0,0.0,0.0,0.0,0.0,0.012987012987012988,0.0,0.0,0.0,0.0,0.0,0.0,0.0,0.0,0.0,0.003246753246753247,0.0,0.006493506493506494,0.0,0.0,0.0,0.0,0.0,0.0,0.0,0.0,0.0,0.0,0.0,0.0,0.0,0.0,0.0,0.0,0.0,0.0,0.0,0.0,0.0,0.0,0.0,0.0,0.0,0.0,0.0,0.0,0.0,0.0,0.0,0.0,0.0,0.0,0.0,0.0,0.0,0.0,0.0,0.0,0.0,0.0,0.0,0.0,0.0,0.0,0.0,0.0,0.0,0.0,0.0,0.0,0.0,0.0,0.0,0.0,0.0,0.0,0.0,0.0,0.0,0.0,0.0,0.0,0.0,0.0,0.0,0.0,0.0,0.0,0.0,0.0,0.0,0.0,0.0,0.0,0.0,0.0,0.0,0.0,0.0,0.003246753246753247,0.0,0.0,0.0,0.0,0.0,0.0,0.0,0.0,0.0,0.0,0.0,0.0,0.0,0.0,0.0,0.0,0.0,0.0,0.0,0.0,0.0,0.0,0.0,0.0,0.022727272727272728,0.0,0.0,0.0,0.0,0.0,0.0,0.0,0.0,0.0,0.0,0.0,0.0,0.0,0.0,0.0,0.0,0.0,0.0,0.0,0.0,0.0,0.0,0.0,0.0,0.0,0.0,0.0,0.0,0.0,0.0,0.0,0.0,0.0,0.0,0.0,0.0,0.0,0.0,0.0,0.0,0.0,0.0,0.0,0.0,0.0,0.0,0.0,0.0,0.0,0.0,0.0,0.0,0.0,0.0,0.0,0.0,0.0,0.0,0.0,0.0,0.0,0.0,0.0,0.0,0.006493506493506494,0.0,0.0,0.0,0.0,0.0,0.0,0.0
121 MEA-BST Otp Zic2 Glut,0.044563279857397504,0.0,0.0,0.0,0.0,0.0,0.0,0.0,0.0,0.0,0.0,0.0,0.0,0.0,0.0,0.0,0.0,0.0,0.0,0.0,0.0,0.0,0.0,0.0,0.0,0.0,0.0,0.0035650623885918,0.0,0.0,0.0,0.0,0.0,0.0,0.0053475935828877,0.19429590017825313,0.0,0.0,0.0,0.0,0.0142602495543672,0.0,0.0,0.0,0.0,0.0,0.0071301247771836,0.0017825311942959,0.0,0.0,0.0,0.0,0.0,0.0,0.0,0.0,0.0,0.0,0.0,0.0,0.0,0.0,0.0,0.0,0.0,0.0,0.0,0.0,0.0,0.0,0.0,0.0,0.0,0.0,0.0,0.0,0.0,0.0,0.0,0.0,0.0017825311942959,0.0,0.0,0.0,0.0,0.035650623885918005,0.0,0.0,0.0,0.0,0.0,0.0,0.0,0.0,0.0,0.0,0.0,0.0071301247771836,0.0,0.0,0.0,0.0,0.0,0.0,0.0,0.0,0.0,0.0,0.0,0.0,0.0,0.0,0.0,0.0,0.0,0.0,0.0,0.0196078431372549,0.0,0.0,0.0,0.0,0.008912655971479501,0.0,0.0,0.0,0.0,0.0,0.0035650623885918,0.0,0.0,0.0,0.0,0.0,0.0,0.40819964349376114,0.0,0.0,0.0,0.0,0.0,0.0,0.0,0.05525846702317291,0.017825311942959002,0.0,0.0,0.0,0.0,0.0,0.0,0.0,0.0213903743315508,0.0,0.0,0.0,0.0,0.0,0.0,0.0,0.0,0.0,0.0,0.0,0.0,0.0,0.0,0.0,0.0,0.0,0.0,0.0,0.0,0.0,0.0427807486631016,0.0,0.0,0.0,0.0,0.0,0.0,0.0,0.0,0.0,0.0,0.0,0.0,0.0,0.0,0.0,0.0,0.0053475935828877,0.0,0.0,0.0,0.0,0.0,0.0,0.0,0.0,0.0,0.0,0.0,0.0,0.0,0.0,0.0,0.0,0.0,0.0,0.0,0.0,0.0,0.0,0.0,0.0,0.0,0.0,0.0,0.0,0.0,0.0,0.0,0.0,0.0,0.0,0.0017825311942959,0.0,0.0,0.0,0.0,0.0,0.0,0.0,0.0,0.0,0.0,0.0,0.0,0.0,0.0,0.0,0.0,0.0035650623885918,0.0,0.0,0.0,0.0,0.0,0.0,0.0,0.0,0.0,0.0,0.0,0.0,0.0106951871657754,0.0,0.0,0.0,0.0,0.0,0.0,0.0,0.0,0.0017825311942959,0.0,0.0,0.0,0.0,0.0,0.0,0.0,0.0,0.0,0.0,0.0,0.0,0.0,0.0,0.0,0.0106951871657754,0.0,0.0,0.0,0.0,0.0,0.0,0.008912655971479501,0.0,0.0,0.0,0.0,0.0,0.0,0.0,0.0,0.0,0.0,0.0,0.0,0.0,0.0,0.0,0.0,0.0,0.0,0.0,0.0,0.0,0.0,0.0,0.0,0.0,0.0,0.0,0.0,0.0,0.0017825311942959,0.0017825311942959,0.0,0.0,0.0,0.0,0.0,0.0,0.0,0.0,0.0,0.0,0.0,0.0,0.0,0.0,0.0,0.0,0.0106951871657754,0.0,0.0,0.0,0.0,0.0,0.0,0.0,0.008912655971479501,0.0,0.0106951871657754,0.030303030303030304,0.0,0.0,0.0,0.0,0.0,0.0
122 LHA-MEA Otp Glut,0.0,0.0,0.0,0.0,0.0,0.0,0.0,0.0084985835694051,0.0,0.0,0.0,0.0,0.0,0.0,0.0,0.0,0.0,0.0,0.0,0.0,0.0,0.0,0.0,0.0,0.0,0.0,0.0,0.0,0.0,0.0,0.0,0.0,0.0,0.0,0.0084985835694051,0.059490084985835696,0.0,0.0,0.0,0.0,0.039660056657223795,0.0,0.0,0.0,0.0,0.0,0.0028328611898017,0.0,0.0,0.0,0.0,0.0,0.0,0.0,0.0,0.0,0.0,0.0,0.0,0.0,0.0,0.0,0.0,0.0,0.0,0.0,0.0,0.0,0.0,0.0,0.0,0.0,0.0,0.0,0.0,0.0,0.0,0.0,0.0,0.0,0.0,0.0,0.0,0.0,0.0,0.028328611898016998,0.0,0.0028328611898017,0.0,0.0,0.0,0.0,0.0,0.0,0.0,0.0,0.0,0.0028328611898017,0.0,0.0,0.0,0.0,0.0,0.0,0.0,0.0,0.0,0.0,0.0,0.0,0.0,0.0,0.0,0.0,0.0,0.0,0.0,0.0679886685552408,0.0,0.0,0.0,0.0,0.11048158640226628,0.0,0.0,0.0,0.0,0.0,0.0,0.0,0.0,0.0056657223796034,0.0,0.0,0.0,0.5354107648725213,0.0,0.0,0.0,0.0,0.0,0.0,0.0,0.0056657223796034,0.0453257790368272,0.0,0.0,0.0,0.0,0.0,0.0,0.0,0.0056657223796034,0.0,0.0,0.0,0.0,0.0,0.0,0.0,0.0,0.0,0.0,0.0,0.0,0.0,0.0,0.0,0.0,0.0,0.0,0.0,0.0,0.0028328611898017,0.0113314447592068,0.0,0.0,0.0,0.0028328611898017,0.0,0.0,0.0,0.0,0.0,0.0,0.0,0.0,0.0,0.0,0.0,0.0,0.0084985835694051,0.0,0.0,0.0,0.0,0.0,0.0,0.0,0.0,0.0,0.0,0.0,0.0056657223796034,0.0,0.0,0.0,0.0,0.0,0.0,0.0,0.0,0.0,0.0,0.0,0.0,0.0,0.0,0.0,0.0,0.0,0.0,0.0,0.0,0.0,0.0,0.0,0.0,0.0,0.0,0.0,0.0,0.0,0.0,0.0,0.0,0.0,0.0,0.0,0.0,0.0,0.0,0.0,0.0,0.0,0.0,0.0,0.0,0.0,0.0,0.0,0.0,0.0,0.0,0.0,0.0,0.028328611898016998,0.0,0.0,0.0,0.0,0.0,0.0,0.0,0.0,0.0,0.0,0.0,0.0,0.0,0.0,0.0,0.0,0.0,0.0,0.0,0.0,0.0,0.0,0.0,0.0,0.0056657223796034,0.0,0.0,0.0,0.0,0.0,0.0,0.0,0.0,0.0,0.0,0.0,0.0,0.0,0.0,0.0,0.0,0.0,0.0,0.0,0.0,0.0,0.0,0.0,0.0,0.0,0.0,0.0,0.0,0.0,0.0,0.0,0.0,0.0,0.0,0.0,0.0,0.0,0.0,0.0,0.0,0.0,0.0,0.0,0.0,0.0,0.0,0.0,0.0,0.0,0.0,0.0,0.0,0.0028328611898017,0.0,0.0,0.0,0.0,0.0,0.0,0.0,0.0,0.0028328611898017,0.0,0.0,0.0,0.0,0.0,0.0,0.0,0.0,0.0,0.0
123 DMH Nkx2-4 Glut,0.0,0.0,0.0,0.0,0.0,0.0,0.0,0.0,0.0,0.0,0.0,0.0,0.0,0.0,0.0,0.0,0.0,0.0,0.0,0.0,0.002512562814070352,0.0,0.0,0.0,0.0,0.0,0.0,0.0,0.0,0.0,0.0,0.0,0.0,0.0,0.0,0.0,0.0,0.0,0.0,0.0,0.0,0.0,0.0,0.0,0.0,0.0,0.0,0.0,0.0,0.0,0.0,0.0,0.0,0.0,0.0,0.0,0.0,0.0,0.8291457286432161,0.0,0.0,0.0,0.0,0.0,0.0,0.0,0.0,0.0,0.0,0.0,0.0,0.0,0.0,0.0,0.0,0.0,0.0,0.0,0.0,0.0,0.0,0.0,0.0,0.0,0.0,0.07035175879396985,0.0,0.0,0.0,0.0,0.0,0.0,0.0,0.0,0.0,0.0,0.0,0.0,0.0,0.0,0.0,0.0,0.0,0.0,0.0,0.0,0.0,0.0,0.0,0.0,0.0,0.0,0.0,0.0,0.0,0.0,0.0,0.0,0.0,0.0,0.0,0.0,0.0,0.0,0.0,0.0,0.0,0.0,0.0,0.0,0.0,0.0,0.0,0.0,0.0,0.0,0.0,0.0,0.0,0.0,0.0,0.0,0.0,0.0,0.0,0.0,0.0,0.0,0.0,0.0,0.0,0.0,0.0,0.0,0.0,0.0,0.0,0.0,0.0,0.0,0.0,0.0,0.0,0.0,0.0,0.0,0.0,0.0,0.0,0.0,0.0,0.0,0.0,0.0,0.0,0.0,0.0,0.0,0.0,0.0,0.0,0.0,0.0,0.0,0.0,0.0,0.0,0.0,0.0,0.0,0.0,0.005025125628140704,0.0,0.0,0.0,0.0,0.0,0.0,0.0,0.0,0.0,0.0,0.0,0.0,0.0,0.0,0.0,0.0,0.0,0.0,0.0,0.0,0.0,0.0,0.0,0.0,0.0,0.0,0.0,0.0,0.06532663316582915,0.002512562814070352,0.0,0.0,0.0,0.0,0.0,0.0,0.0,0.0,0.0,0.0,0.0,0.0,0.0,0.0,0.0,0.0,0.0,0.0,0.0,0.0,0.0,0.0,0.0,0.0,0.0,0.0,0.0,0.0,0.0,0.0,0.0,0.0,0.0,0.0,0.0,0.0,0.0,0.0,0.0,0.0,0.0,0.0,0.0,0.0,0.0,0.0,0.0,0.0,0.0,0.0,0.0,0.0,0.0,0.0,0.0,0.0,0.0,0.0,0.0,0.0,0.0,0.0,0.0,0.0,0.0,0.0,0.0,0.0,0.0,0.0,0.0,0.0,0.0,0.0,0.0,0.0,0.0,0.0,0.0,0.0,0.0,0.0,0.0,0.0,0.0,0.0,0.0,0.0,0.0,0.0,0.0,0.0,0.0,0.0,0.0,0.0,0.0,0.0,0.0,0.02512562814070352,0.0,0.0,0.0,0.0,0.0,0.0,0.0,0.0,0.0,0.0,0.0,0.0,0.0,0.0,0.0,0.0,0.0,0.0,0.0,0.0,0.0,0.0,0.0,0.0,0.0,0.0,0.0,0.0,0.0,0.0,0.0,0.0
124 MPN-MPO-PVpo Hmx2 Glut,0.0,0.0,0.0,0.0,0.0,0.0,0.005628517823639775,0.010631644777986242,0.0,0.0,0.0,0.0,0.0,0.0,0.0,0.0,0.0,0.0,0.0,0.0,0.0006253908692933083,0.0,0.0,0.0,0.0,0.0,0.0,0.0,0.02689180737961226,0.19011882426516574,0.0,0.0,0.0,0.0,0.0,0.01813633520950594,0.0,0.0,0.0,0.0,0.0,0.0,0.0,0.0,0.0,0.0,0.0,0.0,0.0,0.0,0.0006253908692933083,0.0,0.0,0.0,0.0,0.0,0.0,0.0,0.00375234521575985,0.0,0.0,0.0,0.0,0.0,0.0,0.0,0.0,0.0,0.0,0.0,0.0,0.0,0.0,0.0,0.0,0.0,0.0,0.0,0.0,0.0,0.0,0.0,0.0,0.0,0.0,0.07442151344590368,0.0,0.0,0.0,0.0,0.0,0.0,0.0,0.0,0.0,0.0,0.0,0.021888680425265792,0.0,0.0,0.0,0.0,0.0,0.0,0.0,0.0,0.0,0.0,0.0,0.0,0.0,0.0,0.0,0.0,0.0,0.0,0.0,0.0031269543464665416,0.0,0.0,0.0,0.0,0.024390243902439025,0.0,0.0,0.0,0.0,0.0,0.0,0.0,0.0,0.0,0.0,0.0,0.0,0.0006253908692933083,0.0,0.0,0.0,0.0,0.0,0.0,0.0,0.2858036272670419,0.1569731081926204,0.0,0.0006253908692933083,0.0,0.0,0.0,0.0,0.0,0.0025015634771732333,0.0006253908692933083,0.0,0.0,0.0,0.0,0.0,0.0,0.0,0.0,0.0,0.0,0.0,0.0,0.0,0.0,0.0012507817385866166,0.0006253908692933083,0.0,0.0,0.0,0.0006253908692933083,0.0,0.0,0.0,0.0,0.0,0.0,0.0,0.0006253908692933083,0.0,0.00375234521575985,0.0,0.0,0.0,0.0,0.0,0.0,0.0,0.0012507817385866166,0.0,0.0,0.0,0.0,0.0,0.0,0.0,0.0,0.0,0.0,0.0,0.0,0.0,0.0,0.0,0.0,0.0,0.0,0.0,0.0006253908692933083,0.0,0.0,0.0,0.0,0.0012507817385866166,0.0,0.0,0.0,0.0006253908692933083,0.0,0.07942464040025016,0.0,0.0,0.0,0.0,0.0,0.0,0.0,0.0,0.0,0.0,0.0,0.0,0.0,0.0,0.0,0.0,0.0,0.0,0.0,0.0,0.0,0.0,0.0006253908692933083,0.0012507817385866166,0.0,0.0,0.0,0.0,0.0,0.0,0.0,0.0,0.0,0.0,0.0,0.0,0.0,0.0,0.0,0.0,0.001876172607879925,0.0,0.0,0.0,0.0,0.0,0.0,0.0,0.0,0.0,0.0,0.0,0.0,0.0,0.0,0.0,0.0,0.0,0.0006253908692933083,0.0,0.0,0.0,0.0,0.0,0.0,0.0,0.0,0.0,0.0,0.0,0.0,0.0,0.0012507817385866166,0.0,0.0,0.0031269543464665416,0.0,0.0,0.0,0.0,0.0,0.0,0.0,0.0,0.0,0.0,0.0,0.0,0.0,0.0,0.0,0.0,0.0,0.0,0.0,0.0,0.008130081300813009,0.0,0.0,0.043151969981238276,0.0,0.0,0.0,0.0,0.0,0.0,0.0,0.0,0.0,0.0,0.0,0.0,0.0,0.0075046904315197,0.0,0.0,0.0,0.0,0.0,0.0,0.0,0.014383989993746092,0.0,0.0,0.0,0.0,0.0,0.0,0.0006253908692933083,0.0,0.0
125 DMH Hmx2 Glut,0.0,0.0,0.0,0.0,0.0,0.0,0.0,0.0029585798816568047,0.0,0.0,0.0,0.0,0.0,0.0,0.0,0.0,0.0,0.0,0.0,0.0,0.014792899408284023,0.0,0.0,0.0,0.0,0.0,0.0,0.0,0.0,0.0,0.0,0.0,0.0,0.0,0.0,0.0,0.0,0.0,0.0,0.0,0.0,0.0,0.0,0.0,0.0,0.0,0.0,0.0,0.0,0.0,0.0,0.0,0.0,0.0,0.0,0.0,0.0,0.0,0.4408284023668639,0.0,0.0,0.0,0.0,0.0,0.0,0.0,0.0,0.0,0.0,0.0,0.0,0.0,0.0,0.0,0.0,0.0,0.0,0.0,0.0,0.0,0.0,0.0,0.0,0.0,0.0,0.3047337278106509,0.0,0.0,0.0,0.0,0.0,0.0,0.0,0.0,0.0,0.0,0.0,0.0,0.0,0.0,0.0,0.0,0.0,0.0,0.0,0.0,0.0,0.0,0.0,0.0,0.0,0.0,0.0,0.0,0.0,0.0,0.0,0.10207100591715976,0.0,0.0,0.0,0.0,0.0,0.0,0.0,0.0,0.0,0.0,0.0,0.0,0.0,0.0,0.0,0.0,0.0,0.0,0.0,0.0,0.0,0.0,0.0,0.0,0.0,0.0,0.0,0.0,0.0,0.0,0.0,0.0,0.0,0.0,0.0,0.0,0.0,0.0,0.0,0.0,0.0,0.0,0.0,0.0,0.0,0.0,0.0,0.0,0.0,0.0,0.0,0.0,0.0,0.0,0.0,0.0,0.0,0.0,0.0,0.0,0.0,0.0,0.0,0.0,0.0,0.0,0.0,0.0,0.0,0.0,0.0,0.0,0.0,0.004437869822485207,0.0,0.0,0.0,0.0,0.0,0.0,0.0,0.0,0.0,0.0,0.0,0.0,0.0,0.0,0.0,0.0,0.0,0.0,0.0,0.0,0.0,0.0,0.0,0.0,0.0,0.0,0.0,0.0,0.020710059171597635,0.0,0.0,0.0,0.0,0.0,0.010355029585798817,0.0,0.0,0.0,0.0,0.0,0.0,0.0,0.0,0.0,0.0,0.0,0.0,0.0,0.0,0.0,0.0,0.0,0.0,0.0,0.0,0.0,0.0,0.0,0.0,0.0,0.0,0.0,0.0,0.0,0.0,0.0,0.0,0.0,0.0,0.0,0.0,0.0,0.0,0.0,0.0,0.0,0.0,0.0,0.0,0.0,0.0,0.0,0.0,0.0,0.0,0.0,0.0,0.0,0.0,0.0,0.0,0.0,0.0,0.0,0.0,0.0,0.0,0.0,0.0,0.0,0.0,0.0,0.0,0.008875739644970414,0.0,0.0,0.0,0.0,0.0,0.0,0.0,0.0,0.0,0.0,0.0,0.0,0.0,0.0,0.0,0.0,0.0,0.0,0.0,0.0,0.0,0.0,0.0,0.0,0.0,0.07692307692307693,0.0,0.0,0.0,0.0,0.0,0.0,0.0,0.0,0.0,0.0,0.0,0.0,0.0014792899408284023,0.0,0.0,0.0,0.0,0.0,0.0,0.0,0.0,0.0,0.0,0.0,0.011834319526627219,0.0,0.0,0.0,0.0,0.0,0.0,0.0
126 ARH-PVp Tbx3 Glut,0.0,0.0,0.0,0.0,0.0,0.0,0.0,0.0,0.0,0.0,0.0,0.0,0.0,0.0,0.0,0.0,0.0,0.0,0.0,0.0,0.5741839762611276,0.0,0.0,0.0,0.0,0.0,0.0,0.0,0.0,0.001483679525222552,0.0,0.0,0.0,0.0,0.0,0.0,0.0,0.0,0.0,0.0,0.0,0.0,0.0,0.0,0.0,0.0,0.0,0.0,0.0,0.0,0.0,0.0,0.0,0.0,0.0,0.0,0.0,0.0,0.017062314540059347,0.0,0.0,0.0,0.0,0.0,0.0,0.0,0.0,0.0,0.0,0.0,0.0,0.0,0.0,0.0,0.0,0.0,0.0,0.0,0.0,0.0,0.0,0.0,0.0,0.0,0.0,0.13724035608308605,0.0,0.0,0.0,0.0,0.0,0.0,0.0,0.0,0.0,0.0,0.0,0.0,0.0,0.0,0.0,0.0,0.0,0.0,0.0,0.0,0.0,0.0,0.0,0.0,0.0,0.0,0.0,0.0,0.0,0.0,0.001483679525222552,0.002225519287833828,0.0,0.0,0.0,0.0,0.0,0.0,0.0,0.0,0.0,0.0,0.0,0.0,0.0,0.0,0.0,0.0,0.031899109792284865,0.0,0.0,0.0,0.0,0.0,0.0,0.0,0.0,0.000741839762611276,0.0,0.0,0.0,0.0,0.0,0.0,0.0,0.0,0.0,0.0,0.0,0.0,0.0,0.0,0.0,0.0,0.0,0.0,0.0,0.0,0.0,0.0,0.0,0.0,0.0,0.0,0.0,0.0,0.0,0.0,0.0,0.0,0.0,0.0,0.0,0.0,0.0,0.0,0.0,0.0,0.0,0.0,0.0,0.0,0.0,0.0,0.0,0.0,0.0,0.0,0.0,0.0,0.00741839762611276,0.0,0.0,0.0,0.0,0.0,0.0,0.0,0.0,0.0,0.0,0.0,0.0,0.0,0.0,0.0,0.0,0.0,0.0,0.0,0.0,0.0,0.0,0.0,0.014094955489614243,0.001483679525222552,0.000741839762611276,0.0,0.0,0.0,0.0,0.0,0.0,0.0,0.0,0.0,0.0,0.0,0.0,0.0,0.0,0.0,0.0,0.0,0.0,0.0,0.0,0.0,0.0,0.0,0.0,0.0,0.0,0.0,0.0,0.0,0.0,0.0,0.0,0.0,0.0,0.0,0.0,0.0,0.0,0.0,0.0,0.0,0.0,0.0,0.0,0.0,0.0,0.0,0.0,0.0,0.0,0.0,0.0,0.0,0.0,0.0,0.0,0.0,0.0,0.0,0.0,0.0,0.0,0.0,0.0,0.0,0.0,0.0,0.005934718100890208,0.0,0.0,0.0,0.0,0.04673590504451038,0.0,0.0,0.002967359050445104,0.0,0.0,0.0,0.0,0.0,0.0,0.0,0.0,0.0,0.0,0.0,0.0,0.0,0.0,0.0,0.0,0.0,0.0,0.0,0.0,0.0,0.0,0.15207715133531158,0.0,0.0,0.0,0.0,0.0,0.0,0.0,0.0,0.0,0.0,0.0,0.0,0.0,0.0,0.0,0.0,0.0,0.0,0.0,0.0,0.0,0.0,0.0,0.0,0.002225519287833828,0.0,0.0,0.0,0.0,0.0,0.0,0.0
127 DMH-LHA Vgll2 Glut,0.0,0.0,0.0,0.0,0.0,0.0,0.0,0.0016366612111292963,0.0,0.0,0.0,0.0,0.0,0.0,0.0,0.0,0.0,0.0,0.0,0.0,0.009819967266775777,0.0,0.0,0.0,0.0,0.0,0.0,0.0,0.0,0.0,0.0,0.0,0.0,0.0,0.0,0.0,0.0,0.0,0.0,0.0,0.0,0.0,0.0,0.0,0.0,0.0,0.0,0.0,0.0,0.0,0.0,0.0,0.0,0.0,0.0,0.0,0.0,0.0,0.14238952536824878,0.0,0.0,0.0,0.0,0.0,0.0,0.0,0.0,0.0,0.0,0.0,0.0,0.0,0.0,0.0,0.0,0.0,0.0,0.0,0.0,0.0,0.0,0.0,0.0,0.0,0.0,0.24386252045826515,0.0,0.0,0.0,0.0,0.0,0.0,0.0,0.0,0.0,0.0,0.0,0.0016366612111292963,0.0,0.0,0.0,0.0,0.0,0.0,0.0,0.0,0.0,0.0,0.0,0.0,0.0,0.0,0.0,0.0,0.0,0.0,0.0,0.3322422258592471,0.0,0.0,0.0,0.0,0.0,0.0,0.0,0.0,0.0,0.0,0.0,0.0,0.0,0.0,0.0,0.0,0.0,0.0,0.0,0.0,0.0,0.0,0.0,0.0,0.0,0.0,0.0,0.0,0.0,0.0,0.0,0.0,0.0,0.0,0.0,0.0,0.0,0.0,0.0,0.0,0.0,0.0,0.0,0.0,0.0,0.0,0.0,0.0,0.0,0.0,0.0,0.0,0.0,0.0,0.0,0.0,0.011456628477905073,0.0,0.0,0.0,0.0,0.0,0.0,0.0016366612111292963,0.0,0.0,0.0,0.0,0.0,0.0,0.0,0.0,0.0,0.022913256955810146,0.0,0.0,0.0,0.0,0.0,0.0,0.0,0.0,0.0,0.0,0.0,0.0,0.0,0.0,0.0,0.0,0.0,0.0,0.0,0.0,0.0016366612111292963,0.0,0.0,0.0,0.0,0.008183306055646482,0.0,0.0,0.009819967266775777,0.0,0.0016366612111292963,0.0,0.0,0.0,0.031096563011456628,0.0,0.0,0.0,0.0,0.0,0.0,0.0,0.0,0.0,0.0,0.0,0.0,0.0,0.0,0.0,0.0,0.0,0.0,0.0016366612111292963,0.0,0.0,0.0,0.0,0.0,0.0,0.0,0.0,0.0,0.0,0.0,0.0,0.0,0.0,0.0,0.0,0.0,0.0,0.0,0.0,0.0,0.0,0.0,0.0,0.0,0.0,0.0,0.0,0.0,0.0,0.0,0.0,0.0,0.0,0.0016366612111292963,0.0,0.0,0.0,0.0,0.0,0.0,0.0,0.0,0.0,0.0,0.0,0.0,0.0,0.0,0.07692307692307693,0.0,0.0,0.006546644844517185,0.0,0.0,0.0,0.0,0.0,0.0,0.0,0.0,0.0,0.0,0.0,0.0,0.0,0.0,0.0,0.0,0.0,0.0,0.0,0.0,0.0,0.0,0.031096563011456628,0.0,0.0,0.0,0.0,0.0,0.0,0.0,0.0,0.0,0.0,0.0,0.0,0.03764320785597381,0.0,0.0,0.0,0.0,0.0,0.0,0.0,0.0,0.004909983633387889,0.009819967266775777,0.0,0.004909983633387889,0.004909983633387889,0.0,0.0,0.0,0.0,0.0,0.0
128 VMH Fezf1 Glut,0.0,0.0,0.0,0.0,0.0,0.0,0.0,0.0029985007496251873,0.0,0.0,0.0,0.0,0.0,0.0,0.0,0.0,0.0,0.0,0.0,0.0,0.0029985007496251873,0.0,0.0,0.0,0.0,0.0,0.0,0.0,0.0,0.0,0.0,0.0,0.0,0.0,0.0,0.0,0.0,0.0,0.0,0.0,0.0,0.0,0.0,0.0,0.0,0.0,0.0,0.0,0.0,0.0,0.0,0.0,0.0,0.0,0.0,0.0,0.0,0.0,0.005247376311844078,0.0,0.0,0.0,0.0,0.0,0.0,0.0,0.0,0.0,0.0,0.0,0.0,0.0,0.0,0.0,0.0,0.0,0.0,0.0,0.0,0.0,0.0,0.0,0.0,0.0,0.0,0.2151424287856072,0.0,0.0,0.0,0.0,0.0,0.0,0.0,0.0,0.0,0.0,0.0,0.0,0.0,0.0,0.0,0.0,0.0,0.0,0.0,0.0,0.0,0.0,0.0,0.0,0.0,0.0,0.0,0.0,0.0,0.0,0.0,0.0014992503748125937,0.0,0.0,0.0,0.0,0.0,0.0,0.0,0.0,0.0,0.0,0.0,0.0,0.0,0.0,0.0,0.0,0.0,0.0,0.0,0.0,0.0,0.0,0.0,0.0,0.0,0.0,0.0,0.0,0.0,0.0,0.0,0.0,0.0,0.0,0.0,0.0,0.0,0.0,0.0,0.0,0.0,0.0,0.0,0.0,0.0,0.0,0.0,0.0,0.0,0.0,0.0,0.0,0.0,0.0,0.0,0.0007496251874062968,0.0,0.0,0.0,0.0,0.0,0.0,0.0,0.0,0.0,0.0,0.0,0.0,0.0,0.0,0.0,0.0,0.0,0.0,0.0,0.0,0.0,0.0,0.0,0.0,0.0,0.0,0.0,0.0,0.0,0.0,0.0,0.0,0.0,0.0,0.0,0.0,0.0,0.0,0.0,0.0,0.0,0.0,0.0,0.0,0.0,0.0,0.005997001499250375,0.0,0.0,0.0,0.0,0.0,0.008245877061469266,0.0,0.0,0.0,0.0,0.0,0.0,0.0,0.0,0.0,0.0,0.0,0.0,0.0,0.0,0.0,0.0,0.0,0.0,0.0,0.0,0.0,0.0,0.0,0.0,0.0,0.0,0.0,0.0,0.0,0.0,0.0,0.0,0.0,0.0,0.0,0.0,0.0,0.0,0.0,0.0,0.0,0.0,0.0,0.0,0.0,0.0,0.0,0.0,0.0,0.0,0.0,0.0,0.0,0.0,0.0,0.0,0.0,0.0,0.0,0.0,0.0,0.0,0.0,0.0,0.0,0.0,0.0,0.0,0.23163418290854573,0.0,0.0,0.0,0.0,0.0,0.0,0.0,0.0,0.0,0.0,0.0,0.0,0.0,0.0,0.0,0.0,0.0,0.0,0.0,0.0,0.0,0.0,0.0,0.0,0.0,0.5209895052473763,0.0,0.0,0.0,0.0,0.0,0.0,0.0,0.0,0.0,0.0,0.0,0.0,0.0,0.0,0.0,0.0,0.0,0.0,0.0,0.0,0.0,0.0,0.0007496251874062968,0.0,0.0037481259370314842,0.0,0.0,0.0,0.0,0.0,0.0,0.0
129 VMH Nr5a1 Glut,0.0,0.0,0.0,0.0,0.0,0.0,0.0,0.002939735423811857,0.0,0.0,0.0,0.0,0.0,0.0,0.0,0.0,0.0,0.0,0.0,0.0,0.008084272415482607,0.0,0.0,0.0,0.0,0.0,0.0,0.0,0.0,0.0,0.0,0.0,0.0,0.0,0.0,0.0002449779519843214,0.0,0.0,0.0,0.0,0.0,0.0,0.0,0.0,0.0,0.0,0.0,0.0,0.0,0.0,0.0,0.0,0.0,0.0,0.0,0.0,0.0,0.0,0.006369426751592357,0.0,0.0,0.0,0.0,0.0,0.0,0.0,0.0,0.0,0.0,0.0,0.0,0.0,0.0,0.0,0.0,0.0,0.0,0.0,0.0,0.0,0.0,0.0,0.0,0.0,0.0,0.1474767270945615,0.0,0.0,0.0,0.0,0.0,0.0,0.0,0.0,0.0,0.0,0.0,0.002204801567858893,0.0,0.0,0.0,0.0,0.0,0.0,0.0,0.0,0.0,0.0,0.0,0.0,0.0,0.0,0.0,0.0,0.0,0.0,0.0,0.004899559039686428,0.0,0.0,0.0,0.0,0.0,0.0,0.0,0.0,0.0,0.0,0.0,0.0,0.0,0.0,0.0,0.0,0.0,0.0,0.0,0.0,0.0,0.0,0.0,0.0,0.0,0.0,0.0002449779519843214,0.0,0.0,0.0,0.0,0.0,0.0,0.0,0.0,0.0,0.0,0.0,0.0,0.0,0.0,0.0,0.0,0.0,0.0,0.0,0.0,0.0,0.0,0.0,0.0,0.0,0.0,0.0,0.0,0.0,0.0002449779519843214,0.0,0.0,0.0,0.0,0.0,0.0,0.0,0.0,0.0,0.0,0.0,0.0,0.0,0.0,0.0,0.0,0.0,0.0,0.0,0.0,0.0,0.0,0.0,0.0,0.0,0.0,0.0,0.0,0.0,0.0,0.0,0.0,0.0,0.0,0.0,0.0,0.0,0.0,0.0,0.0,0.0,0.0004899559039686428,0.0,0.0,0.001224889759921607,0.05242528172464478,0.0,0.0,0.0,0.0,0.0,0.0036746692797648213,0.0,0.0,0.009064184223419891,0.0,0.0,0.0,0.0,0.0,0.0,0.0,0.0,0.0,0.0,0.0,0.0,0.0,0.0,0.0,0.0,0.0004899559039686428,0.0,0.0,0.0,0.0,0.0,0.0,0.0,0.0,0.0,0.0,0.0,0.0,0.0,0.0,0.0,0.0,0.0,0.0,0.0,0.0,0.0,0.0,0.0,0.0,0.0,0.0,0.0,0.0,0.0,0.0,0.0,0.0,0.0,0.0,0.0,0.0,0.0,0.0,0.0,0.0,0.0,0.0,0.0,0.0,0.0,0.0,0.0,0.0,0.0869671729544341,0.0,0.0,0.0017148456638902498,0.0,0.0,0.0,0.0,0.0,0.0,0.0,0.0,0.0,0.0,0.0,0.0,0.0,0.0,0.0,0.0,0.0,0.0,0.0,0.0,0.0,0.0,0.6634002939735424,0.0,0.0,0.0,0.0,0.0,0.0,0.0,0.0,0.0,0.0,0.0,0.0,0.0,0.0,0.0,0.0,0.0,0.0,0.0,0.0,0.0,0.0,0.006369426751592357,0.0,0.0007349338559529642,0.0007349338559529642,0.0,0.0,0.0,0.0,0.0,0.0
130 LHA Pmch Glut,0.0,0.0,0.0,0.0,0.0,0.0,0.0,0.007722007722007722,0.0,0.0,0.0,0.0,0.0,0.0,0.0,0.0,0.0,0.0,0.0,0.0,0.0,0.0,0.0,0.0,0.0,0.0,0.0,0.0,0.0,0.0,0.0,0.0,0.0,0.0,0.0,0.0,0.0,0.0,0.0,0.0,0.0,0.0,0.0,0.0,0.0,0.0,0.0,0.0,0.0,0.0,0.0,0.0,0.0,0.0,0.0,0.0,0.0,0.0,0.06177606177606178,0.0,0.0,0.0,0.0,0.0,0.0,0.0,0.0,0.0,0.0,0.0,0.0,0.0,0.0,0.0,0.0,0.0,0.0,0.0,0.0,0.0,0.0,0.0,0.0,0.0,0.0,0.2548262548262548,0.0,0.0,0.0,0.0,0.0,0.0,0.0,0.0,0.0,0.0,0.0,0.0,0.0,0.0,0.0,0.0,0.0,0.0,0.0,0.0,0.0,0.0,0.0,0.0,0.0,0.0,0.0,0.0,0.0,0.0,0.0,0.44787644787644787,0.0,0.0,0.0,0.0,0.0,0.0,0.0,0.0,0.0,0.0,0.0,0.0,0.0,0.0,0.0,0.0,0.0,0.0,0.0,0.0,0.0,0.0,0.0,0.0,0.0,0.0,0.0,0.0,0.0,0.0,0.0,0.0,0.0,0.0,0.0,0.0,0.0,0.0,0.0,0.0,0.0,0.0,0.0,0.0,0.0,0.0,0.0,0.0,0.0,0.0,0.0,0.0,0.0,0.0,0.0,0.0,0.03474903474903475,0.0,0.0,0.0,0.0,0.0,0.0,0.0,0.0,0.0,0.0,0.0,0.0,0.0,0.0,0.0,0.0,0.009652509652509652,0.0,0.0,0.0,0.0,0.005791505791505791,0.0,0.0,0.0,0.0,0.0,0.0,0.0,0.0,0.0,0.0,0.0,0.0,0.0,0.0,0.0,0.005791505791505791,0.007722007722007722,0.0,0.0,0.0,0.007722007722007722,0.0,0.0,0.0019305019305019305,0.0,0.0,0.0,0.0,0.0,0.019305019305019305,0.0,0.0,0.0,0.0,0.0,0.0,0.0,0.0,0.0,0.0,0.0,0.0,0.0,0.0,0.0,0.0,0.0,0.0,0.0,0.0,0.0,0.0,0.0,0.0,0.0,0.0,0.0,0.0,0.0,0.0,0.0,0.0,0.0,0.0,0.0,0.0,0.0,0.0,0.0,0.0,0.0,0.0,0.0,0.0,0.0,0.0,0.0,0.0,0.0,0.0,0.0,0.0,0.0,0.0019305019305019305,0.0,0.0,0.0,0.0,0.0,0.0,0.0,0.0,0.0,0.0,0.0,0.0,0.0,0.0,0.0,0.0,0.0,0.0,0.0,0.0,0.0,0.0,0.0,0.0,0.0,0.0,0.0,0.0,0.0,0.0,0.0,0.0,0.0,0.0,0.0,0.0,0.0,0.0,0.0,0.0,0.023166023166023165,0.0,0.0,0.0,0.0,0.0,0.0,0.0,0.0,0.0,0.0,0.0,0.0,0.059845559845559844,0.0,0.0,0.0,0.0,0.0,0.0,0.0019305019305019305,0.0,0.023166023166023165,0.0,0.0,0.025096525096525095,0.0,0.0,0.0,0.0,0.0,0.0,0.0
131 LHA-AHN-PVH Otp Trh Glut,0.0,0.0,0.0,0.0,0.0,0.0,0.0,0.033532934131736525,0.0,0.0,0.0,0.0,0.0,0.0,0.0,0.0,0.0,0.0,0.0,0.0,0.0011976047904191617,0.0,0.0,0.0,0.0,0.0,0.0,0.0005988023952095808,0.0,0.004191616766467066,0.0,0.0,0.0,0.0,0.0,0.035329341317365266,0.0,0.0,0.0,0.0,0.0017964071856287425,0.0,0.0,0.0,0.0,0.0,0.0,0.0,0.0,0.0,0.0,0.0,0.0,0.0,0.0,0.0,0.0,0.0,0.03293413173652695,0.0,0.0,0.0,0.0,0.0,0.0,0.0,0.0,0.0,0.0,0.0,0.0,0.0,0.0,0.0,0.0,0.0,0.0,0.0,0.0,0.0,0.0,0.0,0.0,0.0,0.0,0.1694610778443114,0.0,0.0,0.0,0.0,0.0,0.0,0.0,0.0,0.0,0.0,0.0,0.03053892215568862,0.0,0.0,0.0,0.0,0.0,0.0,0.0,0.0,0.0,0.0,0.0,0.0,0.0,0.0,0.0,0.0,0.0,0.0,0.0,0.08383233532934131,0.0,0.0,0.0,0.0,0.08203592814371258,0.0,0.0,0.0,0.0,0.0,0.0,0.0,0.0,0.0,0.0,0.0,0.0,0.014970059880239521,0.0,0.0,0.0,0.0,0.0,0.0,0.0,0.13652694610778443,0.04251497005988024,0.0,0.0,0.0005988023952095808,0.0,0.0,0.0,0.0,0.01976047904191617,0.0,0.0,0.0,0.0,0.0,0.0,0.0,0.0,0.0,0.0,0.0,0.0,0.0,0.0,0.0,0.0005988023952095808,0.0,0.0,0.0,0.0,0.0005988023952095808,0.0011976047904191617,0.0,0.0,0.0,0.0005988023952095808,0.0,0.0,0.0,0.0,0.003592814371257485,0.0,0.0,0.0,0.0,0.0,0.0,0.0,0.0005988023952095808,0.0,0.0,0.0,0.0,0.0,0.0,0.0,0.0,0.0,0.0,0.0,0.0,0.0,0.0,0.0,0.0,0.0005988023952095808,0.0005988023952095808,0.0,0.0,0.0,0.0,0.0,0.0,0.07065868263473053,0.0005988023952095808,0.0,0.003592814371257485,0.0011976047904191617,0.0,0.08323353293413174,0.0,0.0,0.0,0.01437125748502994,0.0,0.0,0.00718562874251497,0.0,0.0,0.0,0.0,0.0,0.0,0.0,0.0,0.0,0.0,0.0,0.0,0.0,0.0,0.0,0.005389221556886228,0.0029940119760479044,0.0,0.0,0.0,0.0,0.0,0.0,0.0,0.0,0.0,0.0029940119760479044,0.0,0.0,0.0,0.0,0.0,0.0,0.006586826347305389,0.0,0.0,0.0,0.0,0.0,0.0,0.0,0.0,0.0,0.0,0.0,0.0,0.0,0.0,0.0,0.0,0.0,0.0,0.0,0.0,0.0,0.0,0.0,0.0,0.0,0.0,0.0,0.0,0.0,0.0,0.0,0.010179640718562874,0.0,0.0,0.004191616766467066,0.0,0.0,0.0,0.0,0.0,0.0,0.0,0.0,0.0,0.0,0.0,0.0,0.0,0.0,0.0,0.0,0.0,0.0,0.0,0.0,0.01976047904191617,0.0,0.0011976047904191617,0.023952095808383235,0.0,0.0,0.0,0.0,0.0,0.0,0.0,0.0,0.0,0.0,0.0,0.0011976047904191617,0.0,0.00718562874251497,0.0,0.0,0.0,0.0,0.0,0.0,0.0,0.01976047904191617,0.0,0.0029940119760479044,0.008982035928143712,0.0,0.0,0.0,0.003592814371257485,0.0,0.0
132 AHN-RCH-LHA Otp Fezf1 Glut,0.0,0.0,0.0,0.0,0.0,0.0,0.0,0.4797219003476246,0.0,0.0,0.0,0.0,0.0,0.0,0.0,0.0,0.0,0.0,0.0,0.0,0.0003862495171881035,0.0003862495171881035,0.0,0.0,0.0,0.0,0.0,0.0,0.0,0.0003862495171881035,0.0,0.0,0.0,0.0,0.0,0.03205870992661259,0.0,0.0,0.0,0.0,0.0,0.0,0.0,0.0,0.0,0.0,0.0,0.0,0.0,0.0,0.0,0.0,0.0,0.0,0.0,0.0,0.0,0.0,0.0,0.0,0.0,0.0,0.0,0.0,0.0,0.0,0.0,0.0,0.0,0.0,0.0,0.0,0.0,0.0,0.0,0.0,0.0,0.0,0.0,0.0,0.0,0.0,0.0,0.0,0.0,0.22827346465816917,0.0,0.0,0.0,0.0,0.0,0.0,0.0,0.0,0.0,0.0,0.0,0.006952491309385863,0.0,0.0,0.0,0.0,0.0,0.0003862495171881035,0.0,0.0,0.0,0.0,0.0,0.0,0.0,0.0,0.0,0.0,0.0,0.0,0.0003862495171881035,0.11239860950173812,0.0,0.0,0.0,0.0,0.0011587485515643105,0.0,0.0,0.0,0.0,0.0,0.0,0.0,0.0,0.000772499034376207,0.0,0.0,0.0,0.0,0.0,0.0,0.0,0.0,0.0,0.0,0.0,0.008497489378138278,0.009269988412514484,0.0,0.000772499034376207,0.0,0.0,0.0,0.0,0.0,0.0,0.0,0.0,0.0,0.0,0.0,0.0003862495171881035,0.0,0.0,0.0,0.0,0.0,0.0,0.0,0.0,0.0,0.0,0.0011587485515643105,0.0,0.0,0.0,0.0003862495171881035,0.0034762456546929316,0.0,0.0,0.0,0.0003862495171881035,0.0,0.0,0.0,0.0,0.0,0.0,0.0,0.0,0.0,0.0,0.0,0.0,0.0,0.0,0.0,0.0,0.0,0.0,0.0,0.0,0.0,0.0,0.0,0.0,0.0,0.0,0.0,0.0,0.0,0.0,0.0,0.0,0.0,0.0,0.0,0.0003862495171881035,0.0,0.009269988412514484,0.004248744689069139,0.0,0.006179992275009656,0.002317497103128621,0.0,0.008883738895326381,0.0,0.0,0.0,0.014677481653147934,0.0,0.0,0.00772499034376207,0.0,0.0,0.0,0.0,0.0,0.0,0.0,0.0,0.0,0.0,0.0,0.0,0.0,0.0,0.0,0.01853997682502897,0.0027037466203167246,0.0,0.0003862495171881035,0.0,0.0,0.0,0.0,0.0,0.0,0.0,0.0,0.0,0.0,0.0,0.0,0.0,0.0,0.001544998068752414,0.0,0.0,0.0,0.0,0.0,0.0,0.0,0.0,0.0,0.0,0.0,0.0,0.0,0.0,0.0,0.0,0.0,0.0,0.0,0.0,0.0,0.0,0.0,0.0,0.000772499034376207,0.0,0.0,0.0,0.0,0.0,0.0,0.013518733101583623,0.0,0.0,0.000772499034376207,0.0,0.0,0.0,0.0,0.0,0.0,0.0,0.0,0.0,0.0,0.0,0.0,0.0,0.0,0.0,0.0,0.0,0.0,0.0,0.0,0.0,0.0,0.0011587485515643105,0.0019312475859405175,0.0,0.0,0.0,0.0,0.0,0.0,0.0,0.0,0.0,0.0,0.0,0.001544998068752414,0.0,0.0003862495171881035,0.0,0.0,0.0,0.0,0.000772499034376207,0.0,0.0,0.004248744689069139,0.0,0.007338740826573967,0.002317497103128621,0.0,0.0,0.0,0.000772499034376207,0.0,0.0
133 PVH-SO-PVa Otp Glut,0.00048590864917395527,0.0,0.0,0.0,0.0,0.0,0.0,0.009718172983479106,0.0,0.0,0.0,0.0,0.0,0.0,0.0,0.0,0.0,0.0,0.0,0.0,0.0228377065111759,0.0,0.0,0.0,0.0,0.0,0.0,0.0,0.0,0.00048590864917395527,0.0,0.0,0.0,0.0,0.0,0.01020408163265306,0.0,0.0,0.0,0.0,0.0,0.0,0.0,0.0,0.0,0.0,0.0,0.0,0.0,0.0,0.0,0.0,0.0,0.0,0.0,0.0,0.0,0.0,0.006316812439261419,0.0,0.0,0.0,0.0,0.0,0.0,0.0,0.0,0.0,0.0,0.0,0.0,0.0,0.0,0.0,0.0,0.0,0.0,0.0,0.0,0.0,0.0,0.0,0.0,0.0,0.0,0.16229348882410108,0.0,0.0,0.0,0.0,0.0,0.0,0.0,0.0,0.0,0.0,0.0,0.02575315840621963,0.0,0.0,0.0,0.0,0.0,0.0,0.0,0.0,0.0,0.0,0.0,0.0,0.0,0.0,0.0,0.0,0.0,0.0,0.0,0.016034985422740525,0.0,0.0,0.0,0.0,0.0,0.0,0.0,0.0,0.0,0.0,0.0,0.0,0.0,0.0,0.0,0.0,0.0,0.006802721088435374,0.0,0.0,0.0,0.0,0.0,0.0,0.0,0.019922254616132166,0.0014577259475218659,0.0,0.0,0.0,0.0,0.0,0.0,0.0,0.004373177842565598,0.0,0.0,0.0,0.0,0.0,0.0,0.0,0.0,0.0,0.0,0.0,0.0,0.0,0.0,0.0,0.0,0.0,0.0,0.0,0.0,0.00048590864917395527,0.001943634596695821,0.0,0.0,0.0,0.0,0.0,0.0,0.0,0.0,0.003401360544217687,0.0,0.0,0.0,0.0,0.0,0.0,0.0,0.0,0.0,0.0,0.0,0.0,0.0,0.0,0.0,0.0,0.0,0.0,0.0,0.0,0.0,0.0,0.0,0.0,0.0,0.0,0.0,0.0,0.0,0.0,0.0,0.0,0.43537414965986393,0.012633624878522837,0.0,0.017006802721088437,0.0009718172983479105,0.0,0.047133138969873666,0.0,0.0,0.0,0.00048590864917395527,0.0,0.0,0.001943634596695821,0.00048590864917395527,0.0,0.0,0.0,0.0,0.0,0.0,0.0,0.0,0.0,0.0,0.0,0.0,0.0,0.0,0.004373177842565598,0.0,0.0,0.0,0.0,0.0,0.0,0.0,0.0,0.0,0.0,0.001943634596695821,0.0,0.0,0.0,0.0,0.0,0.0,0.043731778425655975,0.0,0.0,0.0,0.0,0.0,0.0,0.0,0.0,0.0,0.0,0.0,0.0,0.0,0.0,0.0,0.0,0.0,0.00048590864917395527,0.0,0.0,0.0,0.0,0.0,0.0,0.0,0.0,0.0,0.0,0.0,0.0,0.0,0.05830903790087463,0.0,0.0,0.01020408163265306,0.0,0.0,0.0,0.0,0.0,0.0,0.0,0.0,0.0,0.0,0.0,0.0,0.0,0.0,0.0,0.0,0.0,0.0,0.0,0.0,0.0014577259475218659,0.0,0.0014577259475218659,0.00048590864917395527,0.0,0.0,0.0,0.0,0.0,0.0,0.0,0.0,0.0,0.0,0.0,0.011661807580174927,0.0,0.005344995140913508,0.0,0.0,0.0,0.0,0.0,0.0,0.00048590864917395527,0.03644314868804665,0.0,0.00048590864917395527,0.001943634596695821,0.0,0.0,0.0,0.012633624878522837,0.0,0.0
134 PH-ant-LHA Otp Bsx Glut,0.0,0.0,0.0,0.0,0.0,0.0,0.0,0.002043944813490036,0.0,0.0,0.0,0.0,0.0,0.0,0.0,0.0,0.0,0.000510986203372509,0.0,0.0,0.0,0.0,0.0,0.0,0.0,0.0,0.0,0.0,0.0,0.0,0.0,0.0,0.0,0.0,0.0,0.0,0.0,0.0,0.0,0.0,0.0,0.000510986203372509,0.0,0.0,0.0,0.0,0.0,0.0,0.0,0.0,0.005109862033725089,0.0,0.0,0.0,0.0015329586101175269,0.0,0.0,0.0,0.1885539090444558,0.0,0.0,0.0,0.0,0.0,0.0,0.0,0.0,0.0,0.0,0.0,0.0,0.0,0.0,0.0,0.0,0.0,0.0,0.0,0.0,0.0,0.000510986203372509,0.0,0.0,0.0,0.0,0.2386305569749617,0.0,0.0,0.0,0.0,0.000510986203372509,0.0,0.0,0.0,0.0,0.0,0.0,0.0,0.0,0.0,0.0,0.0,0.0,0.0,0.0,0.0,0.0,0.0,0.0,0.0,0.0,0.0,0.0,0.0,0.0,0.0,0.000510986203372509,0.21972406745017883,0.0,0.0,0.0,0.0,0.0,0.0,0.0,0.0,0.0,0.0,0.0,0.0,0.0,0.01430761369443025,0.0,0.0,0.0,0.0,0.0,0.0,0.0,0.0,0.0,0.0,0.0,0.0,0.0,0.0,0.0030659172202350538,0.0,0.0,0.0,0.000510986203372509,0.0,0.0,0.0015329586101175269,0.0,0.0,0.0,0.0,0.0,0.0,0.0,0.0,0.0,0.0,0.0,0.0,0.0,0.0,0.0,0.001021972406745018,0.0,0.0,0.0,0.012774655084312723,0.0035769034236075624,0.0,0.0,0.0,0.002043944813490036,0.0,0.0,0.000510986203372509,0.0,0.0,0.0,0.0,0.0,0.0,0.0,0.0,0.0,0.21257026060296372,0.0,0.0,0.0,0.0,0.010219724067450179,0.0,0.0,0.0,0.0,0.0,0.000510986203372509,0.0,0.0,0.0,0.0,0.0,0.0015329586101175269,0.0025549310168625446,0.0,0.0,0.004598875830352581,0.002043944813490036,0.0,0.0,0.001021972406745018,0.002043944813490036,0.0,0.0,0.011241696474195196,0.0061318344404701075,0.0,0.0,0.0,0.0,0.001021972406745018,0.0,0.0,0.0,0.0,0.0,0.0,0.0,0.0,0.0,0.0,0.0,0.0,0.0,0.0,0.0,0.0,0.0,0.0,0.0,0.0,0.0,0.0015329586101175269,0.0,0.0,0.0,0.0,0.0,0.0,0.0,0.0,0.0,0.0,0.0,0.0,0.0,0.0,0.0,0.0,0.0,0.001021972406745018,0.0,0.0,0.0,0.0,0.0,0.0,0.0,0.0,0.0,0.0,0.0,0.0,0.0,0.000510986203372509,0.0,0.0,0.001021972406745018,0.0015329586101175269,0.0,0.0,0.0,0.0,0.0,0.010219724067450179,0.0,0.0,0.0,0.0,0.0030659172202350538,0.0,0.0,0.000510986203372509,0.0,0.0,0.0,0.0,0.0,0.0,0.0,0.0,0.0,0.0,0.0,0.0,0.0,0.0,0.0,0.0,0.0,0.0,0.0,0.0,0.0,0.001021972406745018,0.0030659172202350538,0.0,0.0,0.0,0.0,0.0,0.0,0.0,0.0,0.0,0.0,0.0,0.0,0.009197751660705161,0.0,0.0,0.0,0.0,0.0,0.0,0.001021972406745018,0.000510986203372509,0.002043944813490036,0.000510986203372509,0.0,0.008686765457332652,0.0015329586101175269,0.0,0.0,0.0,0.0,0.0,0.0
135 STN-PSTN Pitx2 Glut,0.0,0.0,0.0,0.0,0.0,0.0,0.0,0.0,0.0,0.0,0.0,0.0,0.0,0.0,0.0,0.0,0.0,0.0007230657989877079,0.0,0.0,0.0,0.0,0.0,0.0,0.0,0.0,0.0,0.0,0.0,0.0,0.0,0.0,0.0,0.0,0.0,0.0,0.0,0.0,0.0,0.0,0.0,0.0,0.0,0.0,0.0,0.0,0.0,0.0,0.0,0.0,0.0,0.0,0.0,0.0,0.0,0.0,0.0,0.0,0.0021691973969631237,0.0,0.0,0.0,0.0,0.0,0.0,0.0,0.0,0.0,0.0,0.0,0.0,0.0,0.0,0.0,0.0,0.0,0.0,0.0,0.0,0.0,0.014461315979754157,0.0,0.0,0.0,0.0,0.04121475054229935,0.0,0.0,0.0,0.0,0.0,0.0,0.0,0.0,0.0,0.0,0.0,0.0,0.0,0.0,0.0,0.0,0.0,0.0,0.0,0.0,0.0,0.0,0.0,0.0,0.0,0.0,0.0,0.0,0.0,0.0,0.0,0.18112798264642083,0.0,0.0,0.0028922631959508315,0.0,0.0,0.0,0.0,0.0,0.0,0.0,0.0,0.0,0.0,0.008676789587852495,0.0,0.0,0.0,0.0,0.0,0.0,0.0,0.039045553145336226,0.0,0.0,0.0,0.0,0.0,0.0,0.0007230657989877079,0.0,0.0,0.0,0.0,0.0,0.0,0.0,0.0,0.0,0.0,0.0,0.0,0.0,0.0,0.0,0.0,0.0,0.0,0.0,0.0,0.0,0.0,0.0,0.0,0.0,0.0,0.0,0.027114967462039046,0.0,0.0,0.0,0.00036153289949385393,0.0,0.0,0.0,0.0,0.0,0.0,0.0,0.0,0.0,0.0,0.0,0.0,0.018799710773680405,0.0,0.0,0.0,0.0,0.0010845986984815619,0.0,0.0,0.0,0.0,0.0,0.0,0.0,0.0,0.0,0.0,0.0,0.0,0.0,0.0,0.0,0.0039768618944323935,0.22089660159074476,0.0,0.0,0.0,0.0,0.0,0.0,0.0,0.0,0.0,0.0,0.0,0.0,0.0,0.0,0.0,0.0,0.0,0.0,0.0,0.0,0.0,0.0,0.0,0.0,0.0,0.0,0.0,0.0,0.0,0.00036153289949385393,0.0,0.0,0.0,0.0,0.0,0.0,0.0,0.0,0.0,0.0,0.0,0.0,0.0010845986984815619,0.0,0.0,0.0,0.0,0.0,0.0,0.0,0.0,0.0,0.00036153289949385393,0.0,0.0,0.0,0.0,0.0,0.0,0.0,0.0,0.0,0.0,0.0,0.0,0.0,0.3029645697758496,0.0,0.0,0.012292118582791034,0.0,0.0,0.0,0.0,0.0,0.0,0.0,0.0,0.0,0.0,0.0,0.0007230657989877079,0.0,0.0,0.0,0.0,0.0,0.0,0.0,0.0,0.0,0.0,0.0,0.0,0.0,0.0,0.0,0.0,0.0,0.0,0.0,0.0,0.0,0.0,0.0,0.0,0.0018076644974692696,0.0,0.0,0.0,0.0,0.0,0.0,0.0,0.0,0.0,0.0,0.0,0.0,0.0,0.01482284887924801,0.0,0.0,0.0,0.0,0.0,0.0,0.02639190166305134,0.00036153289949385393,0.019522776572668113,0.05350686912509038,0.0,0.0,0.0025307302964569776,0.0,0.0,0.0,0.0,0.0,0.0
136 PMv-TMv Pitx2 Glut,0.0,0.0,0.0,0.0,0.0,0.0,0.0,0.0,0.0,0.0,0.0,0.0,0.0,0.0,0.0,0.0,0.0,0.0,0.0,0.0,0.0,0.0,0.0,0.0,0.0,0.0,0.0,0.0,0.0,0.0,0.0,0.0,0.0,0.0,0.0,0.0,0.0,0.0,0.0,0.0,0.0,0.0,0.0,0.0,0.0,0.0,0.0,0.0,0.0,0.0,0.0,0.0,0.0,0.0,0.0,0.0,0.0,0.0,0.06069651741293532,0.0,0.0,0.0,0.0,0.0,0.0,0.0,0.0,0.0,0.0,0.0,0.0,0.0,0.0,0.0,0.0,0.0,0.0,0.0,0.0,0.0,0.0,0.0,0.0,0.0,0.0,0.20597014925373133,0.0,0.0,0.0,0.0,0.0,0.0,0.0,0.0,0.0,0.0,0.0,0.0,0.0,0.0,0.0,0.0,0.0,0.0,0.0,0.0,0.0,0.0,0.0,0.0,0.0,0.0,0.0,0.0,0.0,0.0,0.0,0.1253731343283582,0.0,0.0,0.0009950248756218905,0.0,0.0,0.0,0.0,0.0,0.0,0.0,0.0,0.0,0.0,0.0,0.0,0.0,0.0,0.0,0.0,0.0,0.0,0.003980099502487562,0.0,0.0,0.0,0.0,0.0,0.0,0.0,0.0,0.0,0.0,0.0,0.0,0.0,0.0,0.0,0.0,0.0,0.0,0.0,0.0,0.0,0.0,0.0,0.0,0.0,0.0,0.0,0.0,0.0,0.0,0.0,0.0,0.0,0.0,0.001990049751243781,0.0,0.0,0.0,0.0,0.0,0.0,0.0,0.0,0.0,0.0,0.0,0.0,0.0,0.0,0.0,0.0,0.05472636815920398,0.0,0.0,0.0,0.0,0.43084577114427863,0.0,0.0,0.0,0.0,0.0,0.0,0.0,0.0,0.0,0.0,0.0,0.0,0.0,0.0,0.0,0.0,0.0009950248756218905,0.0,0.0,0.0,0.0,0.0,0.0,0.0009950248756218905,0.0,0.0,0.0,0.0,0.0,0.0,0.0,0.0,0.0,0.0,0.0,0.0,0.0,0.0,0.0,0.0,0.0,0.0,0.0,0.0,0.0,0.0,0.0,0.0,0.0,0.0,0.0,0.0,0.0,0.0,0.0,0.0,0.0,0.0,0.0,0.0,0.0,0.0,0.0,0.0,0.0,0.0,0.0,0.0,0.0,0.0,0.0,0.0,0.0,0.0,0.0,0.0,0.0,0.0,0.0,0.0,0.0,0.0,0.0,0.0,0.0,0.0,0.003980099502487562,0.0,0.0,0.0,0.0,0.0,0.0,0.021890547263681594,0.0,0.0,0.0,0.0,0.07960199004975124,0.0,0.0,0.0,0.0,0.0,0.0,0.0,0.0,0.0,0.0,0.0,0.0,0.0,0.0,0.0,0.0,0.0,0.0,0.0,0.0,0.0,0.0,0.0,0.0,0.0,0.005970149253731343,0.0,0.0,0.0,0.0,0.0,0.0,0.0,0.0,0.0,0.0,0.0,0.0,0.0009950248756218905,0.0,0.0,0.0,0.0,0.0,0.0,0.0009950248756218905,0.0,0.0,0.0,0.0,0.0,0.0,0.0,0.0,0.0,0.0,0.0,0.0
137 PH-an Pitx2 Glut,0.0,0.0,0.0,0.0,0.0,0.0,0.0,0.0,0.0,0.0,0.0,0.0,0.0,0.0,0.0,0.0,0.0,0.0,0.0,0.0,0.0,0.0,0.0,0.0,0.0,0.0,0.0,0.0,0.0,0.0,0.0,0.0,0.0,0.0,0.0,0.0,0.0,0.0,0.0,0.0,0.0,0.0,0.0,0.0,0.0,0.0,0.0,0.0,0.0,0.0,0.0,0.0,0.0,0.0,0.0035211267605633804,0.0,0.0,0.0,0.24295774647887325,0.0,0.0,0.0,0.0,0.0,0.0,0.0,0.0,0.0,0.0,0.0,0.0,0.0,0.0,0.0,0.0,0.0,0.0,0.0,0.0,0.0,0.0,0.0,0.0,0.0,0.0,0.10211267605633803,0.0,0.0,0.0,0.0,0.0,0.0,0.0,0.0,0.0,0.0,0.0,0.0,0.0,0.0,0.0,0.0,0.0,0.0,0.0,0.0,0.0,0.0,0.0,0.0,0.0,0.0,0.0,0.0035211267605633804,0.0,0.0,0.0,0.01056338028169014,0.0,0.0,0.0,0.0,0.0,0.0,0.0,0.0,0.0,0.0,0.0,0.0,0.0,0.007042253521126761,0.0,0.0,0.0,0.0,0.0,0.0,0.0,0.0,0.0,0.0,0.0,0.0,0.0,0.0,0.0,0.0,0.0,0.0,0.0,0.0,0.0,0.0,0.0,0.0,0.0,0.0,0.0,0.0,0.0,0.0,0.0,0.0,0.0,0.0,0.0,0.0,0.0,0.0,0.0,0.0,0.0,0.007042253521126761,0.0,0.0,0.0,0.0,0.0,0.0,0.0,0.014084507042253521,0.0,0.0,0.0,0.0,0.0,0.0,0.0,0.0,0.0,0.43309859154929575,0.0,0.0,0.0,0.0,0.0,0.0,0.0,0.0,0.0,0.0,0.0,0.0,0.0,0.0,0.0,0.0,0.0,0.0,0.0,0.0,0.0,0.0,0.0,0.0,0.0,0.0035211267605633804,0.0,0.0,0.13380281690140844,0.0035211267605633804,0.0,0.0,0.0,0.0,0.0,0.0,0.0,0.0,0.0,0.0,0.0,0.0,0.0,0.0,0.0,0.0,0.0,0.0,0.0,0.0,0.0,0.0,0.0,0.0,0.0,0.0,0.0035211267605633804,0.0,0.0,0.0,0.0,0.0,0.0,0.0,0.0,0.0,0.0,0.0,0.0,0.0,0.0,0.0,0.0,0.0,0.0,0.0,0.0,0.0,0.0,0.0,0.0,0.0,0.0,0.0,0.0,0.0,0.0,0.0,0.0,0.0,0.0,0.01056338028169014,0.0,0.0,0.0,0.0,0.0,0.0,0.0,0.0,0.0,0.0,0.0,0.0,0.0,0.0,0.017605633802816902,0.0,0.0,0.0,0.0,0.0,0.0,0.0,0.0,0.0,0.0,0.0,0.0,0.0,0.0,0.0,0.0,0.0,0.0,0.0,0.0,0.0,0.0,0.0,0.0,0.0,0.0,0.0,0.0,0.0,0.0,0.0,0.0,0.0,0.0,0.0,0.0,0.0,0.0,0.0,0.0,0.0,0.0,0.0,0.0,0.0,0.0,0.0,0.0,0.0035211267605633804,0.0,0.0,0.0,0.0,0.0,0.0
138 PH Pitx2 Glut,0.0,0.0,0.0,0.0,0.0,0.0,0.0,0.0,0.0,0.0,0.0,0.0,0.0,0.0,0.0,0.0,0.0,0.0006724949562878278,0.0,0.0,0.0006724949562878278,0.0,0.0,0.0,0.0,0.0,0.0,0.0,0.0,0.0,0.0,0.0,0.0,0.0,0.0,0.0,0.0,0.0,0.0,0.0,0.0,0.0006724949562878278,0.0,0.0,0.0,0.0,0.0,0.0,0.0,0.0,0.0,0.0,0.0,0.0,0.0,0.0,0.0,0.0,0.025554808338937456,0.0,0.0,0.0,0.0,0.0,0.0,0.0,0.0,0.0,0.0,0.0,0.0,0.0,0.0,0.0,0.0,0.0,0.0,0.0,0.0,0.0,0.0,0.0,0.0,0.0,0.0,0.09213180901143242,0.0,0.0,0.0,0.0,0.0,0.0,0.0,0.0,0.0,0.0,0.0,0.0,0.0,0.0,0.0,0.0,0.0,0.0,0.0,0.0,0.0,0.0,0.0,0.0,0.0,0.0,0.0,0.0,0.0,0.0,0.0013449899125756557,0.0026899798251513113,0.0,0.0,0.0,0.0,0.0,0.0,0.0,0.0,0.0,0.0,0.0,0.0,0.0,0.1284465366509751,0.0,0.0,0.0,0.0,0.0,0.0,0.0,0.0013449899125756557,0.0,0.0,0.0,0.0,0.0,0.0,0.004034969737726967,0.0,0.0,0.0,0.0,0.0006724949562878278,0.0,0.0,0.0006724949562878278,0.0,0.0,0.0,0.0,0.0,0.0,0.0,0.0,0.0,0.0,0.0,0.0,0.0,0.0,0.0006724949562878278,0.0,0.0,0.0,0.008069939475453935,0.0,0.0,0.0006724949562878278,0.0,0.0006724949562878278,0.0,0.0,0.0006724949562878278,0.0,0.0,0.0,0.0,0.0,0.0,0.0,0.0,0.0,0.6072629455279085,0.0,0.0,0.0,0.0,0.0026899798251513113,0.0,0.0,0.0,0.0,0.0,0.0,0.0,0.0,0.0,0.0,0.0,0.0,0.0,0.0,0.0,0.0,0.0033624747814391394,0.0,0.0,0.0,0.0,0.0,0.0,0.0020174848688634837,0.0,0.0,0.0,0.0,0.0,0.0,0.0,0.0,0.0,0.0,0.0,0.0006724949562878278,0.0,0.0,0.0,0.0,0.0,0.0006724949562878278,0.0,0.0,0.0,0.0,0.0,0.0,0.0,0.0,0.0,0.0013449899125756557,0.0,0.0,0.0,0.0,0.0,0.0,0.0,0.0,0.0,0.0,0.0,0.0,0.0,0.0,0.0,0.0,0.0020174848688634837,0.004034969737726967,0.0,0.0,0.0,0.0,0.0,0.0,0.0,0.0,0.0,0.0,0.0,0.0,0.0,0.0006724949562878278,0.0,0.0,0.01815736381977135,0.0,0.0,0.0,0.0,0.0,0.0,0.0,0.0,0.0,0.0,0.0,0.0,0.0,0.0,0.0020174848688634837,0.0,0.0,0.0,0.0,0.0,0.0,0.0006724949562878278,0.0,0.0,0.0,0.0,0.0,0.0,0.0,0.0,0.0,0.0,0.0,0.0,0.0,0.0,0.010087424344317418,0.004034969737726967,0.0,0.0,0.0,0.0,0.0,0.0,0.0,0.0,0.0,0.0,0.0,0.0,0.04438466711499664,0.0,0.0,0.0,0.0,0.0,0.0,0.0,0.0,0.0,0.0,0.0,0.0006724949562878278,0.025554808338937456,0.0,0.0,0.0,0.0,0.0,0.0
139 PH-LHA Foxb1 Glut,0.0,0.0,0.0,0.0,0.0,0.0,0.0,0.0,0.0,0.0,0.0,0.0,0.0,0.0,0.0,0.0,0.0,0.0,0.0,0.0,0.0,0.0,0.0,0.0,0.0,0.0,0.0,0.0,0.0,0.0,0.0,0.0,0.0,0.0,0.0,0.0,0.0,0.0,0.0,0.0,0.0,0.0,0.0,0.0,0.0,0.0,0.0,0.0,0.0,0.0,0.0,0.0,0.0,0.0011806375442739079,0.0,0.0,0.0,0.0,0.0035419126328217238,0.0,0.0,0.0,0.0,0.0,0.0,0.0,0.0,0.0,0.0,0.0,0.0,0.0,0.0,0.0,0.0,0.0,0.0,0.0,0.0,0.0,0.0,0.0,0.0,0.0,0.0,0.1204250295159386,0.0,0.0,0.0,0.0,0.0011806375442739079,0.0,0.0,0.0,0.0,0.0,0.0,0.0,0.0,0.0,0.0,0.0,0.0,0.0,0.0,0.0,0.0,0.0,0.0,0.0,0.0,0.0,0.0,0.0,0.0,0.0,0.0,0.5324675324675324,0.0,0.0,0.014167650531286895,0.0,0.0,0.0,0.0,0.0,0.0,0.0,0.0,0.0,0.0,0.03423848878394333,0.0,0.0,0.0,0.0023612750885478157,0.0,0.0,0.0,0.015348288075560802,0.0,0.0,0.0,0.0,0.0,0.0,0.004722550177095631,0.0,0.0,0.0,0.0,0.0,0.0,0.0,0.0,0.0,0.0,0.0,0.0,0.0,0.0,0.0,0.0,0.0,0.0,0.0,0.0,0.0,0.0,0.0,0.0,0.0,0.0,0.0023612750885478157,0.0070838252656434475,0.0,0.0,0.0,0.0,0.0,0.0,0.0,0.0,0.0,0.0,0.0,0.0,0.0,0.0,0.0,0.0,0.1487603305785124,0.0,0.0,0.0,0.0035419126328217238,0.018890200708382526,0.0,0.0,0.0,0.0,0.0,0.0,0.0,0.0,0.0,0.0,0.0,0.0,0.0,0.0,0.0,0.0,0.011806375442739079,0.0,0.0,0.0,0.0,0.0,0.0,0.0,0.0,0.0,0.0,0.0,0.0,0.0,0.0,0.0,0.0,0.0,0.0,0.0,0.0,0.0,0.0,0.0,0.0,0.0,0.0,0.0,0.0,0.0,0.0,0.0,0.0,0.0,0.0,0.0,0.0,0.0,0.0,0.0,0.0,0.0,0.0,0.0059031877213695395,0.0,0.0,0.0,0.0,0.0,0.0,0.0011806375442739079,0.0,0.0,0.0,0.0,0.0,0.0,0.0,0.0,0.0,0.0,0.0,0.0,0.0,0.0,0.0,0.0,0.0011806375442739079,0.0,0.0,0.011806375442739079,0.0,0.0,0.0,0.0,0.0011806375442739079,0.0,0.009445100354191263,0.0,0.0,0.0,0.0,0.0,0.0,0.0,0.0,0.0,0.0,0.0,0.0,0.0,0.0,0.0,0.0,0.0,0.0,0.0,0.0,0.0,0.0,0.0,0.0,0.0,0.0,0.0,0.0,0.0,0.0023612750885478157,0.0,0.0,0.0,0.0,0.0,0.0,0.0,0.0,0.0,0.0,0.0,0.0,0.0,0.020070838252656435,0.0,0.0011806375442739079,0.0,0.0,0.0,0.0,0.0011806375442739079,0.0,0.0,0.0023612750885478157,0.0,0.0070838252656434475,0.012987012987012988,0.0,0.0,0.0,0.0,0.0,0.0
140 PMd-LHA Foxb1 Glut,0.0,0.0,0.0,0.0,0.0,0.0,0.0,0.0,0.0,0.0,0.0,0.0,0.0,0.0,0.0,0.0,0.0,0.0,0.0,0.0,0.0,0.0,0.0,0.0,0.0,0.0,0.0,0.0,0.0,0.0,0.0,0.0,0.0,0.0,0.0,0.0,0.0,0.0,0.0,0.0,0.0,0.0,0.0,0.0,0.0,0.0,0.0,0.0,0.0,0.0,0.0,0.0,0.0,0.0,0.0,0.0,0.0,0.0,0.0297029702970297,0.0,0.0,0.0,0.0,0.0,0.0,0.0,0.0,0.0,0.0,0.0,0.0,0.0,0.0,0.0,0.0,0.0,0.0,0.0,0.0,0.0,0.0,0.0,0.0,0.0,0.0,0.1782178217821782,0.0,0.0,0.0,0.0,0.0,0.0,0.0,0.0,0.0,0.0,0.0,0.0,0.0,0.0,0.0,0.0,0.0,0.0,0.0,0.0,0.0,0.0,0.0,0.0,0.0,0.0,0.0,0.0,0.0,0.0,0.0,0.26732673267326734,0.0,0.0,0.0,0.0,0.0,0.0,0.0,0.0,0.0,0.0,0.0,0.0,0.0,0.0,0.0,0.0,0.0,0.0,0.0,0.0,0.0,0.0,0.0,0.0,0.0,0.0,0.0,0.0,0.0,0.0,0.0,0.0,0.0,0.0,0.0,0.0,0.0,0.0,0.0,0.0,0.0,0.0,0.0,0.0,0.0,0.0,0.0,0.0,0.0,0.0,0.0,0.0,0.0,0.0,0.0,0.0,0.018387553041018388,0.0,0.0,0.0,0.0,0.0,0.0,0.0,0.0,0.0,0.0,0.0,0.0,0.0,0.0,0.0,0.0,0.38613861386138615,0.0,0.0,0.0,0.0,0.05374823196605375,0.0,0.0,0.0,0.0,0.0,0.0,0.0,0.0,0.0,0.0,0.0,0.0,0.0,0.0,0.0,0.0,0.0,0.0,0.0,0.0,0.0,0.0,0.0,0.0,0.002828854314002829,0.0,0.0,0.0,0.0,0.0,0.0,0.0,0.0,0.0,0.0,0.0,0.0,0.0,0.0,0.0,0.0,0.0,0.0,0.0,0.0,0.0,0.0,0.0,0.0,0.0,0.0,0.0,0.0,0.0,0.0,0.0,0.0,0.0,0.0,0.0,0.0,0.0,0.0,0.0,0.0,0.0,0.0,0.0,0.0,0.0,0.0,0.0,0.0,0.0,0.0,0.0,0.0,0.0,0.0,0.0,0.0,0.0,0.0,0.0,0.0,0.0,0.0,0.0,0.0,0.0,0.0,0.0,0.0,0.021216407355021217,0.0,0.0,0.0,0.0,0.0297029702970297,0.0,0.0,0.0,0.0,0.0,0.0,0.0,0.0,0.0,0.0,0.0,0.0,0.0,0.0,0.0,0.0,0.0,0.0,0.0,0.0,0.0,0.0,0.0,0.0,0.0,0.0,0.0,0.0,0.0,0.0,0.0,0.0,0.0,0.0,0.0,0.0,0.0,0.0,0.0014144271570014145,0.0,0.0014144271570014145,0.0,0.0,0.0,0.0,0.0014144271570014145,0.0,0.0,0.0,0.0,0.008486562942008486,0.0,0.0,0.0,0.0,0.0,0.0,0.0
141 PH-SUM Foxa1 Glut,0.0,0.0,0.0,0.0,0.0,0.0,0.0,0.0,0.0,0.0,0.0,0.0,0.0,0.0,0.0,0.0,0.0,0.0,0.0,0.0,0.0,0.0,0.0,0.0,0.0,0.0,0.0,0.0,0.0,0.0,0.0,0.0,0.0,0.0,0.0,0.0,0.0,0.0,0.0,0.0,0.0,0.0,0.0,0.0,0.0,0.0,0.0,0.0,0.0,0.0,0.0,0.0,0.0,0.0,0.0,0.0,0.0,0.0,0.01950947603121516,0.0,0.0,0.0,0.0,0.0,0.0,0.0,0.0,0.0,0.0,0.0,0.0,0.0,0.0,0.0,0.0,0.0,0.0,0.0,0.0,0.0,0.0,0.0,0.0,0.0,0.0,0.05852842809364549,0.0,0.0,0.0,0.0,0.0,0.0,0.0,0.0,0.0,0.0,0.0,0.0,0.0,0.0,0.0,0.0,0.0,0.0,0.0,0.0,0.0,0.0,0.0,0.0,0.0,0.0,0.0,0.0,0.0,0.0,0.0,0.027870680044593088,0.0,0.0,0.0016722408026755853,0.0,0.0,0.0,0.0,0.0,0.0,0.0,0.0,0.0,0.0,0.07246376811594203,0.0,0.0,0.0,0.0,0.0,0.0,0.0,0.1750278706800446,0.0,0.0,0.0,0.0,0.0,0.0,0.0005574136008918618,0.0,0.0,0.0,0.0,0.0,0.0,0.0,0.0,0.0,0.0,0.0,0.0,0.0,0.0,0.0,0.0,0.0,0.0,0.0,0.0,0.0,0.0,0.0011148272017837235,0.0,0.0,0.0,0.0033444816053511705,0.0,0.0,0.0,0.0,0.0,0.0,0.0,0.0,0.0,0.0,0.0,0.0,0.0,0.0,0.0,0.0,0.0,0.41081382385730214,0.0,0.0,0.0,0.0,0.0,0.0,0.0,0.0,0.0,0.0,0.0,0.0,0.0,0.0,0.0,0.0,0.0,0.0,0.0,0.0,0.0,0.007246376811594203,0.0,0.0,0.0,0.0005574136008918618,0.0,0.0,0.017279821627647716,0.0,0.0,0.0,0.0,0.0,0.0,0.0,0.0,0.0,0.0011148272017837235,0.0,0.0,0.0,0.0,0.0,0.0,0.0,0.0,0.0,0.0,0.0,0.0,0.0,0.0,0.0,0.0,0.0,0.0,0.0,0.0,0.0,0.0,0.0,0.0,0.0,0.0,0.0,0.0,0.0,0.0,0.0,0.0,0.0,0.0,0.012263099219620958,0.002229654403567447,0.0,0.0,0.0,0.0,0.0,0.0,0.0,0.0,0.0,0.0,0.0,0.0,0.0,0.0005574136008918618,0.0,0.0,0.15105908584169453,0.0,0.0,0.0,0.0,0.002787068004459309,0.0,0.0,0.0,0.0,0.0,0.0,0.0,0.0,0.0,0.008361204013377926,0.0,0.0,0.0,0.0,0.0,0.0,0.0,0.0,0.0,0.0,0.0,0.0,0.0,0.0,0.0,0.0,0.0,0.0,0.0,0.0,0.0,0.0016722408026755853,0.0,0.0,0.0,0.0,0.0,0.0,0.0011148272017837235,0.0,0.0,0.0,0.0,0.0,0.0,0.0005574136008918618,0.0,0.0,0.0,0.0,0.0,0.0,0.0,0.0,0.0,0.0,0.0,0.0,0.022296544035674472,0.0,0.0,0.0,0.0,0.0,0.0
142 HY Gnrh1 Glut,0.0,0.0,0.0,0.0,0.0,0.0,0.017543859649122806,0.0,0.0,0.0,0.0,0.0,0.0,0.0,0.0,0.0,0.0,0.0,0.0,0.0,0.08771929824561403,0.0,0.0,0.0,0.0,0.0,0.0,0.0,0.05263157894736842,0.03508771929824561,0.0,0.0,0.0,0.0,0.0,0.0,0.0,0.0,0.0,0.0,0.0,0.0,0.0,0.0,0.0,0.0,0.0,0.0,0.0,0.0,0.0,0.0,0.0,0.0,0.0,0.0,0.0,0.0,0.0,0.0,0.0,0.0,0.0,0.0,0.0,0.0,0.0,0.0,0.0,0.0,0.0,0.0,0.0,0.0,0.0,0.0,0.0,0.0,0.0,0.0,0.0,0.0,0.0,0.0,0.0,0.15789473684210525,0.0,0.0,0.0,0.0,0.0,0.0,0.0,0.017543859649122806,0.0,0.0,0.0,0.03508771929824561,0.0,0.0,0.0,0.0,0.0,0.0,0.0,0.0,0.0,0.0,0.0,0.0,0.0,0.0,0.0,0.0,0.0,0.0,0.0,0.0,0.0,0.0,0.0,0.0,0.017543859649122806,0.0,0.0,0.03508771929824561,0.0,0.0,0.0,0.0,0.0,0.0,0.0,0.0,0.0,0.0,0.017543859649122806,0.0,0.0,0.0,0.0,0.0,0.0,0.0,0.03508771929824561,0.0,0.0,0.3684210526315789,0.0,0.0,0.0,0.0,0.03508771929824561,0.0,0.0,0.0,0.0,0.0,0.0,0.0,0.0,0.0,0.017543859649122806,0.0,0.0,0.0,0.0,0.0,0.0,0.0,0.0,0.0,0.0,0.0,0.0,0.0,0.0,0.0,0.0,0.0,0.0,0.0,0.0,0.0,0.0,0.0,0.0,0.0,0.0,0.0,0.0,0.0,0.0,0.0,0.0,0.0,0.0,0.0,0.0,0.0,0.0,0.0,0.0,0.0,0.0,0.0,0.0,0.0,0.0,0.0,0.0,0.0,0.0,0.0,0.0,0.0,0.0,0.0,0.0,0.0,0.0,0.0,0.0,0.0,0.0,0.0,0.0,0.0,0.0,0.0,0.0,0.0,0.0,0.0,0.0,0.0,0.0,0.0,0.0,0.0,0.0,0.0,0.0,0.0,0.0,0.0,0.0,0.0,0.0,0.0,0.0,0.0,0.0,0.0,0.0,0.0,0.0,0.0,0.0,0.0,0.0,0.0,0.0,0.03508771929824561,0.0,0.0,0.0,0.0,0.0,0.0,0.0,0.0,0.0,0.0,0.0,0.0,0.0,0.0,0.0,0.0,0.0,0.017543859649122806,0.0,0.0,0.0,0.0,0.0,0.0,0.0,0.0,0.0,0.0,0.0,0.0,0.0,0.017543859649122806,0.0,0.0,0.0,0.0,0.0,0.0,0.0,0.0,0.0,0.0,0.0,0.0,0.0,0.0,0.0,0.0,0.0,0.0,0.0,0.0,0.0,0.0,0.0,0.0,0.0,0.0,0.0,0.0,0.0,0.0,0.0,0.0,0.0,0.0,0.0,0.0,0.0,0.0,0.0,0.0,0.0,0.0,0.0,0.0,0.0,0.0,0.0,0.0,0.0,0.0,0.0,0.0,0.0,0.0,0.0,0.0,0.0,0.0
143 MM-ant Foxb1 Glut,0.0,0.0,0.0,0.0,0.0,0.0,0.0,0.0,0.0,0.0,0.0,0.0,0.0,0.0,0.0,0.0,0.0,0.0,0.0,0.0,0.0,0.0,0.0,0.0,0.0,0.0,0.0,0.0,0.0,0.0,0.0,0.0,0.0,0.0,0.0,0.0,0.0,0.0,0.0,0.0,0.0,0.0,0.0,0.0,0.0,0.0,0.0,0.0,0.0,0.0,0.0,0.0,0.0,0.0,0.0,0.0,0.0,0.0,0.0,0.0,0.0,0.0,0.0,0.0,0.0,0.0,0.0,0.0,0.0,0.0,0.0,0.0,0.0,0.0,0.0,0.0,0.0,0.0,0.0,0.0,0.0,0.0,0.0,0.0,0.0,0.05507246376811594,0.0,0.0,0.0,0.0,0.0,0.0,0.0,0.0,0.0,0.0,0.0,0.0,0.0,0.0,0.0,0.0,0.0,0.0,0.0,0.0,0.0,0.0,0.0,0.0,0.0,0.0,0.0,0.0,0.0,0.0,0.0,0.001932367149758454,0.0,0.0,0.001932367149758454,0.0,0.0,0.0,0.0,0.0,0.0,0.0,0.0,0.0,0.0,0.000966183574879227,0.0,0.0,0.0,0.0,0.0,0.0,0.0,0.20579710144927535,0.0,0.0,0.0,0.0,0.0,0.0,0.0,0.0,0.0,0.0,0.0,0.0,0.0,0.0,0.0,0.0,0.0,0.0,0.0,0.0,0.0,0.0,0.0,0.0,0.0,0.0,0.0,0.0,0.0,0.0,0.0,0.0,0.0,0.0,0.0,0.0,0.0,0.0,0.0,0.0,0.0,0.0,0.0,0.0,0.0,0.0,0.0,0.0,0.0,0.0,0.0,0.012560386473429951,0.0,0.0,0.0,0.2608695652173913,0.14879227053140096,0.0,0.0,0.0,0.0,0.0,0.0,0.0,0.0,0.0,0.0,0.0,0.0,0.0,0.0,0.0,0.0,0.0,0.0,0.0,0.0,0.0,0.0,0.0,0.0,0.14009661835748793,0.0,0.0,0.0,0.0,0.0,0.0,0.0,0.0,0.0,0.0,0.0,0.0,0.0,0.0,0.0,0.0,0.0,0.0,0.0,0.0,0.0,0.0,0.0,0.0,0.0,0.0,0.0,0.0,0.0,0.0,0.0,0.0,0.0,0.0,0.0,0.0,0.0,0.0,0.0,0.0,0.0,0.0,0.0,0.0,0.0,0.0,0.0,0.0,0.0,0.0,0.0,0.0,0.0,0.0,0.0,0.0,0.0,0.0,0.0,0.0,0.0,0.000966183574879227,0.0,0.0,0.0,0.0,0.0,0.12173913043478261,0.0,0.0,0.0,0.0,0.0,0.0,0.0,0.0,0.0463768115942029,0.0,0.0,0.0,0.0,0.0,0.0,0.0,0.0,0.0,0.0,0.0,0.0,0.0,0.0,0.0,0.0,0.0,0.0,0.0,0.0,0.0,0.0,0.0,0.0,0.0,0.0,0.0,0.0,0.0,0.0,0.0,0.0,0.0,0.0,0.0,0.0,0.0,0.000966183574879227,0.0,0.0,0.0,0.0,0.0,0.0,0.0,0.0,0.0,0.001932367149758454,0.0,0.0,0.0,0.0,0.0,0.0,0.0
144 MM Foxb1 Glut,0.0,0.0,0.0,0.0,0.0,0.0,0.0,0.0,0.0,0.0,0.0,0.0,0.0,0.0,0.0,0.0,0.0,0.0,0.0,0.0,0.0,0.0,0.0,0.0,0.0,0.0,0.0,0.0,0.0,0.0,0.0,0.0,0.0,0.0,0.0,0.0,0.0,0.0,0.0,0.0,0.0,0.0,0.0,0.0,0.0,0.0,0.0,0.0,0.0,0.0,0.0,0.0,0.0,0.0,0.0,0.0,0.0,0.0,0.0,0.0,0.0,0.0,0.0,0.0,0.0,0.0,0.0,0.0,0.0,0.0,0.0,0.0,0.0,0.0,0.0,0.0,0.0,0.0,0.0,0.0,0.0,0.0,0.0,0.0,0.0,0.03978576893649579,0.0,0.0,0.0,0.0,0.0,0.0,0.0,0.0,0.0,0.0,0.0,0.0,0.0,0.0,0.0,0.0,0.0,0.0,0.0,0.0,0.0,0.0,0.0,0.0,0.0,0.0,0.0,0.0,0.0,0.0,0.0,0.0007651109410864575,0.0,0.0,0.006885998469778117,0.0,0.0,0.0,0.0,0.0,0.0,0.0,0.0,0.0,0.0,0.0,0.0,0.0,0.0,0.0,0.0,0.0,0.0,0.8569242540168325,0.0,0.0,0.0,0.0,0.0,0.0,0.0,0.0,0.0,0.0,0.0,0.0,0.0,0.0,0.0,0.0,0.0,0.0,0.0,0.0,0.0,0.0,0.0,0.0,0.0,0.0,0.0,0.0,0.0,0.0,0.0,0.0,0.0,0.0,0.0,0.0,0.0,0.0,0.0,0.0,0.0,0.0,0.0,0.0,0.0,0.0,0.0,0.0,0.0,0.0,0.0,0.005738332058148432,0.0,0.0,0.0,0.05470543228768172,0.025631216526396328,0.0,0.0,0.0,0.0,0.0,0.0,0.0,0.0,0.0,0.0,0.0,0.0,0.0,0.0,0.0,0.0,0.0,0.0,0.0,0.0,0.0,0.0,0.0,0.0,0.0022953328232593728,0.0,0.0,0.0,0.0,0.0,0.0,0.0,0.0,0.0,0.0,0.0,0.0,0.0,0.0,0.0,0.0,0.0,0.0,0.0,0.0,0.0,0.0,0.0,0.0,0.0,0.0,0.0,0.0,0.0,0.0,0.0,0.0,0.0,0.0,0.0,0.0,0.0,0.0,0.0,0.0,0.0,0.0,0.0,0.0,0.0,0.0,0.0,0.0,0.0,0.0,0.0,0.0,0.0,0.0,0.0,0.0,0.0,0.0,0.0,0.0,0.0,0.0026778882938026014,0.0,0.0,0.0,0.0,0.0,0.00038255547054322876,0.0,0.0,0.0,0.0,0.0,0.0,0.0,0.0,0.0,0.0,0.0,0.0,0.0,0.0,0.0,0.0,0.0,0.0,0.0,0.0,0.0,0.0,0.0,0.0,0.0,0.0,0.0,0.0,0.0,0.0,0.0,0.0,0.0,0.0,0.0,0.0,0.0,0.0,0.0,0.0,0.0,0.0,0.0,0.0,0.0,0.0,0.00038255547054322876,0.0,0.0,0.0,0.0,0.0,0.0,0.0,0.0,0.0,0.0,0.0034429992348890587,0.0,0.0,0.0,0.00038255547054322876,0.0,0.0
145 MH Tac2 Glut,0.0,0.0,0.0,0.0,0.0,0.0,0.0,0.0,0.0,0.0,0.0,0.0,0.0,0.0,0.0,0.0,0.0,0.0,0.0,0.0,0.0,0.0,0.0,0.0,0.0,0.0,0.0,0.0,0.0,0.0,0.0,0.0,0.0,0.0,0.0,0.0,0.0,0.0,0.0,0.0,0.0,0.0,0.0,0.0,0.0,0.0,0.0,0.0,0.0,0.0,0.0,0.0,0.0,0.0,0.0,0.0,0.0,0.0006388415672913117,0.0,0.0,0.0,0.0,0.0,0.0,0.0,0.0,0.0,0.0,0.0,0.0,0.0,0.0,0.0,0.0,0.0,0.0,0.0,0.0,0.0,0.0,0.0,0.0,0.0,0.0,0.0,0.0,0.0,0.0,0.0,0.0,0.0,0.0,0.0,0.0,0.0,0.0,0.0,0.0,0.0,0.0,0.0,0.0,0.0,0.0,0.0,0.0,0.0,0.0,0.0,0.0,0.0,0.0,0.0,0.0,0.0,0.0,0.002555366269165247,0.0,0.0,0.0,0.0,0.00021294718909710392,0.0,0.0,0.0,0.0,0.0,0.0,0.0,0.0,0.0,0.0,0.00021294718909710392,0.0,0.0,0.0,0.0,0.0,0.9378194207836457,0.0,0.0,0.0,0.0,0.0,0.0,0.0,0.0,0.0,0.0,0.0,0.0,0.0,0.0,0.0,0.0,0.0,0.0,0.0,0.0,0.0,0.0,0.0,0.0,0.0,0.0,0.0,0.0,0.0,0.0,0.0,0.0,0.0,0.0,0.0,0.0,0.0,0.0,0.0,0.0,0.0,0.0,0.0,0.0,0.0,0.0,0.0,0.0,0.0,0.0,0.0,0.0,0.0,0.0,0.0,0.0,0.0,0.0,0.0,0.00021294718909710392,0.0,0.0,0.0,0.0,0.0,0.0,0.0,0.0,0.0,0.0,0.0,0.0,0.0,0.0,0.0,0.0,0.0,0.0,0.0,0.0,0.0,0.0,0.0,0.0,0.0,0.0,0.0,0.0,0.0,0.0,0.0,0.0,0.0,0.0,0.0,0.0,0.0,0.0,0.0,0.0,0.0,0.0,0.0,0.0,0.0,0.0,0.0,0.0,0.0,0.0,0.0,0.0,0.0,0.0,0.0,0.0,0.0,0.0,0.0,0.0,0.0,0.0,0.0,0.0,0.0,0.0,0.0,0.0,0.0,0.0,0.0,0.0,0.0,0.0,0.0,0.0,0.0,0.0,0.0,0.0,0.0,0.0,0.0,0.0,0.0,0.0,0.0,0.0,0.0,0.00042589437819420784,0.0,0.0,0.0,0.0,0.0,0.0,0.0,0.0,0.0,0.028109028960817718,0.0,0.0,0.0,0.0,0.0,0.0,0.0,0.0,0.0,0.0,0.0,0.0,0.0,0.0,0.0,0.0,0.0,0.0,0.0,0.0,0.0,0.0,0.0,0.0,0.0,0.0,0.0,0.0,0.0,0.0,0.0,0.0,0.0,0.0,0.0,0.0,0.0,0.009795570698466781,0.0,0.0,0.0,0.004471890971039182,0.0,0.0,0.0,0.0,0.0,0.0,0.015545144804088586,0.0,0.0,0.0,0.0,0.0,0.0
146 LH Pou4f1 Sox1 Glut,0.0,0.0,0.0,0.0,0.0,0.0,0.0,0.0,0.0,0.0,0.0,0.0009372071227741331,0.0,0.0,0.0,0.0,0.0,0.0,0.0,0.0,0.0,0.0,0.0,0.0,0.0,0.0,0.0,0.0,0.0,0.0,0.0,0.0,0.0,0.0,0.0,0.0,0.0,0.0,0.0,0.0,0.0,0.0,0.0,0.0,0.0,0.0,0.0,0.0,0.0,0.0,0.0,0.0,0.0,0.0,0.0,0.0,0.0,0.004686035613870665,0.0,0.0,0.0,0.0,0.0,0.0,0.0,0.0,0.0,0.0,0.0,0.0,0.0,0.0,0.0,0.0,0.0,0.0,0.0,0.0,0.0,0.0,0.0,0.0,0.0,0.0,0.0,0.0,0.0,0.0,0.0,0.0,0.0,0.0,0.0,0.0,0.0,0.0,0.0,0.0,0.0,0.0,0.0,0.0,0.0,0.0,0.0,0.0,0.0,0.0,0.0,0.0,0.0,0.0,0.0,0.0,0.0,0.0,0.7975632614807873,0.0,0.0,0.0,0.0,0.0,0.0,0.0,0.0,0.0,0.0,0.0,0.0,0.0,0.0,0.0009372071227741331,0.0037488284910965324,0.0,0.0,0.0,0.0,0.0,0.05529522024367385,0.0,0.0,0.0,0.0,0.0,0.0,0.0,0.0,0.0,0.0,0.0,0.0,0.0,0.0,0.0,0.0,0.0,0.0,0.0,0.0,0.0,0.0,0.0,0.0,0.0,0.0,0.0,0.0,0.0,0.0,0.0,0.0,0.0,0.0,0.00937207122774133,0.0,0.0,0.0,0.0,0.0,0.0,0.0,0.0,0.0,0.0,0.0,0.0,0.005623242736644799,0.0,0.0,0.0,0.0,0.0,0.0,0.0,0.0,0.0,0.0,0.0,0.0,0.0,0.0,0.0,0.0,0.0,0.0,0.0,0.0,0.0,0.0,0.0,0.0,0.0,0.0,0.0,0.0,0.0,0.0,0.0,0.0,0.0,0.0,0.0,0.0,0.0,0.0,0.0,0.0,0.0009372071227741331,0.0,0.0,0.0,0.0,0.0,0.0,0.0,0.0,0.0,0.0,0.0,0.0,0.0,0.0,0.0,0.0,0.0,0.0,0.0,0.0,0.0,0.0,0.0,0.0,0.0,0.0,0.0,0.0,0.0,0.0,0.0,0.0,0.0,0.0,0.0,0.0,0.0,0.0018744142455482662,0.0,0.0,0.0,0.0,0.0,0.0,0.0,0.0,0.0,0.0,0.0,0.0,0.0,0.0,0.0,0.0,0.0,0.0,0.0,0.0,0.0,0.0,0.00937207122774133,0.0,0.0,0.0,0.0,0.0,0.0,0.0,0.0,0.0,0.0009372071227741331,0.0,0.0,0.0,0.0,0.0,0.0,0.0,0.0,0.0,0.0,0.0,0.0,0.0,0.0,0.0,0.0,0.0,0.0,0.0,0.0,0.0,0.0,0.0,0.0,0.0,0.0,0.0,0.0,0.0,0.0,0.0,0.0,0.0,0.0,0.0,0.0,0.0,0.006560449859418931,0.0,0.0,0.0,0.0,0.0,0.0,0.0,0.0,0.0,0.0,0.1021555763823805,0.0,0.0,0.0,0.0,0.0,0.0
147 AD Serpinb7 Glut,0.0,0.0,0.0,0.0,0.0,0.8705882352941177,0.0,0.0,0.0,0.0,0.0,0.0025210084033613447,0.0,0.0,0.0,0.0,0.0,0.0,0.0,0.0,0.0,0.0,0.0,0.0,0.0,0.0,0.0,0.0,0.0,0.0,0.0,0.0,0.0,0.0,0.0,0.0,0.0,0.0,0.0,0.0,0.0,0.0,0.0,0.0,0.0,0.0,0.0,0.0,0.0,0.0,0.0,0.0,0.0,0.0,0.0,0.0,0.0,0.018487394957983194,0.0,0.0,0.0,0.0,0.0,0.0,0.0,0.0,0.0,0.0,0.0,0.0,0.0,0.0,0.0,0.0,0.0,0.0,0.0,0.0,0.0,0.0,0.0,0.0,0.0,0.0,0.0,0.0,0.0,0.0,0.0,0.0,0.0,0.0,0.0,0.0,0.0,0.0,0.0,0.0,0.0,0.0,0.0,0.0,0.0,0.0,0.0,0.0,0.0,0.0,0.0,0.0,0.0,0.0,0.0033613445378151263,0.0,0.0,0.0,0.0,0.0,0.0,0.0,0.0,0.0,0.0,0.0,0.0,0.0,0.0,0.0,0.0,0.0,0.0,0.0,0.0,0.0,0.0,0.0,0.0,0.0,0.0,0.0,0.0,0.0,0.0,0.0,0.0,0.0,0.0,0.0,0.0,0.0,0.0,0.0,0.0,0.0,0.0,0.0,0.0,0.0,0.0,0.0,0.0,0.0,0.0,0.0,0.0,0.0,0.0,0.0,0.0,0.0,0.0,0.0,0.0,0.0,0.0,0.0,0.0,0.0,0.0,0.0,0.0,0.0,0.0,0.0,0.0,0.0,0.0,0.0,0.0,0.0,0.0,0.0,0.0,0.0,0.0,0.0,0.0,0.0,0.0,0.0,0.0,0.0,0.0,0.0,0.0,0.0,0.0,0.0,0.0,0.0,0.0,0.0,0.0,0.0,0.0,0.0,0.0,0.0,0.0,0.0,0.0,0.0,0.0,0.0,0.0,0.0,0.0,0.0,0.0,0.0,0.0,0.0,0.0,0.0,0.0,0.0,0.0,0.0,0.0,0.0,0.0,0.0,0.0,0.0,0.0,0.0,0.0,0.0,0.0,0.0,0.0,0.0,0.0,0.0,0.0,0.0,0.0,0.0,0.0,0.0,0.0,0.0,0.0,0.0,0.0,0.0,0.0,0.0,0.0,0.0,0.0,0.0,0.0,0.0,0.0,0.0,0.0,0.0,0.0,0.0,0.0,0.0,0.0,0.0,0.0,0.0,0.0,0.0,0.0025210084033613447,0.0,0.0,0.0,0.0,0.0,0.0,0.0,0.0,0.0,0.0,0.0,0.0,0.0,0.0,0.0,0.0,0.0,0.0,0.0,0.0,0.0,0.0,0.0,0.0,0.0,0.0,0.0,0.0,0.0,0.0,0.0,0.0,0.0,0.0,0.0,0.0,0.0,0.0,0.0,0.0,0.0,0.0,0.0,0.0,0.0,0.0,0.0,0.029411764705882353,0.0,0.0,0.0,0.0,0.0,0.0,0.0,0.0,0.0,0.0025210084033613447,0.07058823529411765,0.0,0.0,0.0,0.0,0.0,0.0
148 AV Col27a1 Glut,0.0,0.0,0.0,0.0,0.0,0.03484320557491289,0.0,0.0,0.0,0.0,0.0,0.0040650406504065045,0.0,0.0,0.0,0.0,0.0,0.0,0.0,0.0,0.0,0.0,0.0,0.0,0.0,0.0,0.0,0.7038327526132404,0.0,0.0,0.0,0.0,0.0,0.0,0.0,0.0,0.0,0.0,0.0,0.0,0.0,0.0,0.006968641114982578,0.0,0.0,0.0,0.0,0.0,0.0,0.0,0.0,0.0,0.0,0.0,0.0,0.0,0.0,0.0,0.0,0.0,0.0,0.0,0.0,0.0,0.0,0.0,0.0,0.0,0.0,0.0,0.0,0.0,0.0,0.0,0.0,0.0,0.0,0.0,0.0,0.0,0.0,0.0,0.0,0.0,0.0,0.0,0.0,0.0,0.009291521486643438,0.0,0.0,0.0,0.0,0.0,0.0,0.0,0.0,0.0,0.0,0.0,0.0,0.0,0.0,0.0,0.0,0.0,0.0,0.0,0.0,0.0,0.0,0.0,0.1835075493612079,0.0,0.0,0.0,0.0,0.0,0.0,0.0,0.0,0.0,0.0,0.0,0.0,0.0,0.0,0.0,0.0,0.0,0.0,0.0,0.0,0.0,0.0,0.0,0.0,0.0,0.0,0.0,0.0,0.0,0.0,0.0,0.0,0.0,0.0,0.0,0.0,0.0,0.0,0.0,0.0,0.0,0.0,0.0,0.0,0.0,0.0,0.0,0.0,0.0,0.0,0.0,0.0,0.0,0.0,0.0,0.0,0.0,0.0,0.0,0.0,0.0,0.0,0.0,0.0,0.0,0.0,0.0,0.0,0.0,0.0,0.0,0.0,0.0,0.0,0.0,0.0,0.0,0.0,0.0,0.0,0.0,0.0,0.0,0.0,0.0,0.0,0.0,0.0,0.0,0.0,0.0,0.0,0.0,0.0,0.0,0.0,0.0,0.0,0.0,0.0,0.0,0.0,0.0,0.0,0.0,0.0,0.0,0.0,0.0,0.0,0.0,0.0,0.0,0.0,0.0,0.0,0.0,0.0,0.0,0.0,0.0,0.0,0.0,0.0,0.0,0.0,0.0,0.0,0.0,0.0,0.0,0.0,0.0,0.0,0.0,0.0,0.0,0.0,0.0,0.0,0.0,0.0,0.0,0.0,0.0,0.0,0.0,0.0,0.0,0.0,0.0,0.0,0.0,0.0,0.0,0.0,0.0,0.0,0.0,0.0,0.0,0.0,0.0,0.0,0.0,0.0,0.0,0.0,0.0,0.0,0.0,0.0,0.0,0.0,0.0,0.016260162601626018,0.0,0.0,0.0,0.0,0.0,0.0,0.0,0.0,0.0,0.0,0.0,0.0,0.018002322880371662,0.0,0.0,0.0,0.0,0.0,0.0,0.0,0.0,0.0,0.0,0.0,0.0,0.0,0.0,0.0,0.0,0.0,0.0,0.0,0.0,0.0,0.0,0.0,0.0,0.0,0.0,0.0,0.0,0.0,0.0,0.0,0.0,0.0,0.0,0.020905923344947737,0.0,0.0,0.0,0.0,0.0,0.0,0.0,0.0,0.0,0.0023228803716608595,0.0,0.0,0.0,0.0,0.0,0.0,0.0
149 PVT-PT Ntrk1 Glut,0.0,0.0,0.0,0.0,0.0,0.00023912003825920613,0.0,0.0,0.0,0.0,0.0,0.004543280726924916,0.0,0.0,0.0,0.0,0.0,0.0,0.0,0.0,0.0,0.0,0.0,0.0,0.0,0.0,0.0,0.0,0.0,0.0,0.0,0.0,0.0,0.0,0.0,0.0,0.0,0.0,0.0,0.0,0.0,0.0,0.0014347202295552368,0.0,0.0,0.020086083213773313,0.0,0.0,0.0,0.0,0.0,0.0,0.0,0.0,0.0,0.0,0.0,0.0,0.0,0.0,0.0,0.0,0.0,0.0,0.0,0.0,0.0,0.0,0.0,0.0,0.0,0.0,0.00023912003825920613,0.0,0.0,0.0,0.0,0.0,0.0,0.0,0.0,0.0,0.0,0.0,0.0,0.006695361071257772,0.0,0.0,0.006695361071257772,0.017455762792922047,0.0,0.0,0.0,0.0,0.0,0.0,0.0,0.0,0.0,0.016977522716403636,0.0,0.0,0.0,0.0,0.0,0.0,0.0,0.0,0.0,0.0,0.0,0.0,0.00047824007651841227,0.0,0.0,0.0,0.0014347202295552368,0.0,0.0,0.0,0.0,0.00023912003825920613,0.0,0.0,0.0,0.0,0.0,0.0,0.0,0.0,0.0,0.0,0.08393113342898136,0.0,0.0,0.0,0.0,0.0,0.003825920612147298,0.0,0.0,0.0,0.0,0.0,0.0,0.0,0.0,0.0,0.0,0.0,0.0,0.0,0.0,0.0,0.0,0.0,0.0,0.0,0.0,0.0,0.0,0.0,0.0,0.0,0.0,0.0,0.0,0.0,0.0,0.0,0.0,0.0,0.0,0.0026303204208512673,0.0,0.0,0.0,0.0,0.0,0.0,0.0,0.0,0.00023912003825920613,0.0,0.0,0.0,0.0009564801530368245,0.0,0.0,0.0,0.0,0.0,0.0,0.0,0.0,0.0,0.0,0.0,0.0,0.0,0.0,0.0,0.0,0.0,0.0,0.00047824007651841227,0.0,0.0,0.0,0.0,0.0,0.0,0.0,0.0,0.0,0.08847441415590626,0.0031085604973696795,0.0014347202295552368,0.5535628885700622,0.0,0.0,0.0,0.0,0.0,0.0,0.0,0.0,0.0,0.0,0.0,0.030607364897178385,0.018651362984218076,0.0,0.0,0.0,0.0,0.0,0.0,0.0,0.0,0.0,0.0,0.0,0.0,0.0,0.0,0.0,0.0,0.0,0.0,0.0,0.0,0.0,0.0,0.0,0.0,0.0,0.0,0.0,0.0,0.003825920612147298,0.0,0.0,0.0,0.0,0.0026303204208512673,0.0,0.0,0.0,0.0,0.0,0.0,0.0,0.0,0.0,0.0,0.0,0.0,0.0,0.0,0.0,0.0,0.0,0.0,0.0,0.0,0.0,0.0,0.08010521281683405,0.0,0.0,0.0,0.0,0.0,0.0,0.0,0.0,0.0,0.013151602104256336,0.0,0.0,0.0,0.0,0.0,0.0,0.0,0.0,0.0,0.0,0.0,0.0,0.0,0.0,0.0,0.0,0.0,0.0,0.0,0.0,0.0,0.0,0.0,0.0,0.0,0.0,0.0,0.0009564801530368245,0.0,0.0,0.0,0.0,0.0,0.022477283596365374,0.0,0.0,0.0,0.00047824007651841227,0.0,0.0,0.0,0.0,0.0,0.0,0.0,0.0011956001912960307,0.0,0.0,0.010760401721664276,0.0,0.0,0.0,0.0,0.0,0.0
150 CM-IAD-CL-PCN Sema5b Glut,0.0,0.0,0.0,0.0,0.0,0.0031446540880503146,0.0,0.0,0.0,0.0,0.0,0.00714694110920526,0.0,0.0,0.0,0.0,0.0,0.0,0.0,0.0,0.0,0.0,0.0,0.0,0.0,0.0,0.0,0.002287021154945683,0.0,0.0,0.0,0.0,0.0,0.0,0.0,0.0,0.0,0.0,0.0,0.0,0.0,0.0,0.08204688393367639,0.0,0.0,0.17352773013150372,0.0,0.0,0.0,0.0,0.0,0.0,0.0,0.0,0.0,0.0,0.0,0.0,0.0,0.0,0.0,0.0,0.0,0.0,0.0,0.0,0.0,0.0,0.0,0.0,0.0,0.0,0.0037164093767867354,0.0,0.0,0.0,0.0,0.0,0.0,0.0,0.0,0.0,0.0,0.0,0.0,0.0002858776443682104,0.0,0.0,0.052601486563750716,0.014579759862778732,0.0,0.0,0.0,0.0,0.0,0.0,0.0,0.0,0.0,0.04831332189822756,0.0,0.0,0.0,0.0,0.0,0.0,0.0,0.0,0.0,0.0,0.0,0.0,0.025443110348770726,0.0,0.0,0.0,0.002858776443682104,0.0,0.0,0.0,0.0,0.002001143510577473,0.0,0.0,0.0,0.0,0.0,0.0,0.0,0.0,0.0,0.0002858776443682104,0.3567753001715266,0.0,0.0,0.0,0.0,0.0,0.0002858776443682104,0.0,0.0,0.0,0.0,0.0,0.0,0.0,0.0,0.0,0.0,0.0,0.0,0.0,0.0,0.0,0.0,0.0,0.0,0.0,0.0,0.0,0.0,0.0,0.0,0.0,0.0,0.0,0.0,0.0,0.0,0.0,0.0,0.0,0.0,0.0,0.0,0.0,0.0,0.0,0.0,0.0,0.0,0.0,0.014865637507146942,0.0,0.0,0.0,0.002001143510577473,0.0,0.0,0.0,0.0,0.0,0.0,0.0,0.0,0.0,0.0,0.0,0.0031446540880503146,0.0017152658662092624,0.0,0.0,0.0,0.0,0.0,0.0002858776443682104,0.0,0.0,0.0,0.0,0.0,0.0,0.0,0.0,0.0,0.05546026300743282,0.0,0.0,0.12550028587764436,0.0,0.0,0.0,0.0,0.0,0.0,0.0,0.0,0.0005717552887364208,0.0,0.0,0.0,0.001429388221841052,0.0,0.0,0.0,0.0,0.0,0.0,0.0,0.0,0.0,0.0,0.0,0.0,0.0,0.0,0.0,0.0,0.0,0.0,0.0,0.0,0.0,0.0,0.0,0.0,0.0,0.0,0.0,0.0,0.0005717552887364208,0.0,0.0,0.0,0.0,0.0,0.0,0.0,0.0,0.0,0.0,0.0,0.0,0.0,0.0,0.0,0.0,0.0,0.0,0.0,0.0,0.0,0.0,0.0,0.0,0.0,0.0,0.0,0.004859919954259577,0.0,0.0,0.0,0.0,0.0,0.0,0.0,0.0,0.0,0.0,0.0,0.0,0.0,0.0,0.0,0.0,0.0,0.0,0.0,0.0,0.0,0.0,0.0,0.0,0.0,0.0,0.0,0.0,0.0,0.0,0.0,0.0,0.0,0.0,0.0,0.0,0.0,0.0008576329331046312,0.0,0.0,0.0,0.0,0.0,0.008862206975414523,0.0,0.0,0.0,0.0002858776443682104,0.0,0.0,0.0,0.0,0.0,0.0,0.0,0.0,0.0,0.0,0.004288164665523156,0.0,0.0,0.0,0.0,0.0,0.0
151 TH Prkcd Grin2c Glut,0.0,0.0,0.0,0.0,0.0,0.0004571080298643913,0.0,0.0,0.0,0.0,0.0,0.026461475951038652,0.0,0.0,0.0,0.0,0.0,0.0005840824826045,0.0,0.0,0.0,0.0,0.0,0.0,0.0,0.0,0.0,0.006628066433033673,0.0,0.0,0.0,0.0,0.0,0.0,0.0,0.0,0.0,0.0,0.003275940880694804,0.0,0.0,0.0,0.02222052922951902,0.0,0.0,0.007008989791254,0.0,0.0,0.0,2.5394890548021737e-05,0.0,0.0,0.0,0.0,0.0,0.0,0.0,0.0037076540200111736,0.0,0.0,0.0,0.0,0.0,2.5394890548021737e-05,0.0,0.0,0.0,0.0,0.0,0.0,0.0,0.0,0.012773629945654934,0.0,0.0,0.0,0.0,0.0,0.0,0.0,0.0,0.0,0.0,0.0,2.5394890548021737e-05,0.0002539489054802174,0.0,0.0,0.007643862054954543,0.0011935598557570217,0.0,0.0,0.0,0.0,0.0021585656965818476,0.0,0.0,0.0012951394179491085,0.0,0.00949768906496013,0.0,0.0,0.0,0.0,0.0,0.0,0.0,0.0,0.001269744527401087,0.0,0.0,0.0,0.06907410229061912,0.0,0.0671694854995175,0.003021991975214587,0.0005586875920564783,0.0,0.0,0.0,0.0,0.10861394687388898,0.0,0.0,0.0,0.0,0.0,2.5394890548021737e-05,0.0,0.0,0.0,0.0004063182487683478,0.08588551983340952,0.0,0.0,0.0,0.0,0.03959063436436589,5.0789781096043474e-05,0.0,0.0,0.0,0.0,0.0,0.0,0.0,5.0789781096043474e-05,0.0,0.0,0.0,0.0,0.00010157956219208695,0.0,0.0,0.0,0.0,0.0,2.5394890548021737e-05,0.0,0.0,0.0,0.0,0.0,0.0,0.0,0.0,0.0,0.0,0.0,0.0,0.0,0.0,0.0,0.0,0.0,0.0,0.0,0.0,0.0,0.0,0.0,0.0,0.011427700746609782,0.0,0.0,0.0,0.0013459291990451522,0.0,0.0,0.0,0.0,0.0,0.0016760627761694348,0.0,0.0,0.0,0.0,0.0,0.11069632789882676,0.005561481030016761,0.0,0.0004063182487683478,0.0,0.0,0.0,0.0009904007313728477,0.0,0.0,0.0,0.0,0.0,0.0,0.0,0.0,0.0,0.012595865711818782,0.0,0.0,0.007491492711666413,0.0,0.0,0.0,0.0,0.0,0.0,0.0,0.0,0.0050535832190563255,0.0,0.0,0.0016252729950733912,0.005104373000152369,0.0,0.0,0.0,0.0,0.0,0.0,0.0,0.0,0.0,0.0,0.0,0.00035552846767230434,0.0,0.0,0.0,0.0,0.0,0.0,0.0,0.0,0.0,0.0,0.008405708771395196,0.0,0.0,0.0,0.0,0.0,0.015033775204428869,0.0,0.0,0.0,0.0,2.5394890548021737e-05,0.0,7.618467164406521e-05,0.0,0.0,0.0,0.0,0.0,0.0,0.0,0.0,0.0,0.0,0.0,0.0,0.0,0.0,0.0,0.0,0.0,0.0,0.0,0.0,0.026410686169942608,0.0,0.0,0.0,0.0,0.0,0.0,0.0,0.0,0.0,0.0,0.0,0.0,0.03578140078216263,0.0,0.0,0.0,0.0,0.0,0.0,0.0,0.0,0.0,0.0,0.0,0.0,0.0,0.0,0.0,0.0,0.0,0.0,0.033419675961196604,0.0,0.0,0.05066280664330337,0.005180557671796434,0.15043933160648076,0.008939001472903652,0.0,0.0,0.0,0.0,0.0,0.00035552846767230434,0.0,0.0026664635075422825,0.0,0.007618467164406522,0.0,0.0,0.0,0.0,7.618467164406521e-05,0.00030473868657626083,0.0,0.0022855401493219562,0.0039362080349433694,0.001650667885621413,0.0012443496368530651,0.0,0.0,0.0,7.618467164406521e-05,0.0,0.0
152 RE-Xi Nox4 Glut,0.0,0.0,0.0,0.0,0.0,0.0,0.0,0.0,0.0,0.0,0.0,0.023316062176165803,0.0,0.0,0.0,0.0,0.0,0.0,0.0,0.0,0.0,0.0,0.0,0.0,0.0,0.0,0.0,0.00025906735751295336,0.0,0.0,0.0,0.0,0.0,0.0,0.0,0.0,0.0,0.0,0.0,0.0,0.0,0.0,0.0005181347150259067,0.0,0.0,0.008290155440414507,0.0,0.0,0.0,0.0,0.0,0.0,0.0,0.0,0.0,0.0,0.0,0.0,0.0,0.0,0.0,0.0,0.0,0.0,0.0,0.0,0.0,0.0,0.0,0.0,0.0,0.0,0.0,0.0,0.0,0.0,0.0,0.0,0.0,0.0,0.0,0.0,0.0,0.0,0.0,0.015025906735751295,0.0,0.0,0.002849740932642487,0.018911917098445596,0.0,0.0,0.0,0.0,0.0,0.0,0.0,0.00025906735751295336,0.0,0.011398963730569948,0.0,0.0,0.0,0.0,0.0,0.0,0.0,0.0,0.0,0.0,0.0,0.0,0.0,0.0,0.0,0.0,0.0007772020725388601,0.0,0.0,0.0,0.0,0.0005181347150259067,0.0,0.0,0.0,0.0,0.0,0.0,0.0,0.0,0.0,0.0,0.009585492227979275,0.0,0.0,0.0,0.0,0.0,0.0,0.0,0.0,0.0,0.0,0.0,0.0,0.0,0.0,0.0,0.0,0.0,0.0,0.0,0.0,0.0,0.0,0.0,0.0,0.0,0.0,0.0,0.0,0.0,0.0,0.0,0.0,0.0,0.0,0.0,0.0,0.0,0.0,0.0,0.0,0.0005181347150259067,0.0,0.0,0.0,0.0,0.0,0.0,0.0,0.0,0.00025906735751295336,0.0,0.0,0.0,0.0,0.0,0.0,0.0,0.0,0.0010362694300518134,0.0,0.0,0.0,0.0,0.0,0.0,0.0,0.0,0.0,0.0,0.0,0.0,0.0,0.0883419689119171,0.0,0.0,0.0,0.0,0.0,0.0,0.0,0.0,0.0,0.02927461139896373,0.0018134715025906736,0.0010362694300518134,0.03704663212435233,0.0,0.0,0.0,0.0,0.0,0.0,0.0,0.0,0.0005181347150259067,0.0,0.0,0.38756476683937824,0.039119170984455956,0.0,0.0,0.0,0.0,0.0,0.0,0.0,0.0,0.0,0.0,0.0,0.0,0.0,0.0,0.0,0.0,0.0,0.0,0.0,0.0,0.0,0.0,0.0,0.0,0.0,0.0,0.0,0.0,0.04766839378238342,0.0,0.0,0.0,0.0,0.0,0.0,0.0005181347150259067,0.0,0.0,0.0,0.0,0.0,0.0,0.0,0.0,0.0,0.0,0.0,0.0,0.0,0.0,0.0,0.0,0.0,0.0,0.0,0.0,0.08601036269430051,0.0,0.0,0.0,0.0,0.0,0.0,0.0,0.0,0.0,0.0,0.0,0.0,0.002072538860103627,0.0,0.0,0.0,0.0,0.0,0.0,0.0,0.0,0.0,0.0,0.0,0.0,0.0,0.0,0.0,0.0,0.0,0.0,0.09015544041450778,0.0,0.0,0.0007772020725388601,0.00025906735751295336,0.0005181347150259067,0.004145077720207254,0.0,0.0,0.0,0.0,0.0,0.05673575129533679,0.0,0.017875647668393783,0.0,0.003626943005181347,0.0,0.0,0.0,0.0,0.0,0.00025906735751295336,0.0,0.00025906735751295336,0.0,0.0,0.010880829015544042,0.0,0.0,0.0,0.0,0.0,0.0
153 MG-POL-SGN Nts Glut,0.0,0.0,0.0,0.0,0.0,0.0,0.0,0.0,0.0,0.0,0.0,0.0,0.0,0.0,0.0,0.0,0.0,0.008641975308641974,0.0,0.0,0.0,0.0,0.0,0.0,0.0,0.0,0.0,0.0,0.0,0.0,0.0,0.0,0.0,0.0,0.0,0.0,0.0,0.0,0.0,0.0,0.0,0.0,0.0,0.0,0.0,0.0,0.0,0.0,0.0,0.0,0.0,0.0,0.0,0.0,0.0,0.0,0.0,0.0012345679012345679,0.0,0.0,0.0,0.0,0.0,0.0024691358024691358,0.0,0.0,0.0,0.0,0.0,0.0,0.0,0.0,0.0,0.0,0.0,0.0,0.0,0.0,0.0,0.0,0.0,0.0,0.0,0.0,0.0,0.0012345679012345679,0.0,0.0,0.0,0.0,0.0,0.0,0.0,0.0,0.0,0.0,0.0,0.0024691358024691358,0.0,0.0,0.0,0.0,0.0,0.0,0.0,0.0,0.0,0.0,0.0,0.0,0.0,0.0,0.0,0.0,0.0012345679012345679,0.0012345679012345679,0.0,0.0,0.0,0.0,0.0,0.027160493827160494,0.0,0.0,0.0,0.0,0.0,0.0,0.0,0.0,0.0,0.03950617283950617,0.0,0.0,0.0,0.0,0.0,0.2802469135802469,0.0,0.0,0.0,0.0,0.0,0.0,0.0,0.0,0.0049382716049382715,0.0,0.0,0.0,0.0,0.011111111111111112,0.0,0.0,0.0,0.0,0.0,0.0,0.0,0.0,0.0,0.0,0.0,0.0,0.0,0.0,0.0,0.0,0.0,0.0,0.0,0.0,0.0,0.0,0.0,0.0,0.0,0.0,0.0,0.0,0.0,0.0,0.0,0.0,0.0,0.0,0.0012345679012345679,0.0,0.0,0.0,0.0,0.0,0.07654320987654321,0.0,0.0,0.0,0.0,0.0,0.0012345679012345679,0.11975308641975309,0.0,0.006172839506172839,0.0,0.0,0.0,0.0,0.0,0.0,0.0,0.0,0.0,0.0,0.0,0.0,0.0,0.0,0.0,0.0,0.0,0.0,0.0,0.0,0.0,0.0,0.0,0.0,0.0,0.06790123456790123,0.0,0.0,0.0,0.0,0.0,0.0,0.0,0.0,0.0,0.0,0.0,0.0,0.0,0.0,0.0,0.0,0.0,0.0,0.0,0.0,0.0,0.0,0.0,0.0,0.0,0.0,0.15925925925925927,0.0,0.0,0.0,0.0,0.0,0.0,0.0,0.0,0.0,0.0,0.0,0.0,0.011111111111111112,0.0,0.0,0.0,0.0,0.0,0.0,0.0,0.0,0.0,0.0,0.0,0.0,0.0,0.0,0.0,0.0,0.0,0.0,0.0,0.0,0.1,0.0,0.0,0.0,0.0,0.0,0.0,0.0,0.0,0.0,0.0,0.0,0.0,0.0,0.0,0.0,0.0,0.0012345679012345679,0.0,0.0,0.0,0.0,0.0,0.0,0.0,0.0,0.0,0.0,0.0,0.0,0.0,0.0,0.0012345679012345679,0.0,0.0,0.0,0.007407407407407408,0.0,0.0012345679012345679,0.0,0.0,0.0,0.0,0.0,0.0,0.0,0.0024691358024691358,0.0,0.05308641975308642,0.0,0.0,0.0,0.0,0.0012345679012345679,0.0012345679012345679,0.0,0.006172839506172839,0.0,0.0,0.0,0.0,0.0,0.0,0.0,0.0,0.0
154 PF Fzd5 Glut,0.0,0.0,0.0,0.0,0.0,0.0,0.0,0.0,0.0,0.0,0.0,0.0,0.0,0.0,0.0,0.0,0.0,0.0007244626901714562,0.0,0.0,0.0,0.0,0.0,0.0,0.0,0.0,0.0,0.0,0.0,0.0,0.0,0.0,0.0,0.0,0.0,0.0,0.0,0.0,0.0,0.0,0.0,0.0,0.057957015213716497,0.0,0.0,0.0021733880705143687,0.0,0.0,0.0,0.0,0.0,0.0,0.0,0.0,0.0,0.0,0.0,0.0002414875633904854,0.0,0.0,0.0,0.0,0.0,0.0,0.0,0.0,0.0,0.0,0.0,0.0,0.0,0.0,0.014972228930210094,0.0,0.0,0.0,0.0,0.0,0.0,0.0,0.0,0.0,0.0,0.0,0.0,0.004346776141028737,0.0,0.0,0.0,0.0,0.0,0.0,0.0,0.0,0.0,0.0,0.0,0.0,0.0,0.004346776141028737,0.0,0.0,0.0,0.0,0.0,0.0,0.0,0.0,0.0,0.0,0.0,0.0,0.0,0.0,0.0,0.0,0.003622313450857281,0.0,0.0,0.0,0.0,0.007969089591886018,0.0,0.0,0.0,0.0,0.0,0.0,0.0,0.0,0.0,0.007727602028495532,0.13764791113257668,0.0,0.0,0.0,0.0,0.0002414875633904854,0.0,0.0,0.0,0.0,0.0,0.0,0.0,0.0,0.0009659502535619416,0.0,0.0,0.0,0.0,0.0,0.0,0.0,0.0,0.0,0.0,0.0,0.0,0.0,0.0,0.0,0.0,0.0,0.0,0.0,0.0,0.0,0.0,0.0,0.0,0.0,0.0,0.00845206471866699,0.0,0.0,0.0,0.0,0.0,0.0,0.0,0.0,0.03887949770586815,0.0,0.0,0.0,0.43902439024390244,0.0,0.0,0.0,0.0,0.0002414875633904854,0.0002414875633904854,0.0,0.0,0.0,0.0,0.0,0.04201883602994446,0.003622313450857281,0.0,0.0,0.0,0.0,0.0,0.0007244626901714562,0.0,0.0,0.0,0.0,0.0,0.0,0.0,0.0,0.0,0.0,0.0,0.0004829751267809708,0.027046607099734363,0.0,0.0,0.0,0.0,0.0,0.0,0.0,0.0,0.004105288577638252,0.0,0.0,0.0014489253803429123,0.0004829751267809708,0.0,0.0,0.0,0.0,0.0,0.0,0.0,0.0,0.0,0.0,0.0,0.0,0.0,0.0,0.0,0.0,0.0,0.0,0.0,0.0,0.0,0.0,0.0,0.0,0.0,0.0,0.0,0.0,0.0009659502535619416,0.0,0.0,0.0,0.0,0.03429123400144893,0.0002414875633904854,0.005071238831200193,0.0,0.0,0.0,0.0,0.0,0.0,0.0,0.0,0.0,0.0,0.0,0.0,0.0,0.0,0.0,0.0,0.0,0.0,0.0,0.0,0.04105288577638252,0.0,0.0,0.0,0.0,0.0,0.0,0.0,0.0,0.0,0.0,0.0,0.0,0.0,0.0,0.0,0.0,0.0,0.0,0.0,0.0,0.0,0.0,0.0,0.0,0.0,0.0,0.0,0.0,0.0,0.0,0.0,0.004588263704419222,0.0,0.0,0.0,0.005071238831200193,0.0,0.07631007003139338,0.0,0.0,0.0,0.0,0.0,0.002414875633904854,0.0,0.0004829751267809708,0.0,0.0004829751267809708,0.0,0.0,0.0,0.0,0.0004829751267809708,0.001207437816952427,0.0,0.0,0.0,0.0,0.017628592127505432,0.0,0.0,0.0,0.0,0.0,0.0
155 PRC-PAG Pax6 Glut,0.0,0.0,0.0,0.0,0.0,0.0,0.0,0.0,0.0,0.0,0.0,0.0,0.0,0.0,0.0,0.0,0.0,0.007643312101910828,0.0,0.0,0.0,0.0,0.0,0.0,0.0,0.0,0.0,0.0,0.0,0.0,0.0,0.0,0.0,0.0,0.0,0.0,0.0,0.0,0.0,0.0,0.0,0.0,0.0,0.0,0.0025477707006369425,0.0,0.0,0.0,0.0,0.0,0.0,0.0,0.0,0.0,0.0012738853503184713,0.0,0.0,0.0012738853503184713,0.0,0.0,0.0,0.0,0.0025477707006369425,0.0,0.0,0.0,0.0,0.0,0.0,0.0,0.0,0.0,0.0,0.0,0.0,0.0,0.0,0.0,0.0,0.0,0.0,0.0,0.0,0.0,0.0,0.0,0.0,0.0,0.0,0.0,0.0,0.0,0.0,0.0,0.0,0.0,0.030573248407643312,0.0,0.0,0.0,0.0,0.0,0.0,0.0,0.0,0.0,0.0,0.0,0.0,0.0,0.0,0.0,0.0,0.0,0.0,0.0,0.034394904458598725,0.0,0.0,0.0,0.0,0.0012738853503184713,0.0,0.0,0.0,0.0,0.0,0.0,0.0,0.0,0.0,0.08789808917197452,0.0,0.0,0.0,0.0,0.0,0.0,0.003821656050955414,0.0,0.0,0.0,0.0,0.0,0.0,0.0,0.18726114649681527,0.0,0.0,0.0,0.0,0.0,0.0,0.0,0.0,0.0,0.0,0.0025477707006369425,0.07006369426751592,0.0,0.0,0.0,0.0,0.015286624203821656,0.0,0.0,0.0,0.0,0.0,0.0,0.0,0.0,0.0,0.43821656050955415,0.0,0.0,0.0012738853503184713,0.0,0.0012738853503184713,0.0,0.0,0.0,0.0,0.0,0.0,0.0,0.0,0.0,0.0,0.0,0.0,0.0,0.0,0.0,0.0,0.0,0.0,0.0,0.0,0.0,0.0,0.0,0.0,0.0012738853503184713,0.0,0.0,0.0,0.0,0.0,0.0,0.0,0.0,0.0,0.0,0.0,0.0,0.0,0.0,0.011464968152866241,0.0,0.0,0.0,0.0,0.0,0.0012738853503184713,0.0,0.0,0.0,0.0,0.0,0.0,0.0,0.0,0.0,0.014012738853503185,0.0,0.0,0.0012738853503184713,0.0,0.012738853503184714,0.0,0.0,0.0,0.0,0.0,0.0,0.0,0.011464968152866241,0.0,0.0,0.0,0.0,0.0,0.0,0.0,0.0,0.0,0.0,0.0,0.0,0.0,0.0,0.0,0.0,0.0,0.003821656050955414,0.0,0.0,0.0,0.0,0.0,0.0,0.0,0.0,0.0,0.0,0.0,0.0,0.0,0.0,0.0,0.0,0.0,0.0,0.0,0.0,0.0,0.0,0.0,0.0,0.0,0.0,0.0,0.0,0.0,0.0,0.0,0.0,0.024203821656050957,0.0,0.0,0.0,0.0,0.0,0.0,0.0,0.0,0.0,0.0,0.0,0.0,0.0,0.0,0.0,0.0,0.0,0.0,0.0,0.0,0.0,0.0,0.0,0.0,0.0,0.0,0.0,0.0,0.0,0.0,0.0,0.0,0.0,0.0,0.0,0.0,0.0,0.02038216560509554,0.0,0.0012738853503184713,0.0,0.0,0.0,0.0,0.0,0.0,0.0,0.0,0.003821656050955414,0.0012738853503184713,0.0,0.0025477707006369425,0.0,0.0,0.0
156 MB-ant-ve Dmrta2 Glut,0.0,0.0,0.0,0.0,0.0,0.0,0.0,0.0,0.0,0.0,0.0,0.0,0.0,0.0,0.0,0.0,0.0,0.0,0.0,0.0,0.0,0.0,0.0,0.0,0.0,0.0,0.0,0.0,0.0,0.0,0.0,0.0,0.0,0.0,0.0,0.0,0.0,0.0,0.0,0.0,0.0,0.0,0.0,0.0,0.006589785831960461,0.0,0.0,0.0,0.0,0.0,0.0,0.0,0.0,0.0,0.0,0.0,0.0,0.0,0.0,0.0,0.0,0.0,0.0016474464579901153,0.0,0.0,0.0,0.0,0.0,0.0,0.0,0.0,0.02800658978583196,0.0,0.0,0.0,0.0,0.0,0.0,0.0,0.0,0.0,0.0,0.0,0.0,0.0,0.029654036243822075,0.0,0.0,0.0,0.0,0.0,0.0,0.0,0.0,0.0,0.013179571663920923,0.004942339373970346,0.0,0.0,0.0,0.0,0.0,0.0,0.0,0.0,0.0,0.0,0.0,0.0,0.0,0.0,0.0,0.0,0.0,0.0,0.0,0.0,0.0032948929159802307,0.0,0.0,0.0,0.0,0.0,0.0,0.0,0.0,0.0,0.0,0.0,0.0,0.0,0.31795716639209226,0.0,0.0,0.0,0.0,0.0,0.0,0.0,0.0,0.0,0.0,0.0,0.0,0.0,0.0,0.08072487644151564,0.0,0.0,0.0,0.0,0.0,0.0,0.0,0.0,0.0,0.0,0.0,0.0,0.0,0.0,0.0,0.0,0.0,0.0,0.0,0.0,0.0,0.0,0.0,0.0,0.0,0.0,0.11037891268533773,0.0,0.0,0.0,0.0,0.0,0.0,0.0,0.0,0.0,0.0,0.0,0.0,0.0,0.0,0.0,0.0,0.0,0.10214168039538715,0.0,0.0,0.0,0.0,0.0,0.0,0.0,0.0,0.0,0.0,0.0,0.0,0.0,0.0,0.0,0.0,0.0,0.0,0.0,0.0,0.0,0.0016474464579901153,0.0016474464579901153,0.0,0.0,0.0,0.0,0.0,0.0,0.0,0.0,0.0,0.0,0.0,0.0,0.0,0.0,0.0,0.0,0.0,0.019769357495881382,0.0,0.03130148270181219,0.0,0.0,0.0,0.0,0.0,0.0,0.0,0.0,0.0,0.0,0.0,0.0,0.0,0.0016474464579901153,0.0,0.0,0.0,0.0,0.0,0.0,0.0,0.0,0.0,0.0,0.0,0.0,0.0,0.0,0.0,0.0,0.0032948929159802307,0.006589785831960461,0.0,0.0,0.0,0.0,0.0,0.0,0.0,0.0,0.0,0.0,0.0,0.0,0.0,0.0,0.0,0.0,0.0,0.0,0.0,0.0,0.0,0.006589785831960461,0.0,0.0,0.0,0.0,0.0,0.0,0.0,0.0,0.0,0.0,0.0,0.0,0.0,0.0,0.0,0.0,0.0,0.0,0.0,0.0,0.0,0.0,0.0,0.0,0.0,0.0,0.0,0.0,0.0,0.0,0.0,0.12520593080724876,0.0,0.0,0.0,0.0,0.0,0.0,0.009884678747940691,0.0,0.0,0.0,0.0,0.0,0.0,0.036243822075782535,0.0,0.0,0.0,0.0,0.0,0.0,0.0016474464579901153,0.004942339373970346,0.0,0.0,0.0,0.0,0.02800658978583196,0.0,0.0,0.023064250411861616,0.0,0.0,0.0
157 RN Spp1 Glut,0.0,0.0,0.0,0.0,0.0,0.0,0.0,0.0,0.0,0.0,0.0,0.0,0.0,0.0,0.0,0.0,0.0,0.0058823529411764705,0.0,0.0,0.0,0.0,0.0,0.0,0.0,0.0,0.0,0.0,0.0,0.0,0.0,0.0,0.0,0.0,0.0,0.0,0.0,0.0,0.0,0.0,0.0,0.0,0.0,0.0,0.0,0.0,0.0,0.0,0.0,0.0,0.0,0.0,0.0,0.0,0.0,0.0,0.0,0.0,0.0,0.0,0.0,0.0,0.0,0.0,0.0,0.0,0.0,0.0,0.0,0.0,0.0,0.0,0.0,0.0,0.0,0.0,0.0,0.0,0.0,0.0,0.0,0.0,0.0,0.0,0.0,0.0,0.0,0.0,0.0,0.0,0.0,0.0,0.0,0.0,0.0,0.0,0.0,0.0,0.0,0.0,0.0,0.0,0.0,0.0,0.0,0.0,0.0,0.0,0.0,0.0,0.0,0.0,0.0,0.0,0.0,0.0,0.0,0.0,0.0,0.0,0.0,0.0,0.0,0.0,0.0,0.0,0.0,0.0,0.0,0.0,0.0,0.10882352941176471,0.0,0.0,0.0,0.0,0.0,0.0,0.0,0.0,0.0,0.0,0.0,0.0,0.0,0.0,0.22647058823529412,0.0,0.0,0.0,0.0,0.0,0.0,0.0,0.0,0.0,0.0,0.0,0.0,0.0,0.0,0.0,0.0,0.0,0.0,0.0,0.0,0.0,0.0,0.0,0.0,0.0,0.0,0.0058823529411764705,0.0,0.0,0.0,0.0,0.0,0.0,0.0,0.0,0.0,0.0,0.0,0.0,0.0,0.0,0.0,0.0,0.0,0.0,0.0,0.0,0.0,0.0,0.0,0.0,0.0,0.0,0.0,0.0,0.0,0.0,0.0,0.0,0.0,0.0,0.0058823529411764705,0.0029411764705882353,0.0,0.0,0.0,0.0,0.0,0.0,0.0,0.0,0.0,0.0,0.0,0.0,0.0,0.0,0.0,0.0,0.0,0.0,0.0,0.0,0.0,0.0,0.0,0.0,0.5647058823529412,0.0,0.0,0.0,0.0,0.0029411764705882353,0.0,0.0,0.0,0.0,0.0,0.0,0.0,0.0,0.0,0.0,0.0,0.0,0.0,0.0,0.0,0.0,0.0,0.0,0.0,0.0,0.0,0.0,0.0,0.0,0.0,0.0,0.0,0.0,0.0,0.0,0.0,0.0,0.0,0.0,0.0,0.0,0.0,0.0,0.0,0.0,0.0,0.0,0.0,0.0,0.0,0.0,0.0,0.0,0.0,0.0,0.0,0.0,0.0,0.0,0.0,0.0,0.0,0.0,0.0,0.0,0.0,0.0,0.0,0.0,0.0,0.0,0.0,0.0,0.0,0.0,0.0,0.0,0.0,0.0,0.0,0.0,0.0,0.0,0.0,0.0,0.0,0.0,0.0,0.0,0.0,0.0,0.0,0.03529411764705882,0.0,0.0,0.0,0.0,0.0,0.0,0.0,0.0,0.0,0.0,0.0,0.0,0.0,0.0,0.008823529411764706,0.0,0.0,0.0,0.0,0.0,0.011764705882352941,0.0,0.020588235294117647,0.0,0.0,0.0
158 MRN-PAG Nkx6-1 Glut,0.0,0.0,0.0,0.0,0.0,0.0,0.0,0.0,0.0,0.0,0.0,0.0,0.0,0.0,0.0,0.0,0.0,0.0,0.0,0.0,0.0,0.0,0.0,0.0,0.0,0.0,0.0,0.0,0.0,0.0,0.0,0.0,0.0,0.0,0.0,0.0,0.0,0.0,0.0,0.0,0.0,0.0,0.0,0.0,0.0,0.0,0.0,0.0,0.0,0.0,0.006493506493506494,0.0,0.0,0.0,0.012987012987012988,0.0,0.0,0.0,0.0,0.0,0.0,0.0,0.0,0.0,0.0,0.0,0.0,0.0,0.0,0.0,0.0,0.0,0.0,0.0,0.0,0.0,0.0,0.0,0.0,0.0,0.0,0.0,0.0,0.0,0.0,0.0,0.0,0.0,0.0,0.0,0.006493506493506494,0.0,0.0,0.0,0.0,0.0,0.0,0.0,0.0,0.0,0.0,0.0,0.0,0.0,0.0,0.0,0.006493506493506494,0.0,0.0,0.0,0.0,0.0,0.0,0.0,0.0,0.0,0.0,0.0,0.0,0.0,0.0,0.0,0.0,0.0,0.0,0.0,0.0,0.0,0.0,0.0,0.0,0.045454545454545456,0.0,0.0,0.0,0.0,0.0,0.0,0.0,0.0,0.0,0.0,0.0,0.0,0.0,0.0,0.2792207792207792,0.0,0.0,0.0,0.0,0.0,0.0,0.0,0.0,0.0,0.0,0.0,0.0,0.0,0.0,0.0,0.0,0.0,0.0,0.0,0.0,0.0,0.0,0.025974025974025976,0.0,0.0,0.0,0.4090909090909091,0.0,0.0,0.0,0.0,0.0,0.0,0.0,0.0,0.0,0.0,0.0,0.0,0.0,0.0,0.0,0.0,0.0,0.0,0.0,0.0,0.0,0.0,0.0,0.0,0.0,0.0,0.0,0.0,0.11038961038961038,0.0,0.0,0.0,0.0,0.0,0.0,0.006493506493506494,0.0,0.0,0.0,0.0,0.0,0.0,0.0,0.0,0.0,0.0,0.0,0.0,0.0,0.0,0.0,0.0,0.0,0.0,0.0,0.0,0.0,0.0,0.0,0.0,0.006493506493506494,0.0,0.0,0.0,0.0,0.025974025974025976,0.0,0.0,0.0,0.0,0.0,0.0,0.0,0.0,0.0,0.0,0.0,0.0,0.0,0.0,0.0,0.0,0.0,0.0,0.0,0.006493506493506494,0.0,0.0,0.0,0.0,0.0,0.006493506493506494,0.0,0.0,0.0,0.0,0.0,0.0,0.0,0.0,0.0,0.0,0.0,0.0,0.0,0.0,0.0,0.0,0.0,0.0,0.006493506493506494,0.0,0.0,0.0,0.0,0.0,0.0,0.0,0.0,0.0,0.0,0.0,0.0,0.0,0.0,0.0,0.0,0.0,0.0,0.0,0.0,0.0,0.0,0.0,0.0,0.0,0.0,0.0,0.0,0.0,0.0,0.0,0.0,0.0,0.0,0.0,0.0,0.0,0.0,0.0,0.0,0.0,0.0,0.025974025974025976,0.0,0.0,0.0,0.0,0.0,0.0,0.0,0.0,0.0,0.0,0.0,0.0,0.0,0.0,0.0,0.0,0.0,0.0,0.0,0.006493506493506494,0.006493506493506494,0.0,0.0,0.0,0.0,0.0
159 IF-RL-CLI-PAG Foxa1 Glut,0.0,0.0,0.0,0.0,0.0,0.0,0.0,0.0,0.0,0.0,0.0,0.0,0.0,0.0,0.0,0.0,0.0,0.0,0.0,0.0,0.0,0.0,0.0,0.0,0.0,0.0,0.0,0.0,0.0,0.0,0.0,0.0,0.0,0.0,0.0,0.0,0.0,0.0,0.0,0.0,0.0,0.0,0.0,0.0,0.012547051442910916,0.0,0.0,0.0,0.0,0.0,0.0,0.0,0.0,0.0,0.0,0.0,0.0,0.0,0.0,0.0,0.0,0.0,0.011292346298619825,0.0,0.0,0.0,0.0,0.0,0.0,0.0,0.0,0.020075282308657464,0.0,0.0,0.0,0.0,0.0,0.0,0.0,0.0,0.0,0.0,0.0,0.0,0.0,0.011292346298619825,0.0,0.0,0.0,0.0,0.0,0.0,0.03136762860727729,0.0,0.0,0.0037641154328732747,0.006273525721455458,0.0,0.0,0.0,0.0,0.0,0.006273525721455458,0.0,0.0,0.0,0.0,0.0,0.0,0.0,0.0,0.0,0.0,0.0,0.0,0.0,0.0,0.0,0.0,0.0,0.0,0.0,0.0,0.0,0.0,0.0,0.0,0.0,0.0,0.013801756587202008,0.0,0.3601003764115433,0.0,0.0,0.0,0.0,0.0,0.0,0.0,0.02132998745294856,0.0,0.0,0.0,0.0,0.0,0.0,0.0012547051442910915,0.0,0.0,0.0,0.0,0.0,0.0,0.0,0.0,0.0,0.0,0.0,0.0,0.0,0.0,0.0,0.0,0.0,0.0,0.0,0.0,0.0,0.0,0.0,0.0,0.0,0.0,0.13927227101631118,0.0,0.0,0.0,0.0,0.0,0.0,0.0,0.0,0.0,0.0,0.0,0.0,0.0,0.0,0.0,0.0,0.0,0.04767879548306148,0.0,0.0,0.0,0.0,0.0,0.0037641154328732747,0.0,0.0,0.0,0.0,0.0,0.0,0.0,0.0,0.0,0.0,0.0,0.0,0.0,0.0,0.0,0.0,0.0,0.0,0.0,0.0,0.0,0.0,0.0,0.0,0.0,0.0,0.0,0.0,0.0,0.0,0.0,0.0,0.0,0.0,0.07904642409033877,0.0,0.0012547051442910915,0.0,0.0,0.0,0.0,0.0,0.0,0.0,0.0,0.0,0.0,0.0,0.0,0.0,0.0,0.0,0.0,0.0,0.0,0.0,0.0,0.0,0.0,0.0,0.0,0.0,0.0,0.0,0.0,0.0,0.0,0.010037641154328732,0.005018820577164366,0.0,0.0,0.0,0.0,0.0,0.0,0.0,0.0,0.0,0.0,0.0,0.0,0.0,0.0,0.0,0.0,0.13927227101631118,0.0,0.0,0.0,0.0,0.0037641154328732747,0.0,0.0,0.0,0.0,0.0,0.0,0.0,0.0,0.0,0.0,0.0,0.0,0.0,0.0,0.0,0.0,0.0,0.0,0.0,0.0,0.0,0.0,0.0,0.0,0.0,0.0,0.0,0.0,0.0,0.0,0.0,0.0,0.0,0.0,0.0,0.0,0.0,0.0012547051442910915,0.002509410288582183,0.0,0.0,0.0,0.0,0.0,0.0,0.0,0.0,0.0,0.0,0.0,0.0,0.0,0.0,0.0012547051442910915,0.0,0.0,0.0,0.0,0.04642409033877039,0.01756587202007528,0.0,0.002509410288582183,0.0,0.0,0.0
160 PAG-SC Neurod2 Meis2 Glut,0.0,0.0,0.0,0.0,0.0,0.0,0.0,0.0,0.0,0.0,0.0,0.0,0.0,0.0,0.0,0.0,0.0,0.0009891196834817012,0.0,0.0009891196834817012,0.0,0.0,0.0,0.0,0.0,0.0,0.0,0.0,0.0,0.0,0.0,0.0,0.0,0.0,0.0,0.0,0.0,0.0,0.0,0.0,0.0,0.0,0.0,0.0,0.0,0.0,0.0,0.0,0.0,0.0,0.0,0.0,0.0,0.0,0.0,0.0,0.0,0.0,0.0,0.0,0.0,0.0,0.0,0.0,0.0,0.0,0.0,0.0,0.0,0.0,0.0,0.0,0.0,0.0,0.0,0.0,0.0,0.0,0.0,0.0,0.0,0.0,0.0,0.0,0.0,0.0,0.0,0.0,0.0,0.0,0.008902077151335312,0.0,0.0,0.0,0.0,0.0,0.0009891196834817012,0.005934718100890208,0.0,0.0,0.0,0.0,0.0,0.0,0.0,0.0,0.0,0.0,0.0,0.0,0.0,0.0,0.0,0.0,0.0,0.0,0.0,0.0,0.0,0.0,0.0,0.0,0.0,0.0,0.0,0.0,0.0,0.0,0.0,0.0,0.0,0.06726013847675569,0.0,0.0,0.0,0.0,0.0,0.0,0.0,0.0,0.0,0.0,0.0,0.0,0.0,0.0,0.04451038575667656,0.0,0.0,0.0,0.0,0.0,0.0,0.0,0.0,0.0,0.0,0.0009891196834817012,0.033630069238377844,0.0,0.0,0.0,0.0,0.0,0.0,0.0,0.0,0.0,0.0,0.0,0.0,0.0,0.0,0.4846686449060336,0.0,0.0,0.0,0.0,0.002967359050445104,0.0,0.0,0.0,0.0,0.0,0.0,0.0,0.0,0.0,0.0,0.0,0.0,0.0,0.0,0.0,0.0,0.0,0.0,0.0,0.0,0.0,0.0,0.0,0.0,0.002967359050445104,0.0,0.0,0.0,0.0,0.0,0.0,0.0,0.0,0.0,0.0,0.0,0.0,0.0,0.0,0.0,0.0,0.0,0.0,0.0,0.0,0.0009891196834817012,0.0,0.0,0.0,0.0,0.0,0.0,0.0,0.0,0.0,0.0,0.0,0.0,0.0,0.0,0.0,0.0,0.0,0.0,0.0,0.0,0.0,0.0,0.0,0.3363006923837784,0.004945598417408506,0.0,0.0,0.0,0.0,0.0,0.0,0.0,0.0,0.0,0.0,0.0,0.0,0.0,0.0,0.0,0.0009891196834817012,0.0,0.0,0.0,0.0,0.0,0.0,0.0,0.0,0.0,0.0,0.0,0.0,0.0,0.0,0.0,0.0,0.0,0.0,0.0,0.0,0.0,0.0,0.0,0.0,0.0,0.0,0.0,0.0,0.0,0.0,0.0,0.0,0.0,0.0,0.0,0.0,0.0,0.0,0.0,0.0019782393669634025,0.0,0.0,0.0,0.0,0.0,0.0,0.0,0.0,0.0,0.0,0.0,0.0,0.0,0.0,0.0,0.0,0.0,0.0,0.0,0.0,0.0,0.0,0.0,0.0,0.0,0.0,0.0,0.0,0.0,0.0,0.0,0.0,0.0,0.0,0.0,0.0,0.0,0.0,0.0,0.0,0.0,0.0,0.0,0.0,0.0,0.0,0.0,0.0
161 PAG Pou4f3 Glut,0.0,0.0,0.0,0.0,0.0,0.0,0.0,0.0,0.0,0.0,0.0,0.0,0.0,0.0,0.0,0.0,0.0,0.001658374792703151,0.0,0.0008291873963515755,0.0,0.0,0.0,0.0,0.0,0.0,0.0,0.0,0.0,0.0,0.0,0.0,0.0,0.0,0.0,0.0,0.0,0.0,0.0,0.0,0.0,0.001658374792703151,0.0,0.0,0.0,0.0,0.0,0.0,0.0,0.0,0.0,0.0,0.0,0.0,0.0,0.0,0.0,0.0,0.0,0.0,0.0,0.0,0.0,0.0,0.0,0.0,0.0,0.0,0.0,0.0,0.0,0.0,0.0,0.0,0.0,0.0,0.0,0.0,0.0,0.0,0.0,0.0,0.0,0.0,0.0,0.0,0.0,0.0,0.0,0.0,0.02321724709784411,0.0,0.0,0.0,0.0,0.0,0.003316749585406302,0.001658374792703151,0.0,0.0,0.0,0.0,0.0,0.0,0.0,0.0,0.0,0.0,0.0,0.0,0.0,0.0,0.0,0.0,0.0,0.0,0.0,0.0,0.0,0.0,0.0,0.0,0.0,0.0,0.0,0.0,0.0,0.0,0.0,0.0,0.0,0.08706467661691543,0.0,0.0,0.0,0.0,0.0,0.0,0.0,0.0,0.0,0.0,0.0,0.0,0.0,0.0,0.02321724709784411,0.0,0.0,0.0,0.0,0.0,0.0,0.0,0.0,0.0,0.0,0.0,0.003316749585406302,0.0,0.0,0.0,0.0,0.0,0.0,0.0,0.0,0.0,0.0,0.0,0.0,0.0,0.0,0.6409618573797679,0.0,0.0,0.0,0.0,0.0,0.0,0.0,0.0,0.0,0.0,0.0,0.0,0.0,0.0,0.0,0.0,0.0,0.0,0.0,0.0,0.0,0.0,0.0,0.0,0.0,0.0,0.0,0.0,0.0,0.0,0.0,0.0,0.0,0.0,0.0,0.0,0.0,0.0,0.0,0.0,0.0,0.0,0.0,0.0,0.0,0.0,0.0,0.0,0.0,0.0,0.0,0.0,0.0,0.0,0.0,0.0,0.0,0.0,0.0,0.0,0.0,0.0,0.0,0.0,0.0,0.0,0.0,0.0,0.0,0.0,0.0,0.0,0.0,0.0,0.208955223880597,0.0008291873963515755,0.0,0.0,0.0,0.0,0.0,0.0,0.0,0.0,0.0,0.0,0.0,0.0,0.0,0.0,0.0,0.0,0.0,0.0,0.0,0.0,0.0,0.0,0.0,0.0,0.0,0.0,0.0,0.0,0.0,0.0,0.0,0.0,0.0,0.0,0.0,0.0,0.0,0.0,0.0,0.0,0.0,0.0,0.0,0.0,0.0,0.0,0.0,0.0,0.0,0.0,0.0,0.0,0.0,0.0,0.0,0.003316749585406302,0.0,0.0,0.0,0.0,0.0,0.0,0.0,0.0,0.0,0.0,0.0,0.0,0.0,0.0,0.0,0.0,0.0,0.0,0.0,0.0,0.0,0.0,0.0,0.0,0.0,0.0,0.0,0.0,0.0,0.0,0.0,0.0,0.0,0.0,0.0,0.0,0.0,0.0,0.0,0.0,0.0,0.0,0.0,0.0,0.0,0.0,0.0,0.0
162 CUN Evx2 Lhx2 Glut,0.0,0.0,0.0,0.0,0.0,0.0,0.0,0.0,0.0,0.0,0.0,0.0,0.0,0.0,0.0,0.0,0.0,0.0,0.0,0.0,0.0,0.0,0.0,0.0,0.0,0.0,0.0,0.0,0.0,0.0,0.0,0.0,0.0,0.0,0.0,0.0,0.0,0.0,0.0,0.012618296529968454,0.0,0.04100946372239748,0.0,0.0,0.0,0.0,0.0,0.0,0.0,0.0,0.0,0.0,0.0,0.002523659305993691,0.2277602523659306,0.0,0.0,0.0,0.0,0.0,0.0,0.0,0.0,0.0,0.0,0.0,0.0,0.0,0.0,0.0,0.0,0.0,0.0,0.0,0.0,0.0,0.0,0.0,0.0,0.0,0.0,0.0,0.0,0.0,0.0,0.0,0.0,0.0,0.0,0.0,0.0750788643533123,0.0,0.0,0.0,0.0,0.0,0.0,0.0006309148264984228,0.0,0.0,0.0,0.0,0.0,0.0,0.0,0.0,0.0,0.0,0.0,0.0,0.0,0.0,0.0,0.0,0.0,0.0,0.0,0.0,0.0,0.0,0.0,0.0,0.0,0.0,0.0,0.0,0.0,0.0,0.0,0.0,0.0,0.18422712933753943,0.0,0.0,0.0,0.0,0.0,0.0,0.0,0.0,0.0,0.0,0.0,0.0,0.0,0.0,0.13186119873817034,0.0,0.0,0.0,0.0,0.0006309148264984228,0.0,0.0,0.0006309148264984228,0.0,0.0,0.0,0.0,0.0,0.0,0.0,0.0,0.0,0.0,0.0,0.0,0.0,0.0,0.0012618296529968455,0.0,0.0,0.0,0.28264984227129336,0.0,0.0,0.0,0.0,0.0012618296529968455,0.0,0.0,0.0,0.0,0.0,0.0,0.0,0.0,0.0,0.0,0.0,0.0,0.0,0.0,0.0,0.0,0.0,0.0,0.0,0.0,0.0,0.0,0.0,0.0031545741324921135,0.0,0.0,0.0,0.0,0.0,0.0,0.002523659305993691,0.0,0.0,0.0,0.0,0.0,0.0,0.0,0.0,0.0,0.0,0.0,0.0,0.0,0.0,0.0,0.0,0.0,0.0,0.0,0.0,0.0,0.0,0.0,0.0,0.0,0.0,0.0,0.0,0.0,0.0006309148264984228,0.0,0.0,0.0,0.0,0.0037854889589905363,0.0,0.0,0.0,0.0138801261829653,0.0,0.0,0.0,0.0,0.0,0.0,0.0,0.0,0.0006309148264984228,0.0,0.0,0.0,0.0,0.0,0.0,0.0,0.0,0.0,0.0,0.0,0.0,0.0,0.0,0.0,0.0,0.0,0.0,0.0,0.0,0.0,0.0,0.0,0.0,0.0,0.0,0.0,0.0,0.0,0.0,0.0,0.0,0.0,0.0,0.0006309148264984228,0.0,0.0,0.0,0.0,0.0,0.0,0.0,0.0,0.0,0.0,0.0,0.0,0.012618296529968454,0.0,0.0,0.0,0.0,0.0,0.0,0.0,0.0,0.0,0.0,0.0,0.0,0.0,0.0,0.0,0.0,0.0,0.0,0.0,0.0,0.0,0.0,0.0,0.0,0.0,0.0,0.0,0.0,0.0,0.0,0.0,0.0,0.0,0.0,0.0,0.0,0.0,0.0,0.0,0.0,0.0,0.0,0.0,0.0,0.0,0.0,0.0,0.0
163 APN C1ql2 Glut,0.0,0.0,0.0,0.0,0.0,0.0,0.0,0.0,0.0,0.0,0.0,0.0,0.0,0.0,0.0,0.0,0.0,0.6671597633136095,0.0,0.0,0.0,0.0,0.0,0.0,0.0,0.0,0.0,0.0,0.0,0.0,0.0,0.0,0.0,0.0,0.0,0.0,0.0,0.0,0.0,0.0,0.0,0.0,0.0,0.0,0.0,0.0,0.0,0.0,0.0,0.0,0.0,0.0,0.0,0.0,0.0,0.0,0.0,0.011094674556213017,0.0,0.0,0.0,0.0,0.0,0.0,0.0,0.0,0.0,0.0,0.0,0.0,0.0,0.0,0.0073964497041420114,0.0,0.0,0.0,0.0,0.0,0.0,0.0,0.0,0.0,0.0,0.0,0.0,0.0,0.0,0.0,0.0,0.0,0.0,0.0,0.0,0.0,0.0,0.0,0.0,0.005177514792899409,0.0,0.0,0.0,0.0,0.0,0.0,0.0,0.0,0.0,0.0,0.0,0.0,0.0,0.0,0.0,0.0,0.0,0.0,0.0,0.0,0.0,0.0,0.0,0.0036982248520710057,0.0,0.0,0.0,0.0,0.0,0.0,0.0,0.0,0.0,0.20118343195266272,0.0,0.0,0.0,0.0,0.0,0.0,0.0,0.0,0.0,0.0,0.0,0.0,0.0,0.0,0.04807692307692308,0.0,0.0,0.0,0.0,0.0,0.0,0.0,0.0,0.0,0.0,0.0022189349112426036,0.0,0.0,0.0,0.0,0.0,0.0,0.0,0.0,0.0,0.0,0.0,0.0,0.0,0.0,0.0,0.005177514792899409,0.0,0.0,0.0,0.0,0.0,0.0,0.0,0.0,0.0,0.0,0.0,0.0,0.0036982248520710057,0.0,0.0,0.0,0.0,0.0,0.0,0.0,0.0,0.0,0.0,0.0,0.0,0.0036982248520710057,0.0,0.0,0.0,0.0,0.0,0.0,0.0,0.0,0.0,0.0,0.0,0.0,0.0,0.0,0.0,0.0,0.0,0.0,0.0,0.0,0.0,0.0,0.0,0.0,0.0,0.0,0.0,0.0007396449704142012,0.0,0.0,0.0,0.0,0.0,0.0,0.0,0.0,0.0,0.0,0.0,0.0,0.0,0.0,0.0,0.0,0.0,0.0,0.0,0.0,0.004437869822485207,0.0,0.0,0.0,0.0,0.0,0.0,0.0,0.0,0.0,0.0,0.0,0.0,0.0,0.0,0.0,0.0,0.0,0.0,0.0014792899408284023,0.0,0.0,0.0,0.0,0.0,0.0,0.0,0.0,0.0,0.0,0.0,0.0,0.0,0.0,0.0,0.0,0.0,0.0,0.0,0.0,0.01775147928994083,0.0,0.0,0.0,0.0,0.0,0.0,0.0,0.0,0.0,0.0,0.0,0.0,0.0,0.0,0.0,0.0,0.0,0.0,0.0,0.0,0.0,0.0,0.0,0.0,0.0,0.0,0.0,0.0,0.0,0.0,0.0,0.0,0.0,0.0,0.0,0.0,0.0,0.0,0.0,0.0,0.0,0.0,0.0,0.0,0.0,0.0,0.0,0.015532544378698224,0.0,0.0,0.0,0.0,0.0,0.0007396449704142012,0.0,0.0007396449704142012,0.0,0.0,0.0,0.0,0.0,0.0,0.0,0.0,0.0
164 APN C1ql4 Glut,0.0,0.0,0.0,0.0,0.0,0.0,0.0,0.0,0.0,0.0,0.0,0.0,0.0,0.0,0.0,0.0,0.0,0.5927446954140999,0.0,0.0,0.0,0.0,0.0,0.0,0.0,0.0,0.0,0.0,0.0,0.0,0.0,0.0,0.0,0.0,0.0,0.0,0.0,0.0,0.0,0.0,0.0,0.0,0.0,0.0,0.0,0.0,0.0,0.0,0.0,0.0,0.0,0.0,0.0,0.0,0.0,0.0,0.0,0.0,0.0,0.0,0.0,0.0,0.0,0.0,0.0,0.0,0.0,0.0,0.0,0.0,0.0,0.0,0.004791238877481177,0.0,0.0,0.0,0.0,0.0,0.0,0.0,0.0,0.0,0.0,0.0,0.0,0.0,0.0,0.0,0.0,0.0,0.0054757015742642025,0.0,0.0,0.0,0.0,0.0,0.0,0.010951403148528405,0.0,0.0,0.0,0.0,0.0,0.0,0.0,0.0,0.0,0.0,0.0,0.0,0.0,0.0,0.0,0.0,0.0,0.0,0.0013689253935660506,0.0,0.0,0.0,0.0,0.0006844626967830253,0.0,0.0,0.0,0.0,0.0,0.0,0.0,0.0,0.0,0.23613963039014374,0.0,0.0,0.0,0.0,0.0,0.0,0.0,0.0,0.0,0.0,0.0,0.0,0.0,0.0,0.06981519507186858,0.0,0.0,0.0,0.0,0.0,0.0,0.0,0.0,0.0,0.0,0.0034223134839151265,0.0054757015742642025,0.0,0.0,0.0,0.0,0.0,0.0,0.0,0.0,0.0,0.0,0.0,0.0,0.0,0.0,0.01026694045174538,0.0,0.0,0.0,0.0,0.0,0.0,0.0,0.0,0.0,0.0,0.0,0.0,0.021218343600273786,0.0,0.0,0.0,0.0,0.0,0.0,0.0,0.0,0.0,0.0,0.0,0.0,0.0,0.0,0.0,0.0,0.0,0.0,0.0,0.0,0.0,0.0,0.0,0.0,0.0,0.0,0.0,0.0,0.0,0.0,0.0,0.0,0.0,0.0,0.0,0.0,0.0,0.0,0.0,0.0,0.0,0.0,0.0,0.0,0.0,0.0,0.0,0.0006844626967830253,0.0,0.0,0.0,0.0,0.0,0.0,0.0,0.0,0.0,0.0,0.0,0.0,0.0,0.006160164271047228,0.0,0.0,0.0,0.0,0.0,0.0,0.0,0.0,0.0,0.0,0.0,0.0,0.0,0.0,0.0,0.0,0.0,0.0,0.0006844626967830253,0.0,0.0,0.0,0.0,0.0,0.0,0.0,0.0,0.0,0.0,0.0,0.0,0.0,0.0,0.0,0.0,0.0,0.0,0.0,0.0,0.022587268993839837,0.0,0.0,0.0,0.0,0.0,0.0,0.0,0.0,0.0,0.0,0.0,0.0,0.0,0.0,0.0,0.0,0.0,0.0,0.0,0.0,0.0,0.0,0.0,0.0,0.0,0.0,0.0,0.0,0.0,0.0,0.0,0.0,0.0,0.0,0.0,0.0,0.0,0.0,0.0,0.0,0.0,0.0,0.0,0.0,0.0,0.0,0.0,0.006844626967830253,0.0,0.0,0.0,0.0,0.0,0.0,0.0,0.0,0.0,0.0,0.0006844626967830253,0.0,0.0,0.0,0.0,0.0,0.0
165 PAG-MRN Pou3f1 Glut,0.0,0.0,0.0,0.0,0.0,0.0,0.0,0.0,0.0,0.0,0.0,0.0,0.0,0.0,0.0,0.0,0.0,0.0,0.0,0.0017873100983020554,0.0,0.0,0.0,0.0,0.0,0.0,0.0,0.0,0.0,0.0,0.0,0.0,0.0,0.0,0.0,0.0,0.0,0.0,0.0,0.0,0.0,0.0,0.0,0.0,0.0,0.0,0.0,0.0,0.0,0.0,0.0,0.0,0.0,0.0,0.0008936550491510277,0.0,0.0,0.0,0.0,0.0,0.0,0.0,0.008936550491510277,0.0,0.0,0.0,0.0,0.0,0.0,0.0,0.0,0.0,0.0,0.0,0.0,0.0,0.0,0.0,0.0,0.0,0.0,0.0,0.0,0.0,0.0,0.0,0.0,0.0,0.0,0.0,0.0,0.0,0.0008936550491510277,0.0,0.0,0.0008936550491510277,0.0035746201966041107,0.0,0.0,0.0,0.0,0.0,0.0,0.0,0.0,0.002680965147453083,0.0008936550491510277,0.0,0.0,0.0,0.0,0.0,0.0,0.006255585344057194,0.0,0.0,0.0,0.0,0.0,0.0,0.0,0.0,0.0,0.0,0.0,0.0,0.0,0.0,0.0,0.0,0.0,0.12511170688114387,0.0,0.0,0.0,0.0,0.0,0.0,0.0,0.0,0.0,0.0,0.0,0.0,0.0,0.0,0.3288650580875782,0.0,0.0,0.0,0.0,0.0008936550491510277,0.0,0.0,0.0,0.0,0.0,0.0,0.002680965147453083,0.0,0.0,0.0,0.0,0.0,0.0,0.0,0.0,0.0,0.0,0.0,0.0,0.0,0.0,0.4092940125111707,0.0,0.0,0.0,0.0,0.0,0.0,0.0,0.0,0.0,0.0,0.0,0.0,0.0,0.0,0.0,0.0,0.0,0.0,0.0,0.0,0.0,0.0,0.0,0.0,0.0,0.0,0.0,0.0,0.035746201966041107,0.0,0.0,0.0,0.0,0.0,0.0,0.0,0.0,0.0,0.0,0.0,0.0,0.0,0.0,0.0,0.0,0.0,0.0,0.0,0.0,0.0,0.010723860589812333,0.0,0.0,0.0,0.0,0.0,0.0,0.0,0.0,0.0,0.0,0.0,0.0,0.0,0.0,0.01966041108132261,0.0,0.0,0.0,0.0,0.0,0.0,0.0,0.0,0.025022341376228777,0.0,0.0,0.0,0.0,0.0,0.0,0.0,0.0,0.0,0.0,0.0,0.0,0.0071492403932082215,0.004468275245755138,0.0,0.0,0.0,0.0,0.0,0.0,0.0,0.0,0.0,0.0,0.0,0.0,0.0,0.0,0.0,0.0,0.0,0.0,0.0,0.0,0.0,0.0,0.0,0.0,0.0,0.0,0.0,0.0,0.0,0.0,0.0,0.0,0.0,0.0,0.0,0.0,0.0,0.0,0.0,0.0,0.0,0.0,0.0,0.0,0.0,0.0,0.0,0.0,0.0,0.0,0.0,0.0,0.0,0.0,0.0,0.0,0.0,0.0,0.0,0.0,0.0,0.0,0.0,0.0,0.0,0.0,0.0,0.0,0.0,0.0,0.0,0.0,0.0,0.0,0.0,0.0008936550491510277,0.0,0.0,0.0,0.002680965147453083,0.0,0.0,0.0,0.0,0.0,0.0,0.0,0.0,0.0,0.0,0.0
166 MRN Pou3f1 C1ql4 Glut,0.0,0.0,0.0,0.0,0.0,0.0,0.0,0.0,0.0,0.0,0.0,0.0,0.0,0.0,0.0,0.0,0.0,0.07920792079207921,0.0,0.0,0.0,0.0,0.0,0.0,0.0,0.0,0.0,0.0,0.0,0.0,0.0,0.0,0.0,0.0,0.0,0.0,0.0,0.0,0.0,0.0,0.0,0.0019801980198019802,0.0,0.0,0.0,0.0,0.0,0.0,0.0,0.0,0.0,0.0,0.0,0.005940594059405941,0.0,0.0,0.0,0.0,0.0,0.0,0.0,0.0,0.0,0.0,0.0,0.0,0.0,0.0,0.0,0.0,0.0,0.0,0.0,0.0,0.0,0.0,0.0,0.0,0.0,0.0,0.0,0.0,0.0,0.0,0.0,0.0,0.0,0.0,0.0,0.0,0.011881188118811881,0.0,0.0,0.0,0.0,0.0,0.0039603960396039604,0.0,0.0,0.0,0.0,0.0,0.0,0.0,0.0,0.0,0.0,0.0,0.0,0.0,0.0,0.0,0.0,0.0,0.0,0.0,0.009900990099009901,0.0,0.0,0.0,0.0,0.0,0.0,0.0,0.0,0.0,0.0,0.0,0.0,0.0,0.0,0.21584158415841584,0.0,0.0,0.0,0.0,0.0,0.0,0.0,0.0,0.0,0.0,0.0,0.0,0.0,0.0,0.31485148514851485,0.0,0.0039603960396039604,0.0,0.0,0.0,0.0,0.0,0.0,0.0,0.0,0.0,0.013861386138613862,0.0,0.0,0.0,0.0,0.0,0.0,0.0,0.0,0.0,0.0,0.0,0.0,0.0,0.0,0.12079207920792079,0.0,0.0,0.0,0.0,0.0,0.0,0.0,0.0,0.0,0.0,0.0,0.0,0.03564356435643564,0.0,0.0,0.0,0.0,0.0,0.0,0.0,0.0,0.0,0.0,0.0,0.0,0.0,0.0,0.0,0.0,0.0,0.0,0.0,0.0,0.0,0.0,0.0,0.0,0.0,0.0,0.0,0.0,0.0,0.0,0.0,0.0,0.0,0.0,0.0,0.0,0.0,0.0,0.0,0.0,0.0,0.0,0.0,0.0,0.0,0.0,0.0,0.0,0.0,0.0,0.0,0.0,0.0019801980198019802,0.0,0.0,0.0,0.0,0.0,0.0,0.0,0.0,0.12475247524752475,0.0,0.0,0.0,0.0,0.0,0.0,0.0,0.0,0.0,0.0,0.0,0.0,0.0,0.0,0.0,0.0,0.0,0.0,0.0,0.0,0.0,0.0,0.0,0.0,0.0,0.0,0.0,0.0,0.0,0.0,0.0,0.0,0.0,0.0,0.007920792079207921,0.0,0.0,0.0,0.0,0.01782178217821782,0.0,0.0,0.0,0.0,0.0,0.0,0.0,0.0,0.0,0.0,0.0,0.0,0.0,0.0,0.0,0.0,0.0,0.0,0.0,0.0,0.0,0.0,0.0,0.0,0.0,0.0,0.0,0.0,0.0,0.0,0.0,0.0,0.0,0.0,0.0,0.0,0.0,0.0,0.019801980198019802,0.0,0.0,0.0,0.0,0.0,0.0,0.0,0.0,0.0,0.0,0.0,0.0,0.0,0.0,0.007920792079207921,0.0,0.0,0.0,0.0,0.0019801980198019802,0.0,0.0,0.0,0.0,0.0,0.0
167 PRC-PAG Tcf7l2 Irx2 Glut,0.0,0.0,0.0,0.0,0.0,0.0,0.0,0.0,0.0,0.0,0.0,0.0,0.0,0.0,0.0,0.0,0.0,0.05345501955671447,0.0,0.001303780964797914,0.0,0.0,0.0,0.0,0.0,0.0,0.0,0.0,0.0,0.0,0.0,0.0,0.0,0.0,0.0,0.0,0.0,0.0,0.0,0.0,0.0,0.0,0.000651890482398957,0.0,0.0,0.001303780964797914,0.0,0.0,0.0,0.0,0.0,0.0,0.0,0.0,0.0,0.0,0.0,0.000651890482398957,0.0,0.0,0.0,0.0,0.0,0.0,0.0,0.0,0.0,0.0,0.0,0.0,0.0,0.0,0.0,0.0,0.0,0.0,0.0,0.0,0.0,0.0,0.0,0.0,0.0,0.0,0.0,0.01694915254237288,0.0,0.0,0.0,0.0,0.001955671447196871,0.0,0.0,0.0,0.0,0.0,0.01499348109517601,0.003259452411994785,0.0,0.0,0.0,0.0,0.0,0.0,0.0,0.0,0.0,0.0,0.0,0.0,0.0,0.0,0.0,0.0,0.0,0.0,0.07431551499348109,0.0,0.0,0.0,0.0,0.001303780964797914,0.0,0.0,0.0,0.0,0.0,0.0,0.0,0.0,0.0,0.242503259452412,0.000651890482398957,0.0,0.0,0.0,0.0,0.0,0.011734028683181226,0.0,0.0,0.0,0.0,0.0,0.0,0.0,0.028683181225554105,0.0,0.0,0.0,0.0,0.0,0.0,0.0,0.0,0.0,0.0,0.003911342894393742,0.050195567144719684,0.0,0.0,0.0,0.0,0.0,0.0,0.0,0.0,0.0,0.0,0.0,0.0,0.0,0.0,0.3878748370273794,0.0,0.0,0.0,0.0,0.0,0.0,0.0,0.0,0.0,0.0,0.0,0.0,0.00651890482398957,0.0,0.0,0.0,0.0,0.0,0.0,0.0,0.0,0.0,0.0,0.0,0.0,0.0,0.0,0.0,0.0,0.0,0.0,0.001955671447196871,0.0,0.0,0.0,0.0,0.0,0.0,0.0,0.0,0.0,0.000651890482398957,0.0,0.001303780964797914,0.001955671447196871,0.0,0.0,0.0,0.0,0.0,0.0,0.0,0.0,0.0,0.0,0.0,0.0,0.0,0.0,0.0,0.000651890482398957,0.0,0.0,0.002607561929595828,0.0,0.0,0.0,0.0,0.0,0.000651890482398957,0.0,0.0,0.0,0.003911342894393742,0.01955671447196871,0.0,0.0,0.0,0.0,0.0,0.0,0.0,0.0,0.0,0.0,0.0,0.0,0.0,0.0,0.0,0.0,0.0045632333767926985,0.0,0.000651890482398957,0.0,0.0,0.0,0.0,0.0,0.0,0.0,0.0,0.0,0.0,0.0,0.0,0.0,0.0,0.0,0.0,0.0,0.0,0.0,0.0,0.024771838331160364,0.0,0.0,0.0,0.0,0.0,0.0,0.0,0.0,0.0,0.0045632333767926985,0.0,0.0,0.0,0.0,0.0,0.0,0.0,0.0,0.0,0.0,0.0,0.0,0.0,0.0,0.0,0.0,0.0,0.0,0.0,0.0,0.0,0.0,0.0,0.0,0.0,0.0,0.0,0.0,0.0,0.0,0.0,0.0,0.0,0.0,0.0,0.011734028683181226,0.0,0.009126466753585397,0.0,0.0,0.0,0.0,0.0,0.000651890482398957,0.0,0.0,0.0,0.000651890482398957,0.007822685788787484,0.0,0.0,0.0,0.0,0.0,0.0
168 SPA-SPFm-SPFp-POL-PIL-PoT Sp9 Glut,0.0,0.0,0.0,0.0,0.0,0.0,0.0,0.0,0.0,0.0,0.0,0.0006212466349140609,0.0,0.0,0.0,0.0,0.0,0.045765168772002485,0.0,0.0,0.0,0.0,0.0,0.0,0.0,0.0,0.0,0.0,0.0,0.0,0.0,0.0,0.0,0.0,0.0,0.0016566576931041624,0.0,0.0,0.0002070822116380203,0.0,0.0,0.0002070822116380203,0.0,0.0,0.0,0.0004141644232760406,0.0,0.0,0.0,0.0,0.0,0.0,0.0,0.0004141644232760406,0.0,0.0,0.0,0.0016566576931041624,0.0,0.0,0.0,0.0,0.0,0.001449575481466142,0.0,0.0,0.0,0.0,0.0,0.0,0.0,0.0,0.0012424932698281218,0.0,0.0,0.0,0.0,0.0,0.0,0.0,0.0,0.0002070822116380203,0.0,0.0,0.0,0.04907848415821081,0.0,0.0,0.0002070822116380203,0.0,0.0020708221163802027,0.0,0.0,0.0,0.0004141644232760406,0.0,0.0004141644232760406,0.0041416442327604054,0.0,0.002692068751294264,0.0,0.0,0.0,0.0,0.0,0.0,0.0,0.0,0.0,0.0,0.0,0.0,0.0,0.0,0.0,0.005384137502588528,0.006005384137502588,0.0002070822116380203,0.0,0.0,0.0,0.0051770552909505075,0.0,0.0,0.0,0.0,0.0,0.006005384137502588,0.0,0.0,0.0,0.18865189480223649,0.0018637399047421825,0.0,0.0,0.0,0.0,0.032097742803893145,0.001449575481466142,0.0,0.0,0.0,0.0,0.0,0.0,0.0,0.08159039138537999,0.0,0.0,0.0,0.0,0.01387450817974736,0.0,0.0,0.0,0.0,0.0,0.0,0.0002070822116380203,0.0,0.0,0.0,0.0,0.0,0.0,0.0,0.0,0.0,0.0,0.0,0.0,0.0,0.0,0.05177055290950507,0.0010354110581901014,0.0,0.0,0.0,0.0,0.0,0.0,0.0,0.0,0.0,0.0,0.0,0.008283288465520811,0.0,0.0,0.0,0.0,0.004555808656036446,0.030441085110788982,0.0,0.0,0.0,0.0,0.0,0.0020708221163802027,0.024228618761648373,0.0002070822116380203,0.010147028370262995,0.0,0.0,0.0,0.0002070822116380203,0.0,0.0,0.0,0.0,0.0,0.0,0.0,0.0,0.0,0.0020708221163802027,0.007247877407330711,0.00745495961896873,0.0142886726030234,0.0,0.0,0.0,0.0,0.0,0.0,0.0,0.0,0.022364878856906193,0.0,0.0,0.008076206253882792,0.0,0.0,0.0,0.0,0.0,0.0,0.0,0.0,0.0,0.0,0.0,0.0,0.0,0.0,0.0,0.0,0.0008283288465520812,0.0006212466349140609,0.0,0.0,0.0,0.0,0.0,0.0012424932698281218,0.0,0.0,0.0,0.0,0.0,0.0,0.0004141644232760406,0.0002070822116380203,0.0,0.0,0.09153033754400497,0.031062331745703043,0.018016152412507765,0.0,0.0,0.0,0.0,0.0,0.0,0.0,0.0,0.0,0.0,0.0,0.0,0.0,0.0,0.0,0.0,0.0,0.0,0.0,0.0,0.060882170221577964,0.0,0.0002070822116380203,0.0,0.0,0.0,0.0,0.0002070822116380203,0.0,0.0,0.004762890867674467,0.0,0.0,0.0,0.0,0.0,0.0,0.0024849865396562435,0.0,0.0,0.0,0.0,0.0,0.0,0.0,0.0,0.0,0.0,0.0,0.0,0.0,0.0,0.008490370677158831,0.0,0.0,0.0002070822116380203,0.008904535100434872,0.0004141644232760406,0.016359494719403605,0.0016566576931041624,0.0,0.0,0.0,0.0,0.003727479809484365,0.0,0.03375440049699731,0.0,0.008283288465520811,0.0,0.0,0.0,0.0,0.003520397597846345,0.02050113895216401,0.0,0.005384137502588528,0.005591219714226548,0.0006212466349140609,0.02029405674052599,0.0,0.0,0.0,0.0,0.0,0.0
169 PAG-SC Pou4f1 Zic1 Glut,0.0,0.0,0.0,0.0,0.0,0.0,0.0,0.0,0.0,0.0,0.0,0.0,0.0,0.0,0.0,0.0,0.0,0.0033404190707561495,0.0,0.0,0.0,0.0,0.0,0.0,0.0,0.0,0.0,0.0,0.0,0.0,0.0,0.0,0.0,0.0,0.0,0.0,0.0,0.0,0.0,0.0,0.0,0.0,0.0,0.0,0.0,0.0,0.0,0.0,0.0,0.0,0.0,0.0,0.0,0.0,0.0006073489219556636,0.0,0.0,0.0,0.0,0.0,0.0,0.0,0.0,0.0,0.0,0.0,0.0,0.0,0.0,0.0,0.0,0.0,0.0,0.0,0.0,0.0,0.0,0.0,0.0,0.0,0.0,0.0,0.0,0.0,0.0,0.0,0.0,0.0,0.0,0.0,0.1272395991497115,0.0,0.0,0.0,0.0,0.0,0.0024293956878226543,0.011235955056179775,0.0,0.0,0.0,0.0,0.0,0.0,0.0,0.0,0.0,0.0,0.0,0.0,0.0,0.0,0.0,0.0,0.0,0.0,0.0021257212268448226,0.0,0.0,0.0,0.0,0.0,0.0,0.0,0.0,0.0,0.0,0.0,0.0,0.0,0.0,0.1566960218645612,0.0,0.0,0.0,0.0,0.0,0.0,0.0,0.0,0.0,0.0,0.0,0.0,0.0,0.0,0.06255693896143334,0.0,0.0,0.0,0.0,0.00516246583662314,0.0,0.0,0.0,0.0,0.0,0.0,0.020042514424536896,0.0,0.0,0.0,0.0,0.0,0.0,0.0,0.0,0.0,0.0,0.0,0.0,0.0,0.0,0.2572122684482235,0.0,0.0,0.0,0.0,0.0,0.0,0.0,0.0,0.0,0.0,0.0,0.0,0.0003036744609778318,0.0,0.0,0.0,0.0,0.0,0.0,0.0,0.0,0.0,0.0,0.0,0.0,0.0,0.0,0.0,0.0,0.0,0.0,0.0,0.0,0.0,0.0,0.0,0.0,0.0,0.0,0.0,0.0,0.0,0.0,0.0,0.0,0.0,0.0,0.0,0.0,0.0,0.0,0.0,0.0,0.0,0.0,0.0,0.0,0.0,0.0,0.0,0.0,0.0,0.0,0.0,0.0,0.0,0.0,0.0,0.0,0.0,0.0,0.0,0.0,0.0012146978439113271,0.33495293045854846,0.0039477679927118125,0.0,0.0,0.0,0.0,0.0,0.0,0.0,0.0,0.0,0.0,0.0,0.0,0.0,0.0,0.0,0.0,0.0,0.0,0.0,0.0,0.0,0.0,0.0,0.0,0.0,0.0,0.0,0.0,0.0,0.0,0.0,0.0,0.0,0.0,0.0,0.0,0.0,0.0,0.0,0.0,0.0,0.0,0.0,0.0,0.0,0.0,0.0,0.0,0.0003036744609778318,0.0,0.0,0.0,0.0,0.0,0.0,0.01032493167324628,0.0,0.0,0.0,0.0,0.0,0.0,0.0,0.0,0.0,0.0,0.0,0.0,0.0,0.0,0.0,0.0,0.0,0.0,0.0,0.0,0.0,0.0,0.0,0.0,0.0,0.0,0.0,0.0,0.0,0.0,0.0003036744609778318,0.0,0.0,0.0,0.0,0.0,0.0,0.0,0.0,0.0,0.0,0.0,0.0,0.0,0.0,0.0,0.0,0.0
170 PAG-MRN Tfap2b Glut,0.0,0.0,0.0,0.0,0.0,0.0,0.0,0.0,0.0,0.0,0.0,0.0,0.0,0.0,0.0,0.0,0.0,0.004580152671755725,0.0,0.0007633587786259542,0.0,0.0,0.0,0.0,0.0,0.0,0.0,0.0,0.0,0.0,0.0,0.0,0.0,0.0,0.0,0.0,0.0,0.0,0.0,0.003816793893129771,0.0,0.01450381679389313,0.0,0.0,0.0,0.0,0.0,0.0,0.0,0.0,0.0,0.0,0.0,0.0,0.0053435114503816794,0.0,0.0,0.0007633587786259542,0.0,0.0,0.0,0.0,0.0,0.0,0.0,0.0,0.0,0.0,0.0,0.0,0.0,0.0,0.0,0.0,0.0,0.0,0.0,0.0,0.0,0.0,0.0,0.0,0.0,0.0,0.0,0.0,0.0,0.0,0.0,0.0,0.019083969465648856,0.0,0.0,0.0,0.0,0.0,0.0022900763358778627,0.004580152671755725,0.0,0.0,0.0,0.0,0.0,0.0,0.0,0.0,0.0007633587786259542,0.0,0.0,0.0,0.0,0.0,0.0,0.0,0.0,0.0,0.0007633587786259542,0.0,0.0,0.0,0.0,0.0,0.0,0.0,0.0,0.0,0.0,0.0,0.0,0.0,0.0,0.1480916030534351,0.0,0.0,0.0,0.0,0.0,0.0,0.0,0.0,0.0,0.0,0.0,0.0,0.0,0.0,0.16564885496183207,0.0,0.0,0.0,0.0,0.0022900763358778627,0.0,0.0,0.0,0.0,0.0,0.0,0.006870229007633588,0.0,0.0,0.0,0.0,0.0,0.0,0.0,0.0,0.0,0.0,0.0,0.0,0.0,0.0,0.5587786259541985,0.0,0.0,0.0,0.0,0.0030534351145038168,0.0,0.0,0.0007633587786259542,0.0,0.0,0.0,0.0,0.0,0.0,0.0,0.0,0.0,0.0,0.0,0.0,0.0,0.0,0.0,0.0,0.0,0.0,0.0,0.0,0.0,0.0,0.0,0.0,0.0,0.0,0.0,0.0,0.0,0.0,0.0,0.0,0.0,0.0,0.0,0.0,0.0,0.0,0.0,0.0,0.0,0.0,0.0,0.0,0.0,0.0,0.0,0.0,0.0,0.0,0.0,0.0,0.0,0.0,0.0,0.0022900763358778627,0.0,0.0,0.0,0.0,0.0,0.0,0.0,0.0,0.0,0.0007633587786259542,0.042748091603053436,0.0,0.0,0.0,0.0,0.0,0.0,0.0,0.0,0.0,0.0,0.0,0.0,0.0,0.0,0.0,0.0,0.0,0.0,0.0,0.0,0.0,0.0,0.0,0.0,0.0,0.0,0.0,0.0,0.0,0.0,0.0,0.0,0.0,0.0,0.0,0.0,0.0,0.0,0.0,0.0007633587786259542,0.0,0.0,0.0,0.0,0.0,0.0,0.0,0.0,0.0,0.0,0.0030534351145038168,0.0,0.0,0.0,0.0,0.0,0.0015267175572519084,0.0,0.0,0.0,0.0,0.0,0.0,0.0,0.0,0.0,0.0,0.0,0.0,0.0,0.0,0.0,0.0,0.0,0.0,0.0,0.0,0.0,0.0,0.0015267175572519084,0.0,0.0,0.0,0.0,0.0,0.0015267175572519084,0.0,0.0007633587786259542,0.0,0.0,0.0,0.0,0.0022900763358778627,0.0,0.0,0.0,0.0,0.0,0.0,0.0,0.0,0.0,0.0,0.0,0.0
171 PAG Pou4f1 Bnc2 Glut,0.0,0.0,0.0,0.0,0.0,0.0,0.0,0.0,0.0,0.0,0.0,0.0,0.0,0.0,0.0,0.0,0.0,0.000970873786407767,0.0,0.0,0.0,0.0,0.0,0.0,0.0,0.0,0.0,0.0,0.0,0.0,0.0,0.0,0.0,0.0,0.0,0.0,0.0,0.0,0.0,0.000970873786407767,0.0,0.000970873786407767,0.0,0.0,0.0,0.0,0.0,0.0,0.0,0.0,0.0,0.0,0.0,0.0,0.02233009708737864,0.0,0.0,0.0,0.0,0.0,0.0,0.0,0.0,0.0,0.0,0.0,0.0,0.0,0.0,0.0,0.0,0.0,0.0,0.0,0.0,0.0,0.0,0.0,0.0,0.0,0.0,0.0,0.0,0.0,0.0,0.000970873786407767,0.0,0.0,0.0,0.0,0.06796116504854369,0.0,0.0,0.0,0.0,0.0,0.000970873786407767,0.000970873786407767,0.0,0.0,0.0,0.0,0.0,0.0,0.0,0.0,0.000970873786407767,0.0,0.0,0.0,0.0,0.0,0.0,0.0,0.0,0.0,0.0,0.0,0.0,0.0,0.0,0.0,0.0,0.0,0.0,0.0,0.0,0.0,0.0,0.0,0.0,0.15728155339805824,0.0,0.0,0.0,0.0,0.0,0.0,0.0,0.0,0.0,0.0,0.0,0.0,0.0,0.0,0.25728155339805825,0.0,0.0,0.0,0.0,0.001941747572815534,0.0,0.0,0.0,0.0,0.0,0.0,0.0048543689320388345,0.0,0.0,0.0,0.0,0.0,0.0,0.0,0.0,0.0,0.0,0.0,0.0,0.0,0.0,0.40194174757281553,0.0,0.0,0.0,0.0,0.0,0.0,0.0,0.0,0.0,0.0,0.0,0.0,0.0,0.0,0.0,0.0,0.0,0.0,0.0,0.0,0.0,0.0,0.0,0.0,0.0,0.0,0.0,0.0,0.000970873786407767,0.0,0.0,0.0,0.0,0.0,0.000970873786407767,0.0,0.0,0.0,0.0,0.0,0.0,0.0,0.0,0.0,0.0,0.0,0.0,0.0,0.0,0.0,0.0,0.0,0.0,0.0,0.0,0.0,0.0,0.0,0.0,0.0,0.0,0.0,0.0,0.0,0.0,0.0,0.0,0.0,0.0,0.0,0.0,0.0,0.0,0.0,0.07475728155339806,0.0,0.0,0.0,0.0,0.0,0.0,0.0,0.0,0.0,0.0,0.0,0.0,0.0,0.0,0.0,0.0,0.0,0.0,0.0,0.0,0.0,0.0,0.0,0.0,0.0,0.0,0.0,0.0,0.0,0.0,0.0,0.0,0.0,0.0,0.0,0.0,0.0,0.0,0.0,0.0,0.0,0.0,0.0,0.0,0.0,0.0,0.0,0.0,0.0,0.0,0.0,0.0,0.0,0.0,0.0,0.0,0.0,0.0,0.0,0.0,0.0,0.0,0.0,0.0,0.0,0.0,0.0,0.0,0.0,0.0,0.0,0.0,0.0,0.0,0.0,0.0,0.0,0.0,0.0,0.001941747572815534,0.0,0.0,0.0,0.0,0.0,0.0,0.0,0.0,0.0,0.0,0.0,0.0,0.0,0.0,0.0,0.0,0.0,0.0,0.0,0.0,0.0,0.0,0.000970873786407767,0.0,0.0
172 PAG Pou4f1 Ebf2 Glut,0.0,0.0,0.0,0.0,0.0,0.0,0.0,0.0,0.0,0.0,0.0,0.0,0.0,0.0,0.0,0.0,0.0,0.0,0.0,0.001002004008016032,0.0,0.0,0.0,0.0,0.0,0.0,0.0,0.0,0.0,0.0,0.0,0.0,0.0,0.0,0.0,0.0,0.0,0.0,0.0,0.0,0.0,0.0,0.0,0.0,0.0,0.0,0.0,0.0,0.0,0.0,0.0,0.0,0.0,0.0,0.001002004008016032,0.0,0.0,0.0,0.0,0.0,0.0,0.0,0.000501002004008016,0.0,0.0,0.0,0.0,0.0,0.0,0.0,0.0,0.0,0.0,0.0,0.0,0.0,0.0,0.0,0.0,0.0,0.0,0.0,0.0,0.0,0.0,0.0,0.0,0.0,0.0,0.0,0.015531062124248497,0.0,0.0,0.0,0.0,0.0,0.000501002004008016,0.000501002004008016,0.0,0.0,0.0,0.0,0.0,0.0,0.0,0.0,0.0,0.0,0.0,0.0,0.0,0.0,0.0,0.0,0.0,0.0,0.0,0.000501002004008016,0.0,0.0,0.0,0.0,0.0,0.0,0.0,0.0,0.0,0.0,0.0,0.0,0.0,0.03557114228456914,0.0,0.0,0.0,0.0,0.0,0.0,0.0,0.0,0.0,0.0,0.0,0.0,0.0,0.0,0.01753507014028056,0.0,0.0,0.0,0.0,0.0,0.0,0.0,0.0,0.0,0.0,0.0,0.0,0.0,0.0,0.0,0.0,0.0,0.0,0.0,0.0,0.0,0.0,0.0,0.0,0.0,0.0,0.8842685370741483,0.0,0.0,0.0,0.0,0.0,0.0,0.0,0.0,0.0,0.0,0.0,0.0,0.0,0.0,0.0,0.0,0.0,0.0,0.0,0.0,0.0,0.0,0.0,0.0,0.0,0.0,0.0,0.0,0.0,0.0,0.0,0.0,0.0,0.0,0.0,0.0,0.0,0.0,0.0,0.0,0.0,0.0,0.0,0.0,0.0,0.0,0.0,0.0,0.0,0.0,0.0,0.0,0.0,0.0,0.0,0.0,0.0,0.0,0.0,0.0,0.0,0.0,0.0,0.0,0.0,0.0,0.0,0.0,0.0,0.0,0.0,0.0,0.0,0.0,0.041082164328657314,0.0,0.0,0.0,0.0,0.0,0.0,0.0,0.0,0.0,0.0,0.0,0.0,0.0,0.0,0.0,0.0,0.0,0.0,0.0,0.0,0.0,0.0,0.0,0.0,0.0,0.0,0.0,0.0,0.0,0.0,0.0,0.0,0.0,0.0,0.0,0.0,0.0,0.0,0.0,0.0,0.0,0.0,0.0,0.0,0.0,0.0,0.0,0.0,0.0,0.0,0.0,0.0,0.0,0.0,0.0,0.0,0.000501002004008016,0.0,0.0,0.0,0.0,0.0,0.0,0.0,0.0,0.0,0.0,0.0,0.0,0.0,0.0,0.0,0.0,0.0,0.0,0.0,0.0,0.0,0.0,0.001503006012024048,0.0,0.0,0.0,0.0,0.0,0.0,0.0,0.0,0.0,0.0,0.0,0.0,0.0,0.0,0.0,0.0,0.0,0.0,0.0,0.0,0.0,0.0,0.0,0.0,0.0
173 PAG Pou4f2 Glut,0.0,0.0,0.0,0.0,0.0,0.0,0.0,0.0,0.0,0.0,0.0,0.0,0.0,0.0,0.0,0.0,0.0,0.00035561877667140827,0.0,0.0,0.0,0.0,0.0,0.0,0.0,0.0,0.0,0.0,0.0,0.0,0.0,0.0,0.0,0.0,0.0,0.0,0.0,0.0,0.0,0.0,0.0,0.0007112375533428165,0.0,0.0,0.0,0.0,0.0,0.0,0.0,0.0,0.0,0.0,0.0,0.00035561877667140827,0.0,0.0,0.0,0.00035561877667140827,0.0,0.0,0.0,0.0,0.0,0.0,0.0,0.0,0.0,0.0,0.0,0.0,0.0,0.0,0.0,0.0,0.0,0.0,0.0,0.0,0.0,0.0,0.0,0.0,0.0,0.0,0.0,0.0,0.0,0.0,0.0,0.0,0.042318634423897585,0.0,0.0,0.0,0.0,0.0,0.001422475106685633,0.001422475106685633,0.0,0.0,0.0,0.0,0.0,0.0,0.0,0.0,0.0,0.0,0.0,0.0,0.0,0.0,0.0,0.0,0.0,0.0,0.0007112375533428165,0.0,0.0,0.0,0.0,0.0,0.0,0.0,0.0,0.0,0.0,0.0,0.0,0.0,0.0,0.07290184921763869,0.0,0.0,0.0,0.0,0.0,0.0,0.0,0.0,0.0,0.0,0.0,0.0,0.0,0.0,0.002844950213371266,0.0,0.0,0.0,0.0,0.00035561877667140827,0.0,0.0,0.0,0.0,0.0,0.0,0.0024893314366998577,0.0,0.0,0.0,0.0,0.0,0.0,0.0,0.0,0.0,0.0,0.0,0.0,0.0,0.0,0.5551209103840683,0.0,0.0,0.0,0.0,0.0,0.0,0.0,0.0,0.0,0.0,0.0,0.0,0.0,0.0,0.0,0.0,0.0,0.0,0.0,0.0,0.0,0.0,0.0,0.0,0.0,0.0,0.0,0.0,0.0,0.0,0.0,0.0,0.0,0.0,0.0,0.0,0.0,0.0,0.0,0.0,0.0,0.0,0.0,0.0,0.0,0.0,0.0,0.0,0.0,0.0,0.0,0.0,0.0,0.0,0.0,0.0,0.0,0.0,0.0,0.0,0.0,0.0,0.0,0.0,0.0,0.0,0.0,0.0,0.0,0.0,0.0,0.0,0.0,0.0,0.3008534850640114,0.0017780938833570413,0.0,0.0,0.0,0.0,0.0,0.0,0.0,0.0,0.0,0.0,0.0,0.0,0.0,0.0,0.0,0.0,0.0,0.0,0.0,0.0,0.0,0.0,0.0,0.0,0.0,0.0,0.0,0.0,0.0,0.0,0.0,0.0,0.0,0.0,0.0,0.0,0.0,0.0,0.00035561877667140827,0.0,0.0,0.0,0.0,0.0,0.0,0.0,0.0,0.0,0.0,0.0,0.0,0.0,0.0,0.0,0.0,0.015291607396870554,0.0,0.0,0.0,0.0,0.0,0.0,0.0,0.0,0.0,0.0,0.0,0.0,0.0,0.0,0.0,0.0,0.0,0.0,0.0,0.0,0.0,0.0,0.00035561877667140827,0.0,0.0,0.0,0.0,0.0,0.0,0.0,0.0,0.0,0.0,0.0,0.0,0.0,0.0,0.0,0.0,0.0,0.0,0.0,0.0,0.0,0.0,0.0,0.0,0.0
174 PAG Pou4f2 Mesi2 Glut,0.0,0.0,0.0,0.0,0.0,0.0,0.0,0.0,0.0,0.0,0.0,0.0,0.0,0.0,0.0,0.0,0.0,0.000671591672263264,0.0,0.0020147750167897917,0.0,0.0,0.0,0.0,0.0,0.0,0.0,0.0,0.0,0.0,0.0,0.0,0.0,0.0,0.0,0.0,0.0,0.0,0.0,0.0,0.0,0.0,0.0,0.0,0.0,0.0,0.0,0.0,0.0,0.0,0.0,0.0,0.0,0.0,0.0,0.0,0.0,0.0,0.0,0.0,0.0,0.0,0.0,0.0,0.0,0.0,0.0,0.0,0.0,0.0,0.0,0.0,0.0,0.0,0.0,0.0,0.0,0.0,0.0,0.0,0.0,0.0,0.0,0.0,0.0,0.0,0.0,0.0,0.0,0.0,0.008059100067159167,0.0,0.0,0.0,0.0,0.0,0.0020147750167897917,0.004029550033579583,0.0,0.0,0.0,0.0,0.0,0.0,0.0,0.0,0.0,0.0,0.0,0.0,0.0,0.0,0.0,0.0,0.0,0.0,0.000671591672263264,0.0,0.0,0.0,0.0,0.0,0.0,0.0,0.0,0.0,0.0,0.0,0.0,0.0,0.0,0.028206850235057087,0.0,0.0,0.0,0.0,0.0,0.0,0.0,0.0,0.0,0.0,0.0,0.0,0.0,0.0,0.006715916722632639,0.0,0.0,0.0,0.0,0.0,0.0,0.0,0.0,0.0,0.0,0.0,0.020147750167897917,0.0,0.0,0.0,0.0,0.0,0.0,0.0,0.0,0.0,0.0,0.0,0.0,0.0,0.0,0.770987239758227,0.0,0.0,0.0,0.0,0.0,0.0,0.0,0.0,0.0,0.0,0.0,0.0,0.0,0.0,0.0,0.0,0.0,0.0,0.0,0.0,0.0,0.0,0.0,0.0,0.0,0.0,0.0,0.0,0.0,0.0,0.0,0.0,0.0,0.0,0.0,0.0,0.0,0.0,0.0,0.0,0.0,0.0,0.0,0.0,0.0,0.0,0.0,0.0,0.0,0.0,0.0,0.0,0.0,0.0,0.0,0.0,0.0,0.0,0.0,0.0,0.0,0.0,0.0,0.0,0.0,0.0,0.0,0.0,0.0,0.0,0.0,0.0,0.0,0.0,0.14775016789791806,0.0047011417058428475,0.0,0.0,0.0,0.0,0.0,0.0,0.0,0.0,0.0,0.0,0.0,0.0,0.0,0.0,0.0,0.0,0.0,0.0,0.0,0.0,0.0,0.0,0.0,0.0,0.0,0.0,0.0,0.0,0.0,0.0,0.0,0.0,0.0,0.0,0.0,0.0,0.0,0.0,0.0,0.0,0.0,0.0,0.0,0.0,0.0,0.0,0.0,0.0,0.0,0.0,0.0,0.0,0.0,0.0,0.0,0.0033579583613163196,0.0,0.0,0.0,0.0,0.0,0.0,0.0,0.0,0.0,0.0,0.0,0.0,0.0,0.0,0.0,0.0,0.0,0.0,0.0,0.0,0.0,0.0,0.0,0.0,0.0,0.0,0.0,0.0,0.0,0.0,0.0,0.0,0.0,0.0,0.0,0.0,0.0,0.0,0.0,0.0,0.0,0.0,0.0,0.0,0.0,0.000671591672263264,0.0,0.0
175 SC Bnc2 Glut,0.0,0.0,0.0,0.0,0.0,0.0,0.0,0.0,0.0,0.0,0.0,0.0,0.0,0.0,0.0,0.0,0.0,0.0,0.0,0.0,0.0,0.0,0.0,0.0,0.0,0.0,0.0,0.0,0.0,0.0,0.0,0.0,0.0,0.0,0.0,0.0,0.0,0.0,0.0,0.0,0.0,0.0,0.0,0.0,0.0,0.0,0.0,0.0,0.0,0.0,0.0,0.0,0.0,0.0,0.0,0.0,0.0,0.0,0.0,0.0,0.0,0.0,0.0,0.0,0.0,0.0,0.0,0.0,0.0,0.0,0.0,0.0,0.0,0.0,0.0,0.0,0.0,0.0,0.0,0.0,0.0,0.0,0.0,0.0,0.0,0.0,0.0,0.0,0.0,0.0,0.025593008739076155,0.0,0.0,0.0,0.0,0.0,0.0,0.0,0.0,0.0,0.0,0.0,0.0,0.0,0.0,0.0,0.0,0.0,0.0,0.0,0.0,0.0,0.0,0.0,0.0,0.0,0.0,0.0,0.0,0.0,0.0,0.0006242197253433209,0.0,0.0,0.0,0.0,0.0,0.0,0.0,0.0,0.0,0.0449438202247191,0.0,0.0,0.0,0.0,0.0,0.0,0.0,0.0,0.0,0.0,0.0,0.0,0.0,0.0012484394506866417,0.0,0.0,0.0,0.0,0.0,0.0,0.0,0.0,0.0,0.0,0.0,0.003745318352059925,0.0006242197253433209,0.0,0.0,0.0,0.0,0.0,0.0,0.0,0.0,0.0,0.0,0.0,0.0,0.0,0.0,0.019975031210986267,0.0,0.0,0.0,0.0,0.0,0.0,0.0,0.0,0.0,0.0,0.0,0.0,0.0,0.0,0.0,0.0,0.0,0.0,0.0,0.0,0.0,0.0,0.0,0.0,0.0,0.0,0.006242197253433208,0.0,0.0,0.0012484394506866417,0.0,0.0,0.0,0.0,0.0,0.0,0.0,0.0,0.0,0.0,0.0,0.0,0.0,0.0,0.0,0.0,0.0,0.0,0.0,0.0,0.0,0.0,0.0,0.0,0.0,0.0,0.0,0.0,0.0,0.0,0.0,0.0,0.0,0.0,0.0,0.0,0.0,0.0,0.003745318352059925,0.0,0.0,0.0,0.0,0.0,0.367665418227216,0.5093632958801498,0.0,0.0,0.0,0.0,0.0,0.0,0.0,0.0,0.0,0.0,0.0,0.0,0.0,0.0,0.0,0.0,0.0,0.0,0.0,0.0,0.0,0.0,0.0,0.0,0.0,0.0,0.0,0.0,0.0,0.0,0.0,0.0,0.0006242197253433209,0.0,0.0,0.0,0.0,0.0,0.0,0.0,0.0,0.0,0.0,0.0,0.0,0.0,0.0,0.0,0.0,0.0,0.0,0.0,0.0,0.0,0.0,0.0006242197253433209,0.0,0.0,0.0,0.0,0.0,0.0,0.0,0.0,0.0,0.0,0.0,0.0,0.0,0.0,0.0,0.0,0.0,0.0,0.0,0.0,0.0,0.0,0.0,0.0,0.0,0.0,0.0,0.0,0.0,0.0,0.0024968789013732834,0.0,0.0,0.0,0.0,0.0,0.0,0.0,0.0,0.0,0.0,0.0,0.0,0.0,0.0,0.011235955056179775,0.0,0.0
176 SCig Foxb1 Glut,0.0,0.0,0.0,0.0,0.0,0.0,0.0,0.0,0.0,0.0,0.0,0.0,0.0,0.0,0.0,0.0,0.0,0.006001500375093774,0.0,0.00025006251562890725,0.0,0.0,0.0,0.0,0.0,0.0,0.0,0.0,0.0,0.0,0.0,0.0,0.0,0.0,0.0,0.0,0.0,0.0,0.0,0.0,0.0,0.0,0.0,0.0,0.0,0.0,0.0,0.0,0.0,0.0,0.0,0.0,0.0,0.0,0.0,0.0,0.0,0.0037509377344336083,0.0,0.0,0.0,0.0,0.0,0.0,0.0,0.0,0.0,0.0,0.0,0.0,0.0,0.0,0.00025006251562890725,0.0,0.0,0.0,0.0,0.0,0.0,0.0,0.0,0.0,0.0,0.0,0.0,0.0,0.0,0.0,0.0,0.0,0.04251062765691423,0.0,0.0,0.0,0.0,0.0,0.0,0.007501875468867217,0.0,0.0,0.0,0.0,0.0,0.0,0.0,0.0,0.0,0.0,0.0,0.0,0.0,0.0,0.0,0.0,0.0,0.0,0.0,0.0,0.0,0.0,0.0,0.0,0.0,0.0,0.0,0.0,0.0,0.0,0.0,0.0,0.0,0.07301825456364092,0.0,0.0,0.0,0.0,0.0,0.0,0.0,0.0,0.0,0.0,0.0,0.0,0.0,0.0005001250312578145,0.005251312828207052,0.0,0.0,0.0,0.0,0.001250312578144536,0.0,0.0,0.0,0.0,0.0,0.003250812703175794,0.0007501875468867217,0.0,0.0,0.0,0.0,0.00025006251562890725,0.0,0.0,0.0,0.0,0.0,0.0,0.0,0.0,0.0,0.043010752688172046,0.0,0.0,0.0,0.0,0.0,0.0,0.0,0.0,0.0,0.0,0.0,0.0,0.0,0.0,0.0,0.0,0.0,0.0,0.0,0.0,0.0,0.0,0.0,0.0,0.0,0.00025006251562890725,0.0027506876719179795,0.0,0.0,0.006001500375093774,0.0,0.0,0.0,0.0,0.0,0.0,0.0,0.0,0.0,0.0,0.0,0.0,0.0,0.0,0.0,0.0,0.0,0.0,0.0,0.0,0.0,0.0,0.0,0.0,0.0,0.0,0.0,0.0,0.0,0.0,0.0,0.0,0.0,0.0,0.0,0.0,0.0,0.0,0.0,0.0,0.0,0.0,0.0,0.0,0.730432608152038,0.060765191297824456,0.0,0.0,0.0,0.0,0.0,0.0,0.0,0.0,0.0,0.0,0.0,0.0,0.0,0.0,0.0,0.0,0.0,0.0,0.0,0.0,0.0,0.0,0.0,0.0,0.0,0.0,0.0,0.0,0.0,0.0,0.0,0.0,0.00025006251562890725,0.0,0.0,0.0,0.0,0.0,0.0,0.0,0.0,0.0,0.0,0.0,0.0,0.0,0.0,0.0,0.0,0.0,0.0,0.0,0.0,0.0,0.0,0.0042510627656914225,0.0,0.0,0.0,0.0,0.0,0.0,0.0,0.0,0.0,0.0,0.0,0.0,0.0,0.0,0.0,0.0,0.0,0.0,0.0,0.0,0.0,0.0,0.0,0.0,0.0,0.0,0.0,0.0,0.0,0.0,0.006001500375093774,0.0,0.0,0.0,0.0,0.0,0.0,0.0,0.0005001250312578145,0.0,0.0,0.0,0.0,0.0,0.0,0.001250312578144536,0.0,0.0
177 SCig-an-PPT Foxb1 Glut,0.0,0.0,0.0,0.0,0.0,0.0,0.0,0.0,0.0,0.0,0.0,0.0,0.0,0.0,0.0,0.0,0.0,0.22800808897876643,0.0,0.0,0.0,0.0,0.0,0.0,0.0,0.0,0.0,0.0,0.0,0.0,0.0,0.0,0.0,0.0,0.0,0.0,0.0,0.0,0.0,0.0,0.0,0.0,0.0,0.0,0.0,0.0,0.0,0.0,0.0,0.0,0.0,0.0,0.0,0.0,0.0,0.0,0.0,0.003538928210313448,0.0,0.0,0.0,0.0,0.0,0.0,0.0,0.0,0.0,0.0,0.0,0.0,0.0,0.0,0.0005055611729019212,0.0,0.0,0.0,0.0,0.0,0.0,0.0,0.0,0.0,0.0,0.0,0.0,0.0010111223458038423,0.0,0.0,0.0,0.0,0.0025278058645096056,0.0,0.0,0.0,0.0,0.0,0.0005055611729019212,0.009605662285136502,0.0,0.0,0.0,0.0,0.0,0.0,0.0,0.0,0.0,0.0,0.0,0.0,0.0,0.0,0.0,0.0,0.0,0.0,0.0005055611729019212,0.0005055611729019212,0.0,0.0,0.0,0.0,0.0,0.0,0.0,0.0,0.0,0.0,0.0,0.0,0.0,0.1890798786653185,0.0,0.0,0.0,0.0,0.0,0.0,0.0,0.0,0.0,0.0,0.0,0.0,0.0,0.0455005055611729,0.011122345803842264,0.0,0.0,0.0,0.0,0.0015166835187057635,0.0,0.0,0.0,0.0,0.0,0.08038422649140546,0.01820020222446916,0.0,0.0,0.0,0.0,0.014155712841253791,0.0,0.0,0.0,0.0,0.0,0.0,0.0,0.0,0.0,0.003033367037411527,0.0,0.0,0.0,0.0,0.0,0.0,0.0,0.0,0.0,0.0,0.0,0.0,0.0010111223458038423,0.0,0.0,0.0,0.0,0.0,0.0,0.0,0.0,0.0,0.0,0.0,0.0,0.0015166835187057635,0.0005055611729019212,0.0,0.0,0.19261880687563196,0.0,0.0,0.0,0.0,0.0,0.0,0.0,0.0,0.0,0.0,0.0,0.0,0.0,0.0,0.0,0.0,0.0,0.0,0.0,0.0,0.0,0.0,0.0,0.0005055611729019212,0.0,0.0,0.0,0.0,0.0,0.0,0.0,0.0,0.0,0.0,0.0,0.0,0.0,0.0,0.0,0.0,0.0,0.0,0.0,0.0,0.1789686552072801,0.007583417593528817,0.0,0.0,0.0,0.0,0.0,0.0,0.0,0.0,0.0,0.0,0.0,0.0,0.0,0.0,0.0,0.0,0.0,0.0,0.0,0.0,0.0,0.0,0.0,0.0,0.0,0.0,0.0,0.0,0.0,0.0,0.0,0.0,0.0,0.0,0.0,0.0,0.0,0.0,0.0015166835187057635,0.0,0.0,0.0,0.0,0.0,0.0,0.0,0.0,0.0,0.0,0.0,0.0,0.0,0.0,0.0,0.0,0.0005055611729019212,0.0,0.0,0.0,0.0,0.0,0.0,0.0,0.0,0.0,0.0,0.0,0.0,0.0,0.0,0.0,0.0,0.0,0.0,0.0,0.0,0.0,0.0,0.0,0.0,0.0,0.0,0.0,0.0,0.0005055611729019212,0.0,0.003538928210313448,0.0,0.0,0.0,0.0,0.0,0.0,0.0,0.0015166835187057635,0.0,0.0,0.0,0.0,0.0,0.0,0.0,0.0,0.0
178 SCig Foxb1 Otx2 Glut,0.0,0.0,0.0,0.0,0.0,0.0,0.0,0.0,0.0,0.0,0.0,0.0,0.0,0.0,0.0,0.0,0.0,0.015748031496062992,0.0,0.0,0.0,0.0,0.0,0.0,0.0,0.0,0.0,0.0,0.0,0.0,0.0,0.0,0.0,0.0,0.0,0.0,0.0,0.0,0.0,0.0,0.0,0.0,0.0,0.0,0.0,0.0,0.0,0.0,0.0,0.0,0.0,0.0,0.0,0.0,0.0,0.0,0.0,0.0,0.0,0.0,0.0,0.0,0.0,0.0,0.0,0.0,0.0,0.0,0.0,0.0,0.0,0.0,0.0,0.0,0.0,0.0,0.0,0.0,0.0,0.0,0.0,0.0,0.0,0.0,0.0,0.0,0.0,0.0,0.0,0.0,0.0984251968503937,0.0,0.0,0.0,0.0,0.0,0.0,0.003937007874015748,0.0,0.0,0.0,0.0,0.0,0.0,0.0,0.0,0.0,0.0,0.0,0.0,0.0,0.0,0.0,0.0,0.0,0.0,0.0,0.0,0.0,0.0,0.0,0.0,0.0,0.0,0.0,0.0,0.0,0.0,0.0,0.0,0.0,0.12992125984251968,0.0,0.0,0.0,0.0,0.0,0.0,0.0,0.0,0.0,0.0,0.0,0.0,0.0,0.0,0.015748031496062992,0.0,0.0,0.0,0.0,0.0,0.0,0.0,0.0,0.0,0.0,0.003937007874015748,0.0,0.0,0.0,0.0,0.0,0.0,0.0,0.0,0.0,0.0,0.0,0.0,0.0,0.0,0.0,0.027559055118110236,0.0,0.0,0.0,0.0,0.0,0.0,0.0,0.0,0.0,0.0,0.0,0.0,0.0,0.0,0.0,0.0,0.0,0.0,0.0,0.0,0.0,0.0,0.0,0.0,0.0,0.0,0.0,0.0,0.0,0.03543307086614173,0.0,0.0,0.0,0.0,0.0,0.0,0.0,0.0,0.0,0.0,0.0,0.0,0.0,0.0,0.0,0.0,0.0,0.0,0.0,0.0,0.0,0.0,0.0,0.0,0.0,0.0,0.0,0.0,0.0,0.0,0.0,0.0,0.0,0.0,0.0,0.0,0.0,0.0,0.0,0.0,0.0,0.0,0.0,0.0,0.6535433070866141,0.003937007874015748,0.0,0.0,0.0,0.0,0.0,0.0,0.0,0.0,0.0,0.0,0.0,0.0,0.0,0.0,0.0,0.0,0.0,0.0,0.0,0.0,0.0,0.0,0.0,0.0,0.0,0.0,0.0,0.0,0.0,0.0,0.0,0.0,0.0,0.0,0.0,0.0,0.0,0.0,0.0,0.0,0.0,0.0,0.0,0.0,0.0,0.0,0.0,0.0,0.0,0.0,0.0,0.0,0.0,0.0,0.0,0.0,0.0,0.0,0.0,0.0,0.0,0.0,0.0,0.0,0.0,0.0,0.0,0.0,0.0,0.0,0.0,0.0,0.0,0.0,0.0,0.0,0.0,0.0,0.0,0.0,0.0,0.0,0.0,0.0,0.0,0.0,0.011811023622047244,0.0,0.0,0.0,0.0,0.0,0.0,0.0,0.0,0.0,0.0,0.0,0.0,0.0,0.0,0.0,0.0,0.0
179 SCdg-PAG Tfap2b Glut,0.0,0.0,0.0,0.0,0.0,0.0,0.0,0.0,0.0,0.0,0.0,0.0,0.0,0.0,0.0,0.0,0.0,0.0,0.0,0.0,0.0,0.0,0.0,0.0,0.0,0.0,0.0,0.0,0.0,0.0,0.0,0.0,0.0,0.0,0.0,0.0,0.0,0.0,0.0,0.0,0.0,0.0,0.0,0.0,0.0,0.0,0.0,0.0,0.0,0.0,0.0,0.0,0.0,0.0,0.0,0.0,0.0,0.0,0.0,0.0,0.0,0.0,0.0,0.0,0.0,0.0,0.0,0.0,0.0,0.0,0.0,0.0,0.0,0.0,0.0,0.0,0.0,0.0,0.0,0.0,0.0,0.0,0.0,0.0,0.0,0.0,0.0,0.0,0.0,0.0,0.0032751091703056767,0.0,0.0,0.0,0.0,0.0,0.0,0.0,0.0,0.0,0.0,0.0,0.0,0.0,0.0,0.0,0.0,0.0,0.0,0.0,0.0,0.0,0.0,0.0,0.0,0.0,0.0,0.0,0.0,0.0,0.0,0.0,0.0,0.0,0.0,0.0,0.0,0.0,0.0,0.0,0.0,0.039301310043668124,0.0,0.0,0.0,0.0,0.0,0.0,0.0,0.0,0.0,0.0,0.0,0.0,0.0,0.0,0.0,0.0,0.0,0.0,0.0,0.0,0.0,0.0,0.0,0.0,0.0,0.0,0.002183406113537118,0.0,0.0,0.0,0.0,0.0,0.0,0.0,0.0,0.0,0.0,0.0,0.0,0.0,0.0,0.35043668122270744,0.0,0.0,0.0,0.0,0.0,0.0,0.0,0.0,0.0,0.0,0.0,0.0,0.0,0.0,0.0,0.0,0.0,0.0,0.0,0.0,0.0,0.0,0.0,0.0,0.0,0.0,0.0,0.0,0.0,0.0,0.0,0.0,0.0,0.0,0.0,0.0,0.0,0.0,0.0,0.0,0.0,0.0,0.0,0.0,0.0,0.0,0.0,0.0,0.0,0.0,0.0,0.0,0.0,0.0,0.0,0.0,0.0,0.0,0.0,0.0,0.0,0.0,0.0,0.0,0.0,0.0,0.0,0.0,0.0,0.0,0.0,0.0,0.0,0.0,0.5851528384279476,0.001091703056768559,0.0,0.0,0.0,0.0,0.0,0.0,0.0,0.0,0.0,0.0,0.0,0.0,0.0,0.0,0.0,0.0,0.0,0.0,0.0,0.0,0.0,0.0,0.0,0.0,0.0,0.0,0.0,0.0,0.0,0.0,0.0,0.0,0.0,0.0,0.0,0.0,0.0,0.0,0.0,0.0,0.0,0.0,0.0,0.0,0.0,0.0,0.0,0.0,0.0,0.0,0.0,0.0,0.0,0.0,0.0,0.018558951965065504,0.0,0.0,0.0,0.0,0.0,0.0,0.0,0.0,0.0,0.0,0.0,0.0,0.0,0.0,0.0,0.0,0.0,0.0,0.0,0.0,0.0,0.0,0.0,0.0,0.0,0.0,0.0,0.0,0.0,0.0,0.0,0.0,0.0,0.0,0.0,0.0,0.0,0.0,0.0,0.0,0.0,0.0,0.0,0.0,0.0,0.0,0.0,0.0
180 SCiw Pitx2 Glut,0.0,0.0,0.0,0.0,0.0,0.0,0.0,0.0,0.0,0.0,0.0,0.0,0.0,0.0,0.0,0.0,0.0,0.015701668302257114,0.0,0.0,0.0,0.0,0.0,0.0,0.0,0.0,0.0,0.0,0.0,0.0,0.0,0.0,0.0,0.0,0.0,0.0,0.0,0.0,0.0,0.0,0.0,0.0,0.0,0.0,0.0,0.0,0.0,0.0,0.0,0.0,0.0,0.0,0.0,0.0,0.004416094210009814,0.0,0.0,0.0,0.0,0.0,0.0,0.0,0.0,0.0,0.0,0.0,0.0,0.0,0.0,0.0,0.0,0.0,0.0,0.0,0.0,0.0,0.0,0.0,0.0,0.0,0.0,0.0,0.0,0.0,0.0,0.0,0.0,0.0,0.0,0.0,0.04661432777232581,0.0,0.0,0.0,0.0,0.0,0.0,0.0009813542688910696,0.0,0.0,0.0,0.0,0.0,0.0,0.0,0.0,0.0,0.0,0.0,0.0,0.0,0.0,0.0,0.0,0.0,0.0,0.0,0.0,0.0,0.0,0.0,0.0,0.0,0.0,0.0,0.0,0.0,0.0,0.0,0.0,0.0,0.0971540726202159,0.0,0.0,0.0,0.0,0.0,0.0,0.0,0.0,0.0,0.0,0.0,0.0,0.0,0.0,0.0647693817468106,0.0,0.0,0.0,0.0,0.0,0.0,0.0,0.0,0.0,0.0,0.0,0.0024533856722276743,0.0,0.0,0.0,0.0,0.0,0.0,0.0,0.0,0.0,0.0,0.0,0.0,0.0,0.0,0.014720314033366046,0.0,0.0,0.0,0.0,0.0,0.0,0.0,0.0,0.0,0.0,0.0,0.0,0.0,0.0,0.0,0.0,0.0,0.0,0.0,0.0,0.0,0.0,0.0,0.0,0.0,0.0,0.0,0.0,0.0,0.0004906771344455348,0.0,0.0,0.0,0.0,0.0,0.0,0.0,0.0,0.0,0.0,0.0,0.0,0.0,0.0,0.0,0.0,0.0,0.0,0.0,0.0,0.0,0.0,0.0,0.0,0.0,0.0,0.0,0.0,0.0,0.0,0.0,0.0,0.0,0.0,0.0,0.0,0.0,0.0,0.0,0.0,0.0,0.0,0.0,0.0,0.7482826300294406,0.0004906771344455348,0.0,0.0,0.0,0.0,0.0,0.0,0.0,0.0,0.0,0.0,0.0,0.0,0.0,0.0,0.0,0.0,0.0,0.0,0.0,0.0,0.0,0.0,0.0,0.0,0.0,0.0,0.0,0.0,0.0,0.0,0.0,0.0,0.0,0.0,0.0,0.0,0.0,0.0,0.0,0.0,0.0,0.0,0.0,0.0,0.0,0.0,0.0,0.0,0.0,0.0,0.0,0.0,0.0,0.0,0.0,0.0,0.0,0.0,0.0,0.0,0.0,0.0,0.0,0.0,0.0,0.0,0.0,0.0,0.0,0.0,0.0,0.0,0.0,0.0,0.0,0.0,0.0,0.002944062806673209,0.0,0.0,0.0,0.0,0.0,0.0,0.0,0.0,0.0,0.0,0.0,0.0,0.0,0.0,0.0,0.0,0.0004906771344455348,0.0,0.0,0.0004906771344455348,0.0,0.0,0.0,0.0,0.0,0.0
181 IC Tfap2d Maf Glut,0.0,0.0,0.0,0.0,0.0,0.0,0.0,0.0,0.0,0.0,0.0,0.0,0.0,0.0,0.0,0.0,0.0,0.0016358737490377213,0.0,0.00025660764690787786,0.0,0.0,0.0,0.0,0.0,0.0,0.0,0.0,0.0,0.0,0.0,0.0,0.0,0.0,0.0,0.0,0.0,0.0,0.0,0.007537849627918912,0.0,0.0065114190402874,0.0,0.0,0.0,0.0,0.0,0.0,0.0,0.0,0.0,0.0,0.0,0.05671028996664101,0.002469848601488324,0.0,0.0,0.0,0.0,0.0,0.0,0.0,0.0,0.0,0.0,0.0,0.0,0.0,0.0,0.0,0.0,0.0,0.0,0.0,0.0,0.0,0.0,0.0,0.0,0.0,0.0,0.0,0.0,3.207595586348473e-05,0.0,0.0,0.0,0.0,0.0,0.0,0.776334359763921,0.0,0.0,0.0,0.0,0.0,0.0,3.207595586348473e-05,0.0,0.0,0.0,0.0,0.0,0.0,0.0,0.0,0.0,0.0,0.0,0.0,0.0,0.0,0.0,0.0,0.0,0.0,0.0,6.415191172696946e-05,0.0,0.0,0.0,0.0,0.0,0.0,0.0,0.0,0.0,0.0,0.0,0.0,0.0,0.10424685655632537,0.0,0.0,0.0,0.0,0.0,0.0,0.0,0.0,0.0,0.0,0.0,0.0,0.0,0.0,0.015075699255837825,0.0,0.0,0.0,0.0,0.002149089042853477,0.0,0.0,0.0,0.0,0.0,3.207595586348473e-05,0.0,0.0,0.0,0.0,0.0,0.0,0.0,0.0,0.0,0.0,0.0,0.0,0.0,0.0,0.0,0.0009302027200410573,0.0,0.0,0.0,0.0,0.0,0.0,0.0,0.0,0.0,0.0,0.0,0.0,0.0,0.0,0.0,0.0,0.0,0.0,0.0,0.0,0.0,0.0,0.0,0.0,0.0,0.0,6.415191172696946e-05,0.0,3.207595586348473e-05,0.0,0.0,0.0,0.0,0.0,0.0,0.0,0.0,0.0,0.0,0.0,3.207595586348473e-05,0.0,0.0,0.0,0.0,0.0,0.0,0.0,0.0,0.0,0.0,0.0,0.0,0.0,0.0,0.0,0.0,0.0,0.0,0.0,0.0,0.0,0.0,0.0,0.0,0.0,0.0,0.0,0.0,0.0,0.0,0.0,0.0,0.0,0.0028226841159866563,0.0,0.0,0.0,0.0,0.0,0.0,0.0,0.0,0.0032717474980754426,0.0,0.0,0.0,0.0,0.0,0.0,0.0,0.0,0.0,3.207595586348473e-05,0.0,0.0,0.0,0.0,0.0,0.0,0.0,0.0,0.0,0.0,0.0,0.0,0.0,0.0,0.0,0.0,0.0,0.0,0.0,0.0,0.00012830382345393893,0.0,0.0,0.0,0.0,0.0,0.0,0.0,0.0,0.0,0.0,0.0,0.0,0.0,0.0,0.0,0.0,0.006960482422376187,0.0,0.0,0.0,0.0,0.0,0.0,0.0,0.0,0.0,0.0,0.0,0.0,0.0,0.0,0.0,0.0,0.0,0.0,0.0,0.0,0.0,3.207595586348473e-05,0.0,0.0,0.0,0.0,0.0,0.0,0.0,0.0,0.000481139337952271,0.0,0.0,0.0,0.0,0.0,0.0,0.0,0.0,0.0,0.0,0.0,0.0,0.0,0.0,0.01212471131639723,0.0,0.0
182 CUN-PPN Evx2 Meis2 Glut,0.0,0.0,0.0,0.0,0.0,0.0,0.0,0.0,0.0,0.0,0.0,0.0,0.0,0.0,0.0,0.0,0.0,0.0,0.0,0.001984914648670107,0.0,0.0,0.0,0.0,0.0,0.0,0.0,0.0,0.0,0.0,0.0,0.0,0.0,0.0,0.0,0.0,0.0,0.0,0.0,0.009527590313616514,0.0,0.0015879317189360857,0.0,0.0,0.0,0.0,0.0,0.0,0.0,0.0,0.0,0.0,0.0,0.0,0.20325526002381897,0.0,0.0,0.0,0.0,0.0,0.0,0.0,0.0,0.0,0.0003969829297340214,0.0,0.0,0.0,0.0,0.0,0.0,0.0,0.0,0.0,0.0,0.0,0.0,0.0,0.0,0.0,0.0,0.0,0.0,0.0,0.0,0.0,0.0,0.0,0.0,0.0,0.0007939658594680428,0.0,0.0,0.0,0.0,0.0,0.0,0.0,0.0,0.0,0.0,0.0,0.0,0.0,0.0,0.0,0.0003969829297340214,0.0,0.0,0.0,0.0,0.0007939658594680428,0.0,0.030964668519253672,0.0,0.0,0.0,0.0,0.0,0.0,0.0,0.0,0.0,0.0,0.0,0.0,0.0,0.0,0.0,0.0,0.0,0.16514489876935293,0.0,0.0,0.0,0.0,0.0,0.0,0.0,0.0,0.0,0.0,0.0,0.0,0.0,0.0,0.015482334259626836,0.0,0.0,0.0,0.0,0.0,0.0,0.0,0.02461294164350933,0.0,0.0,0.0,0.0,0.0,0.0,0.0,0.0,0.0,0.0,0.0,0.0,0.0,0.0,0.023025009924573243,0.0,0.0,0.0,0.04406510520047638,0.0,0.0,0.0,0.0,0.05081381500595474,0.0059547439460103215,0.0,0.015085351329892815,0.0,0.0,0.0,0.0,0.0,0.0,0.0,0.0,0.0,0.0,0.0,0.0,0.0,0.0,0.0,0.0,0.0,0.0,0.0,0.0,0.25287812624057165,0.0,0.0,0.0,0.0,0.0,0.0,0.017864231838030965,0.0,0.0,0.0,0.0,0.0,0.0,0.0,0.0,0.0,0.0,0.0,0.0,0.0,0.0,0.0,0.0,0.0,0.0,0.0,0.0,0.0,0.0,0.0,0.0,0.0,0.0,0.0,0.0,0.0,0.0,0.0,0.0,0.0,0.0,0.07105994442238983,0.0,0.0,0.0,0.0,0.0,0.0,0.0,0.0,0.0,0.0,0.0,0.0,0.0,0.0007939658594680428,0.0007939658594680428,0.0,0.0,0.0,0.0,0.0,0.0,0.0,0.0,0.0,0.0,0.0,0.0,0.0,0.0,0.0,0.0,0.0,0.0,0.0,0.0,0.0,0.0,0.0,0.0,0.0007939658594680428,0.0,0.0,0.0,0.0,0.0,0.0,0.0,0.0,0.0,0.0,0.0,0.0,0.0,0.0,0.0003969829297340214,0.0,0.0,0.0,0.0,0.0,0.048034934497816595,0.0,0.0,0.0,0.0,0.0,0.0,0.0,0.0,0.0,0.0,0.0,0.0,0.0,0.0,0.0,0.0,0.0,0.0,0.0,0.0,0.0,0.0,0.0,0.0,0.0,0.0,0.0,0.0,0.0,0.0015879317189360857,0.0011909487892020642,0.0,0.009527590313616514,0.0,0.0,0.0,0.0,0.0,0.0,0.0,0.0,0.0,0.0007939658594680428,0.0,0.0,0.0003969829297340214,0.0,0.0
183 PBG Mtnr1a Glut-Chol,0.0,0.0,0.0,0.0,0.0,0.0,0.0,0.0,0.0,0.0,0.0,0.0,0.0,0.0,0.0,0.0,0.0,0.0,0.0,0.0,0.0,0.0,0.0,0.0,0.0,0.0,0.0,0.0,0.0,0.0,0.0,0.0,0.0,0.0,0.0,0.0,0.0,0.0,0.0,0.0,0.0,0.0,0.0,0.0,0.0,0.0,0.0,0.0,0.0,0.0,0.0,0.0,0.0,0.0,0.013651877133105802,0.0,0.0,0.0,0.0,0.0,0.0,0.0,0.0,0.0,0.0,0.0,0.0,0.0,0.0,0.0,0.0,0.0,0.0,0.0,0.0,0.0,0.0,0.0,0.0,0.0,0.0,0.0,0.0,0.0,0.0,0.0,0.0,0.0,0.0,0.0,0.0,0.0,0.0,0.0,0.0,0.0,0.0,0.0,0.0,0.0,0.0,0.0,0.0,0.0,0.0,0.0,0.0,0.0,0.0,0.0,0.0,0.0,0.0,0.0,0.0,0.0,0.0,0.0,0.0,0.0,0.0,0.0,0.0,0.0,0.0,0.0,0.0,0.0,0.0,0.0,0.0,0.34812286689419797,0.0,0.0,0.0,0.0,0.0,0.0,0.0,0.0,0.0,0.0,0.0,0.0,0.0,0.0,0.0,0.0,0.0,0.0,0.0,0.0,0.0,0.0,0.006825938566552901,0.0,0.0,0.0,0.0,0.0,0.0,0.0,0.0,0.0,0.0,0.0,0.0,0.0,0.0,0.0034129692832764505,0.0,0.0,0.0,0.0,0.0,0.0,0.0,0.0,0.0,0.4061433447098976,0.0,0.0,0.0,0.0,0.0,0.0,0.0,0.0,0.0,0.0,0.0,0.0,0.0,0.0,0.0,0.0,0.0,0.0,0.0,0.0,0.0,0.0,0.020477815699658702,0.0,0.0,0.0,0.0,0.0,0.0,0.010238907849829351,0.0,0.0,0.0,0.0,0.0,0.0,0.0,0.0,0.0,0.0,0.0,0.0,0.0,0.0,0.0,0.0,0.0,0.0,0.0,0.0,0.0,0.0,0.0,0.0,0.0,0.0,0.0,0.0,0.0,0.0,0.0,0.0,0.0,0.0,0.023890784982935155,0.0,0.0,0.0,0.0,0.0,0.0,0.0,0.0,0.0,0.0,0.0,0.0,0.0,0.0,0.0,0.0,0.0,0.0,0.0,0.0,0.0,0.0,0.0,0.0,0.0,0.0,0.0,0.0,0.0,0.0,0.0,0.0,0.0,0.0,0.0,0.0,0.0,0.0,0.0,0.0,0.0,0.0,0.0,0.0,0.0,0.0,0.0,0.0,0.0,0.0,0.0,0.0,0.0,0.0,0.0,0.0,0.0,0.0,0.0,0.0,0.15699658703071673,0.0,0.0,0.0,0.0,0.0,0.0,0.0,0.0,0.0,0.0,0.0,0.0,0.0,0.0,0.0,0.0,0.0,0.0,0.0,0.0,0.0,0.0,0.0,0.0,0.0,0.0,0.0,0.0,0.0,0.0,0.010238907849829351,0.0,0.0,0.0,0.0,0.0,0.0,0.0,0.0,0.0,0.0,0.0,0.0,0.0,0.0,0.0,0.0,0.0
184 PAG Tcf24 Glut,0.0,0.0,0.0,0.0,0.0,0.0,0.0,0.0,0.0,0.0,0.0,0.0,0.0,0.0,0.0,0.0,0.0,0.0,0.0,0.0,0.0,0.0,0.0,0.0,0.0,0.0,0.0,0.0,0.0,0.0,0.0,0.0,0.0,0.0,0.0,0.0,0.0,0.0,0.0,0.0,0.0,0.0,0.0,0.0,0.0,0.0,0.0,0.0,0.0,0.0,0.0,0.0,0.0,0.0,0.0,0.0,0.0,0.0,0.0,0.0,0.0,0.0,0.0,0.0,0.0,0.0,0.0,0.0,0.0,0.0,0.0,0.0,0.0,0.0,0.0,0.0,0.0,0.0,0.0,0.0,0.0,0.0,0.0,0.0,0.0,0.17857142857142858,0.0,0.0,0.0,0.0,0.0,0.0,0.0,0.0,0.0,0.0,0.0,0.0,0.0,0.0,0.0,0.0,0.0,0.0,0.0,0.0,0.0,0.0,0.0,0.0,0.0,0.0,0.0,0.0,0.0,0.0,0.0,0.03571428571428571,0.0,0.0,0.0,0.0,0.0,0.0,0.0,0.0,0.0,0.0,0.0,0.0,0.0,0.14285714285714285,0.0,0.0,0.0,0.0,0.0,0.0,0.0,0.0,0.0,0.0,0.0,0.0,0.0,0.0,0.017857142857142856,0.0,0.0,0.0,0.0,0.0,0.0,0.0,0.0,0.0,0.0,0.0,0.0,0.0,0.0,0.0,0.0,0.0,0.0,0.0,0.0,0.0,0.0,0.0,0.0,0.0,0.0,0.39285714285714285,0.0,0.0,0.0,0.0,0.0,0.0,0.0,0.0,0.0,0.0,0.0,0.0,0.0,0.0,0.0,0.0,0.0,0.0,0.0,0.0,0.0,0.0,0.0,0.0,0.0,0.0,0.0,0.0,0.0,0.0,0.0,0.0,0.0,0.0,0.0,0.0,0.0,0.0,0.0,0.0,0.0,0.0,0.0,0.0,0.0,0.0,0.0,0.0,0.0,0.0,0.0,0.0,0.0,0.0,0.0,0.0,0.0,0.0,0.0,0.0,0.0,0.0,0.0,0.0,0.0,0.0,0.0,0.0,0.0,0.0,0.0,0.0,0.0,0.0,0.0,0.0,0.0,0.0,0.0,0.0,0.0,0.0,0.0,0.0,0.0,0.0,0.0,0.0,0.0,0.0,0.0,0.08928571428571429,0.05357142857142857,0.0,0.0,0.0,0.0,0.0,0.0,0.0,0.0,0.0,0.0,0.0,0.0,0.0,0.0,0.0,0.0,0.0,0.0,0.0,0.0,0.0,0.017857142857142856,0.0,0.0,0.0,0.0,0.0,0.0,0.0,0.0,0.0,0.0,0.0,0.0,0.0,0.0,0.0,0.0,0.0,0.0,0.0,0.0,0.0,0.0,0.0,0.0,0.0,0.0,0.0,0.0,0.0,0.0,0.0,0.0,0.0,0.0,0.0,0.0,0.0,0.0,0.0,0.0,0.0,0.0,0.0,0.0,0.0,0.03571428571428571,0.0,0.0,0.0,0.0,0.0,0.0,0.0,0.0,0.0,0.0,0.0,0.0,0.03571428571428571,0.0,0.0,0.0,0.0,0.0,0.0
185 SCig Tfap2b Chrnb3 Glut,0.0,0.0,0.0,0.0,0.0,0.0,0.0,0.0,0.0,0.0,0.0,0.0,0.0,0.0,0.0,0.0,0.0,0.0,0.0,0.0,0.0,0.0,0.0,0.0,0.0,0.0,0.0,0.0,0.0,0.0,0.0,0.0,0.0,0.0,0.0,0.0,0.0,0.0,0.0,0.0,0.0,0.0,0.0,0.0,0.0,0.0,0.0,0.0,0.0,0.0,0.0,0.0,0.0,0.0,0.0,0.0,0.0,0.003051881993896236,0.0,0.0,0.0,0.0,0.0,0.0,0.0,0.0,0.0,0.0,0.0,0.0,0.0,0.0,0.0,0.0,0.0,0.0,0.0,0.0,0.0,0.0,0.0,0.0,0.0,0.0,0.0,0.0,0.0,0.0,0.0,0.0,0.0335707019328586,0.0,0.0,0.0,0.0,0.0,0.0,0.0,0.0,0.0,0.0,0.0,0.0,0.0,0.0,0.0,0.0,0.0,0.0,0.0,0.0,0.0,0.0,0.0,0.0,0.0,0.0,0.0,0.0,0.0,0.0,0.0,0.0,0.0,0.0,0.0,0.0,0.0,0.0,0.0,0.0,0.052899287894201424,0.0,0.0,0.0,0.0,0.0,0.0,0.0,0.0,0.0,0.0,0.0,0.0,0.0,0.0,0.0,0.0,0.0,0.0,0.0,0.0,0.0,0.0,0.0,0.0,0.0,0.008138351983723296,0.0,0.0,0.0,0.0,0.0,0.0,0.0,0.0,0.0,0.0,0.0,0.0,0.0,0.0,0.0,0.0,0.0,0.0,0.0,0.0,0.00508646998982706,0.0,0.0,0.0,0.0,0.0,0.0,0.0,0.0,0.0,0.0,0.0,0.0,0.0,0.0,0.0,0.0,0.0,0.0,0.0,0.0,0.0,0.0,0.0,0.0,0.0,0.0,0.0,0.0,0.0,0.0,0.0,0.0,0.0,0.0,0.0,0.0,0.0,0.0,0.0,0.0,0.0,0.0,0.0,0.0,0.0,0.0,0.0,0.0,0.0,0.0,0.0,0.0,0.0,0.0,0.0,0.0,0.0,0.0,0.0,0.0,0.0,0.0,0.0,0.0,0.0,0.0,0.0,0.0,0.0,0.7212614445574771,0.1698880976602238,0.0,0.0,0.0,0.0,0.0,0.0,0.0,0.0,0.0,0.0,0.0,0.0,0.0,0.0,0.0,0.0,0.0,0.0,0.0,0.0,0.0,0.0,0.0,0.0,0.0,0.0,0.0,0.0,0.0,0.0,0.0,0.0,0.0,0.0,0.0,0.0,0.0,0.0,0.0,0.0,0.0,0.0,0.0,0.0,0.0,0.0,0.0,0.0,0.0,0.0,0.0,0.0,0.0,0.0,0.0,0.0,0.0,0.0,0.0,0.0,0.0,0.0,0.0,0.0,0.0,0.0,0.0,0.0,0.0,0.0,0.0,0.0,0.0,0.0,0.0,0.0,0.0,0.0,0.0,0.0,0.0,0.0,0.0,0.0,0.0,0.0,0.006103763987792472,0.0,0.0,0.0,0.0,0.0,0.0,0.0,0.0,0.0,0.0,0.0,0.0,0.0,0.0,0.0,0.0,0.0
186 SCop Pou4f2 Neurod2 Glut,0.0,0.0,0.0,0.0,0.0,0.0,0.0,0.0,0.0,0.0,0.0,0.0,0.0,0.0,0.0,0.0,0.0,0.0,0.0,0.0,0.0,0.0,0.0,0.0,0.0,0.0,0.0,0.0,0.0,0.0,0.0,0.0,0.0,0.0,0.0,0.0,0.0,0.0,0.0,0.0,0.0,0.0,0.0,0.0,0.0,0.0,0.0,0.0,0.0,0.0,0.0,0.0,0.0,0.0,0.0,0.0,0.0,0.0,0.0,0.0,0.0,0.0,0.0,0.0,0.0,0.0,0.0,0.0,0.0,0.0,0.0,0.0,0.0,0.0,0.0,0.0,0.0,0.0,0.0,0.0,0.0,0.0,0.0,0.0,0.0,0.0,0.0,0.0,0.0,0.0,0.007936507936507936,0.0,0.0,0.0,0.0,0.0,0.0,0.0,0.0,0.0,0.0,0.0,0.0,0.0,0.0,0.0,0.0,0.0,0.0,0.0,0.0,0.0,0.0,0.0,0.0,0.0,0.0,0.0,0.0,0.0,0.0,0.0,0.0,0.0,0.0,0.0,0.0,0.0,0.0,0.0,0.0,0.0582010582010582,0.0,0.0,0.0,0.0,0.0,0.0,0.0,0.0,0.0,0.0,0.0,0.0,0.0,0.0,0.021164021164021163,0.0,0.0,0.0,0.0,0.0,0.0,0.0,0.0,0.0,0.0,0.005291005291005291,0.0,0.0,0.0,0.0,0.0,0.0,0.0,0.0,0.0,0.0,0.0,0.0,0.0,0.0,0.0,0.013227513227513227,0.0,0.0,0.0,0.0,0.0,0.0,0.0,0.0,0.0,0.0,0.0,0.0,0.0,0.0,0.0,0.0,0.0,0.0,0.0,0.0,0.0,0.0,0.0,0.0,0.0,0.0,0.0026455026455026454,0.0,0.0,0.0,0.0,0.0,0.0,0.0,0.0,0.0,0.0,0.0,0.0,0.0,0.0,0.0,0.0,0.0,0.0,0.0,0.0,0.0,0.0,0.0,0.0,0.0,0.0,0.0,0.0,0.0,0.0,0.0,0.0,0.0,0.0,0.0,0.0,0.0,0.0,0.0,0.0,0.0,0.0,0.0,0.0,0.0,0.0,0.0,0.35185185185185186,0.5291005291005291,0.0,0.0,0.0,0.0,0.0,0.0,0.0,0.0,0.0,0.0,0.0,0.0,0.0,0.0,0.0,0.0,0.0,0.0,0.0,0.0,0.0,0.0,0.0,0.0,0.0,0.0,0.0,0.0,0.0,0.0,0.0,0.0,0.0,0.0,0.0,0.0,0.0,0.0,0.0,0.0,0.0,0.0,0.0,0.0,0.0,0.0,0.0,0.0,0.0,0.0,0.0,0.0,0.0,0.0,0.0,0.0026455026455026454,0.0,0.0,0.0,0.0,0.0,0.0,0.0,0.0,0.0,0.0,0.0,0.0,0.0,0.0,0.0,0.0,0.0,0.0,0.0,0.0,0.0,0.0,0.0,0.0,0.0,0.0,0.0,0.0,0.0,0.0,0.005291005291005291,0.0,0.0,0.0,0.0,0.0,0.0,0.0,0.0,0.0,0.0,0.0,0.0,0.0,0.0,0.0026455026455026454,0.0,0.0
187 SCsg Pde5a Glut,0.0,0.0,0.0,0.0,0.0,0.0,0.0,0.0,0.0,0.0,0.0,0.0,0.0,0.0,0.0,0.0,0.0,0.0005678591709256105,0.0,0.0,0.0,0.0,0.0,0.0,0.0,0.0,0.0,0.0,0.0,0.0,0.0,0.0,0.0,0.0,0.0,0.0,0.0,0.0,0.0,0.0,0.0,0.0,0.0,0.0,0.0,0.0,0.0,0.0,0.0,0.0,0.0,0.0,0.0,0.0,0.0,0.0,0.0,0.00028392958546280523,0.0,0.0,0.0,0.0,0.0,0.00028392958546280523,0.0,0.0,0.0,0.0,0.0,0.0,0.0,0.0,0.0,0.0,0.0,0.0,0.0,0.0,0.0,0.0,0.0,0.0,0.0,0.0,0.001135718341851221,0.0,0.0,0.0,0.0,0.0,0.02612152186257808,0.0,0.0,0.0,0.0,0.0,0.0,0.0017035775127768314,0.0,0.0,0.0,0.0,0.0,0.0,0.0,0.0,0.0,0.0,0.0,0.0,0.0,0.0,0.0,0.0,0.0,0.0,0.0,0.0,0.0,0.0,0.0,0.0005678591709256105,0.0,0.0,0.0,0.0,0.0,0.0,0.0,0.0,0.0,0.03861442362294151,0.0,0.0,0.0,0.0,0.0,0.0,0.0,0.0,0.0,0.0,0.0,0.0,0.0,0.0,0.0,0.0,0.0,0.0,0.0,0.0,0.0,0.0,0.0,0.0,0.0,0.005394662123793299,0.0,0.0,0.0,0.0,0.0,0.0,0.0,0.0,0.0,0.0,0.0,0.0,0.0,0.0,0.0,0.0,0.0,0.0,0.0,0.0,0.0,0.0,0.0,0.0,0.0,0.0,0.0,0.0,0.0,0.0,0.0,0.0,0.0,0.0,0.0,0.0,0.0,0.0,0.0,0.0,0.0,0.0,0.017319704713231118,0.0,0.0,0.00028392958546280523,0.0,0.0,0.0,0.0,0.0,0.0,0.0,0.0,0.0,0.0,0.0,0.0,0.0,0.0,0.0,0.0,0.0,0.0,0.0,0.0,0.0,0.0,0.0,0.0,0.0,0.0,0.0,0.0,0.0,0.0,0.0,0.0,0.0,0.0,0.0,0.0,0.0,0.0019875070982396364,0.06246450880181715,0.0,0.0,0.0,0.0,0.0,0.04514480408858603,0.6740488358886996,0.0,0.0,0.0,0.0,0.0,0.0,0.0,0.0,0.0,0.0,0.0,0.0,0.0,0.0,0.0,0.0,0.0,0.0,0.0,0.0,0.0,0.0,0.0,0.0,0.0,0.0,0.0,0.0,0.0,0.0,0.0,0.0,0.008517887563884156,0.0,0.0,0.0,0.0,0.0,0.0,0.0,0.0,0.0,0.0,0.0,0.0,0.0,0.0,0.0,0.0,0.0,0.0,0.0,0.0,0.0,0.0,0.0,0.0,0.0,0.0,0.0,0.0,0.0,0.0,0.0,0.0,0.0,0.0,0.0,0.0,0.0,0.0,0.0,0.0,0.0,0.0,0.0,0.0,0.0,0.0,0.0,0.0,0.0,0.0,0.0,0.0,0.0,0.009937535491198184,0.0,0.0,0.0,0.0,0.0,0.0,0.0,0.0008517887563884157,0.0,0.0,0.0,0.0,0.0,0.0,0.10477001703577513,0.0,0.0
188 SCop Sln Glut,0.0,0.0,0.0,0.0,0.0,0.0,0.0,0.0,0.0,0.0,0.0,0.0,0.0,0.0,0.0,0.0,0.0,0.0,0.0,0.0,0.0,0.0,0.0,0.0,0.0,0.0,0.0,0.0,0.0,0.0,0.0,0.0,0.0,0.0,0.0,0.0,0.0,0.0,0.0,0.0,0.0,0.0,0.0,0.0,0.0,0.0,0.0,0.0,0.0,0.0,0.0,0.0,0.0,0.0,0.0,0.0,0.0,0.0,0.0,0.0,0.0,0.0,0.0,0.0,0.0,0.0,0.0,0.0,0.0,0.0,0.0,0.0,0.0,0.0,0.0,0.0,0.0,0.0,0.0,0.0,0.0,0.0,0.0,0.0,0.0,0.0,0.0,0.0,0.0,0.0,0.008661417322834646,0.0,0.0,0.0,0.0,0.0,0.0,0.0,0.0,0.0,0.0,0.0,0.0,0.0,0.0,0.0,0.0,0.0,0.0,0.0,0.0,0.0,0.0,0.0,0.0,0.0,0.0,0.0,0.0,0.0,0.0,0.0,0.0,0.0,0.0,0.0,0.0,0.0,0.0,0.0,0.0,0.02125984251968504,0.0,0.0,0.0,0.0,0.0,0.0,0.0,0.0,0.0,0.0,0.0,0.0,0.0,0.0007874015748031496,0.0007874015748031496,0.0,0.0,0.0,0.0,0.0,0.0,0.0,0.0,0.0,0.0,0.007086614173228346,0.0,0.0,0.0,0.0,0.0,0.0,0.0,0.0,0.0,0.0,0.0,0.0,0.0,0.0,0.0,0.0,0.0,0.0,0.0,0.0,0.0,0.0,0.0,0.0,0.0,0.0,0.0,0.0,0.0,0.0,0.0,0.0,0.0,0.0,0.0,0.0,0.0,0.0,0.0,0.0,0.0,0.0,0.006299212598425197,0.0,0.0,0.0015748031496062992,0.0,0.0,0.0,0.0,0.0,0.0,0.0,0.0,0.0,0.0,0.0007874015748031496,0.0,0.0,0.0,0.0,0.0,0.0,0.0,0.0,0.0,0.0,0.0,0.0,0.0,0.0,0.0,0.0,0.0,0.0,0.0,0.0,0.0,0.0,0.0,0.0,0.0,0.0,0.0,0.0,0.0,0.0,0.0,0.0,0.0,0.31496062992125984,0.6377952755905512,0.0,0.0,0.0,0.0,0.0,0.0,0.0,0.0,0.0,0.0,0.0,0.0,0.0,0.0,0.0,0.0,0.0,0.0,0.0,0.0,0.0,0.0,0.0,0.0,0.0,0.0,0.0,0.0,0.0,0.0,0.0,0.0,0.0,0.0,0.0,0.0,0.0,0.0,0.0,0.0,0.0,0.0,0.0,0.0,0.0,0.0,0.0,0.0,0.0,0.0,0.0,0.0,0.0,0.0,0.0,0.0,0.0,0.0,0.0,0.0,0.0,0.0,0.0,0.0,0.0,0.0,0.0,0.0,0.0,0.0,0.0,0.0,0.0,0.0,0.0,0.0,0.0,0.0,0.0,0.0,0.0,0.0,0.0,0.0,0.0,0.0,0.0,0.0,0.0,0.0,0.0,0.0,0.0,0.0,0.0,0.0,0.0,0.0,0.0,0.0,0.0,0.0,0.0,0.0
189 PAG Ucn Glut,0.0,0.0,0.0,0.0,0.0,0.0,0.0,0.0,0.0,0.0,0.0,0.0,0.0,0.0,0.0,0.0,0.0,0.0,0.0,0.0,0.0,0.0,0.0,0.0,0.0,0.0,0.0,0.0,0.0,0.0,0.0,0.0,0.0,0.0,0.0,0.0,0.0,0.0,0.0,0.0,0.0,0.0,0.0,0.0,0.0,0.0,0.0,0.0,0.0,0.0,0.0,0.0,0.0,0.0,0.0,0.0,0.0,0.0,0.0,0.0,0.0,0.0,0.0,0.0,0.0,0.0,0.0,0.0,0.0,0.0,0.0,0.05263157894736842,0.0,0.0,0.0,0.0,0.0,0.0,0.0,0.0,0.0,0.0,0.0,0.0,0.0,0.0,0.0,0.0,0.0,0.0,0.0,0.0,0.0,0.0,0.0,0.0,0.0,0.0,0.0,0.0,0.0,0.0,0.0,0.0,0.0,0.0,0.0,0.0,0.0,0.0,0.0,0.0,0.0,0.0,0.0,0.0,0.0,0.0,0.0,0.0,0.0,0.0,0.0,0.0,0.0,0.0,0.0,0.0,0.0,0.013157894736842105,0.0,0.4473684210526316,0.0,0.0,0.0,0.0,0.0,0.0,0.0,0.0,0.0,0.0,0.0,0.0,0.0,0.0,0.05263157894736842,0.0,0.0,0.0,0.0,0.0,0.0,0.0,0.0,0.0,0.0,0.0,0.0,0.0,0.0,0.0,0.0,0.0,0.0,0.0,0.0,0.0,0.0,0.0,0.0,0.0,0.0,0.05263157894736842,0.0,0.0,0.0,0.0,0.0,0.0,0.0,0.0,0.0,0.0,0.0,0.0,0.0,0.0,0.0,0.0,0.0,0.013157894736842105,0.0,0.0,0.0,0.0,0.0,0.0,0.0,0.0,0.0,0.0,0.0,0.0,0.0,0.0,0.0,0.0,0.0,0.0,0.0,0.0,0.0,0.0,0.0,0.0,0.0,0.0,0.0,0.0,0.0,0.0,0.0,0.0,0.0,0.0,0.0,0.0,0.0,0.0,0.0,0.0,0.34210526315789475,0.0,0.013157894736842105,0.0,0.0,0.0,0.013157894736842105,0.0,0.0,0.0,0.0,0.0,0.0,0.0,0.0,0.0,0.0,0.0,0.0,0.0,0.0,0.0,0.0,0.0,0.0,0.0,0.0,0.0,0.0,0.0,0.0,0.0,0.0,0.0,0.0,0.0,0.0,0.0,0.0,0.0,0.0,0.0,0.0,0.0,0.0,0.0,0.0,0.0,0.0,0.0,0.0,0.0,0.0,0.0,0.0,0.0,0.0,0.0,0.0,0.0,0.0,0.0,0.0,0.0,0.0,0.0,0.0,0.0,0.0,0.0,0.0,0.0,0.0,0.0,0.0,0.0,0.0,0.0,0.0,0.0,0.0,0.0,0.0,0.0,0.0,0.0,0.0,0.0,0.0,0.0,0.0,0.0,0.0,0.0,0.0,0.0,0.0,0.0,0.0,0.0,0.0,0.0,0.0,0.0,0.0,0.0,0.0,0.0,0.0,0.0,0.0,0.0,0.0,0.0,0.0,0.0,0.0,0.0,0.0,0.0,0.0,0.0
190 ND-INC Foxd2 Glut,0.0,0.0,0.0,0.0,0.0,0.0,0.0,0.0,0.0,0.0,0.0,0.0,0.0,0.0,0.0,0.0,0.0,0.002638522427440633,0.0,0.0,0.0,0.0,0.0,0.0,0.0,0.0,0.0,0.0,0.0,0.0,0.0,0.0,0.0,0.0,0.0,0.0,0.0,0.0,0.0,0.0,0.0,0.0,0.0,0.0,0.0,0.0,0.0,0.0,0.0,0.0,0.0,0.0,0.0,0.0,0.0,0.0,0.0,0.0,0.0,0.0,0.0,0.0,0.0,0.0,0.0,0.0,0.0,0.0,0.0,0.0,0.0,0.018469656992084433,0.0,0.0,0.0,0.0,0.0,0.0,0.0,0.0,0.0,0.0,0.0,0.0,0.0,0.018469656992084433,0.0,0.0,0.0,0.0,0.0,0.0,0.0,0.0,0.0,0.0,0.002638522427440633,0.0,0.0,0.0,0.0,0.0,0.0,0.0,0.0,0.0,0.0,0.0,0.0,0.0,0.0,0.0,0.0,0.0,0.0,0.0,0.0,0.0,0.0,0.0,0.0,0.0,0.0,0.0,0.0,0.0,0.0,0.0,0.0,0.026385224274406333,0.0,0.37730870712401055,0.0,0.0,0.0,0.0,0.0,0.0,0.0,0.0,0.0,0.0,0.0,0.0,0.0,0.0,0.14511873350923482,0.0,0.0,0.0,0.0,0.0,0.0,0.0,0.0,0.0,0.0,0.0,0.0,0.0,0.0,0.0,0.0,0.0,0.0,0.0,0.0,0.0,0.0,0.0,0.0,0.0,0.0,0.24802110817941952,0.0,0.0,0.0,0.0,0.0,0.0,0.0,0.0,0.0,0.0,0.0,0.0,0.0,0.0,0.0,0.0,0.0,0.04221635883905013,0.0,0.0,0.0,0.0,0.0,0.0,0.0,0.0,0.0,0.0,0.0,0.0,0.0,0.0,0.0,0.0,0.0,0.0,0.0,0.0,0.0,0.0,0.002638522427440633,0.0,0.0,0.0,0.0,0.0,0.0,0.0,0.0,0.0,0.0,0.0,0.0,0.0,0.0,0.0,0.0,0.0,0.0,0.0,0.026385224274406333,0.0,0.0,0.0,0.0,0.0,0.0,0.0,0.0,0.0,0.0,0.0,0.0,0.0,0.0,0.0,0.0,0.0,0.0,0.0,0.0,0.0,0.0,0.0,0.0,0.0,0.0,0.0,0.0,0.0,0.0,0.002638522427440633,0.044854881266490766,0.0,0.0,0.0,0.0,0.0,0.0,0.0,0.0,0.0,0.0,0.0,0.0,0.0,0.0,0.0,0.0,0.005277044854881266,0.0,0.0,0.0,0.0,0.005277044854881266,0.0,0.0,0.0,0.0,0.0,0.0,0.0,0.0,0.0,0.0,0.0,0.0,0.0,0.0,0.0,0.0,0.0,0.0,0.0,0.0,0.0,0.0,0.0,0.0,0.0,0.0,0.0,0.0,0.0,0.0,0.0,0.0,0.0,0.0,0.0,0.0,0.0,0.0,0.002638522427440633,0.0,0.0,0.0,0.0,0.0,0.0,0.0,0.0,0.0,0.0,0.0,0.0,0.0,0.0,0.0,0.0,0.0,0.0,0.0,0.029023746701846966,0.0,0.0,0.0,0.0,0.0,0.0
191 PAG-MRN Rln3 Gaba,0.0,0.0,0.0,0.0,0.0,0.0,0.0,0.0,0.0,0.0,0.0,0.0,0.0,0.0,0.0,0.0,0.0,0.022988505747126436,0.0,0.0,0.0,0.0,0.0,0.0,0.0,0.0,0.0,0.0,0.0,0.0,0.0,0.0,0.0,0.0,0.0,0.0,0.0,0.0,0.0,0.0,0.0,0.0,0.0,0.0,0.0,0.0,0.0,0.0,0.0,0.0,0.0,0.0,0.0,0.0,0.0,0.0,0.0,0.0,0.0,0.0,0.0,0.0,0.0,0.0,0.0,0.0,0.0,0.0,0.0,0.0,0.0,0.011494252873563218,0.0,0.0,0.0,0.0,0.0,0.0,0.0,0.0,0.0,0.0,0.0,0.0,0.0,0.0,0.0,0.0,0.0,0.0,0.0,0.0,0.0,0.0,0.0,0.0,0.0,0.0,0.0,0.0,0.0,0.0,0.0,0.0,0.0,0.0,0.0,0.0,0.0,0.0,0.0,0.0,0.0,0.0,0.0,0.0,0.0,0.0,0.0,0.0,0.0,0.0,0.0,0.0,0.0,0.0,0.0,0.0,0.0,0.0,0.0,0.13793103448275862,0.0,0.0,0.0,0.0,0.0,0.0,0.0,0.0,0.0,0.0,0.0,0.0,0.0,0.0,0.39080459770114945,0.0,0.0,0.0,0.0,0.011494252873563218,0.0,0.0,0.0,0.0,0.0,0.0,0.0,0.0,0.0,0.0,0.0,0.0,0.0,0.0,0.0,0.0,0.0,0.0,0.0,0.0,0.0,0.3793103448275862,0.0,0.0,0.0,0.0,0.0,0.0,0.0,0.0,0.0,0.0,0.0,0.0,0.0,0.0,0.0,0.0,0.0,0.0,0.0,0.0,0.0,0.0,0.0,0.0,0.0,0.0,0.0,0.0,0.0,0.0,0.0,0.0,0.0,0.0,0.0,0.0,0.0,0.0,0.0,0.0,0.0,0.0,0.0,0.0,0.0,0.0,0.0,0.0,0.0,0.0,0.0,0.0,0.0,0.0,0.0,0.0,0.0,0.0,0.0,0.0,0.011494252873563218,0.0,0.0,0.0,0.0,0.0,0.0,0.0,0.0,0.0,0.0,0.0,0.0,0.0,0.0,0.0,0.0,0.0,0.0,0.011494252873563218,0.0,0.0,0.0,0.0,0.0,0.0,0.0,0.0,0.0,0.0,0.0,0.011494252873563218,0.0,0.0,0.0,0.0,0.0,0.0,0.0,0.0,0.0,0.0,0.0,0.0,0.0,0.0,0.0,0.0,0.0,0.0,0.0,0.0,0.0,0.0,0.0,0.0,0.0,0.0,0.0,0.0,0.0,0.0,0.0,0.0,0.0,0.0,0.0,0.0,0.0,0.0,0.0,0.0,0.0,0.0,0.0,0.0,0.0,0.0,0.0,0.0,0.0,0.0,0.0,0.0,0.0,0.0,0.0,0.0,0.0,0.0,0.0,0.0,0.0,0.0,0.0,0.0,0.0,0.0,0.0,0.0,0.0,0.0,0.0,0.0,0.0,0.0,0.0,0.0,0.011494252873563218,0.0,0.0,0.0,0.0,0.0,0.0,0.0,0.0,0.0,0.0,0.0
192 PPN-CUN-PCG Otp En1 Gaba,0.0,0.0,0.0,0.0,0.0,0.0,0.0,0.0,0.0,0.0,0.0,0.0,0.0,0.0,0.0,0.0,0.0,0.0,0.0,0.0,0.0,0.0,0.0,0.0,0.0,0.0,0.0,0.0,0.0,0.0,0.0,0.0,0.0,0.0,0.0,0.0,0.0,0.0,0.0,0.0028129395218002813,0.0,0.0035161744022503515,0.0,0.0,0.0,0.0,0.0,0.0,0.0,0.0,0.0014064697609001407,0.0,0.0,0.0035161744022503515,0.012658227848101266,0.0,0.0,0.0,0.0,0.0,0.0,0.0,0.0,0.0,0.0007032348804500703,0.0,0.0,0.0,0.0,0.0,0.0,0.0,0.0,0.0,0.0,0.0,0.0,0.0,0.0,0.0,0.0,0.0,0.0,0.0,0.0,0.0,0.0,0.0,0.0,0.0,0.0,0.0,0.0,0.0,0.0,0.0,0.0,0.0,0.0,0.0,0.0,0.0,0.0,0.0,0.0,0.0,0.0,0.0,0.0,0.0,0.0,0.0,0.0,0.02812939521800281,0.0,0.0,0.0,0.0,0.0,0.0,0.0,0.0,0.0,0.0,0.0,0.0,0.0,0.0,0.0,0.0,0.0,0.3551336146272855,0.0,0.0,0.0,0.0,0.0,0.0,0.0,0.0,0.0,0.0,0.0,0.0,0.0,0.0,0.009845288326300985,0.0,0.0,0.0,0.0,0.0,0.0,0.0,0.07665260196905767,0.0,0.0,0.0,0.0,0.0,0.0,0.0,0.0,0.0,0.0,0.0,0.0,0.0,0.0,0.07243319268635724,0.0,0.0,0.0,0.030239099859353025,0.0,0.0,0.0,0.0,0.04852320675105485,0.006329113924050633,0.0,0.02531645569620253,0.0,0.0,0.0,0.0,0.0,0.0,0.0,0.0,0.0,0.0,0.0,0.0,0.0,0.0,0.0,0.0,0.0,0.0,0.0,0.0,0.1751054852320675,0.0,0.0,0.0,0.0,0.0,0.0,0.028832630098452883,0.0,0.0,0.0,0.0,0.0,0.0,0.0,0.0,0.0,0.0,0.0,0.0,0.0,0.0,0.0,0.0,0.0,0.0,0.0,0.0,0.0,0.0,0.0,0.0,0.0,0.0,0.0,0.0,0.0,0.0,0.0,0.0,0.0,0.0,0.0014064697609001407,0.0,0.0,0.0,0.0,0.0,0.0,0.0,0.0,0.0,0.0,0.0,0.0,0.0,0.0,0.0,0.0,0.0,0.004219409282700422,0.0,0.0,0.0,0.0,0.0,0.0,0.0,0.0,0.0,0.0,0.0,0.0,0.0,0.0,0.0,0.0,0.0,0.0,0.0,0.0,0.0,0.0,0.0,0.0,0.0,0.0,0.0,0.0,0.0,0.0,0.0,0.0,0.0,0.0,0.0,0.0,0.0007032348804500703,0.0,0.0,0.0,0.0,0.0,0.07876230661040788,0.0,0.0,0.0,0.0,0.0,0.0,0.0,0.0,0.0,0.0,0.0,0.0,0.0,0.0,0.0,0.0,0.0,0.0,0.0,0.0,0.0,0.0,0.0007032348804500703,0.0,0.0,0.0,0.0,0.0,0.0,0.0007032348804500703,0.0035161744022503515,0.0,0.009845288326300985,0.0,0.0,0.0,0.0007032348804500703,0.0,0.0,0.0,0.0,0.0,0.01828410689170183,0.0,0.0,0.0,0.0,0.0
193 MRN-PPN-CUN Pax8 Gaba,0.0,0.0,0.0,0.0,0.0,0.0,0.0,0.0,0.0,0.0,0.0,0.0,0.0,0.0,0.0,0.0,0.0,0.0,0.0,0.0043859649122807015,0.0,0.0,0.0043859649122807015,0.0,0.0,0.0,0.0,0.0,0.0,0.0,0.0,0.0,0.0,0.0,0.0,0.0,0.0,0.0,0.0,0.0021929824561403508,0.0,0.0043859649122807015,0.0,0.0,0.0021929824561403508,0.0,0.0,0.0,0.0,0.0,0.015350877192982455,0.0,0.0,0.0,0.043859649122807015,0.0,0.0,0.0,0.0,0.0,0.0,0.0,0.0,0.0,0.0,0.0,0.0,0.0,0.0,0.0,0.0,0.0,0.0,0.0,0.0,0.0,0.0,0.0,0.0,0.0,0.0,0.0,0.0,0.0,0.0,0.0,0.0,0.0,0.0,0.0,0.0,0.0,0.010964912280701754,0.0,0.0,0.0,0.0021929824561403508,0.0,0.0,0.0,0.0,0.0,0.05921052631578947,0.0,0.0,0.0021929824561403508,0.0021929824561403508,0.0,0.0,0.0,0.0,0.0,0.0,0.010964912280701754,0.0,0.0,0.0,0.0,0.0,0.0,0.0,0.0,0.0,0.0,0.0,0.0,0.0,0.0,0.0,0.0,0.0,0.1337719298245614,0.0,0.0,0.0,0.0,0.0,0.0,0.0,0.0,0.0,0.0,0.0,0.0,0.0,0.0,0.15350877192982457,0.0,0.0,0.0,0.0,0.0,0.0,0.0,0.0,0.0,0.0,0.0,0.0,0.0,0.0,0.0,0.0,0.0,0.0,0.0,0.0,0.0,0.0,0.008771929824561403,0.0,0.0,0.0,0.17982456140350878,0.0,0.0,0.0,0.0,0.02631578947368421,0.0,0.0,0.0,0.0,0.0,0.0,0.0,0.0,0.0,0.0,0.0,0.0,0.0,0.0,0.0,0.0,0.0,0.0,0.0,0.0,0.0,0.0,0.0,0.15789473684210525,0.0,0.0,0.0,0.0,0.0,0.0,0.06798245614035088,0.0,0.0,0.0,0.0,0.0,0.0,0.0,0.0,0.0,0.0,0.0,0.0,0.0,0.0,0.0021929824561403508,0.0,0.0,0.0,0.0,0.0,0.0,0.0,0.0,0.0,0.0,0.0,0.0,0.0,0.0,0.0,0.0,0.0,0.0,0.0,0.0,0.0,0.0,0.0,0.0,0.0,0.0,0.0,0.0,0.0,0.0,0.0,0.0,0.0,0.0,0.0,0.0,0.0,0.0043859649122807015,0.0,0.0,0.0,0.0,0.0,0.0,0.0,0.0,0.0,0.0,0.0,0.0,0.0,0.0,0.0,0.0,0.0,0.0,0.0,0.0,0.0,0.0,0.0,0.0,0.0,0.0,0.0,0.0,0.0,0.0,0.0,0.0,0.0,0.0,0.0,0.0,0.0021929824561403508,0.0,0.0,0.0,0.0,0.0,0.0021929824561403508,0.0,0.0,0.0,0.0,0.0,0.0,0.0,0.0,0.0,0.0,0.0,0.0,0.0,0.0,0.0,0.0,0.0,0.0,0.0,0.0,0.0,0.0,0.0,0.0,0.0,0.0,0.0,0.0,0.0,0.0021929824561403508,0.0,0.0,0.05482456140350877,0.0,0.0,0.0,0.019736842105263157,0.0,0.0,0.0,0.0,0.0,0.006578947368421052,0.0,0.013157894736842105,0.0,0.0,0.0
194 MRN-VTN-PPN Pax5 Cdh23 Gaba,0.0,0.0,0.0,0.0,0.0,0.0,0.0,0.0,0.0,0.0,0.0,0.0,0.0,0.0,0.0,0.0,0.0,0.0,0.0,0.00631578947368421,0.0,0.0,0.0010526315789473684,0.0,0.0,0.0,0.0,0.0,0.0,0.0,0.0,0.0010526315789473684,0.0,0.0,0.0,0.0,0.0,0.0,0.0,0.003157894736842105,0.0,0.0,0.0,0.0,0.002105263157894737,0.0,0.0,0.0,0.0,0.0,0.0,0.0,0.0,0.0,0.015789473684210527,0.0,0.0,0.0,0.0,0.0,0.0,0.0,0.00631578947368421,0.0,0.0,0.0,0.0,0.0,0.0,0.0,0.0,0.0,0.0,0.0,0.0,0.0,0.0,0.0,0.0,0.0,0.0,0.0,0.0,0.0,0.0,0.0,0.0,0.0,0.0,0.0,0.0,0.0,0.0,0.0,0.0,0.0,0.005263157894736842,0.0,0.0,0.0,0.0,0.0,0.0,0.0,0.0,0.003157894736842105,0.0010526315789473684,0.0,0.0,0.0,0.0,0.0,0.0,0.007368421052631579,0.0,0.0,0.0,0.0,0.0,0.0,0.0,0.0,0.0,0.0,0.0,0.0,0.0,0.0,0.0,0.0,0.0,0.09578947368421052,0.0,0.0,0.0,0.0,0.0,0.0,0.0,0.0,0.0,0.0,0.0,0.0,0.0,0.0,0.2768421052631579,0.0,0.0,0.0,0.0,0.0,0.0,0.0,0.003157894736842105,0.0,0.0,0.0,0.0,0.0,0.0,0.0,0.0,0.0,0.0,0.0,0.0,0.0,0.0,0.015789473684210527,0.0,0.0,0.0,0.17894736842105263,0.0,0.0,0.0,0.0,0.016842105263157894,0.0,0.0,0.0010526315789473684,0.0,0.0,0.0,0.0,0.0,0.0,0.0,0.0,0.0,0.0,0.0,0.0,0.0,0.0,0.0,0.0,0.0,0.0,0.0,0.0,0.16105263157894736,0.0,0.0,0.0,0.0,0.0,0.0,0.05157894736842105,0.0,0.0,0.0,0.0,0.0,0.0,0.0,0.0,0.0,0.0,0.0,0.0,0.0,0.0,0.005263157894736842,0.0,0.0,0.0,0.0,0.0,0.0,0.0,0.0,0.0,0.0,0.0,0.0,0.0,0.0,0.049473684210526316,0.0,0.0,0.0,0.0,0.002105263157894737,0.0,0.0,0.0,0.0,0.0,0.0,0.0,0.0,0.0,0.0,0.0,0.0,0.0,0.0,0.0010526315789473684,0.0,0.003157894736842105,0.003157894736842105,0.0,0.0,0.0,0.0,0.0,0.0,0.0,0.0,0.0,0.0,0.0,0.0,0.0,0.0,0.0,0.0,0.0,0.0,0.0,0.0,0.0,0.0,0.0,0.0,0.0,0.0,0.0,0.0,0.0,0.0,0.0,0.0,0.0,0.0,0.0,0.0,0.0,0.0,0.0,0.0,0.0,0.0,0.002105263157894737,0.0,0.0,0.0,0.0,0.0,0.0,0.0,0.0,0.0,0.0,0.0,0.0,0.0,0.0,0.0,0.0,0.0,0.0,0.0,0.0,0.0,0.0010526315789473684,0.002105263157894737,0.0,0.0,0.0,0.0,0.0,0.0,0.0,0.0,0.0,0.04736842105263158,0.0,0.0,0.0,0.005263157894736842,0.0,0.0,0.0,0.0,0.002105263157894737,0.00631578947368421,0.0,0.015789473684210527,0.0,0.0,0.0
195 SNr-VTA Pax5 Npas1 Gaba,0.0,0.0,0.0,0.0011534025374855825,0.0,0.0,0.0,0.0,0.0,0.0,0.0,0.0,0.0,0.0,0.0,0.0,0.0,0.0,0.0,0.0,0.0,0.0,0.0,0.0,0.0,0.0,0.0,0.0,0.0,0.0,0.0,0.0,0.0,0.0,0.0,0.0,0.0,0.0,0.0005767012687427913,0.0005767012687427913,0.0,0.0,0.0,0.0,0.0005767012687427913,0.0,0.0,0.0,0.0,0.0,0.004036908881199538,0.0,0.0,0.0005767012687427913,0.0005767012687427913,0.0,0.0,0.0,0.0,0.0,0.0,0.0,0.0005767012687427913,0.0,0.0,0.0,0.0,0.0,0.0,0.0,0.0,0.0,0.0,0.0,0.0,0.0,0.0,0.0,0.0,0.0005767012687427913,0.0,0.0,0.0,0.0,0.0,0.0005767012687427913,0.0,0.0,0.0,0.0,0.0,0.0,0.0,0.0,0.0,0.0,0.007497116493656286,0.0,0.0,0.0,0.0,0.0,0.0005767012687427913,0.0,0.0,0.0,0.0,0.0,0.0,0.0,0.0,0.0,0.0,0.0028835063437139563,0.0,0.0,0.0,0.0017301038062283738,0.0,0.0,0.0,0.0,0.0,0.0,0.0,0.0,0.0,0.0,0.0005767012687427913,0.0,0.0,0.11764705882352941,0.0,0.0,0.0,0.0,0.0,0.0,0.0,0.0,0.0,0.0,0.0,0.0,0.0,0.0,0.08362168396770472,0.0,0.0132641291810842,0.0005767012687427913,0.0,0.0,0.002306805074971165,0.0005767012687427913,0.002306805074971165,0.0,0.0,0.0,0.0,0.0,0.0,0.0,0.0005767012687427913,0.0,0.0,0.0,0.0,0.0028835063437139563,0.0,0.006920415224913495,0.0,0.0,0.0,0.007497116493656286,0.0,0.0,0.0,0.0,0.0005767012687427913,0.0,0.0,0.0,0.0,0.0,0.0,0.0,0.0,0.0,0.0005767012687427913,0.0,0.0,0.0005767012687427913,0.0,0.0005767012687427913,0.0,0.0,0.0,0.0017301038062283738,0.0,0.0,0.0,0.0,0.020761245674740483,0.0,0.0,0.0,0.0,0.0,0.0005767012687427913,0.04209919261822376,0.0,0.0,0.0,0.0005767012687427913,0.0,0.0,0.0,0.0,0.0,0.0,0.0,0.0,0.0,0.0,0.0005767012687427913,0.0,0.0,0.0,0.0,0.0,0.0,0.0,0.0,0.0,0.0011534025374855825,0.0,0.0,0.0,0.0005767012687427913,0.012687427912341407,0.0,0.0,0.0,0.0,0.0005767012687427913,0.0,0.0,0.0,0.00461361014994233,0.0,0.0,0.0,0.0,0.0,0.0,0.0,0.0057670126874279125,0.0,0.0,0.0,0.0,0.05767012687427912,0.40426758938869667,0.0,0.0,0.0,0.0,0.0,0.0,0.0,0.0,0.0,0.0,0.0,0.0,0.0,0.0,0.0,0.0,0.0,0.0,0.0,0.0,0.0,0.0,0.0,0.0,0.0,0.0,0.0,0.0,0.0,0.0011534025374855825,0.0,0.0,0.0,0.0,0.0,0.0,0.0,0.0,0.0,0.0,0.0,0.0,0.0005767012687427913,0.0,0.0,0.0,0.0,0.0,0.0,0.0,0.0,0.0,0.0,0.0,0.0,0.0,0.0,0.0,0.0,0.0,0.0,0.0,0.0,0.0,0.040369088811995385,0.0017301038062283738,0.0,0.0,0.0,0.0,0.0,0.01845444059976932,0.0005767012687427913,0.012687427912341407,0.0,0.025374855824682813,0.0,0.0,0.05363321799307959,0.01730103806228374,0.0,0.0,0.0,0.0,0.004036908881199538,0.002306805074971165,0.0,0.004036908881199538,0.0005767012687427913,0.0,0.0
196 PAG-PPN Pax5 Sox21 Gaba,0.0,0.0,0.0,0.0,0.0,0.0,0.0,0.0,0.0,0.0,0.0,0.0,0.0,0.0,0.0,0.0,0.0,0.0,0.0,0.00944206008583691,0.0,0.0,0.0017167381974248926,0.0,0.0,0.0,0.0,0.0,0.0,0.0,0.0,0.0,0.0,0.0,0.0,0.0,0.0,0.0,0.0,0.0008583690987124463,0.0,0.0008583690987124463,0.0,0.0,0.002575107296137339,0.0,0.0,0.0,0.0,0.0,0.0,0.0,0.0,0.0,0.0240343347639485,0.0,0.0,0.0,0.0,0.0,0.0,0.0,0.015450643776824034,0.0,0.0008583690987124463,0.0,0.0,0.0,0.0,0.0,0.0,0.0,0.0,0.0,0.0,0.0,0.0,0.0,0.0,0.0,0.0,0.0,0.0,0.0,0.0,0.0,0.0,0.0,0.0,0.0,0.007725321888412017,0.0,0.0008583690987124463,0.0,0.0,0.0,0.0008583690987124463,0.0,0.0,0.0,0.0,0.0,0.0008583690987124463,0.0,0.0,0.0008583690987124463,0.0017167381974248926,0.0,0.0,0.0,0.0,0.0,0.0,0.0008583690987124463,0.0,0.0,0.0,0.0,0.0,0.0,0.0,0.0,0.0,0.0,0.0,0.0,0.0,0.0,0.0,0.0,0.0,0.12017167381974249,0.0,0.0,0.0,0.0,0.0,0.0,0.0,0.0,0.0,0.0,0.0,0.0,0.0,0.0,0.1459227467811159,0.0,0.0008583690987124463,0.0,0.0,0.0,0.0,0.0,0.0,0.0,0.0,0.0,0.0,0.0,0.0,0.0,0.0,0.0,0.0,0.0,0.0,0.0,0.0,0.0034334763948497852,0.0,0.0,0.0,0.392274678111588,0.0,0.0,0.0,0.0,0.0008583690987124463,0.0,0.0,0.0,0.0,0.0,0.0,0.0,0.0,0.0,0.0,0.0,0.0,0.0,0.0,0.0,0.0,0.0,0.0,0.0,0.0,0.0,0.0,0.0,0.09527896995708154,0.0,0.0,0.0,0.0,0.0,0.0,0.006008583690987125,0.0,0.0,0.0,0.0,0.0,0.0,0.0,0.0,0.0,0.0,0.0,0.0,0.0,0.0,0.0008583690987124463,0.0,0.0,0.0,0.0,0.0,0.0,0.0,0.0,0.0,0.0,0.0,0.0,0.0,0.0,0.048927038626609444,0.0,0.0,0.0,0.0,0.0008583690987124463,0.0,0.0,0.0,0.0,0.0,0.0,0.0,0.0,0.0,0.0,0.0,0.0,0.0,0.0,0.0,0.0,0.010300429184549357,0.04978540772532189,0.0,0.0,0.0,0.0,0.0,0.0,0.0,0.0,0.0,0.0,0.0,0.0,0.0,0.0,0.0,0.0,0.0,0.0,0.0,0.0,0.0,0.0,0.0,0.0,0.0,0.0,0.0,0.0,0.0,0.0,0.0,0.0,0.0,0.0,0.0,0.0,0.0,0.0,0.0,0.0,0.0,0.0,0.0,0.0,0.0,0.0,0.0,0.0,0.0,0.0,0.0,0.0,0.0,0.0,0.0,0.0,0.0,0.0,0.0,0.0,0.0,0.0,0.0,0.0,0.0240343347639485,0.0,0.0,0.0,0.0,0.0,0.0,0.0,0.0,0.0,0.0,0.00944206008583691,0.0,0.0,0.002575107296137339,0.00944206008583691,0.0,0.0,0.0,0.0,0.0034334763948497852,0.0034334763948497852,0.0,0.002575107296137339,0.0,0.0,0.0
197 SNr Six3 Gaba,0.0021854511395566654,0.0,0.0,0.00031220730565095225,0.0,0.0,0.0,0.0,0.0,0.0,0.0,0.0,0.0,0.0,0.0,0.0,0.0,0.009054011863877614,0.0,0.0,0.0,0.0,0.0,0.0,0.0,0.0,0.0,0.0,0.0,0.0,0.0,0.0,0.0,0.0,0.0,0.0,0.0,0.0,0.009990633780830472,0.005931938807368093,0.00031220730565095225,0.0,0.0,0.0,0.0,0.0,0.0,0.0,0.0,0.0031220730565095223,0.004058694973462379,0.0,0.0,0.00031220730565095225,0.002497658445207618,0.0,0.0,0.0006244146113019045,0.0,0.0,0.0,0.0,0.0,0.0,0.0,0.0,0.0,0.0,0.0,0.0,0.0,0.0,0.0,0.0,0.0,0.0,0.0,0.0,0.0,0.08616921635966282,0.0009366219169528567,0.0,0.0,0.0,0.0,0.002497658445207618,0.0,0.0,0.0,0.0,0.005931938807368093,0.0006244146113019045,0.0,0.0,0.0006244146113019045,0.0,0.0015610365282547611,0.0,0.0,0.0,0.0,0.00842959725257571,0.0,0.0,0.0,0.0,0.0,0.0,0.0,0.0,0.0021854511395566654,0.0,0.0,0.0,0.0,0.00842959725257571,0.0,0.0009366219169528567,0.0,0.0,0.0,0.0,0.00031220730565095225,0.0,0.0,0.0,0.0,0.0009366219169528567,0.0018732438339057135,0.0,0.0,0.06962222916016235,0.0,0.0,0.0,0.0,0.0,0.00031220730565095225,0.0,0.0,0.0,0.0,0.0,0.0,0.0,0.0,0.14330315329378707,0.00031220730565095225,0.0,0.012800499531689042,0.0015610365282547611,0.0006244146113019045,0.0009366219169528567,0.0018732438339057135,0.0021854511395566654,0.0,0.0,0.0,0.00031220730565095225,0.0,0.0,0.0,0.002497658445207618,0.0,0.0,0.0,0.0,0.0,0.0,0.0015610365282547611,0.0,0.0,0.0,0.06306587574149235,0.0006244146113019045,0.0,0.0,0.0,0.0006244146113019045,0.0006244146113019045,0.0,0.00280986575085857,0.0,0.0,0.0009366219169528567,0.0,0.00031220730565095225,0.0,0.0015610365282547611,0.0,0.0,0.0,0.0015610365282547611,0.0015610365282547611,0.0,0.0,0.0,0.0,0.0,0.0,0.0,0.00031220730565095225,0.002497658445207618,0.0,0.0,0.0,0.0,0.0,0.0006244146113019045,0.025600999063378083,0.0,0.0,0.0,0.0,0.0,0.0,0.0,0.0,0.0,0.0,0.0,0.0,0.0,0.0,0.0,0.0,0.0,0.0,0.0,0.0,0.0,0.0,0.0,0.0,0.025913206369029034,0.0,0.0,0.0015610365282547611,0.0009366219169528567,0.00031220730565095225,0.0,0.00031220730565095225,0.0,0.0,0.004683109584764283,0.0,0.0,0.0,0.023103340618170466,0.0,0.0,0.0,0.0,0.0,0.0,0.0,0.008117389946924758,0.00031220730565095225,0.00031220730565095225,0.00031220730565095225,0.0,0.019044645644708084,0.20293474867311895,0.0,0.0,0.0,0.0,0.0,0.001248829222603809,0.0,0.0,0.0,0.0,0.00031220730565095225,0.00031220730565095225,0.0,0.0,0.0,0.0,0.0,0.001248829222603809,0.0006244146113019045,0.0,0.0,0.0,0.014673743365594755,0.0,0.0,0.00031220730565095225,0.0,0.0,0.0,0.00031220730565095225,0.0,0.0,0.0,0.0,0.0,0.0,0.0,0.0,0.0,0.0,0.0,0.0,0.004370902279113331,0.0,0.0,0.0,0.0,0.0,0.0,0.0,0.0,0.0,0.0,0.0,0.0,0.0,0.0,0.0009366219169528567,0.0,0.0,0.0006244146113019045,0.0,0.0,0.0,0.0,0.0,0.0006244146113019045,0.0,0.0,0.0,0.0,0.09678426475179519,0.0,0.004058694973462379,0.0,0.006868560724320949,0.0,0.0,0.061192631907586635,0.00280986575085857,0.0006244146113019045,0.006868560724320949,0.0009366219169528567,0.004058694973462379,0.0,0.00031220730565095225,0.0,0.0006244146113019045,0.0009366219169528567,0.0,0.0
198 IC Six3 En2 Gaba,0.0,0.0,0.0,0.0,0.0,0.0,0.0,0.0,0.0,0.0,0.0,0.0,0.0,0.0,0.0,0.0,0.0,0.001631511478848619,0.0,0.0,0.0,0.0,0.0,0.0,0.0,0.0,0.0,0.0,0.0,0.0,0.0,0.0,0.0,0.0,0.0,0.0,0.0,0.0,0.0,0.012585945693975061,0.0,0.009555995804684768,0.0,0.0,0.0,0.0,0.0,0.0,0.0,0.0,0.00034960960261041835,0.0,0.0,0.03822398321873907,0.07528260109544342,0.0,0.0,0.0001165365342034728,0.0,0.0,0.0,0.0,0.0,0.0001165365342034728,0.0,0.0,0.0,0.0,0.0,0.0,0.0,0.0,0.0,0.0,0.0,0.0,0.0,0.0,0.0,0.0,0.0,0.0,0.0,0.0,0.0,0.0001165365342034728,0.0,0.0,0.0,0.0,0.3708192518354504,0.0,0.0,0.0,0.0,0.0,0.0001165365342034728,0.0,0.0,0.0,0.0,0.0,0.0,0.0,0.0,0.0,0.00034960960261041835,0.0,0.0,0.0,0.0,0.0,0.0,0.0001165365342034728,0.0,0.0005826826710173639,0.0,0.0,0.0,0.0,0.0,0.0,0.0,0.0,0.0,0.0,0.0,0.0,0.0,0.0,0.0,0.19205220836732315,0.0,0.0,0.0,0.0,0.0,0.0,0.0,0.0,0.0,0.0,0.0,0.0,0.0,0.0,0.1473021792331896,0.0,0.0,0.0,0.0,0.008041020860039622,0.0,0.0,0.0012819018762382007,0.0,0.0,0.0001165365342034728,0.0,0.0,0.0,0.0,0.0,0.0,0.0,0.0,0.0,0.0,0.0,0.0004661461368138912,0.0,0.0,0.0,0.041137396573825896,0.0,0.0,0.0,0.0,0.0011653653420347278,0.0017480480130520918,0.0,0.0,0.0,0.0,0.0,0.0,0.0,0.0,0.0,0.0,0.0,0.0,0.00034960960261041835,0.0,0.0,0.0,0.0,0.0,0.0,0.0001165365342034728,0.0002330730684069456,0.0001165365342034728,0.010954434215126442,0.0005826826710173639,0.0,0.0,0.0,0.0,0.0,0.0002330730684069456,0.0,0.0,0.0,0.0,0.0,0.0,0.0,0.0,0.0,0.0,0.0,0.0,0.0,0.0,0.0,0.0,0.0,0.0,0.0,0.0,0.0,0.0,0.0,0.0,0.0006992192052208367,0.0,0.0,0.0,0.0001165365342034728,0.0006992192052208367,0.0,0.0,0.0,0.0,0.014567066775434099,0.0,0.0,0.0,0.011420580351940334,0.0006992192052208367,0.0,0.0,0.0,0.0,0.0,0.0,0.0,0.009322922736277823,0.0,0.0,0.0,0.0008157557394243095,0.0002330730684069456,0.0,0.0,0.0,0.0,0.0,0.0,0.0,0.0,0.0,0.0,0.0,0.0,0.0,0.0,0.0,0.0,0.0,0.0,0.0,0.0,0.0,0.0,0.0,0.0,0.0,0.0,0.0,0.0,0.0,0.0,0.0,0.0,0.0,0.0,0.0,0.0,0.0,0.0,0.0,0.0,0.0,0.0,0.033562521850600165,0.0,0.0,0.0,0.0,0.0,0.0,0.0,0.0,0.0,0.0,0.0,0.0,0.0,0.0,0.0,0.0,0.0,0.0,0.0,0.0,0.0,0.0001165365342034728,0.0,0.0,0.0,0.0,0.0,0.0,0.0004661461368138912,0.0,0.00291341335508682,0.0,0.0,0.0,0.0,0.0,0.0002330730684069456,0.0,0.0004661461368138912,0.0,0.0,0.0,0.0,0.0,0.0,0.007807947791632677,0.0,0.0
199 PAG-MRN-RN Foxa2 Gaba,0.0,0.0,0.0,0.0,0.0,0.0,0.0,0.0,0.0,0.0,0.0,0.0,0.0,0.0,0.0,0.0,0.0,0.0017346053772766695,0.0,0.0,0.0,0.0,0.0,0.0,0.0,0.0,0.0,0.0,0.0,0.0,0.0,0.0008673026886383347,0.0,0.0,0.0,0.0,0.0,0.0,0.0,0.0,0.0,0.0,0.0,0.0,0.011274934952298352,0.0,0.0,0.0,0.0,0.0,0.0,0.0,0.0,0.0,0.0008673026886383347,0.0,0.0,0.0,0.0,0.0,0.0,0.0,0.010407632263660017,0.0,0.0,0.0,0.0,0.0,0.0,0.0,0.0,0.0,0.0,0.0,0.0,0.0,0.0,0.0,0.0,0.0,0.0,0.0,0.0,0.0,0.0,0.0008673026886383347,0.0,0.0,0.0,0.0,0.0017346053772766695,0.0,0.0008673026886383347,0.0,0.0,0.0,0.008673026886383347,0.0,0.0,0.0,0.0,0.0,0.0,0.0,0.0,0.003469210754553339,0.0008673026886383347,0.0,0.0,0.0,0.0,0.0,0.0,0.0,0.0,0.0,0.0,0.0008673026886383347,0.0,0.0,0.005203816131830009,0.0,0.0,0.0,0.0,0.0,0.0,0.0,0.0,0.0,0.0,0.1344319167389419,0.0,0.0,0.0,0.0,0.0,0.0,0.0,0.0,0.0,0.0,0.0,0.0,0.0,0.0,0.22983521248915872,0.0,0.0017346053772766695,0.0,0.0,0.0,0.0,0.0,0.0,0.0,0.0,0.0,0.0,0.0,0.0,0.0,0.0,0.0,0.0,0.0,0.0,0.0,0.0,0.0,0.0,0.0,0.0,0.3686036426712923,0.0,0.0,0.0,0.0,0.0,0.0,0.0,0.0,0.0,0.0,0.0,0.0,0.0,0.0,0.0,0.0,0.0,0.0,0.0,0.0,0.0,0.0,0.0,0.0,0.0,0.0,0.0,0.0,0.0026019080659150044,0.0,0.0,0.0,0.0,0.0,0.0,0.004336513443191674,0.0,0.0,0.0,0.0,0.0,0.0,0.0,0.0,0.0,0.0,0.0,0.0,0.0,0.0,0.011274934952298352,0.0,0.0,0.0,0.0,0.0,0.0,0.0,0.0017346053772766695,0.0,0.09280138768430182,0.0,0.0,0.0,0.0,0.03295750216825672,0.0,0.0,0.0,0.0,0.0008673026886383347,0.0,0.0,0.0,0.0,0.0,0.0,0.0,0.0,0.0,0.0,0.0,0.0,0.0,0.0,0.0,0.0,0.0,0.0,0.0,0.0,0.0,0.0,0.0,0.0,0.0,0.0,0.0,0.0,0.0,0.0,0.0,0.0,0.0,0.0,0.0,0.0,0.0,0.0,0.015611448395490026,0.0,0.0,0.0,0.0,0.0,0.0,0.0,0.0,0.0,0.0,0.0,0.0,0.0,0.0,0.0,0.0,0.0,0.0,0.0,0.0,0.0,0.0017346053772766695,0.0,0.0,0.0,0.0,0.0,0.0,0.0,0.0,0.0,0.0,0.0,0.0,0.0,0.0,0.0,0.0,0.0,0.0,0.0,0.0,0.0,0.013876843018213356,0.0,0.0,0.0,0.0,0.0,0.0,0.0,0.0,0.0,0.0,0.004336513443191674,0.0,0.0,0.0,0.007805724197745013,0.0,0.0,0.0,0.0,0.004336513443191674,0.012142237640936688,0.0,0.011274934952298352,0.0,0.0,0.0
200 PAG-ND-PCG Onecut1 Gaba,0.0,0.0,0.0,0.0,0.0,0.0,0.0,0.0,0.0,0.0,0.0,0.0,0.0,0.0,0.0,0.0,0.0,0.0,0.0,0.0007407407407407407,0.0,0.0,0.0,0.0,0.0,0.0,0.0,0.0,0.0,0.0,0.0,0.0,0.0,0.0,0.0,0.0,0.0,0.0,0.0,0.0022222222222222222,0.0,0.0,0.0,0.0,0.0,0.0,0.0,0.0,0.0,0.0,0.014074074074074074,0.0,0.0,0.0,0.0,0.0,0.0,0.0,0.0,0.0,0.0,0.0,0.007407407407407408,0.0,0.1688888888888889,0.0,0.0,0.0,0.0,0.0,0.0,0.0,0.0,0.0,0.0,0.0007407407407407407,0.0,0.0,0.0,0.0,0.0,0.0014814814814814814,0.0,0.0,0.0,0.0,0.0,0.0,0.0,0.0,0.0,0.0014814814814814814,0.0,0.0,0.0,0.0022222222222222222,0.0022222222222222222,0.0,0.0,0.0,0.0,0.002962962962962963,0.012592592592592593,0.0,0.0,0.0,0.0,0.0,0.0,0.0,0.003703703703703704,0.0,0.0,0.01925925925925926,0.0,0.0,0.0,0.0,0.0,0.0,0.0,0.0,0.0,0.0,0.0,0.0,0.0,0.0,0.0,0.0,0.0,0.03851851851851852,0.0,0.0,0.0,0.0,0.0,0.0,0.0,0.0,0.0,0.0,0.0,0.0,0.0,0.0,0.08888888888888889,0.0,0.0,0.008888888888888889,0.002962962962962963,0.0,0.0,0.03481481481481481,0.042222222222222223,0.0,0.0,0.0,0.0,0.0,0.0014814814814814814,0.0,0.0,0.0,0.0,0.0,0.0,0.0,0.0,0.06222222222222222,0.0007407407407407407,0.0,0.0,0.1725925925925926,0.0,0.0,0.0,0.0,0.0014814814814814814,0.0,0.0,0.11555555555555555,0.0,0.0,0.0,0.0,0.0,0.0,0.017777777777777778,0.0,0.0,0.0,0.0,0.0,0.0,0.0,0.0,0.0,0.0,0.0,0.0,0.0,0.0022222222222222222,0.0,0.0,0.0,0.0,0.0,0.03259259259259259,0.014074074074074074,0.0,0.0,0.0,0.0,0.0,0.0,0.0,0.0,0.0,0.0,0.0,0.0,0.0,0.0,0.0,0.0,0.0,0.0,0.0,0.0,0.0,0.0,0.0007407407407407407,0.0,0.01037037037037037,0.0,0.0,0.0007407407407407407,0.02,0.0007407407407407407,0.0,0.0,0.0,0.0,0.0,0.0,0.0,0.0,0.0,0.0,0.0,0.0,0.0,0.0,0.0,0.0,0.0,0.0,0.0,0.008888888888888889,0.0,0.0,0.0,0.0,0.025925925925925925,0.0007407407407407407,0.0,0.0,0.0,0.0,0.0,0.0,0.0,0.0,0.0,0.0,0.0,0.0,0.0,0.0,0.0,0.0,0.0,0.0007407407407407407,0.0014814814814814814,0.011851851851851851,0.0,0.0,0.0,0.0,0.0,0.0,0.0007407407407407407,0.0,0.0,0.0,0.0,0.0,0.0,0.0,0.0,0.0,0.0,0.0,0.0007407407407407407,0.008148148148148147,0.0,0.0,0.0,0.0,0.0,0.0,0.0,0.0,0.0,0.0,0.0,0.0,0.0,0.0,0.0,0.0,0.0,0.0,0.0,0.0,0.0,0.008148148148148147,0.0,0.0022222222222222222,0.0007407407407407407,0.0,0.0,0.0,0.0007407407407407407,0.0,0.011111111111111112,0.0,0.002962962962962963,0.0,0.0,0.0007407407407407407,0.0007407407407407407,0.0,0.0,0.0,0.0,0.0007407407407407407,0.0022222222222222222,0.0,0.0007407407407407407,0.0,0.0,0.0
201 PAG-RN Nkx2-2 Otx1 Gaba,0.0,0.0,0.0,0.0,0.0,0.0,0.0,0.0,0.0,0.0,0.0,0.0,0.0,0.0,0.0,0.0,0.0,0.013426156141223273,0.0,0.0014917951268025858,0.0,0.0,0.0,0.0,0.0,0.0,0.0,0.0,0.0,0.0,0.0,0.0,0.0,0.0,0.0,0.0,0.0,0.0,0.0,0.0,0.0,0.002486325211337643,0.0,0.0,0.0004972650422675286,0.0,0.0,0.0,0.0,0.0,0.0,0.0,0.0,0.0,0.011437095972153158,0.0,0.0,0.0,0.0,0.0,0.0,0.0,0.005967180507210343,0.0,0.0,0.0,0.0,0.0,0.0,0.0,0.0,0.0,0.0,0.0,0.0,0.0,0.0,0.0,0.0,0.0,0.0,0.0,0.0,0.0,0.0,0.0,0.0,0.0,0.0,0.0,0.012928891098955743,0.0,0.0,0.0,0.0,0.002486325211337643,0.0034808552958727,0.0,0.0,0.0,0.0,0.0,0.0,0.0,0.0,0.0,0.0,0.0,0.0,0.0,0.0,0.0,0.0,0.0014917951268025858,0.0,0.0,0.0,0.0,0.0,0.0,0.0,0.0,0.0,0.0,0.0,0.0,0.0,0.0,0.0,0.0004972650422675286,0.0,0.07757334659373447,0.0,0.0,0.0,0.0,0.0,0.0,0.0,0.0,0.0,0.0,0.0,0.0,0.0,0.0,0.27200397812033816,0.0,0.0,0.0,0.0,0.0,0.0,0.0,0.0,0.0,0.0,0.0,0.0,0.0,0.0004972650422675286,0.0,0.0,0.0,0.0,0.0,0.0,0.0,0.0,0.002486325211337643,0.0,0.0,0.0,0.42565887618100445,0.0,0.0,0.0,0.0,0.0004972650422675286,0.0,0.0,0.0004972650422675286,0.0,0.0,0.0,0.0,0.0,0.0,0.0004972650422675286,0.0,0.0,0.0,0.0,0.0,0.0,0.0,0.0,0.0,0.0,0.0,0.0,0.0,0.011934361014420686,0.0,0.0,0.0,0.0,0.0,0.0,0.0044753853804077575,0.0,0.0,0.0,0.0,0.0,0.0,0.0,0.0,0.0,0.0,0.0,0.0,0.0,0.0,0.0044753853804077575,0.0,0.0,0.0,0.0,0.0,0.0,0.0,0.0,0.0,0.09298856290402785,0.0,0.0,0.0004972650422675286,0.0,0.018896071606166086,0.0,0.0,0.0,0.0,0.0014917951268025858,0.0,0.0,0.0,0.003978120338140228,0.0,0.0,0.0,0.0,0.0,0.0,0.0,0.0,0.0,0.0,0.0004972650422675286,0.0,0.0,0.0,0.0,0.0014917951268025858,0.0,0.0,0.0,0.0,0.0,0.0,0.0,0.0,0.0,0.0,0.0,0.0,0.0,0.0,0.0,0.0,0.0,0.0,0.0,0.0,0.0,0.0,0.0,0.0,0.0,0.0,0.0,0.0004972650422675286,0.0,0.0,0.0,0.0,0.0,0.0,0.0,0.0,0.0,0.0,0.0,0.0,0.0,0.0,0.0,0.0,0.0,0.0,0.0,0.0,0.0,0.0,0.0,0.0,0.0,0.0,0.0,0.0,0.0,0.0,0.0,0.0,0.0,0.0,0.007956240676280457,0.0,0.0,0.0,0.0,0.0,0.0,0.001989060169070114,0.0,0.0014917951268025858,0.0,0.0014917951268025858,0.0,0.0,0.0,0.0034808552958727,0.0,0.0,0.0,0.0,0.0029835902536051715,0.001989060169070114,0.0,0.000994530084535057,0.0004972650422675286,0.0,0.0
202 PRT Tcf7l2 Gaba,0.0,0.0,0.0,0.0,0.0,0.0,0.0,0.0,0.0,0.0,0.0,0.0,0.0,0.0,0.0,0.0,0.0,0.3346188074755265,0.0,0.0,0.0,0.0,0.0,0.0,0.0,0.0,0.0,0.0,0.0,0.0,0.0,0.0002966478789676654,0.0,0.0,0.0,0.0,0.0,0.0,0.0,0.0,0.0,0.0,0.0,0.0,0.0,0.0,0.0,0.0,0.0,0.0,0.0,0.0,0.0,0.0,0.0,0.0,0.0,0.00385642242657965,0.0,0.0,0.0,0.0,0.0,0.0,0.0,0.0,0.0,0.0,0.0,0.0,0.0,0.0,0.0011865915158706616,0.0,0.0,0.0,0.0,0.0,0.0,0.0,0.0,0.0,0.0,0.0,0.0,0.0017798872738059924,0.0,0.0,0.0,0.0,0.0002966478789676654,0.0,0.0,0.0,0.0,0.0,0.0008899436369029962,0.0029664787896766538,0.0,0.0,0.0,0.0,0.0,0.0,0.0,0.0,0.0,0.0,0.0,0.0,0.0,0.0,0.0,0.0002966478789676654,0.0,0.0,0.003263126668644319,0.0002966478789676654,0.0,0.0,0.0,0.0026698309107089885,0.0,0.0,0.0,0.0,0.0,0.0,0.0,0.0,0.0,0.29605458320973005,0.0,0.0,0.0,0.0,0.0,0.0,0.0029664787896766538,0.0,0.0,0.0,0.0,0.0,0.0,0.0002966478789676654,0.1266686443191931,0.0,0.0,0.0,0.0,0.0005932957579353308,0.0,0.0,0.0,0.0,0.0,0.009789380005932958,0.043903886087214475,0.0,0.0,0.0,0.0,0.006822901216256304,0.0,0.0,0.0,0.0,0.0,0.0002966478789676654,0.0,0.0,0.0,0.07742509641056067,0.0,0.0,0.0,0.0,0.0,0.0,0.0,0.0002966478789676654,0.0,0.0,0.0,0.0,0.005043013942450311,0.0,0.0002966478789676654,0.0,0.0,0.0014832393948383269,0.0002966478789676654,0.0,0.0,0.0,0.0,0.0,0.0008899436369029962,0.0,0.0,0.0,0.0,0.0011865915158706616,0.0,0.0,0.0,0.0,0.0,0.0005932957579353308,0.0,0.0,0.0,0.0002966478789676654,0.0,0.0,0.0,0.0,0.0,0.0,0.0,0.0,0.0,0.0,0.0,0.0,0.0,0.0,0.0,0.0,0.0,0.0,0.0,0.0,0.0005932957579353308,0.0,0.0,0.0035597745476119848,0.0002966478789676654,0.0,0.0,0.0,0.0,0.0,0.0,0.0,0.0,0.0002966478789676654,0.005043013942450311,0.005043013942450311,0.0,0.0,0.0,0.0,0.0,0.0,0.0,0.0,0.0,0.0,0.0,0.0002966478789676654,0.0,0.0,0.0,0.0,0.0,0.0005932957579353308,0.0,0.0,0.0,0.0,0.0,0.0,0.0,0.0,0.0,0.0,0.0,0.0,0.0,0.0,0.0,0.0,0.0002966478789676654,0.0,0.0,0.0,0.010382675763868289,0.0,0.0,0.0,0.0,0.0,0.0,0.0,0.0,0.0,0.006822901216256304,0.0,0.0,0.0,0.0,0.0,0.0,0.0008899436369029962,0.0,0.0,0.0,0.0,0.0,0.0,0.0,0.0,0.0,0.0,0.0,0.0,0.0,0.0,0.0002966478789676654,0.0,0.0,0.0,0.0,0.0,0.0,0.0026698309107089885,0.0,0.0,0.0,0.0,0.0,0.0,0.014239098190447939,0.0,0.015129041827350934,0.0,0.0,0.0,0.0,0.0,0.004153070305547315,0.0,0.0,0.0002966478789676654,0.0002966478789676654,0.0011865915158706616,0.0,0.0,0.0,0.0,0.0,0.0
203 LGv-SPFp-SPFm Nkx2-2 Tcf7l2 Gaba,0.0,0.0,0.0,0.0,0.0,0.0,0.0,0.0,0.0,0.0,0.0,0.0,0.0,0.0,0.0,0.0,0.0,0.007424593967517401,0.0,0.0,0.0,0.0,0.0,0.0,0.0,0.0,0.0,0.0004640371229698376,0.0,0.0,0.0,0.0,0.0,0.0,0.0,0.0,0.0,0.0,0.0018561484918793504,0.0,0.0,0.0,0.0,0.0,0.0,0.0,0.0,0.0,0.0,0.0,0.0,0.0,0.0,0.0,0.0,0.0,0.0,0.012064965197215777,0.0,0.0,0.0,0.0,0.0,0.0,0.0,0.0,0.0,0.0,0.0,0.0,0.0,0.0,0.0,0.0,0.0,0.0,0.0,0.0,0.0,0.0,0.0004640371229698376,0.0,0.0,0.0,0.0,0.05522041763341067,0.0,0.0,0.0,0.0,0.0,0.0,0.0,0.0,0.02320185614849188,0.0,0.0,0.005568445475638051,0.0,0.0,0.0,0.0,0.0,0.0,0.0,0.0,0.0,0.0,0.0,0.0,0.0,0.0,0.0,0.0,0.0009280742459396752,0.17865429234338748,0.0004640371229698376,0.0013921113689095127,0.0,0.0,0.0,0.002320185614849188,0.0,0.0,0.0,0.0,0.0,0.0032482598607888632,0.0,0.0,0.0,0.14524361948955916,0.0,0.0,0.0,0.0,0.0,0.018561484918793503,0.0,0.0,0.0,0.0,0.0,0.0,0.0,0.0,0.048723897911832945,0.0,0.0,0.0,0.0,0.0013921113689095127,0.0,0.0,0.0,0.0,0.0,0.0,0.0013921113689095127,0.0,0.0,0.0,0.0,0.0009280742459396752,0.0,0.0,0.0,0.0,0.0,0.0,0.0,0.0,0.0,0.0069605568445475635,0.0,0.0,0.0,0.0,0.0,0.0,0.0,0.0,0.0,0.0,0.0,0.0,0.0004640371229698376,0.0,0.0,0.0,0.0,0.01531322505800464,0.013921113689095127,0.0,0.0,0.0,0.0,0.0,0.0,0.002320185614849188,0.0,0.0027842227378190253,0.0,0.0004640371229698376,0.0,0.0013921113689095127,0.0,0.0,0.0,0.0,0.0,0.0,0.0,0.0,0.0,0.0,0.0004640371229698376,0.0060324825986078886,0.0,0.0,0.0,0.0,0.0,0.0,0.0,0.0,0.0,0.002320185614849188,0.0,0.0,0.0,0.0,0.0,0.0,0.0,0.0,0.0,0.0009280742459396752,0.0,0.0,0.0,0.0,0.0,0.0,0.0,0.0,0.0,0.0,0.0027842227378190253,0.0,0.0,0.0,0.0,0.0,0.0,0.0,0.0,0.0,0.0,0.0,0.0,0.0027842227378190253,0.0,0.0,0.0,0.014849187935034803,0.045475638051044084,0.0004640371229698376,0.0,0.0,0.0,0.0,0.0,0.0,0.0,0.0,0.0,0.0,0.0,0.0,0.0,0.0,0.0,0.0004640371229698376,0.0,0.0,0.0009280742459396752,0.0,0.038051044083526685,0.0,0.0,0.0,0.0,0.0,0.0,0.0,0.0,0.0,0.0,0.0,0.0,0.0004640371229698376,0.0,0.0,0.0,0.0,0.0,0.0,0.0,0.0,0.0,0.0,0.0,0.0,0.0,0.0,0.0,0.0,0.0,0.0,0.0013921113689095127,0.0,0.0,0.0004640371229698376,0.0004640371229698376,0.0,0.00788863109048724,0.0027842227378190253,0.0,0.0,0.0,0.0,0.0,0.0,0.145707656612529,0.0,0.023665893271461718,0.0,0.0,0.0,0.0,0.007424593967517401,0.008352668213457077,0.0,0.08677494199535962,0.025522041763341066,0.016241299303944315,0.004176334106728539,0.0,0.0,0.0,0.0,0.0,0.0
204 SC Otx2 Gcnt4 Gaba,0.0,0.0,0.0,0.0,0.0,0.0,0.0,0.0,0.0,0.0,0.0,0.0,0.0,0.0,0.0,0.0,0.0,0.018518518518518517,0.0,0.0,0.0,0.0,0.0,0.0,0.0,0.0,0.0,0.0,0.0,0.0,0.0,0.0,0.0,0.0,0.0,0.0,0.0,0.0,0.0,0.0,0.0,0.0,0.0,0.0,0.0,0.0,0.0,0.0,0.0,0.0,0.0,0.0,0.0,0.0,0.0,0.0,0.0,0.0,0.0,0.0,0.0,0.0,0.0,0.0026455026455026454,0.0,0.0,0.0,0.0,0.0,0.0,0.0,0.0,0.0,0.0,0.0,0.0,0.0,0.0,0.0,0.0,0.0,0.0,0.0,0.0,0.0026455026455026454,0.0,0.0,0.0,0.0,0.0,0.03439153439153439,0.0,0.0,0.0,0.0,0.0,0.0,0.007936507936507936,0.0,0.0,0.0,0.0,0.0,0.0,0.0,0.0,0.0,0.0,0.0,0.0,0.0,0.0,0.0,0.0,0.0,0.0,0.0,0.0,0.0,0.0,0.0,0.0,0.0,0.0,0.0,0.0,0.0,0.0,0.0,0.0,0.0,0.07671957671957672,0.0,0.0,0.0,0.0,0.0,0.0,0.0,0.0,0.0,0.0,0.0,0.0,0.0,0.005291005291005291,0.0,0.0,0.0,0.0,0.0,0.0,0.0,0.0,0.0,0.0,0.0,0.0291005291005291,0.0026455026455026454,0.0,0.0,0.0,0.0,0.005291005291005291,0.0,0.0,0.0,0.0,0.0,0.0,0.0,0.0,0.0,0.0,0.0,0.0,0.0,0.0,0.0,0.0,0.0,0.0,0.0,0.0,0.0,0.0,0.0,0.0,0.0,0.0,0.0,0.0,0.0,0.0,0.0,0.0,0.0,0.0,0.0,0.0,0.007936507936507936,0.0,0.0,0.023809523809523808,0.0,0.0,0.0,0.0,0.0,0.0,0.0,0.0,0.0,0.0,0.0,0.0,0.0,0.0,0.0,0.0,0.0,0.0,0.0,0.0,0.0,0.0,0.0,0.0,0.0,0.0,0.0,0.0,0.0,0.0,0.0,0.0,0.0,0.0,0.0,0.0,0.0,0.0,0.026455026455026454,0.0,0.0,0.0,0.0,0.0,0.023809523809523808,0.6693121693121693,0.0,0.0,0.0,0.0,0.0,0.0,0.0,0.0,0.0,0.0,0.0,0.0,0.0,0.0,0.0,0.0,0.0,0.0,0.0,0.0,0.0,0.0,0.0,0.0,0.0,0.0,0.0,0.0,0.0,0.0,0.0,0.0,0.0026455026455026454,0.0,0.0,0.0,0.0,0.0,0.0,0.0,0.0,0.0,0.0,0.0,0.0,0.0,0.0,0.0,0.0,0.0,0.0,0.0,0.0,0.0,0.0,0.0,0.0,0.0,0.0,0.0,0.0,0.0,0.0,0.0,0.0,0.0,0.0,0.0,0.0,0.0,0.0,0.0,0.0,0.0,0.0,0.0,0.0,0.0,0.0,0.0,0.0,0.0,0.0,0.0,0.0,0.0,0.021164021164021163,0.0,0.0,0.0,0.0,0.0,0.0,0.0,0.0,0.0,0.0,0.0,0.0,0.0,0.0,0.03968253968253968,0.0,0.0
205 SC-PAG Lef1 Emx2 Gaba,0.0,0.0,0.0,0.0,0.0,0.0,0.0,0.0,0.0,0.0,0.0,0.0,0.0,0.0,0.0,0.0,0.0,0.005202442886224836,0.0,0.0,0.0,0.0,0.0,0.0,0.0,0.0,0.0,0.0,0.0,0.0,0.0,0.0,0.0,0.0,0.0,0.0,0.0,0.0,0.0,0.0,0.0,0.0,0.0,0.0,0.0,0.0,0.0,0.0,0.0,0.0,0.0,0.0,0.0,0.0,0.0,0.0,0.0,0.00045238633793259444,0.0,0.0,0.0,0.0,0.0,0.0,0.0,0.0,0.0,0.0,0.0,0.0,0.0,0.0,0.0,0.0,0.0,0.0,0.0,0.0,0.0,0.0,0.0,0.0,0.0,0.0,0.0,0.0,0.0,0.0,0.0,0.0,0.025107441755258992,0.0,0.0,0.0,0.0,0.0,0.0,0.002261931689662972,0.0,0.0,0.0,0.0,0.0,0.0,0.0,0.0,0.0,0.0,0.0,0.0,0.0,0.0,0.0,0.0,0.0,0.0,0.0,0.0,0.0,0.0,0.0,0.0,0.0,0.0,0.0,0.0,0.0,0.0,0.0,0.0,0.0,0.07600090477267586,0.0,0.0,0.0,0.0,0.0,0.0,0.0,0.0,0.0,0.0,0.0,0.0,0.0,0.001130965844831486,0.023071703234562316,0.0,0.0,0.0,0.0,0.0,0.0,0.0,0.0,0.0,0.0,0.004297670210359647,0.002940511196561864,0.0,0.0,0.0,0.0,0.0,0.0,0.0,0.0,0.0,0.0,0.0,0.0,0.0,0.0,0.14046595792807057,0.0,0.0,0.0,0.0,0.0,0.0,0.0,0.0,0.0,0.0,0.0,0.0,0.0,0.0,0.0,0.0,0.0,0.0,0.0,0.0,0.0,0.0,0.0,0.0,0.0,0.0,0.00045238633793259444,0.0,0.0,0.0049762497172585385,0.0,0.0,0.0,0.0,0.0,0.00022619316896629722,0.0,0.0,0.0,0.0,0.0,0.0,0.0,0.0,0.0,0.0,0.0,0.0,0.0,0.0,0.0,0.0,0.0,0.0,0.0,0.0,0.0,0.0,0.0,0.0,0.0,0.0,0.0,0.0,0.0,0.0,0.0,0.0,0.00045238633793259444,0.0,0.0,0.0,0.0,0.0,0.6193168966297218,0.08527482470029406,0.0,0.0,0.0,0.0,0.0,0.0,0.0,0.0,0.0,0.0,0.0,0.0,0.0,0.0,0.0,0.0,0.0,0.0,0.0,0.0,0.0,0.0,0.0,0.0,0.0,0.0,0.0,0.0,0.0,0.0,0.0,0.0,0.0,0.0,0.0,0.0,0.0,0.0,0.0,0.0,0.0,0.0,0.0,0.0,0.0,0.0,0.0,0.0,0.0,0.0,0.0,0.0,0.0,0.0,0.0,0.004750056548292241,0.0,0.0,0.0,0.0,0.0,0.0,0.0,0.0,0.0,0.0,0.0,0.0,0.0,0.0,0.0,0.0,0.0,0.0,0.0,0.0,0.0,0.0,0.0,0.0,0.0,0.0,0.0,0.0,0.0,0.0,0.0009047726758651889,0.0,0.0,0.0,0.0,0.0,0.0,0.0,0.0,0.0,0.0,0.0,0.0,0.0,0.0,0.0027143180275955667,0.0,0.0
206 SCm-PAG Cdh23 Gaba,0.0,0.0,0.0,0.0,0.0,0.0,0.0,0.0,0.0,0.0,0.0,0.0,0.0,0.0,0.0,0.0,0.0,0.0020242914979757085,0.0,0.0,0.0,0.0,0.0,0.0,0.0,0.0,0.0,0.0,0.0,0.0,0.0,0.0,0.0,0.0,0.0,0.0,0.0,0.0,0.0,0.0,0.0,0.0,0.0,0.0,0.0,0.0,0.0,0.0,0.0,0.0,0.0,0.0,0.0,0.0005060728744939271,0.0010121457489878543,0.0,0.0,0.0,0.0,0.0,0.0,0.0,0.0,0.0,0.0,0.0,0.0,0.0,0.0,0.0,0.0,0.0,0.0,0.0,0.0,0.0,0.0,0.0,0.0,0.0,0.0,0.0,0.0,0.0,0.0,0.0,0.0,0.0,0.0,0.0,0.020242914979757085,0.0,0.0,0.0,0.0,0.0,0.0020242914979757085,0.010121457489878543,0.0,0.0,0.0,0.0,0.0,0.0,0.0,0.0,0.0,0.0,0.0,0.0,0.0,0.0,0.0,0.0,0.0,0.0,0.0,0.0,0.0,0.0,0.0,0.0,0.0,0.0,0.0,0.0,0.0,0.0,0.0,0.0,0.0,0.09919028340080972,0.0,0.0,0.0,0.0,0.0,0.0,0.0,0.0,0.0,0.0,0.0,0.0,0.0,0.0,0.021761133603238867,0.0,0.0,0.0,0.0,0.0,0.0,0.0,0.0015182186234817814,0.0,0.0,0.0,0.030870445344129555,0.0,0.0,0.0,0.0,0.0,0.0,0.0,0.0,0.0,0.0,0.0015182186234817814,0.0,0.0,0.0,0.29048582995951416,0.0,0.0,0.0,0.0,0.0005060728744939271,0.0,0.0,0.0,0.0,0.0,0.0,0.0,0.0,0.0,0.0,0.0,0.0,0.0,0.0,0.0,0.0,0.0,0.0,0.0,0.0,0.0,0.0,0.0,0.00354251012145749,0.0005060728744939271,0.0,0.0,0.0,0.0,0.0005060728744939271,0.0015182186234817814,0.0,0.0,0.0,0.0,0.0,0.0,0.0,0.0,0.0,0.0,0.0,0.0,0.0,0.0,0.0,0.0,0.0,0.0,0.0,0.0,0.0,0.0,0.0,0.0,0.0,0.0,0.0,0.0,0.0,0.0,0.0,0.0,0.0,0.0,0.0,0.0,0.0,0.0,0.49190283400809715,0.005060728744939271,0.0,0.0,0.0,0.0,0.0,0.0,0.0,0.0,0.0,0.0,0.0,0.0,0.0,0.0,0.0,0.0,0.0,0.0,0.0,0.0,0.0,0.0,0.0,0.0,0.0,0.0,0.0,0.0,0.0,0.0,0.0,0.0,0.0,0.0,0.0,0.0,0.0,0.0,0.0,0.0,0.0,0.0,0.0,0.0,0.0,0.0,0.0,0.0,0.0,0.0,0.0,0.0,0.0,0.0,0.0,0.012145748987854251,0.0,0.0,0.0,0.0,0.0,0.0,0.0,0.0,0.0,0.0,0.0,0.0,0.0,0.0,0.0005060728744939271,0.0,0.0,0.0,0.0,0.0,0.0,0.0,0.0005060728744939271,0.0,0.0,0.0,0.0,0.0,0.0005060728744939271,0.0,0.0005060728744939271,0.0,0.0,0.0,0.0,0.0,0.0005060728744939271,0.0,0.0,0.0,0.0,0.0,0.0,0.0,0.0,0.0005060728744939271,0.0,0.0
207 SCs Dmbx1 Gaba,0.0,0.0,0.0,0.0,0.0,0.0,0.0,0.0,0.0,0.0,0.0,0.0,0.0,0.0,0.0,0.0,0.0,0.021815188310351924,0.0,0.0,0.0,0.0,0.0,0.0,0.0,0.0,0.0,0.0,0.0,0.0,0.0,0.0,0.0,0.0,0.0,0.0,0.0,0.0,0.0,0.0,0.0,0.0,0.0,0.0,0.0,0.0,0.0,0.0,0.0,0.0,0.00020580366330520683,0.0,0.0,0.0008232146532208273,0.0,0.0,0.0,0.0008232146532208273,0.0,0.0,0.0,0.0,0.0,0.0,0.0,0.0,0.0,0.0,0.0,0.0,0.0,0.0,0.0,0.0,0.0,0.0,0.0,0.0,0.0,0.0,0.0,0.0,0.0,0.0,0.00020580366330520683,0.00020580366330520683,0.0,0.0,0.0,0.0,0.021815188310351924,0.0,0.0,0.0,0.0,0.0,0.0,0.001234821979831241,0.0,0.0,0.0,0.0,0.0,0.0,0.0,0.0,0.0,0.0,0.0,0.0,0.0,0.0,0.0,0.0,0.0,0.0,0.0,0.0,0.0,0.0,0.0,0.0,0.0,0.0,0.0,0.0,0.0,0.0,0.0,0.0,0.0,0.05639020374562667,0.0,0.0,0.0,0.0,0.0,0.0,0.0,0.0,0.0,0.0,0.0,0.0,0.0,0.008232146532208273,0.004321876929409343,0.0,0.0,0.0,0.0,0.0,0.0,0.0,0.0028812512862728956,0.0,0.0,0.01872813336077382,0.0010290183165260341,0.0,0.0,0.0,0.0,0.002263840296357275,0.0,0.0,0.0,0.0,0.0,0.00020580366330520683,0.0,0.0,0.0,0.00041160732661041366,0.0,0.0,0.0,0.0,0.0,0.0,0.0,0.0,0.0,0.0,0.0,0.0,0.0,0.0,0.0,0.0,0.0,0.0,0.0,0.0,0.0,0.0,0.0,0.0,0.0,0.0,0.005350895245935378,0.0,0.0,0.023667421280098785,0.0,0.0,0.0,0.0,0.00020580366330520683,0.00020580366330520683,0.0,0.0,0.0,0.0,0.0,0.0,0.0,0.0,0.0,0.0,0.0,0.0,0.0,0.0,0.0,0.0,0.0,0.0,0.0,0.0,0.0,0.0,0.0,0.0,0.0,0.0,0.0,0.0,0.0,0.0,0.0,0.0,0.015846882074500926,0.0,0.0,0.0,0.0,0.0,0.26980860259312617,0.49536941757563285,0.0,0.0,0.0,0.0,0.0,0.0,0.0,0.0,0.0,0.00020580366330520683,0.0,0.0,0.00020580366330520683,0.0,0.0,0.0,0.0,0.0,0.0,0.0,0.0,0.0,0.0,0.0,0.0,0.0,0.0,0.0,0.0,0.0,0.0,0.0,0.0010290183165260341,0.0,0.0,0.0,0.0,0.0,0.0,0.0,0.0,0.0,0.0,0.0,0.0,0.0,0.0,0.0,0.0,0.0,0.0,0.0,0.0,0.0,0.0,0.002263840296357275,0.0,0.0,0.0,0.0,0.0,0.0,0.0,0.0,0.0,0.0,0.0,0.0,0.0,0.0,0.0,0.0,0.0,0.0,0.0,0.0,0.0,0.0,0.0,0.0,0.0,0.0,0.0,0.0,0.0016464293064416546,0.0,0.006174109899156205,0.0,0.0,0.0,0.0,0.0,0.00020580366330520683,0.0,0.0,0.0,0.0,0.0,0.0,0.0,0.0,0.0362214447417164,0.0,0.0
208 SC Lef1 Otx2 Gaba,0.0,0.0,0.0,0.0,0.0,0.0,0.0,0.0,0.0,0.0,0.0,0.0,0.0,0.0,0.0,0.0,0.0,0.0021390374331550803,0.0,0.0,0.0,0.0,0.0,0.0,0.0,0.0,0.0,0.0,0.0,0.0,0.0,0.0,0.0,0.0,0.0,0.0,0.0,0.0,0.0,0.0,0.0,0.0,0.0,0.0,0.0,0.0,0.0,0.0,0.0,0.0,0.0,0.0,0.0,0.0,0.0,0.0,0.0,0.0005347593582887701,0.0,0.0,0.0,0.0,0.0,0.0,0.0,0.0,0.0,0.0,0.0,0.0,0.0,0.0,0.0,0.0,0.0,0.0,0.0,0.0,0.0,0.0,0.0,0.0,0.0,0.0,0.0,0.0,0.0,0.0,0.0,0.0,0.022459893048128343,0.0,0.0,0.0,0.0,0.0,0.0,0.00267379679144385,0.0,0.0,0.0,0.0,0.0,0.0,0.0,0.0,0.0,0.0,0.0,0.0,0.0,0.0,0.0,0.0,0.0,0.0,0.0,0.0,0.0,0.0,0.0,0.0,0.0,0.0,0.0,0.0,0.0,0.0,0.0,0.0,0.0,0.05668449197860963,0.0,0.0,0.0,0.0,0.0,0.0,0.0,0.0,0.0,0.0,0.0,0.0,0.0,0.0,0.013903743315508022,0.0,0.0,0.0,0.0,0.0,0.0,0.0,0.0,0.0,0.0,0.0106951871657754,0.0021390374331550803,0.0,0.0,0.0,0.0,0.0,0.0,0.0,0.0,0.0,0.0,0.0,0.0,0.0,0.0,0.00909090909090909,0.0,0.0,0.0,0.0,0.0,0.0,0.0,0.0,0.0,0.0,0.0,0.0,0.0,0.0,0.0,0.0,0.0,0.0,0.0,0.0,0.0,0.0,0.0,0.0,0.0,0.0,0.008556149732620321,0.0,0.0005347593582887701,0.0042780748663101605,0.0,0.0,0.0,0.0,0.0,0.0,0.0,0.0,0.0,0.0,0.0,0.0,0.0,0.0,0.0,0.0,0.0,0.0,0.0,0.0,0.0,0.0,0.0,0.0,0.0,0.0,0.0,0.0,0.0,0.0,0.0,0.0,0.0,0.0,0.0,0.0,0.0,0.0010695187165775401,0.03582887700534759,0.0,0.0,0.0,0.0,0.0,0.1748663101604278,0.5823529411764706,0.0,0.0,0.0,0.0,0.0,0.0,0.0,0.0,0.0,0.0,0.0,0.0,0.0,0.0,0.0,0.0,0.0,0.0,0.0,0.0,0.0,0.0,0.0,0.0,0.0,0.0,0.0,0.0,0.0,0.0,0.0,0.0,0.0058823529411764705,0.0,0.0,0.0,0.0,0.0,0.0,0.0,0.0,0.0,0.0,0.0,0.0,0.0,0.0,0.0,0.0,0.0,0.0,0.0,0.0,0.0,0.0,0.0,0.0,0.0,0.0,0.0,0.0,0.0,0.0,0.0,0.0,0.0,0.0,0.0,0.0,0.0,0.0,0.0,0.0,0.0,0.0,0.0,0.0,0.0,0.0,0.0,0.0,0.0,0.0,0.0,0.0,0.0,0.0053475935828877,0.0,0.0,0.0,0.0,0.0,0.0,0.0,0.0,0.0,0.0,0.0,0.0,0.0,0.0,0.06096256684491978,0.0,0.0
209 SCs Pax7 Nfia Gaba,0.0,0.0,0.0,0.0,0.0,0.0,0.0,0.0,0.0,0.0,0.0,0.0,0.0,0.0,0.0,0.0,0.0,0.014741275571600482,0.0,0.0006016847172081829,0.0,0.0,0.0,0.0,0.0,0.0,0.0,0.0,0.0,0.0,0.0,0.0,0.0,0.0,0.0,0.0,0.0,0.0,0.0,0.0,0.0,0.0,0.0,0.0,0.0,0.0,0.0,0.0,0.0,0.0,0.0,0.0,0.0,0.0,0.0,0.0,0.0,0.0018050541516245488,0.0,0.0,0.0,0.0,0.0,0.0006016847172081829,0.0,0.0,0.0,0.0,0.0,0.0,0.0,0.0,0.0,0.0,0.0,0.0,0.0,0.0,0.0,0.0,0.0,0.0,0.0,0.0,0.0006016847172081829,0.0,0.0,0.0,0.0,0.0,0.030084235860409144,0.0,0.0,0.0,0.0,0.0,0.0,0.00210589651022864,0.0,0.0,0.0,0.0,0.0,0.0,0.0,0.0,0.0,0.0,0.0,0.0,0.0,0.0,0.0,0.0,0.0,0.0,0.0,0.0,0.0,0.0,0.0,0.00030084235860409147,0.0,0.0,0.0,0.0,0.0,0.0,0.0,0.0,0.0,0.0631768953068592,0.0,0.0,0.0,0.0,0.0,0.0,0.0,0.0,0.0,0.0,0.0,0.0,0.0,0.0012033694344163659,0.011432009626955475,0.0,0.0,0.0,0.0,0.0009025270758122744,0.0,0.0,0.0,0.0,0.0,0.012033694344163659,0.00421179302045728,0.0,0.0,0.0,0.0,0.00030084235860409147,0.0,0.0,0.0,0.0,0.0,0.0,0.0,0.0,0.0,0.006618531889290012,0.0,0.0,0.0,0.0,0.0,0.0,0.0,0.0,0.0,0.0,0.0,0.0,0.0,0.0,0.0,0.0,0.0,0.0,0.0,0.0,0.0,0.0,0.0,0.0,0.0,0.0,0.00842358604091456,0.0,0.0,0.00842358604091456,0.0,0.0,0.0,0.0,0.0,0.0,0.0,0.0,0.0,0.0,0.0,0.0,0.0,0.0,0.0,0.0,0.0,0.0,0.0,0.0,0.0,0.0,0.0,0.0,0.0,0.0,0.0,0.0,0.0,0.0,0.0,0.0,0.0,0.0,0.0,0.0,0.0,0.0,0.0018050541516245488,0.0,0.00030084235860409147,0.0,0.0,0.0,0.26925391095066187,0.5502406738868832,0.0,0.0,0.0,0.0,0.0,0.0,0.0,0.0,0.0,0.0,0.0,0.0,0.0,0.0,0.0,0.0,0.0,0.0,0.0,0.0,0.0,0.0,0.0,0.0,0.0,0.0,0.0,0.0,0.0,0.0,0.0,0.0,0.0012033694344163659,0.0,0.0,0.0,0.0,0.0,0.0,0.0,0.0,0.0,0.0,0.0,0.0,0.0,0.0,0.0,0.0,0.0,0.0,0.0,0.0,0.0,0.0,0.0006016847172081829,0.0,0.0,0.0,0.0,0.0,0.0,0.0,0.0,0.0,0.0,0.0,0.0,0.0,0.0,0.0,0.0,0.0,0.0,0.0,0.0,0.0,0.0,0.0,0.0,0.0,0.0,0.0,0.0,0.0,0.0,0.00210589651022864,0.0,0.0,0.0,0.0,0.0,0.0,0.0,0.00030084235860409147,0.0,0.0,0.0,0.0,0.0,0.0,0.006618531889290012,0.0,0.0
210 PRT Mecom Gaba,0.0,0.0,0.0,0.0,0.0,0.0,0.0,0.0,0.0,0.0,0.0,0.0,0.0,0.0,0.0,0.0,0.0,0.34726688102893893,0.0,0.0,0.0,0.0,0.0,0.0,0.0,0.0,0.0,0.0,0.0,0.0,0.0,0.0,0.0,0.0,0.0,0.0,0.0,0.0,0.0,0.0,0.0,0.0,0.0,0.0,0.0,0.0,0.0,0.0,0.0,0.0,0.0,0.0,0.0,0.0,0.001607717041800643,0.0,0.0,0.003215434083601286,0.0,0.0,0.0,0.0,0.0,0.00482315112540193,0.0,0.0,0.0,0.0,0.0,0.0,0.0,0.0,0.0,0.0,0.0,0.0,0.0,0.0,0.0,0.0,0.0,0.0,0.0,0.0,0.0,0.0,0.0,0.0,0.0,0.0,0.0,0.0,0.0,0.0,0.0,0.0,0.001607717041800643,0.028938906752411574,0.0,0.0,0.0,0.0,0.0,0.0,0.0,0.0,0.0,0.0,0.0,0.0,0.0,0.0,0.0,0.0,0.0,0.0,0.0,0.0,0.0,0.0,0.0,0.0,0.0,0.0,0.0,0.0,0.0,0.0,0.0,0.0,0.0,0.2395498392282958,0.0,0.0,0.0,0.0,0.0,0.0,0.0,0.0,0.0,0.0,0.0,0.0,0.0,0.001607717041800643,0.0594855305466238,0.0,0.0,0.0,0.0,0.012861736334405145,0.0,0.0,0.0,0.0,0.0,0.03536977491961415,0.09003215434083602,0.0,0.0,0.0,0.0,0.04983922829581994,0.0,0.0,0.0,0.0,0.0,0.0,0.0,0.0,0.0,0.027331189710610933,0.0,0.0,0.0,0.0,0.0,0.0,0.0,0.0,0.0,0.0,0.0,0.0,0.0,0.0,0.0,0.0,0.0,0.0,0.0,0.0,0.0,0.0,0.0,0.0,0.0,0.0,0.0,0.0,0.0,0.008038585209003215,0.0,0.0,0.0,0.0,0.0,0.0,0.0,0.0,0.0,0.0,0.0,0.0,0.0,0.0,0.0,0.0,0.0,0.0,0.0,0.0,0.0,0.0,0.0,0.0,0.0,0.0,0.0,0.0,0.0,0.0,0.0,0.0,0.0,0.001607717041800643,0.0,0.0,0.0,0.0,0.0,0.0,0.0,0.0,0.0,0.0,0.01607717041800643,0.0,0.0,0.0,0.0,0.0,0.0,0.0,0.0,0.0,0.0,0.0,0.0,0.0,0.0,0.0,0.0,0.001607717041800643,0.0,0.0,0.0,0.0,0.0,0.0,0.0,0.0,0.0,0.0,0.0,0.0,0.0,0.0,0.0,0.0,0.0,0.0,0.0,0.0,0.0,0.0,0.0,0.0,0.0,0.0,0.0,0.0,0.0,0.0,0.0,0.0,0.017684887459807074,0.0,0.0,0.0,0.0,0.0,0.0,0.0,0.0,0.0,0.0,0.0,0.0,0.0,0.0,0.0,0.0,0.0,0.0,0.0,0.0,0.0,0.0,0.0,0.0,0.0,0.0,0.0,0.0,0.0,0.0,0.0,0.0,0.0,0.0,0.0,0.0,0.0,0.04823151125401929,0.0,0.0,0.0,0.0,0.0,0.0,0.0,0.001607717041800643,0.0,0.0,0.001607717041800643,0.0,0.0,0.0,0.0,0.0,0.0
211 SC Tnnt1 Gli3 Gaba,0.0,0.0,0.0,0.0,0.0,0.0,0.0,0.0,0.0,0.0,0.0,0.0,0.0,0.0,0.0,0.0,0.0,0.0,0.0,0.0,0.0,0.0,0.0,0.0,0.0,0.0,0.0,0.0,0.0,0.0,0.0,0.0,0.0,0.0,0.0,0.0,0.0,0.0,0.0,0.0,0.0,0.0,0.0,0.0,0.0,0.0,0.0,0.0,0.0,0.0,0.0,0.0,0.0,0.0,0.0,0.0,0.0,0.0015337423312883436,0.0,0.0,0.0,0.0,0.0,0.0,0.0,0.0,0.0,0.0,0.0,0.0,0.0,0.0,0.0,0.0,0.0,0.0,0.0,0.0,0.0,0.0,0.0,0.0,0.0,0.0,0.0015337423312883436,0.0,0.0,0.0,0.0,0.0,0.05291411042944785,0.0,0.0,0.0,0.0,0.0,0.0,0.0023006134969325155,0.0,0.0,0.0,0.0,0.0,0.0,0.0,0.0,0.0,0.0,0.0,0.0,0.0,0.0,0.0,0.0,0.0,0.0,0.0,0.0,0.0,0.0,0.0,0.0,0.0,0.0,0.0,0.0,0.0,0.0,0.0,0.0,0.0,0.09815950920245399,0.0,0.0,0.0,0.0,0.0,0.0,0.0,0.0,0.0,0.0,0.0,0.0,0.0,0.0,0.0,0.0,0.0,0.0,0.0,0.0,0.0,0.0,0.0,0.0,0.0,0.006134969325153374,0.0,0.0,0.0,0.0,0.0,0.0,0.0,0.0,0.0,0.0,0.0,0.0,0.0,0.0,0.0,0.0,0.0,0.0,0.0,0.0,0.0,0.0,0.0,0.0,0.0,0.0,0.0,0.0,0.0,0.0,0.0,0.0,0.0,0.0,0.0,0.0,0.0,0.0,0.0,0.0,0.0,0.0,0.007668711656441718,0.0,0.0,0.0015337423312883436,0.0,0.0,0.0,0.0,0.0,0.0,0.0,0.0,0.0,0.0,0.0,0.0,0.0,0.0,0.0,0.0,0.0,0.0,0.0,0.0,0.0,0.0,0.0,0.0,0.0,0.0,0.0,0.0,0.0,0.0,0.0,0.0,0.0,0.0,0.0,0.0,0.0,0.0007668711656441718,0.01303680981595092,0.0,0.0,0.0,0.0,0.0,0.4754601226993865,0.3090490797546012,0.0,0.0,0.0,0.0,0.0,0.0,0.0,0.0,0.0,0.0,0.0,0.0,0.0,0.0,0.0,0.0,0.0,0.0,0.0,0.0,0.0,0.0,0.0,0.0,0.0,0.0,0.0,0.0,0.0,0.0,0.0,0.0,0.0015337423312883436,0.0,0.0,0.0,0.0,0.0,0.0,0.0,0.0,0.0,0.0,0.0,0.0,0.0,0.0,0.0,0.0,0.0,0.0,0.0,0.0,0.0,0.0,0.0,0.0,0.0,0.0,0.0,0.0,0.0,0.0,0.0,0.0,0.0,0.0,0.0,0.0,0.0,0.0,0.0,0.0,0.0,0.0,0.0,0.0,0.0,0.0,0.0,0.0,0.0,0.0,0.0,0.0,0.0,0.0015337423312883436,0.0,0.0,0.0,0.0,0.0,0.0,0.0,0.0,0.0,0.0,0.0,0.0,0.0,0.0,0.026840490797546013,0.0,0.0
212 SCs Lef1 Gli3 Gaba,0.0,0.0,0.0,0.0,0.0,0.0,0.0,0.0,0.0,0.0,0.0,0.0,0.0,0.0,0.0,0.0,0.0,0.0,0.0,0.0,0.0,0.0,0.0,0.0,0.0,0.0,0.0,0.0,0.0,0.0,0.0,0.0,0.0,0.0,0.0,0.0,0.0,0.0,0.0,0.0,0.0,0.0,0.0,0.0,0.0,0.0,0.0,0.0,0.0,0.0,0.0,0.0,0.0,0.0,0.0,0.0,0.0,0.0005186721991701245,0.0,0.0,0.0,0.0,0.0,0.0,0.0,0.0,0.0,0.0,0.0,0.0,0.0,0.0,0.0,0.0,0.0,0.0,0.0,0.0,0.0,0.0,0.0,0.0,0.0,0.0,0.0,0.0,0.0,0.0,0.0,0.0,0.032676348547717844,0.0,0.0,0.0,0.0,0.0,0.0,0.004149377593360996,0.0,0.0,0.0,0.0,0.0,0.0,0.0,0.0,0.0,0.0,0.0,0.0,0.0,0.0,0.0,0.0,0.0,0.0,0.0,0.0,0.0,0.0,0.0,0.0,0.0,0.0,0.0,0.0,0.0,0.0,0.0,0.0,0.0,0.052904564315352696,0.0,0.0,0.0,0.0,0.0,0.0,0.0,0.0,0.0,0.0,0.0,0.0,0.0,0.0005186721991701245,0.006224066390041493,0.0,0.0,0.0,0.0,0.0,0.0,0.0005186721991701245,0.0,0.0,0.0,0.002074688796680498,0.0005186721991701245,0.0,0.0,0.0,0.0,0.0,0.0,0.0,0.0,0.0,0.0,0.0,0.0,0.0,0.0,0.001037344398340249,0.0,0.0,0.0,0.0,0.0,0.0,0.0,0.0,0.0,0.0,0.0,0.0,0.0,0.0,0.0,0.0,0.0,0.0,0.0,0.0,0.0,0.0,0.0,0.0,0.0,0.0,0.0036307053941908715,0.0,0.0,0.005186721991701245,0.0,0.0,0.0,0.0,0.0,0.0,0.0,0.0,0.0,0.0,0.0,0.0,0.0,0.0,0.0,0.0,0.0,0.0,0.0,0.0,0.0,0.0,0.0,0.0,0.0,0.0,0.0,0.0,0.0,0.0,0.0,0.0,0.0,0.0,0.0,0.0,0.0,0.0,0.0015560165975103733,0.0,0.0,0.0,0.0,0.0,0.5990663900414938,0.2837136929460581,0.0,0.0,0.0,0.0,0.0,0.0,0.0,0.0,0.0,0.0,0.0,0.0,0.0,0.0,0.0,0.0,0.0,0.0,0.0,0.0,0.0,0.0,0.0,0.0,0.0,0.0,0.0,0.0,0.0,0.0,0.0,0.0,0.0005186721991701245,0.0,0.0,0.0,0.0,0.0,0.0,0.0,0.0,0.0,0.0,0.0,0.0,0.0,0.0,0.0,0.0,0.0,0.0,0.0,0.0,0.0,0.0,0.0,0.0,0.0,0.0,0.0,0.0,0.0,0.0,0.0,0.0,0.0,0.0,0.0,0.0,0.0,0.0,0.0,0.0,0.0,0.0,0.0,0.0,0.0,0.0,0.0,0.0,0.0,0.0,0.0,0.0,0.0,0.0025933609958506223,0.0,0.0,0.0,0.0,0.0,0.0,0.0,0.0,0.0,0.0,0.0,0.0,0.0,0.0,0.0025933609958506223,0.0,0.0
213 SCsg Gabrr2 Gaba,0.0,0.0,0.0,0.0,0.0,0.0,0.0,0.0,0.0,0.0,0.0,0.0,0.0,0.0,0.0,0.0,0.0,0.011374876360039565,0.0,0.0,0.0,0.0,0.0,0.0,0.0,0.0,0.0,0.0,0.0,0.0,0.0,0.0,0.0,0.0,0.0,0.0,0.0,0.0,0.0009891196834817012,0.0002472799208704253,0.0,0.0004945598417408506,0.0,0.0,0.0,0.0,0.0,0.0,0.0,0.0,0.0,0.0,0.0,0.0019782393669634025,0.0,0.0,0.0,0.0034619188921859545,0.0,0.0,0.0,0.0,0.0,0.0,0.0,0.0,0.0,0.0,0.0,0.0,0.0,0.0,0.0,0.0,0.0,0.0,0.0,0.0,0.0,0.0,0.0,0.0,0.0,0.0,0.0009891196834817012,0.0002472799208704253,0.0,0.0,0.0,0.0,0.020029673590504452,0.0,0.0,0.0,0.0004945598417408506,0.0,0.0,0.003956478733926805,0.0,0.0,0.0,0.0,0.0002472799208704253,0.0,0.0,0.0,0.0,0.0,0.0,0.0,0.0,0.0,0.0,0.0,0.022007912957467853,0.002225519287833828,0.0,0.0004945598417408506,0.0,0.0,0.0002472799208704253,0.011869436201780416,0.0,0.0,0.0,0.0,0.0,0.0,0.0,0.0,0.0,0.04673590504451038,0.0002472799208704253,0.0,0.0,0.0,0.0,0.000741839762611276,0.0,0.0,0.0,0.0,0.0,0.0,0.0,0.0004945598417408506,0.002225519287833828,0.0,0.0002472799208704253,0.0,0.0,0.0,0.0,0.0,0.0004945598417408506,0.0,0.0,0.015084075173095944,0.0,0.0,0.0,0.0,0.0,0.000741839762611276,0.0,0.0,0.0,0.0,0.0,0.0,0.0,0.0,0.0,0.000741839762611276,0.0002472799208704253,0.0,0.0,0.0,0.0,0.0002472799208704253,0.0,0.0,0.0,0.0,0.0,0.0,0.0,0.0,0.0,0.0,0.0,0.0,0.0,0.0,0.0,0.0,0.0,0.0,0.002472799208704253,0.0004945598417408506,0.014589515331355093,0.0002472799208704253,0.0002472799208704253,0.0009891196834817012,0.0,0.0,0.0,0.0,0.0,0.0004945598417408506,0.0,0.0,0.0,0.0,0.0,0.0,0.0,0.0,0.0,0.0,0.0,0.0,0.0,0.0,0.0,0.0,0.0,0.000741839762611276,0.0,0.0,0.0,0.0,0.0,0.0,0.0,0.0,0.0,0.0,0.0,0.0002472799208704253,0.0,0.002472799208704253,0.05242334322453017,0.0,0.0002472799208704253,0.0,0.0,0.0,0.02274975272007913,0.5966864490603363,0.0,0.0,0.0,0.0,0.0004945598417408506,0.0,0.0,0.0,0.0,0.0,0.0,0.0,0.0019782393669634025,0.0,0.0,0.0,0.0,0.0,0.0,0.0,0.0,0.0,0.0,0.0,0.0,0.0,0.0,0.0,0.0,0.0,0.0002472799208704253,0.0,0.00741839762611276,0.0002472799208704253,0.0,0.0,0.0,0.0,0.0027200791295746785,0.0,0.0,0.0,0.0,0.0,0.0,0.0,0.0,0.0,0.0,0.0,0.0,0.0002472799208704253,0.0,0.0,0.0,0.0,0.0,0.0,0.0,0.0,0.0,0.0,0.0,0.0,0.0,0.0,0.0,0.0,0.0,0.0,0.0004945598417408506,0.0,0.0,0.0019782393669634025,0.0009891196834817012,0.00741839762611276,0.0,0.0002472799208704253,0.0,0.0,0.0,0.0,0.0,0.0,0.0009891196834817012,0.0,0.021760633036597428,0.0,0.0,0.0,0.0,0.002225519287833828,0.0002472799208704253,0.0,0.004698318496538081,0.0009891196834817012,0.0,0.0004945598417408506,0.0,0.0,0.0002472799208704253,0.09915924826904056,0.0,0.0
214 IPN Otp Crisp1 Gaba,0.0,0.0,0.0,0.0,0.0,0.0,0.0,0.0,0.0,0.0,0.0,0.0,0.0,0.0,0.0,0.0,0.0,0.0,0.0,0.0,0.0,0.0,0.0,0.0,0.0,0.0,0.0,0.0,0.0,0.0,0.0,0.0,0.0,0.0,0.0,0.0,0.0,0.0,0.0,0.0,0.0,0.0,0.0,0.0,0.0,0.0,0.0,0.0,0.0,0.0,0.04903677758318739,0.0,0.0,0.0,0.0,0.0,0.0,0.0,0.0,0.0,0.0,0.0,0.0,0.0,0.0,0.0,0.0,0.0,0.0,0.0,0.0,0.0,0.0,0.0,0.0,0.0,0.0,0.0,0.0,0.0,0.0,0.0,0.0,0.0,0.0,0.0,0.0,0.0,0.0,0.0,0.0,0.0,0.0,0.0,0.0,0.0,0.0,0.0,0.0,0.0,0.0,0.0,0.6760070052539404,0.0,0.0,0.0,0.0,0.0,0.0,0.0,0.0,0.0,0.0,0.0,0.0,0.0,0.0,0.0,0.0,0.0,0.0,0.0,0.0,0.0,0.0,0.0,0.0,0.0,0.0,0.0,0.0,0.09106830122591944,0.0,0.0,0.0,0.0,0.0,0.0,0.0,0.0,0.0,0.0,0.0,0.0,0.0,0.0,0.0,0.0,0.0,0.0,0.0,0.0,0.0,0.0,0.0,0.0,0.0,0.0,0.0,0.0,0.0,0.0,0.0,0.0,0.0,0.0,0.0,0.0,0.0,0.05604203152364273,0.0,0.0,0.0,0.0,0.0,0.0,0.0,0.0,0.0,0.0,0.0,0.0017513134851138354,0.0,0.0,0.0,0.0,0.0,0.0,0.07005253940455342,0.0,0.0,0.0,0.0,0.0,0.0,0.0,0.0,0.0,0.0,0.0,0.0,0.0,0.0,0.0,0.0,0.0,0.0,0.0,0.0,0.0,0.0,0.0,0.0,0.0,0.0,0.0,0.0,0.0,0.0,0.0,0.0,0.0,0.0,0.0,0.0,0.0,0.0,0.0,0.0,0.0,0.0,0.0,0.0,0.0,0.0,0.0,0.0,0.0,0.0,0.0,0.0,0.0,0.0,0.0,0.0,0.0,0.0,0.0,0.0,0.0,0.0,0.0,0.0,0.0,0.0,0.0,0.0,0.0,0.0,0.0,0.0,0.0,0.0,0.0,0.0,0.0,0.0,0.0,0.0,0.0,0.0,0.0,0.0,0.0,0.0,0.0,0.0,0.0,0.0,0.0,0.0,0.0,0.0,0.03152364273204904,0.0,0.0,0.0,0.0,0.0,0.0,0.0,0.0,0.0,0.0,0.0,0.0,0.0,0.0,0.0,0.0,0.0,0.0,0.0,0.0,0.0,0.0,0.0,0.0,0.0,0.0,0.0,0.0,0.0,0.0,0.0,0.0,0.0,0.0,0.0,0.0,0.0,0.0,0.0,0.0,0.0,0.0,0.0,0.0035026269702276708,0.0,0.0,0.0,0.0,0.0,0.0,0.0,0.0,0.01926444833625219,0.0,0.0,0.0,0.0,0.0,0.0,0.0,0.0,0.0,0.0,0.0017513134851138354,0.0,0.0,0.0,0.0,0.0,0.0
215 SNc-VTA-RAmb Foxa1 Dopa,0.0,0.0,0.0,0.0,0.0,0.0,0.0,0.0,0.0,0.0,0.0,0.0,0.0,0.0,0.0,0.0,0.0,0.000245398773006135,0.0,0.001226993865030675,0.0,0.0,0.0,0.0,0.0,0.0,0.0,0.0,0.0,0.0,0.0,0.0,0.0,0.0,0.0,0.0,0.0,0.0,0.0,0.0,0.0,0.0,0.0,0.0,0.030920245398773007,0.0,0.0,0.0,0.0,0.0,0.0,0.0,0.0,0.0,0.0,0.0,0.0,0.0,0.0,0.0,0.0,0.0,0.024785276073619633,0.0,0.0,0.0,0.0,0.0,0.0,0.0,0.0,0.0017177914110429449,0.0,0.0,0.0,0.0,0.0,0.0,0.0,0.0,0.0,0.0,0.0,0.0,0.0,0.00392638036809816,0.0,0.0,0.0,0.0,0.0,0.0,0.05644171779141104,0.0,0.0,0.0,0.00049079754601227,0.0,0.0,0.0,0.0,0.0,0.03631901840490798,0.0,0.0,0.00049079754601227,0.0,0.0,0.0,0.0,0.0,0.0,0.0,0.0,0.0,0.0,0.0,0.001226993865030675,0.0,0.0,0.0,0.0,0.0,0.0,0.0,0.0,0.0,0.0,0.0,0.001226993865030675,0.0,0.32736196319018407,0.0,0.0,0.0,0.0,0.0,0.0,0.0,0.00196319018404908,0.0,0.0,0.0,0.0,0.0,0.0,0.031165644171779142,0.0,0.007116564417177914,0.0,0.0,0.0,0.0,0.0,0.0,0.0,0.0,0.0,0.0,0.0,0.0,0.0,0.0,0.0,0.0,0.0,0.0,0.0,0.0,0.0,0.0,0.0,0.0,0.037791411042944784,0.0,0.0,0.0,0.0,0.0,0.0,0.0,0.0,0.0,0.0,0.0,0.0,0.0,0.0,0.0,0.0,0.0,0.007361963190184049,0.00049079754601227,0.0,0.0,0.0,0.0,0.007607361963190184,0.0,0.0,0.0,0.0,0.00049079754601227,0.0,0.0,0.0,0.0,0.0,0.0,0.004662576687116564,0.0,0.0,0.0,0.00245398773006135,0.000245398773006135,0.0,0.0,0.0,0.0,0.0,0.0,0.0,0.0,0.0,0.0,0.0,0.0,0.0,0.0,0.0,0.0,0.0,0.00392638036809816,0.0,0.00049079754601227,0.0,0.0,0.0,0.0,0.01570552147239264,0.0,0.0,0.0,0.0,0.0,0.0,0.0,0.0,0.0,0.0,0.0,0.0,0.0,0.0,0.0,0.0,0.0,0.0,0.0,0.0,0.0,0.05644171779141104,0.06625766871165645,0.0,0.0,0.00147239263803681,0.0,0.0,0.0,0.0,0.0,0.0,0.0,0.0,0.0,0.0,0.0,0.0,0.0,0.0,0.0036809815950920245,0.0,0.0,0.017668711656441717,0.0,0.0,0.0,0.0,0.000245398773006135,0.0,0.0,0.0,0.0,0.0,0.0,0.0,0.0,0.0,0.000736196319018405,0.0,0.0,0.0,0.0,0.0,0.0,0.0,0.0,0.0,0.0,0.0,0.0,0.0,0.0,0.0,0.0,0.0,0.0,0.0,0.0,0.0,0.0,0.0,0.0,0.0,0.0,0.0,0.0,0.1585276073619632,0.0,0.0,0.0,0.0,0.0,0.0,0.014723926380368098,0.0,0.0,0.0,0.00245398773006135,0.0,0.0,0.006380368098159509,0.023067484662576687,0.00049079754601227,0.0,0.0,0.0,0.014969325153374234,0.024539877300613498,0.0,0.00049079754601227,0.0,0.0,0.0
216 MB-MY Tph2 Glut-Sero,0.0,0.0,0.0,0.0,0.0,0.0,0.0,0.0,0.0,0.0,0.0,0.0,0.0,0.0,0.0,0.0,0.0,0.0,0.0,0.015328223925358214,0.0,0.0,0.0006664445184938354,0.0,0.0,0.0,0.0,0.0,0.0,0.0,0.0,0.0,0.0,0.0,0.0,0.0,0.0,0.0,0.0,0.0,0.0,0.0,0.0,0.0,0.0016661112962345886,0.0,0.0,0.0,0.0,0.0,0.07964011996001333,0.0,0.0,0.0,0.0,0.0,0.0,0.0,0.0,0.0,0.0,0.0,0.1792735754748417,0.0,0.006664445184938354,0.0,0.0,0.0,0.0,0.0,0.0,0.0,0.0,0.0,0.0,0.0,0.0,0.0,0.0,0.0,0.0,0.0016661112962345886,0.0,0.0,0.0,0.0,0.0,0.0,0.0,0.0,0.0,0.0,0.0,0.0,0.0,0.0,0.009330223258913695,0.0,0.0,0.0,0.0036654448517160947,0.0,0.02865711429523492,0.0036654448517160947,0.0,0.0,0.0,0.0,0.0,0.0,0.0,0.0,0.0,0.004665111629456847,0.0,0.0,0.0,0.0,0.0,0.0,0.0,0.0,0.0,0.0006664445184938354,0.0,0.0,0.0,0.0,0.0,0.0,0.002999000333222259,0.06197934021992669,0.0,0.0,0.0,0.0,0.0,0.0,0.0,0.0,0.0,0.0,0.0,0.0,0.0,0.0,0.022659113628790403,0.0,0.0,0.0,0.06597800733088971,0.0,0.0,0.015328223925358214,0.0006664445184938354,0.0,0.0,0.0,0.0,0.0,0.0,0.0,0.0,0.0,0.0,0.0,0.0,0.0,0.0,0.11196267910696435,0.000999666777740753,0.0,0.0,0.10596467844051982,0.0,0.0,0.0,0.0,0.0,0.0,0.0,0.01299566811062979,0.0,0.0,0.0,0.0,0.0,0.0,0.024991669443518827,0.0,0.006997667444185272,0.0,0.0,0.0,0.0,0.0,0.0,0.0,0.0,0.0,0.0,0.0,0.002999000333222259,0.0,0.007997334221926024,0.0,0.0,0.0,0.005998000666444518,0.022325891369543487,0.0,0.0,0.0,0.0,0.0003332222592469177,0.0,0.0,0.0,0.0,0.0,0.0,0.0,0.0,0.0,0.000999666777740753,0.0,0.0,0.0,0.0,0.0,0.0,0.0,0.0,0.022325891369543487,0.0,0.009330223258913695,0.020993002332555816,0.0,0.023658780406531157,0.0,0.0,0.0,0.0,0.0,0.0,0.0,0.0,0.0,0.0,0.0,0.0,0.0,0.0,0.0,0.0,0.0,0.0,0.0,0.0,0.0,0.0,0.0,0.0,0.0,0.0003332222592469177,0.0,0.0,0.0,0.0,0.0,0.0,0.0,0.0,0.0,0.0,0.0,0.0,0.0,0.0,0.0,0.0,0.0,0.0,0.0,0.000999666777740753,0.0,0.0,0.0,0.0,0.0,0.0,0.0,0.0319893368877041,0.0,0.0,0.0,0.0,0.0003332222592469177,0.0,0.0006664445184938354,0.0,0.0,0.0,0.0,0.0003332222592469177,0.006997667444185272,0.0,0.0,0.0,0.0,0.0,0.0,0.0,0.0,0.0,0.0,0.0,0.0,0.0,0.0,0.0,0.0,0.0,0.0,0.0,0.0,0.0,0.0,0.0003332222592469177,0.0,0.0,0.0,0.0,0.0,0.0,0.0,0.0006664445184938354,0.0,0.021992669110296566,0.0,0.0,0.007330889703432189,0.02899033655448184,0.0,0.0,0.0,0.0,0.0006664445184938354,0.0006664445184938354,0.0,0.007664111962679107,0.003998667110963012,0.0,0.0
217 PB Lmx1a Glut,0.0,0.0,0.0,0.0,0.0,0.0,0.0,0.0,0.0,0.0,0.0,0.0,0.0,0.0,0.0,0.0,0.0,0.0,0.0,0.0,0.0,0.0,0.0,0.0,0.0,0.0,0.0,0.0,0.0,0.0,0.0,0.0,0.0,0.0,0.0,0.0,0.0,0.0,0.0,0.010541447053186392,0.0,0.10110206037374221,0.0,0.0,0.0,0.0,0.0,0.0,0.0,0.0,0.0,0.0,0.0,0.024436990896023,0.0,0.0,0.0,0.0,0.0,0.0,0.0,0.0,0.0,0.0,0.0,0.0,0.0,0.0,0.0,0.0,0.0,0.0,0.0,0.0,0.0,0.0004791566842357451,0.0,0.0,0.0,0.0,0.0,0.0,0.0,0.0,0.0,0.0,0.0,0.0,0.0,0.0,0.0,0.0,0.0,0.0,0.0,0.0,0.0,0.0,0.0,0.0,0.0,0.0009583133684714902,0.0,0.0,0.0,0.0,0.0004791566842357451,0.0,0.0,0.0,0.0,0.004312410158121706,0.0,0.003833253473885961,0.0,0.0,0.0,0.0,0.0,0.0,0.0,0.0,0.0,0.0,0.0,0.0,0.0,0.0,0.0,0.0,0.0,0.0014374700527072352,0.0,0.0,0.0,0.0,0.0,0.0,0.0,0.0,0.0,0.0,0.0,0.0,0.0,0.0,0.0023957834211787254,0.0,0.0,0.005270723526593196,0.0023957834211787254,0.0,0.0,0.0,0.0,0.0,0.0,0.0,0.0,0.0,0.0,0.0,0.0,0.0,0.0,0.0,0.0,0.0,0.0,0.0828941063727839,0.0023957834211787254,0.0,0.0,0.0028749401054144704,0.0,0.0,0.0,0.0,0.5610924772400575,0.0,0.0004791566842357451,0.0009583133684714902,0.0,0.0,0.0,0.0,0.0,0.0,0.0,0.0,0.0,0.0,0.0,0.0,0.0,0.0,0.0,0.0,0.0,0.0,0.0,0.0,0.0009583133684714902,0.0,0.0,0.0,0.0,0.0,0.003833253473885961,0.0,0.0,0.0,0.0,0.0,0.0014374700527072352,0.0,0.0,0.0,0.0,0.0,0.0,0.0,0.0,0.0,0.0,0.0,0.0,0.0,0.0,0.0,0.0,0.0,0.0,0.0,0.0,0.0,0.0,0.0,0.0,0.0,0.0,0.0,0.0,0.0,0.0,0.0,0.0,0.0,0.0,0.0,0.0,0.0,0.0,0.0,0.0,0.0,0.0,0.0,0.0009583133684714902,0.0,0.0,0.0,0.0,0.0,0.0,0.0,0.0,0.0,0.0,0.0,0.0,0.0004791566842357451,0.0,0.0,0.0,0.0,0.0,0.0,0.0,0.0,0.0,0.0,0.0,0.0,0.022999520843315763,0.0014374700527072352,0.0,0.0,0.0,0.0,0.0,0.0,0.0,0.0,0.0,0.0,0.0,0.011020603737422138,0.0,0.0009583133684714902,0.0,0.0,0.0,0.0,0.0,0.0,0.0,0.0,0.0,0.0,0.0,0.0,0.0,0.0,0.0,0.0,0.0,0.0,0.0,0.0,0.0,0.0,0.0,0.0,0.0,0.0,0.0,0.0,0.0,0.0004791566842357451,0.0,0.0,0.0,0.0,0.0,0.04647819837086727,0.0014374700527072352,0.0,0.09918543363679923,0.0,0.0,0.0,0.0,0.0,0.0,0.0,0.0,0.0,0.0,0.0,0.0,0.0,0.0,0.0
218 PSV Lmx1a Trpv6 Glut,0.0,0.0,0.0,0.0,0.0,0.0,0.0,0.0,0.0,0.0,0.0,0.0,0.0,0.0,0.0,0.0,0.0,0.0,0.0,0.0,0.0,0.0,0.0,0.0,0.0,0.0,0.0,0.0,0.0,0.0,0.0,0.0,0.0,0.0,0.0,0.0,0.0,0.0,0.0,0.0,0.0,0.011299435028248588,0.0,0.0,0.0,0.0,0.0,0.0,0.0,0.0,0.0,0.0,0.0,0.005649717514124294,0.0,0.0,0.0,0.0,0.0,0.0,0.0,0.0,0.0,0.0,0.0,0.0,0.0,0.0,0.0,0.0,0.0,0.0,0.0,0.0,0.0,0.0,0.0,0.0,0.0,0.0,0.0,0.0,0.0,0.0,0.0,0.0,0.01694915254237288,0.0,0.0,0.0,0.005649717514124294,0.0,0.0,0.0,0.0,0.0,0.0,0.0,0.0,0.0,0.0,0.0,0.0,0.005649717514124294,0.0,0.0,0.0,0.0,0.0,0.0,0.005649717514124294,0.0,0.0,0.0,0.0,0.0,0.0,0.0,0.0,0.0,0.0,0.0,0.0,0.0,0.0,0.0,0.0,0.0,0.0,0.0,0.0,0.0,0.0,0.0,0.0,0.0,0.0,0.0,0.0,0.0,0.0,0.0,0.0,0.0,0.0,0.0,0.0,0.0,0.0,0.05084745762711865,0.03954802259887006,0.0,0.0,0.0,0.0,0.0,0.0,0.0,0.0,0.0,0.0,0.0,0.0,0.0,0.0,0.0,0.0,0.0,0.0,0.12994350282485875,0.0,0.0,0.0,0.0,0.0,0.0,0.005649717514124294,0.0,0.13559322033898305,0.0,0.011299435028248588,0.0,0.0,0.0,0.0,0.0,0.0,0.0,0.0,0.0,0.0,0.0,0.0,0.0,0.0,0.0,0.0,0.0,0.0,0.0,0.0,0.0,0.0,0.0,0.0,0.0,0.0,0.0,0.005649717514124294,0.0,0.0,0.0,0.0,0.0,0.480225988700565,0.0,0.0,0.0,0.0,0.0,0.0,0.0,0.0,0.0,0.0,0.0,0.0,0.0,0.0,0.0,0.0,0.0,0.0,0.0,0.0,0.0,0.0,0.0,0.0,0.0,0.0,0.0,0.0,0.0,0.0,0.0,0.0,0.0,0.0,0.0,0.0,0.0,0.0,0.0,0.0,0.0,0.0,0.0,0.005649717514124294,0.0,0.0,0.0,0.0,0.0,0.005649717514124294,0.0,0.0,0.0,0.0,0.0,0.0,0.011299435028248588,0.0,0.0,0.0,0.0,0.0,0.0,0.0,0.0,0.0,0.0,0.0,0.0,0.0,0.01694915254237288,0.0,0.0,0.0,0.0,0.0,0.0,0.0,0.0,0.0,0.0,0.0,0.011299435028248588,0.0,0.0,0.0,0.0,0.01694915254237288,0.0,0.0,0.0,0.0,0.0,0.0,0.0,0.0,0.0,0.0,0.0,0.0,0.0,0.0,0.0,0.0,0.0,0.0,0.0,0.0,0.0,0.0,0.0,0.0,0.0,0.0,0.0,0.0,0.0,0.0,0.0,0.0,0.005649717514124294,0.0,0.0,0.01694915254237288,0.0,0.0,0.0,0.0,0.0,0.0,0.0,0.0,0.0,0.0,0.0,0.0,0.0,0.0,0.0
219 PB-SUT Tlx3 Lhx2 Glut,0.0,0.0,0.0,0.0,0.0,0.0,0.0,0.0,0.0,0.0,0.0,0.0,0.0,0.0,0.0,0.0,0.0,0.0,0.0,0.0,0.0,0.0,0.0,0.0,0.0,0.0,0.0,0.0,0.0,0.0,0.0,0.008,0.0,0.0,0.0,0.0,0.0,0.0,0.0,0.0,0.0,0.0,0.0,0.0,0.0,0.0,0.0,0.0,0.0,0.0,0.0,0.0,0.0,0.0,0.0,0.0,0.0,0.0,0.0,0.0,0.0,0.0,0.0,0.0,0.0,0.0,0.0,0.0,0.0,0.0,0.0,0.0,0.0,0.0,0.0,0.0,0.0,0.0,0.0,0.0,0.0,0.0,0.0,0.0,0.0,0.0,0.0,0.0,0.0,0.0,0.0,0.0,0.0,0.0,0.0,0.0,0.0,0.0,0.0,0.0,0.0,0.0,0.0,0.0,0.0,0.0,0.0,0.0,0.0,0.0,0.0,0.0,0.0,0.008,0.0,0.0,0.0,0.0,0.0,0.0,0.0,0.0,0.0,0.0,0.0,0.0,0.0,0.0,0.0,0.0,0.0,0.0,0.0,0.0,0.0,0.0,0.0,0.0,0.0,0.0,0.0,0.0,0.0,0.0,0.0,0.0,0.0,0.0,0.0,0.0,0.0,0.0,0.0,0.0,0.0,0.0,0.0,0.0,0.0,0.0,0.0,0.0,0.0,0.0,0.0,0.0,0.0,0.0,0.0,0.264,0.008,0.0,0.0,0.0,0.0,0.0,0.0,0.0,0.6,0.0,0.0,0.008,0.0,0.0,0.0,0.0,0.0,0.0,0.0,0.0,0.0,0.0,0.0,0.0,0.0,0.0,0.0,0.0,0.0,0.0,0.0,0.0,0.0,0.0,0.0,0.0,0.0,0.0,0.0,0.016,0.0,0.0,0.0,0.0,0.0,0.0,0.0,0.0,0.0,0.0,0.0,0.0,0.0,0.0,0.0,0.0,0.0,0.0,0.0,0.0,0.0,0.0,0.0,0.0,0.0,0.0,0.0,0.0,0.0,0.0,0.0,0.0,0.0,0.0,0.0,0.0,0.0,0.0,0.0,0.0,0.0,0.0,0.0,0.0,0.0,0.0,0.0,0.0,0.008,0.0,0.0,0.0,0.0,0.0,0.0,0.0,0.0,0.0,0.0,0.0,0.0,0.0,0.0,0.0,0.0,0.0,0.0,0.0,0.0,0.0,0.0,0.0,0.0,0.0,0.04,0.0,0.0,0.0,0.0,0.0,0.0,0.0,0.0,0.0,0.0,0.0,0.0,0.0,0.0,0.0,0.0,0.0,0.0,0.0,0.0,0.0,0.0,0.0,0.0,0.0,0.0,0.0,0.0,0.0,0.0,0.0,0.0,0.0,0.0,0.0,0.0,0.0,0.0,0.0,0.0,0.0,0.0,0.0,0.0,0.0,0.0,0.0,0.0,0.0,0.0,0.0,0.0,0.0,0.04,0.0,0.0,0.0,0.0,0.0,0.0,0.0,0.0,0.0,0.0,0.0,0.0,0.0,0.0,0.0
220 PB Pax5 Glut,0.0,0.0,0.0,0.0,0.0,0.0,0.0,0.0,0.0,0.0,0.0,0.0,0.0,0.0,0.0,0.0,0.0,0.0,0.0,0.0019083969465648854,0.0,0.0,0.0,0.0,0.0,0.0,0.0,0.0,0.0,0.0,0.0,0.0019083969465648854,0.0,0.0,0.0,0.0,0.0,0.0,0.0,0.013358778625954198,0.0,0.05534351145038168,0.0,0.0,0.0,0.0,0.0,0.0,0.0,0.0,0.0,0.0,0.0,0.003816793893129771,0.02099236641221374,0.0,0.0,0.0,0.0,0.0,0.0,0.0,0.0,0.0,0.0,0.0,0.0,0.0,0.0,0.0,0.0,0.0,0.0,0.0,0.0,0.0,0.0,0.0,0.0,0.0,0.0,0.0,0.0,0.0,0.0,0.0,0.0,0.0,0.0,0.0,0.0,0.0,0.0,0.0,0.0,0.0,0.0,0.0,0.0,0.0,0.0,0.0,0.0,0.0019083969465648854,0.0,0.0,0.0057251908396946565,0.0,0.0,0.0,0.0,0.0,0.0,0.08015267175572519,0.0,0.0,0.0,0.0,0.0,0.0,0.0,0.0,0.0,0.0,0.0,0.0,0.0,0.0,0.0,0.0,0.0,0.02862595419847328,0.0,0.0,0.0,0.0,0.0,0.0,0.0,0.0,0.0,0.0,0.0,0.0,0.0,0.0,0.007633587786259542,0.0,0.0,0.0,0.0,0.0,0.0,0.0,0.0,0.0,0.0,0.0,0.0,0.0,0.0,0.0,0.0,0.0,0.0,0.0,0.0,0.0,0.0,0.15839694656488548,0.0,0.0,0.0,0.06679389312977099,0.0,0.0,0.0,0.0,0.41412213740458015,0.0,0.0019083969465648854,0.03625954198473282,0.0,0.0,0.0,0.0,0.0,0.0,0.0,0.0,0.0,0.0,0.0,0.0,0.0,0.0,0.0,0.0,0.0,0.0,0.0,0.0,0.013358778625954198,0.0,0.0,0.0,0.0,0.0,0.0,0.0019083969465648854,0.0,0.0,0.0,0.0,0.007633587786259542,0.0,0.0,0.0,0.0,0.0,0.0,0.0,0.0,0.0,0.0,0.0,0.0,0.0,0.0,0.0,0.0,0.0,0.0,0.0,0.0,0.0,0.0,0.0,0.0,0.0,0.0,0.0,0.0,0.0,0.0,0.0,0.0,0.0,0.0,0.0,0.0,0.0,0.0,0.0,0.0,0.0,0.0,0.0,0.0,0.0,0.0,0.0,0.0,0.0,0.0,0.0,0.0,0.0,0.0,0.0,0.0,0.0,0.0,0.0,0.0,0.0,0.0,0.0,0.0,0.0,0.0,0.0,0.0,0.0,0.013358778625954198,0.0,0.0,0.0,0.0,0.0,0.0,0.0,0.0,0.0,0.0,0.0,0.0,0.003816793893129771,0.0,0.0,0.0,0.0,0.0,0.0,0.0,0.0,0.0,0.0,0.0,0.0,0.0,0.0,0.0,0.0,0.0,0.0,0.0,0.0,0.0,0.0,0.0019083969465648854,0.0,0.0,0.0,0.0,0.0,0.0,0.0,0.0,0.0,0.0,0.0,0.0,0.0,0.0,0.003816793893129771,0.009541984732824428,0.0,0.04580152671755725,0.0,0.0,0.0,0.0,0.0,0.0,0.0,0.0,0.0,0.0,0.0,0.0,0.0,0.0,0.0
221 LDT-PCG Vsx2 Lhx4 Glut,0.0005592841163310962,0.0,0.0,0.0,0.0,0.0,0.0,0.0,0.0,0.0,0.0,0.0,0.0,0.0,0.0,0.0,0.0,0.0005592841163310962,0.0,0.0022371364653243847,0.0,0.0,0.0,0.0,0.0,0.0,0.0,0.0,0.0,0.0,0.0,0.0,0.0,0.0,0.0,0.0,0.0,0.0,0.0,0.0,0.0,0.0,0.0,0.0,0.0,0.0,0.0,0.0,0.0,0.0,0.019574944071588368,0.0,0.0,0.0,0.003355704697986577,0.0,0.0,0.0,0.0,0.0,0.0,0.0,0.003355704697986577,0.0,0.005592841163310962,0.0,0.0,0.0,0.0,0.0,0.0,0.0,0.0,0.0,0.0,0.0,0.0,0.0,0.0,0.0,0.0,0.002796420581655481,0.0,0.0,0.0,0.0005592841163310962,0.0,0.0,0.0,0.0,0.0,0.0,0.0,0.0,0.0,0.0,0.0005592841163310962,0.0005592841163310962,0.0,0.0,0.0,0.0,0.0,0.0,0.0,0.0,0.0,0.0,0.0,0.0,0.0,0.0,0.0,0.09675615212527965,0.0,0.0,0.0,0.0,0.0,0.0,0.0,0.0,0.0,0.0,0.0,0.0,0.0,0.0,0.0,0.0,0.0005592841163310962,0.03243847874720358,0.0,0.0,0.0,0.0,0.0,0.0,0.0,0.0,0.0,0.0,0.0,0.0,0.0,0.0,0.06319910514541387,0.0,0.0,0.040268456375838924,0.0011185682326621924,0.0,0.0,0.02237136465324385,0.0005592841163310962,0.0,0.0,0.0,0.0,0.0,0.0,0.0,0.0,0.0,0.0,0.0,0.0,0.0,0.0,0.04753914988814318,0.0005592841163310962,0.0,0.0,0.18344519015659955,0.0,0.0,0.0,0.0,0.01174496644295302,0.0,0.0,0.20078299776286354,0.0,0.0,0.0145413870246085,0.0,0.0,0.0,0.0,0.0,0.0,0.0,0.0,0.0,0.0,0.0,0.0,0.0,0.0,0.0,0.0,0.0,0.09060402684563758,0.0,0.0,0.0,0.0,0.0,0.053691275167785234,0.053131991051454136,0.0005592841163310962,0.0,0.0,0.0,0.0,0.0,0.0,0.0,0.0,0.0,0.0,0.0,0.0,0.0,0.0005592841163310962,0.0,0.0,0.0,0.0,0.0,0.0,0.0,0.0,0.0005592841163310962,0.0,0.0,0.0,0.0,0.0011185682326621924,0.0011185682326621924,0.0,0.0,0.0,0.0,0.0,0.0,0.0,0.0,0.0,0.0,0.0,0.0,0.0,0.0016778523489932886,0.0,0.0,0.0,0.0,0.0005592841163310962,0.00727069351230425,0.0,0.0,0.0016778523489932886,0.0,0.0,0.0,0.0,0.0,0.0,0.0,0.0,0.0,0.0,0.0,0.0,0.0,0.0,0.0,0.0,0.0,0.0,0.0,0.0,0.0,0.0,0.0,0.0,0.0,0.0,0.0,0.0,0.0,0.0050335570469798654,0.0,0.0,0.0,0.0,0.0,0.0,0.0011185682326621924,0.0,0.0,0.0,0.0,0.0,0.0,0.0011185682326621924,0.0,0.0,0.0,0.0,0.0,0.0,0.0,0.0,0.0,0.0,0.0,0.0,0.0,0.0,0.0,0.0,0.0,0.0,0.0,0.0,0.0,0.0,0.0,0.0,0.0,0.0,0.0,0.0,0.0,0.0011185682326621924,0.0,0.010626398210290829,0.0,0.0,0.0,0.0,0.0,0.0,0.0,0.0,0.0,0.0011185682326621924,0.0,0.01174496644295302,0.0,0.0,0.0
222 PB Evx2 Glut,0.0,0.0,0.0,0.0,0.0,0.0,0.0,0.0,0.0,0.0,0.0,0.0,0.0,0.0,0.0,0.0,0.0,0.000468384074941452,0.0,0.0,0.0,0.0,0.000234192037470726,0.0,0.0,0.0,0.0,0.0,0.0,0.0,0.0,0.001639344262295082,0.0,0.0,0.0,0.0,0.0,0.0,0.0,0.040515222482435595,0.0,0.053864168618266976,0.0,0.0,0.0,0.0,0.0,0.0,0.0,0.0,0.001405152224824356,0.0,0.0,0.019672131147540985,0.03161592505854801,0.0,0.0,0.0,0.0,0.0,0.0,0.0,0.0,0.0,0.0,0.0,0.0,0.0,0.0,0.0,0.0,0.0,0.0,0.0,0.0,0.000234192037470726,0.0,0.0,0.0,0.0,0.0,0.0,0.0,0.0,0.0,0.000468384074941452,0.000234192037470726,0.0,0.0,0.0,0.00234192037470726,0.000234192037470726,0.0,0.0,0.0,0.0,0.0,0.0,0.0,0.0,0.0,0.0,0.0,0.0,0.0,0.0,0.000936768149882904,0.0,0.0,0.0,0.0,0.006791569086651054,0.0,0.003981264637002342,0.0,0.0,0.000468384074941452,0.000702576112412178,0.0,0.0,0.0,0.0,0.0,0.0,0.0,0.0,0.0,0.0,0.0,0.0,0.0,0.035362997658079626,0.0,0.0,0.0,0.0,0.0,0.0,0.0,0.0,0.0,0.0,0.0,0.0,0.0,0.0,0.040749414519906324,0.0,0.0,0.00234192037470726,0.0,0.00234192037470726,0.0,0.0,0.047072599531615925,0.0,0.0,0.0,0.0,0.0,0.0,0.0,0.0,0.0,0.0,0.0,0.0,0.0,0.0,0.07892271662763466,0.003278688524590164,0.0,0.0,0.01522248243559719,0.000234192037470726,0.0,0.000234192037470726,0.0,0.3711943793911007,0.0,0.000234192037470726,0.005620608899297424,0.0,0.0,0.0,0.0,0.0,0.0,0.0,0.0,0.0,0.00117096018735363,0.0,0.0,0.0,0.0,0.0,0.0,0.0,0.0,0.0,0.0,0.05128805620608899,0.0,0.0,0.0,0.0,0.0,0.003044496487119438,0.03887587822014051,0.0,0.0,0.0,0.0,0.004215456674473068,0.0,0.0,0.0,0.0,0.0,0.0,0.0,0.0,0.0,0.0,0.0,0.0,0.0,0.0,0.0,0.0,0.0,0.0,0.0,0.0,0.0,0.0,0.0,0.0,0.0,0.0,0.0,0.0,0.0,0.000234192037470726,0.0,0.0,0.0,0.000468384074941452,0.0,0.0,0.0,0.0,0.0,0.0,0.0,0.000234192037470726,0.000468384074941452,0.000468384074941452,0.0,0.0,0.0,0.0,0.0,0.001873536299765808,0.0,0.0,0.0,0.0,0.0,0.0,0.0,0.0,0.0,0.0,0.0,0.0,0.0,0.0,0.0,0.0,0.0,0.0,0.0,0.017798594847775177,0.0,0.0,0.0,0.0,0.0,0.0,0.0,0.0,0.0,0.0,0.0,0.0,0.001639344262295082,0.0,0.000468384074941452,0.0,0.0,0.0,0.0,0.0,0.027166276346604217,0.0,0.0,0.0,0.0,0.0,0.0,0.0,0.0,0.0,0.0,0.0,0.0,0.0,0.0,0.0,0.0,0.0,0.0,0.0,0.0,0.0,0.0,0.0,0.0,0.000702576112412178,0.0,0.0,0.0,0.0,0.009836065573770493,0.010070257611241218,0.0,0.053395784543325525,0.0,0.0,0.0,0.0,0.0,0.0,0.0,0.0,0.000468384074941452,0.003981264637002342,0.0,0.001873536299765808,0.001639344262295082,0.0,0.0
223 B-PB Nr4a2 Glut,0.0,0.0,0.0,0.0,0.0,0.0,0.0,0.0,0.0,0.0,0.0,0.0,0.0,0.0,0.0,0.0,0.0,0.0,0.0,0.0,0.0,0.0,0.0,0.0,0.0,0.0,0.0,0.0,0.0,0.0,0.0,0.1357615894039735,0.0,0.0,0.0,0.0,0.0,0.0,0.0,0.016556291390728478,0.0,0.0,0.0,0.0,0.0,0.0,0.0,0.0,0.0,0.0,0.0,0.0,0.0,0.033112582781456956,0.0,0.0,0.0,0.0,0.0,0.0,0.0,0.0,0.0,0.0,0.0,0.0,0.0,0.0,0.0,0.0,0.0,0.0,0.0,0.0,0.0,0.0,0.0,0.0,0.0,0.0,0.0,0.0033112582781456954,0.0,0.0,0.0,0.0,0.0,0.0,0.0,0.0,0.0,0.0,0.0,0.0,0.0,0.0,0.0,0.0,0.0,0.0,0.0,0.0,0.0,0.0,0.0,0.0,0.0,0.0,0.0,0.0,0.0,0.006622516556291391,0.0,0.006622516556291391,0.0,0.0,0.0,0.0,0.0,0.0,0.0,0.0,0.0,0.0,0.0,0.0,0.0,0.0,0.0,0.0,0.006622516556291391,0.009933774834437087,0.0,0.0,0.0,0.0,0.0,0.0,0.0,0.0,0.0,0.0,0.0,0.0,0.0,0.0,0.0,0.0,0.0,0.0033112582781456954,0.0,0.0,0.0,0.0,0.039735099337748346,0.0,0.0,0.0,0.0,0.0,0.0,0.0,0.0,0.0,0.0,0.0,0.0,0.0,0.0,0.2052980132450331,0.0,0.0,0.0,0.0,0.0,0.0,0.0,0.0,0.0728476821192053,0.0,0.0,0.16887417218543047,0.0,0.0,0.0,0.0,0.0,0.0,0.0,0.0,0.0,0.0,0.0,0.0,0.0,0.0,0.0,0.0,0.0,0.0,0.0,0.0,0.0033112582781456954,0.0,0.0,0.0,0.0,0.0,0.056291390728476824,0.10927152317880795,0.0,0.0,0.0,0.0,0.0,0.0,0.0,0.0,0.0,0.0,0.0,0.0,0.0,0.0,0.0,0.0,0.0,0.0,0.0,0.0,0.0,0.0,0.0,0.0033112582781456954,0.0,0.0,0.0,0.0,0.0,0.0,0.0,0.0,0.0,0.0,0.0,0.0,0.0,0.0,0.0,0.0,0.0,0.0,0.0,0.0,0.0,0.0,0.0,0.0,0.0033112582781456954,0.04304635761589404,0.0,0.0,0.0,0.0,0.0,0.0,0.0,0.0,0.0,0.0,0.0,0.0,0.0,0.0,0.0,0.0,0.0,0.0,0.0,0.0,0.0,0.0,0.0,0.0,0.023178807947019868,0.0,0.0,0.0,0.0,0.0,0.0,0.0,0.0,0.0,0.0,0.0,0.0,0.0,0.0,0.0,0.0,0.0,0.0,0.0,0.0,0.019867549668874173,0.0,0.0,0.0,0.0,0.0,0.0,0.0,0.0,0.0,0.0,0.0,0.0,0.0,0.0,0.0,0.0,0.0,0.0,0.0,0.0,0.0,0.0,0.0,0.0,0.0,0.0,0.0,0.0,0.0,0.006622516556291391,0.006622516556291391,0.0,0.009933774834437087,0.0,0.0,0.0,0.0,0.0,0.0,0.0,0.0,0.0,0.0,0.0,0.0033112582781456954,0.0033112582781456954,0.0,0.0
224 PCG-PRNr Vsx2 Nkx6-1 Glut,0.0,0.0,0.0,0.0,0.0,0.0,0.0,0.0,0.0,0.0,0.0,0.0,0.0,0.0,0.0,0.0,0.0,0.0,0.0,0.0,0.0,0.0,0.0013869625520110957,0.0,0.0,0.0,0.0,0.0,0.0,0.0,0.0,0.0,0.0,0.0,0.0,0.0,0.0,0.0,0.0,0.0,0.0,0.0,0.0,0.0,0.0,0.0,0.0,0.0,0.0,0.0,0.06102635228848821,0.0,0.0,0.0,0.0006934812760055479,0.0,0.0,0.0,0.0,0.0,0.0,0.0,0.0020804438280166435,0.0,0.009708737864077669,0.0,0.0,0.0,0.0,0.0,0.0,0.0,0.0,0.0,0.0,0.0,0.0,0.0,0.0,0.0,0.0,0.05062413314840499,0.0,0.0,0.0,0.0,0.0006934812760055479,0.0,0.0,0.0,0.0,0.0,0.0006934812760055479,0.0,0.0,0.0,0.0,0.0,0.0,0.0,0.0,0.0,0.004160887656033287,0.0034674063800277394,0.0,0.0,0.0,0.0,0.0,0.0,0.0,0.0,0.0,0.019417475728155338,0.0,0.0,0.0,0.0,0.0,0.0,0.0,0.0,0.0,0.0,0.0,0.0,0.0,0.0,0.0,0.0,0.009708737864077669,0.031206657420249653,0.0,0.0,0.0,0.0,0.0,0.0,0.0,0.0,0.0,0.0,0.0,0.0,0.0,0.0,0.0638002773925104,0.0,0.0,0.036754507628294034,0.0062413314840499305,0.0,0.0,0.004160887656033287,0.0006934812760055479,0.0,0.0,0.0,0.0,0.0,0.0013869625520110957,0.0,0.0,0.0,0.0,0.0,0.0,0.0,0.0,0.07975034674063801,0.0,0.0,0.0,0.013869625520110958,0.0,0.0,0.0006934812760055479,0.0,0.0,0.0,0.0,0.09084604715672677,0.0,0.0,0.03467406380027739,0.0,0.0,0.0,0.0,0.0048543689320388345,0.0076282940360610264,0.0,0.0,0.0,0.0,0.0,0.0,0.0,0.0,0.0,0.0,0.0,0.044382801664355064,0.0,0.0020804438280166435,0.0,0.0,0.0,0.16920943134535368,0.19764216366158113,0.0020804438280166435,0.0,0.0,0.0,0.0006934812760055479,0.0,0.0,0.0,0.0,0.0,0.0,0.0,0.0,0.0,0.0,0.0,0.0,0.0,0.0,0.0,0.0,0.0,0.0,0.0,0.0,0.0,0.0,0.0,0.0027739251040221915,0.0,0.0,0.0,0.0,0.0,0.0,0.0,0.0,0.0,0.0,0.0,0.0,0.0,0.0,0.0,0.0,0.0,0.0,0.0,0.0,0.0076282940360610264,0.0,0.0,0.0,0.0,0.0006934812760055479,0.0,0.0,0.0,0.0,0.0,0.0,0.0,0.0,0.0,0.0,0.0,0.0,0.0,0.0,0.0,0.0,0.0,0.0,0.0,0.0013869625520110957,0.0,0.0,0.0,0.0,0.0,0.0,0.0,0.0013869625520110957,0.0,0.0,0.0,0.0,0.0,0.0,0.009708737864077669,0.0,0.0,0.0,0.0,0.0,0.0006934812760055479,0.0006934812760055479,0.0,0.0,0.0,0.0,0.0,0.0,0.0,0.0,0.0,0.0,0.0,0.0,0.0,0.0,0.0,0.0,0.0,0.0,0.0,0.0,0.0,0.0,0.0,0.0,0.0,0.0,0.0,0.0,0.0,0.0,0.0,0.004160887656033287,0.0,0.0,0.0006934812760055479,0.0,0.0,0.0,0.0,0.0,0.0006934812760055479,0.0013869625520110957,0.0,0.011789181692094313,0.0,0.0,0.0
225 PRNc-NI-SG-RPO Vsx2 Nr4a2 Glut,0.0,0.0,0.0,0.0,0.0,0.0,0.0,0.0,0.0,0.0,0.0,0.0,0.0,0.0,0.0,0.0,0.0,0.0,0.0,0.0,0.0,0.0,0.0,0.0,0.0,0.0,0.0,0.0,0.0,0.0,0.0,0.0,0.0,0.0,0.0,0.0,0.0,0.0,0.0,0.0,0.0,0.0,0.0,0.0,0.0,0.0,0.0,0.0,0.0,0.0,0.11877394636015326,0.0,0.0,0.0,0.0,0.0,0.0,0.0,0.0,0.0,0.0,0.0,0.0,0.0,0.0,0.0,0.0,0.0,0.0,0.0,0.0,0.0,0.0,0.0,0.0,0.0,0.0,0.0,0.0,0.0,0.0,0.011494252873563218,0.0,0.0,0.0,0.0,0.0,0.0,0.0,0.0,0.0,0.0,0.0,0.0,0.0,0.0,0.009578544061302681,0.0,0.0,0.0,0.0,0.0,0.0019157088122605363,0.007662835249042145,0.0,0.0,0.0,0.0,0.0,0.0,0.0,0.0,0.0,0.0,0.0,0.0,0.0,0.0,0.0,0.0,0.0,0.0,0.0,0.0,0.0,0.0,0.0,0.0,0.0,0.0,0.0,0.0,0.0,0.0,0.0,0.0,0.0,0.0,0.0,0.0,0.0,0.0,0.0,0.0,0.0,0.0,0.0,0.0,0.0,0.040229885057471264,0.0038314176245210726,0.0,0.0,0.04597701149425287,0.0,0.0,0.0,0.0,0.0,0.0,0.013409961685823755,0.0,0.0,0.0,0.0,0.0,0.0,0.0,0.0,0.20306513409961685,0.017241379310344827,0.0,0.0,0.0,0.0,0.0,0.0,0.0,0.0,0.0,0.0,0.06130268199233716,0.0,0.0,0.0,0.0,0.0,0.0,0.0,0.0,0.0,0.0,0.0,0.0,0.0,0.0,0.0,0.0,0.0,0.0,0.0,0.0,0.0,0.0,0.0,0.0,0.0,0.0,0.2547892720306513,0.04789272030651341,0.0019157088122605363,0.0,0.0,0.0,0.0,0.0,0.0,0.0,0.0,0.0,0.0,0.0,0.0,0.0,0.0,0.0,0.0,0.0,0.0,0.0,0.0,0.0,0.0,0.0,0.0,0.0,0.0,0.0,0.03065134099616858,0.0,0.0,0.0,0.0,0.0,0.0,0.0,0.0,0.0,0.0,0.0,0.0,0.0,0.0,0.05172413793103448,0.0,0.0,0.0,0.0,0.0,0.0038314176245210726,0.0,0.0,0.0,0.0,0.0019157088122605363,0.0,0.0,0.0,0.0,0.0,0.0,0.0,0.0,0.0,0.0,0.0,0.0,0.0,0.0,0.0,0.0,0.0,0.0,0.0,0.0,0.0,0.0,0.0,0.0,0.0,0.0,0.0,0.032567049808429116,0.0,0.0,0.0,0.0,0.0019157088122605363,0.0,0.0,0.0,0.0,0.0,0.0038314176245210726,0.0019157088122605363,0.005747126436781609,0.013409961685823755,0.0,0.0,0.0,0.0,0.0,0.0,0.0,0.0,0.0,0.0,0.0,0.0,0.0,0.0,0.0,0.0,0.0,0.0,0.0,0.0,0.0,0.0,0.0,0.0,0.0,0.0,0.0,0.0,0.0,0.0,0.0,0.0,0.0,0.0,0.0,0.007662835249042145,0.0,0.0,0.0,0.0,0.0,0.0,0.0,0.005747126436781609,0.0,0.0,0.0
226 PRNc-PARN Tlx1 Glut,0.0,0.0,0.0,0.0,0.0,0.0,0.0,0.0,0.0,0.0,0.0,0.0,0.0,0.0,0.0,0.0,0.0,0.0,0.0,0.0,0.0,0.0,0.0,0.0,0.0,0.0,0.0,0.0,0.0,0.0,0.002881844380403458,0.0,0.0,0.0,0.0,0.0,0.0,0.0,0.0,0.0,0.0,0.0,0.0,0.0,0.0,0.0,0.0,0.0,0.0,0.0,0.0,0.0,0.0,0.0,0.0,0.0,0.0,0.0,0.0,0.0,0.0,0.0,0.0,0.0,0.0,0.0,0.0,0.0,0.0,0.0,0.0,0.0,0.0,0.0,0.0,0.0,0.0,0.0,0.0,0.0,0.0,0.002881844380403458,0.0,0.0,0.0,0.0,0.011527377521613832,0.0,0.0,0.0,0.0,0.0,0.0,0.0,0.0,0.0,0.0,0.0,0.0,0.0,0.0,0.0,0.0,0.023054755043227664,0.0,0.0,0.0,0.0,0.0,0.0,0.008645533141210375,0.0,0.0,0.0,0.0,0.0,0.0,0.0,0.0,0.0,0.0,0.0,0.0,0.0,0.0,0.0,0.0,0.0,0.0,0.0,0.0,0.0,0.0,0.0,0.0,0.0,0.0,0.0,0.0,0.0,0.0,0.0,0.0,0.0,0.0,0.0,0.0,0.0,0.0,0.10086455331412104,0.04610951008645533,0.0,0.0,0.0,0.0,0.0,0.0,0.0,0.0,0.0,0.0,0.0,0.0,0.0,0.0,0.0,0.0,0.0,0.0,0.19020172910662825,0.008645533141210375,0.0,0.0,0.0,0.0,0.0,0.18155619596541786,0.0,0.008645533141210375,0.0,0.0,0.002881844380403458,0.0,0.0,0.0,0.0,0.0,0.0,0.0,0.0,0.011527377521613832,0.0,0.0,0.0,0.0,0.0,0.0,0.0,0.0,0.0,0.0,0.0,0.0,0.0,0.0,0.0,0.0,0.0,0.23631123919308358,0.0,0.0,0.0,0.0,0.0,0.069164265129683,0.0,0.0,0.0,0.0,0.0,0.0,0.0,0.0,0.0,0.0,0.0,0.0,0.0,0.0,0.0,0.0,0.0,0.0,0.0,0.0,0.0,0.0,0.0,0.0,0.0,0.0,0.0,0.0,0.0,0.0,0.0,0.0,0.0,0.0,0.0,0.0,0.0,0.0,0.0,0.0,0.0,0.0,0.0,0.002881844380403458,0.0,0.0,0.0,0.0,0.0,0.0,0.0,0.0,0.0,0.0,0.0,0.002881844380403458,0.03170028818443804,0.0,0.0,0.0,0.0,0.0,0.0,0.0,0.0,0.0,0.0,0.0,0.0,0.023054755043227664,0.0,0.0,0.0,0.0,0.0,0.0,0.0,0.0,0.0,0.0,0.0,0.0,0.008645533141210375,0.0,0.0,0.0,0.0,0.0,0.0,0.0,0.005763688760806916,0.011527377521613832,0.0,0.0,0.0,0.0,0.0,0.0,0.0,0.0,0.0,0.0,0.0,0.0,0.0,0.0,0.0,0.0,0.0,0.0,0.0,0.0,0.0,0.0,0.0,0.002881844380403458,0.0,0.0,0.0,0.0,0.0,0.0,0.0,0.002881844380403458,0.0,0.0,0.0,0.0,0.0,0.0,0.0,0.0,0.0,0.002881844380403458,0.0,0.0,0.0,0.0,0.0
227 PB-PSV Phox2b Glut,0.0,0.0,0.0,0.0,0.0,0.0,0.0,0.0,0.0,0.0,0.0,0.0,0.0,0.0,0.0,0.0,0.0,0.0,0.0,0.0,0.0,0.0,0.0,0.0,0.0,0.0,0.0,0.0,0.0,0.0,0.0,0.0,0.0,0.0,0.0,0.0,0.0,0.0,0.0,0.0,0.0,0.0,0.0,0.0,0.0,0.0,0.0,0.0,0.0,0.0,0.0,0.0,0.0,0.0,0.0,0.0,0.0,0.0,0.0,0.0,0.0,0.0,0.0,0.0,0.0,0.0,0.0,0.0,0.0,0.0,0.0,0.0,0.0,0.0,0.0,0.0,0.0,0.0,0.0,0.0,0.0,0.0,0.0,0.0,0.0,0.0,0.0,0.0,0.0,0.0,0.0,0.0,0.0,0.0,0.0,0.0,0.0,0.0,0.0,0.0,0.0,0.0,0.0,0.0,0.0,0.0,0.0,0.0,0.0,0.0,0.0,0.0,0.0,0.0,0.0,0.0,0.0,0.0,0.0,0.0,0.0,0.0,0.0,0.0,0.0,0.0,0.0,0.0,0.0,0.0,0.0,0.0,0.0,0.0,0.0,0.0,0.0,0.0,0.0,0.0,0.0,0.0,0.0,0.0,0.0,0.0,0.0,0.0,0.0,0.008130081300813009,0.008130081300813009,0.0,0.0,0.0,0.0,0.0,0.0,0.0,0.0,0.0,0.0,0.0,0.0,0.0,0.0,0.0,0.0,0.0,0.0,0.16260162601626016,0.08130081300813008,0.0,0.0,0.0,0.0,0.0,0.008130081300813009,0.0,0.2601626016260163,0.0,0.0,0.0,0.0,0.0,0.0,0.0,0.0,0.0,0.0,0.0,0.0,0.0,0.0,0.0,0.0,0.0,0.0,0.0,0.0,0.0,0.0,0.0,0.0,0.0,0.0,0.0,0.0,0.0,0.008130081300813009,0.0,0.0,0.0,0.0,0.0,0.032520325203252036,0.0,0.0,0.0,0.0,0.0,0.0,0.0,0.0,0.0,0.0,0.0,0.0,0.0,0.0,0.0,0.0,0.0,0.0,0.0,0.0,0.0,0.0,0.0,0.0,0.0,0.0,0.0,0.0,0.0,0.0,0.0,0.0,0.0,0.0,0.0,0.0,0.0,0.0,0.0,0.0,0.0,0.0,0.0,0.0,0.0,0.0,0.0,0.0,0.0,0.0,0.0,0.0,0.0,0.0,0.0,0.0,0.008130081300813009,0.0,0.0,0.0,0.0,0.0,0.0,0.0,0.0,0.0,0.0,0.0,0.0,0.13821138211382114,0.0,0.0,0.0,0.0,0.0,0.0,0.0,0.0,0.0,0.0,0.0,0.0,0.04878048780487805,0.0,0.0,0.0,0.0,0.0,0.0,0.016260162601626018,0.0,0.0,0.0,0.0,0.0,0.0,0.0,0.0,0.0,0.0,0.0,0.0,0.0,0.0,0.0,0.0,0.0,0.0,0.0,0.0,0.0,0.0,0.0,0.0,0.0,0.016260162601626018,0.0,0.0,0.0,0.0,0.08943089430894309,0.0,0.0,0.10569105691056911,0.0,0.0,0.0,0.0,0.0,0.0,0.0,0.0,0.0,0.008130081300813009,0.0,0.0,0.0,0.0,0.0
228 PSV Pvalb Lhx2 Glut,0.0,0.0,0.0,0.0,0.0,0.0,0.0,0.0,0.0,0.0,0.0,0.0,0.0,0.0004927322000492732,0.0,0.0,0.0,0.0,0.0,0.0,0.0,0.0,0.0,0.0,0.0,0.0,0.0,0.0,0.0,0.0,0.0,0.0,0.0,0.0,0.0,0.0,0.0,0.0,0.0,0.009608277900960829,0.0,0.0,0.0,0.0,0.0,0.0,0.0,0.0,0.0002463661000246366,0.0,0.0,0.0,0.0,0.0004927322000492732,0.0,0.0,0.0,0.0,0.0,0.0,0.0,0.0,0.0,0.0,0.0,0.0,0.0,0.0,0.0,0.0,0.0,0.0,0.0,0.0,0.0007390983000739098,0.0,0.0,0.0,0.0,0.0,0.0,0.0,0.0,0.0,0.0,0.0,0.001231830500123183,0.0,0.0,0.0,0.0,0.0,0.0,0.0,0.0,0.0,0.0,0.0,0.0,0.0,0.0,0.0,0.0,0.0,0.0,0.0,0.0,0.0,0.0,0.0,0.001231830500123183,0.0,0.0,0.0,0.0,0.0,0.0,0.0004927322000492732,0.0,0.0,0.0,0.0,0.0,0.0,0.0,0.0,0.0,0.0,0.0,0.0,0.0,0.0004927322000492732,0.0,0.0,0.0,0.0,0.0,0.0,0.0,0.0,0.0,0.0,0.0,0.0,0.0,0.0,0.001231830500123183,0.0,0.0,0.0022172949002217295,0.03547671840354767,0.0,0.0,0.0,0.0,0.0,0.0,0.0,0.0,0.0,0.0,0.0,0.0,0.0,0.0,0.0,0.0,0.0,0.0,0.08524267060852427,0.0,0.0,0.0,0.0014781966001478197,0.0,0.0,0.009608277900960829,0.0,0.0322739591032274,0.0,0.0014781966001478197,0.0,0.0,0.0,0.0,0.0,0.0,0.0,0.0,0.0,0.0,0.0,0.0,0.0,0.0,0.0,0.0,0.0,0.0,0.0,0.0,0.0,0.0,0.0,0.0,0.0,0.0,0.0,0.0,0.0,0.0,0.0,0.0,0.0,0.6304508499630451,0.0,0.0,0.0,0.0,0.0,0.0,0.0,0.0,0.0,0.0,0.0,0.0,0.0,0.0,0.0,0.0,0.0,0.0,0.0,0.0,0.0,0.0,0.0,0.0,0.0,0.0,0.0,0.0,0.0,0.0,0.0,0.0,0.0,0.0014781966001478197,0.0,0.0,0.0,0.0,0.0,0.0,0.0,0.0,0.0,0.0,0.0,0.0,0.0,0.0,0.0,0.006405518600640552,0.0,0.0,0.0,0.0002463661000246366,0.0,0.0009854644000985464,0.03350578960335058,0.0,0.0,0.0,0.0,0.0,0.0,0.0,0.0,0.0,0.0,0.0,0.0,0.0,0.0004927322000492732,0.0,0.0,0.0,0.0,0.0,0.0,0.0,0.0,0.0,0.0,0.0,0.0007390983000739098,0.0,0.0,0.0,0.0,0.02463661000246366,0.0,0.0,0.0174919931017492,0.0007390983000739098,0.0,0.0,0.0,0.0,0.0,0.0,0.0,0.0,0.0,0.0,0.0,0.0,0.0,0.0002463661000246366,0.0,0.0,0.0,0.0,0.0,0.0,0.0,0.0,0.0,0.06306972160630697,0.0,0.0,0.0,0.0,0.014781966001478197,0.0,0.0,0.019216555801921657,0.0,0.0,0.0,0.0,0.0,0.0,0.0,0.0,0.0,0.0014781966001478197,0.0,0.0,0.0,0.0,0.0
229 PB-NTS Phox2b Ebf3 Lmx1b Glut,0.0,0.0,0.0,0.0,0.0,0.0,0.0,0.0,0.0,0.0,0.0,0.0,0.0,0.0,0.0,0.0,0.0,0.0,0.0,0.0,0.0,0.0,0.0,0.0,0.0,0.0,0.0,0.0,0.0,0.0,0.0,0.0012953367875647669,0.0,0.0,0.0,0.0,0.0,0.0,0.0,0.0012953367875647669,0.0,0.0,0.0,0.0,0.0,0.0,0.0,0.0,0.0,0.0,0.0,0.0,0.0,0.0,0.0,0.0,0.0,0.0,0.0,0.0,0.0,0.0,0.0,0.0,0.0,0.0,0.0,0.0,0.0,0.0,0.0,0.0,0.0,0.0,0.0,0.0,0.0,0.0,0.0,0.0,0.0,0.0,0.0,0.0,0.0,0.0,0.0,0.0,0.0,0.0,0.0,0.0,0.0,0.0,0.0,0.0,0.0,0.0,0.0,0.0,0.0,0.0,0.0,0.0038860103626943004,0.0012953367875647669,0.0,0.0,0.0,0.0,0.0,0.0,0.0012953367875647669,0.0,0.0,0.0,0.0,0.0,0.0,0.0,0.0,0.0,0.0,0.0,0.0,0.0,0.0,0.0,0.0,0.0,0.0,0.0,0.0012953367875647669,0.0,0.0,0.0,0.0,0.0,0.0,0.0,0.0,0.0,0.0,0.0,0.0,0.0,0.0,0.0,0.0,0.0,0.027202072538860103,0.025906735751295335,0.0,0.0,0.0,0.0,0.0,0.0,0.0,0.0,0.0,0.0,0.04922279792746114,0.0,0.0,0.0,0.0,0.0,0.0,0.0,0.16580310880829016,0.0038860103626943004,0.0,0.0,0.0,0.0,0.0,0.05569948186528497,0.0051813471502590676,0.37823834196891193,0.0,0.0012953367875647669,0.0,0.0,0.0,0.0,0.0,0.0,0.0,0.0,0.0,0.0,0.0,0.0,0.0,0.0,0.0,0.0,0.0,0.0,0.0,0.0,0.0,0.0,0.0,0.0,0.0,0.0,0.0,0.0051813471502590676,0.0,0.0,0.0,0.0,0.0,0.0,0.0,0.0,0.0,0.0,0.0,0.0,0.0,0.0,0.0,0.0,0.0,0.0,0.0,0.0,0.0,0.0,0.0,0.0,0.0,0.0,0.0,0.0,0.0,0.0,0.0,0.0,0.0,0.0,0.0,0.0,0.0,0.0,0.0,0.0,0.0,0.0,0.0,0.0,0.0,0.0,0.0,0.0,0.0,0.0025906735751295338,0.0,0.0,0.0,0.0,0.0,0.0,0.0,0.0,0.0,0.07512953367875648,0.0,0.0,0.012953367875647668,0.0,0.0,0.0,0.0,0.0,0.0,0.0,0.0,0.0,0.0,0.0,0.0,0.12953367875647667,0.0,0.0,0.0,0.0,0.0,0.0,0.0,0.0,0.0,0.0,0.0,0.0,0.0051813471502590676,0.0,0.0,0.0,0.0,0.0,0.0,0.0,0.0012953367875647669,0.0,0.0,0.0,0.0,0.0,0.0,0.0,0.0,0.0,0.0,0.0,0.0,0.0,0.0,0.0,0.0,0.0,0.0,0.0,0.0,0.0,0.0,0.0,0.0,0.0051813471502590676,0.0,0.0,0.0,0.0,0.0025906735751295338,0.0051813471502590676,0.0,0.031088082901554404,0.0,0.0,0.0,0.0,0.0,0.0,0.0,0.0,0.0,0.0,0.0,0.0,0.0,0.0012953367875647669,0.0
230 PRNr Otp Nfib Glut,0.0,0.0,0.0,0.0,0.0035587188612099642,0.0,0.0,0.0,0.0,0.0,0.0,0.0,0.0,0.0,0.0,0.0,0.0,0.0,0.0,0.0,0.0,0.0,0.0,0.0,0.0,0.0,0.0,0.0,0.0,0.0,0.0,0.0,0.0,0.0,0.0,0.0,0.0,0.0,0.0,0.0,0.0,0.0,0.0,0.0,0.0,0.0,0.0,0.0,0.0,0.0,0.02491103202846975,0.0,0.0,0.0,0.0035587188612099642,0.0,0.0,0.0,0.0,0.0,0.0,0.0,0.0,0.0,0.0,0.0,0.0,0.0,0.0,0.0,0.0,0.0,0.0,0.0,0.0,0.0,0.0,0.0,0.0,0.0,0.0,0.017793594306049824,0.0,0.0,0.0,0.0,0.0,0.0,0.0,0.0,0.0,0.0,0.0,0.0,0.0,0.0,0.0,0.0,0.0,0.0,0.0,0.0,0.0,0.08540925266903915,0.0,0.0,0.0,0.0,0.0,0.0,0.0,0.0,0.0,0.0,0.0,0.0,0.0,0.0,0.0,0.0,0.0,0.0,0.0,0.0,0.0,0.0,0.0,0.0,0.0,0.0,0.0,0.0,0.0,0.0,0.0,0.0,0.0,0.0,0.0,0.0,0.0,0.0,0.0,0.0,0.0,0.0,0.0,0.0,0.0,0.0,0.0,0.0,0.0,0.0,0.03558718861209965,0.0,0.0,0.0,0.0,0.0,0.0035587188612099642,0.0,0.0,0.0,0.0,0.0,0.0,0.0,0.0,0.06405693950177936,0.02491103202846975,0.0,0.0,0.0,0.0,0.0,0.0,0.0,0.0,0.0,0.0,0.0,0.0,0.0,0.0,0.0,0.0,0.0,0.0035587188612099642,0.0,0.0035587188612099642,0.0,0.0,0.0,0.0,0.0,0.0,0.0,0.0,0.0,0.0,0.0,0.0,0.0,0.0,0.0,0.0,0.0,0.1103202846975089,0.45195729537366547,0.0,0.0,0.0,0.0,0.0071174377224199285,0.0,0.0,0.0,0.0,0.0,0.0,0.0,0.0,0.0,0.0,0.0,0.0,0.0,0.0,0.0,0.0,0.0,0.0,0.0,0.0,0.0,0.0,0.0,0.0,0.0,0.0,0.0,0.0,0.0,0.0,0.0,0.0,0.0,0.0,0.0,0.0,0.0,0.0,0.0,0.0,0.0,0.0,0.0,0.0,0.010676156583629894,0.0,0.0,0.0,0.0,0.0071174377224199285,0.0,0.0,0.0,0.0,0.0,0.0,0.0,0.0,0.0,0.0,0.0,0.0,0.0,0.0,0.0,0.0,0.0,0.0,0.0,0.0035587188612099642,0.0,0.0,0.0,0.0,0.0,0.0,0.0,0.11743772241992882,0.0,0.0,0.0,0.0,0.0035587188612099642,0.0,0.0,0.0,0.0,0.0,0.0,0.0071174377224199285,0.0035587188612099642,0.0035587188612099642,0.0,0.0,0.0,0.0,0.0,0.0,0.0,0.0,0.0,0.0,0.0,0.0,0.0,0.0,0.0,0.0,0.0,0.0,0.0,0.0,0.0,0.0,0.0,0.0,0.0,0.0,0.0,0.0,0.0,0.0,0.0,0.0,0.0,0.0,0.0,0.0035587188612099642,0.0,0.0,0.0,0.0,0.0,0.0,0.0,0.0,0.0,0.0,0.0
231 IPN-LDT Vsx2 Nkx6-1 Glut,0.0,0.0,0.0,0.0,0.0,0.0,0.0,0.0,0.0,0.0,0.0,0.0,0.0,0.0,0.0,0.0,0.0,0.0,0.0,0.0,0.0,0.0,0.0,0.0,0.0,0.0,0.0,0.0,0.0,0.0,0.0,0.0,0.0,0.0,0.0,0.0,0.0,0.0,0.0,0.0,0.0,0.0,0.0,0.0,0.0026109660574412533,0.0,0.0,0.0,0.0,0.0,0.0,0.0,0.0,0.0,0.02349869451697128,0.0,0.0,0.0,0.0,0.0,0.0,0.0,0.0,0.0,0.0,0.0,0.0,0.0,0.0,0.0,0.0,0.0,0.0,0.0,0.0,0.0,0.0,0.0,0.0,0.0,0.0,0.0,0.0,0.0,0.0,0.0,0.0,0.0,0.0,0.0,0.0,0.0,0.0026109660574412533,0.0,0.0,0.0,0.0,0.0,0.0,0.0,0.0,0.0,0.2950391644908616,0.0,0.0,0.0,0.0,0.0,0.0,0.0,0.0,0.0,0.0,0.0,0.0,0.0,0.0,0.0,0.0,0.0,0.0,0.0,0.0,0.0,0.0,0.0,0.0,0.0,0.0,0.0,0.0,0.17493472584856398,0.0,0.0,0.0,0.0,0.0,0.0,0.0,0.007832898172323759,0.0,0.0,0.0,0.0,0.0,0.0,0.031331592689295036,0.0,0.0,0.0,0.0,0.0,0.0,0.0,0.0,0.0,0.0,0.0,0.0,0.0,0.0,0.0,0.0,0.0,0.0,0.0,0.0,0.0,0.0,0.010443864229765013,0.0,0.0,0.0,0.22193211488250653,0.0,0.0,0.0,0.0,0.005221932114882507,0.0,0.0,0.0,0.0,0.0,0.0,0.0,0.0,0.0,0.0,0.0,0.0,0.0,0.0,0.0,0.0,0.0,0.0,0.02349869451697128,0.0,0.0,0.0,0.0,0.09138381201044386,0.0,0.0,0.0,0.0,0.0,0.0,0.007832898172323759,0.0,0.0,0.0,0.0,0.0,0.0,0.0,0.0,0.0,0.0,0.0,0.0,0.0,0.0,0.0,0.0,0.0,0.0,0.0,0.0,0.0,0.0,0.0,0.0,0.0,0.0,0.0,0.0,0.0,0.0,0.0,0.0,0.0,0.0,0.0,0.0,0.0,0.0,0.0,0.0,0.0,0.0,0.0,0.0,0.0,0.0,0.0,0.0,0.0,0.0,0.0,0.0,0.005221932114882507,0.0,0.0,0.0,0.0,0.0,0.0,0.0,0.0,0.0,0.0,0.0,0.0,0.0,0.0,0.0,0.0,0.0,0.0,0.0,0.0,0.028720626631853787,0.0,0.0,0.0,0.0,0.0,0.0,0.0,0.0,0.0,0.0,0.0,0.0,0.0,0.0,0.0,0.0,0.0,0.0,0.0,0.0,0.0,0.0,0.0,0.0,0.0,0.0,0.0,0.0,0.0,0.0,0.0,0.0,0.0,0.0,0.0,0.0,0.0,0.0,0.0,0.0,0.0,0.0,0.0,0.033942558746736295,0.0,0.0,0.0,0.0,0.0,0.0,0.0,0.0,0.0,0.0,0.0,0.0,0.0,0.0,0.0026109660574412533,0.0,0.0,0.0,0.0,0.028720626631853787,0.0,0.0,0.0026109660574412533,0.0,0.0,0.0
232 LDT Vsx2 Nkx6-1 Nfib Glut,0.0,0.0,0.0,0.0,0.0,0.0,0.0,0.0,0.0,0.0,0.0,0.0,0.0,0.0,0.0,0.0,0.0,0.0,0.0,0.004219409282700422,0.0,0.0,0.0,0.0,0.0,0.0,0.0,0.0,0.0,0.0,0.0,0.0,0.0,0.0,0.0,0.0,0.0,0.0,0.0,0.0,0.0,0.0,0.0,0.0,0.0,0.0,0.0,0.0,0.0,0.0,0.0,0.0,0.0,0.0,0.029535864978902954,0.0,0.0,0.0,0.0,0.0,0.0,0.0,0.0,0.0,0.0,0.0,0.0,0.0,0.0,0.0,0.0,0.0,0.0,0.0,0.0,0.0,0.0,0.0,0.0,0.0,0.0,0.0,0.0,0.0,0.0,0.0,0.0,0.0,0.0,0.0,0.0,0.0,0.0,0.0,0.0,0.0,0.016877637130801686,0.0,0.0,0.0,0.0,0.0,0.0,0.0,0.0,0.0,0.0,0.0,0.0,0.0,0.0,0.0,0.0,0.004219409282700422,0.0,0.0,0.0,0.0,0.0,0.0,0.0,0.0,0.0,0.0,0.0,0.0,0.0,0.0,0.0,0.0,0.0,0.04219409282700422,0.0,0.0,0.0,0.0,0.0,0.0,0.0,0.0,0.0,0.0,0.0,0.0,0.0,0.0,0.05907172995780591,0.0,0.0,0.0,0.0,0.0,0.0,0.0,0.0,0.0,0.0,0.0,0.0,0.0,0.0,0.0,0.0,0.0,0.0,0.0,0.0,0.0,0.0,0.004219409282700422,0.0,0.0,0.0,0.8185654008438819,0.0,0.0,0.0,0.0,0.0,0.0,0.0,0.0,0.0,0.0,0.0,0.0,0.0,0.0,0.0,0.0,0.0,0.0,0.0,0.0,0.0,0.0,0.0,0.0,0.0,0.0,0.0,0.0,0.016877637130801686,0.0,0.0,0.0,0.0,0.0,0.0,0.0,0.0,0.0,0.0,0.0,0.0,0.0,0.0,0.0,0.0,0.0,0.0,0.0,0.0,0.0,0.004219409282700422,0.0,0.0,0.0,0.0,0.0,0.0,0.0,0.0,0.0,0.0,0.0,0.0,0.0,0.0,0.0,0.0,0.0,0.0,0.0,0.0,0.0,0.0,0.0,0.0,0.0,0.0,0.0,0.0,0.0,0.0,0.0,0.0,0.0,0.0,0.0,0.0,0.0,0.0,0.0,0.0,0.0,0.0,0.0,0.0,0.0,0.0,0.0,0.0,0.0,0.0,0.0,0.0,0.0,0.0,0.0,0.0,0.0,0.0,0.0,0.0,0.0,0.0,0.0,0.0,0.0,0.0,0.0,0.0,0.0,0.0,0.0,0.0,0.0,0.0,0.0,0.0,0.0,0.0,0.0,0.0,0.0,0.0,0.0,0.0,0.0,0.0,0.0,0.0,0.0,0.0,0.0,0.0,0.0,0.0,0.0,0.0,0.0,0.0,0.0,0.0,0.0,0.0,0.0,0.0,0.0,0.0,0.0,0.0,0.0,0.0,0.0,0.0,0.0,0.0,0.0,0.0,0.0,0.0,0.0,0.0,0.0,0.0,0.0,0.0,0.0,0.0,0.0,0.0,0.0
233 NLL-SOC Spp1 Glut,0.0,0.0,0.0,0.0,0.0,0.0,0.0,0.0,0.0,0.0,0.0,0.0,0.0,0.0,0.0,0.0,0.0,0.0,0.0,0.0,0.0,0.0,0.0,0.0,0.0,0.0,0.0,0.0,0.0,0.0,0.0,0.0,0.0,0.0,0.0,0.0,0.0,0.0,0.0,0.043964232488822655,0.0,0.0,0.0,0.0,0.0,0.0,0.0,0.0,0.0,0.0,0.0,0.0,0.0,0.023099850968703428,0.0007451564828614009,0.0007451564828614009,0.0,0.0,0.0,0.0,0.0,0.0,0.0,0.0,0.0,0.0,0.0007451564828614009,0.0,0.0,0.0,0.0,0.0,0.0,0.0,0.0,0.0,0.0,0.0,0.0,0.0,0.0007451564828614009,0.005216095380029807,0.0,0.0,0.0,0.0,0.0007451564828614009,0.0,0.0,0.0,0.0014903129657228018,0.0,0.0,0.0,0.0,0.0,0.0,0.0,0.0,0.0,0.0,0.0,0.0,0.0037257824143070045,0.0,0.0,0.0,0.0,0.0,0.0,0.0007451564828614009,0.0,0.0,0.0,0.0,0.0,0.0,0.0014903129657228018,0.0,0.0,0.0,0.0,0.0,0.0,0.0,0.0,0.0,0.0,0.0,0.0,0.0,0.004470938897168405,0.0,0.0,0.0,0.0,0.0,0.0,0.0,0.0,0.0,0.0,0.0,0.0,0.0,0.0,0.0037257824143070045,0.0,0.0,0.01564828614008942,0.028315946348733235,0.0,0.0,0.0007451564828614009,0.13859910581222057,0.0,0.0,0.0007451564828614009,0.0,0.0,0.0,0.0,0.0,0.0,0.0,0.0,0.0,0.0,0.0,0.13040238450074515,0.0,0.0,0.0,0.0,0.0007451564828614009,0.0,0.0029806259314456036,0.0,0.01713859910581222,0.0,0.0,0.0022354694485842027,0.0,0.0,0.0007451564828614009,0.0,0.0,0.0,0.0,0.0,0.0029806259314456036,0.0,0.0,0.0,0.0,0.0,0.0,0.0,0.0,0.0,0.0,0.0,0.0014903129657228018,0.0,0.0,0.0,0.0,0.0,0.00894187779433681,0.0037257824143070045,0.0,0.0,0.0,0.0,0.02608047690014903,0.0,0.0,0.0,0.0,0.0,0.0,0.0,0.0,0.0,0.0,0.0,0.0,0.0,0.0,0.0,0.0,0.0,0.0,0.0,0.0007451564828614009,0.0,0.0,0.0007451564828614009,0.0,0.0,0.0,0.0,0.0,0.0,0.0,0.0,0.0,0.0,0.00819672131147541,0.0,0.0,0.0,0.0,0.0,0.0,0.0,0.0,0.0,0.0,0.0,0.0,0.0,0.0,0.0,0.32786885245901637,0.0,0.0,0.0,0.009687034277198211,0.0,0.0029806259314456036,0.021609538002980627,0.0,0.0,0.0,0.0,0.0,0.0,0.0,0.0,0.0,0.0,0.0,0.0,0.005961251862891207,0.0014903129657228018,0.0,0.0,0.0,0.0,0.0,0.0,0.0014903129657228018,0.0,0.0,0.0,0.0,0.0,0.0,0.0007451564828614009,0.0007451564828614009,0.0,0.0,0.0,0.005961251862891207,0.05141579731743666,0.0037257824143070045,0.0,0.0,0.0,0.0,0.0,0.0,0.0,0.0,0.0,0.0,0.0,0.0,0.0,0.0,0.0,0.0,0.0,0.0,0.0,0.0,0.0,0.0,0.0,0.00894187779433681,0.0,0.0,0.0,0.0007451564828614009,0.0022354694485842027,0.014903129657228018,0.0,0.043219076005961254,0.0,0.0,0.0,0.0,0.0,0.0,0.0,0.0,0.0,0.0067064083457526085,0.0,0.0,0.005961251862891207,0.0,0.0007451564828614009
234 MEV Ppp1r1c Glut,0.0,0.0,0.0,0.0,0.0,0.0,0.0,0.0,0.0,0.0,0.0,0.0,0.0,0.0,0.0,0.0,0.0,0.0,0.0,0.0,0.0,0.0,0.0,0.0,0.0,0.0,0.0,0.0,0.0,0.0,0.0,0.0,0.0,0.0,0.0,0.0,0.0,0.0,0.0,0.0728476821192053,0.0,0.013245033112582781,0.0,0.0,0.0,0.0,0.0,0.0,0.0,0.0,0.0,0.0,0.0,0.0,0.0,0.0,0.0,0.0,0.0,0.0,0.0,0.0,0.0,0.0,0.0,0.0,0.0,0.0,0.0,0.0,0.0,0.0,0.0,0.0,0.0,0.0,0.0,0.0,0.0,0.0,0.0,0.0,0.0,0.0,0.0,0.0,0.0,0.0,0.0,0.0,0.019867549668874173,0.0,0.0,0.0,0.0,0.0,0.0,0.0,0.0,0.0,0.0,0.0,0.0,0.0,0.0,0.0,0.0,0.0,0.0,0.0,0.0,0.013245033112582781,0.0,0.0,0.0,0.0,0.0,0.0,0.0,0.0,0.0,0.0,0.0,0.0,0.0,0.0,0.0,0.0,0.0,0.0,0.0,0.006622516556291391,0.0,0.0,0.0,0.0,0.0,0.0,0.0,0.0,0.0,0.0,0.0,0.0,0.0,0.0,0.0,0.0,0.0,0.06622516556291391,0.0,0.0,0.0,0.0,0.0,0.0,0.0,0.0,0.0,0.0,0.0,0.0,0.0,0.0,0.0,0.0,0.0,0.0,0.0,0.09933774834437085,0.0,0.0,0.0,0.2913907284768212,0.0,0.0,0.0,0.0,0.304635761589404,0.0,0.0,0.019867549668874173,0.0,0.0,0.0,0.0,0.0,0.0,0.0,0.0,0.0,0.0,0.0,0.0,0.0,0.0,0.0,0.0,0.0,0.0,0.0,0.0,0.0,0.0,0.0,0.0,0.0,0.0,0.0,0.0,0.0,0.0,0.0,0.0,0.0,0.0,0.0,0.0,0.0,0.0,0.0,0.0,0.0,0.0,0.0,0.0,0.0,0.0,0.0,0.0,0.0,0.0,0.0,0.0,0.0,0.0,0.0,0.0,0.0,0.0,0.0,0.0,0.0,0.0,0.0,0.0,0.0,0.0,0.0,0.0,0.0,0.0,0.0,0.0,0.0,0.0,0.0,0.0,0.0,0.0,0.0,0.0,0.0,0.0,0.0,0.0,0.0,0.0,0.0,0.0,0.0,0.0,0.0,0.0,0.0,0.0,0.0,0.0,0.0,0.0,0.0,0.0,0.0,0.0,0.0,0.006622516556291391,0.0,0.0,0.0,0.0,0.0,0.0,0.0,0.0,0.0,0.0,0.0,0.0,0.0,0.0,0.006622516556291391,0.0,0.0,0.0,0.0,0.0,0.0,0.0,0.0,0.0,0.0,0.0,0.0,0.0,0.0,0.0,0.0,0.0,0.0,0.0,0.0,0.0,0.0,0.0,0.0,0.0,0.0,0.0,0.0,0.0,0.0,0.0,0.0,0.0,0.0,0.006622516556291391,0.0,0.0,0.06622516556291391,0.0,0.006622516556291391,0.0,0.0,0.0,0.0,0.0,0.0,0.0,0.0,0.0,0.0,0.0,0.0,0.0
235 PG-TRN-LRN Fat2 Glut,0.0,0.0,0.0,0.0,0.0,0.0,0.0,0.0,0.0,0.0,0.0,0.0,0.0002193142773594561,0.0,0.0,0.0,0.0,0.0,0.0,0.0,0.0,0.0,0.0,0.0,0.0,0.0,0.0,0.0,0.0,0.0,0.0,0.0,0.0,0.0,0.0,0.0,0.0,0.0,0.0,0.0016083047006360113,0.0,0.0008041523503180057,0.0,0.0,0.0,0.0,0.0,0.0,0.004020761751590028,0.0,7.31047591198187e-05,0.0,7.31047591198187e-05,0.0001462095182396374,0.0,0.0004386285547189122,0.0,0.0,0.0,0.0,0.0001462095182396374,0.0,0.0,0.0,0.0,0.0,0.006360114043424227,0.0,0.0,0.0,0.0,0.0,0.0,0.0,0.0,0.0,0.0,0.0,0.0,0.0,0.0,0.0008041523503180057,0.0,0.0,0.0,0.0,0.001242780905036918,0.0,0.0,0.0,0.0,0.0,0.0,0.0,0.0,0.0,7.31047591198187e-05,0.0,0.0,0.0,0.0,0.0003655237955990935,0.0,0.0024124570509540173,7.31047591198187e-05,0.0,0.0,0.0,0.0,0.0,0.0003655237955990935,0.0,0.0,0.0,0.0,0.0,0.0,0.0,0.0005117333138387309,0.0,0.0,0.0,0.0,0.008918780612617881,0.0,0.0,0.0,0.0,0.0,0.0,0.0001462095182396374,0.0,0.0,0.0,0.0,0.0,0.0,0.0,0.0,0.0,0.0,0.0,0.0,0.0,0.0,0.0,0.0,0.0,0.0,0.011989180495650268,0.04232765553037503,0.0,0.0,0.0,0.0,0.0,0.0024124570509540173,0.0,0.0,0.0001462095182396374,0.007383580671101689,0.000731047591198187,0.0,0.0,0.0,0.0,0.0,0.0,0.0,0.24892170480298267,0.0,0.0,0.0,0.0,0.0,0.0,0.010965713867972805,0.0,0.004605599824548578,0.0,0.001973828496235105,7.31047591198187e-05,0.0,0.0,0.0,0.0,0.0,0.0001462095182396374,0.2443161049784341,0.0002924190364792748,0.0032897141603918413,0.0,0.0,0.0,0.0,0.0,0.0,0.0,0.0,0.0,0.0,0.0,0.0,0.0,7.31047591198187e-05,0.0,0.0,0.0,0.008333942539659332,0.006506323561663864,0.005190437897507128,0.0,0.0,0.0,0.027121865633452737,0.0,0.0,0.0,0.0,0.0,0.0,0.0,0.0,0.0,0.0,0.0002193142773594561,0.0,0.0,0.0,0.0,0.0,0.0,0.0,0.0003655237955990935,0.0,0.0,0.0,0.0,0.0,0.0,0.0,0.0,0.0,0.0,0.0,0.0,0.0,0.0,0.0,0.0,0.0,0.0,0.0,0.0,0.0,0.0,0.0,0.0,7.31047591198187e-05,0.0,0.0,0.0,0.0,0.0,0.003070399883032385,0.0,0.0,0.0,0.004605599824548578,0.0,0.008114628262299875,0.0015351999415161926,0.0,0.0,0.0,0.0,0.0,0.0,0.0,0.0,0.0,0.0,0.0,0.0,0.0002193142773594561,0.0005117333138387309,0.0,0.0,0.0,0.0,0.0,0.0,0.0969369105928796,0.0,0.0,0.0,0.0016083047006360113,0.0006579428320783683,0.0,0.0009503618685576431,0.0032897141603918413,0.0,0.0001462095182396374,0.0002924190364792748,0.0,0.005702171211345859,0.0,0.0,0.0,0.0,0.0,0.0,0.0,0.0,0.0,0.0,0.0,0.0,0.0,0.0,0.0,0.0,0.0,0.0,0.0,0.0,0.0,0.0,0.0,7.31047591198187e-05,0.006287009284304408,0.0001462095182396374,0.0,0.0,0.0,0.004751809342788215,0.02127348490386724,0.0,0.02434388478689963,0.0,0.009722932962935887,0.008699466335258425,0.014547847064843921,0.0,0.0,0.0,0.0,0.0,0.0010965713867972806,0.0,0.0002193142773594561,0.11908765260618466,0.005336647415746765,0.0005117333138387309
236 IRN Vip Glut,0.0,0.0,0.0,0.0,0.0,0.0,0.0,0.0,0.0,0.0,0.0,0.0,0.0,0.0,0.0,0.0,0.0,0.0,0.0,0.0,0.0,0.0,0.0,0.0,0.0,0.0,0.0,0.0,0.0,0.0,0.0,0.0,0.0,0.0,0.0,0.0,0.0,0.0,0.0,0.0,0.0,0.0,0.0,0.0,0.0,0.0,0.0,0.0,0.0,0.0,0.0,0.0,0.0,0.0,0.0,0.0,0.0,0.0,0.0,0.0,0.0,0.0,0.0,0.0,0.0,0.0,0.0,0.0,0.0,0.0,0.0,0.0,0.0,0.0,0.0,0.0,0.0,0.0,0.0,0.0,0.0,0.010638297872340425,0.0,0.0,0.0,0.0,0.0,0.0,0.0,0.0,0.0,0.0,0.0,0.0,0.0,0.0,0.0,0.0,0.0,0.0,0.0,0.0,0.0,0.7340425531914894,0.0,0.0,0.0,0.0,0.0,0.0,0.0,0.0,0.0,0.0,0.0,0.0,0.0,0.0,0.0,0.0,0.0,0.0,0.0,0.0,0.0,0.0,0.0,0.0,0.0,0.0,0.0,0.0,0.0,0.0,0.0,0.0,0.0,0.0,0.0,0.0,0.0,0.0,0.0,0.0,0.0,0.0,0.0,0.0,0.0,0.010638297872340425,0.02127659574468085,0.0,0.0,0.0,0.0,0.0,0.0,0.0,0.0,0.0,0.0,0.07446808510638298,0.0,0.0,0.0,0.0,0.0,0.0,0.0,0.0,0.0,0.0,0.0,0.0,0.0,0.0,0.13829787234042554,0.0,0.0,0.0,0.0,0.0,0.0,0.0,0.0,0.0,0.0,0.0,0.0,0.010638297872340425,0.0,0.0,0.0,0.0,0.0,0.0,0.0,0.0,0.0,0.0,0.0,0.0,0.0,0.0,0.0,0.0,0.0,0.0,0.0,0.0,0.0,0.0,0.0,0.0,0.0,0.0,0.0,0.0,0.0,0.0,0.0,0.0,0.0,0.0,0.0,0.0,0.0,0.0,0.0,0.0,0.0,0.0,0.0,0.0,0.0,0.0,0.0,0.0,0.0,0.0,0.0,0.0,0.0,0.0,0.0,0.0,0.0,0.0,0.0,0.0,0.0,0.0,0.0,0.0,0.0,0.0,0.0,0.0,0.0,0.0,0.0,0.0,0.0,0.0,0.0,0.0,0.0,0.0,0.0,0.0,0.0,0.0,0.0,0.0,0.0,0.0,0.0,0.0,0.0,0.0,0.0,0.0,0.0,0.0,0.0,0.0,0.0,0.0,0.0,0.0,0.0,0.0,0.0,0.0,0.0,0.0,0.0,0.0,0.0,0.0,0.0,0.0,0.0,0.0,0.0,0.0,0.0,0.0,0.0,0.0,0.0,0.0,0.0,0.0,0.0,0.0,0.0,0.0,0.0,0.0,0.0,0.0,0.0,0.0,0.0,0.0,0.0,0.0,0.0,0.0,0.0,0.0,0.0,0.0,0.0,0.0,0.0,0.0,0.0,0.0,0.0,0.0,0.0,0.0,0.0,0.0,0.0,0.0,0.0,0.0,0.0,0.0,0.0,0.0
237 PRP-NI-PRNc-GRN Otp Glut,0.0,0.0,0.0,0.0,0.0,0.0,0.0,0.0,0.0,0.0,0.0,0.0,0.0,0.0,0.0,0.0,0.0,0.0,0.0,0.0,0.0,0.0,0.0,0.0,0.0,0.0,0.0,0.0,0.0,0.0,0.0,0.0,0.0,0.0,0.0,0.0,0.0,0.0,0.0,0.0,0.0,0.0,0.0,0.0,0.0,0.0,0.0,0.0,0.0,0.0,0.07173913043478261,0.0,0.0,0.0,0.0,0.0,0.0,0.0,0.0,0.0,0.0,0.0,0.0,0.0,0.0,0.0,0.0,0.0,0.0,0.0,0.0,0.0,0.0,0.0,0.0,0.0,0.0,0.0,0.0,0.0,0.0,0.09130434782608696,0.0,0.0,0.0,0.0,0.0,0.0,0.0,0.0,0.0,0.0,0.0,0.0,0.0,0.0,0.005434782608695652,0.0,0.0,0.0,0.0,0.0,0.0,0.010869565217391304,0.0,0.0,0.0,0.0,0.0,0.0,0.0,0.0,0.0,0.0,0.0,0.0,0.0,0.0,0.0,0.0,0.0,0.0,0.0,0.0,0.0,0.0,0.0,0.0,0.0,0.0,0.006521739130434782,0.0,0.0,0.0,0.0,0.0,0.0,0.0,0.0,0.0,0.0,0.0,0.0,0.0,0.0,0.0,0.0,0.0,0.0,0.07391304347826087,0.034782608695652174,0.0,0.0,0.03804347826086957,0.003260869565217391,0.0,0.0,0.0,0.0,0.0,0.003260869565217391,0.0,0.0,0.0,0.0,0.0,0.0,0.0,0.0,0.09891304347826087,0.0,0.0,0.0,0.0010869565217391304,0.0,0.0,0.0,0.0,0.0,0.0,0.0,0.06304347826086956,0.0,0.0,0.04673913043478261,0.0,0.0,0.0,0.004347826086956522,0.003260869565217391,0.0,0.0,0.0,0.0,0.0,0.0,0.0,0.0,0.0,0.0,0.0,0.0,0.0,0.0,0.0010869565217391304,0.0,0.0,0.0,0.13369565217391305,0.1108695652173913,0.03804347826086957,0.0,0.0,0.0,0.0,0.0,0.0,0.0,0.0,0.0,0.0,0.0,0.0,0.0,0.0,0.0,0.0,0.0,0.0,0.0,0.0,0.0,0.0,0.003260869565217391,0.0,0.0,0.0,0.0,0.007608695652173913,0.0,0.0,0.0,0.0,0.0,0.0,0.0,0.0,0.0,0.0,0.0,0.0,0.0,0.0,0.005434782608695652,0.0,0.0,0.0,0.0,0.0,0.008695652173913044,0.0,0.0,0.0,0.0,0.0010869565217391304,0.0,0.0,0.0,0.0010869565217391304,0.0,0.0,0.0,0.0,0.0,0.0,0.0,0.0,0.0,0.0,0.0,0.0,0.0,0.0,0.0,0.0,0.0,0.0,0.0,0.0,0.0,0.0,0.0,0.09347826086956522,0.0,0.0,0.0,0.0,0.0,0.0,0.005434782608695652,0.0,0.0,0.0,0.002173913043478261,0.004347826086956522,0.005434782608695652,0.0,0.0,0.0,0.0,0.0,0.0,0.0,0.0,0.0,0.0,0.0,0.0,0.0,0.0,0.0,0.0,0.0,0.0,0.0,0.0,0.0,0.0,0.0,0.0,0.0,0.0010869565217391304,0.0,0.0,0.0,0.0,0.0,0.0,0.0010869565217391304,0.0,0.004347826086956522,0.0010869565217391304,0.004347826086956522,0.0,0.0,0.0,0.0,0.0,0.0,0.0,0.004347826086956522,0.005434782608695652,0.0,0.0
238 NTS Phox2b Glut,0.0,0.0,0.0,0.0,0.00045330915684496827,0.0,0.0,0.0,0.0,0.0,0.0,0.0,0.0,0.0,0.0,0.0,0.00045330915684496827,0.0,0.0,0.0,0.0,0.0,0.0,0.0,0.0,0.0,0.0,0.0,0.0,0.0,0.0,0.0,0.0,0.0,0.0,0.0,0.0,0.0,0.0,0.0,0.0,0.0,0.0,0.0,0.0,0.0,0.0,0.0,0.0,0.0,0.0,0.0,0.007252946509519492,0.0,0.0,0.0,0.0,0.0,0.0,0.0,0.0,0.0,0.0,0.0,0.0,0.0,0.0009066183136899365,0.0,0.0,0.0,0.0,0.0,0.0,0.0,0.0,0.0,0.0,0.0,0.0,0.0,0.0,0.0,0.0,0.0,0.0,0.0,0.0,0.0,0.0,0.0,0.0,0.0,0.0,0.0,0.0,0.0,0.0,0.0,0.0,0.0,0.0,0.0,0.0,0.08930190389845875,0.005439709882139619,0.0,0.0,0.0,0.0,0.0,0.008612873980054397,0.0,0.0,0.0,0.0,0.0,0.0,0.0,0.00045330915684496827,0.0,0.0,0.0,0.0,0.0,0.0,0.0,0.0,0.0,0.0,0.0,0.0,0.0,0.0,0.0,0.0,0.0,0.0,0.0,0.0,0.0,0.0,0.0,0.0,0.0,0.0,0.0,0.00045330915684496827,0.0,0.0,0.10834088848594742,0.06890299184043518,0.0,0.0,0.0,0.00045330915684496827,0.0,0.013599274705349048,0.0,0.0,0.0,0.0,0.33952855847688124,0.0,0.0,0.0,0.0,0.0,0.0,0.0,0.007252946509519492,0.0,0.0,0.0,0.0,0.0,0.0,0.11695376246600181,0.028558476881233003,0.0013599274705349048,0.0,0.0,0.00045330915684496827,0.0,0.0,0.0,0.0,0.0,0.0,0.0,0.00045330915684496827,0.0013599274705349048,0.0,0.0,0.0,0.0,0.0,0.0,0.0,0.0,0.0,0.0,0.0,0.0,0.0,0.0,0.0,0.0,0.0,0.0022665457842248413,0.0,0.0,0.0,0.0,0.0,0.0,0.0,0.0,0.0,0.0,0.0,0.0,0.0,0.0,0.0,0.0,0.0,0.0,0.0,0.0,0.0,0.0,0.0,0.0,0.0,0.0,0.0,0.0,0.0,0.0,0.0,0.0,0.0,0.0,0.0,0.0,0.0,0.0,0.0,0.0,0.0,0.0,0.0,0.0,0.0,0.0,0.0,0.0,0.0,0.0,0.0,0.0,0.0,0.0,0.0,0.0,0.0,0.0,0.0,0.11060743427017226,0.0,0.011786038077969175,0.044424297370806894,0.0,0.0,0.0,0.0,0.0,0.0,0.0,0.0,0.0,0.0,0.0,0.0,0.0,0.0,0.0,0.0,0.0,0.0,0.0,0.0,0.0,0.0,0.0,0.0,0.0013599274705349048,0.0,0.0,0.00045330915684496827,0.0,0.0,0.0,0.0,0.0022665457842248413,0.0,0.001813236627379873,0.0,0.0,0.0,0.0,0.0,0.0,0.0,0.0,0.0,0.0,0.0,0.0,0.0,0.0,0.0,0.0,0.0,0.0,0.0,0.0,0.0,0.0,0.0,0.00045330915684496827,0.0,0.0,0.00045330915684496827,0.0,0.0,0.017225747960108794,0.0,0.001813236627379873,0.0,0.0,0.0,0.0,0.0,0.0,0.0,0.0,0.0,0.0,0.0,0.00045330915684496827,0.0,0.004079782411604714,0.0
239 MARN-GRN Pyy Glut,0.0,0.0,0.0,0.0,0.0,0.0,0.0,0.0,0.0,0.0,0.0,0.0,0.0,0.0,0.0,0.0,0.0,0.0,0.0,0.0,0.0,0.0,0.0,0.0,0.0,0.0,0.0,0.0,0.0,0.0,0.0,0.0,0.0,0.0,0.0,0.0,0.0,0.0,0.0,0.0,0.0,0.0,0.0,0.0,0.0,0.0,0.0,0.0,0.0,0.0,0.0,0.0,0.0,0.0,0.0,0.0,0.0,0.0,0.0,0.0,0.0,0.0,0.0,0.0,0.0,0.0,0.0,0.0,0.0,0.0,0.0,0.0,0.0,0.0,0.0,0.0,0.0,0.0,0.0,0.0,0.0,0.5967741935483871,0.0,0.0,0.0,0.0,0.0,0.0,0.0,0.0,0.0,0.0,0.0,0.0,0.0,0.0,0.0,0.0,0.0,0.0,0.0,0.0,0.0,0.0,0.0,0.0,0.0,0.0,0.0,0.0,0.0,0.0,0.0,0.0,0.0,0.0,0.0,0.0,0.0,0.0,0.0,0.0,0.0,0.0,0.0,0.0,0.0,0.0,0.0,0.0,0.25806451612903225,0.0,0.0,0.0,0.0,0.0,0.0,0.0,0.0,0.0,0.0,0.0,0.0,0.0,0.0,0.0,0.0,0.0,0.0,0.0,0.016129032258064516,0.0,0.0,0.0,0.0,0.0,0.0,0.0,0.0,0.0,0.0,0.0,0.0,0.0,0.0,0.0,0.0,0.0,0.0,0.0,0.0,0.0,0.0,0.0,0.0,0.0,0.016129032258064516,0.0,0.0,0.0,0.0,0.0,0.0,0.0,0.0,0.0,0.0,0.0,0.0,0.0,0.0,0.0,0.0,0.0,0.0,0.0,0.0,0.0,0.0,0.0,0.0,0.0,0.0,0.0,0.0,0.0,0.0,0.0,0.016129032258064516,0.0,0.0,0.0,0.0,0.0,0.0,0.0,0.0,0.0,0.0,0.0,0.0,0.0,0.0,0.0,0.0,0.0,0.0,0.0,0.0,0.0,0.0,0.0,0.0,0.06451612903225806,0.0,0.0,0.0,0.0,0.0,0.0,0.0,0.0,0.0,0.0,0.0,0.0,0.0,0.0,0.0,0.0,0.0,0.0,0.0,0.0,0.0,0.0,0.0,0.0,0.0,0.0,0.0,0.0,0.0,0.0,0.0,0.0,0.0,0.0,0.0,0.0,0.0,0.0,0.0,0.0,0.0,0.0,0.0,0.0,0.0,0.0,0.0,0.0,0.0,0.0,0.0,0.0,0.0,0.0,0.0,0.0,0.0,0.0,0.0,0.0,0.0,0.0,0.0,0.0,0.0,0.0,0.0,0.0,0.0,0.0,0.0,0.0,0.0,0.0,0.0,0.0,0.0,0.0,0.0,0.0,0.0,0.0,0.0,0.0,0.0,0.0,0.0,0.0,0.0,0.0,0.0,0.0,0.0,0.0,0.0,0.0,0.0,0.0,0.0,0.0,0.0,0.0,0.0,0.0,0.0,0.0,0.0,0.0,0.0,0.0,0.0,0.0,0.0,0.0,0.0,0.0,0.03225806451612903,0.0,0.0,0.0
240 MDRNv Lhx4 Qrfprl Glut,0.0,0.0,0.0,0.0,0.0,0.0,0.0,0.0,0.0,0.0,0.0,0.0,0.0,0.0,0.0,0.0,0.0,0.0,0.0,0.0,0.0,0.0,0.0,0.0,0.0,0.0,0.0,0.0,0.0,0.0,0.0,0.0,0.0,0.0,0.0,0.0,0.0,0.0,0.0,0.0,0.0,0.0,0.0,0.0,0.0,0.0,0.0,0.0,0.0,0.0,0.0,0.0,0.0,0.0,0.0,0.0,0.0,0.0,0.0,0.0,0.0,0.0,0.0,0.0,0.0,0.0,0.0,0.0,0.0,0.0,0.0,0.0,0.0,0.0,0.0,0.0,0.0,0.0,0.0,0.0,0.0,0.6666666666666666,0.0,0.0,0.0,0.0,0.0,0.0,0.0,0.0,0.0,0.0,0.0,0.0,0.0,0.0,0.0,0.0,0.0,0.0,0.0,0.0,0.0,0.0,0.0,0.0,0.0,0.0,0.0,0.0,0.0,0.0,0.0,0.0,0.0,0.0,0.0,0.0,0.0,0.0,0.0,0.0,0.0,0.0,0.0,0.0,0.0,0.0,0.0,0.0,0.0,0.0,0.0,0.16666666666666666,0.0,0.0,0.0,0.0,0.0,0.0,0.0,0.0,0.0,0.0,0.0,0.0,0.0,0.0,0.0,0.0,0.0,0.0,0.0,0.0,0.0,0.0,0.0,0.0,0.0,0.0,0.0,0.0,0.0,0.0,0.0,0.0,0.0,0.0,0.0,0.0,0.0,0.0,0.0,0.0,0.0,0.0,0.0,0.0,0.0,0.0,0.0,0.0,0.0,0.0,0.0,0.0,0.0,0.0,0.0,0.0,0.08333333333333333,0.0,0.0,0.0,0.0,0.0,0.0,0.0,0.0,0.0,0.0,0.0,0.0,0.0,0.0,0.0,0.0,0.0,0.0,0.08333333333333333,0.0,0.0,0.0,0.0,0.0,0.0,0.0,0.0,0.0,0.0,0.0,0.0,0.0,0.0,0.0,0.0,0.0,0.0,0.0,0.0,0.0,0.0,0.0,0.0,0.0,0.0,0.0,0.0,0.0,0.0,0.0,0.0,0.0,0.0,0.0,0.0,0.0,0.0,0.0,0.0,0.0,0.0,0.0,0.0,0.0,0.0,0.0,0.0,0.0,0.0,0.0,0.0,0.0,0.0,0.0,0.0,0.0,0.0,0.0,0.0,0.0,0.0,0.0,0.0,0.0,0.0,0.0,0.0,0.0,0.0,0.0,0.0,0.0,0.0,0.0,0.0,0.0,0.0,0.0,0.0,0.0,0.0,0.0,0.0,0.0,0.0,0.0,0.0,0.0,0.0,0.0,0.0,0.0,0.0,0.0,0.0,0.0,0.0,0.0,0.0,0.0,0.0,0.0,0.0,0.0,0.0,0.0,0.0,0.0,0.0,0.0,0.0,0.0,0.0,0.0,0.0,0.0,0.0,0.0,0.0,0.0,0.0,0.0,0.0,0.0,0.0,0.0,0.0,0.0,0.0,0.0,0.0,0.0,0.0,0.0,0.0,0.0,0.0,0.0,0.0,0.0,0.0,0.0,0.0
241 NTS Mbnl3 Glut,0.0,0.0,0.0,0.0,0.0,0.0,0.0,0.0,0.0,0.0,0.0,0.0,0.0,0.0,0.0,0.0,0.0,0.0,0.0,0.0,0.0,0.0,0.0,0.0,0.0,0.0,0.0,0.0,0.0,0.0,0.0,0.0,0.0,0.0,0.0,0.0,0.0,0.0,0.0,0.0,0.0,0.0,0.0,0.0,0.0,0.0,0.0,0.0,0.0,0.0,0.0,0.0,0.0,0.0,0.0,0.0,0.0,0.0,0.0,0.0,0.0,0.0,0.0,0.0,0.0,0.0,0.0,0.0,0.0,0.0,0.0,0.0,0.0,0.0,0.0,0.0,0.0,0.0,0.0,0.0,0.0,0.0,0.0,0.0,0.0,0.0,0.0,0.0,0.0,0.0,0.0,0.0,0.0,0.0,0.0,0.0,0.0,0.0,0.0,0.0,0.0,0.0,0.0,0.0,0.0,0.0,0.0,0.0,0.0,0.0,0.0,0.0,0.0,0.0,0.0,0.0,0.0,0.0,0.0,0.0,0.0,0.0,0.0,0.0,0.0,0.0,0.0,0.0,0.0,0.0,0.0,0.0,0.0,0.025,0.0,0.0,0.0,0.0,0.0,0.0,0.0,0.0,0.0,0.0,0.0,0.0,0.0,0.0,0.0,0.0,0.025,0.0,0.0,0.0,0.0,0.0,0.0,0.0,0.0,0.0,0.0,0.25,0.0,0.0,0.0,0.0,0.0,0.0,0.0,0.0,0.0,0.0,0.0,0.0,0.0,0.0,0.025,0.0,0.0,0.0,0.0,0.0,0.0,0.0,0.0,0.0,0.0,0.0,0.0,0.0,0.0,0.0,0.0,0.0,0.0,0.0,0.0,0.0,0.0,0.0,0.0,0.0,0.0,0.0,0.0,0.0,0.0,0.0,0.0,0.0,0.0,0.0,0.0,0.0,0.0,0.0,0.0,0.0,0.0,0.0,0.0,0.0,0.0,0.0,0.0,0.0,0.0,0.0,0.0,0.0,0.0,0.0,0.0,0.0,0.0,0.0,0.0,0.0,0.0,0.0,0.0,0.0,0.0,0.0,0.0,0.0,0.0,0.0,0.0,0.0,0.0,0.0,0.0,0.0,0.0,0.0,0.0,0.0,0.0,0.0,0.0,0.0,0.0,0.0,0.0,0.0,0.0,0.0,0.0,0.0,0.675,0.0,0.0,0.0,0.0,0.0,0.0,0.0,0.0,0.0,0.0,0.0,0.0,0.0,0.0,0.0,0.0,0.0,0.0,0.0,0.0,0.0,0.0,0.0,0.0,0.0,0.0,0.0,0.0,0.0,0.0,0.0,0.0,0.0,0.0,0.0,0.0,0.0,0.0,0.0,0.0,0.0,0.0,0.0,0.0,0.0,0.0,0.0,0.0,0.0,0.0,0.0,0.0,0.0,0.0,0.0,0.0,0.0,0.0,0.0,0.0,0.0,0.0,0.0,0.0,0.0,0.0,0.0,0.0,0.0,0.0,0.0,0.0,0.0,0.0,0.0,0.0,0.0,0.0,0.0,0.0,0.0,0.0,0.0
242 PGRNd Dmbx1 Glut,0.0,0.0,0.0,0.0,0.0,0.0,0.0,0.0,0.0,0.0,0.0,0.0,0.0,0.0,0.0,0.0,0.0,0.0,0.0,0.0,0.0,0.0,0.0,0.0,0.0,0.0,0.0,0.0,0.0,0.0,0.0,0.0,0.0,0.0,0.0,0.0,0.0,0.0,0.0,0.0,0.0,0.0,0.0,0.0,0.0,0.0,0.0,0.0,0.0,0.0,0.0,0.0,0.0,0.0,0.0,0.0,0.0,0.0,0.0,0.0,0.0,0.0,0.0,0.0,0.0,0.0,0.0,0.0,0.0,0.0,0.0,0.0,0.0,0.0,0.0,0.0,0.0,0.0,0.0,0.0,0.0,0.034782608695652174,0.0,0.0,0.0,0.0,0.0,0.0,0.0,0.0,0.0,0.0,0.0,0.0,0.0,0.0,0.05217391304347826,0.0,0.0,0.0,0.0,0.0,0.0,0.17391304347826086,0.0,0.0,0.0,0.0,0.0,0.0,0.0,0.0,0.0,0.0,0.0,0.0,0.0,0.0,0.0,0.0,0.0,0.0,0.0,0.0,0.0,0.0,0.0,0.0,0.0,0.0,0.0,0.0,0.0,0.0,0.0,0.0,0.0,0.0,0.0,0.0,0.0,0.0,0.0,0.0,0.0,0.0,0.0,0.0,0.0,0.008695652173913044,0.06956521739130435,0.0,0.0,0.0,0.0,0.0,0.0,0.0,0.0,0.0,0.0,0.008695652173913044,0.0,0.0,0.0,0.0,0.0,0.0,0.0,0.008695652173913044,0.0,0.0,0.0,0.0,0.0,0.0,0.034782608695652174,0.0,0.0,0.0,0.0,0.0,0.0,0.0,0.0,0.0,0.0,0.0,0.0,0.1826086956521739,0.0,0.0,0.0,0.0,0.0,0.0,0.0,0.0,0.0,0.0,0.0,0.0,0.0,0.0,0.0,0.0,0.0,0.0,0.0,0.0,0.28695652173913044,0.0,0.0,0.0,0.0,0.0,0.0,0.0,0.0,0.0,0.0,0.0,0.0,0.0,0.0,0.0,0.0,0.0,0.0,0.0,0.0,0.0,0.0,0.0,0.0,0.0,0.0,0.0,0.0,0.0,0.0,0.0,0.0,0.0,0.0,0.0,0.0,0.0,0.0,0.0,0.0,0.0,0.0,0.0,0.0,0.0,0.0,0.0,0.0,0.0,0.0,0.0,0.0,0.0,0.0,0.0,0.0,0.0,0.0,0.0,0.0,0.0,0.0,0.0,0.0,0.0,0.0,0.0,0.0,0.0,0.0,0.0,0.0,0.0,0.0,0.0,0.0,0.0,0.0,0.0,0.0,0.0,0.0,0.0,0.0,0.0,0.0,0.0,0.0,0.1391304347826087,0.0,0.0,0.0,0.0,0.0,0.0,0.0,0.0,0.0,0.0,0.0,0.0,0.0,0.0,0.0,0.0,0.0,0.0,0.0,0.0,0.0,0.0,0.0,0.0,0.0,0.0,0.0,0.0,0.0,0.0,0.0,0.0,0.0,0.0,0.0,0.0,0.0,0.0,0.0,0.0,0.0,0.0,0.0,0.0,0.0,0.0,0.0,0.0,0.0,0.0,0.0,0.0,0.0,0.0
243 PGRN-PARN-MDRN Hoxb5 Glut,0.00010559662090813094,0.0,0.0,0.0,0.0,0.0,0.0,0.0,0.0,0.0,0.0,0.0,0.001795142555438226,0.0,0.0,0.0,0.0,0.003695881731784583,0.0,0.0,0.0,0.0,0.00010559662090813094,0.0,0.0,0.0,0.0,0.0,0.00010559662090813094,0.0,0.00010559662090813094,0.00010559662090813094,0.0,0.0,0.0,0.0,0.0,0.0,0.0,0.00010559662090813094,0.0,0.0,0.0,0.0,0.0,0.0,0.0,0.0,0.00010559662090813094,0.0,0.0023231256599788807,0.0,0.00010559662090813094,0.0008447729672650475,0.012565997888067582,0.0,0.0,0.0,0.0,0.00021119324181626187,0.0,0.0,0.0,0.0,0.0,0.0,0.00031678986272439284,0.0,0.0,0.0,0.0,0.0,0.00010559662090813094,0.0,0.0,0.0,0.0,0.0,0.0,0.0,0.0008447729672650475,0.07254487856388596,0.0,0.0,0.0,0.003273495248152059,0.0014783526927138332,0.0,0.0,0.0,0.005385427666314678,0.0,0.0,0.0,0.0,0.0,0.0006335797254487857,0.0,0.0,0.0,0.0008447729672650475,0.00021119324181626187,0.0,0.07697993664202746,0.0006335797254487857,0.0,0.0,0.0,0.0,0.0,0.0023231256599788807,0.00010559662090813094,0.0,0.0010559662090813093,0.0,0.0,0.0,0.006124604012671594,0.001689545934530095,0.0,0.0,0.0,0.0008447729672650475,0.006230200633579725,0.0,0.0,0.0,0.0,0.0,0.0,0.018479408658922915,0.03262935586061246,0.0,0.0028511087645195356,0.0,0.00010559662090813094,0.0,0.0,0.0,0.0,0.0,0.0,0.0,0.0,0.00010559662090813094,0.0,0.05607180570221753,0.0,0.0,0.04118268215417107,0.028511087645195353,0.00021119324181626187,0.0008447729672650475,0.0009503695881731784,0.003907074973600845,0.0,0.00042238648363252375,0.0,0.0024287222808870115,0.00010559662090813094,0.00021119324181626187,0.015945089757127773,0.0,0.0,0.0,0.0,0.0,0.0,0.0,0.03495248152059134,0.010665258711721226,0.0,0.0,0.0399155227032735,0.001795142555438226,0.0,0.0986272439281943,0.0,0.021013727560718058,0.0,0.0024287222808870115,0.0015839493136219642,0.0,0.0,0.00021119324181626187,0.0,0.00010559662090813094,0.0,0.0,0.004329461457233369,0.014783526927138331,0.0014783526927138332,0.0,0.0,0.0,0.0,0.0,0.0,0.0,0.0,0.0,0.0,0.006124604012671594,0.0,0.00042238648363252375,0.0,0.0,0.0,0.08289334741288279,0.061034846884899685,0.0024287222808870115,0.0,0.0,0.00021119324181626187,0.013199577613516367,0.0,0.0,0.00010559662090813094,0.0,0.0,0.0,0.0,0.0,0.0,0.0,0.00021119324181626187,0.0008447729672650475,0.0,0.0,0.0,0.0,0.0,0.0,0.003907074973600845,0.0027455121436114043,0.00021119324181626187,0.00010559662090813094,0.0,0.00010559662090813094,0.00031678986272439284,0.0,0.0,0.0,0.00021119324181626187,0.00010559662090813094,0.0,0.0,0.0,0.05395987328405491,0.00021119324181626187,0.0,0.0,0.0,0.00010559662090813094,0.0,0.0,0.00010559662090813094,0.0,0.0006335797254487857,0.00042238648363252375,0.0,0.00021119324181626187,0.00010559662090813094,0.0,0.0009503695881731784,0.0,0.00021119324181626187,0.0,0.0019007391763463568,0.00031678986272439284,0.034107708553326295,0.03167898627243928,0.0,0.0,0.0,0.0,0.0,0.0,0.0,0.0,0.00010559662090813094,0.0,0.0,0.0,0.009926082365364308,0.001795142555438226,0.0,0.0,0.00021119324181626187,0.0,0.0,0.0,0.005279831045406547,0.0,0.0,0.0,0.0,0.004012671594508976,0.0,0.00221752903907075,0.00010559662090813094,0.0,0.00021119324181626187,0.00010559662090813094,0.003695881731784583,0.005807814149947202,0.002006335797254488,0.0,0.0,0.0,0.0,0.0,0.0,0.0,0.0,0.0,0.0,0.0,0.0,0.0,0.0011615628299894403,0.0,0.0,0.0,0.0,0.0,0.0,0.0,0.0,0.00010559662090813094,0.003695881731784583,0.00021119324181626187,0.0,0.0,0.0045406546990496306,0.00042238648363252375,0.00031678986272439284,0.0,0.0038014783526927136,0.0,0.0009503695881731784,0.0008447729672650475,0.0008447729672650475,0.0,0.00010559662090813094,0.0,0.0,0.00042238648363252375,0.0008447729672650475,0.0,0.004963041182682154,0.00021119324181626187,0.00021119324181626187,0.0
244 MV-SPIV Slc6a2 Glut,0.0,0.0,0.0,0.0,0.0,0.0,0.0,0.0,0.0,0.0,0.0,0.0,0.0,0.0,0.0,0.0,0.0,0.0,0.0,0.0,0.0,0.0,0.0,0.0,0.0,0.0,0.0,0.0,0.0,0.0,0.0,0.0,0.0,0.0,0.0,0.0,0.0,0.0,0.0,0.0,0.0,0.0,0.0,0.0,0.0,0.0,0.0,0.0,0.0,0.0,0.0,0.0,0.011320754716981131,0.0,0.0,0.007547169811320755,0.0,0.0,0.0,0.0,0.0,0.0,0.0,0.0,0.0,0.0,0.0,0.0,0.0,0.0,0.0,0.0,0.0,0.0,0.0,0.0,0.0,0.0,0.0,0.0,0.0,0.0,0.0,0.0,0.0,0.0,0.0,0.0,0.0,0.0,0.0,0.0,0.0,0.0,0.0,0.0,0.0,0.0,0.0,0.0,0.0,0.0,0.0,0.0,0.0,0.0,0.0,0.0,0.0,0.0,0.0,0.0,0.0,0.0,0.0,0.0,0.0,0.0,0.0,0.0,0.0,0.0,0.0,0.0037735849056603774,0.0,0.0,0.0,0.0,0.0,0.0,0.0,0.0,0.0,0.0,0.0,0.0,0.0,0.0,0.0,0.0,0.0,0.0,0.0,0.0,0.0,0.0,0.0,0.0,0.0,0.2830188679245283,0.13962264150943396,0.0,0.0,0.0,0.0,0.0,0.07924528301886792,0.0,0.0,0.0,0.0,0.0,0.0,0.0,0.0,0.0,0.0,0.0,0.0,0.0,0.0,0.0,0.0,0.0,0.0,0.0,0.06037735849056604,0.0,0.0,0.0,0.0,0.0,0.0,0.0,0.0,0.0,0.0,0.0,0.0,0.0,0.03018867924528302,0.0,0.0,0.0,0.0,0.0,0.0,0.0,0.0,0.0,0.0,0.0,0.0,0.0,0.04150943396226415,0.0,0.0,0.0,0.0,0.0,0.0,0.0,0.0,0.0,0.0,0.0,0.0,0.0,0.0,0.0,0.0,0.0,0.0,0.0,0.0,0.0,0.0,0.0,0.0,0.0,0.0,0.0,0.0,0.0,0.0,0.0,0.0,0.0,0.0,0.0,0.0,0.0,0.0,0.0,0.0,0.0,0.0,0.0,0.0,0.0,0.0,0.0,0.0,0.0,0.0,0.0,0.0,0.0,0.0,0.0,0.0,0.0,0.0,0.0,0.0037735849056603774,0.0,0.0,0.0,0.17735849056603772,0.0,0.011320754716981131,0.007547169811320755,0.0,0.0,0.0,0.0,0.0,0.0,0.0,0.0,0.0,0.0,0.0,0.0,0.0,0.0037735849056603774,0.0,0.0,0.0,0.0,0.0,0.0,0.0,0.0,0.0,0.0,0.0,0.0,0.0,0.045283018867924525,0.011320754716981131,0.0,0.0,0.0,0.0037735849056603774,0.0,0.0,0.0,0.0,0.0,0.0,0.0,0.0,0.0,0.0,0.0,0.0,0.0,0.0,0.0,0.0,0.0,0.0,0.0,0.0,0.0,0.0,0.0,0.0,0.0,0.0037735849056603774,0.0,0.0,0.0,0.0,0.0,0.007547169811320755,0.0,0.0037735849056603774,0.0,0.03773584905660377,0.0037735849056603774,0.0,0.0,0.0,0.0,0.0,0.0,0.018867924528301886,0.0,0.0,0.0,0.0037735849056603774,0.0
245 SPVI-SPVC Tlx3 Ebf3 Glut,0.0,0.0,0.0,0.0,0.0,0.0,0.0,0.0,0.0,0.0,0.0,0.0,0.002523128679562658,0.0,0.0,0.0,0.0,0.0,0.0,0.0,0.0,0.0,0.0,0.0,0.0,0.0,0.0,0.0,0.0,0.0,0.0,0.0,0.0,0.0,0.0,0.0,0.0,0.0,0.0,0.018502943650126155,0.0,0.0,0.0,0.0,0.0,0.0,0.0,0.0,0.07401177460050462,0.0,0.0,0.0,0.002523128679562658,0.0,0.0008410428931875525,0.0,0.0,0.0,0.0,0.0,0.0,0.0,0.0,0.0,0.0,0.0,0.002523128679562658,0.0,0.0,0.0,0.0,0.0,0.0,0.0,0.0,0.0,0.0,0.0,0.0,0.0,0.0,0.0,0.0,0.0,0.0,0.0,0.0,0.0,0.0,0.0,0.0008410428931875525,0.0,0.0,0.0,0.0,0.0,0.0,0.0,0.0,0.0,0.0,0.0,0.0,0.00672834314550042,0.0,0.0,0.0,0.0,0.0,0.0,0.0,0.0,0.0,0.0,0.0,0.0,0.0,0.0,0.002523128679562658,0.0,0.0,0.0,0.0,0.0,0.0,0.0,0.0,0.0,0.0,0.0,0.0,0.0,0.0,0.0,0.0,0.0,0.0,0.0,0.0,0.0,0.0,0.0,0.0,0.0,0.0,0.0,0.0,0.0,0.0,0.0,0.06980656013456686,0.0,0.0,0.0,0.0,0.0,0.0,0.0,0.0,0.0,0.0,0.05298570227081581,0.0,0.0,0.0,0.0,0.0,0.0,0.0,0.0008410428931875525,0.0,0.0,0.0,0.001682085786375105,0.0,0.0,0.1505466778805719,0.0,0.005887300252312868,0.0,0.0,0.0,0.0,0.0,0.0,0.0,0.0,0.002523128679562658,0.0,0.0,0.009251471825063078,0.0,0.0,0.0,0.0,0.0,0.0,0.0,0.0,0.0,0.0,0.0,0.0,0.0,0.0,0.0,0.0,0.009251471825063078,0.0,0.0008410428931875525,0.0,0.0,0.0,0.0,0.0008410428931875525,0.0,0.0,0.0,0.0,0.0,0.0,0.0,0.0,0.0,0.0,0.03952901597981497,0.0,0.0,0.0,0.0,0.0,0.0,0.0,0.0,0.0,0.0,0.0,0.0,0.0,0.0,0.0,0.0,0.0,0.0,0.0,0.0,0.0,0.0,0.0,0.0,0.0,0.0,0.0,0.0,0.0,0.0,0.0,0.0,0.0,0.0,0.0,0.0,0.0,0.0,0.0,0.0,0.0,0.0,0.010933557611438183,0.0008410428931875525,0.37342304457527337,0.04709840201850295,0.0,0.0,0.0,0.0,0.0,0.0,0.0,0.0,0.0,0.0,0.0,0.0,0.001682085786375105,0.0008410428931875525,0.0,0.0,0.0,0.0,0.0,0.0,0.0,0.0,0.0,0.0,0.0,0.0,0.0,0.0,0.002523128679562658,0.0,0.0,0.0,0.0,0.0,0.0,0.0,0.0,0.0,0.0,0.0,0.0,0.0,0.0,0.0,0.0,0.0,0.0,0.0,0.0,0.0,0.0,0.0,0.0,0.0,0.0,0.0,0.0,0.0,0.03280067283431455,0.0,0.0,0.0,0.0,0.0,0.008410428931875526,0.0,0.002523128679562658,0.0,0.0,0.0,0.0,0.0,0.0,0.0,0.0,0.0,0.0008410428931875525,0.0,0.0,0.06307821698906645,0.0,0.0
246 CU-ECU-SPVI Foxb1 Glut,0.0,0.0,0.0,0.0,0.0,0.0,0.0,0.0,0.0,0.0,0.0,0.0,0.0,0.0006199628022318661,0.0,0.0,0.0,0.007439553626782393,0.0,0.0,0.0,0.0,0.0,0.0,0.0,0.0,0.0,0.0,0.0,0.0,0.0,0.0,0.0,0.0,0.0,0.0,0.0,0.0,0.0,0.006199628022318661,0.0,0.0006199628022318661,0.0,0.0,0.0,0.0,0.0,0.0,0.013639181649101054,0.0,0.0,0.0,0.017978921264724116,0.0012399256044637321,0.0012399256044637321,0.0012399256044637321,0.0,0.0,0.0,0.0,0.0006199628022318661,0.0,0.0,0.0,0.0,0.0,0.04401735895846249,0.0,0.0,0.0,0.0,0.0,0.0,0.0,0.0,0.0,0.0,0.0,0.0,0.0,0.0,0.0024798512089274642,0.0,0.0,0.0,0.0,0.0012399256044637321,0.0,0.0,0.0,0.0018598884066955983,0.0,0.0,0.0,0.0,0.0,0.0,0.0,0.0,0.0,0.0,0.0,0.0,0.0018598884066955983,0.0,0.0,0.0,0.0,0.0,0.0,0.0043397396156230625,0.0,0.0,0.0,0.0,0.0,0.0,0.0018598884066955983,0.0,0.0,0.0,0.0,0.0,0.0018598884066955983,0.0,0.0,0.0,0.0,0.0,0.0,0.0,0.011779293242405457,0.0,0.0006199628022318661,0.0,0.0,0.0,0.0,0.0,0.0,0.0,0.0,0.0,0.0,0.0,0.0,0.0043397396156230625,0.0,0.0,0.011159330440173589,0.09547427154370738,0.0,0.0,0.0,0.008679479231246125,0.0,0.0049597024178549285,0.0,0.0,0.0,0.0,0.0049597024178549285,0.0,0.0,0.0,0.0,0.0,0.0,0.0,0.012399256044637322,0.0,0.0,0.0,0.0030998140111593306,0.0,0.0,0.041537507749535026,0.0,0.019218846869187848,0.0,0.0,0.0,0.0,0.0,0.0,0.0,0.0,0.0006199628022318661,0.0,0.0,0.009919404835709857,0.0,0.0,0.0,0.0,0.0,0.0,0.0,0.0,0.0,0.0,0.0,0.0024798512089274642,0.0,0.0,0.0,0.0,0.0,0.0,0.0030998140111593306,0.0,0.0,0.0,0.0,0.01735895846249225,0.0,0.0,0.0,0.0,0.0,0.0,0.0,0.0,0.0,0.0,0.02541847489150651,0.0,0.0,0.0,0.0,0.0,0.0,0.0,0.0,0.0,0.0,0.0,0.0,0.0,0.0006199628022318661,0.0,0.0,0.0,0.0,0.0,0.0,0.0,0.0,0.007439553626782393,0.0,0.0,0.0,0.0,0.0,0.0,0.0,0.0,0.0,0.0,0.0,0.0,0.0,0.0,0.0,0.0012399256044637321,0.0,0.0,0.0,0.019218846869187848,0.0012399256044637321,0.3199008059516429,0.08865468071915684,0.0,0.0,0.0,0.0,0.0,0.0,0.0,0.0,0.0,0.0,0.0,0.0,0.0012399256044637321,0.0018598884066955983,0.0,0.0,0.0,0.0,0.0,0.0,0.0,0.0,0.0,0.0,0.0,0.0,0.0,0.0,0.012399256044637322,0.0,0.0006199628022318661,0.0,0.0024798512089274642,0.0043397396156230625,0.0,0.0,0.0,0.0,0.0,0.0,0.0,0.0,0.0,0.0,0.0,0.0,0.0,0.0,0.0,0.0,0.0,0.0,0.0,0.0,0.0,0.0,0.0,0.0,0.07005579665220087,0.0,0.0,0.0,0.0024798512089274642,0.0,0.013639181649101054,0.0,0.01425914445133292,0.0,0.008059516429014259,0.0,0.0,0.0,0.0,0.0006199628022318661,0.0,0.0,0.0018598884066955983,0.0,0.0,0.037197768133911964,0.0030998140111593306,0.0
247 MV-SPIV Phox2b Ebf3 Lbx1 Glut,0.0,0.0,0.0,0.0,0.0,0.0,0.0,0.0,0.0,0.0,0.0,0.0,0.0,0.0,0.0,0.0,0.0,0.0,0.0,0.0,0.0,0.0,0.0,0.0,0.0,0.0,0.0,0.0,0.0,0.0,0.0,0.0,0.0,0.0,0.0,0.0,0.0,0.0,0.0,0.003284072249589491,0.0,0.0016420361247947454,0.0,0.0,0.0,0.0,0.0,0.0,0.0,0.0,0.0,0.0,0.0016420361247947454,0.0,0.0,0.003284072249589491,0.0,0.0,0.0,0.0,0.0,0.0,0.0,0.0,0.0,0.0,0.0016420361247947454,0.0,0.0,0.0,0.0,0.0,0.0,0.0,0.0,0.0,0.0,0.0,0.0,0.0,0.0,0.006568144499178982,0.0,0.0,0.0,0.0,0.0016420361247947454,0.0,0.0,0.0,0.0,0.0,0.0,0.0,0.0,0.0,0.0016420361247947454,0.0,0.0,0.0,0.0,0.0,0.0,0.019704433497536946,0.0,0.0,0.0,0.0,0.0,0.0,0.019704433497536946,0.0,0.0,0.0,0.0,0.0,0.0,0.0,0.0,0.0,0.0,0.0,0.0,0.0,0.0,0.0,0.0,0.0,0.0,0.0,0.0,0.0,0.0,0.0,0.0,0.0,0.0,0.0,0.0,0.0,0.0,0.0,0.0,0.0,0.0,0.0,0.0,0.0,0.0,0.47126436781609193,0.052545155993431854,0.0,0.0,0.0,0.0,0.0,0.0,0.0,0.0,0.0,0.0,0.0049261083743842365,0.0,0.0,0.0,0.0,0.0,0.0,0.0,0.04926108374384237,0.0016420361247947454,0.0,0.0,0.0,0.0,0.0,0.05747126436781609,0.0,0.013136288998357963,0.0,0.0016420361247947454,0.0,0.0,0.0,0.0,0.0,0.0,0.0,0.0,0.0,0.0,0.0,0.0,0.0,0.0,0.0,0.0,0.0,0.0,0.0,0.0,0.0,0.0,0.0,0.0,0.0,0.0,0.0,0.05747126436781609,0.0016420361247947454,0.0,0.0,0.0,0.0,0.011494252873563218,0.0,0.0,0.0,0.0,0.0,0.0,0.0,0.0,0.0,0.0,0.0,0.0,0.0,0.0,0.0,0.0,0.0,0.0,0.0,0.0,0.0,0.0,0.0,0.0,0.0,0.0,0.0,0.0,0.0,0.0,0.0,0.0,0.0,0.0,0.0,0.0,0.0,0.0,0.0,0.0,0.0,0.0,0.0,0.003284072249589491,0.0,0.0,0.0,0.0,0.0,0.0,0.0,0.0,0.0,0.090311986863711,0.0,0.027914614121510674,0.019704433497536946,0.0,0.0,0.0,0.0,0.0,0.0,0.0,0.0,0.0,0.0,0.0,0.0,0.0049261083743842365,0.006568144499178982,0.0,0.0,0.0,0.0,0.0,0.0,0.0,0.0,0.0,0.0,0.0,0.0016420361247947454,0.0,0.022988505747126436,0.0,0.0,0.0016420361247947454,0.0,0.0016420361247947454,0.0049261083743842365,0.003284072249589491,0.0,0.0,0.0,0.0,0.0,0.0,0.0,0.0,0.0,0.0,0.0,0.0,0.0,0.0,0.0,0.0,0.0,0.0,0.0,0.0,0.0,0.0,0.0,0.0049261083743842365,0.0,0.0,0.0,0.0,0.0016420361247947454,0.0,0.0,0.003284072249589491,0.0,0.014778325123152709,0.0,0.0,0.0,0.0,0.0,0.0,0.0,0.0,0.0,0.0,0.0,0.0016420361247947454,0.0016420361247947454
248 MV-SPIV Zic4 Neurod2 Glut,0.0,0.0,0.0,0.0,0.0,0.0,0.0,0.0,0.0,0.0,0.0,0.0,0.0,0.0,0.0,0.0,0.0,0.0,0.0,0.0,0.0,0.0,0.0,0.0,0.0,0.0,0.0,0.0,0.0,0.0,0.0,0.0,0.0,0.0,0.0,0.0,0.0,0.0,0.0,0.00894308943089431,0.0,0.0,0.0,0.0,0.0,0.0,0.0,0.0,0.0008130081300813008,0.0,0.0,0.0,0.0040650406504065045,0.0,0.0,0.014634146341463415,0.0,0.0,0.0,0.0,0.0016260162601626016,0.0,0.0,0.0,0.0,0.0,0.0,0.0,0.0,0.0,0.0,0.0,0.0,0.0,0.0,0.0008130081300813008,0.0,0.0,0.0,0.0,0.0,0.0016260162601626016,0.0,0.0,0.0,0.0,0.0,0.0,0.0,0.0,0.0,0.0,0.0,0.0,0.0,0.0,0.004878048780487805,0.0,0.0,0.0,0.0,0.004878048780487805,0.0,0.0040650406504065045,0.0,0.0,0.0,0.0,0.0,0.0,0.0008130081300813008,0.0,0.0,0.0,0.0,0.0,0.0,0.0,0.0,0.0,0.0,0.0,0.0,0.005691056910569106,0.0,0.0,0.0,0.0,0.0,0.0,0.0,0.0,0.0,0.0008130081300813008,0.0,0.0,0.0,0.0,0.0,0.0,0.0,0.0,0.0,0.0,0.0,0.0,0.0,0.0,0.0,0.5138211382113821,0.03170731707317073,0.0,0.0,0.0,0.0,0.0,0.007317073170731708,0.0,0.0,0.0,0.0,0.0016260162601626016,0.0,0.0,0.0,0.0,0.0,0.0,0.0,0.0,0.0,0.0,0.0,0.0008130081300813008,0.0,0.0,0.01951219512195122,0.0008130081300813008,0.0,0.0,0.0,0.0,0.0,0.0,0.0,0.0,0.0,0.0,0.0,0.0008130081300813008,0.0065040650406504065,0.0,0.0,0.0,0.0,0.0,0.0,0.0,0.0,0.0,0.0,0.0,0.0,0.0,0.0008130081300813008,0.0,0.0,0.0,0.0,0.0,0.013008130081300813,0.0,0.0,0.0,0.0008130081300813008,0.0,0.0,0.0,0.0,0.0,0.0,0.0,0.0,0.0,0.0,0.0,0.0,0.0,0.0,0.0,0.0,0.0,0.0,0.0,0.0,0.0,0.0,0.0,0.0,0.0,0.0,0.0,0.0,0.0,0.0,0.0,0.0,0.0,0.0,0.0,0.0,0.0,0.0,0.0,0.0,0.0,0.0,0.0,0.0,0.0,0.0,0.0,0.0,0.0,0.0,0.0,0.0,0.0,0.0975609756097561,0.0,0.0032520325203252032,0.0008130081300813008,0.0,0.0,0.0,0.0,0.0,0.0,0.0,0.0,0.0,0.0,0.0,0.0,0.0,0.008130081300813009,0.0,0.0,0.0,0.0,0.0,0.0,0.0,0.0,0.0,0.0,0.0,0.0,0.0,0.11544715447154472,0.015447154471544716,0.0,0.0032520325203252032,0.0,0.0008130081300813008,0.0032520325203252032,0.0,0.0,0.0,0.0,0.0,0.0,0.0,0.0,0.0,0.0,0.0,0.0,0.0,0.0,0.0,0.0,0.0,0.0,0.0,0.0,0.0,0.0,0.0,0.0016260162601626016,0.0008130081300813008,0.0040650406504065045,0.0,0.0,0.0,0.015447154471544716,0.0008130081300813008,0.0,0.012195121951219513,0.0,0.06016260162601626,0.0,0.0,0.0,0.0,0.0,0.0,0.0,0.0,0.0,0.0,0.0024390243902439024,0.0,0.0032520325203252032
249 NTS Aldh1a2 Glut,0.0,0.0,0.0,0.0,0.0,0.0,0.0,0.0,0.0,0.0,0.0,0.0,0.0,0.0,0.0,0.0,0.0,0.0,0.0,0.0,0.0,0.0,0.0,0.0,0.0,0.0,0.0,0.0,0.0,0.0,0.0,0.0,0.0,0.0,0.0,0.0,0.0,0.0,0.0,0.0,0.0,0.0,0.0,0.0,0.0,0.0,0.0,0.0,0.0,0.0,0.0,0.0,0.0,0.0,0.0,0.0,0.0,0.0,0.0,0.0,0.0,0.0,0.0,0.0,0.0,0.0,0.0,0.0,0.0,0.0,0.0,0.0,0.0,0.0,0.0,0.0,0.0,0.0,0.0,0.0,0.0,0.0,0.0,0.0,0.0,0.0,0.0,0.0,0.0,0.0,0.0,0.0,0.0,0.0,0.0,0.0,0.0,0.0,0.0,0.0,0.0,0.0,0.0,0.0,0.0,0.0,0.0,0.0,0.0,0.0,0.0,0.0,0.0,0.0,0.0,0.0,0.0,0.0,0.0,0.0,0.0,0.0,0.0,0.0,0.0,0.0,0.0,0.0,0.0,0.0,0.0,0.0,0.0,0.0,0.0,0.0,0.0,0.0,0.0,0.0,0.0,0.0,0.0,0.0,0.0,0.0,0.0,0.0,0.0,0.0,0.0,0.0,0.0,0.0,0.0,0.0,0.0,0.0,0.0,0.0,0.0,0.5,0.0,0.0,0.0,0.0,0.0,0.0,0.0,0.0,0.0,0.0,0.0,0.0,0.0,0.0,0.5,0.0,0.0,0.0,0.0,0.0,0.0,0.0,0.0,0.0,0.0,0.0,0.0,0.0,0.0,0.0,0.0,0.0,0.0,0.0,0.0,0.0,0.0,0.0,0.0,0.0,0.0,0.0,0.0,0.0,0.0,0.0,0.0,0.0,0.0,0.0,0.0,0.0,0.0,0.0,0.0,0.0,0.0,0.0,0.0,0.0,0.0,0.0,0.0,0.0,0.0,0.0,0.0,0.0,0.0,0.0,0.0,0.0,0.0,0.0,0.0,0.0,0.0,0.0,0.0,0.0,0.0,0.0,0.0,0.0,0.0,0.0,0.0,0.0,0.0,0.0,0.0,0.0,0.0,0.0,0.0,0.0,0.0,0.0,0.0,0.0,0.0,0.0,0.0,0.0,0.0,0.0,0.0,0.0,0.0,0.0,0.0,0.0,0.0,0.0,0.0,0.0,0.0,0.0,0.0,0.0,0.0,0.0,0.0,0.0,0.0,0.0,0.0,0.0,0.0,0.0,0.0,0.0,0.0,0.0,0.0,0.0,0.0,0.0,0.0,0.0,0.0,0.0,0.0,0.0,0.0,0.0,0.0,0.0,0.0,0.0,0.0,0.0,0.0,0.0,0.0,0.0,0.0,0.0,0.0,0.0,0.0,0.0,0.0,0.0,0.0,0.0,0.0,0.0,0.0,0.0,0.0,0.0,0.0,0.0,0.0,0.0,0.0,0.0,0.0,0.0,0.0,0.0,0.0,0.0,0.0,0.0,0.0,0.0,0.0,0.0,0.0,0.0
250 CBN Neurod2 Pvalb Glut,0.0,0.0,0.0,0.0,0.0,0.0,0.0,0.0,0.0,0.0,0.0,0.0,0.0,0.0,0.0,0.0,0.0,0.0005834305717619603,0.0,0.0,0.0,0.0,0.0,0.0,0.0,0.0,0.0,0.0,0.0,0.0,0.0,0.0,0.0,0.0,0.0,0.0,0.0,0.0,0.0,0.057176196032672114,0.0,0.004084014002333722,0.0,0.0,0.0,0.0,0.0,0.0,0.005250875145857643,0.0,0.0005834305717619603,0.0,0.0,0.0,0.0011668611435239206,0.002333722287047841,0.0,0.0,0.0,0.0,0.051925320886814466,0.0,0.0,0.0,0.0,0.0,0.0,0.0,0.0,0.0,0.0,0.0,0.0,0.0,0.0,0.12485414235705951,0.0,0.0,0.0,0.0,0.0,0.0,0.0,0.0,0.0,0.0,0.0,0.0,0.0,0.0,0.0,0.01575262543757293,0.0,0.0,0.0,0.0,0.0,0.0,0.0,0.0,0.0,0.2088681446907818,0.0,0.0,0.0,0.0,0.0,0.0,0.0,0.0,0.009918319719953326,0.0,0.0,0.0,0.0,0.0,0.0,0.0005834305717619603,0.0,0.0,0.0,0.0,0.0,0.0,0.0,0.0,0.0,0.0,0.0,0.0,0.0,0.008168028004667444,0.0,0.0,0.0,0.0,0.0,0.0,0.0,0.0005834305717619603,0.0,0.0,0.0,0.0,0.0,0.0,0.019836639439906652,0.0,0.0,0.051341890315052506,0.006417736289381563,0.0,0.0,0.0005834305717619603,0.0005834305717619603,0.0,0.005834305717619603,0.0,0.0,0.0,0.0,0.0,0.0,0.0,0.0,0.0,0.0,0.0,0.0,0.007001166861143524,0.0,0.0,0.0,0.008751458576429404,0.0,0.0,0.0,0.0,0.006417736289381563,0.0,0.0,0.0,0.0,0.0,0.0,0.0,0.0,0.0011668611435239206,0.0,0.0,0.0,0.002333722287047841,0.0,0.0,0.0,0.0,0.0,0.0,0.0,0.0,0.0,0.0,0.0,0.0,0.0,0.0,0.0,0.0,0.0005834305717619603,0.0005834305717619603,0.0,0.0,0.0,0.0,0.001750291715285881,0.0,0.0,0.0,0.0,0.0,0.0,0.0,0.0,0.0,0.0,0.0,0.0,0.0,0.0,0.0,0.0,0.0,0.0,0.0,0.0005834305717619603,0.0,0.0,0.0,0.0,0.0,0.0,0.0,0.0,0.0,0.0,0.0,0.0,0.0,0.001750291715285881,0.0,0.0,0.0,0.0,0.0,0.0,0.0,0.0,0.0011668611435239206,0.0,0.0,0.0,0.0,0.0005834305717619603,0.0,0.0,0.0,0.0,0.0,0.004084014002333722,0.0,0.0,0.0,0.0,0.0,0.0,0.0,0.0,0.0,0.0,0.0,0.0,0.0,0.0,0.0,0.0005834305717619603,0.0338389731621937,0.0,0.0,0.0,0.0,0.0,0.0,0.0,0.0,0.0,0.0,0.0,0.0,0.0,0.008168028004667444,0.007001166861143524,0.0,0.0,0.0,0.0,0.0011668611435239206,0.0,0.0,0.0,0.0,0.0,0.0,0.0,0.0,0.0,0.0,0.0,0.0,0.0,0.0,0.0,0.0,0.0,0.0,0.0,0.0,0.0,0.0,0.0,0.0029171528588098016,0.0,0.0,0.0,0.0,0.0,0.30221703617269546,0.0,0.002333722287047841,0.022170361726954493,0.0,0.001750291715285881,0.0,0.0,0.0,0.0,0.0,0.0,0.0,0.0005834305717619603,0.0,0.0,0.0,0.0,0.004084014002333722
251 NTS Dbh Glut,0.0,0.0,0.0,0.0,0.0,0.0,0.0,0.0,0.0,0.0,0.0,0.0,0.0,0.0,0.0,0.0,0.016008537886873,0.0,0.0,0.0,0.0,0.0,0.0,0.0,0.0,0.0,0.0,0.0,0.0,0.0,0.0,0.0,0.0,0.0,0.0,0.0,0.0,0.0,0.0,0.0010672358591248667,0.0,0.0010672358591248667,0.0,0.0,0.0,0.0,0.0,0.0,0.0,0.0,0.0,0.0,0.0,0.0,0.0010672358591248667,0.0,0.0,0.0,0.0,0.0010672358591248667,0.0,0.0,0.0,0.0,0.0,0.0,0.0,0.0,0.0,0.0,0.0,0.0,0.0,0.0,0.0,0.0,0.0,0.0,0.0,0.0,0.0,0.004268943436499467,0.0,0.0,0.0,0.0,0.0,0.0,0.0,0.0,0.0,0.0,0.0,0.0,0.0,0.0,0.0,0.0,0.0,0.0,0.0,0.0,0.0,0.0192102454642476,0.0,0.0,0.0,0.0,0.0,0.0,0.0010672358591248667,0.025613660618996798,0.0,0.025613660618996798,0.0,0.0,0.0,0.0,0.0,0.0,0.0,0.0,0.0,0.010672358591248666,0.0,0.0,0.0,0.0,0.0,0.0,0.0010672358591248667,0.0032017075773745998,0.0,0.0,0.0,0.0,0.0,0.0,0.0,0.0,0.0,0.0,0.0,0.0,0.0,0.0,0.0021344717182497333,0.0,0.0,0.0416221985058698,0.0384204909284952,0.0,0.0,0.0,0.0,0.0,0.03415154749199573,0.0,0.0,0.0,0.0,0.11312700106723586,0.0,0.0,0.0,0.0,0.0,0.0,0.0,0.1526147278548559,0.012806830309498399,0.0,0.0,0.016008537886873,0.0,0.0,0.017075773745997867,0.0021344717182497333,0.13127001067235858,0.0,0.0010672358591248667,0.03948772678762007,0.0,0.0,0.0,0.0,0.0,0.0,0.0,0.0021344717182497333,0.05976520811099253,0.0,0.0,0.0,0.0,0.0,0.0,0.0,0.0,0.0,0.0,0.0,0.0010672358591248667,0.0,0.008537886872998933,0.0,0.0,0.0,0.0384204909284952,0.0010672358591248667,0.0021344717182497333,0.0,0.0,0.0,0.005336179295624333,0.0,0.0,0.0,0.0,0.0,0.0,0.0,0.0,0.0,0.0,0.0,0.0,0.0,0.0,0.0,0.0,0.0,0.0,0.0,0.0,0.0,0.0,0.0,0.0,0.0,0.0,0.0,0.0,0.0,0.0,0.0,0.0,0.0,0.0,0.0,0.0,0.0,0.0,0.0,0.0,0.0,0.0,0.0,0.033084311632870865,0.013874066168623266,0.0,0.0,0.0,0.0,0.0021344717182497333,0.0,0.0,0.0,0.0,0.0,0.0010672358591248667,0.0,0.0,0.0,0.0,0.0,0.0,0.0,0.0,0.0,0.0,0.0,0.0,0.0,0.011739594450373533,0.0010672358591248667,0.0,0.0,0.0,0.0,0.0,0.0,0.0,0.0,0.0,0.0,0.033084311632870865,0.0064034151547491995,0.0,0.0,0.0,0.0,0.0,0.0,0.004268943436499467,0.0,0.0,0.0,0.0,0.0,0.0,0.0,0.0,0.0,0.0,0.0,0.0,0.0,0.0,0.0,0.0,0.0,0.0,0.0,0.0,0.0,0.0,0.0,0.0,0.0,0.0021344717182497333,0.0,0.0,0.0021344717182497333,0.0,0.0,0.02774813233724653,0.0,0.010672358591248666,0.0,0.0032017075773745998,0.0,0.0010672358591248667,0.0,0.0,0.0,0.0,0.0,0.013874066168623266,0.0,0.0010672358591248667,0.0,0.0,0.0
252 DMX VII Tbx20 Chol,0.0,0.0,0.0,0.0,0.0,0.0,0.0,0.0,0.0,0.0,0.0,0.0,0.0025380710659898475,0.0,0.0,0.0,0.0,0.0,0.0,0.0,0.0,0.0,0.0,0.0,0.0,0.0,0.0,0.0,0.0,0.0,0.0,0.0,0.0,0.0,0.0,0.0,0.0,0.0,0.0,0.0,0.0,0.0,0.0,0.0,0.0,0.0,0.0,0.0,0.0,0.0,0.0,0.0,0.0,0.0,0.0,0.0,0.0,0.0,0.0,0.11928934010152284,0.0,0.0,0.0,0.0,0.0,0.0,0.0,0.0,0.0,0.0,0.0,0.0,0.0,0.0,0.0,0.0,0.0,0.0,0.0,0.0,0.0,0.0,0.0,0.0,0.0,0.0,0.0,0.0,0.0,0.0,0.0,0.0,0.0,0.0,0.0,0.0,0.0,0.0,0.0,0.0,0.0,0.0,0.0,0.01015228426395939,0.0,0.0,0.0,0.0,0.0,0.0,0.0,0.0,0.0,0.0,0.0,0.0,0.0,0.0,0.0,0.0,0.0,0.0,0.0,0.0,0.0,0.0,0.0,0.0,0.0,0.0,0.0,0.0,0.0,0.0,0.0,0.0,0.0,0.0,0.0,0.0,0.0,0.0,0.0,0.0,0.0,0.0,0.0,0.0,0.0,0.09644670050761421,0.01015228426395939,0.0,0.0,0.0,0.0,0.0,0.0,0.0,0.0,0.0,0.0,0.33248730964467005,0.0,0.0,0.0,0.0,0.0,0.0,0.0,0.03299492385786802,0.0,0.0,0.0,0.0,0.0,0.0,0.1598984771573604,0.0,0.0,0.0,0.0,0.0,0.0,0.0,0.0,0.0,0.0,0.0,0.0,0.0,0.0025380710659898475,0.0,0.0,0.0,0.0,0.0,0.0,0.0,0.0,0.0,0.0,0.0,0.0,0.0,0.0,0.0,0.0,0.0,0.0025380710659898475,0.0,0.0,0.0,0.0,0.0,0.005076142131979695,0.0,0.0,0.0,0.0,0.0,0.0,0.0,0.0,0.0,0.0,0.0,0.0,0.0,0.0,0.0,0.0,0.0,0.0,0.0,0.0,0.0,0.0,0.0,0.0,0.0,0.0,0.0,0.0,0.0,0.0,0.0,0.0,0.0,0.0,0.0,0.0,0.0,0.0,0.0,0.0,0.0,0.0,0.0,0.0,0.0,0.0,0.0,0.0,0.0,0.1218274111675127,0.0,0.0,0.0,0.0,0.0,0.0,0.012690355329949238,0.0,0.0,0.0,0.0,0.0,0.0,0.0,0.0,0.0,0.0,0.0,0.0,0.0,0.0,0.0,0.0,0.0,0.0,0.0,0.0,0.0,0.0,0.0,0.0,0.0,0.0,0.0,0.007614213197969543,0.0,0.0,0.0,0.0,0.05583756345177665,0.0,0.0,0.0,0.0,0.0,0.0,0.0,0.0,0.0,0.0,0.0,0.0,0.0,0.0,0.0,0.0,0.0,0.0,0.0,0.0,0.0,0.0,0.0,0.0,0.0,0.0,0.0,0.0,0.0,0.0,0.0,0.015228426395939087,0.0,0.0,0.0,0.0025380710659898475,0.0,0.0,0.0,0.0,0.0,0.0,0.0,0.01015228426395939,0.0,0.0,0.0,0.0,0.0
253 IO Fgl2 Glut,0.0,0.0,0.0,0.0,0.0,0.0,0.0,0.0,0.0,0.0,0.0,0.0,0.0,0.0,0.0,0.0,0.0,0.0,0.0,0.0,0.0,0.0,0.0,0.0,0.0,0.0,0.0,0.0,0.0,0.0,0.0,0.0,0.0,0.0,0.0,0.0,0.0,0.0,0.0,0.0,0.0,0.0,0.0,0.0,0.0,0.0,0.0,0.0,0.0,0.0,0.0,0.0,0.0,0.0,0.0,0.0,0.0,0.0,0.0,0.0,0.0,0.0,0.0,0.0,0.0,0.0,0.0,0.0,0.0,0.0,0.0,0.0,0.0,0.0,0.0,0.0,0.0,0.0,0.0,0.0,0.0,0.005888650963597431,0.0,0.0,0.0,0.0,0.0,0.0,0.0,0.0,0.0,0.0,0.0,0.0,0.0,0.0,0.0,0.0,0.0,0.0,0.4726980728051392,0.0,0.0,0.0,0.0,0.0,0.0,0.0,0.0,0.0,0.0,0.0,0.0,0.0,0.0,0.0,0.0,0.0,0.0,0.0,0.0,0.0,0.0,0.0005353319057815846,0.0,0.0,0.0,0.0,0.0,0.0,0.0005353319057815846,0.0,0.0,0.0,0.0,0.0,0.0,0.0,0.0,0.0,0.0,0.0,0.0,0.0,0.0,0.0,0.0,0.0,0.0,0.0,0.34475374732334046,0.0,0.0,0.0,0.0,0.0,0.0,0.0,0.0,0.0,0.0,0.0,0.0,0.0,0.0,0.0,0.0,0.0,0.0,0.0,0.0,0.0,0.0,0.0,0.0,0.0,0.0,0.0,0.0,0.0,0.0,0.0,0.0,0.0,0.0,0.0,0.0,0.0,0.0,0.0,0.0,0.0,0.0,0.0,0.0,0.0,0.0,0.0,0.0,0.0,0.0,0.0,0.0,0.0,0.0,0.0,0.0,0.0,0.0,0.0,0.0,0.0,0.0,0.0,0.0,0.0,0.0,0.0,0.0,0.0,0.0,0.0,0.0,0.0,0.0,0.0,0.0,0.0,0.0,0.0,0.0,0.0,0.0,0.0,0.0,0.0053533190578158455,0.04764453961456103,0.0,0.0,0.0,0.0,0.0,0.0,0.0,0.0,0.0,0.0,0.0,0.0,0.0,0.0,0.0,0.0,0.0,0.0,0.0,0.0,0.0,0.0,0.0,0.0,0.0,0.0,0.0,0.0,0.0,0.0,0.0,0.0,0.0,0.0,0.0,0.0,0.0,0.0,0.0,0.0,0.0,0.0,0.0,0.0,0.0,0.0,0.0,0.0,0.0,0.0,0.0,0.0,0.0,0.0,0.0,0.0,0.0,0.0,0.0,0.0,0.0,0.0,0.0,0.0,0.0,0.0,0.0,0.0,0.0,0.0,0.0,0.0,0.0,0.0,0.0,0.0,0.0,0.0,0.0,0.0,0.0,0.0,0.0,0.0,0.0,0.0,0.0,0.0,0.0,0.0,0.0,0.0,0.0,0.0,0.0,0.0,0.0,0.0,0.0,0.0,0.0,0.0,0.0,0.0,0.11081370449678801,0.0,0.0,0.0,0.0,0.0,0.0,0.0,0.0,0.009100642398286937,0.0026766595289079227,0.0,0.0
254 VCO Mafa Meis2 Glut,0.0,0.0,0.0,0.0,0.0,0.0,0.0,0.0,0.0,0.0,0.0,0.0,0.0,0.0,0.0,0.0,0.0,0.0,0.0,0.0,0.0,0.0,0.0,0.0,0.0,0.0,0.0,0.0,0.0,0.0,0.0,0.0,0.0,0.0,0.0,0.0,0.0,0.0,0.0,0.02030293264582662,0.0,0.0006445375443119562,0.0,0.0,0.0,0.0,0.0,0.0,0.0,0.0,0.0,0.0,0.0,0.0,0.0003222687721559781,0.08701256848211408,0.0,0.0,0.0,0.0,0.0054785691266516275,0.0,0.0,0.0,0.0,0.0,0.0,0.0,0.0,0.0,0.0,0.0,0.0,0.0,0.28746374476313247,0.0003222687721559781,0.0,0.0,0.0,0.0,0.0,0.003544956493715759,0.0,0.0,0.0,0.0,0.0,0.0,0.0,0.0,0.0,0.0,0.0,0.0,0.0,0.0,0.0,0.0,0.0,0.0,0.0,0.0029004189494038026,0.0,0.0009668063164679343,0.0,0.0,0.0,0.0,0.0,0.0,0.012568482114083145,0.0,0.0,0.0,0.0,0.0,0.0,0.0,0.0,0.0,0.0,0.0,0.0,0.0,0.0,0.0,0.0,0.0,0.0,0.0,0.0,0.0006445375443119562,0.0,0.0,0.0,0.0,0.0,0.0,0.0,0.0,0.0,0.0,0.0,0.0,0.0,0.0,0.0,0.0,0.0,0.012568482114083145,0.018047051240734774,0.0,0.0,0.0,0.0029004189494038026,0.0,0.0,0.0,0.0,0.0,0.0,0.0,0.0,0.0,0.0,0.0,0.0,0.0,0.0,0.004834031582339671,0.0003222687721559781,0.0,0.0,0.0003222687721559781,0.0,0.0,0.003222687721559781,0.0,0.0006445375443119562,0.0,0.0,0.0,0.0,0.0,0.0,0.0,0.0,0.0412504028359652,0.0,0.0,0.0003222687721559781,0.0,0.0,0.0,0.0,0.0,0.0,0.0,0.0,0.0,0.0,0.0,0.0,0.0,0.0,0.0,0.0,0.0,0.0016113438607798904,0.0003222687721559781,0.0,0.0,0.0,0.0,0.002578150177247825,0.0,0.0,0.0,0.0,0.0,0.0,0.0,0.0,0.0,0.0,0.0,0.0,0.0,0.0,0.0,0.0,0.0,0.0,0.0,0.0,0.0,0.0,0.0,0.0,0.0,0.0,0.0,0.0,0.0,0.0,0.0,0.0,0.0,0.004834031582339671,0.0,0.0,0.0,0.0,0.0,0.0,0.0,0.0,0.0,0.0,0.0,0.0,0.0,0.0,0.0,0.0022558814050918467,0.0,0.0,0.0,0.005800837898807605,0.0,0.0012890750886239124,0.01160167579761521,0.0,0.0,0.0,0.0,0.0,0.0,0.0,0.0,0.0,0.0,0.0,0.0,0.0,0.013857557202707057,0.0,0.0,0.0,0.0,0.0,0.0,0.0,0.0,0.0,0.0,0.0,0.0,0.0,0.0003222687721559781,0.022558814050918467,0.0,0.3512729616500161,0.0,0.0006445375443119562,0.003867225265871737,0.0,0.0,0.0,0.0,0.0,0.0,0.0,0.0,0.0,0.0,0.0,0.0,0.0,0.0,0.0,0.0,0.0,0.0,0.0,0.0,0.0,0.0,0.0,0.0003222687721559781,0.007734450531743474,0.0,0.0,0.0,0.0,0.03834998388656139,0.0012890750886239124,0.0,0.0054785691266516275,0.0,0.013213019658395102,0.0,0.0,0.0,0.0,0.0,0.0,0.0,0.0003222687721559781,0.0,0.0,0.003867225265871737,0.0,0.0
255 SPVO Mafa Meis2 Glut,0.0,0.0,0.0,0.0,0.0,0.0,0.0,0.0,0.0,0.0,0.0,0.0,0.0,0.0,0.0,0.0,0.0,0.0,0.0,0.0,0.0,0.0,0.0,0.0,0.0,0.0,0.0,0.0,0.0,0.0,0.0,0.0,0.0,0.0,0.0,0.0,0.0,0.0,0.0,0.0,0.0,0.0,0.0,0.0,0.0,0.0,0.0,0.0,0.0,0.0,0.0,0.0,0.0,0.0,0.0,0.0,0.0,0.0,0.0,0.0,0.0,0.0,0.0,0.0,0.0,0.0,0.0,0.0,0.0,0.0,0.0,0.0,0.0,0.0,0.0,0.0,0.0,0.0,0.0,0.0,0.0,0.0,0.0,0.0,0.0,0.0,0.0,0.0,0.0,0.0,0.0,0.0,0.0,0.0,0.0,0.0,0.0,0.0,0.0,0.0,0.0,0.0,0.0,0.0,0.0,0.0,0.0,0.0,0.0,0.0,0.017605633802816902,0.0,0.0,0.0,0.0,0.0,0.0,0.0,0.0,0.0,0.0,0.0,0.0,0.0,0.0,0.0,0.0,0.0,0.0,0.0,0.0,0.0,0.0,0.0,0.0,0.0,0.0,0.0,0.0,0.0,0.0,0.0,0.0,0.0,0.0,0.0,0.0,0.0,0.0,0.0,0.08274647887323944,0.0,0.0,0.0,0.0,0.0,0.0,0.0,0.0,0.0,0.0,0.0,0.0,0.0,0.0,0.0,0.0,0.0,0.0,0.01056338028169014,0.0,0.0,0.0,0.0,0.0,0.0,0.0035211267605633804,0.0,0.0,0.0,0.0,0.0,0.0,0.0,0.0,0.0,0.0,0.0,0.0,0.0,0.0,0.0,0.0,0.0,0.0,0.0,0.0,0.0,0.0,0.0,0.0,0.0,0.0,0.0,0.0,0.0,0.0,0.0,0.0,0.0,0.0,0.0,0.0,0.0,0.07394366197183098,0.0,0.0,0.0,0.0,0.0,0.0,0.0,0.0,0.0,0.0,0.0,0.0,0.0,0.0,0.0,0.0,0.0,0.0,0.0,0.0,0.0,0.0,0.0,0.0,0.0,0.0,0.0,0.0,0.0,0.0,0.0,0.0,0.0,0.0,0.0,0.0,0.0,0.0,0.0,0.0,0.0,0.0,0.0,0.0,0.0,0.0,0.0,0.0,0.0,0.0,0.0,0.0,0.0,0.0,0.0,0.058098591549295774,0.5545774647887324,0.0,0.0,0.0,0.0,0.0,0.0,0.0,0.0,0.0,0.0,0.0,0.0,0.0,0.0,0.0,0.0,0.0,0.0,0.0,0.0,0.0,0.0,0.0,0.0,0.0,0.0,0.0,0.0,0.0,0.0,0.007042253521126761,0.0,0.0,0.01232394366197183,0.0,0.0,0.0,0.0,0.0,0.0,0.0,0.0,0.0,0.0,0.0,0.0,0.0,0.0,0.0,0.0,0.0,0.0,0.0,0.0,0.0,0.0,0.0,0.0,0.176056338028169,0.0,0.0,0.0,0.0,0.0,0.0,0.0,0.0017605633802816902,0.0,0.0,0.0,0.0,0.0,0.0,0.0,0.0,0.0,0.0017605633802816902,0.0,0.0,0.0,0.0,0.0
256 SPVC Mafa Glut,0.0,0.0,0.0,0.0,0.0,0.0,0.0,0.0,0.0,0.0,0.0,0.0,0.0,0.0,0.0,0.0,0.0,0.0,0.0,0.0,0.0,0.0,0.0,0.0,0.0,0.0,0.0,0.0,0.0,0.0,0.0,0.0,0.0,0.0,0.0,0.0,0.0,0.0,0.0,0.0,0.0,0.0,0.0,0.0,0.0,0.0,0.0,0.0,0.0,0.0,0.0,0.0,0.0,0.0,0.0,0.0,0.0,0.0,0.0,0.0,0.0,0.0,0.0,0.0,0.0,0.0,0.0,0.0,0.0,0.0,0.0,0.0,0.0,0.0,0.0,0.0,0.0,0.0,0.0,0.0,0.0,0.0,0.0,0.0,0.0,0.0,0.0,0.0,0.0,0.0,0.0,0.0,0.0,0.0,0.0,0.0,0.0,0.0,0.0,0.0,0.0,0.0,0.0,0.0,0.0,0.0,0.0,0.0,0.0,0.0,0.0,0.0,0.0,0.0,0.0,0.0,0.0,0.0,0.0,0.0,0.0,0.0,0.0,0.0,0.0,0.0,0.0,0.0,0.0,0.0,0.0,0.0,0.0,0.0,0.0,0.0,0.0,0.0,0.0,0.0,0.0,0.0,0.0,0.0,0.0,0.0,0.0,0.0,0.0,0.0,0.033112582781456956,0.0,0.0,0.0,0.0,0.0,0.0,0.0,0.0,0.0,0.0,0.0,0.0,0.0,0.0,0.0,0.0,0.0,0.0,0.0,0.0,0.0,0.0,0.0,0.0,0.0,0.013245033112582781,0.0,0.0,0.0,0.0,0.0,0.0,0.0,0.0,0.0,0.0,0.0,0.0,0.0,0.0,0.0,0.0,0.0,0.0,0.0,0.0,0.0,0.0,0.0,0.0,0.0,0.0,0.0,0.0,0.0,0.0,0.0,0.0,0.0,0.0,0.0,0.0,0.0,0.013245033112582781,0.0,0.0,0.0,0.0,0.0,0.0,0.0,0.0,0.0,0.0,0.1390728476821192,0.0,0.0,0.0,0.0,0.0,0.0,0.0,0.0,0.0,0.0,0.0,0.0,0.0,0.0,0.0,0.0,0.0,0.0,0.0,0.0,0.0,0.0,0.0,0.0,0.0,0.0,0.0,0.0,0.0,0.0,0.0,0.0,0.0,0.0,0.0,0.0,0.0,0.0,0.0,0.0,0.0,0.0,0.0,0.0,0.6490066225165563,0.0728476821192053,0.0,0.0,0.0,0.0,0.0,0.0,0.0,0.0,0.0,0.0,0.0,0.0,0.0,0.0,0.0,0.0,0.0,0.0,0.0,0.0,0.0,0.0,0.0,0.0,0.0,0.0,0.0,0.0,0.0,0.0,0.0,0.0,0.0,0.006622516556291391,0.0,0.0,0.0,0.0,0.0,0.0,0.0,0.0,0.0,0.0,0.0,0.0,0.0,0.0,0.0,0.0,0.0,0.0,0.0,0.0,0.0,0.0,0.0,0.0,0.0728476821192053,0.0,0.0,0.0,0.0,0.0,0.0,0.0,0.0,0.0,0.0,0.0,0.0,0.0,0.0,0.0,0.0,0.0,0.0,0.0,0.0,0.0,0.0,0.0
257 SPVC Ccdc172 Glut,0.0,0.0,0.0,0.0,0.0,0.0,0.0,0.0,0.0,0.0,0.0,0.0,0.0,0.0,0.0,0.0,0.0,0.0,0.0,0.0,0.0,0.0,0.0,0.0,0.0,0.0,0.0,0.0,0.0,0.0,0.0,0.0,0.0,0.0,0.0,0.0,0.0,0.0,0.0,0.09523809523809523,0.0,0.0,0.0,0.0,0.0,0.0,0.0,0.0,0.0,0.0,0.0,0.0,0.0,0.0,0.0,0.0,0.0,0.0,0.0,0.0,0.0,0.0,0.0,0.0,0.0,0.0,0.0,0.0,0.0,0.0,0.0,0.0,0.0,0.0,0.0,0.0,0.0,0.0,0.0,0.0,0.0,0.0,0.0,0.0,0.0,0.0,0.0,0.0,0.0,0.0,0.0,0.0,0.0,0.0,0.0,0.0,0.0,0.0,0.0,0.0,0.0,0.0,0.0,0.0,0.0,0.0,0.0,0.0,0.0,0.0,0.0,0.0,0.0,0.0,0.0,0.0,0.0,0.0,0.0,0.0,0.0,0.0,0.0,0.0,0.0,0.0,0.0,0.0,0.0,0.0,0.0,0.0,0.0,0.0,0.0,0.0,0.0,0.0,0.0,0.0,0.0,0.0,0.0,0.0,0.0,0.0,0.0,0.0,0.0,0.0,0.0,0.0,0.0,0.0,0.0,0.0,0.0,0.0,0.0,0.0,0.0,0.0,0.0,0.0,0.0,0.0,0.0,0.0,0.0,0.0,0.0,0.0,0.0,0.0,0.0,0.0,0.0,0.0,0.0,0.0,0.0,0.0,0.0,0.0,0.0,0.0,0.0,0.0,0.0,0.0,0.0,0.0,0.0,0.0,0.0,0.0,0.0,0.0,0.0,0.0,0.0,0.0,0.0,0.0,0.0,0.0,0.0,0.0,0.0,0.0,0.0,0.0,0.0,0.0,0.0,0.0,0.0,0.0,0.0,0.0,0.0,0.0,0.0,0.0,0.0,0.3333333333333333,0.0,0.0,0.0,0.0,0.0,0.0,0.0,0.0,0.0,0.0,0.0,0.0,0.0,0.0,0.0,0.0,0.0,0.0,0.0,0.0,0.0,0.0,0.0,0.0,0.0,0.0,0.0,0.0,0.0,0.0,0.0,0.0,0.0,0.0,0.0,0.0,0.0,0.0,0.0,0.0,0.0,0.0,0.0,0.0,0.14285714285714285,0.0,0.0,0.0,0.0,0.0,0.0,0.0,0.0,0.0,0.0,0.0,0.0,0.0,0.0,0.0,0.0,0.0,0.0,0.0,0.0,0.0,0.0,0.0,0.0,0.0,0.0,0.0,0.0,0.0,0.0,0.0,0.0,0.0,0.0,0.0,0.0,0.0,0.0,0.0,0.0,0.0,0.0,0.0,0.0,0.0,0.0,0.0,0.0,0.0,0.0,0.0,0.0,0.0,0.0,0.0,0.0,0.0,0.0,0.0,0.09523809523809523,0.0,0.0,0.0,0.0,0.0,0.0,0.0,0.0,0.0,0.0,0.0,0.0,0.0,0.0,0.0,0.0,0.0,0.0,0.0,0.0,0.3333333333333333,0.0,0.0
258 SPVC Nmu Glut,0.0,0.0,0.0,0.0,0.0,0.0,0.0,0.0,0.0,0.0,0.0,0.0,0.0,0.0,0.0,0.0,0.0,0.0,0.0,0.0,0.0,0.0,0.0,0.0,0.0,0.0,0.0,0.0,0.0,0.0,0.0,0.0,0.0,0.0,0.0,0.0,0.0,0.0,0.0,0.0,0.0,0.0,0.0,0.0,0.0,0.0,0.0,0.0,0.0,0.0,0.0,0.0,0.0,0.0,0.0,0.0,0.0,0.0,0.0,0.0,0.0,0.0,0.0,0.0,0.0,0.0,0.0,0.0,0.0,0.0,0.0,0.0,0.0,0.0,0.0,0.0,0.0,0.0,0.0,0.0,0.0,0.0,0.0,0.0,0.0,0.0,0.0,0.0,0.0,0.0,0.0,0.0,0.0,0.0,0.0,0.0,0.0,0.0,0.0,0.0,0.0,0.0,0.0,0.0,0.0,0.0,0.0,0.0,0.0,0.0,0.0,0.0,0.0,0.0,0.0,0.0,0.0,0.0,0.0,0.0,0.0,0.0,0.0,0.0,0.0,0.0,0.0,0.0,0.0,0.0,0.0,0.0,0.0,0.0,0.0,0.0,0.0,0.0,0.0,0.0,0.0,0.0,0.0,0.0,0.0,0.0,0.0,0.0,0.0,0.0,0.25,0.0,0.0,0.0,0.0,0.0,0.0,0.0,0.0,0.0,0.0,0.0,0.0,0.0,0.0,0.0,0.0,0.0,0.0,0.0,0.0,0.0,0.0,0.0,0.0,0.0,0.0,0.0,0.0,0.0,0.0,0.0,0.0,0.0,0.0,0.0,0.0,0.0,0.0,0.0,0.0,0.0,0.0,0.0,0.0,0.0,0.0,0.0,0.0,0.0,0.0,0.0,0.0,0.0,0.0,0.0,0.0,0.0,0.0,0.0,0.0,0.0,0.0,0.0,0.0,0.0,0.0,0.0,0.0,0.0,0.0,0.0,0.0,0.0,0.0,0.08333333333333333,0.0,0.0,0.0,0.0,0.0,0.0,0.0,0.0,0.0,0.0,0.0,0.0,0.0,0.0,0.0,0.0,0.0,0.0,0.0,0.0,0.0,0.0,0.0,0.0,0.0,0.0,0.0,0.0,0.0,0.0,0.0,0.0,0.0,0.0,0.0,0.0,0.0,0.0,0.0,0.0,0.0,0.0,0.0,0.0,0.5,0.0,0.0,0.0,0.0,0.0,0.0,0.0,0.0,0.0,0.0,0.0,0.0,0.0,0.0,0.0,0.0,0.0,0.0,0.0,0.0,0.0,0.0,0.0,0.0,0.0,0.0,0.0,0.0,0.0,0.0,0.0,0.0,0.0,0.0,0.0,0.0,0.0,0.0,0.0,0.0,0.0,0.0,0.0,0.0,0.0,0.0,0.0,0.0,0.0,0.0,0.0,0.0,0.0,0.0,0.0,0.0,0.0,0.0,0.0,0.08333333333333333,0.0,0.0,0.0,0.0,0.0,0.08333333333333333,0.0,0.0,0.0,0.0,0.0,0.0,0.0,0.0,0.0,0.0,0.0,0.0,0.0,0.0,0.0,0.0,0.0
259 MDRNd Bves Glut,0.0,0.0,0.0,0.0,0.0,0.0,0.0,0.0,0.0,0.0,0.0,0.0,0.0,0.0,0.0,0.0,0.0,0.0,0.0,0.0,0.0,0.0,0.0,0.0,0.0,0.0,0.0,0.0,0.0,0.0,0.0,0.0,0.0,0.0,0.0,0.0,0.0,0.0,0.0,0.0,0.0,0.0,0.0,0.0,0.0,0.0,0.0,0.0,0.0,0.0,0.0,0.0,0.0,0.0,0.0,0.0,0.0,0.0,0.0,0.0,0.0,0.0,0.0,0.0,0.0,0.0,0.011235955056179775,0.0,0.0,0.0,0.0,0.0,0.0,0.0,0.0,0.0,0.0,0.0,0.0,0.0,0.0,0.0,0.0,0.0,0.0,0.0,0.0,0.0,0.0,0.0,0.0,0.0,0.0,0.0,0.0,0.0,0.0,0.0,0.0,0.0,0.0,0.0,0.0,0.0,0.0,0.0,0.0,0.0,0.0,0.0,0.0,0.0,0.0,0.0,0.0,0.0,0.0,0.0,0.0,0.0,0.0,0.0,0.0,0.0,0.0,0.0,0.0,0.0,0.0,0.0,0.0,0.0,0.0,0.011235955056179775,0.0,0.0,0.0,0.0,0.0,0.0,0.0,0.0,0.0,0.0,0.0,0.0,0.0,0.0,0.0,0.0,0.1348314606741573,0.0,0.0,0.0,0.0,0.0,0.0,0.0,0.0,0.0,0.0,0.1797752808988764,0.0,0.0,0.0,0.0,0.0,0.0,0.0,0.0,0.0,0.0,0.0,0.0,0.0,0.0,0.011235955056179775,0.0,0.0,0.0,0.0,0.0,0.0,0.0,0.0,0.0,0.0,0.0,0.0,0.0,0.0,0.0,0.0,0.0,0.0,0.0,0.0,0.0,0.0,0.0,0.0,0.0,0.0,0.0,0.0,0.0,0.0,0.0,0.0,0.0,0.0,0.0,0.0,0.0,0.0,0.0,0.0,0.0,0.0,0.0,0.0,0.0,0.0,0.0,0.0,0.0,0.0,0.0,0.0,0.0,0.0,0.0,0.0,0.0,0.0,0.0,0.0,0.0,0.0,0.0,0.0,0.0,0.0,0.0,0.0,0.0,0.0,0.0,0.0,0.0,0.0,0.0,0.0,0.0,0.0,0.0,0.0,0.0,0.0,0.0,0.0,0.0,0.0,0.0,0.0,0.0,0.0,0.0,0.056179775280898875,0.0,0.5955056179775281,0.0,0.0,0.0,0.0,0.0,0.0,0.0,0.0,0.0,0.0,0.0,0.0,0.0,0.0,0.0,0.0,0.0,0.0,0.0,0.0,0.0,0.0,0.0,0.0,0.0,0.0,0.0,0.0,0.0,0.0,0.0,0.0,0.0,0.0,0.0,0.0,0.0,0.0,0.0,0.0,0.0,0.0,0.0,0.0,0.0,0.0,0.0,0.0,0.0,0.0,0.0,0.0,0.0,0.0,0.0,0.0,0.0,0.0,0.0,0.0,0.0,0.0,0.0,0.0,0.0,0.0,0.0,0.0,0.0,0.0,0.0,0.0,0.0,0.0,0.0,0.0,0.0,0.0,0.0,0.0,0.0,0.0,0.0
260 MDRNv Crp Glut,0.0,0.0,0.0,0.0,0.0,0.0,0.0,0.0,0.0,0.0,0.0,0.0,0.0,0.0,0.0,0.0,0.0,0.0,0.0,0.0,0.0,0.0,0.0,0.0,0.0,0.0,0.0,0.0,0.0,0.0,0.0,0.0,0.0,0.0,0.0,0.0,0.0,0.0,0.0,0.0,0.0,0.0,0.0,0.0,0.0,0.0,0.0,0.0,0.0,0.0,0.0,0.0,0.0,0.0,0.0,0.0,0.0,0.0,0.0,0.0,0.0,0.0,0.0,0.0,0.0,0.0,0.0,0.0,0.0,0.0,0.0,0.0,0.0,0.0,0.0,0.0,0.0,0.0,0.0,0.0,0.0,0.13333333333333333,0.0,0.0,0.0,0.0,0.0,0.0,0.0,0.0,0.0,0.0,0.0,0.0,0.0,0.0,0.0,0.0,0.0,0.0,0.0,0.0,0.0,0.13333333333333333,0.0,0.0,0.0,0.0,0.0,0.0,0.0,0.0,0.0,0.0,0.0,0.0,0.0,0.0,0.0,0.0,0.0,0.0,0.0,0.13333333333333333,0.0,0.0,0.0,0.0,0.0,0.0,0.0,0.0,0.0,0.0,0.0,0.0,0.0,0.0,0.0,0.0,0.0,0.0,0.0,0.0,0.0,0.0,0.0,0.0,0.0,0.0,0.0,0.0,0.0,0.0,0.0,0.0,0.0,0.0,0.0,0.06666666666666667,0.0,0.2,0.0,0.0,0.0,0.0,0.0,0.0,0.0,0.0,0.0,0.0,0.0,0.0,0.0,0.0,0.13333333333333333,0.0,0.0,0.0,0.0,0.0,0.0,0.0,0.0,0.0,0.0,0.0,0.0,0.0,0.0,0.0,0.0,0.0,0.0,0.0,0.0,0.0,0.0,0.0,0.0,0.0,0.0,0.0,0.0,0.0,0.0,0.0,0.0,0.0,0.0,0.0,0.0,0.0,0.0,0.0,0.0,0.0,0.0,0.0,0.0,0.0,0.0,0.0,0.0,0.0,0.0,0.0,0.0,0.0,0.0,0.0,0.0,0.0,0.0,0.0,0.0,0.0,0.0,0.0,0.0,0.0,0.0,0.0,0.0,0.0,0.0,0.0,0.0,0.0,0.0,0.0,0.0,0.0,0.0,0.0,0.0,0.0,0.0,0.0,0.0,0.0,0.0,0.0,0.0,0.0,0.0,0.0,0.0,0.0,0.0,0.0,0.0,0.0,0.0,0.0,0.0,0.0,0.0,0.0,0.0,0.0,0.0,0.0,0.0,0.0,0.0,0.0,0.0,0.0,0.0,0.0,0.0,0.0,0.0,0.0,0.0,0.0,0.0,0.0,0.0,0.0,0.0,0.0,0.0,0.0,0.0,0.0,0.0,0.0,0.0,0.0,0.0,0.0,0.0,0.0,0.0,0.0,0.0,0.0,0.0,0.0,0.0,0.0,0.0,0.0,0.0,0.0,0.0,0.0,0.0,0.2,0.0,0.0,0.0,0.0,0.0,0.0,0.0,0.0,0.0,0.0,0.0,0.0,0.0,0.0,0.0,0.0,0.0,0.0,0.0,0.0,0.0,0.0
261 HB Calcb Chol,0.0,0.0,0.0,0.0,0.0005506607929515419,0.0,0.0,0.0,0.0,0.0,0.0,0.0,0.0027533039647577094,0.0,0.0,0.0,0.0,0.0,0.0,0.0,0.0,0.0,0.0,0.0,0.0,0.0,0.0,0.0,0.0,0.0,0.007709251101321586,0.0,0.0,0.0,0.0,0.0,0.0,0.0,0.0,0.0,0.0,0.0,0.0,0.0,0.0,0.0,0.0,0.0,0.0,0.0,0.0,0.0,0.0,0.0,0.0,0.0,0.0,0.0,0.0,0.02092511013215859,0.0,0.0,0.0,0.0,0.0,0.0,0.0,0.0,0.0,0.0,0.0,0.0,0.0,0.0,0.0,0.0,0.0,0.0,0.0,0.0,0.0,0.0011013215859030838,0.0,0.0,0.0,0.0,0.012114537444933921,0.0,0.0,0.0,0.0,0.0,0.0,0.0,0.0,0.015969162995594713,0.005506607929515419,0.0,0.0,0.0,0.0,0.0,0.0,0.06552863436123348,0.0,0.0,0.0,0.0,0.0,0.0,0.0,0.0,0.0,0.0,0.0,0.0,0.0,0.0,0.0,0.0,0.0,0.0,0.0,0.0,0.0,0.0,0.0,0.0,0.0,0.0,0.0,0.013766519823788546,0.0,0.0,0.0,0.0,0.0,0.0,0.0,0.0,0.0,0.0,0.0,0.0,0.0,0.0,0.022577092511013214,0.0,0.0,0.003303964757709251,0.03248898678414097,0.0,0.0,0.0,0.0,0.0,0.0,0.0,0.0,0.0,0.0,0.008259911894273128,0.0,0.0,0.0,0.0,0.0,0.0,0.0,0.04515418502202643,0.042400881057268726,0.0,0.0,0.0,0.0,0.0,0.0605726872246696,0.0,0.0,0.0,0.003303964757709251,0.0,0.0,0.0,0.0,0.0,0.0,0.0,0.0,0.0,0.0005506607929515419,0.0,0.0,0.0,0.0,0.0,0.0,0.0,0.0,0.0,0.0,0.0,0.0,0.0,0.006057268722466961,0.0,0.0,0.0,0.003854625550660793,0.0,0.0,0.0,0.0,0.0,0.003854625550660793,0.0,0.0,0.0,0.0,0.0,0.0,0.0,0.0,0.0,0.0,0.0,0.0,0.0,0.0,0.0,0.0,0.0,0.0,0.0,0.0,0.0,0.0,0.0,0.0,0.0,0.0,0.0,0.0,0.0,0.0,0.0,0.0,0.0,0.0,0.0,0.0,0.0,0.0,0.0,0.0,0.0,0.0,0.0,0.0,0.0,0.0,0.0,0.0,0.0,0.0,0.0,0.0,0.0,0.0,0.0,0.0,0.004955947136563877,0.0,0.0,0.0,0.0,0.0,0.0,0.0,0.0,0.0,0.0,0.0,0.0,0.025330396475770924,0.0,0.0,0.0,0.0,0.0,0.0,0.0,0.0,0.0,0.0,0.0,0.0,0.21420704845814978,0.0,0.0,0.0,0.0,0.0,0.009361233480176211,0.31828193832599116,0.0,0.0005506607929515419,0.0,0.0,0.0,0.0,0.0,0.0,0.0,0.0,0.0,0.0,0.0,0.0,0.0,0.0,0.0,0.0,0.0,0.0,0.0,0.0,0.0,0.0,0.0,0.0011013215859030838,0.04405286343612335,0.0,0.0,0.0,0.0,0.0,0.0,0.0,0.0,0.0,0.0,0.0,0.0,0.0,0.0,0.0,0.0005506607929515419,0.0027533039647577094,0.0,0.0005506607929515419,0.0,0.0,0.0
262 Pineal Crx Glut,0.0,0.0,0.0,0.0,0.0,0.0,0.0,0.0,0.0,0.0,0.0,0.0,0.0,0.0,0.0,0.0,0.0,0.0,0.0,0.0,0.0,0.0,0.0,0.0,0.0,0.0,0.0,0.0,0.0,0.0,0.0,0.0,0.0,0.0,0.0,0.0,0.0,0.0,0.0,0.0,0.0,0.0,0.0,0.0,0.0,0.0,0.0,0.0,0.0,0.0,0.0,0.0,0.0,0.0,0.0,0.0,0.0,0.0,0.0,0.0,0.0,0.0,0.0,0.0,0.0,0.0,0.0,0.0,0.0,0.0,0.0,0.0,0.0,0.0,0.0,0.0,0.0,0.0,0.0,0.0,0.0,0.0,0.0,0.0,0.0,0.0,0.0,0.0,0.0,0.0,0.0,0.0,0.0,0.0,0.0,0.0,0.0,0.0,0.0,0.0,0.0,0.0,0.0,0.0,0.0,0.0,0.0,0.0,0.0,0.0,0.0,0.0,0.0,0.0,0.0,0.0,0.0,0.0,0.0,0.0,0.0,0.0,0.0,0.0,0.0,0.0,0.0,0.0,0.0,0.0,0.0,0.0,0.0,0.0,0.0,0.0,0.0,0.0,0.0,0.0,0.0,0.0,0.0,0.0,0.0,0.0,0.0,0.0,0.0,0.0,0.0,0.0,0.0,0.0,0.0,0.0,0.0,0.0,0.0,0.0,0.0,0.0,0.0,0.0,0.0,0.0,0.0,0.0,0.0,0.0,0.0,0.0,0.0,0.0,0.0,0.0,0.0,0.0,0.0,0.0,0.0,0.0,0.0,0.0,0.0,0.0,0.0,0.0,0.0,0.0,0.0,0.0,0.0,0.0,0.0,0.0,0.0,0.0,0.0,0.0,0.0,0.0,0.0,0.0,0.0,0.0,0.0,0.0,0.0,0.0,0.0,0.0,0.0,0.0,0.0,0.0,0.0,0.0,0.0,0.0,0.0,0.0,0.0,0.0,0.0,0.0,0.0,0.0,0.0,0.0,0.0,0.0,0.0,0.0,0.0,0.0,0.0,0.0,0.0,0.0,0.0,0.0,0.0,0.0,0.0,0.0,0.0,0.0,0.0,0.0,0.0,0.0,0.0,0.0,0.0,0.0,0.0,0.0,0.0,0.0,0.0,0.0,0.0,0.0,0.0,0.0,0.0,0.0,0.0,0.0,0.0,0.0,0.0,0.0,0.0,0.0,0.0,0.0,0.0,0.0,0.0,0.0,0.0,0.0,0.0,0.0,0.0,0.0,0.0,0.0,0.0,0.0,0.0,0.0,0.0,0.0,0.0,0.0,0.38095238095238093,0.0,0.0,0.0,0.0,0.0,0.0,0.0,0.0,0.0,0.0,0.0,0.0,0.0,0.0,0.0,0.0,0.0,0.0,0.0,0.0,0.0,0.0,0.0,0.0,0.0,0.0,0.0,0.0,0.0,0.0,0.0,0.0,0.0,0.0,0.0,0.0,0.0,0.0,0.0,0.0,0.0,0.0,0.0,0.0,0.0,0.0,0.0,0.0,0.047619047619047616,0.0,0.0,0.0,0.5714285714285714,0.0,0.0
263 CS-RPO Meis2 Gaba,0.0,0.0,0.0,0.0,0.0,0.0,0.0,0.0,0.0,0.0,0.0,0.0,0.0,0.0,0.0,0.0,0.0,0.0,0.0,0.0,0.0,0.0,0.001539645881447267,0.0,0.0,0.0,0.0,0.0,0.0,0.0,0.0,0.0,0.0,0.0,0.0,0.0,0.0,0.0,0.0,0.0,0.0,0.0,0.0,0.0,0.0,0.0,0.0,0.0,0.0,0.0,0.4565050038491147,0.0,0.0,0.0,0.0,0.0,0.0,0.0,0.0,0.0,0.0,0.0,0.0007698229407236335,0.0,0.0007698229407236335,0.0,0.0,0.0,0.0,0.0,0.0,0.0,0.0,0.0,0.0,0.0,0.0,0.0,0.0,0.0,0.0,0.0007698229407236335,0.0,0.0,0.0,0.0,0.0,0.0,0.0,0.0,0.0,0.0007698229407236335,0.0,0.0,0.0,0.0,0.0007698229407236335,0.0,0.0,0.0,0.0,0.0,0.05157813702848345,0.0,0.0,0.0,0.0,0.0,0.0,0.0,0.0,0.0,0.0,0.0007698229407236335,0.0,0.0,0.0,0.0,0.0,0.0,0.0,0.0,0.0,0.0,0.0,0.0,0.0,0.0,0.0,0.0,0.0,0.014626635873749037,0.0,0.0,0.0,0.0,0.0,0.0,0.0,0.0,0.0,0.0,0.0,0.0,0.0,0.0,0.01308698999230177,0.0,0.0,0.004618937644341801,0.0007698229407236335,0.0,0.0,0.02848344880677444,0.0,0.0,0.0,0.0,0.0,0.0,0.0,0.0,0.0,0.0,0.0,0.0,0.0,0.0,0.0,0.16551193225558122,0.0,0.0,0.0,0.0,0.0,0.0,0.0,0.0,0.0,0.0,0.0,0.02771362586605081,0.0,0.0,0.0007698229407236335,0.0,0.0,0.0,0.012317167051578136,0.0,0.0,0.0,0.0,0.0,0.0,0.0,0.0,0.0,0.0,0.0,0.0,0.0,0.0,0.0,0.0,0.0,0.0,0.0,0.04541955350269438,0.049268668206312545,0.0,0.0,0.0,0.0,0.0,0.0,0.0,0.0,0.0,0.0,0.0,0.0,0.0,0.0,0.0,0.0,0.0,0.0,0.0,0.0,0.0,0.0,0.0,0.0,0.0,0.0,0.0,0.0,0.03233256351039261,0.0,0.0,0.0,0.0,0.0,0.0,0.0,0.0,0.0,0.0,0.0,0.0,0.0,0.0,0.0007698229407236335,0.0,0.0,0.0,0.0,0.0,0.003849114703618168,0.0,0.0,0.0,0.0,0.0,0.0,0.0,0.0,0.0,0.0,0.0,0.0,0.0,0.0,0.0,0.0,0.0,0.0,0.0,0.0,0.0,0.0,0.0,0.0,0.0,0.0007698229407236335,0.0,0.0,0.0,0.0,0.0,0.0,0.06620477290223249,0.0,0.0,0.0,0.0,0.0,0.0,0.0023094688221709007,0.0,0.0,0.0,0.0,0.0,0.0,0.0,0.0,0.0,0.0,0.0,0.0,0.0,0.0,0.0,0.0,0.0,0.0,0.0,0.0,0.0,0.0,0.0,0.0,0.0,0.0,0.0,0.0,0.001539645881447267,0.0,0.0,0.0,0.0,0.0,0.0,0.0,0.0007698229407236335,0.0,0.001539645881447267,0.0,0.0,0.0,0.006158583525789068,0.0,0.0,0.0,0.0,0.0,0.001539645881447267,0.0,0.005388760585065435,0.0,0.0,0.0
264 PRNc Otp Gly-Gaba,0.0,0.0,0.0,0.0,0.0,0.0,0.0,0.0,0.0,0.0,0.0,0.0,0.00031104199066874026,0.0,0.0,0.0,0.0,0.0,0.0,0.0,0.0,0.0,0.0,0.0,0.0,0.0,0.0,0.0,0.0,0.0,0.00031104199066874026,0.00031104199066874026,0.0,0.0,0.0,0.0,0.0,0.0,0.0,0.004354587869362364,0.0,0.0,0.0,0.0,0.0,0.0,0.0,0.0,0.0,0.0,0.017418351477449457,0.0,0.0,0.00031104199066874026,0.002488335925349922,0.0,0.0,0.0,0.0,0.0,0.0,0.0,0.0,0.0,0.0,0.0,0.0,0.0,0.0,0.0,0.0,0.0,0.0,0.0,0.0,0.001244167962674961,0.0,0.0,0.0,0.0,0.0,0.04105754276827372,0.0,0.0,0.0,0.0,0.0,0.0,0.0,0.0,0.0,0.0015552099533437014,0.0,0.0,0.0,0.0,0.0018662519440124418,0.0,0.0,0.0,0.00031104199066874026,0.0015552099533437014,0.0,0.014618973561430793,0.0,0.0,0.0,0.0,0.0,0.0,0.00031104199066874026,0.0,0.0,0.00031104199066874026,0.0,0.0,0.0,0.0,0.0,0.0,0.0,0.0,0.0,0.0006220839813374805,0.0,0.0,0.0,0.0,0.0,0.0,0.006531881804043546,0.007153965785381027,0.0,0.0006220839813374805,0.0,0.0,0.0,0.0,0.0,0.0,0.0,0.0,0.0,0.0,0.0,0.0,0.009953343701399688,0.0,0.0,0.013685847589424573,0.012441679626749611,0.0,0.0,0.006842923794712286,0.003110419906687403,0.0,0.00031104199066874026,0.0,0.0,0.00031104199066874026,0.009020217729393468,0.0,0.0,0.0,0.0,0.0,0.0,0.0,0.0,0.08460342146189735,0.007153965785381027,0.0,0.0,0.0015552099533437014,0.0,0.0,0.008709175738724729,0.0,0.0006220839813374805,0.0,0.0,0.013063763608087092,0.0,0.0,0.0,0.0,0.0,0.0,0.0009331259720062209,0.002177293934681182,0.002177293934681182,0.0,0.0,0.0,0.0,0.0,0.0,0.0,0.0,0.0,0.0,0.0,0.006220839813374806,0.0,0.0018662519440124418,0.0,0.0,0.0,0.19657853810264386,0.3290824261275272,0.002177293934681182,0.0,0.0,0.0,0.001244167962674961,0.0,0.0,0.0,0.0,0.0,0.0,0.0,0.0,0.0,0.0,0.0,0.0,0.0,0.0,0.0,0.0,0.0,0.0,0.001244167962674961,0.00031104199066874026,0.0,0.0,0.0,0.001244167962674961,0.0,0.0,0.0,0.0,0.0,0.0,0.0,0.0,0.0,0.0,0.0,0.0,0.0,0.0,0.00031104199066874026,0.0,0.0,0.0,0.0,0.001244167962674961,0.01275272161741835,0.0,0.0,0.0006220839813374805,0.0,0.004976671850699844,0.0,0.0,0.0,0.0009331259720062209,0.0,0.0015552099533437014,0.002488335925349922,0.0,0.0,0.0,0.0,0.0,0.0,0.0,0.0,0.0,0.0,0.0,0.0,0.0018662519440124418,0.0015552099533437014,0.0,0.0,0.0,0.0,0.0,0.0,0.11726283048211508,0.0,0.0,0.0,0.0,0.0006220839813374805,0.0,0.0009331259720062209,0.0,0.0,0.0,0.0,0.0009331259720062209,0.009642301710730949,0.0006220839813374805,0.0,0.0,0.0,0.0,0.0,0.0,0.0,0.0,0.0,0.0,0.0,0.0,0.0,0.0,0.0,0.0,0.0,0.0,0.0,0.0,0.0,0.0,0.0015552099533437014,0.0,0.0,0.0,0.0,0.0,0.001244167962674961,0.0,0.0,0.0018662519440124418,0.0,0.00031104199066874026,0.0015552099533437014,0.0052877138413685845,0.00031104199066874026,0.0,0.0,0.0,0.0,0.001244167962674961,0.0,0.008398133748055987,0.0,0.0,0.0
265 PB Sst Gly-Gaba,0.0,0.0,0.0,0.0,0.0,0.0,0.0,0.0,0.0,0.0,0.0,0.0,0.0,0.0,0.0,0.0,0.0,0.0,0.0,0.0029850746268656717,0.0,0.0,0.0,0.0,0.0,0.0,0.0,0.0,0.0,0.0,0.0,0.0,0.0,0.0,0.0,0.0,0.0,0.0,0.0,0.01791044776119403,0.0,0.07761194029850746,0.0,0.0,0.0,0.0,0.0,0.0,0.0,0.0,0.0,0.0,0.0,0.0029850746268656717,0.0,0.0,0.0,0.0,0.0,0.0,0.0,0.0,0.0,0.0,0.0,0.0,0.0,0.0,0.0,0.0,0.0,0.0,0.0,0.0,0.0,0.0,0.0,0.0,0.0,0.0,0.0,0.0,0.0,0.0,0.0,0.0,0.0,0.0,0.0,0.0,0.0,0.0,0.0,0.0,0.0,0.0,0.0,0.0,0.0,0.0,0.0,0.0,0.0,0.0,0.0,0.0,0.005970149253731343,0.0,0.0,0.0,0.0029850746268656717,0.0029850746268656717,0.0,0.0,0.0,0.0,0.0,0.0,0.0,0.0,0.0,0.0,0.0,0.0,0.0,0.0,0.0,0.0,0.0,0.0,0.0,0.0029850746268656717,0.0,0.0,0.0,0.0,0.0,0.0,0.0,0.0,0.0,0.0,0.0,0.0,0.0,0.0,0.0029850746268656717,0.0,0.0,0.05970149253731343,0.005970149253731343,0.0,0.0,0.0,0.011940298507462687,0.0,0.0,0.0,0.0,0.0,0.0,0.0,0.0,0.0,0.0,0.0,0.0,0.0,0.0,0.1880597014925373,0.008955223880597015,0.0,0.0,0.014925373134328358,0.0,0.0,0.0029850746268656717,0.0,0.2507462686567164,0.0,0.008955223880597015,0.0029850746268656717,0.0,0.0,0.0,0.0,0.0,0.0,0.0,0.0,0.0,0.0,0.0,0.0,0.0,0.0,0.0,0.0,0.0,0.0,0.0,0.0,0.0,0.0,0.0,0.0,0.0,0.0,0.011940298507462687,0.0,0.0,0.0,0.0,0.0,0.07164179104477612,0.0,0.0,0.0,0.0,0.0,0.0,0.0,0.0,0.0,0.0,0.0,0.0,0.0,0.0,0.0,0.0,0.0,0.0,0.0,0.0,0.0,0.0,0.0,0.0,0.0,0.0,0.0,0.0,0.0,0.0,0.0,0.0,0.0,0.0,0.0,0.0,0.0,0.0,0.0,0.0,0.0,0.0,0.0,0.008955223880597015,0.0,0.0,0.0,0.0,0.0,0.03283582089552239,0.0,0.0,0.0,0.0,0.0,0.0,0.008955223880597015,0.0,0.0,0.0,0.0,0.0,0.0,0.0,0.0,0.0,0.0,0.0,0.0,0.011940298507462687,0.0,0.0,0.0,0.0,0.0,0.0,0.0,0.0,0.0,0.0,0.0,0.0,0.011940298507462687,0.0,0.014925373134328358,0.0,0.0,0.0,0.0,0.005970149253731343,0.029850746268656716,0.0029850746268656717,0.0,0.0,0.0,0.0,0.0,0.0,0.0,0.0,0.0,0.0,0.0,0.0,0.0,0.0,0.0,0.0,0.0,0.0,0.0,0.0,0.0,0.0,0.0029850746268656717,0.01791044776119403,0.0,0.0,0.0,0.0,0.03283582089552239,0.0,0.0,0.04477611940298507,0.0,0.0,0.0,0.0,0.0,0.0,0.0,0.0,0.0,0.014925373134328358,0.0,0.0,0.0,0.0,0.0
266 PRNc Prox1 Brs3 Gly-Gaba,0.0,0.0,0.0,0.0,0.0111731843575419,0.0,0.0,0.0,0.0,0.0,0.0,0.0,0.0,0.0,0.0,0.0,0.0,0.0,0.0,0.0,0.0,0.0,0.0,0.0,0.0,0.0,0.0,0.0,0.0,0.0,0.0,0.0,0.0,0.0,0.0,0.0,0.0,0.0,0.0,0.0,0.0,0.0,0.0,0.0,0.0,0.0,0.0,0.0,0.0,0.0,0.0,0.0,0.0,0.0,0.0,0.0,0.0,0.0,0.0,0.0,0.0,0.0,0.0,0.0,0.0,0.0,0.0,0.0,0.0,0.0,0.0,0.0,0.0,0.0,0.0,0.0,0.0,0.0,0.0,0.0,0.0,0.0223463687150838,0.0,0.0,0.0,0.0,0.0,0.0,0.0,0.0,0.0,0.0,0.0,0.0,0.0,0.0,0.0,0.0,0.0,0.0,0.0,0.0,0.0,0.18435754189944134,0.0,0.0,0.0,0.0,0.0,0.0,0.0,0.0,0.0,0.0,0.0,0.0,0.0,0.0,0.0,0.0,0.0,0.0,0.0,0.0,0.0,0.0,0.0,0.0,0.0,0.0,0.0,0.0,0.0,0.0,0.0,0.0,0.0,0.0,0.0,0.0,0.0,0.0,0.0,0.0,0.0,0.0,0.0,0.0,0.0,0.0223463687150838,0.0446927374301676,0.0,0.0,0.0,0.0,0.0,0.0,0.0,0.0,0.0,0.00558659217877095,0.0,0.0,0.0,0.0,0.0,0.0,0.0,0.0,0.12290502793296089,0.0,0.0,0.0,0.0,0.0,0.0,0.00558659217877095,0.0,0.0,0.0,0.00558659217877095,0.01675977653631285,0.0,0.0,0.0,0.0,0.0,0.0,0.0,0.0,0.0,0.0,0.0,0.0,0.0,0.0,0.0,0.0,0.0,0.0,0.0,0.0,0.0,0.0,0.0,0.0,0.0,0.0,0.4301675977653631,0.0223463687150838,0.0,0.0,0.0,0.0,0.0,0.0,0.0,0.0,0.0,0.0,0.0,0.0,0.0,0.0,0.0,0.0,0.0,0.0,0.0,0.0,0.0,0.0,0.0,0.0,0.0,0.0,0.0,0.0,0.0,0.0,0.0,0.0,0.0,0.0,0.0,0.0,0.0,0.0,0.0,0.0,0.0,0.0,0.0,0.0,0.0,0.0,0.0,0.0,0.0,0.0111731843575419,0.0,0.0,0.0,0.0,0.0,0.0,0.0,0.0,0.0,0.0,0.0,0.0,0.0,0.0,0.0,0.0,0.0,0.0,0.0,0.0,0.0,0.0,0.0,0.0,0.0,0.0,0.0,0.0,0.0,0.0,0.0,0.0,0.00558659217877095,0.0,0.0,0.0,0.0,0.0,0.0,0.0,0.0,0.0,0.0,0.0,0.0670391061452514,0.0,0.00558659217877095,0.0,0.0,0.0,0.0,0.0,0.0,0.0,0.0,0.0,0.0,0.0,0.0,0.0,0.0,0.0,0.0,0.0,0.0,0.0,0.0,0.0,0.0,0.0,0.0,0.0,0.0,0.0,0.0,0.0,0.0,0.0,0.0,0.0,0.0,0.0,0.0111731843575419,0.0,0.0,0.0,0.0,0.0,0.00558659217877095,0.0,0.0,0.0,0.0,0.0
267 CS-PRNr-PCG Tmem163 Otp Gaba,0.0,0.0,0.0,0.0,0.0,0.0,0.0,0.0,0.0,0.0,0.0,0.0,0.0,0.0,0.0,0.0,0.0,0.0,0.0,0.0,0.0,0.0,0.0,0.0,0.0,0.0,0.0,0.0,0.0,0.0,0.0,0.00644468313641246,0.0,0.0,0.0,0.0,0.0,0.0,0.0,0.0,0.0,0.0,0.0,0.0,0.0,0.0,0.0,0.0,0.0,0.0,0.22234156820622986,0.0,0.0,0.0,0.0,0.0,0.0,0.0,0.0,0.0,0.0,0.0,0.0010741138560687433,0.0,0.027926960257787327,0.0,0.0,0.0,0.0,0.0,0.0,0.0,0.0,0.0,0.0,0.0,0.0,0.0,0.0,0.0,0.0,0.0,0.0,0.0,0.0,0.0,0.0,0.0,0.0,0.0,0.0,0.0,0.0,0.0,0.0,0.0,0.0,0.0,0.0,0.0,0.0,0.0,0.05263157894736842,0.0,0.0,0.0,0.0,0.0,0.0,0.0,0.0,0.0,0.0,0.00966702470461869,0.0,0.0,0.0,0.0,0.0,0.0,0.0,0.0,0.0,0.0,0.0,0.0,0.0,0.0,0.0,0.0,0.0,0.061224489795918366,0.0,0.0,0.0,0.0,0.0,0.0,0.0,0.0,0.0,0.0,0.0,0.0,0.0,0.0,0.06337271750805586,0.0,0.0,0.0,0.0,0.0,0.0,0.0021482277121374865,0.0021482277121374865,0.0,0.0,0.0,0.0,0.0,0.0,0.0,0.0,0.0,0.0,0.0,0.0,0.0,0.0,0.12137486573576799,0.0,0.0,0.0,0.00644468313641246,0.0,0.0,0.0,0.0,0.0021482277121374865,0.0,0.0,0.05692803437164339,0.0,0.0,0.0,0.0,0.0,0.0,0.004296455424274973,0.0,0.0,0.0,0.0,0.0,0.0,0.0,0.0,0.0,0.0,0.0,0.0,0.0,0.03544575725026853,0.0,0.0,0.0,0.0,0.0,0.008592910848549946,0.2545649838882922,0.0,0.0,0.0,0.0,0.0,0.0,0.0,0.0,0.0,0.0,0.0,0.0,0.0,0.0,0.0,0.0,0.0,0.0,0.0,0.0,0.0,0.0,0.0,0.0,0.0,0.0,0.0,0.0,0.01611170784103115,0.0,0.0,0.0,0.0,0.0,0.0,0.0,0.0,0.0,0.0,0.0,0.0,0.0,0.0,0.0,0.0,0.0,0.0,0.0,0.0,0.004296455424274973,0.0,0.0,0.0,0.0,0.0,0.0,0.0,0.0,0.0,0.0,0.0,0.0,0.0,0.0,0.0,0.0,0.0,0.0,0.0,0.0,0.0,0.0,0.0,0.0,0.0021482277121374865,0.0,0.0,0.0,0.0,0.0,0.0,0.0,0.0,0.0,0.0,0.0,0.0,0.0,0.0,0.0,0.0,0.0,0.0,0.0,0.0,0.0021482277121374865,0.0,0.0,0.0,0.0,0.0,0.0,0.0,0.0,0.0,0.0,0.0,0.0,0.0,0.0,0.0,0.0,0.0,0.0,0.0,0.0,0.0,0.0,0.0010741138560687433,0.0,0.0,0.0,0.0,0.0,0.0,0.0,0.00322234156820623,0.0,0.00322234156820623,0.0,0.0,0.0,0.01288936627282492,0.0,0.0,0.0,0.0,0.0010741138560687433,0.011815252416756176,0.0,0.00322234156820623,0.0,0.0,0.0
268 CS-PRNr-DR En1 Sox2 Gaba,0.0,0.0,0.0,0.0,0.0,0.0,0.0,0.0,0.0,0.0,0.0,0.0,0.0,0.0,0.0,0.0,0.0,0.0,0.0,0.017041053446940357,0.0,0.0,0.037180480247869865,0.0,0.0,0.0,0.0,0.0,0.0,0.0,0.0,0.0,0.0,0.0,0.0,0.0,0.0,0.0,0.0,0.0,0.0,0.0,0.0,0.0,0.011618900077459334,0.0,0.0,0.0,0.0,0.0,0.049573973663826494,0.0,0.0,0.0,0.000774593338497289,0.0,0.0,0.0,0.0,0.0,0.0,0.0,0.010069713400464756,0.0,0.000774593338497289,0.0,0.0,0.0,0.0,0.0,0.0,0.0,0.0,0.0,0.0,0.0,0.0,0.0,0.0,0.0,0.0,0.0,0.0,0.0,0.0,0.0,0.0,0.0,0.0,0.0,0.0,0.0,0.011618900077459334,0.0,0.0,0.0,0.0038729666924864447,0.0,0.0,0.0,0.0,0.0,0.07358636715724244,0.0,0.0,0.0,0.0,0.0,0.0,0.0,0.0,0.0,0.0,0.01471727343144849,0.0,0.0,0.0,0.0,0.0,0.0,0.0,0.0,0.0,0.0,0.0,0.0,0.0,0.0,0.0,0.0,0.0,0.15491866769945778,0.0,0.0,0.0,0.0,0.0,0.0,0.0,0.0,0.0,0.0,0.0,0.0,0.0,0.0,0.0766847405112316,0.0,0.0,0.0,0.0,0.0,0.0,0.0,0.015491866769945779,0.0,0.0,0.0,0.0,0.0,0.0,0.0,0.0,0.0,0.0,0.0,0.0,0.0,0.0,0.06429124709527498,0.0,0.0,0.0,0.0627420604182804,0.0,0.0,0.0,0.0,0.021688613477924088,0.0,0.0,0.012393493415956624,0.0,0.0,0.0,0.0,0.0,0.0,0.0,0.0,0.0,0.0,0.0,0.0,0.0,0.0,0.0,0.000774593338497289,0.0,0.0,0.0,0.0,0.024012393493415957,0.0,0.0,0.0,0.0,0.0,0.000774593338497289,0.22075910147172734,0.0,0.0,0.0,0.0,0.0,0.0,0.0,0.0,0.0,0.0,0.0,0.0,0.0,0.0,0.0,0.0,0.0,0.0,0.0,0.0,0.0,0.0,0.0,0.0,0.0,0.0,0.0,0.0,0.0,0.0,0.0,0.0,0.0,0.0,0.0,0.0,0.0,0.0,0.0,0.0,0.0,0.0,0.0,0.0,0.0,0.0,0.0,0.0,0.0,0.001549186676994578,0.0,0.0,0.001549186676994578,0.0,0.0,0.0,0.0,0.0,0.0,0.0,0.0,0.0,0.0,0.0,0.0,0.0,0.0,0.0,0.0,0.0,0.0,0.0,0.0,0.0,0.0077459333849728895,0.0,0.0,0.0,0.0,0.0,0.0,0.0,0.000774593338497289,0.0,0.0,0.0,0.0,0.0,0.0,0.0,0.0,0.0,0.0,0.0,0.0,0.011618900077459334,0.0,0.0,0.0,0.0,0.0,0.0,0.0,0.0,0.0,0.0,0.0,0.0,0.0,0.0,0.0,0.0,0.0,0.0,0.0,0.0,0.0,0.001549186676994578,0.013168086754453912,0.0,0.0,0.0,0.0,0.0,0.000774593338497289,0.0,0.0,0.0,0.02865995352439969,0.0,0.0,0.0,0.017815646785437646,0.0,0.0,0.0,0.0,0.001549186676994578,0.0077459333849728895,0.0,0.020139426800929512,0.0,0.0,0.0
269 LDT Fgf7 Gaba,0.0,0.0,0.0,0.0,0.0,0.0,0.0,0.0,0.0,0.0,0.0,0.0,0.0,0.0,0.0,0.0,0.0,0.0,0.0,0.05357142857142857,0.0,0.0,0.0,0.0,0.0,0.0,0.0,0.0,0.0,0.0,0.0,0.0,0.0,0.0,0.0,0.0,0.0,0.0,0.0,0.0,0.0,0.0,0.0,0.0,0.0,0.0,0.0,0.0,0.0,0.0,0.0,0.0,0.0,0.0,0.0,0.0,0.0,0.0,0.0,0.0,0.0,0.0,0.0,0.0,0.0,0.0,0.0,0.0,0.0,0.0,0.0,0.0,0.0,0.0,0.0,0.0,0.0,0.0,0.0,0.0,0.0,0.0,0.0,0.0,0.0,0.0,0.0,0.0,0.0,0.0,0.0,0.0,0.0,0.0,0.0,0.0,0.0,0.0,0.0,0.0,0.0,0.0,0.0,0.0,0.0,0.0,0.0,0.0,0.0,0.0,0.0,0.0,0.0,0.09821428571428571,0.0,0.0,0.0,0.0,0.0,0.0,0.0,0.0,0.0,0.0,0.0,0.0,0.0,0.0,0.0,0.0,0.0,0.026785714285714284,0.0,0.0,0.0,0.0,0.0,0.0,0.0,0.0,0.0,0.0,0.0,0.0,0.0,0.0,0.0,0.0,0.0,0.0,0.0,0.0,0.0,0.0,0.0,0.0,0.0,0.0,0.0,0.0,0.0,0.0,0.0,0.0,0.0,0.0,0.0,0.0,0.0,0.026785714285714284,0.0,0.0,0.0,0.5089285714285714,0.0,0.0,0.0,0.0,0.0,0.0,0.0,0.125,0.0,0.0,0.0,0.0,0.0,0.0,0.0,0.0,0.0,0.0,0.0,0.0,0.0,0.0,0.0,0.0,0.0,0.0,0.0,0.0,0.08928571428571429,0.0,0.0,0.0,0.0,0.0,0.0,0.008928571428571428,0.0,0.0,0.0,0.0,0.0,0.0,0.0,0.0,0.0,0.0,0.0,0.0,0.0,0.0,0.0,0.0,0.0,0.0,0.0,0.0,0.0,0.0,0.0,0.0,0.0,0.0,0.0,0.0,0.0,0.0,0.0,0.0,0.0,0.0,0.0,0.0,0.0,0.0,0.0,0.0,0.0,0.0,0.0,0.0,0.0,0.0,0.0,0.0,0.0,0.0,0.0,0.0,0.0,0.0,0.0,0.0,0.0,0.0,0.0,0.0,0.0,0.0,0.0,0.0,0.0,0.0,0.0,0.0,0.0,0.0,0.0,0.0,0.0,0.0,0.0,0.0,0.0,0.0,0.0,0.0,0.0,0.0,0.0,0.0,0.0,0.0,0.0,0.0,0.0,0.03571428571428571,0.0,0.0,0.0,0.0,0.0,0.0,0.0,0.0,0.0,0.0,0.0,0.0,0.0,0.0,0.0,0.0,0.0,0.0,0.0,0.0,0.0,0.0,0.0,0.0,0.0,0.0,0.0,0.0,0.0,0.0,0.0,0.0,0.0,0.0,0.0,0.0,0.0,0.0,0.008928571428571428,0.0,0.0,0.0,0.008928571428571428,0.0,0.0,0.0,0.0,0.0,0.008928571428571428,0.0,0.0,0.0,0.0,0.0
270 LDT-DTN Gata3 Nfix Gaba,0.0,0.0,0.0,0.0,0.0,0.0,0.0,0.0,0.0,0.0,0.0,0.0,0.0,0.0,0.0,0.0,0.0,0.0011682242990654205,0.0,0.0,0.0,0.0,0.004672897196261682,0.0,0.0,0.0,0.0,0.0,0.0,0.0,0.0,0.0,0.0,0.0,0.0,0.0,0.0,0.0,0.0,0.0,0.0,0.0,0.0,0.0,0.0,0.0,0.0,0.0,0.0,0.0,0.05724299065420561,0.0,0.0,0.0,0.0,0.0,0.0,0.0,0.0,0.0,0.0,0.0,0.0011682242990654205,0.0,0.0689252336448598,0.0,0.0,0.0,0.0,0.0,0.0,0.0,0.0,0.0,0.0,0.0,0.0,0.0,0.0,0.0,0.0,0.0,0.0,0.0,0.0,0.0,0.0,0.0,0.0,0.0,0.0,0.0,0.0,0.0,0.0,0.0,0.002336448598130841,0.0,0.0,0.0,0.0,0.0,0.0,0.0,0.0,0.0,0.0,0.0,0.0,0.0,0.0,0.0,0.0,0.08761682242990654,0.0,0.0,0.0,0.0,0.0,0.0,0.0,0.0,0.0,0.0,0.0,0.0,0.0,0.0,0.0,0.0,0.0,0.05957943925233645,0.0,0.0,0.0,0.0,0.0,0.0,0.0,0.0,0.0,0.0,0.0,0.0,0.0,0.0,0.11682242990654206,0.0,0.0,0.0,0.0,0.0011682242990654205,0.0,0.007009345794392523,0.005841121495327103,0.0,0.0,0.0,0.0,0.0,0.0011682242990654205,0.0,0.0,0.0,0.0,0.0,0.0,0.0,0.0,0.12149532710280374,0.0,0.0,0.0,0.08644859813084112,0.0,0.0,0.0,0.0,0.0011682242990654205,0.0,0.0,0.2885514018691589,0.0,0.0,0.0,0.0,0.0,0.0,0.0,0.0,0.0,0.0,0.0,0.0,0.0,0.0,0.0,0.0,0.0,0.0,0.0,0.0,0.002336448598130841,0.0,0.0,0.0,0.0,0.0,0.002336448598130841,0.0035046728971962616,0.0,0.0,0.0,0.0,0.0,0.0,0.0,0.0,0.0,0.0,0.0,0.0,0.0,0.0,0.0,0.0,0.0,0.0,0.0,0.0,0.0,0.0,0.0,0.0,0.007009345794392523,0.0,0.0,0.0,0.0,0.0,0.0,0.0,0.0,0.0,0.0,0.0,0.0,0.0,0.0035046728971962616,0.0,0.0,0.0,0.0,0.0,0.0,0.0,0.0,0.0,0.0,0.0,0.0,0.0,0.0,0.0,0.0,0.0,0.0,0.0,0.0,0.0,0.0,0.0,0.0,0.0,0.0,0.0,0.0,0.0,0.0,0.0,0.0,0.0,0.0,0.0,0.0,0.0,0.0,0.0,0.0,0.0,0.0,0.0,0.002336448598130841,0.0,0.0,0.0,0.0,0.0,0.0,0.0,0.0,0.0,0.0,0.0,0.0,0.002336448598130841,0.0,0.0,0.0,0.0,0.0,0.0,0.0,0.0,0.0,0.0,0.0,0.0,0.0,0.0,0.0,0.0,0.0,0.0,0.0,0.0,0.0,0.0,0.0630841121495327,0.0,0.0,0.0,0.0,0.0,0.0,0.0,0.0,0.0,0.0011682242990654205,0.0,0.0,0.0,0.0,0.0,0.0,0.0,0.0,0.0,0.0,0.0,0.0,0.0,0.0,0.0
271 NI-RPO Gata3 Nr4a2 Gaba,0.0,0.0,0.0,0.0,0.0,0.0,0.0,0.0,0.0,0.0,0.0,0.0,0.0,0.0,0.0,0.0,0.0,0.0,0.0,0.0,0.0,0.0,0.0,0.0,0.0,0.0,0.0,0.0,0.0,0.0,0.0,0.0,0.0,0.0,0.0,0.0,0.0,0.0,0.0,0.0,0.0,0.0,0.0,0.0,0.0,0.0,0.0,0.0,0.0,0.0,0.04931972789115646,0.0,0.0,0.0,0.0,0.0,0.0,0.0,0.0,0.0,0.0,0.0,0.0,0.0,0.0,0.0,0.0,0.0,0.0,0.0,0.0,0.0,0.0,0.0,0.0,0.0,0.0,0.0,0.0,0.0,0.0,0.0,0.0,0.0,0.0,0.0,0.0,0.0,0.0,0.0,0.0,0.0,0.0,0.0,0.0,0.0,0.003401360544217687,0.0,0.0,0.0,0.0,0.0,0.008503401360544218,0.0,0.0,0.0,0.0,0.0,0.0,0.0,0.0,0.0,0.0,0.0,0.0,0.0,0.0,0.0,0.0,0.0,0.0,0.0,0.0,0.0,0.0,0.0,0.0,0.0,0.0,0.0,0.0,0.003401360544217687,0.0,0.0,0.0,0.0,0.0,0.0,0.0,0.0,0.0,0.0,0.0,0.0,0.0,0.0,0.0017006802721088435,0.0,0.0,0.0017006802721088435,0.0,0.0,0.0,0.24829931972789115,0.00510204081632653,0.0,0.0,0.0,0.0,0.0,0.0,0.0,0.0,0.0,0.0,0.0,0.0,0.0,0.0,0.09863945578231292,0.0,0.0,0.0,0.01020408163265306,0.0,0.0,0.0,0.0,0.0,0.0,0.0,0.18537414965986396,0.0,0.0,0.015306122448979591,0.0,0.0,0.0,0.03741496598639456,0.0,0.0,0.0,0.0,0.0,0.0,0.0,0.0,0.0,0.0,0.0,0.0,0.0,0.0,0.0,0.0,0.0,0.0,0.0,0.0663265306122449,0.09183673469387756,0.0,0.0,0.0,0.0,0.0,0.0,0.0,0.0,0.0,0.0,0.0,0.0,0.0,0.0,0.0,0.0,0.0,0.0,0.0,0.0,0.0,0.0,0.0,0.0,0.0,0.0,0.0,0.0,0.06802721088435375,0.0,0.0,0.0,0.0,0.0,0.0,0.0,0.0,0.0,0.0,0.0,0.0,0.0,0.0,0.008503401360544218,0.0,0.0,0.0,0.0,0.0017006802721088435,0.008503401360544218,0.0,0.0,0.0,0.0,0.0,0.0,0.0,0.0,0.0,0.0,0.0,0.0,0.0,0.0,0.0,0.0,0.0,0.0,0.0,0.0,0.0,0.0,0.0,0.0,0.0,0.0,0.0,0.0,0.0,0.0,0.0,0.0,0.07482993197278912,0.0,0.0,0.0,0.0,0.0,0.0,0.00510204081632653,0.0,0.0,0.0,0.0,0.0,0.0,0.0,0.0,0.0,0.0,0.0,0.0,0.0,0.0,0.0,0.0,0.0,0.0,0.0,0.0,0.0,0.0,0.0,0.0,0.0,0.0,0.0,0.0,0.0,0.0,0.0,0.0,0.0,0.0,0.0,0.0,0.0,0.0,0.0,0.0,0.0,0.0,0.003401360544217687,0.0,0.0,0.0,0.0,0.0,0.0017006802721088435,0.0,0.0017006802721088435,0.0,0.0,0.0
272 LDT-PCG-CS Gata3 Lhx1 Gaba,0.0,0.0,0.0,0.0,0.0,0.0,0.0,0.0,0.0,0.0,0.0,0.0,0.0,0.0,0.0,0.0,0.0,0.0,0.0,0.01696969696969697,0.0,0.0,0.009696969696969697,0.0,0.0,0.0,0.0,0.0,0.0,0.0,0.0,0.0024242424242424242,0.0,0.0,0.0,0.0,0.0,0.0,0.0,0.0012121212121212121,0.0,0.0,0.0,0.0,0.0,0.0,0.0,0.0,0.0,0.0,0.10909090909090909,0.0,0.0,0.0,0.0,0.0,0.0,0.0,0.0,0.0,0.0,0.0,0.0,0.0,0.008484848484848486,0.0,0.0,0.0,0.0,0.0,0.0,0.0,0.0,0.0,0.0,0.0,0.0,0.0,0.0,0.0,0.0,0.0,0.0,0.0,0.0,0.0,0.0,0.0,0.0,0.0,0.0,0.0,0.0012121212121212121,0.0,0.0,0.0,0.0012121212121212121,0.0,0.0,0.0,0.0,0.0,0.012121212121212121,0.0,0.0,0.0,0.0,0.0,0.0,0.0,0.0,0.0,0.0,0.10909090909090909,0.0,0.0,0.0,0.0,0.0,0.0,0.0,0.0,0.0,0.0,0.0,0.0,0.0,0.0,0.0,0.0,0.0,0.030303030303030304,0.0,0.0,0.0,0.0,0.0,0.0,0.0,0.0,0.0,0.0,0.0,0.0,0.0,0.0,0.05333333333333334,0.0,0.0,0.0012121212121212121,0.0,0.0,0.0,0.01818181818181818,0.0012121212121212121,0.0,0.0,0.0012121212121212121,0.0,0.0,0.0,0.0,0.0,0.0,0.0,0.0,0.0,0.0,0.0,0.13333333333333333,0.0,0.0,0.0,0.06787878787878789,0.0,0.0,0.0,0.0,0.012121212121212121,0.0,0.0,0.16606060606060605,0.0,0.0,0.0,0.0,0.0,0.0,0.0,0.0,0.0,0.0,0.0,0.0,0.0,0.0,0.0,0.0012121212121212121,0.0,0.0,0.0,0.0,0.006060606060606061,0.0,0.0,0.0,0.0,0.0,0.019393939393939394,0.15272727272727274,0.0,0.0,0.0,0.0,0.0,0.0,0.0,0.0,0.0,0.0,0.0,0.0,0.0,0.0,0.0,0.0,0.0,0.0,0.0,0.0,0.0,0.0,0.0,0.0,0.0,0.0,0.0,0.0,0.014545454545454545,0.0,0.0,0.0,0.0,0.0,0.0,0.0,0.0,0.0,0.0024242424242424242,0.0,0.0,0.0,0.0,0.0,0.0,0.0,0.0,0.0,0.0,0.0048484848484848485,0.0,0.0,0.0,0.0,0.0,0.0,0.0,0.0,0.0,0.0,0.0,0.0,0.0,0.0,0.0,0.0,0.0,0.0,0.0,0.0,0.0,0.0,0.0,0.0,0.007272727272727273,0.0,0.0,0.0,0.0,0.0,0.0,0.0,0.0,0.0,0.0,0.0,0.0,0.0,0.0,0.0024242424242424242,0.0,0.0,0.0,0.0,0.0,0.0,0.0,0.0,0.0,0.0,0.0,0.0,0.0,0.0,0.0,0.0,0.0,0.0,0.0,0.0,0.0,0.0,0.0,0.0,0.0,0.0,0.0,0.0,0.0,0.0,0.0,0.0,0.0,0.0,0.0,0.0,0.0048484848484848485,0.0,0.01818181818181818,0.0,0.0,0.0,0.0012121212121212121,0.0,0.0,0.0,0.0,0.0,0.0036363636363636364,0.0,0.0048484848484848485,0.0,0.0,0.0
273 PDTg-PCG Pax6 Gaba,0.0,0.0,0.0,0.0,0.0,0.0,0.0,0.0,0.0,0.0,0.0,0.0,0.0,0.0,0.0,0.0,0.0,0.0,0.0,0.0049261083743842365,0.0,0.0,0.0,0.0,0.0,0.0,0.0,0.0,0.0,0.0,0.0,0.0,0.0,0.0,0.0,0.0,0.0,0.0,0.0,0.0,0.0,0.0,0.0,0.0,0.0,0.0,0.0,0.0,0.0,0.0,0.11576354679802955,0.0,0.0,0.0,0.0,0.0,0.0,0.0,0.0,0.0,0.0,0.0,0.003694581280788177,0.0,0.007389162561576354,0.0,0.0,0.0,0.0,0.0,0.0,0.0,0.0,0.0,0.0,0.0,0.0,0.0,0.0,0.0,0.0,0.0,0.0,0.0,0.0,0.0,0.0,0.0,0.0,0.0,0.0,0.0,0.0012315270935960591,0.0,0.0,0.0,0.0012315270935960591,0.0,0.0,0.0,0.0,0.0,0.04433497536945813,0.0,0.0,0.0,0.0,0.0,0.0,0.0,0.0,0.0,0.0,0.022167487684729065,0.0,0.0,0.0,0.0,0.0,0.0,0.0,0.0,0.0,0.0,0.0,0.0,0.0,0.0,0.0,0.0,0.0,0.0024630541871921183,0.0,0.0,0.0,0.0,0.0,0.0,0.0,0.0,0.0,0.0,0.0,0.0,0.0,0.0,0.0024630541871921183,0.0,0.0,0.0,0.0,0.0,0.0,0.022167487684729065,0.0012315270935960591,0.0,0.0,0.0,0.0,0.0,0.0,0.0,0.0,0.0,0.0,0.0,0.0,0.0,0.0,0.04187192118226601,0.0,0.0,0.0,0.024630541871921183,0.0,0.0,0.0,0.0,0.0,0.0,0.0,0.4408866995073892,0.0,0.0,0.20073891625615764,0.0,0.0,0.0,0.023399014778325122,0.0,0.0,0.0,0.0,0.0,0.0,0.0,0.0,0.0012315270935960591,0.0,0.0,0.0,0.0,0.0024630541871921183,0.0,0.0,0.0,0.0,0.0,0.0,0.003694581280788177,0.0,0.0,0.0,0.0,0.0,0.0,0.0,0.0,0.0,0.0,0.0,0.0,0.0,0.0,0.0,0.0,0.0,0.0,0.0,0.0,0.0,0.0,0.0,0.0,0.0,0.0,0.0,0.0,0.022167487684729065,0.0,0.0,0.0,0.0,0.0,0.0,0.0,0.0,0.0,0.0,0.0,0.0,0.0,0.0,0.0,0.0,0.0,0.0,0.0,0.0,0.0,0.0,0.0,0.0,0.0,0.0,0.0,0.0,0.0,0.0,0.0,0.0,0.0,0.0,0.0,0.0,0.0,0.0,0.0,0.0,0.0,0.0,0.0,0.0,0.0,0.0,0.0,0.0,0.0,0.0,0.0,0.0,0.0,0.0,0.0,0.0,0.0,0.0,0.0,0.0,0.006157635467980296,0.0,0.0,0.0,0.0,0.0,0.0,0.0,0.0,0.0,0.0,0.0,0.0,0.0,0.0,0.0,0.0,0.0,0.0,0.0,0.0,0.0,0.0,0.0,0.0,0.0,0.0,0.0,0.0,0.0,0.0,0.0,0.0,0.0,0.0,0.0,0.0,0.0,0.0,0.0,0.0,0.0,0.0,0.0012315270935960591,0.0,0.0,0.0,0.0,0.0,0.0024630541871921183,0.0,0.0,0.0,0.0,0.0
274 PDTg Otp Shroom3 Gaba,0.0,0.0,0.0,0.0,0.0,0.0,0.0,0.0,0.0,0.0,0.0,0.0,0.0,0.0,0.0,0.0,0.0,0.0,0.0,0.0,0.0,0.0,0.0,0.0,0.0,0.0,0.0,0.0,0.0,0.0,0.0,0.0,0.0,0.0,0.0,0.0,0.0,0.0,0.0,0.0,0.0,0.0,0.0,0.0,0.0,0.0,0.0,0.0,0.0,0.0,0.0,0.0,0.0,0.0,0.0,0.0,0.0,0.0,0.0,0.0,0.0,0.0,0.0,0.0,0.0196078431372549,0.0,0.0,0.0,0.0,0.0,0.0,0.0,0.0,0.0,0.0,0.0,0.0,0.0,0.0,0.0,0.0,0.0,0.0,0.0,0.0,0.0,0.0,0.0,0.0,0.0,0.0,0.0,0.0,0.0,0.0,0.0,0.0,0.0,0.0,0.0,0.0,0.0,0.0,0.0,0.0,0.0,0.0,0.0,0.0,0.0,0.0,0.0,0.0,0.0,0.0,0.0,0.0,0.0,0.0,0.0,0.0,0.0,0.0,0.0,0.0,0.0,0.0,0.0,0.0,0.0,0.0,0.0,0.0,0.0,0.0,0.0,0.0,0.0,0.0,0.0,0.0,0.0,0.0,0.0,0.0,0.0,0.0,0.0,0.0,0.0,0.0,0.0,0.0,0.0,0.0,0.0,0.0,0.0,0.0,0.0,0.0,0.0,0.0,0.0,0.0,0.0,0.0,0.0,0.0,0.0,0.0,0.0,0.0,0.0,0.0,0.0,0.0,0.0,0.0,0.0,0.0,0.9607843137254902,0.0,0.0,0.0196078431372549,0.0,0.0,0.0,0.0,0.0,0.0,0.0,0.0,0.0,0.0,0.0,0.0,0.0,0.0,0.0,0.0,0.0,0.0,0.0,0.0,0.0,0.0,0.0,0.0,0.0,0.0,0.0,0.0,0.0,0.0,0.0,0.0,0.0,0.0,0.0,0.0,0.0,0.0,0.0,0.0,0.0,0.0,0.0,0.0,0.0,0.0,0.0,0.0,0.0,0.0,0.0,0.0,0.0,0.0,0.0,0.0,0.0,0.0,0.0,0.0,0.0,0.0,0.0,0.0,0.0,0.0,0.0,0.0,0.0,0.0,0.0,0.0,0.0,0.0,0.0,0.0,0.0,0.0,0.0,0.0,0.0,0.0,0.0,0.0,0.0,0.0,0.0,0.0,0.0,0.0,0.0,0.0,0.0,0.0,0.0,0.0,0.0,0.0,0.0,0.0,0.0,0.0,0.0,0.0,0.0,0.0,0.0,0.0,0.0,0.0,0.0,0.0,0.0,0.0,0.0,0.0,0.0,0.0,0.0,0.0,0.0,0.0,0.0,0.0,0.0,0.0,0.0,0.0,0.0,0.0,0.0,0.0,0.0,0.0,0.0,0.0,0.0,0.0,0.0,0.0,0.0,0.0,0.0,0.0,0.0,0.0,0.0,0.0,0.0,0.0,0.0,0.0,0.0,0.0,0.0,0.0,0.0,0.0,0.0,0.0,0.0,0.0,0.0,0.0,0.0,0.0,0.0,0.0,0.0
275 PDTg Otp Olig3 Gaba,0.0,0.0,0.0,0.0,0.0,0.0,0.0,0.0,0.0,0.0,0.0,0.0,0.0,0.0,0.0,0.0,0.0,0.0,0.0,0.0,0.0,0.0,0.0,0.0,0.0,0.0,0.0,0.0,0.0,0.0,0.0,0.0,0.0,0.0,0.0,0.0,0.0,0.0,0.0,0.0,0.0,0.0,0.0,0.0,0.0,0.0,0.0,0.0,0.0,0.0,0.006578947368421052,0.0,0.0,0.0,0.0,0.0,0.0,0.0,0.0,0.0,0.0,0.0,0.0,0.0,0.0,0.0,0.0,0.0,0.0,0.0,0.0,0.0,0.0,0.0,0.0,0.0,0.0,0.0,0.0,0.0,0.0,0.0,0.0,0.0,0.0,0.0,0.0,0.0,0.0,0.0,0.0,0.0,0.0,0.0,0.0,0.0,0.0,0.0,0.0,0.0,0.0,0.0,0.006578947368421052,0.0,0.0,0.0,0.0,0.0,0.0,0.0,0.0,0.0,0.0,0.0,0.0,0.0,0.0,0.0,0.0,0.0,0.0,0.0,0.0,0.0,0.0,0.0,0.0,0.0,0.0,0.0,0.0,0.0,0.0,0.0,0.0,0.0,0.0,0.0,0.0,0.0,0.0,0.0,0.0,0.0,0.0,0.0,0.0,0.0,0.0,0.0,0.0,0.0,0.0,0.006578947368421052,0.0,0.0,0.0,0.0,0.0,0.0,0.0,0.0,0.0,0.0,0.0,0.0,0.0,0.0,0.0,0.0,0.0,0.0,0.0,0.0,0.0,0.0,0.0,0.0,0.0,0.0,0.0,0.9539473684210527,0.0,0.0,0.019736842105263157,0.0,0.0,0.0,0.0,0.0,0.0,0.0,0.0,0.0,0.0,0.0,0.0,0.0,0.0,0.0,0.0,0.0,0.0,0.0,0.0,0.0,0.0,0.0,0.0,0.0,0.0,0.0,0.0,0.0,0.0,0.0,0.0,0.0,0.0,0.0,0.0,0.0,0.0,0.0,0.0,0.0,0.0,0.0,0.0,0.0,0.0,0.0,0.0,0.0,0.0,0.0,0.0,0.0,0.006578947368421052,0.0,0.0,0.0,0.0,0.0,0.0,0.0,0.0,0.0,0.0,0.0,0.0,0.0,0.0,0.0,0.0,0.0,0.0,0.0,0.0,0.0,0.0,0.0,0.0,0.0,0.0,0.0,0.0,0.0,0.0,0.0,0.0,0.0,0.0,0.0,0.0,0.0,0.0,0.0,0.0,0.0,0.0,0.0,0.0,0.0,0.0,0.0,0.0,0.0,0.0,0.0,0.0,0.0,0.0,0.0,0.0,0.0,0.0,0.0,0.0,0.0,0.0,0.0,0.0,0.0,0.0,0.0,0.0,0.0,0.0,0.0,0.0,0.0,0.0,0.0,0.0,0.0,0.0,0.0,0.0,0.0,0.0,0.0,0.0,0.0,0.0,0.0,0.0,0.0,0.0,0.0,0.0,0.0,0.0,0.0,0.0,0.0,0.0,0.0,0.0,0.0,0.0,0.0,0.0,0.0,0.0,0.0,0.0,0.0,0.0,0.0,0.0,0.0,0.0,0.0
276 LDT-PCG St18 Gaba,0.0,0.0,0.0,0.0,0.0,0.0,0.0,0.0,0.0,0.0,0.0,0.0,0.0,0.0,0.0,0.0,0.0,0.0,0.0,0.005405405405405406,0.0,0.0,0.0,0.0,0.0,0.0,0.0,0.0,0.0,0.0,0.0,0.0,0.0,0.0,0.0,0.0,0.0,0.0,0.0,0.0,0.0,0.0,0.0,0.0,0.0,0.0,0.0,0.0,0.0,0.0,0.021621621621621623,0.0,0.0,0.0,0.005405405405405406,0.0,0.0,0.0,0.0,0.0,0.0,0.0,0.002702702702702703,0.0,0.04864864864864865,0.0,0.0,0.0,0.0,0.0,0.0,0.0,0.0,0.0,0.0,0.0,0.0,0.0,0.0,0.0,0.0,0.0,0.0,0.0,0.0,0.0,0.0,0.0,0.0,0.0,0.0,0.0,0.0,0.0,0.0,0.0,0.002702702702702703,0.0,0.0,0.0,0.0,0.0,0.0,0.0,0.0,0.0,0.0,0.0,0.0,0.0,0.0,0.0,0.0,0.21081081081081082,0.0,0.0,0.0,0.0,0.0,0.0,0.0,0.0,0.0,0.0,0.0,0.0,0.0,0.0,0.0,0.0,0.0,0.024324324324324326,0.0,0.0,0.0,0.0,0.0,0.0,0.0,0.0,0.0,0.0,0.0,0.0,0.0,0.0,0.03783783783783784,0.0,0.0,0.002702702702702703,0.0,0.0,0.0,0.02972972972972973,0.0,0.0,0.0,0.0,0.0,0.0,0.0,0.0,0.0,0.0,0.0,0.0,0.0,0.0,0.0,0.05405405405405406,0.0,0.0,0.0,0.14864864864864866,0.0,0.0,0.0,0.0,0.002702702702702703,0.0,0.0,0.33513513513513515,0.0,0.0,0.0,0.0,0.0,0.0,0.0,0.0,0.0,0.0,0.0,0.0,0.0,0.0,0.0,0.0,0.0,0.0,0.0,0.0,0.002702702702702703,0.0,0.0,0.0,0.0,0.0,0.013513513513513514,0.013513513513513514,0.0,0.0,0.0,0.0,0.0,0.0,0.0,0.0,0.0,0.0,0.0,0.0,0.0,0.0,0.0,0.0,0.0,0.0,0.0,0.0,0.0,0.0,0.0,0.0,0.0,0.0,0.0,0.0,0.002702702702702703,0.0,0.0,0.0,0.0,0.0,0.0,0.0,0.0,0.0,0.0,0.0,0.0,0.0,0.0,0.0,0.0,0.0,0.0,0.0,0.005405405405405406,0.008108108108108109,0.0,0.0,0.0,0.0,0.0,0.0,0.0,0.0,0.0,0.0,0.0,0.0,0.0,0.0,0.0,0.0,0.0,0.0,0.0,0.0,0.0,0.0,0.0,0.0,0.0,0.0,0.0,0.0,0.0,0.0,0.0,0.0,0.0,0.0,0.0,0.0,0.0,0.0,0.0,0.008108108108108109,0.0,0.0,0.0,0.0,0.0,0.0,0.0,0.0,0.0,0.0,0.0,0.0,0.0,0.0,0.0,0.0,0.0,0.0,0.0,0.0,0.0,0.0,0.0,0.0,0.0,0.0,0.0,0.0,0.0,0.0,0.0,0.0,0.0,0.0,0.0,0.0,0.0,0.0,0.010810810810810811,0.0,0.0,0.0,0.0,0.0,0.0,0.0,0.0,0.0,0.0,0.0,0.002702702702702703,0.0,0.0,0.0
277 DTN-LDT-IPN Otp Pax3 Gaba,0.0,0.0,0.0,0.0,0.0,0.0,0.0,0.0,0.0,0.0,0.0,0.0,0.0,0.0,0.0,0.0,0.0,0.0,0.0,0.0,0.0,0.0,0.0,0.0,0.0,0.0,0.0,0.0,0.0,0.0,0.0,0.0,0.0,0.0,0.0,0.0,0.0,0.0,0.0,0.000496031746031746,0.0,0.0,0.0,0.0,0.0,0.0,0.0,0.0,0.0,0.0,0.10912698412698413,0.0,0.0,0.0,0.0,0.0,0.0,0.0,0.0,0.0,0.0,0.0,0.00496031746031746,0.0,0.1984126984126984,0.0,0.0,0.0,0.0,0.0,0.0,0.0,0.0,0.0,0.0,0.0,0.0,0.0,0.0,0.0,0.0,0.0,0.0,0.0,0.0,0.0,0.0,0.0,0.0,0.0,0.0,0.0,0.0,0.0,0.0,0.0,0.003472222222222222,0.0,0.0,0.0,0.0,0.0,0.26686507936507936,0.0,0.0,0.0,0.0,0.0,0.0,0.0,0.0,0.0,0.0,0.044642857142857144,0.0,0.0,0.0,0.0,0.0,0.0,0.0,0.0,0.0,0.0,0.0,0.0,0.0,0.0,0.0,0.0,0.0,0.052083333333333336,0.0,0.0,0.0,0.0,0.0,0.0,0.0,0.010912698412698412,0.0,0.0,0.0,0.0,0.0,0.0,0.023313492063492064,0.0,0.0,0.000496031746031746,0.0,0.0,0.0,0.0248015873015873,0.0,0.0,0.0,0.0,0.0,0.0,0.0,0.0,0.0,0.0,0.0,0.0,0.0,0.0,0.0,0.04712301587301587,0.0,0.0,0.0,0.003968253968253968,0.0,0.0,0.0,0.0,0.0,0.0,0.0,0.13442460317460317,0.0,0.0,0.00248015873015873,0.0,0.0,0.0,0.013392857142857142,0.0,0.0,0.0,0.0,0.0,0.0,0.0,0.0,0.0,0.0,0.0,0.0,0.0,0.00744047619047619,0.0,0.0,0.0,0.0,0.0,0.000992063492063492,0.005952380952380952,0.0,0.0,0.0,0.0,0.0,0.0,0.0,0.0,0.0,0.0,0.0,0.0,0.0,0.0,0.0,0.0,0.0,0.0,0.0,0.0,0.0,0.0,0.0,0.0,0.0,0.0,0.0,0.0,0.01240079365079365,0.0,0.0,0.0,0.0,0.0,0.0,0.0,0.0,0.0,0.0,0.0,0.0,0.0,0.0,0.0,0.0,0.0,0.0,0.0,0.0,0.000496031746031746,0.0,0.0,0.0,0.0,0.0,0.0,0.0,0.0,0.0,0.0,0.0,0.0,0.0,0.0,0.0,0.0,0.0,0.0,0.0,0.0,0.0,0.0,0.0,0.022321428571428572,0.0,0.0,0.0,0.0,0.0,0.0,0.0,0.0,0.0,0.0,0.0,0.0,0.0,0.0,0.0,0.000496031746031746,0.0,0.0,0.0,0.0,0.0,0.0,0.0,0.0,0.0,0.0,0.0,0.0,0.0,0.0,0.0,0.0,0.0,0.0,0.0,0.0,0.0,0.0,0.0,0.0,0.0,0.0,0.0,0.0,0.001488095238095238,0.0,0.0,0.0,0.0,0.0,0.0,0.0,0.003472222222222222,0.0,0.000496031746031746,0.0,0.0,0.0,0.0,0.0,0.0,0.0,0.0,0.001488095238095238,0.001488095238095238,0.0,0.000496031746031746,0.0,0.0,0.0
278 NLL Gata3 Gly-Gaba,0.0,0.0,0.0,0.0,0.0,0.0,0.0,0.0,0.0,0.0,0.0,0.0,0.0002653927813163482,0.0,0.0,0.0,0.0,0.0,0.0,0.0,0.0,0.0,0.0,0.0,0.0,0.0,0.0,0.0,0.0,0.0,0.0,0.0,0.0,0.0,0.0,0.0,0.0,0.0,0.0,0.007696390658174098,0.0,0.0,0.0,0.0,0.0,0.0,0.0,0.0,0.0,0.0,0.004246284501061571,0.0,0.0,0.0005307855626326964,0.0034501061571125266,0.0,0.0,0.0,0.0,0.0,0.0,0.0,0.0,0.0,0.0,0.0,0.0,0.0,0.0,0.0,0.0,0.0,0.0,0.0,0.0,0.0,0.0,0.0,0.0,0.0,0.0,0.014596602972399151,0.0,0.0,0.0,0.0,0.0,0.0,0.0,0.0,0.0005307855626326964,0.0007961783439490446,0.0,0.0,0.0,0.0,0.0,0.0,0.0,0.0,0.0,0.0005307855626326964,0.0,0.008227176220806794,0.0,0.0,0.0,0.0,0.0,0.0,0.0018577494692144374,0.0,0.0,0.0,0.0,0.0,0.0,0.0,0.0,0.0,0.0,0.0,0.0,0.0007961783439490446,0.0,0.0,0.0,0.0,0.0,0.0,0.0050424628450106155,0.008492569002123142,0.0,0.0,0.0,0.0,0.0,0.0,0.0,0.0,0.0,0.0,0.0,0.0,0.0,0.0,0.01326963906581741,0.0,0.0,0.0050424628450106155,0.04909766454352442,0.0,0.0,0.0,0.1998407643312102,0.0,0.0,0.0,0.0,0.0005307855626326964,0.07829087048832271,0.0005307855626326964,0.0,0.0,0.0,0.0,0.0,0.0,0.0,0.1403927813163482,0.001326963906581741,0.0,0.0,0.0021231422505307855,0.0,0.0,0.010084925690021231,0.0,0.001326963906581741,0.0,0.02335456475583864,0.0002653927813163482,0.0,0.0,0.0,0.0,0.0,0.0,0.0002653927813163482,0.0,0.0023885350318471337,0.0,0.0,0.0,0.0,0.0,0.0,0.0,0.0,0.0,0.0,0.0,0.001326963906581741,0.0,0.0002653927813163482,0.0,0.0,0.0,0.019639065817409766,0.012738853503184714,0.0,0.0,0.0,0.0,0.024681528662420384,0.0,0.0,0.0,0.0,0.0,0.0,0.0,0.0,0.0,0.0,0.0,0.0,0.0,0.0,0.0,0.0,0.0,0.0,0.0007961783439490446,0.001326963906581741,0.0,0.0,0.0,0.0002653927813163482,0.0005307855626326964,0.0,0.0002653927813163482,0.0,0.0,0.0,0.0,0.0,0.0,0.0005307855626326964,0.0002653927813163482,0.0,0.0,0.0,0.0,0.0,0.0,0.0,0.0,0.0,0.0,0.0,0.0,0.0,0.0,0.14225053078556263,0.0,0.0,0.0,0.0023885350318471337,0.0,0.0021231422505307855,0.01326963906581741,0.0,0.0,0.0,0.0,0.0,0.0,0.0,0.0,0.0,0.0,0.0,0.0,0.0002653927813163482,0.0,0.0,0.0,0.0,0.0,0.0,0.0,0.0005307855626326964,0.0,0.0,0.0,0.0,0.0005307855626326964,0.0,0.0002653927813163482,0.0,0.0,0.0,0.0,0.007961783439490446,0.05865180467091295,0.0,0.0,0.0,0.0,0.0,0.0,0.0,0.0,0.0,0.0,0.0,0.0,0.0,0.0,0.0,0.0,0.0,0.0,0.0,0.0,0.0,0.0,0.0002653927813163482,0.0,0.016454352441613588,0.0,0.0,0.0,0.001326963906581741,0.0002653927813163482,0.00583864118895966,0.0,0.07908704883227176,0.0,0.0,0.0034501061571125266,0.0002653927813163482,0.0,0.0,0.0,0.0,0.0,0.014861995753715499,0.0,0.0007961783439490446,0.001326963906581741,0.0,0.0
279 PSV Pax2 Gly-Gaba,0.0,0.0,0.0,0.0,0.0,0.0,0.0,0.0,0.0,0.0,0.0,0.0,0.0,0.0,0.0,0.0,0.0,0.0,0.0,0.0,0.0,0.0,0.0,0.0,0.0,0.0,0.0,0.0,0.0,0.0,0.0,0.0,0.0,0.0,0.0,0.0,0.0,0.0,0.0,0.0,0.0,0.0,0.0,0.0,0.0,0.0,0.0,0.0,0.0,0.0,0.0,0.0,0.0,0.0,0.0,0.004166666666666667,0.0,0.0,0.0,0.0,0.0,0.0,0.0,0.0,0.0,0.0,0.0,0.0,0.0,0.0,0.0,0.0,0.0,0.0,0.004166666666666667,0.0,0.0,0.0,0.0,0.0,0.0,0.0,0.0,0.0,0.0,0.0,0.0,0.0,0.0,0.0,0.0,0.0,0.0,0.0,0.0,0.0,0.0,0.0,0.0,0.0,0.0,0.0,0.0,0.0,0.0,0.0,0.0,0.0,0.0,0.0,0.004166666666666667,0.0,0.0,0.0,0.0,0.0,0.0,0.0,0.0,0.0,0.0,0.0,0.0,0.0,0.0,0.0,0.0,0.0,0.0,0.0,0.0,0.0,0.0,0.0,0.0,0.0,0.0,0.0,0.0,0.0,0.0,0.0,0.0,0.0,0.0,0.0,0.0,0.0,0.0,0.0,0.041666666666666664,0.0,0.0,0.0,0.0,0.0,0.0,0.0,0.0,0.0,0.0,0.0,0.0,0.0,0.0,0.0,0.0,0.0,0.0,0.075,0.0,0.0,0.0,0.0,0.0,0.0,0.0,0.0,0.0375,0.0,0.0,0.0,0.0,0.0,0.0,0.0,0.0,0.0,0.0,0.0,0.0,0.0,0.0,0.0,0.0,0.0,0.0,0.0,0.0,0.0,0.0,0.0,0.0,0.0,0.0,0.0,0.0,0.0,0.004166666666666667,0.0,0.0,0.0,0.0,0.0,0.6666666666666666,0.0,0.0,0.0,0.0,0.0,0.0,0.0,0.0,0.0,0.0,0.0,0.0,0.0,0.0,0.0,0.0,0.0,0.0,0.0,0.0,0.0,0.0,0.0,0.0,0.0,0.0,0.0,0.0,0.0,0.0,0.0,0.0,0.0,0.0,0.0,0.0,0.0,0.0,0.0,0.0,0.0,0.0,0.0,0.0,0.0,0.0,0.0,0.0,0.0,0.0,0.0,0.0,0.0,0.0,0.0,0.0,0.029166666666666667,0.0,0.0,0.0,0.0,0.0,0.0,0.0,0.0,0.0,0.0,0.0,0.0,0.0,0.0,0.0,0.0,0.0,0.0,0.0,0.0,0.0,0.0,0.0,0.0,0.0,0.0,0.0,0.0,0.0,0.0,0.016666666666666666,0.0,0.004166666666666667,0.0125,0.0,0.0,0.0,0.0,0.0,0.0,0.0,0.0,0.0,0.0,0.0,0.0,0.0,0.0,0.0,0.0,0.0,0.0,0.0,0.0,0.0,0.0,0.0,0.0,0.075,0.0,0.0,0.0,0.0,0.008333333333333333,0.0,0.0,0.0125,0.0,0.0,0.0,0.0,0.0,0.0,0.0,0.0,0.0,0.004166666666666667,0.0,0.0,0.0,0.0,0.0
280 NLL-po Pax7 Gaba,0.0,0.0,0.0,0.0,0.0,0.0,0.0,0.0,0.0,0.0,0.0,0.0,0.0,0.0,0.0,0.0,0.0,0.0,0.0,0.0,0.0,0.0,0.0,0.0,0.0,0.0,0.0,0.0,0.0,0.0,0.0,0.0,0.0,0.0,0.0,0.0,0.0,0.0,0.0,0.028688524590163935,0.0,0.0,0.0,0.0,0.0,0.0,0.0,0.0,0.0,0.0,0.0,0.0,0.0,0.13524590163934427,0.06967213114754098,0.0,0.0,0.0,0.0,0.0,0.0,0.0,0.0,0.0,0.0,0.0,0.0,0.0,0.0,0.0,0.0,0.0,0.0,0.0,0.0,0.0,0.0,0.0,0.0,0.0,0.0,0.0,0.0,0.0,0.0,0.0,0.0,0.0,0.0,0.0,0.0,0.0,0.0,0.0,0.0,0.0,0.0,0.0,0.0,0.0,0.0,0.0,0.0,0.0,0.0,0.0,0.0,0.0,0.0,0.0,0.0,0.0,0.0,0.0,0.0,0.0,0.0,0.0,0.0,0.0,0.0,0.0,0.0,0.0,0.0,0.0,0.0,0.0,0.0,0.0,0.0,0.02459016393442623,0.0,0.0,0.0,0.0,0.0,0.0,0.0,0.0,0.0,0.0,0.0,0.0,0.0,0.0,0.0,0.0,0.0,0.0,0.0,0.0,0.0,0.0,0.3073770491803279,0.0,0.0,0.0,0.0,0.0,0.0,0.0,0.0,0.0,0.0,0.0,0.0,0.0,0.0,0.06147540983606557,0.0,0.0,0.0,0.0,0.0,0.0,0.0,0.0,0.020491803278688523,0.0,0.0,0.0,0.0,0.0,0.0,0.0,0.0,0.0,0.0,0.0,0.0,0.0,0.0,0.0,0.0,0.0,0.0,0.0,0.0,0.0,0.0,0.0,0.00819672131147541,0.0,0.0,0.0,0.0,0.0,0.0,0.0,0.0,0.0,0.0,0.0,0.0,0.0,0.0,0.0,0.0,0.0,0.0,0.0,0.0,0.0,0.0,0.0,0.0,0.0,0.0,0.0,0.0,0.0,0.0,0.0,0.0,0.0,0.0,0.0,0.0,0.0,0.0,0.0,0.0,0.0,0.0,0.0,0.0,0.0,0.0,0.0,0.0,0.0,0.0,0.0,0.0,0.0,0.0,0.0,0.0,0.0,0.0,0.0,0.0,0.0,0.0,0.0,0.0,0.0,0.0,0.0,0.0,0.0,0.0,0.0,0.0,0.0,0.0,0.0,0.0,0.0,0.0,0.0,0.0,0.0,0.0,0.0,0.0,0.0,0.0,0.0,0.0,0.0,0.0,0.0,0.0,0.0,0.0,0.0,0.0,0.0,0.0,0.0,0.0,0.0,0.0,0.3155737704918033,0.0,0.0,0.0,0.0,0.0,0.0,0.0,0.0,0.0,0.0,0.0,0.0,0.0,0.0,0.0,0.0,0.0,0.0,0.0,0.0,0.0,0.0,0.0,0.0,0.0,0.0,0.0,0.0,0.0,0.0,0.028688524590163935,0.0,0.0,0.0,0.0,0.0,0.0,0.0,0.0,0.0,0.0,0.0,0.0,0.0,0.0,0.0,0.0,0.0
281 POR Gata3 Gly-Gaba,0.0,0.0,0.0,0.0,0.0,0.0,0.0,0.0,0.0,0.0,0.0,0.0,0.0,0.0,0.0,0.0,0.0,0.0,0.0,0.0,0.0,0.0,0.0,0.0,0.0,0.0,0.0,0.0,0.0,0.0,0.0,0.0,0.0,0.0,0.0,0.0,0.0,0.0,0.0,0.0049833887043189366,0.0,0.0,0.0,0.0,0.0,0.0,0.0,0.0,0.0,0.0,0.0016611295681063123,0.0,0.0,0.0,0.0,0.0,0.0,0.0,0.0,0.0,0.0,0.0,0.0,0.0,0.0,0.0,0.0,0.0,0.0,0.0,0.0,0.0,0.0,0.0,0.0,0.0,0.0,0.0,0.0,0.0,0.0,0.0,0.0,0.0,0.0,0.0,0.0,0.0,0.0,0.0,0.0,0.0,0.0,0.0,0.0,0.0,0.0,0.0,0.0,0.0,0.0,0.0,0.0,0.0,0.0,0.0,0.0,0.0,0.0,0.0,0.0,0.0,0.0,0.0,0.0,0.0,0.0,0.0,0.0,0.0,0.0,0.0,0.0,0.0,0.0,0.0,0.0,0.0,0.0,0.0,0.0,0.0016611295681063123,0.0,0.0,0.0,0.0,0.0,0.0,0.0,0.0,0.0,0.0,0.0,0.0,0.0,0.0,0.0,0.0,0.0,0.0,0.024916943521594685,0.0,0.0,0.0,0.05149501661129568,0.0,0.0,0.0,0.0,0.0,0.0016611295681063123,0.0,0.0,0.0,0.0,0.0,0.0,0.0,0.0,0.2757475083056478,0.0,0.0,0.0,0.0,0.0,0.0,0.0,0.0,0.0016611295681063123,0.0,0.0016611295681063123,0.0,0.0,0.0,0.0,0.0,0.0,0.0,0.0016611295681063123,0.0,0.0,0.0,0.0,0.0,0.0,0.0,0.0,0.0,0.0,0.0,0.0,0.0,0.0,0.0,0.0,0.0,0.0,0.0,0.013289036544850499,0.0033222591362126247,0.0,0.0,0.0,0.0,0.0033222591362126247,0.0,0.0,0.0,0.0,0.0,0.0,0.0,0.0,0.0,0.0,0.0,0.0,0.0,0.0,0.0,0.0,0.0,0.0,0.0,0.0,0.0,0.0,0.0,0.0,0.0,0.0,0.0,0.0,0.0,0.0,0.0,0.0,0.0,0.0,0.0,0.0,0.0,0.0,0.0,0.0,0.0,0.0,0.0,0.0,0.0,0.0,0.0,0.0,0.0,0.42358803986710963,0.0,0.0,0.0,0.0,0.0,0.0,0.0,0.0,0.0,0.0,0.0,0.0,0.0,0.0,0.0,0.0,0.0,0.0,0.0,0.0,0.0,0.0,0.0,0.0,0.0,0.0,0.0,0.0,0.0,0.0,0.0,0.0,0.0016611295681063123,0.0,0.0,0.0,0.0,0.0,0.0,0.0033222591362126247,0.11295681063122924,0.0,0.0,0.0,0.0,0.0,0.0,0.0,0.0,0.0,0.0,0.0,0.0,0.0,0.0,0.0,0.0,0.0,0.0,0.0,0.0,0.0,0.0,0.0,0.0,0.014950166112956811,0.0,0.0,0.0,0.0,0.0,0.0049833887043189366,0.0,0.029900332225913623,0.0,0.0,0.0,0.0,0.0,0.0,0.0,0.0,0.0,0.016611295681063124,0.0,0.0,0.0049833887043189366,0.0,0.0
282 POR Spp1 Gly-Gaba,0.0,0.0,0.0,0.0,0.0,0.0,0.0,0.0,0.0,0.0,0.0,0.0,0.0,0.0,0.0,0.0,0.0,0.0,0.0,0.0,0.0,0.0,0.0,0.0,0.0,0.0,0.0,0.0,0.0,0.0,0.0,0.0,0.0,0.0,0.0,0.0,0.0,0.0,0.0,0.005154639175257732,0.0,0.0,0.0,0.0,0.0,0.0,0.0,0.0,0.0,0.0,0.0,0.0,0.0,0.0,0.0,0.002577319587628866,0.0,0.0,0.0,0.0,0.000859106529209622,0.0,0.0,0.0,0.0,0.0,0.0,0.0,0.0,0.0,0.0,0.0,0.0,0.0,0.007731958762886598,0.012027491408934709,0.0,0.0,0.0,0.0,0.0,0.12628865979381443,0.0,0.0,0.0,0.0,0.005154639175257732,0.0,0.0,0.0,0.0,0.006872852233676976,0.0,0.0,0.0,0.0,0.001718213058419244,0.0,0.0,0.0,0.0,0.00859106529209622,0.0,0.070446735395189,0.0,0.0,0.0,0.0,0.0,0.0,0.03264604810996564,0.0,0.0,0.0,0.0,0.0,0.0,0.0,0.0,0.0,0.0,0.0,0.0,0.0,0.0,0.0,0.0,0.0,0.0,0.0,0.003436426116838488,0.000859106529209622,0.0,0.0,0.0,0.0,0.0,0.0,0.0,0.0,0.0,0.0,0.0,0.0,0.0,0.0,0.001718213058419244,0.0,0.0,0.0979381443298969,0.04553264604810996,0.0,0.0,0.0,0.002577319587628866,0.0,0.0,0.0,0.0,0.0,0.001718213058419244,0.003436426116838488,0.0,0.0,0.0,0.0,0.0,0.0,0.0,0.061855670103092786,0.002577319587628866,0.0,0.0,0.0,0.0,0.0,0.07130584192439862,0.0,0.013745704467353952,0.0,0.0,0.0,0.0,0.0,0.0,0.0,0.0,0.001718213058419244,0.0,0.01718213058419244,0.006872852233676976,0.0,0.0,0.0,0.0,0.0,0.0,0.0,0.0,0.0,0.0,0.0,0.0,0.0,0.001718213058419244,0.0,0.0,0.0,0.03608247422680412,0.02491408934707904,0.00859106529209622,0.0,0.0,0.0,0.013745704467353952,0.0,0.0,0.0,0.0,0.0,0.0,0.0,0.0,0.0,0.0,0.0,0.0,0.0,0.0,0.0,0.0,0.0,0.0,0.0,0.000859106529209622,0.0,0.0,0.0,0.0,0.0,0.0,0.0,0.0,0.0,0.0,0.0,0.0,0.0,0.0,0.0,0.0,0.0,0.0,0.0,0.0,0.0,0.0,0.0,0.0,0.0,0.0,0.0,0.0,0.0,0.0979381443298969,0.0,0.0,0.0,0.02577319587628866,0.0,0.01288659793814433,0.03006872852233677,0.0,0.0,0.0,0.0,0.0,0.0,0.0,0.0,0.0,0.0,0.0,0.0,0.006872852233676976,0.00859106529209622,0.0,0.0,0.0,0.0,0.0,0.0,0.0,0.0,0.0,0.0,0.0,0.01288659793814433,0.0,0.006013745704467354,0.0,0.0,0.01288659793814433,0.0,0.019759450171821305,0.015463917525773196,0.001718213058419244,0.0,0.0,0.0,0.0,0.0,0.0,0.0,0.0,0.0,0.0,0.0,0.0,0.0,0.0,0.0,0.0,0.0,0.0,0.0,0.0,0.0,0.0,0.00429553264604811,0.009450171821305841,0.0,0.0,0.0,0.000859106529209622,0.010309278350515464,0.0,0.0,0.006013745704467354,0.0,0.005154639175257732,0.0,0.0,0.0,0.0,0.0,0.0,0.0,0.001718213058419244,0.0,0.012027491408934709,0.0,0.0,0.000859106529209622
283 PRP Otp Gly-Gaba,0.0,0.0,0.0,0.0,0.0,0.0,0.0,0.0,0.0,0.0,0.0,0.0,0.0,0.0,0.0,0.0,0.0,0.0,0.0,0.0,0.0,0.0,0.0,0.0,0.0,0.0,0.0,0.0,0.0,0.0,0.0,0.0,0.0,0.0,0.0,0.0,0.0,0.0,0.0,0.0,0.0,0.0,0.0,0.0,0.0,0.0,0.0,0.0,0.0,0.0,0.0,0.0,0.0,0.0,0.0,0.0,0.0,0.0,0.0,0.0,0.0,0.0,0.0,0.0,0.0,0.0,0.0,0.0,0.0,0.0,0.0,0.0,0.0,0.0,0.0,0.0,0.0,0.0,0.0,0.0,0.0,0.08146766169154229,0.0,0.0,0.0,0.0,0.0,0.0,0.0,0.0,0.0,0.0,0.0,0.0,0.0,0.0,0.010572139303482588,0.0,0.0,0.0,0.0037313432835820895,0.0,0.0,0.021766169154228857,0.0,0.0,0.0,0.0,0.0,0.0,0.0,0.0,0.0,0.0,0.0,0.0,0.0,0.0,0.0,0.0,0.0,0.0,0.0,0.00808457711442786,0.0,0.0,0.0,0.0,0.0,0.0,0.020522388059701493,0.0,0.0,0.0006218905472636816,0.0,0.0,0.0,0.0,0.0,0.0,0.0,0.0,0.0,0.0,0.0,0.0,0.0,0.0,0.0,0.1822139303482587,0.05721393034825871,0.0,0.0,0.0,0.0,0.0,0.0,0.0,0.0,0.0018656716417910447,0.0,0.0006218905472636816,0.0,0.0,0.0,0.0,0.0,0.0,0.0,0.05037313432835821,0.0,0.0,0.0,0.0,0.0,0.0,0.0012437810945273632,0.0,0.0,0.0,0.0,0.014303482587064677,0.0,0.0,0.0,0.0,0.0,0.0,0.0,0.06716417910447761,0.01554726368159204,0.0,0.0,0.0,0.0,0.0,0.0,0.0,0.0,0.0,0.0,0.0,0.0,0.0,0.007462686567164179,0.0,0.0,0.0,0.011194029850746268,0.0012437810945273632,0.2269900497512438,0.0,0.0,0.0,0.0,0.0,0.0,0.0,0.0,0.0,0.0,0.0,0.0,0.0,0.0,0.0,0.0,0.0,0.0,0.0,0.0,0.0,0.0,0.0006218905472636816,0.0,0.0,0.0006218905472636816,0.0,0.0,0.0,0.0,0.0,0.0,0.0,0.0,0.0,0.0,0.0,0.0,0.0,0.0,0.0,0.0,0.004353233830845771,0.0,0.0,0.0,0.0,0.0,0.0,0.0,0.0,0.0,0.0,0.0,0.0,0.0,0.0,0.0,0.0,0.0006218905472636816,0.0,0.0,0.0,0.0,0.0,0.0,0.0,0.0,0.0,0.0,0.0,0.0,0.0,0.0,0.0,0.0,0.0,0.0,0.0,0.0,0.0,0.0018656716417910447,0.0,0.0,0.0,0.0,0.0,0.0,0.11256218905472637,0.0,0.0,0.0,0.0006218905472636816,0.0,0.0012437810945273632,0.0018656716417910447,0.0,0.0,0.0,0.0,0.0,0.0,0.0,0.0,0.0,0.0,0.0,0.0,0.0,0.0,0.0,0.0,0.0,0.0,0.0,0.0,0.0,0.0,0.0,0.0006218905472636816,0.016791044776119403,0.0,0.0,0.0,0.0,0.0,0.0,0.0,0.0,0.0640547263681592,0.004353233830845771,0.0006218905472636816,0.0,0.0,0.0,0.0,0.0,0.0006218905472636816,0.0,0.0037313432835820895,0.0006218905472636816,0.0,0.0
284 GRN-IRN-MDRNd Ikzf1 Gly-Gaba,0.0,0.0,0.0,0.0,0.0,0.0,0.0,0.0,0.0,0.0,0.0,0.0,0.04,0.0,0.0,0.0,0.0,0.0,0.0,0.0,0.0,0.0,0.0,0.0,0.0,0.0,0.0,0.0,0.0,0.0,0.0,0.0,0.0,0.0,0.0,0.0,0.0,0.0,0.0,0.0,0.0,0.0,0.0,0.0,0.0,0.0,0.0,0.0,0.0,0.0,0.0,0.0,0.0,0.0,0.0,0.0,0.0,0.0,0.0,0.0,0.0,0.0,0.0,0.0,0.0,0.0,0.0,0.0,0.0,0.0,0.0,0.0,0.0,0.0,0.0,0.0,0.0,0.0,0.0,0.0,0.0,0.0,0.0,0.0,0.0,0.0,0.0,0.0,0.0,0.0,0.0,0.0,0.0,0.0,0.0,0.0,0.0,0.0,0.0,0.0,0.0,0.0,0.0,0.04,0.0,0.0,0.0,0.0,0.0,0.0,0.0,0.0,0.0,0.0,0.0,0.0,0.0,0.0,0.0,0.0,0.0,0.0,0.0,0.0,0.0,0.0,0.0,0.0,0.0,0.0,0.0,0.0,0.0,0.0,0.0,0.0,0.0,0.0,0.0,0.0,0.0,0.0,0.0,0.0,0.0,0.0,0.0,0.0,0.0,0.0,0.04,0.0,0.0,0.0,0.0,0.0,0.0,0.0,0.0,0.0,0.0,0.0,0.0,0.0,0.0,0.0,0.0,0.0,0.0,0.0,0.0,0.0,0.0,0.0,0.0,0.0,0.56,0.0,0.0,0.0,0.0,0.0,0.0,0.0,0.0,0.0,0.0,0.0,0.0,0.0,0.32,0.0,0.0,0.0,0.0,0.0,0.0,0.0,0.0,0.0,0.0,0.0,0.0,0.0,0.0,0.0,0.0,0.0,0.0,0.0,0.0,0.0,0.0,0.0,0.0,0.0,0.0,0.0,0.0,0.0,0.0,0.0,0.0,0.0,0.0,0.0,0.0,0.0,0.0,0.0,0.0,0.0,0.0,0.0,0.0,0.0,0.0,0.0,0.0,0.0,0.0,0.0,0.0,0.0,0.0,0.0,0.0,0.0,0.0,0.0,0.0,0.0,0.0,0.0,0.0,0.0,0.0,0.0,0.0,0.0,0.0,0.0,0.0,0.0,0.0,0.0,0.0,0.0,0.0,0.0,0.0,0.0,0.0,0.0,0.0,0.0,0.0,0.0,0.0,0.0,0.0,0.0,0.0,0.0,0.0,0.0,0.0,0.0,0.0,0.0,0.0,0.0,0.0,0.0,0.0,0.0,0.0,0.0,0.0,0.0,0.0,0.0,0.0,0.0,0.0,0.0,0.0,0.0,0.0,0.0,0.0,0.0,0.0,0.0,0.0,0.0,0.0,0.0,0.0,0.0,0.0,0.0,0.0,0.0,0.0,0.0,0.0,0.0,0.0,0.0,0.0,0.0,0.0,0.0,0.0,0.0,0.0,0.0,0.0,0.0,0.0,0.0,0.0,0.0,0.0,0.0,0.0,0.0,0.0,0.0,0.0,0.0,0.0,0.0
285 MY Lhx1 Gly-Gaba,9.312721177127957e-05,0.0,0.0,0.0,0.0,0.0,0.0,0.0,0.0,0.0,0.0,0.0,0.001303780964797914,0.0,0.0,0.0,0.0,0.0030731979884522256,0.0,0.0,0.0,0.0,0.0007450176941702365,0.0,0.0,0.0,0.0,0.0,0.0,0.0,9.312721177127957e-05,9.312721177127957e-05,0.0,0.0,0.0,0.0,0.0,0.0,0.0,0.001955671447196871,0.0,0.00018625442354255913,0.0,0.0,0.0,0.0,0.0,0.0,9.312721177127957e-05,0.0,0.005215123859191656,0.0,0.00037250884708511827,0.001303780964797914,0.00214192587073943,9.312721177127957e-05,0.0,0.0,9.312721177127957e-05,0.0015831626001117525,0.0,0.0,0.00018625442354255913,0.0,9.312721177127957e-05,0.0,0.0011175265412553548,0.0,0.0,0.0,0.0,9.312721177127957e-05,0.0,0.0,0.0,0.0,0.0,0.0,0.0,0.0,0.0,0.07981002048798659,0.0,0.0,0.0,0.0017694170236543117,0.0007450176941702365,0.0,0.0,0.0,0.0011175265412553548,0.00046563605885639785,0.0,0.0,0.0,9.312721177127957e-05,0.0012106537530266344,0.0,0.0,0.0,0.00018625442354255913,0.000651890482398957,0.00018625442354255913,0.07692307692307693,0.0,9.312721177127957e-05,0.0,0.0,0.0,0.0,0.0025144347178245484,9.312721177127957e-05,0.0,0.0025144347178245484,0.0,9.312721177127957e-05,0.0,0.00037250884708511827,0.0007450176941702365,0.0,0.0,0.0,0.0,0.00651890482398957,0.0,0.0,0.0,0.0,0.0,0.0,0.02533060160178804,0.016483516483516484,0.0,0.0020487986589681506,0.0,0.0,0.0,0.0,0.0,0.0,0.0,0.0,0.0,0.0,0.0,0.0,0.04060346433227789,0.0,0.0,0.029521326131495624,0.03613335816725647,9.312721177127957e-05,0.0,0.0005587632706276774,0.023002421307506054,0.0,0.00018625442354255913,0.0,0.000651890482398957,0.0023281802942819894,0.0005587632706276774,0.013317191283292978,0.0,0.0,0.0,0.0,0.0,0.0,0.0,0.0647234121810393,0.01517973551871857,0.0,0.0,0.021884894766250697,9.312721177127957e-05,0.0,0.07180108027565654,0.00018625442354255913,0.0076364313652449245,0.00018625442354255913,0.0015831626001117525,0.0017694170236543117,0.0,0.0,0.0,0.0,0.0,0.0,9.312721177127957e-05,0.01266530080089402,0.04702924194449618,0.0002793816353138387,0.0,0.0,0.0,0.0,0.0,0.0,0.0,0.0,0.0,0.0,0.00847457627118644,0.00018625442354255913,0.0035388340473086234,0.0,0.0,0.0,0.09266157571242317,0.07347737008753957,0.008381449059415161,0.0,0.0,9.312721177127957e-05,0.018811696777798474,0.0,0.0,9.312721177127957e-05,0.0,0.0,0.0,0.0,0.0,0.0,9.312721177127957e-05,0.00018625442354255913,0.0,0.0,0.0,0.0,0.0,0.0,0.0,0.0038182156826224623,0.004097597317936301,0.00037250884708511827,0.0002793816353138387,0.0005587632706276774,0.0005587632706276774,0.0010243993294840753,0.0,0.0,0.0,0.0,0.0,0.0,0.0,0.0,0.011547774259638667,9.312721177127957e-05,0.0,0.0,0.0,0.0,0.0,0.0,9.312721177127957e-05,0.0,9.312721177127957e-05,0.000651890482398957,0.0,0.0,0.0,0.0,0.006984540882845967,0.0,0.0,0.0,0.00428385174147886,0.00046563605885639785,0.022350530825107098,0.018904823989569754,0.0,0.0,0.0,0.0,0.0,0.0,0.0,0.0,0.0002793816353138387,0.0,0.0,0.0,0.006984540882845967,0.0012106537530266344,0.0,0.0,0.00018625442354255913,0.0,0.0,0.0,0.009498975600670517,0.0,0.0,0.0,0.0,0.00428385174147886,0.0,0.003911342894393742,9.312721177127957e-05,0.0,0.0009312721177127957,0.0,0.005215123859191656,0.009405848388899237,0.0011175265412553548,0.0,0.0,0.0,0.0,0.0,0.0,0.0,0.0,0.0,0.0,0.0,0.0,0.0,9.312721177127957e-05,0.0,0.0,0.0,0.0,0.0,0.0,0.0,0.00018625442354255913,9.312721177127957e-05,0.005308251070962935,0.002421307506053269,0.0,0.0,0.01080275656546843,0.0009312721177127957,0.00037250884708511827,0.0,0.006705159247532129,0.0,0.001303780964797914,0.0010243993294840753,0.0025144347178245484,0.00018625442354255913,0.0,9.312721177127957e-05,0.0,9.312721177127957e-05,0.005494505494505495,0.0,0.004470106165021419,0.00037250884708511827,0.00018625442354255913,9.312721177127957e-05
286 PPY-PGRNl Vip Glyc-Gaba,0.0,0.0,0.0,0.0,0.0,0.0,0.0,0.0,0.0,0.0,0.0,0.0,0.0,0.0,0.0,0.0,0.0,0.0,0.0,0.0,0.0,0.0,0.0,0.0,0.0,0.0,0.0,0.0,0.0,0.0,0.0,0.0,0.0,0.0,0.0,0.0,0.0,0.0,0.0,0.0,0.0,0.0,0.0,0.0,0.0,0.0,0.0,0.0,0.0,0.0,0.0,0.0,0.002631578947368421,0.002631578947368421,0.0,0.0,0.0,0.0,0.0,0.0,0.0,0.0,0.0,0.0,0.0,0.0,0.0,0.0,0.0,0.0,0.0,0.0,0.0,0.0,0.0,0.0,0.0,0.0,0.0,0.0,0.0,0.12894736842105264,0.0,0.0,0.0,0.0,0.0,0.0,0.0,0.0,0.0,0.0,0.0,0.0,0.0,0.0,0.007894736842105263,0.0,0.0,0.0,0.0,0.0,0.0,0.06842105263157895,0.0,0.0,0.0,0.0,0.0,0.0,0.0,0.0,0.0,0.0,0.0,0.0,0.0,0.0,0.0,0.0,0.0,0.0,0.0,0.0,0.0,0.0,0.0,0.0,0.0,0.0,0.021052631578947368,0.0,0.0,0.0,0.0,0.0,0.0,0.0,0.0,0.0,0.0,0.0,0.0,0.0,0.0,0.0,0.0,0.0,0.0,0.05789473684210526,0.12368421052631579,0.0,0.0,0.0,0.0,0.0,0.002631578947368421,0.0,0.0,0.0,0.0,0.007894736842105263,0.0,0.0,0.0,0.0,0.0,0.0,0.0,0.0,0.0,0.0,0.0,0.0,0.0,0.0,0.039473684210526314,0.0,0.0,0.0,0.0,0.0,0.0,0.0,0.0,0.0,0.0,0.0,0.0,0.07105263157894737,0.13421052631578947,0.0,0.0,0.0,0.0,0.0,0.0,0.0,0.0,0.0,0.0,0.0,0.0,0.0,0.04736842105263158,0.0,0.0,0.0,0.0,0.0,0.02894736842105263,0.0,0.0,0.0,0.0,0.0,0.0,0.0,0.0,0.0,0.0,0.0,0.0,0.0,0.0,0.0,0.0,0.0,0.0,0.0,0.0,0.0,0.0,0.0,0.0,0.0,0.0,0.0,0.0,0.0,0.0,0.0,0.0,0.0,0.0,0.0,0.0,0.0,0.0,0.0,0.0,0.0,0.0,0.0,0.0,0.0,0.0,0.0,0.0,0.0,0.0,0.0,0.0,0.0,0.002631578947368421,0.0,0.0,0.0,0.002631578947368421,0.0,0.02631578947368421,0.0,0.0,0.0,0.0,0.0,0.0,0.0,0.0,0.0,0.0,0.0,0.0,0.0,0.0,0.0,0.0,0.0,0.0,0.0,0.0,0.0,0.0,0.0,0.0,0.0,0.0,0.0,0.0,0.002631578947368421,0.0,0.0,0.0,0.0,0.1868421052631579,0.0,0.0,0.0,0.0,0.0,0.0,0.0,0.0,0.0,0.0,0.0,0.0,0.0,0.0,0.0,0.0,0.0,0.0,0.0,0.0,0.0,0.0,0.0,0.0,0.0,0.002631578947368421,0.0,0.0,0.0,0.0,0.0,0.002631578947368421,0.0,0.0,0.0,0.005263157894736842,0.002631578947368421,0.0,0.0,0.0,0.0,0.0,0.0,0.010526315789473684,0.0,0.010526315789473684,0.0,0.0,0.0
287 MV-SPIV-PRP Dmbx1 Gly-Gaba,0.0,0.0,0.0,0.0,0.0,0.0,0.0,0.0,0.0,0.0,0.0,0.0,0.0,0.0,0.0,0.0,0.0,0.0,0.0,0.0,0.0,0.0,0.0,0.0,0.0,0.0,0.0,0.0,0.0,0.0,0.0,0.0,0.0,0.0,0.0,0.0,0.0,0.0,0.0,0.0412796697626419,0.0,0.030959752321981424,0.0,0.0,0.0,0.0,0.0,0.0,0.0,0.0,0.0,0.0,0.0,0.013415892672858616,0.0,0.0041279669762641896,0.0,0.0,0.0,0.0,0.0010319917440660474,0.0,0.0,0.0,0.0,0.0,0.0,0.0,0.0,0.0,0.0,0.0,0.0,0.0,0.0,0.0,0.0,0.0,0.0,0.0,0.0,0.0010319917440660474,0.0,0.0,0.0,0.0,0.0,0.0,0.0,0.0,0.0,0.005159958720330237,0.0,0.0,0.0,0.0,0.0020639834881320948,0.0,0.0,0.0,0.0,0.022703818369453045,0.0,0.0010319917440660474,0.0,0.0,0.0,0.0,0.0,0.0,0.006191950464396285,0.0,0.0,0.0,0.0,0.0,0.0,0.0,0.0,0.0,0.0,0.0,0.0,0.0,0.0,0.0,0.0,0.0,0.0,0.0,0.0,0.0010319917440660474,0.0,0.0,0.0,0.0,0.0,0.0,0.0,0.0,0.0,0.0,0.0,0.0,0.0,0.0,0.0020639834881320948,0.0,0.0,0.24458204334365324,0.03508771929824561,0.0,0.0,0.0,0.0010319917440660474,0.0,0.0030959752321981426,0.0,0.0,0.0,0.0,0.0,0.0,0.0,0.0,0.0,0.0,0.0,0.0,0.007223942208462332,0.0,0.0,0.0,0.0,0.0,0.0,0.0041279669762641896,0.0,0.04643962848297214,0.0,0.0,0.0,0.0,0.0,0.0,0.0,0.0,0.0,0.0,0.006191950464396285,0.0010319917440660474,0.0,0.0,0.0,0.0,0.0,0.0,0.0,0.0,0.0,0.0,0.0,0.0,0.0,0.005159958720330237,0.0,0.0,0.0,0.0,0.0,0.010319917440660475,0.0,0.0,0.0,0.0,0.0,0.0,0.0,0.0,0.0,0.0,0.0,0.0,0.0,0.0,0.0,0.0,0.0,0.0,0.0,0.0,0.0,0.0,0.0,0.0030959752321981426,0.0,0.0,0.0,0.0,0.0,0.0,0.0,0.0,0.0,0.0,0.0,0.0,0.0,0.0,0.0,0.0,0.0,0.0,0.0,0.0,0.0,0.0,0.0,0.0,0.0,0.0,0.0,0.0,0.0,0.0,0.0,0.0,0.0,0.24974200206398348,0.0,0.0010319917440660474,0.0,0.0,0.0,0.0,0.0,0.0,0.0,0.0,0.0,0.0,0.0,0.0,0.0,0.0,0.03715170278637771,0.0,0.0,0.0,0.0,0.0,0.0,0.0,0.0,0.0,0.0,0.0,0.0,0.0,0.06398348813209494,0.010319917440660475,0.0,0.0,0.0,0.0010319917440660474,0.005159958720330237,0.0,0.0,0.0,0.0,0.0,0.0,0.0,0.0,0.0,0.0,0.0,0.0,0.0,0.0,0.0,0.0,0.0,0.0,0.0,0.0,0.0,0.0,0.0,0.02476780185758514,0.0,0.0,0.0,0.0,0.0,0.023735810113519093,0.0,0.0,0.04024767801857585,0.0,0.029927760577915376,0.0,0.0,0.0,0.0,0.0,0.0,0.0,0.0,0.0,0.0,0.0,0.0010319917440660474,0.01238390092879257
288 MDRN Hoxb5 Ebf2 Gly-Gaba,0.0,0.0,0.0,0.0,0.0,0.0,0.0,0.0,0.0,0.0,0.0,0.0,0.0,0.0,0.0,0.0,0.0,0.0,0.0,0.0,0.0,0.0,0.0,0.0,0.0,0.0,0.0,0.0,0.0,0.0,0.0,0.0,0.0,0.0,0.0,0.0,0.0,0.0,0.0,0.0,0.0,0.0,0.0,0.0,0.0,0.0,0.0,0.0,0.0,0.0,0.0,0.0,0.03,0.0,0.0,0.0,0.0,0.0,0.0,0.0,0.0,0.0,0.0,0.0,0.0,0.0,0.0,0.0,0.0,0.0,0.0,0.0,0.0,0.0,0.0,0.0,0.0,0.0,0.0,0.0,0.0,0.115,0.0,0.0,0.0,0.0,0.0,0.0,0.0,0.0,0.0,0.0,0.0,0.0,0.0,0.0,0.03,0.0,0.0,0.0,0.005,0.0,0.0,0.135,0.0,0.0,0.0,0.0,0.0,0.0,0.0,0.0,0.0,0.0,0.0,0.0,0.0,0.0,0.0,0.0,0.0,0.0,0.0,0.015,0.0,0.0,0.0,0.0,0.0,0.0,0.005,0.0,0.0,0.015,0.0,0.0,0.0,0.0,0.0,0.0,0.0,0.0,0.0,0.0,0.0,0.0,0.005,0.0,0.0,0.035,0.08,0.0,0.0,0.0,0.0,0.0,0.0,0.0,0.0,0.105,0.0,0.05,0.0,0.0,0.0,0.0,0.0,0.0,0.0,0.01,0.0,0.0,0.0,0.015,0.0,0.0,0.03,0.0,0.0,0.0,0.0,0.0,0.0,0.0,0.0,0.0,0.0,0.0,0.0,0.015,0.005,0.0,0.0,0.0,0.0,0.0,0.0,0.0,0.0,0.0,0.0,0.0,0.0,0.0,0.0,0.0,0.0,0.0,0.01,0.015,0.025,0.0,0.0,0.0,0.0,0.0,0.0,0.0,0.0,0.0,0.0,0.0,0.0,0.0,0.0,0.0,0.0,0.0,0.0,0.0,0.0,0.0,0.0,0.0,0.0,0.0,0.0,0.0,0.0,0.0,0.0,0.0,0.0,0.0,0.0,0.0,0.0,0.0,0.0,0.0,0.0,0.0,0.0,0.0,0.0,0.0,0.0,0.0,0.0,0.0,0.0,0.0,0.0,0.0,0.0,0.0,0.0,0.0,0.015,0.0,0.02,0.0,0.0,0.0,0.0,0.0,0.0,0.0,0.0,0.0,0.0,0.0,0.0,0.0,0.0,0.0,0.0,0.0,0.0,0.0,0.0,0.0,0.0,0.0,0.0,0.0,0.0,0.005,0.0,0.025,0.0,0.0,0.0,0.0,0.0,0.0,0.0,0.0,0.0,0.0,0.0,0.0,0.0,0.0,0.0,0.0,0.0,0.0,0.0,0.0,0.0,0.0,0.0,0.0,0.0,0.0,0.0,0.0,0.0,0.0,0.0,0.155,0.0,0.0,0.0,0.0,0.0,0.0,0.0,0.0,0.025,0.0,0.0,0.0,0.0,0.0,0.0,0.0,0.0,0.0,0.005,0.0,0.0,0.0
289 MDRNd Prox1 Pax6 Gly-Gaba,0.0,0.0,0.0,0.0,0.0,0.0,0.0,0.0,0.0,0.0,0.0,0.0,0.0,0.0,0.0,0.0,0.0,0.0,0.0,0.0,0.0,0.0,0.0,0.0,0.0,0.0,0.0,0.0,0.0,0.0,0.0,0.0,0.0,0.0,0.0,0.0,0.0,0.0,0.0,0.0,0.0,0.0,0.0,0.0,0.0,0.0,0.0,0.0,0.0,0.0,0.0,0.0,0.0,0.0,0.0,0.0,0.0,0.0,0.0,0.0,0.0,0.0,0.0,0.0,0.0,0.0,0.0,0.0,0.0,0.0,0.0,0.0,0.0,0.0,0.0,0.0,0.0,0.0,0.0,0.0,0.0,0.0,0.0,0.0,0.0,0.0,0.0,0.0,0.0,0.0,0.0,0.0,0.0,0.0,0.0,0.0,0.0,0.0,0.0,0.0,0.0,0.0,0.0,0.0,0.0,0.0,0.0,0.0,0.0,0.0,0.0,0.0,0.0,0.0,0.0,0.0,0.0,0.0,0.0,0.0,0.0,0.0,0.0,0.0,0.0,0.0,0.0,0.0,0.0,0.0,0.0,0.0,0.0,0.0,0.0,0.0,0.0,0.0,0.0,0.0,0.0,0.0,0.0,0.0,0.0,0.0,0.0,0.0,0.0,0.0,0.0,0.0,0.0,0.0,0.0,0.0,0.0,0.0,0.0,0.08333333333333333,0.0,0.08333333333333333,0.0,0.0,0.0,0.0,0.0,0.0,0.0,0.16666666666666666,0.0,0.0,0.0,0.0,0.0,0.0,0.3333333333333333,0.0,0.0,0.0,0.0,0.0,0.0,0.0,0.0,0.0,0.0,0.0,0.0,0.0,0.0,0.0,0.0,0.0,0.0,0.0,0.0,0.0,0.0,0.0,0.0,0.0,0.0,0.0,0.0,0.0,0.0,0.0,0.08333333333333333,0.0,0.0,0.0,0.0,0.0,0.0,0.0,0.0,0.0,0.0,0.0,0.0,0.0,0.0,0.0,0.0,0.0,0.0,0.0,0.0,0.0,0.0,0.0,0.0,0.0,0.0,0.0,0.0,0.0,0.0,0.0,0.0,0.0,0.0,0.0,0.0,0.0,0.0,0.0,0.0,0.0,0.0,0.0,0.0,0.0,0.0,0.0,0.0,0.0,0.0,0.0,0.0,0.0,0.0,0.0,0.0,0.0,0.0,0.0,0.0,0.0,0.25,0.0,0.0,0.0,0.0,0.0,0.0,0.0,0.0,0.0,0.0,0.0,0.0,0.0,0.0,0.0,0.0,0.0,0.0,0.0,0.0,0.0,0.0,0.0,0.0,0.0,0.0,0.0,0.0,0.0,0.0,0.0,0.0,0.0,0.0,0.0,0.0,0.0,0.0,0.0,0.0,0.0,0.0,0.0,0.0,0.0,0.0,0.0,0.0,0.0,0.0,0.0,0.0,0.0,0.0,0.0,0.0,0.0,0.0,0.0,0.0,0.0,0.0,0.0,0.0,0.0,0.0,0.0,0.0,0.0,0.0,0.0,0.0,0.0,0.0,0.0,0.0,0.0,0.0,0.0,0.0,0.0,0.0,0.0
290 MY Prox1 Lmo7 Gly-Gaba,0.0,0.0,0.0,0.0,0.0,0.0,0.0,0.0,0.0,0.0,0.0,0.0,0.004830917874396135,0.0,0.0,0.0,0.0,0.0,0.0,0.0,0.0,0.0,0.0,0.0,0.0,0.0,0.0,0.0,0.0,0.0,0.0,0.0024154589371980675,0.0,0.0,0.0,0.0,0.0,0.0,0.0,0.0024154589371980675,0.0,0.0024154589371980675,0.0,0.0,0.0,0.0,0.0,0.0,0.0,0.0,0.0,0.0,0.0,0.0,0.0,0.026570048309178744,0.0,0.0,0.0,0.0,0.0,0.0,0.0,0.0,0.0,0.0,0.0,0.0,0.0,0.0,0.0,0.0,0.0,0.0,0.0,0.0,0.0,0.0,0.0,0.0,0.0,0.007246376811594203,0.0,0.0,0.0,0.0,0.0,0.0,0.0,0.0,0.0,0.0,0.0,0.0,0.0,0.0,0.0,0.0,0.0,0.0,0.0,0.0,0.0,0.05314009661835749,0.0,0.0,0.0,0.0,0.0,0.0,0.0024154589371980675,0.0,0.0,0.0,0.0,0.0,0.0,0.0,0.0024154589371980675,0.0,0.0,0.0,0.0,0.0,0.0,0.0,0.0,0.0,0.0,0.0,0.0,0.0,0.0,0.0,0.0,0.0,0.0,0.0,0.0,0.0,0.0,0.0,0.0,0.0,0.0,0.0,0.0,0.0,0.0,0.04106280193236715,0.07729468599033816,0.0,0.0,0.0,0.0024154589371980675,0.0,0.0,0.0,0.0,0.0,0.0,0.004830917874396135,0.0,0.0,0.0,0.0,0.0,0.0,0.0,0.09178743961352658,0.0,0.0,0.0,0.0,0.0,0.0,0.15942028985507245,0.0,0.028985507246376812,0.0,0.016908212560386472,0.0,0.0,0.0,0.0,0.0,0.0,0.0024154589371980675,0.0,0.0,0.11594202898550725,0.0,0.0,0.0,0.0,0.0,0.0,0.0,0.0,0.0,0.0,0.0,0.0,0.0,0.03140096618357488,0.0,0.0,0.0,0.0024154589371980675,0.0,0.0,0.0,0.0,0.0,0.028985507246376812,0.0,0.0,0.0,0.0,0.0,0.0,0.0,0.0,0.0,0.0,0.0,0.0,0.0,0.0,0.0,0.0,0.0,0.0,0.0,0.0,0.0,0.0,0.0,0.0,0.0,0.0,0.0,0.0,0.0,0.0,0.0,0.0,0.0,0.0,0.0,0.0,0.0,0.0,0.0,0.0,0.0,0.0,0.0,0.0024154589371980675,0.0,0.0,0.0,0.0,0.0,0.004830917874396135,0.0,0.0,0.0,0.004830917874396135,0.0,0.014492753623188406,0.012077294685990338,0.0,0.0,0.0,0.0,0.0,0.0,0.0,0.0,0.0,0.0,0.0,0.0,0.012077294685990338,0.0,0.0,0.0,0.0,0.0,0.0,0.0,0.0,0.0,0.0,0.0,0.0,0.00966183574879227,0.0,0.0024154589371980675,0.004830917874396135,0.0,0.004830917874396135,0.0,0.1497584541062802,0.0,0.0,0.0,0.0,0.0,0.0,0.0,0.0,0.0,0.0,0.0,0.0,0.0,0.0,0.0,0.0,0.0,0.0,0.0,0.0,0.0,0.0,0.0,0.0,0.0,0.026570048309178744,0.0,0.0,0.0,0.0,0.007246376811594203,0.0,0.0,0.007246376811594203,0.0,0.004830917874396135,0.0,0.0,0.0,0.0,0.0,0.0,0.0,0.024154589371980676,0.0,0.0,0.0,0.0,0.0
291 NTS-MDRNd Prox1 Zic1 Gly-Gaba,0.0,0.0,0.0,0.0,0.0,0.0,0.0,0.0,0.0,0.0,0.0,0.0,0.0,0.0,0.0,0.0,0.0,0.0,0.0,0.0,0.0,0.0,0.0,0.0,0.0,0.0,0.0,0.0,0.0,0.0,0.0,0.0,0.0,0.0,0.0,0.0,0.0,0.0,0.0,0.0,0.0,0.0,0.0,0.0,0.0,0.0,0.0,0.0,0.033707865168539325,0.0,0.0,0.0,0.02247191011235955,0.0,0.0,0.0,0.0,0.0,0.0,0.0,0.0,0.0,0.0,0.0,0.0,0.0,0.02247191011235955,0.0,0.0,0.0,0.0,0.0,0.0,0.0,0.0,0.0,0.0,0.0,0.0,0.0,0.0,0.011235955056179775,0.0,0.0,0.0,0.0,0.0,0.0,0.0,0.0,0.0,0.0,0.0,0.0,0.0,0.0,0.0,0.0,0.0,0.0,0.0,0.011235955056179775,0.0,0.0,0.0,0.0,0.0,0.0,0.0,0.0,0.0,0.0,0.0,0.0,0.0,0.0,0.0,0.0,0.011235955056179775,0.0,0.0,0.0,0.0,0.0,0.0,0.0,0.0,0.0,0.0,0.0,0.0,0.0,0.0,0.02247191011235955,0.0,0.0,0.0,0.0,0.0,0.0,0.0,0.0,0.0,0.0,0.0,0.0,0.0,0.0,0.0,0.0,0.10112359550561797,0.0,0.0,0.0,0.0,0.0,0.033707865168539325,0.0,0.0,0.0,0.0,0.033707865168539325,0.0,0.0,0.0,0.0,0.0,0.0,0.0,0.02247191011235955,0.0,0.0,0.0,0.0,0.0,0.0,0.1797752808988764,0.011235955056179775,0.0,0.0,0.0,0.0,0.0,0.0,0.0,0.0,0.0,0.0,0.0,0.0,0.0,0.0,0.0,0.0,0.0,0.0,0.0,0.0,0.0,0.0,0.0,0.0,0.0,0.0,0.0,0.0,0.0,0.011235955056179775,0.0,0.0,0.011235955056179775,0.0,0.0,0.0,0.0,0.0,0.0,0.0,0.0,0.0,0.0,0.0,0.0,0.0,0.0,0.0,0.0,0.0,0.0,0.0,0.0,0.0,0.0,0.0,0.0,0.0,0.0,0.0,0.0,0.0,0.0,0.0,0.0,0.0,0.0,0.0,0.0,0.0,0.0,0.0,0.0,0.0,0.0,0.0,0.0,0.0,0.0,0.0,0.0,0.0,0.0,0.0,0.0,0.0,0.0,0.0,0.0,0.0,0.0449438202247191,0.0,0.2247191011235955,0.0,0.0,0.0,0.0,0.0,0.0,0.0,0.0,0.0,0.0,0.0,0.0,0.0,0.0,0.0,0.0,0.0,0.0,0.0,0.0,0.0,0.0,0.0,0.0,0.0,0.0,0.0,0.0,0.0449438202247191,0.02247191011235955,0.0,0.0,0.0,0.0,0.0,0.0,0.0,0.0,0.0,0.0,0.0,0.0,0.0,0.0,0.0,0.0,0.0,0.0,0.0,0.0,0.0,0.0,0.0,0.0,0.0,0.0,0.0,0.0,0.0,0.0,0.0,0.0,0.0,0.0,0.0,0.02247191011235955,0.0,0.02247191011235955,0.0,0.02247191011235955,0.0,0.0,0.0,0.0,0.0,0.0,0.0,0.0,0.0,0.0,0.056179775280898875,0.0,0.0
292 MV Nkx6-1 Gly-Gaba,0.0,0.0,0.0,0.0,0.0,0.0,0.0,0.0,0.0,0.0,0.0,0.0,0.0,0.0,0.0,0.0,0.0,0.0,0.0,0.0,0.0,0.0,0.0,0.0,0.0,0.0,0.0,0.0,0.0,0.0,0.0,0.0,0.0,0.0,0.0,0.0,0.0,0.0,0.0,0.0058997050147492625,0.0,0.0,0.0,0.0,0.0,0.0,0.0,0.0,0.0,0.0,0.0,0.0,0.0,0.0,0.0,0.0,0.0,0.0,0.0,0.0,0.0,0.0,0.0,0.0,0.0,0.0,0.0,0.0,0.0,0.0,0.0,0.0,0.0,0.0,0.0,0.0,0.0,0.0,0.0,0.0,0.0,0.0,0.0,0.0,0.0,0.0,0.0,0.0,0.0,0.0,0.0,0.0,0.0,0.0,0.0,0.0,0.0,0.0,0.0,0.0,0.0,0.0,0.0,0.0014749262536873156,0.0,0.0,0.0,0.0,0.0,0.0,0.0014749262536873156,0.0,0.0,0.0,0.0,0.0,0.0,0.0,0.0,0.0,0.0,0.0,0.0,0.0,0.0,0.0,0.0,0.0,0.0,0.0,0.0,0.0,0.0,0.0,0.0,0.0,0.0,0.0,0.0,0.0,0.0,0.0,0.0,0.0,0.0,0.0,0.0,0.0,0.0,0.6371681415929203,0.0014749262536873156,0.0,0.0,0.0,0.0,0.0,0.0014749262536873156,0.0,0.0,0.0,0.0,0.0,0.0,0.0,0.0,0.0,0.0,0.0,0.0,0.0014749262536873156,0.0,0.0,0.0,0.0,0.0,0.0,0.0,0.0,0.0,0.0,0.0,0.0,0.0,0.0,0.0,0.0,0.0,0.0,0.0,0.0,0.0,0.0,0.0,0.0,0.0,0.0,0.0,0.0,0.0,0.0,0.0,0.0,0.0,0.0,0.0,0.0,0.0,0.0,0.0,0.0,0.0029498525073746312,0.0,0.0,0.0,0.0,0.0,0.0,0.0,0.0,0.0,0.0,0.0,0.0,0.0,0.0,0.0,0.0,0.0,0.0,0.0,0.0,0.0,0.0,0.0,0.0,0.0,0.0,0.0,0.0,0.0,0.0,0.0,0.0,0.0,0.0,0.0,0.0,0.0,0.0,0.0,0.0,0.0,0.0,0.0,0.0,0.0,0.0,0.0,0.0,0.0,0.0,0.0,0.0,0.0,0.0,0.0,0.0,0.0,0.0058997050147492625,0.0,0.0,0.0,0.0,0.0,0.0,0.0,0.0,0.0,0.0,0.0,0.0,0.0,0.0,0.0,0.0,0.004424778761061947,0.0,0.0,0.0,0.0,0.0,0.0,0.0,0.0,0.0,0.0,0.0,0.0,0.0,0.24926253687315633,0.0,0.0,0.0,0.0,0.0,0.0,0.0,0.0,0.0,0.0,0.0,0.0,0.0,0.0,0.0,0.0,0.0,0.0,0.0,0.0,0.0,0.0,0.0,0.0,0.0,0.0,0.0,0.0,0.0,0.0,0.0,0.0,0.0,0.0,0.0,0.008849557522123894,0.0,0.0,0.0,0.0,0.07817109144542773,0.0,0.0,0.0,0.0,0.0,0.0,0.0,0.0,0.0,0.0,0.0,0.0,0.0
293 PAS-MV Ebf2 Gly-Gaba,0.0,0.0,0.0,0.0,0.0,0.0,0.0,0.0,0.0,0.0,0.0,0.0,0.0,0.0,0.0,0.0,0.0,0.0,0.0,0.0,0.0,0.0,0.0,0.0,0.0,0.0,0.0,0.0,0.0,0.0,0.0,0.0,0.0,0.0,0.0,0.0,0.0,0.0,0.0,0.022104332449160036,0.0,0.0,0.0,0.0,0.0,0.0,0.0,0.0,0.0017683465959328027,0.0,0.0,0.0,0.2458001768346596,0.0,0.0,0.0017683465959328027,0.0,0.0,0.0,0.0,0.0017683465959328027,0.0,0.0,0.0,0.0,0.0,0.01768346595932803,0.0,0.0,0.0,0.0,0.0,0.0,0.0,0.0,0.005305039787798408,0.0,0.0,0.0,0.0,0.0,0.0008841732979664014,0.0,0.0,0.0,0.0,0.0,0.0,0.0,0.0,0.0,0.0008841732979664014,0.0,0.0,0.0,0.0,0.0,0.0,0.0,0.0,0.0,0.00618921308576481,0.0,0.0008841732979664014,0.0,0.0,0.0,0.0,0.0,0.0,0.0035366931918656055,0.0,0.0,0.0,0.0,0.0,0.0,0.0,0.0,0.0,0.0,0.0,0.0,0.0,0.0,0.0,0.0,0.0,0.0,0.0,0.0,0.0,0.0,0.0,0.0,0.0,0.0,0.0,0.0,0.0,0.0,0.0,0.0,0.0,0.0,0.0,0.0,0.0,0.0,0.21573828470380194,0.03978779840848806,0.0,0.0,0.0,0.0,0.0,0.05305039787798409,0.0,0.0,0.0,0.0,0.004420866489832007,0.0,0.0,0.0,0.0,0.0,0.0,0.0,0.0,0.0,0.0,0.0,0.0,0.0,0.0,0.03359858532272325,0.0017683465959328027,0.0017683465959328027,0.0,0.0,0.0008841732979664014,0.0,0.0,0.0,0.0,0.0,0.0,0.0,0.0,0.0008841732979664014,0.0,0.0,0.0,0.0,0.0,0.0,0.0,0.0,0.0,0.0,0.0,0.0,0.0,0.0,0.0,0.0,0.0,0.0008841732979664014,0.0,0.002652519893899204,0.0,0.0,0.0,0.0,0.0,0.0,0.0,0.0,0.0,0.0,0.0,0.0,0.0,0.0,0.0,0.0,0.0,0.0,0.0,0.0,0.0,0.0,0.0,0.0,0.0,0.0,0.0,0.0,0.0,0.0,0.0,0.0,0.0,0.0,0.0,0.0,0.0,0.0,0.0,0.0,0.0,0.0,0.0,0.0,0.0,0.0,0.0,0.0,0.0,0.0,0.0,0.0,0.0,0.0,0.0,0.0,0.0,0.14765694076038904,0.0,0.013262599469496022,0.0,0.0,0.0,0.0,0.0,0.0,0.0,0.0,0.0,0.0,0.0,0.0,0.0,0.0,0.01237842617152962,0.0,0.0,0.0,0.0,0.0,0.0,0.0,0.0,0.0,0.0,0.0,0.0,0.0,0.07250221043324491,0.01856763925729443,0.0,0.0,0.0,0.0,0.0017683465959328027,0.0,0.0,0.0,0.0,0.0,0.0,0.0,0.0,0.0,0.0,0.0,0.0,0.0,0.0,0.0,0.0,0.0,0.0,0.0,0.0,0.0,0.0,0.0,0.007073386383731211,0.0017683465959328027,0.0,0.0,0.0,0.0,0.002652519893899204,0.01237842617152962,0.0,0.0008841732979664014,0.0,0.029177718832891247,0.0,0.0,0.0,0.0,0.0,0.0,0.0,0.0,0.0,0.0,0.0017683465959328027,0.01237842617152962,0.0017683465959328027
294 MV Pax6 Gly-Gaba,0.0,0.0,0.0,0.0,0.0,0.0,0.0,0.0,0.0,0.0,0.0,0.0,0.0,0.0,0.0,0.0,0.0,0.0,0.0,0.0,0.0,0.0,0.0,0.0,0.0,0.0,0.0,0.0,0.0,0.0,0.0,0.0,0.0,0.0,0.0,0.0,0.0,0.0,0.0,0.07769423558897243,0.0,0.0,0.0,0.0,0.0,0.0,0.0,0.0,0.0,0.0,0.0,0.0,0.0,0.0,0.0,0.0,0.0,0.0,0.0,0.0,0.0,0.0,0.0,0.0,0.0,0.0,0.0,0.0,0.0,0.0,0.0,0.0,0.0,0.0,0.0,0.002506265664160401,0.0,0.0,0.0,0.0,0.0,0.0,0.0,0.0,0.0,0.0,0.0,0.0,0.0,0.0,0.0,0.0,0.0,0.0,0.0,0.0,0.002506265664160401,0.0,0.0,0.0,0.0,0.002506265664160401,0.0,0.002506265664160401,0.0,0.0,0.0,0.0,0.0,0.0,0.002506265664160401,0.0,0.0,0.0,0.0,0.0,0.0,0.0,0.0,0.0,0.0,0.0,0.0,0.0,0.0,0.0,0.0,0.0,0.0,0.0,0.0,0.0,0.0,0.0,0.0,0.0,0.0,0.0,0.0,0.0,0.0,0.0,0.0,0.0,0.0,0.0,0.0,0.0,0.0,0.5137844611528822,0.02506265664160401,0.0,0.0,0.0,0.0,0.0,0.0,0.0,0.0,0.0,0.0,0.0,0.0,0.0,0.0,0.0,0.0,0.0,0.0,0.022556390977443608,0.0,0.0,0.0,0.0,0.0,0.0,0.002506265664160401,0.0,0.002506265664160401,0.0,0.002506265664160401,0.002506265664160401,0.0,0.0,0.002506265664160401,0.0,0.0,0.0,0.0,0.0,0.0,0.0,0.0,0.0,0.0,0.0,0.0,0.0,0.0,0.0,0.0,0.0,0.0,0.0,0.0,0.0,0.0,0.0,0.002506265664160401,0.0,0.0,0.0,0.0,0.0,0.0,0.0,0.0,0.0,0.0,0.0,0.0,0.0,0.0,0.0,0.0,0.0,0.0,0.0,0.0,0.0,0.0,0.0,0.0,0.0,0.0,0.0,0.0,0.0,0.0,0.0,0.0,0.0,0.0,0.0,0.0,0.0,0.0,0.0,0.0,0.0,0.0,0.0,0.0,0.002506265664160401,0.0,0.0,0.0,0.0,0.015037593984962405,0.012531328320802004,0.0,0.0,0.0,0.0,0.0,0.0,0.0,0.0,0.002506265664160401,0.0,0.0,0.0,0.0,0.0,0.0,0.0,0.0,0.0,0.0,0.0,0.0,0.0,0.0,0.0,0.0,0.08270676691729323,0.0,0.0,0.0,0.0,0.0,0.0,0.0,0.0,0.0,0.0,0.0,0.0,0.0,0.09774436090225563,0.0,0.0,0.0,0.0,0.002506265664160401,0.0,0.0,0.0,0.0,0.0,0.0,0.0,0.0,0.0,0.0,0.0,0.0,0.0,0.0,0.0,0.0,0.0,0.0,0.0,0.0,0.0,0.0,0.0,0.0,0.09273182957393483,0.0,0.0,0.0,0.0,0.0,0.002506265664160401,0.0,0.0,0.010025062656641603,0.0,0.010025062656641603,0.0,0.0,0.0,0.0,0.0,0.0,0.0,0.0,0.0,0.0,0.0,0.0,0.002506265664160401
295 CBN Dmbx1 Gaba,0.0,0.0,0.0,0.0,0.0,0.0,0.0,0.0,0.0,0.0,0.0,0.0,0.0,0.002789400278940028,0.0,0.0,0.0,0.0,0.0,0.0,0.0,0.0,0.0,0.0,0.0,0.0,0.0,0.0,0.0,0.0,0.0,0.0,0.0,0.0,0.0,0.0,0.0,0.0,0.0,0.06694560669456066,0.0,0.0041841004184100415,0.0,0.0,0.0,0.0,0.0,0.0,0.0,0.0,0.0,0.0,0.0,0.0,0.0,0.0,0.0,0.0,0.0,0.0,0.199442119944212,0.0,0.0,0.0,0.0,0.0,0.0,0.0,0.0,0.0,0.0,0.0,0.0,0.0,0.0,0.016736401673640166,0.0,0.0,0.0,0.0,0.0,0.0,0.0,0.0,0.0,0.0,0.0,0.0,0.0,0.0,0.0,0.011157601115760111,0.0,0.0,0.0,0.0,0.0,0.0,0.0,0.0,0.0,0.3319386331938633,0.0,0.0,0.0,0.0,0.0,0.0,0.0,0.0,0.005578800557880056,0.0,0.0,0.001394700139470014,0.0,0.0,0.0,0.0,0.0,0.0,0.0,0.0,0.0,0.0,0.0,0.0,0.0,0.0,0.0,0.0,0.0,0.0,0.0,0.0,0.0,0.0,0.0,0.0,0.0,0.0,0.0,0.0,0.0,0.0,0.0,0.0,0.0,0.0,0.0,0.0,0.008368200836820083,0.0,0.0,0.0,0.0,0.0,0.011157601115760111,0.0,0.0,0.0,0.0,0.0,0.0,0.0,0.0,0.0,0.0,0.0,0.0,0.0,0.0,0.0,0.0,0.0,0.0,0.0,0.0,0.0,0.001394700139470014,0.0,0.0,0.001394700139470014,0.0,0.0,0.0,0.0,0.0,0.001394700139470014,0.0,0.0,0.0,0.0,0.0,0.0,0.0,0.0,0.0,0.0,0.0,0.0,0.0,0.0,0.0,0.0,0.0,0.0,0.0,0.0,0.0,0.0,0.0,0.0,0.0,0.0,0.0,0.0,0.0,0.0,0.0,0.0,0.0,0.0,0.0,0.0,0.0,0.0,0.0,0.0,0.0,0.0,0.0,0.0,0.0,0.0,0.0,0.0,0.0,0.0,0.0,0.0,0.0,0.0,0.0,0.0,0.0,0.0,0.0,0.0,0.0,0.0,0.0,0.0,0.0,0.0,0.0,0.0,0.0,0.0,0.0,0.0,0.0,0.001394700139470014,0.0,0.0,0.0,0.0,0.0,0.0,0.0,0.0,0.0,0.0,0.0,0.0,0.0,0.0,0.0,0.0,0.0,0.0,0.0,0.0,0.0,0.0,0.0,0.029288702928870293,0.0,0.0,0.0,0.0,0.0,0.0,0.0,0.0,0.0,0.0,0.0,0.0,0.0,0.001394700139470014,0.026499302649930265,0.0,0.0,0.0,0.0,0.0,0.0,0.0,0.0,0.0,0.0,0.0,0.0,0.0,0.0,0.0,0.0,0.0,0.0,0.0,0.0,0.0,0.0,0.0,0.0,0.0,0.0,0.0,0.0,0.01394700139470014,0.0,0.0,0.0,0.0,0.0,0.24686192468619247,0.0,0.0,0.016736401673640166,0.0,0.0,0.0,0.0,0.0,0.0,0.0,0.0,0.0,0.0,0.0,0.0,0.0,0.0,0.0
296 RPA Pax6 Hoxb5 Gly-Gaba,0.0,0.0,0.0,0.0,0.0,0.0,0.0,0.0,0.0,0.0,0.0,0.0,0.007575757575757576,0.0,0.0,0.0,0.0,0.0,0.0,0.0,0.0,0.0,0.0,0.0,0.0,0.0,0.0,0.0,0.0,0.0,0.0,0.0,0.0,0.0,0.0,0.0,0.0,0.0,0.0,0.0,0.0,0.0,0.0,0.0,0.0,0.0,0.0,0.0,0.0,0.0,0.0,0.0,0.0,0.0,0.0,0.0,0.0,0.0,0.0,0.0,0.0,0.0,0.0,0.0,0.0,0.0,0.0,0.0,0.0,0.0,0.0,0.0,0.0,0.0,0.0,0.0,0.0,0.0,0.0,0.0,0.0,0.04292929292929293,0.0,0.0,0.0,0.0,0.0,0.0,0.0,0.0,0.0,0.0,0.0,0.0,0.0,0.0,0.0,0.0,0.0,0.0,0.015151515151515152,0.0,0.0,0.015151515151515152,0.0,0.0,0.0,0.0,0.0,0.0,0.0,0.0,0.0,0.0,0.0,0.0,0.0,0.0,0.0,0.0,0.0,0.0,0.0,0.020202020202020204,0.0,0.0,0.0,0.0,0.0,0.0,0.05808080808080808,0.0,0.0,0.0,0.0,0.0,0.0,0.0,0.0,0.0,0.0,0.0,0.0,0.0,0.0,0.0,0.0,0.0,0.0,0.0,0.3409090909090909,0.0,0.0,0.0,0.005050505050505051,0.0,0.0,0.0,0.0,0.0,0.007575757575757576,0.005050505050505051,0.0,0.0,0.0,0.0,0.0,0.0,0.0,0.0025252525252525255,0.0,0.0,0.0,0.0,0.0,0.0,0.012626262626262626,0.0,0.0,0.0,0.0,0.0,0.0,0.0,0.0,0.0,0.0,0.0,0.0,0.0,0.04040404040404041,0.0,0.0,0.0,0.0,0.0,0.0,0.0,0.0,0.0,0.0,0.0,0.0,0.0,0.08080808080808081,0.0,0.0,0.0,0.030303030303030304,0.0,0.0,0.0,0.0,0.0,0.0,0.0,0.0,0.0,0.0,0.0,0.0,0.0,0.0,0.0,0.0,0.0,0.0,0.0,0.0,0.0,0.0,0.0,0.0,0.017676767676767676,0.0,0.007575757575757576,0.11616161616161616,0.0,0.0,0.0,0.0,0.0,0.0,0.0,0.0,0.0,0.0,0.0,0.0,0.0,0.0,0.0,0.0,0.0,0.0,0.0,0.0,0.0,0.0,0.0,0.0,0.0,0.0,0.0,0.005050505050505051,0.0,0.0,0.0,0.0,0.0,0.0025252525252525255,0.0,0.0,0.0,0.0,0.0,0.0,0.0,0.0,0.0,0.0,0.0,0.0,0.0,0.0,0.0,0.0,0.0,0.0,0.0,0.0,0.0,0.0,0.0,0.0,0.0,0.0,0.0,0.0,0.0025252525252525255,0.0,0.0,0.0,0.0,0.007575757575757576,0.007575757575757576,0.0,0.0,0.0,0.0,0.0,0.0,0.0,0.0,0.0,0.0,0.0,0.0,0.0,0.0,0.0,0.0,0.0,0.0,0.0,0.0,0.0,0.0,0.0,0.0,0.0,0.0,0.0,0.0,0.0,0.0,0.0,0.0,0.0,0.0,0.0,0.09595959595959595,0.03282828282828283,0.0,0.0,0.0,0.0,0.0,0.0025252525252525255,0.0,0.012626262626262626,0.005050505050505051,0.0,0.0
297 CU-ECU Pax2 Gly-Gaba,0.0,0.0,0.0,0.0,0.0,0.0,0.0,0.0,0.0,0.0,0.0,0.0,0.0,0.0,0.0,0.0,0.0,0.0,0.0,0.0,0.0,0.0,0.0,0.0,0.0,0.0,0.0,0.0,0.0,0.0,0.0,0.0,0.0,0.0,0.0,0.0,0.0,0.0,0.0,0.03225806451612903,0.0,0.0,0.0,0.0,0.0,0.0,0.0,0.0,0.12903225806451613,0.0,0.0,0.0,0.0,0.0,0.0,0.0,0.0,0.0,0.0,0.0,0.0,0.0,0.0,0.0,0.0,0.0,0.03225806451612903,0.0,0.0,0.0,0.0,0.0,0.0,0.0,0.0,0.0,0.0,0.0,0.0,0.0,0.0,0.0,0.0,0.0,0.0,0.0,0.0,0.0,0.0,0.0,0.0,0.0,0.0,0.0,0.0,0.0,0.0,0.0,0.0,0.0,0.0,0.0,0.0,0.0,0.0,0.0,0.0,0.0,0.0,0.0,0.0,0.0,0.0,0.0,0.0,0.0,0.0,0.0,0.0,0.0,0.0,0.0,0.0,0.0,0.0,0.0,0.0,0.0,0.0,0.0,0.0,0.0,0.0,0.0,0.0,0.0,0.0,0.0,0.0,0.0,0.0,0.0,0.0,0.0,0.0,0.0,0.0,0.0,0.0,0.0,0.22580645161290322,0.0,0.0,0.0,0.0,0.0,0.0,0.0,0.0,0.0,0.0,0.0,0.0,0.0,0.0,0.0,0.0,0.0,0.0,0.0,0.0,0.0,0.0,0.0,0.0,0.0,0.03225806451612903,0.0,0.0,0.0,0.0,0.0,0.0,0.0,0.0,0.0,0.0,0.0,0.0,0.0,0.0,0.0,0.0,0.0,0.0,0.0,0.0,0.0,0.0,0.0,0.0,0.0,0.0,0.0,0.0,0.0,0.0,0.0,0.0,0.0,0.0,0.0,0.0,0.0,0.0,0.0,0.0,0.0,0.0,0.0,0.0,0.0,0.0,0.0,0.0,0.06451612903225806,0.0,0.0,0.0,0.0,0.0,0.0,0.0,0.0,0.0,0.0,0.0,0.0,0.0,0.0,0.0,0.0,0.0,0.0,0.0,0.0,0.0,0.0,0.0,0.0,0.0,0.0,0.0,0.0,0.0,0.0,0.0,0.0,0.0,0.0,0.0,0.0,0.0,0.0,0.0,0.0,0.0,0.0,0.03225806451612903,0.0,0.12903225806451613,0.06451612903225806,0.0,0.0,0.0,0.0,0.0,0.0,0.0,0.0,0.0,0.0,0.0,0.0,0.0,0.0,0.0,0.0,0.0,0.0,0.0,0.0,0.0,0.0,0.0,0.0,0.0,0.0,0.0,0.0,0.0,0.0,0.0,0.0,0.0,0.0,0.0,0.0,0.0,0.0,0.0,0.0,0.0,0.0,0.0,0.0,0.0,0.0,0.0,0.0,0.0,0.0,0.0,0.0,0.0,0.0,0.0,0.0,0.0,0.0,0.1935483870967742,0.0,0.0,0.0,0.0,0.0,0.0,0.0,0.06451612903225806,0.0,0.0,0.0,0.0,0.0,0.0,0.0,0.0,0.0,0.0,0.0,0.0,0.0,0.0,0.0
298 PRP Gata3 Slc6a5 Gly-Gaba,0.0,0.0,0.0,0.0,0.0,0.0,0.0,0.0,0.0,0.0,0.0,0.0,0.0,0.0,0.0,0.0,0.0,0.0,0.0,0.0,0.0,0.0,0.0,0.0,0.0,0.0,0.0,0.0,0.0,0.0,0.0,0.0,0.0,0.0,0.0,0.0,0.0,0.0,0.0,0.0,0.0,0.0,0.0,0.0,0.0,0.0,0.0,0.0,0.0,0.0,0.0,0.0,0.0,0.0,0.0,0.0,0.0,0.0,0.0,0.0,0.0,0.0,0.0,0.0,0.0,0.0,0.0,0.0,0.0,0.0,0.0,0.0,0.0,0.0,0.0,0.0,0.0,0.0,0.0,0.0,0.0,0.013761467889908258,0.0,0.0,0.0,0.0,0.0,0.0,0.0,0.0,0.0,0.0,0.0,0.0,0.0,0.0,0.0,0.0,0.0,0.0,0.0,0.0,0.0,0.0,0.0,0.0,0.0,0.0,0.0,0.0,0.0,0.0,0.0,0.0,0.0,0.0,0.0,0.0,0.0,0.0,0.0,0.0,0.0,0.0,0.0,0.0,0.0,0.0,0.0,0.0,0.0,0.0,0.0,0.0,0.0,0.0,0.0,0.0,0.0,0.0,0.0,0.0,0.0,0.0,0.0,0.0,0.0,0.0,0.0,0.5275229357798165,0.01834862385321101,0.0,0.0,0.0,0.0,0.0,0.0,0.0,0.0,0.0,0.0,0.0,0.0,0.0,0.0,0.0,0.0,0.0,0.0,0.0,0.0,0.0,0.0,0.0,0.0,0.0,0.0,0.0,0.0,0.0,0.0,0.0,0.0,0.0,0.0,0.0,0.0,0.0,0.0,0.013761467889908258,0.0,0.0,0.0,0.0,0.0,0.0,0.0,0.0,0.0,0.0,0.0,0.0,0.0,0.0,0.0,0.0,0.0,0.0,0.0,0.0,0.11009174311926606,0.0,0.0,0.0,0.0,0.0,0.0,0.0,0.0,0.0,0.0,0.0,0.0,0.0,0.0,0.0,0.0,0.0,0.0,0.0,0.0,0.0,0.0,0.0,0.0,0.0,0.0,0.0,0.0,0.0,0.0,0.0,0.0,0.0,0.0,0.0,0.0,0.0,0.0,0.0,0.0,0.0,0.0,0.0,0.0,0.0,0.0,0.0,0.0,0.0,0.0,0.0,0.0,0.0,0.0,0.0,0.0,0.0,0.0,0.0,0.0,0.0,0.0,0.0,0.0,0.0,0.0,0.0,0.0,0.0,0.0,0.0,0.0,0.0,0.0,0.0,0.0,0.0,0.0,0.0,0.0,0.0,0.0,0.0,0.0,0.0,0.0,0.0,0.0,0.1926605504587156,0.0,0.0,0.0,0.0,0.0,0.0,0.0,0.0,0.0,0.0,0.0,0.0,0.0,0.0,0.0,0.0,0.0,0.0,0.0,0.0,0.0,0.0,0.0,0.0,0.0,0.0,0.0,0.0,0.0,0.0,0.0,0.0,0.0,0.0,0.0,0.0,0.0,0.0,0.0,0.0,0.12385321100917432,0.0,0.0,0.0,0.0,0.0,0.0,0.0,0.0,0.0,0.0,0.0,0.0,0.0
299 MARN-PPY Ngfr Gly-Gaba,0.0,0.0,0.0,0.0,0.0,0.0,0.0,0.0,0.0,0.0,0.0,0.0,0.0,0.0,0.0,0.0,0.0,0.0,0.0,0.0,0.0,0.0,0.0,0.0,0.0,0.0,0.0,0.0,0.0,0.0,0.0,0.0,0.0,0.0,0.0,0.0,0.0,0.0,0.0,0.0,0.0,0.0,0.0,0.0,0.0,0.0,0.0,0.0,0.0,0.0,0.0,0.0,0.0,0.0,0.0,0.0,0.0,0.0,0.0,0.0,0.0,0.0,0.0,0.0,0.0,0.0,0.0,0.0,0.0,0.0,0.0,0.0,0.0,0.0,0.0,0.0,0.0,0.0,0.0,0.0,0.0,0.1492063492063492,0.0,0.0,0.0,0.0,0.0,0.0,0.0,0.0,0.0,0.0,0.0,0.0,0.0,0.0,0.0,0.0,0.0,0.0,0.0,0.0,0.0,0.01904761904761905,0.0,0.0,0.0,0.0,0.0,0.0,0.0,0.0,0.0,0.0,0.0,0.0,0.0,0.0,0.0,0.0,0.0,0.0,0.0,0.0,0.0,0.0,0.0,0.0,0.0,0.0,0.2,0.0,0.0,0.0,0.0,0.0,0.0,0.0,0.0,0.0,0.0,0.0,0.0,0.0,0.0,0.0,0.0,0.0,0.0,0.0031746031746031746,0.12063492063492064,0.0,0.0,0.0,0.0,0.0,0.0,0.0,0.0,0.0,0.0031746031746031746,0.0,0.0,0.0,0.0,0.0,0.0,0.0,0.0,0.06031746031746032,0.0,0.0,0.0,0.0,0.0,0.0,0.025396825396825397,0.0,0.0,0.0,0.0,0.0,0.0,0.0,0.0,0.0,0.0,0.0,0.0,0.0,0.04126984126984127,0.0,0.0,0.0,0.0,0.0,0.0,0.0,0.0,0.0,0.0,0.0,0.0,0.0,0.022222222222222223,0.0,0.0,0.0,0.07936507936507936,0.0,0.0,0.0,0.0,0.0,0.0,0.0,0.0,0.0,0.0,0.0,0.0,0.0,0.0,0.0,0.0,0.0,0.0,0.0,0.0,0.0,0.0,0.0,0.0,0.15555555555555556,0.0,0.0,0.0031746031746031746,0.0,0.0,0.0,0.0,0.0,0.0,0.0,0.0,0.0,0.0,0.0,0.0,0.0,0.0,0.0,0.0,0.0,0.0,0.0,0.0,0.0,0.0,0.0,0.0,0.0,0.0,0.0,0.0,0.0,0.0,0.0,0.0031746031746031746,0.0,0.0,0.0380952380952381,0.0,0.0,0.0,0.0,0.0,0.0,0.0,0.0,0.0,0.0,0.0,0.0,0.0,0.0,0.0,0.0,0.0,0.0,0.0,0.0,0.0,0.0,0.0,0.0,0.0,0.0,0.0,0.0,0.0,0.0,0.0,0.0,0.006349206349206349,0.006349206349206349,0.0,0.0,0.0,0.0,0.0,0.0,0.0,0.0,0.0,0.0,0.0,0.0,0.0,0.0,0.0,0.0,0.0,0.0,0.0,0.0,0.0,0.0,0.0,0.0,0.0,0.0,0.0,0.0,0.0,0.0,0.0,0.0,0.0,0.0,0.0,0.01904761904761905,0.044444444444444446,0.0,0.0,0.0,0.0,0.0,0.0,0.0,0.0,0.0,0.0,0.0
300 PARN-MDRNd-NTS Gbx2 Gly-Gaba,0.0,0.0,0.0,0.0,0.0,0.0,0.0,0.0,0.0,0.0,0.0,0.0,0.0,0.0,0.0,0.0,0.0,0.0,0.0,0.0,0.0,0.0,0.0,0.0,0.0,0.0,0.0,0.0,0.0,0.0,0.0,0.0,0.0,0.0,0.0,0.0,0.0,0.0,0.0,0.0,0.0,0.0,0.0,0.0,0.0,0.0,0.0,0.0,0.002622950819672131,0.0,0.0,0.0,0.025573770491803278,0.0,0.0,0.0,0.0,0.0,0.0,0.0013114754098360656,0.0,0.0,0.0,0.0,0.0,0.0,0.008524590163934427,0.0,0.0,0.0,0.0,0.0,0.0,0.0,0.0,0.0,0.0,0.0,0.0,0.0,0.0,0.0,0.0,0.0,0.0,0.0,0.0,0.0,0.0,0.0,0.0,0.0,0.0,0.0,0.0,0.0,0.0,0.0,0.0,0.0,0.0,0.0,0.0,0.005901639344262295,0.002622950819672131,0.0,0.0,0.0,0.0,0.0,0.0006557377049180328,0.0,0.0,0.0,0.0,0.0,0.0,0.0,0.0,0.0,0.0,0.0,0.0,0.0,0.0,0.0,0.0,0.0,0.0,0.0,0.0,0.0,0.0,0.002622950819672131,0.0,0.0,0.0,0.0,0.0,0.0,0.0,0.0,0.0,0.0,0.0,0.0,0.0006557377049180328,0.0,0.0,0.05377049180327869,0.0839344262295082,0.0,0.0,0.0,0.0013114754098360656,0.0,0.007213114754098361,0.0,0.0,0.0,0.0,0.31540983606557377,0.0,0.0,0.0,0.0,0.0,0.0,0.0,0.0013114754098360656,0.0,0.0,0.0,0.0006557377049180328,0.0,0.0,0.17311475409836066,0.021639344262295083,0.0,0.0,0.0,0.0,0.0,0.0,0.0,0.0,0.0,0.0,0.0,0.0,0.0,0.0,0.0,0.0,0.0,0.0,0.0,0.0,0.0,0.0,0.0,0.0,0.0,0.0,0.0,0.0,0.0,0.0006557377049180328,0.0006557377049180328,0.0,0.0,0.0,0.0,0.0,0.0,0.0,0.0,0.0,0.0,0.0,0.0,0.0,0.0,0.0,0.0,0.0019672131147540984,0.0,0.0,0.0,0.0,0.0,0.0,0.0,0.0,0.0,0.0,0.0,0.0,0.0,0.0,0.0,0.0,0.0,0.0,0.0,0.0,0.0,0.0,0.0,0.0,0.0,0.0,0.0,0.0,0.0,0.0,0.0,0.0,0.0,0.0,0.0,0.0,0.0,0.0,0.0,0.0,0.0,0.0,0.03540983606557377,0.002622950819672131,0.15081967213114755,0.06754098360655737,0.0,0.0,0.0,0.0,0.0,0.0,0.0,0.0,0.0,0.0,0.0,0.0,0.0,0.0,0.0,0.0,0.0,0.0,0.0,0.0,0.0,0.0,0.0,0.0,0.0,0.0,0.0,0.0,0.0,0.0,0.0,0.0,0.0,0.0,0.0,0.0,0.0,0.0,0.0,0.0,0.0,0.0,0.0,0.0,0.0,0.0,0.0,0.0,0.0,0.0,0.0,0.0,0.0,0.0,0.0,0.0,0.0,0.0,0.009180327868852459,0.0,0.0,0.0019672131147540984,0.0,0.0,0.013114754098360656,0.0,0.0013114754098360656,0.0,0.0006557377049180328,0.0,0.0006557377049180328,0.0,0.0,0.0,0.0,0.0,0.0,0.0,0.0,0.003278688524590164,0.0013114754098360656,0.0
301 MV Nr4a2 Gly-Gaba,0.0,0.0,0.0,0.0,0.0,0.0,0.0,0.0,0.0,0.0,0.0,0.0,0.0,0.0,0.0,0.0,0.0,0.0,0.0,0.0,0.0,0.0,0.0,0.0,0.0,0.0,0.0,0.0,0.0,0.0,0.0,0.0,0.0,0.0,0.0,0.0,0.0,0.0,0.0,0.0,0.0,0.0,0.0,0.0,0.0,0.0,0.0,0.0,0.0,0.0,0.0,0.0,0.0,0.0,0.0,0.0,0.0,0.0,0.0,0.0,0.0,0.0,0.0,0.0,0.0,0.0,0.0,0.0,0.0,0.0,0.0,0.0,0.0,0.0,0.0,0.0,0.0,0.0,0.0,0.0,0.0,0.0,0.0,0.0,0.0,0.0,0.0,0.0,0.0,0.0,0.0,0.0,0.0,0.0,0.0,0.0,0.0,0.0,0.0,0.0,0.0,0.0,0.0,0.0,0.0,0.0,0.0,0.0,0.0,0.0,0.0,0.0,0.0,0.0,0.0,0.0,0.0,0.0,0.0,0.0,0.0,0.0,0.0,0.0,0.0,0.0,0.0,0.0,0.0,0.0,0.0,0.0,0.0,0.0,0.0,0.0,0.0,0.0,0.0,0.0,0.0,0.0,0.0,0.0,0.0,0.0,0.0,0.0,0.0,0.07142857142857142,0.05357142857142857,0.0,0.0,0.0,0.0,0.0,0.0,0.0,0.0,0.0,0.0,0.0,0.0,0.0,0.0,0.0,0.0,0.0,0.0,0.23214285714285715,0.05357142857142857,0.0,0.0,0.0,0.0,0.0,0.14285714285714285,0.0,0.125,0.0,0.0,0.017857142857142856,0.0,0.0,0.0,0.0,0.0,0.0,0.0,0.0,0.0,0.0,0.0,0.0,0.0,0.0,0.0,0.0,0.0,0.0,0.0,0.0,0.0,0.0,0.0,0.0,0.0,0.0,0.0,0.0,0.0,0.0,0.0,0.0,0.017857142857142856,0.0,0.0,0.0,0.0,0.0,0.0,0.0,0.0,0.0,0.0,0.0,0.0,0.0,0.0,0.0,0.0,0.0,0.0,0.0,0.0,0.0,0.0,0.0,0.0,0.0,0.0,0.0,0.0,0.0,0.0,0.0,0.0,0.0,0.0,0.0,0.0,0.0,0.0,0.0,0.0,0.0,0.0,0.0,0.0,0.0,0.0,0.0,0.0,0.0,0.03571428571428571,0.0,0.0,0.0,0.0,0.0,0.0,0.0,0.0,0.0,0.0,0.0,0.0,0.0,0.0,0.0,0.0,0.0,0.0,0.0,0.16071428571428573,0.0,0.0,0.0,0.0,0.0,0.0,0.0,0.0,0.0,0.0,0.0,0.0,0.05357142857142857,0.0,0.0,0.0,0.0,0.0,0.0,0.0,0.0,0.0,0.0,0.0,0.0,0.0,0.0,0.0,0.0,0.0,0.0,0.0,0.0,0.0,0.0,0.0,0.0,0.0,0.0,0.0,0.0,0.0,0.0,0.0,0.0,0.017857142857142856,0.0,0.0,0.0,0.0,0.0,0.0,0.0,0.0,0.0,0.0,0.0,0.0,0.0,0.0,0.0,0.0,0.0,0.017857142857142856,0.0,0.0,0.0,0.0,0.0
302 MV Xdh Gly-Gaba,0.0,0.0,0.0,0.0,0.0,0.0,0.0,0.0,0.0,0.0,0.0,0.0,0.0,0.0,0.0,0.0,0.0,0.0,0.0,0.0,0.0,0.0,0.0,0.0,0.0,0.0,0.0,0.0,0.0,0.0,0.0,0.0,0.0,0.0,0.0,0.0,0.0,0.0,0.0,0.0,0.0,0.0,0.0,0.0,0.0,0.0,0.0,0.0,0.0,0.0,0.0,0.0,0.0,0.0,0.0,0.0,0.0,0.0,0.0,0.0,0.0,0.0,0.0,0.0,0.0,0.0,0.0,0.0,0.0,0.0,0.0,0.0,0.0,0.0,0.0,0.0,0.0,0.0,0.0,0.0,0.0,0.0,0.0,0.0,0.0,0.0,0.0,0.0,0.0,0.0,0.0,0.0,0.0,0.0,0.0,0.0,0.0,0.0,0.0,0.0,0.0,0.0,0.0,0.0,0.0,0.0,0.0,0.0,0.0,0.0,0.0,0.0,0.0,0.0,0.0,0.0,0.0,0.0,0.0,0.0,0.0,0.0,0.0,0.0,0.0,0.0,0.0,0.0,0.0,0.0,0.0,0.0,0.0,0.0,0.0,0.0,0.0,0.0,0.0,0.0,0.0,0.0,0.0,0.0,0.0,0.0,0.0,0.0,0.0,0.2777777777777778,0.023809523809523808,0.0,0.0,0.0,0.0,0.0,0.0,0.0,0.0,0.0,0.0,0.0,0.0,0.0,0.0,0.0,0.0,0.0,0.0,0.29365079365079366,0.007936507936507936,0.0,0.0,0.0,0.0,0.0,0.21428571428571427,0.0,0.15873015873015872,0.0,0.0,0.0,0.0,0.0,0.0,0.0,0.0,0.0,0.0,0.0,0.0,0.0,0.0,0.0,0.0,0.0,0.0,0.0,0.0,0.0,0.0,0.0,0.0,0.0,0.0,0.0,0.0,0.0,0.0,0.0,0.0,0.0,0.0,0.0,0.0,0.0,0.0,0.0,0.0,0.0,0.0,0.0,0.0,0.0,0.0,0.0,0.0,0.0,0.0,0.0,0.0,0.0,0.0,0.0,0.0,0.0,0.0,0.0,0.0,0.0,0.0,0.0,0.0,0.0,0.0,0.0,0.0,0.0,0.0,0.0,0.0,0.0,0.0,0.0,0.0,0.0,0.0,0.0,0.0,0.0,0.0,0.0,0.0,0.0,0.0,0.0,0.0,0.0,0.0,0.0,0.0,0.0,0.0,0.0,0.0,0.0,0.0,0.0,0.0,0.0,0.0,0.0,0.0,0.0,0.0,0.0,0.0,0.0,0.0,0.0,0.0,0.0,0.0,0.0,0.0,0.0,0.0,0.015873015873015872,0.0,0.0,0.0,0.0,0.0,0.0,0.0,0.007936507936507936,0.0,0.0,0.0,0.0,0.0,0.0,0.0,0.0,0.0,0.0,0.0,0.0,0.0,0.0,0.0,0.0,0.0,0.0,0.0,0.0,0.0,0.0,0.0,0.0,0.0,0.0,0.0,0.0,0.0,0.0,0.0,0.0,0.0,0.0,0.0,0.0,0.0,0.0,0.0,0.0,0.0,0.0,0.0,0.0,0.0,0.0,0.0,0.0
303 IRN Dmbx1 Pax2 Gly-Gaba,0.0,0.0,0.0,0.0,0.0,0.0,0.0,0.0,0.0,0.0,0.0,0.0,0.008379888268156424,0.0,0.0,0.0,0.0,0.0,0.0,0.0,0.0,0.0,0.0,0.0,0.0,0.0,0.0,0.0,0.0,0.0,0.0,0.0,0.0,0.0,0.0,0.0,0.0,0.0,0.0,0.0,0.0,0.0,0.0,0.0,0.0,0.0,0.0,0.0,0.0,0.0,0.0,0.0,0.0,0.0,0.0,0.0,0.0,0.0,0.0,0.002793296089385475,0.0,0.0,0.0,0.0,0.0,0.0,0.0,0.0,0.0,0.0,0.0,0.0,0.0,0.0,0.0,0.0,0.0,0.0,0.0,0.0,0.0,0.0111731843575419,0.0,0.0,0.0,0.0,0.0,0.0,0.0,0.0,0.0,0.0,0.0,0.0,0.0,0.0,0.0,0.0,0.0,0.0,0.0,0.0,0.0,0.29329608938547486,0.0,0.0,0.0,0.0,0.0,0.0,0.0,0.0,0.0,0.0,0.0,0.0,0.0,0.0,0.013966480446927373,0.0,0.0,0.0,0.0,0.0,0.0,0.0,0.0,0.0,0.0,0.0,0.0,0.0,0.0,0.013966480446927373,0.0,0.0,0.0,0.0,0.0,0.0,0.0,0.0,0.0,0.0,0.0,0.0,0.0,0.0,0.0,0.0,0.0782122905027933,0.0,0.0,0.0,0.0,0.0,0.0,0.0,0.0,0.0,0.0,0.1005586592178771,0.0,0.0,0.0,0.0,0.0,0.0,0.0,0.0,0.0,0.0,0.0,0.0,0.0,0.0,0.26536312849162014,0.002793296089385475,0.0,0.0,0.0,0.0,0.0,0.0,0.0,0.0,0.0,0.0,0.0,0.0,0.0893854748603352,0.0,0.0,0.0,0.0,0.0,0.0,0.0,0.0,0.0,0.0,0.0,0.0,0.0,0.027932960893854747,0.0,0.0,0.0,0.0,0.0,0.0,0.0,0.0,0.0,0.0,0.0,0.0,0.0,0.0,0.0,0.0,0.0,0.0,0.0,0.0,0.0,0.0,0.0,0.0,0.0,0.0,0.0,0.0,0.0,0.0,0.0,0.0,0.0,0.0,0.0,0.0,0.0,0.0,0.0,0.0,0.0,0.0,0.0,0.0,0.0,0.0,0.0,0.0,0.0,0.0,0.0,0.0,0.0,0.0,0.0,0.0,0.0,0.0,0.0,0.002793296089385475,0.0,0.0,0.0,0.002793296089385475,0.0,0.05307262569832402,0.0,0.0,0.0,0.0,0.0,0.0,0.0,0.0,0.0,0.0,0.0,0.0,0.0,0.0,0.0,0.0,0.0,0.0,0.0,0.0,0.0,0.0,0.0,0.0,0.0,0.0,0.0,0.0,0.0,0.0,0.0,0.0,0.0,0.0223463687150838,0.0,0.0,0.0,0.0,0.0,0.0,0.0,0.0,0.0,0.0,0.0,0.0,0.0,0.0,0.0,0.0,0.0,0.0,0.0,0.0,0.0,0.0,0.0,0.0,0.0,0.0,0.0,0.0,0.0,0.0,0.0,0.0,0.0,0.0,0.0,0.0,0.008379888268156424,0.0,0.0,0.0,0.0,0.0,0.0,0.0,0.0,0.0,0.002793296089385475,0.0,0.0
304 NTS-PARN Neurod2 Gly-Gaba,0.0,0.0,0.0,0.0,0.0,0.0,0.0,0.0,0.0,0.0,0.0,0.0,0.0016787912702853946,0.0,0.0,0.0,0.04588696138780078,0.0,0.0,0.0,0.0,0.0,0.0,0.0,0.0,0.0,0.0,0.0,0.0,0.0,0.0,0.0,0.0,0.0,0.0,0.0,0.0,0.0,0.0,0.0005595970900951316,0.0,0.0,0.0,0.0,0.0,0.0,0.0,0.0,0.001119194180190263,0.0,0.0005595970900951316,0.0,0.005595970900951315,0.0005595970900951316,0.0,0.0027979854504756574,0.0,0.0,0.0,0.005595970900951315,0.0,0.0,0.0,0.0,0.0,0.0,0.0,0.0,0.0,0.0,0.0,0.0,0.0,0.0,0.0005595970900951316,0.0005595970900951316,0.0,0.0,0.0,0.0,0.0,0.0,0.0,0.0,0.0,0.0005595970900951316,0.0,0.0,0.0,0.0,0.0,0.0,0.0,0.0,0.0,0.0,0.0,0.0,0.0,0.0,0.0,0.0,0.0,0.020145495243424735,0.0,0.0,0.0,0.0,0.0,0.0,0.0,0.0,0.0,0.0,0.0,0.0,0.0,0.0,0.00391717963066592,0.0,0.0,0.0,0.0,0.0,0.0,0.0,0.0,0.0,0.0,0.0,0.0,0.001119194180190263,0.0,0.0005595970900951316,0.0,0.0,0.0,0.0,0.0,0.0,0.0,0.0,0.0,0.0,0.0,0.0,0.0005595970900951316,0.0,0.0,0.048125349748181306,0.06827084499160604,0.0,0.0,0.0,0.0,0.0,0.03413542249580302,0.0,0.0,0.0,0.0,0.26357022943480696,0.0,0.0,0.0,0.0,0.0,0.0,0.0,0.01510912143256855,0.0016787912702853946,0.0,0.0,0.0016787912702853946,0.0,0.0,0.11135982092893117,0.006155567991046447,0.003357582540570789,0.0,0.0016787912702853946,0.0,0.0,0.0,0.0,0.0,0.0,0.0,0.0,0.0,0.002238388360380526,0.0,0.0,0.0,0.0,0.0,0.0,0.0,0.0,0.0,0.0,0.0,0.0,0.0,0.0,0.0,0.0,0.0,0.002238388360380526,0.0005595970900951316,0.0,0.0,0.0,0.0,0.003357582540570789,0.0,0.0,0.0,0.0,0.0,0.0,0.0,0.0,0.0,0.0,0.0,0.0,0.0,0.0,0.0,0.0,0.0,0.0,0.0,0.0,0.0,0.0,0.0,0.0,0.0,0.0,0.0,0.0,0.0,0.0,0.0,0.0,0.0,0.0,0.0,0.0,0.0,0.0,0.0,0.0,0.0,0.0,0.0,0.0,0.0,0.0,0.0,0.0,0.0,0.008953553441522105,0.0,0.0,0.0,0.0817011751538892,0.0,0.041969781757134866,0.05036373810856184,0.0,0.0,0.0,0.0,0.0,0.0,0.0,0.0,0.0,0.0,0.0,0.0,0.003357582540570789,0.0,0.0,0.0,0.0,0.0,0.0,0.0,0.0,0.0,0.0,0.0,0.056519306099608285,0.001119194180190263,0.0,0.0016787912702853946,0.001119194180190263,0.0,0.0027979854504756574,0.0,0.0027979854504756574,0.0027979854504756574,0.001119194180190263,0.0,0.0,0.0,0.0,0.0,0.0,0.0,0.0,0.0,0.0,0.0,0.0,0.0,0.0,0.0,0.0,0.0,0.0,0.0,0.0,0.0,0.0,0.0,0.020705092333519866,0.0,0.0,0.0,0.002238388360380526,0.0,0.0408505875769446,0.0,0.008393956351426972,0.0,0.0027979854504756574,0.0,0.0,0.0,0.0,0.0,0.0,0.0,0.00783435926133184,0.0,0.0,0.001119194180190263,0.00391717963066592,0.0
305 SPVI-SPVC Sall3 Nfib Gly-Gaba,0.0,0.0,0.0,0.0,0.0,0.0,0.0,0.0,0.0,0.0,0.0,0.0,0.0,0.0,0.0,0.0,0.0,0.0,0.0,0.0,0.0,0.0,0.0,0.0,0.0,0.0,0.0,0.0,0.0,0.0,0.0,0.0,0.0,0.0,0.0,0.0,0.0,0.0,0.0,0.011224489795918367,0.0,0.0,0.0,0.0,0.0,0.0,0.0,0.0,0.06326530612244897,0.0,0.0,0.0,0.009183673469387756,0.0,0.0,0.0,0.0,0.0,0.0,0.0,0.0,0.0,0.0,0.0,0.0,0.0,0.017346938775510204,0.0,0.0,0.0,0.0,0.0,0.0,0.0,0.0,0.0,0.0,0.0,0.0,0.0,0.0,0.0,0.0,0.0,0.0,0.0,0.0,0.0,0.0,0.0,0.0,0.0,0.0,0.0,0.0,0.0,0.0,0.0,0.0,0.0,0.0,0.0,0.0,0.0,0.0,0.0,0.0,0.0,0.0,0.0,0.0,0.0,0.0,0.0,0.0,0.0,0.0,0.0,0.0,0.0,0.0,0.0,0.0,0.0,0.0,0.0,0.0,0.0,0.0,0.0,0.0,0.0,0.0,0.0,0.0,0.0,0.0,0.0,0.0,0.0,0.0,0.0,0.0,0.0,0.0,0.0,0.0,0.0,0.0,0.0,0.12857142857142856,0.0,0.0,0.0,0.0,0.0,0.0010204081632653062,0.0,0.0,0.0,0.0,0.025510204081632654,0.0,0.0,0.0,0.0,0.0,0.0,0.0,0.0,0.0,0.0,0.0,0.0,0.0,0.0,0.013265306122448979,0.003061224489795918,0.0,0.0,0.0,0.0,0.0,0.0,0.0,0.0,0.0,0.0010204081632653062,0.0,0.0,0.0,0.0,0.0,0.0,0.0,0.0,0.0,0.0,0.0,0.0,0.0,0.0,0.0,0.0,0.0,0.0,0.0,0.006122448979591836,0.0,0.0,0.0,0.0,0.0,0.0,0.0,0.0,0.0,0.0,0.0,0.0,0.0,0.0,0.0,0.0,0.0,0.03571428571428571,0.0,0.0,0.0,0.0,0.0,0.0,0.0,0.0,0.0,0.0,0.0,0.0,0.0,0.0,0.0,0.0,0.0,0.0,0.0,0.0,0.0,0.0,0.0,0.0,0.0,0.0,0.0,0.0,0.0,0.0,0.0,0.0,0.0,0.0,0.0,0.0,0.0,0.0,0.0,0.0,0.0,0.0,0.011224489795918367,0.0,0.4826530612244898,0.006122448979591836,0.0,0.0,0.0,0.0,0.0,0.0,0.0,0.0,0.0,0.0,0.0,0.0,0.0,0.0,0.0,0.0,0.0,0.0,0.0,0.0,0.0,0.0,0.0,0.0,0.0,0.0,0.0,0.0,0.02346938775510204,0.0,0.0,0.0,0.0,0.0,0.0,0.0,0.0,0.0,0.0,0.0,0.0,0.0,0.0,0.0,0.0,0.0,0.0,0.0,0.0,0.0,0.0,0.0,0.0,0.0,0.0,0.0,0.0,0.0,0.05714285714285714,0.0,0.0,0.0,0.0,0.0010204081632653062,0.011224489795918367,0.0,0.019387755102040816,0.0,0.015306122448979591,0.0,0.0,0.0,0.0,0.0,0.0,0.0,0.0,0.0,0.0,0.05510204081632653,0.0020408163265306124,0.0
306 SPVI-SPVC Sall3 Lhx1 Gly-Gaba,0.0,0.0,0.0,0.0,0.0,0.0,0.0,0.0,0.0,0.0,0.0,0.0,0.0,0.0,0.0,0.0,0.0,0.0,0.0,0.0,0.0,0.0,0.0,0.0,0.0,0.0,0.0,0.0,0.0,0.0,0.0,0.0,0.0,0.0,0.0,0.0,0.0,0.0,0.0,0.01066477070742979,0.0,0.0,0.0,0.0,0.0,0.0,0.0,0.0,0.018130110202630643,0.0,0.0,0.0,0.0028439388553146107,0.0,0.0,0.0,0.0,0.0,0.0,0.0,0.0,0.0,0.0,0.0,0.0,0.0,0.011375755421258443,0.0,0.0,0.0,0.0,0.0,0.0,0.0,0.0,0.00035549235691432633,0.0,0.0,0.0,0.0,0.0,0.0017774617845716318,0.0,0.0,0.0,0.0,0.0,0.0,0.0,0.0,0.0,0.0,0.0,0.0,0.0,0.0,0.0,0.0,0.0,0.0,0.0,0.0,0.0,0.008531816565943833,0.0,0.0,0.0,0.0,0.0,0.0,0.00035549235691432633,0.0,0.0,0.0,0.0,0.0,0.0,0.0,0.0,0.0,0.0,0.0,0.0,0.00035549235691432633,0.0,0.0,0.0,0.0,0.0,0.0,0.0,0.0,0.0,0.0,0.0,0.0,0.0,0.0,0.0,0.0,0.0,0.0,0.0,0.0,0.0,0.0,0.0,0.0,0.0,0.001066477070742979,0.09918236757909706,0.0,0.0,0.0,0.0007109847138286527,0.0,0.002132954141485958,0.0,0.0,0.0,0.0,0.002132954141485958,0.0,0.0,0.0,0.0,0.0,0.0,0.0,0.0007109847138286527,0.00035549235691432633,0.0,0.0,0.0,0.0,0.0,0.01066477070742979,0.0,0.0,0.0,0.0,0.0,0.0,0.0,0.0,0.0,0.0,0.001066477070742979,0.0,0.0,0.0007109847138286527,0.0,0.0,0.0,0.0,0.0,0.0,0.0,0.0,0.0,0.0,0.0,0.0,0.0,0.0,0.0,0.0,0.00035549235691432633,0.0017774617845716318,0.00035549235691432633,0.0,0.0,0.0,0.0,0.002132954141485958,0.0,0.0,0.0,0.0,0.0,0.0,0.0,0.0,0.0,0.0,0.061855670103092786,0.0,0.0,0.0,0.0,0.0,0.0,0.0,0.0007109847138286527,0.0,0.0,0.0,0.0,0.0,0.0,0.0,0.0,0.0,0.0,0.0,0.0,0.0,0.0,0.0,0.0,0.0,0.0,0.0,0.0,0.0,0.0,0.0,0.0,0.0,0.0,0.0,0.0,0.0,0.0,0.00035549235691432633,0.0,0.0,0.0,0.0028439388553146107,0.0,0.4479203697120512,0.04514752932811945,0.0,0.0,0.0,0.0,0.0,0.0,0.0,0.0,0.0,0.0,0.0,0.0,0.0,0.00035549235691432633,0.0,0.0,0.0,0.0,0.0,0.0,0.0,0.0,0.0,0.0,0.0,0.0,0.0,0.0,0.017063633131887666,0.0,0.0,0.0,0.0,0.0007109847138286527,0.00035549235691432633,0.0,0.0,0.0,0.0,0.0,0.0,0.0,0.0,0.0,0.0,0.0,0.0,0.0,0.00035549235691432633,0.0,0.0,0.0,0.0,0.0,0.0,0.0,0.0,0.0,0.09776039815143975,0.0,0.0,0.0,0.0035549235691432635,0.0,0.0135087095627444,0.0,0.008531816565943833,0.0,0.01066477070742979,0.00035549235691432633,0.0,0.0,0.0,0.0,0.00035549235691432633,0.0,0.0,0.0,0.00035549235691432633,0.10842516885886953,0.001066477070742979,0.0
307 RO-RPA Pkd2l1 Gaba,0.0,0.0,0.0,0.0,0.0,0.0,0.0,0.0,0.0,0.0,0.0,0.0,0.0,0.0,0.0,0.0,0.0,0.0,0.0,0.0,0.0,0.0,0.0,0.0,0.0,0.0,0.0,0.0,0.0,0.0,0.0,0.0,0.0,0.0,0.0,0.0,0.0,0.0,0.0,0.0,0.0,0.0,0.0,0.0,0.0,0.0,0.0,0.0,0.0,0.0,0.0,0.0,0.0,0.0,0.0,0.0,0.0,0.0,0.0,0.0,0.0,0.0,0.0,0.0,0.0,0.0,0.0,0.0,0.0,0.0,0.0,0.0,0.0,0.0,0.0,0.0,0.0,0.0,0.0,0.0,0.0,0.0,0.0,0.0,0.0,0.0,0.0,0.0,0.0,0.0,0.0,0.0,0.0,0.0,0.0,0.0,0.0,0.0,0.0,0.0,0.0,0.0,0.0,0.0,0.0,0.0,0.0,0.0,0.0,0.0,0.0,0.0,0.0,0.0,0.0,0.0,0.0,0.0,0.0,0.0,0.0,0.0,0.0,0.0,0.0,0.0,0.0,0.0,0.0,0.0,0.0,0.05,0.0,0.0,0.0,0.0,0.0,0.0,0.0,0.0,0.0,0.0,0.0,0.0,0.0,0.0,0.0,0.0,0.0,0.0,0.2,0.0,0.0,0.0,0.05,0.0,0.0,0.0,0.0,0.0,0.0,0.05,0.0,0.0,0.0,0.0,0.0,0.0,0.0,0.0,0.0,0.0,0.0,0.0,0.0,0.0,0.0,0.0,0.0,0.0,0.0,0.0,0.0,0.0,0.0,0.0,0.0,0.0,0.0,0.0,0.0,0.0,0.0,0.0,0.0,0.0,0.0,0.0,0.0,0.0,0.0,0.0,0.0,0.0,0.0,0.0,0.0,0.0,0.0,0.0,0.0,0.0,0.0,0.0,0.0,0.0,0.0,0.0,0.0,0.0,0.0,0.0,0.0,0.0,0.0,0.0,0.0,0.0,0.0,0.0,0.0,0.0,0.0,0.05,0.0,0.0,0.25,0.0,0.0,0.0,0.0,0.0,0.0,0.0,0.0,0.0,0.0,0.0,0.0,0.0,0.0,0.0,0.0,0.0,0.0,0.0,0.0,0.0,0.0,0.0,0.0,0.0,0.0,0.0,0.0,0.0,0.0,0.0,0.0,0.0,0.0,0.0,0.0,0.0,0.0,0.0,0.0,0.0,0.0,0.0,0.0,0.0,0.0,0.0,0.0,0.0,0.0,0.0,0.0,0.0,0.0,0.0,0.0,0.0,0.0,0.0,0.0,0.0,0.0,0.15,0.0,0.0,0.0,0.0,0.0,0.05,0.0,0.0,0.0,0.0,0.0,0.0,0.0,0.0,0.0,0.0,0.0,0.0,0.0,0.0,0.0,0.0,0.0,0.0,0.0,0.0,0.0,0.0,0.0,0.0,0.0,0.0,0.0,0.0,0.0,0.0,0.0,0.0,0.0,0.0,0.0,0.05,0.0,0.0,0.0,0.0,0.0,0.0,0.0,0.0,0.05,0.05,0.0,0.0
308 DCO Il22 Gly-Gaba,0.0,0.0,0.0,0.0,0.0,0.0,0.0,0.0,0.0,0.0,0.0,0.0,0.0,0.0015384615384615385,0.0,0.0,0.0,0.0,0.0,0.0,0.0,0.0,0.0,0.0,0.0,0.0,0.0,0.0,0.0,0.0,0.0,0.0,0.0,0.0,0.0,0.0,0.0,0.0,0.0,0.013076923076923076,0.0,0.0007692307692307692,0.0,0.0,0.0,0.0,0.0,0.0,0.006153846153846154,0.0,0.0,0.0,0.0,0.0019230769230769232,0.0,0.24115384615384616,0.0,0.0,0.0,0.0,0.03769230769230769,0.0,0.0,0.0,0.0,0.0,0.0019230769230769232,0.0,0.0,0.0,0.0,0.0,0.0,0.0,0.06076923076923077,0.006153846153846154,0.0,0.0,0.0,0.0,0.0,0.022692307692307692,0.0,0.0,0.0,0.0,0.0003846153846153846,0.0,0.0,0.0,0.0,0.0038461538461538464,0.0,0.0,0.0,0.0,0.0,0.0,0.0,0.0,0.0,0.004230769230769231,0.0,0.03461538461538462,0.0,0.0,0.0,0.0,0.0,0.0,0.0057692307692307696,0.0,0.0,0.0,0.0,0.0019230769230769232,0.0,0.0,0.0,0.0,0.0,0.0,0.0,0.0003846153846153846,0.0,0.0,0.0,0.0,0.0,0.0,0.0007692307692307692,0.0,0.0,0.0007692307692307692,0.0,0.0,0.0,0.0,0.0,0.0,0.0,0.0,0.0,0.0,0.0,0.0,0.0,0.0,0.0,0.046538461538461535,0.012692307692307692,0.0,0.0,0.0,0.0007692307692307692,0.0,0.002307692307692308,0.0,0.0,0.0,0.0,0.0015384615384615385,0.0,0.0,0.0,0.0,0.0,0.0,0.0,0.009230769230769232,0.002307692307692308,0.0,0.0,0.0,0.0,0.0,0.013461538461538462,0.0,0.0038461538461538464,0.0,0.0,0.0,0.0,0.0,0.0,0.0,0.0,0.07692307692307693,0.0,0.0015384615384615385,0.008846153846153846,0.0,0.0,0.0,0.0,0.0,0.0,0.0,0.0,0.0,0.0,0.0,0.0,0.0,0.0003846153846153846,0.0,0.0,0.0,0.006153846153846154,0.011153846153846153,0.002307692307692308,0.0,0.0,0.0,0.005384615384615384,0.0,0.0,0.0,0.0,0.0,0.0,0.0,0.0,0.0,0.0,0.0007692307692307692,0.0,0.0,0.0,0.0,0.0,0.0,0.0,0.002692307692307692,0.0003846153846153846,0.0,0.0,0.0,0.0,0.0,0.0,0.0003846153846153846,0.0003846153846153846,0.0,0.0,0.0,0.0,0.0,0.0,0.0,0.0,0.0,0.0,0.0,0.0,0.0,0.0,0.0015384615384615385,0.0003846153846153846,0.0,0.0,0.0,0.0,0.0,0.002692307692307692,0.0,0.0,0.0,0.027692307692307693,0.0,0.009615384615384616,0.011923076923076923,0.0,0.0,0.0,0.0,0.0,0.0,0.0,0.0,0.0,0.0,0.0,0.0,0.0,0.006153846153846154,0.0,0.0,0.0,0.0,0.0,0.0,0.0003846153846153846,0.0,0.0,0.0,0.0003846153846153846,0.0,0.0,0.008076923076923077,0.06615384615384616,0.0,0.06384615384615384,0.0,0.0003846153846153846,0.002307692307692308,0.0003846153846153846,0.0,0.0,0.0,0.0,0.0,0.0,0.0,0.0,0.0,0.0,0.0,0.0,0.0,0.0,0.0,0.0,0.0,0.0,0.0,0.0,0.0,0.0,0.005,0.006923076923076923,0.0003846153846153846,0.0,0.0,0.004615384615384616,0.09,0.002692307692307692,0.0007692307692307692,0.009615384615384616,0.0,0.01653846153846154,0.0,0.0,0.0,0.0003846153846153846,0.0,0.0,0.0,0.0,0.0,0.0003846153846153846,0.002692307692307692,0.0003846153846153846,0.001153846153846154
309 CB PLI Gly-Gaba,0.0,0.0,0.0,0.0,0.0,0.0,0.0,0.0,0.0,0.0,0.0,0.0,0.0,0.10449172576832151,0.0,0.0,0.0,0.0,0.0,0.00047281323877068556,0.0,0.0,0.0,0.0,0.0,0.0,0.0,0.0,0.0,0.0,0.0,0.0,0.0,0.0,0.0,0.0,0.0,0.0,0.0,0.012293144208037825,0.0,0.11725768321513003,0.0,0.0,0.0,0.0,0.0,0.0,0.021513002364066194,0.0,0.0,0.0,0.0,0.12293144208037825,0.0,0.002127659574468085,0.03475177304964539,0.0,0.0,0.0,0.026477541371158392,0.0,0.0,0.0,0.0,0.0,0.0,0.0,0.0,0.0,0.0,0.0,0.0,0.0,0.022458628841607566,0.02458628841607565,0.004728132387706856,0.0,0.0,0.0,0.0,0.0,0.0,0.0,0.0,0.0,0.0,0.0,0.0,0.0,0.0,0.0018912529550827422,0.0,0.0,0.0,0.0,0.0,0.0,0.0,0.0,0.0,0.057210401891252954,0.0,0.0,0.0,0.0,0.0,0.0,0.0,0.0,0.00047281323877068556,0.0,0.0,0.0,0.0,0.0,0.0,0.0,0.0,0.0009456264775413711,0.0,0.0,0.0,0.0,0.0,0.0,0.0,0.0,0.0,0.0,0.0,0.00047281323877068556,0.0,0.0,0.0,0.0,0.0,0.0,0.0,0.0,0.0,0.0,0.0,0.0,0.0,0.0,0.0,0.0,0.0,0.0026004728132387705,0.0028368794326241137,0.0,0.0,0.0,0.0,0.0,0.049408983451536645,0.0,0.0,0.0,0.0,0.0,0.0,0.0,0.0,0.0,0.0,0.0,0.0,0.002127659574468085,0.0,0.0,0.0,0.00023640661938534278,0.0,0.0,0.0,0.0,0.0018912529550827422,0.0,0.0,0.0,0.0,0.0,0.0,0.0,0.0,0.04491725768321513,0.0,0.0,0.0,0.0,0.0,0.0,0.0,0.0,0.0,0.0,0.0,0.0,0.0,0.0,0.0,0.0,0.0,0.0,0.0,0.02269503546099291,0.0,0.0,0.0,0.0,0.0,0.0,0.0,0.0,0.0,0.0,0.0,0.0,0.0,0.0,0.0,0.009219858156028368,0.0,0.0,0.0,0.0,0.0,0.0,0.0,0.0,0.0,0.0,0.0,0.0,0.0,0.0,0.0,0.0,0.0,0.0,0.0,0.0,0.0,0.0,0.0,0.0,0.0,0.0,0.0,0.0,0.0,0.0,0.0,0.0,0.00023640661938534278,0.12955082742316784,0.0,0.0,0.0,0.0,0.0,0.0,0.0,0.0,0.0,0.0,0.0,0.0,0.0,0.0,0.0,0.0,0.0,0.0,0.0,0.0,0.0,0.0,0.0,0.0,0.0,0.0,0.0,0.006855791962174941,0.0,0.0,0.0,0.0,0.0,0.0,0.0,0.0,0.0,0.0,0.03380614657210402,0.0,0.0,0.0030732860520094564,0.0035460992907801418,0.0,0.0028368794326241137,0.0,0.0,0.0,0.0,0.0,0.0,0.0,0.0,0.0,0.0,0.0,0.0,0.0,0.0,0.0,0.0,0.0,0.0,0.0,0.0,0.0,0.0,0.0,0.0,0.0,0.0,0.002127659574468085,0.0,0.0,0.0,0.0,0.0,0.09952718676122932,0.0,0.0,0.0037825059101654845,0.0,0.00047281323877068556,0.0,0.0,0.0,0.0,0.0,0.0,0.0,0.0,0.0,0.0,0.022458628841607566,0.0,0.0007092198581560284
310 CBX Golgi Gly-Gaba,0.0,0.0,0.0,0.0,0.0,0.0,0.0,0.0,0.0,0.0,0.0,0.0,0.0,0.1297043010752688,0.0,0.0,0.0,0.0,0.0,0.0,0.0,0.0,0.0,0.0,0.0,0.0,0.0,0.0,0.0,0.0,0.0,0.0,0.0,0.0,0.0,0.0,0.0,0.0,0.0,0.003360215053763441,0.0,0.11693548387096774,0.0,0.0,0.0,0.0,0.0,0.0,0.02620967741935484,0.0,0.0,0.0,0.0,0.1821236559139785,0.0,0.009408602150537635,0.0456989247311828,0.0,0.0,0.0,0.004704301075268817,0.0,0.0,0.0,0.0,0.0,0.0,0.0,0.0,0.0,0.0,0.0,0.0,0.0,0.024193548387096774,0.0020161290322580645,0.002688172043010753,0.0,0.0,0.0,0.0,0.0,0.0,0.0,0.0,0.0,0.0,0.0,0.0,0.0,0.0,0.0,0.0,0.0,0.0,0.0,0.0,0.0,0.0,0.0,0.0,0.0020161290322580645,0.0,0.0,0.0,0.0,0.0,0.0,0.0,0.0,0.0,0.0,0.0,0.0,0.0,0.0,0.0,0.0,0.0,0.0020161290322580645,0.0,0.0,0.0,0.0,0.0,0.0,0.0,0.0,0.0,0.0,0.0,0.0006720430107526882,0.0,0.0,0.0,0.0,0.0,0.0,0.0,0.0,0.0,0.0,0.0,0.0,0.0,0.0,0.0,0.0,0.0,0.0,0.0020161290322580645,0.0,0.0,0.0,0.0,0.0,0.03024193548387097,0.0,0.0,0.0,0.0,0.0,0.0,0.0,0.0,0.0,0.0,0.0,0.0,0.002688172043010753,0.0,0.0,0.0,0.0,0.0,0.0,0.0,0.0,0.0006720430107526882,0.0,0.0,0.0,0.0,0.0,0.0,0.0,0.0,0.07728494623655914,0.0,0.0,0.0,0.0,0.0,0.0,0.0,0.0,0.0,0.0,0.0,0.0,0.0,0.0,0.0,0.0,0.0,0.0,0.0,0.030913978494623656,0.0,0.0,0.0,0.0,0.0,0.0,0.0,0.0,0.0,0.0,0.0,0.0,0.0,0.0,0.0,0.006048387096774193,0.0,0.0,0.0,0.0,0.0,0.0,0.0,0.0,0.0,0.0,0.0,0.0,0.0,0.0,0.0,0.0,0.0,0.0,0.0,0.0,0.0,0.0,0.0,0.0,0.0,0.0,0.0,0.0,0.0,0.0,0.0,0.0,0.0,0.13306451612903225,0.0,0.0,0.0,0.0,0.0,0.0,0.0,0.0,0.0,0.0,0.0,0.0,0.0,0.0,0.0,0.0,0.0,0.0,0.0,0.0,0.0,0.0,0.0,0.0,0.0,0.0,0.0,0.0,0.0,0.0,0.0,0.0,0.0,0.0,0.0,0.0,0.0,0.0,0.04771505376344086,0.0,0.0,0.0,0.0020161290322580645,0.0,0.004032258064516129,0.0,0.0,0.0,0.0,0.0,0.0,0.0,0.0,0.0,0.0,0.0,0.0,0.0,0.0,0.0,0.0,0.0,0.0,0.0,0.0,0.0,0.0,0.0,0.0,0.0,0.0,0.0,0.0006720430107526882,0.0,0.0,0.0,0.0,0.06048387096774194,0.0,0.0,0.004704301075268817,0.0,0.0006720430107526882,0.0,0.0,0.0,0.0,0.0,0.0,0.0,0.0006720430107526882,0.0,0.0,0.04435483870967742,0.0,0.0
311 CBX MLI Megf11 Gaba,0.0,0.0,0.0,0.0,0.0,0.0,0.0,0.0,0.0,0.0,0.0,0.0,0.0,0.20165419456478928,0.0,0.0,0.0,0.0,0.0,0.0006564264145989234,0.0,0.0,0.0,0.0,0.0,0.0,0.0,0.0,0.0,0.0,0.0,0.0,0.0,0.0,0.0,0.0,0.0,0.0,0.0,0.0016016804516213732,0.0,0.09835893396350269,0.0,0.0,0.0,0.0,0.0,0.0,0.02083497439936983,0.0,0.0,0.0,0.0,0.1360509386897729,0.0,0.00011815675462780622,0.048207955888144936,0.0,0.0,0.0,9.189969804384928e-05,0.0,0.0,0.0,0.0,0.0,0.0,0.0,0.0,0.0,0.0,0.0,0.0,0.0,0.02145201522909282,0.0003413417355914402,0.01054220821845871,0.0,0.0,0.0,0.0,0.0,0.0,0.0,0.0,0.0,0.0,0.0,0.0,0.0,1.3128528291978469e-05,0.0,0.0,0.0,0.0,0.0,0.0,0.0,0.0,0.0,0.0,0.00040698437705133253,0.0,0.0,0.0,0.0,0.0,0.0,0.0,0.0,0.0,0.0,0.0,0.0,0.0,0.0,0.0,0.0,0.0,0.003269003544702639,0.0,0.0,0.0,0.0,0.0,0.0,0.0,0.0,0.0,0.0,0.0,0.000617040829722988,0.0,0.0,0.0,0.0,0.0,0.0,0.0,0.0,0.0,0.0,0.0,0.0,0.0,0.0,0.0,0.0,0.0,0.00015754233950374162,5.2514113167913875e-05,0.0,0.0,0.0,0.0,0.0,0.028698962846264935,0.0,0.0,0.0,0.0,0.0,0.0,0.0,0.0,0.0,0.0,0.0,0.0,0.0,0.0,0.0,0.0,3.9385584875935406e-05,0.0,0.0,0.0,0.0,7.877116975187081e-05,0.0,0.0,0.0,0.0,0.0,0.0,0.0,0.0,0.07547590915058422,0.0,0.0,0.0,0.0,0.0,0.0,0.0,0.0,0.0,0.0,0.0,0.0,0.0,0.0,0.0,0.0,0.0,0.0,0.0,0.06204542470789025,0.0,0.0,0.0,0.0,0.0,0.0,0.0,0.0,0.0,0.0,0.0,0.0,0.0,0.0,0.0,0.01320729946173034,0.0,0.0,0.0,0.0,0.0,0.0,0.0,0.0,0.0,0.0,0.0,0.0,0.0,0.0,0.0,0.0,0.0,0.0,0.0,0.0,0.0,0.0,0.0,0.0,0.0,0.0,0.0,0.0,0.0,0.0,0.0,0.0,0.0,0.14311408691085728,0.0,0.0,0.0,0.0,0.0,0.0,0.0,0.0,0.0,0.0,3.9385584875935406e-05,0.0,0.0,0.0,0.0,0.0,0.0,0.0,0.0,0.0,0.0,0.0,0.0,0.0,0.0,0.0,0.0,0.0,0.0,0.0,0.0,0.0,0.0,0.0,0.0,0.0,0.0,0.0,0.020112905343311015,0.0,0.0,0.0008139687541026651,0.00023631350925561244,0.0,9.189969804384928e-05,0.0,0.0,0.0,0.0,0.0,0.0,0.0,0.0,0.0,0.0,1.3128528291978469e-05,0.0,0.0,0.0,0.0,0.0,0.0,0.0,0.0,0.0,0.0,0.0,0.0,0.0,0.0,0.0,0.0,0.0,0.0,0.0,0.0,0.0,0.015019036366023369,0.0003282132072994617,2.6257056583956937e-05,0.0002888276224235263,0.0,1.3128528291978469e-05,0.0,0.0,0.0,0.0,0.0,0.0,0.0,0.0,0.0,0.0,0.09593015622948667,0.0,0.0
312 CBX MLI Cdh22 Gaba,0.0,0.0,0.0,0.0,0.0,0.0,0.0,0.0,0.0,0.0,0.0,0.0,0.0,0.19988541965052994,0.0,0.0,0.0,0.0,0.0,0.0008020624462904612,0.0,0.0,0.0,0.0,0.0,0.0,0.0,0.0,0.0,0.0,0.0,0.0,0.0,0.0,0.0,0.0,0.0,0.0,0.0,0.001890575766256087,0.0,0.11057003723861358,0.0,0.0,0.0,0.0,0.0,0.0,0.021884846748782584,0.0,0.0,0.0,0.0,0.1429389859639072,0.0,0.00011458034947006589,0.057290174735032943,0.0,0.0,0.0,0.0,0.0,0.0,0.0,0.0,0.0,0.0,0.0,0.0,0.0,0.0,0.0,0.0,0.0,0.012947579490117446,0.00022916069894013177,0.013004869664852477,0.0,0.0,0.0,0.0,0.0,0.0,0.0,0.0,0.0,0.0,0.0,0.0,0.0,0.00011458034947006589,0.0,0.0,0.0,0.0,0.0,0.0,0.0,0.0,0.0,0.0,0.00022916069894013177,0.0,0.0,0.0,0.0,0.0,0.0,0.0,0.0,0.0,0.0,0.0,0.0,0.0,0.0,0.0,0.0,0.0,0.005213405900887998,0.0,0.0,0.0,0.0,0.0,0.0,0.0,0.0,0.0,0.0,0.0,0.0013749641936407907,0.0,0.0,0.0,0.0,0.0,0.0,0.0,0.0,0.0,0.0,0.0,0.0,0.0,0.0,0.0,0.0,0.0,0.00017187052420509884,0.0,0.0,0.0,0.0,0.0,0.0,0.04044686336293326,0.0,0.0,0.0,0.0,0.0,0.0,0.0,0.0,0.0,0.0,0.0,0.0,0.0,0.0,0.0,0.0,0.00011458034947006589,0.0,0.0,0.0,0.0,0.00017187052420509884,0.0,0.0,0.0,0.0,0.0,0.0,0.0,0.0,0.06135777714122028,0.0,0.0,0.0,0.0,0.0,0.0,0.0,0.0,0.0,0.0,0.0,0.0,0.0,0.0,0.0,0.0,0.0,0.0,0.0,0.06462331710111716,0.0,0.0,0.0,0.0,0.0,0.0,0.0,0.0,0.0,0.0,0.0,0.0,0.0,0.0,0.0,0.016843311372099684,0.0,0.0,0.0,0.0,0.0,0.0,0.0,0.0,0.0,0.0,0.0,0.0,0.0,0.0,0.0,0.0,0.0,0.0,0.0,0.0,0.0,0.0,0.0,0.0,0.0,0.0,0.0,0.0,0.0,0.0,0.0,0.0,0.0,0.12111142938985964,0.0,0.0,0.0,0.0,0.0,0.0,0.0,0.0,0.0,0.0,0.0,0.0,0.0,0.0,0.0,0.0,0.0,0.0,0.0,0.0,0.0,0.0,0.0,0.0,0.0,0.0,0.0,0.0,0.0,0.0,0.0,0.0,0.0,0.0,0.0,0.0,0.0,0.0,0.022744199369808076,0.0,0.0,0.0016041248925809223,0.00034374104841019767,0.0,0.0,0.0,0.0,0.0,0.0,0.0,0.0,0.0,0.0,0.0,0.0,0.0,0.0,0.0,0.0,0.0,0.0,0.0,0.0,0.0,0.0,0.0,0.0,0.0,0.0,0.0,0.0,0.0,0.0,0.0,0.0,0.0,0.0,0.013520481237467774,0.0004010312231452306,0.0,0.00034374104841019767,0.0,0.00011458034947006589,0.0,0.0,0.0,0.0,0.0,0.0,0.0,0.0,0.0,0.0,0.08759667716986537,0.0,0.0
313 CBX Purkinje Gaba,0.0,0.0,0.0,0.0,0.0,0.0,0.0,0.0,0.0,0.0,0.0,0.0,0.0,0.1961730449251248,0.0,0.0,0.0,0.0,0.0,0.0,0.0,0.0,0.0,0.0,0.0,0.0,0.0,0.0,0.0,0.0,0.0,0.0,0.0,0.0,0.0,0.0,0.0,0.0,0.0,0.001552967276760954,0.0,0.12473655019412092,0.0,0.0,0.0,0.0,0.0,0.0,0.02617859123682751,0.0,0.0,0.0,0.0,0.1509706045479756,0.0,0.0,0.04714364947310039,0.0,0.0,0.0,0.0,0.0,0.0,0.0,0.0,0.0,0.0,0.0,0.0,0.0,0.0,0.0,0.0,0.0,0.01858014420410427,0.001552967276760954,0.006766500277315585,0.0,0.0,0.0,0.0,5.5463117027176924e-05,0.0,0.0,0.0,0.0,0.0,0.0,0.0,0.0,0.0,0.0,0.0,0.0,0.0,0.0,0.0,0.0,0.0,0.0,0.0,0.0007210205213533001,0.0,0.0,0.0,0.0,0.0,0.0,0.0,0.0,0.0,0.0,0.0,0.0,0.0,0.0,0.0,0.0,0.0,0.0009983361064891847,0.0,0.0,0.0,0.0,0.0,0.0,0.0,0.0,0.0,0.0,0.0,0.00033277870216306157,0.0,0.0,0.0,0.0,0.0,0.0,0.0,0.0,0.0,0.0,0.0,0.0,0.0,0.0,0.0,0.0,0.0,0.00011092623405435385,0.0,0.0,0.0,0.0,0.0,0.0,0.028230726566833057,0.0,0.0,0.0,0.0,0.0,0.0,0.0,0.0,0.0,0.0,0.0,0.0,5.5463117027176924e-05,0.0,0.0,0.0,0.0,0.0,0.0,0.0,0.0,0.00016638935108153079,0.0,0.0,0.0,0.0,0.0,0.0,0.0,0.0,0.0605657237936772,0.0,0.0,0.0,0.0,0.0,0.0,0.0,0.0,0.0,0.0,0.0,0.0,0.0,0.0,0.0,0.0,0.0,0.0,0.0,0.049750415973377704,0.0,0.0,0.0,0.0,0.0,0.0,0.0,0.0,0.0,0.0,0.0,0.0,0.0,0.0,0.0,0.009816971713810315,0.0,0.0,0.0,0.0,0.0,0.0,0.0,0.0,0.0,0.0,0.0,0.0,0.0,0.0,0.0,0.0,0.0,0.0,0.0,0.0,0.0,0.0,0.0,0.0,0.0,0.0,0.0,0.0,0.0,0.0,0.0,0.0,0.0,0.15684969495285636,0.0,0.0,0.0,0.0,0.0,0.0,0.0,0.0,0.0,0.0,0.0,0.0,0.0,5.5463117027176924e-05,0.0,0.0,0.0,0.0,0.0,0.0,0.0,0.0,0.0,0.0,0.0,0.0,0.0,0.0,0.0,0.0,0.0,0.0,0.0,0.0,0.0,0.0,0.0,0.0,0.04154187465335552,0.0,0.0,0.0,0.0,0.0,0.0,0.0,0.0,0.0,0.0,0.0,0.0,0.0,0.0,0.0,0.0,0.0,0.0,0.0,0.0,0.0,0.0,0.0,0.0,0.0,0.0,0.0,0.0,0.0,0.0,0.0,0.0,0.0,5.5463117027176924e-05,0.0,0.0,0.0,0.0,0.023516361619523016,0.0,0.0,0.00011092623405435385,0.0,0.0,0.0,0.0,0.0,0.0,0.0,0.0,0.0,0.0,0.0,0.0,0.05341098169717138,0.0,0.0
314 CB Granule Glut,0.0,0.0,0.0,0.0,0.0,0.0,0.0,0.0,0.0,0.0,0.0,0.0,0.0,0.1398482839567892,0.0,0.0,0.0,0.0,0.0,1.0867911404786229e-05,0.0,0.0,0.0,0.0,0.0,0.0,0.0,0.0,0.0,0.0,0.0,0.0,0.0,0.0,0.0,0.0,0.0,0.0,0.0,0.0021518464581476732,5.433955702393114e-06,0.1533136261873193,0.0,0.0,0.0,0.0,0.0,0.0,0.01818744973590975,0.0,0.0,0.0,0.0,0.16216010607081532,0.0,0.008710630990936162,0.028854304779707435,0.0,0.0,0.0,0.0038418066815919315,0.0,0.0,0.0,0.0,0.0,0.0,0.0,0.0,0.0,0.0,0.0,0.0,0.0,0.025137479079270546,0.003048449149042537,0.004075466776794836,0.0,0.0,0.0,0.0,5.433955702393114e-06,0.0,0.0,0.0,0.0,0.0,0.0,0.0,0.0,5.433955702393114e-06,0.0,0.0,0.0,0.0,0.0,0.0,0.0,0.0,0.0,0.0,0.0019725259199687003,0.0,0.0,0.0,0.0,1.0867911404786229e-05,0.0,0.0,0.0,5.433955702393114e-06,0.0,0.0,0.0,0.0,0.0,0.0,0.0,0.0,0.002298563262112287,0.0,0.0,0.0,0.0,0.0,0.0,0.0,0.0,0.0,0.0,0.0,3.8037689916751795e-05,0.0,0.0,0.0,0.0,0.0,0.0,0.0,0.0,0.0,0.0,0.0,0.0,0.0,0.0,0.0,0.0,0.0,3.260373421435868e-05,0.0021735822809572456,0.0,0.0,0.0,0.0,0.0,0.030245397439520073,0.0,0.0,0.0,0.0,0.0,0.0,0.0,0.0,0.0,0.0,0.0,0.0,0.002553959180124764,0.0,0.0,0.0,5.433955702393114e-06,0.0,2.716977851196557e-05,0.0,0.0,0.0007444519312278566,0.0,0.0,5.433955702393114e-06,0.0,0.0,0.0,0.0,0.0,0.08881800595561545,0.0,0.0,0.0,0.0,0.0,0.0,0.0,0.0,0.0,0.0,0.0,0.0,0.0,0.0,0.0,0.0,0.0,0.0,0.0,0.028702154020040428,0.0,0.0,0.0,0.0,0.0,0.0,9.237724694068294e-05,0.0,0.0,0.0,0.0,0.0,0.0,0.0,0.0,0.006825048362205752,0.0,0.0,0.0,0.0,0.0,0.0,0.0,0.0,0.0,0.0,0.0,0.0,0.0,0.0,0.0,0.0,0.0,0.0,0.0,0.0,0.0,0.0,0.0,0.0,0.0,1.0867911404786229e-05,0.0,0.0,0.0,0.0,0.0,0.0,0.0,0.14458669332927598,0.0,0.0,0.0,0.0,0.0,0.0,0.0,0.0,0.0,0.0,0.0,0.0,0.0,4.3471645619144915e-05,0.0,0.0,0.0,0.0,0.0,0.0,0.0,0.0,0.0,0.0,0.0,0.0,0.0,0.0,0.0,0.0,0.0,0.0,0.0,0.0,0.0,0.0,0.0,0.0,0.028365248766492056,0.0,0.0,0.00032060338644119375,0.0013476210141934923,0.0,0.004472145543069533,0.0,0.0,9.781120264307606e-05,0.0,0.0,0.0,0.0,0.0,0.0,5.433955702393114e-06,1.630186710717934e-05,0.0,0.0,5.433955702393114e-06,0.0,0.0,0.0,0.0,0.0,0.0,0.0,0.0,0.0,0.0,0.0,0.0,0.0,0.0006249049057752081,0.0,0.0,0.0,0.0,0.056263177342578304,0.00013041493685743473,0.0006140369943704219,0.004265655226378595,0.0,0.0004347164561914491,0.0,0.0,0.0,0.0,0.0,0.0,0.0,0.0,0.0,0.0,0.04448236137979003,5.433955702393114e-06,0.0
315 DCO UBC Glut,0.0,0.0,0.0,0.0,0.0,0.0,0.0,0.0,0.0,0.0,0.0,0.0,0.0,0.001694915254237288,0.0,0.0,0.0,0.0,0.0,0.0005649717514124294,0.0,0.0,0.0,0.0,0.0,0.0,0.0,0.0,0.0,0.0,0.0,0.0,0.0,0.0,0.0,0.0,0.0,0.0,0.0,0.01751412429378531,0.0,0.0423728813559322,0.0,0.0,0.0,0.0,0.0,0.0,0.0022598870056497176,0.0,0.0,0.0,0.0,0.023728813559322035,0.0,0.3220338983050847,0.004519774011299435,0.0,0.0,0.0,0.05310734463276836,0.0,0.0,0.0,0.0,0.0,0.0,0.0,0.0,0.0,0.0,0.0,0.0,0.0,0.02937853107344633,0.003389830508474576,0.0,0.0,0.0,0.0,0.0,0.0,0.0,0.0,0.0,0.0,0.0,0.0,0.0,0.0,0.0,0.0,0.0,0.0,0.0,0.0,0.0,0.0,0.0,0.0,0.0,0.0039548022598870055,0.0,0.0,0.0,0.0,0.0005649717514124294,0.0,0.0,0.0,0.0,0.0,0.0,0.0005649717514124294,0.0,0.0,0.0,0.0,0.0,0.0022598870056497176,0.0,0.0,0.0,0.0,0.0,0.0,0.0,0.0,0.0,0.0,0.0,0.0005649717514124294,0.0,0.0,0.0,0.0,0.0,0.0,0.0,0.0,0.0,0.0,0.0,0.0,0.0,0.0,0.0,0.0,0.0,0.014689265536723164,0.01638418079096045,0.0,0.0,0.0,0.004519774011299435,0.0,0.07401129943502825,0.0,0.0,0.0,0.0,0.0,0.0,0.0,0.0,0.0,0.0,0.0,0.0,0.020903954802259886,0.0,0.0,0.0,0.0,0.0,0.0,0.0,0.0,0.015254237288135594,0.0,0.0,0.0005649717514124294,0.0,0.0,0.0,0.0,0.0,0.04463276836158192,0.0,0.0,0.0,0.0,0.0,0.0,0.0,0.0,0.0,0.0,0.0,0.0,0.0,0.0,0.0,0.0,0.0,0.0,0.0,0.0005649717514124294,0.0,0.0,0.0,0.0,0.0,0.0,0.010169491525423728,0.0,0.0,0.0,0.0,0.0,0.0,0.0,0.0,0.002824858757062147,0.0,0.0,0.0,0.0,0.0,0.0,0.0,0.0,0.0,0.0,0.0,0.0,0.0,0.0,0.0,0.0,0.0,0.0,0.0,0.0,0.0,0.0,0.0,0.0,0.0,0.0,0.0,0.0,0.0,0.0,0.0,0.0,0.0,0.005084745762711864,0.0,0.0,0.0,0.0,0.0,0.0,0.005649717514124294,0.0,0.0,0.0,0.0022598870056497176,0.0,0.0,0.001694915254237288,0.0,0.0,0.0,0.0,0.0,0.0,0.0,0.0,0.0,0.0,0.0,0.0,0.0,0.0,0.0,0.0,0.0,0.0,0.0,0.0,0.0,0.0,0.0,0.0,0.025423728813559324,0.0,0.0,0.014124293785310734,0.031638418079096044,0.0,0.05367231638418079,0.0,0.0,0.00903954802259887,0.0,0.0,0.0,0.0,0.0,0.0,0.0,0.0,0.0,0.0,0.0,0.0,0.0,0.0,0.0,0.0,0.0,0.0,0.0,0.0,0.0,0.0,0.0,0.0005649717514124294,0.012429378531073447,0.0,0.0,0.0,0.0,0.08305084745762711,0.0011299435028248588,0.0005649717514124294,0.02768361581920904,0.0,0.005084745762711864,0.0,0.0,0.0,0.0,0.0,0.0,0.0,0.0005649717514124294,0.0,0.0,0.007344632768361582,0.0,0.0
316 Bergmann NN,0.0,0.0,0.0,0.0,0.0,0.0,0.0,0.0,0.0,0.0,0.0,0.0,0.0,0.18461486509303346,0.0,0.0,0.0,0.0,0.0,3.3768952824772905e-05,0.0,0.0,0.0,0.0,0.0,0.0,0.0,0.0,0.0,0.0,0.0,0.0,0.0,0.0,0.0,0.0,0.0,0.0,0.0,0.0012494512545165974,0.0,0.11734711106608584,0.0,0.0,0.0,0.0,0.0,0.0,0.03137135717421403,0.0,0.0,0.0,0.0,0.13132745753554181,0.0,0.0,0.04886367473744639,0.0,0.0,0.0,0.0,0.0,0.0,0.0,0.0,0.0,0.0,0.0,0.0,0.0,0.0,0.0,0.0,0.0,0.0229291189680208,0.00104683753756796,0.00790193496099686,0.0,0.0,0.0,0.0,0.0,0.0,0.0,0.0,0.0,0.0,0.0,0.0,0.0,0.0,0.0,0.0,0.0,0.0,0.0,0.0,0.0,0.0,0.0,0.0,0.00043899638672204776,0.0,0.0,0.0,0.0,0.0,0.0,0.0,0.0,0.0,0.0,0.0,0.0,0.0,0.0,0.0,0.0,0.0,0.004086043291797521,0.0,0.0,0.0,0.0,0.0,0.0,0.0,0.0,0.0,0.0,0.0,0.0005740721980211393,3.3768952824772905e-05,0.0,0.0,0.0,0.0,0.0,0.0,0.0,0.0,0.0,0.0,0.0,0.0,0.0,0.0,0.0,0.0,0.0,0.0,0.0,0.0,0.0,0.0,0.0,0.03839529936176679,0.0,0.0,0.0,0.0,0.0,0.0,0.0,0.0,0.0,0.0,0.0,0.0,0.0,0.0,0.0,0.0,0.0,0.0,0.0,0.0,0.0,0.0,0.0,0.0,0.0,0.0,0.0,0.0,0.0,0.0,0.08334177557153953,0.0,0.0,0.0,0.0,0.0,0.0,0.0,0.0,0.0,0.0,0.0,0.0,0.0,0.0,0.0,0.0,0.0,0.0,0.0,0.05754229561341303,0.0,0.0,0.0,0.0,0.0,0.0,0.0,0.0,0.0,0.0,0.0,0.0,0.0,0.0,0.0,0.012156823016918245,0.0,0.0,0.0,0.0,0.0,0.0,0.0,0.0,0.0,0.0,0.0,0.0,0.0,0.0,0.0,0.0,0.0,0.0,0.0,0.0,0.0,0.0,0.0,0.0,0.0,0.0,0.0,0.0,0.0,0.0,0.0,0.0,0.0,0.13068584743187114,0.0,0.0,0.0,0.0,0.0,0.0,0.0,0.0,0.0,0.0,0.0,0.0,0.0,0.0,0.0,0.0,0.0,0.0,0.0,0.0,0.0,0.0,0.0,0.0,0.0,0.0,0.0,0.0,0.0,0.0,0.0,0.0,0.0,0.0,0.0,0.0,0.0,0.0,0.03474825245669132,0.0,0.0,0.00023638266977341033,0.00010130685847431871,0.0,0.0,0.0,0.0,0.0,0.0,0.0,0.0,0.0,0.0,0.0,0.0,0.0,0.0,0.0,0.0,0.0,0.0,0.0,0.0,0.0,0.0,0.0,0.0,0.0,0.0,0.0,0.0,0.0,0.0,0.0,0.0,0.0,0.0,0.024043494411238306,0.0,0.0,0.0,0.0,6.753790564954581e-05,0.0,0.0,0.0,0.0,0.0,0.0,0.0,0.0,0.0,0.0,0.06686252659305035,0.0,0.0
317 Astro-CB NN,0.0,0.0,0.0,0.0,0.0,0.0,0.0,0.0,0.0,0.0,0.0,0.0,0.0,0.15895016219404307,0.0,0.0,0.0,0.0,0.0,0.0,0.0,0.0,0.0,0.0,0.0,0.0,0.0,0.0,0.0,0.0,0.0,0.0,0.0,0.0,0.0,0.0,0.0,0.0,0.0,0.0023591860808021233,0.0,0.11029194927749926,0.0,0.0,0.0,0.0,0.0,0.0,0.037452079032733704,0.0,0.0,0.0,0.0,0.08817457976997936,0.0002948982601002654,0.008257151282807431,0.03981126511353583,0.0,0.0,0.0,0.006487761722205839,0.0,0.0,0.0,0.0,0.0,0.0,0.0,0.0,0.0,0.0,0.0,0.0,0.0,0.03627248599233265,0.008552049542907697,0.010026540843409024,0.0,0.0,0.0,0.0,0.0,0.0,0.0,0.0,0.0,0.0,0.0,0.0,0.0,0.0,0.0002948982601002654,0.0,0.0,0.0,0.0,0.0,0.0,0.0,0.0,0.0,0.008846947803007963,0.0,0.0,0.0,0.0,0.0,0.0,0.0,0.0,0.0,0.0,0.0,0.0,0.0,0.0,0.0,0.0,0.0,0.005013270421704512,0.0,0.0,0.0,0.0,0.0,0.0,0.0,0.0,0.0,0.0,0.0,0.0,0.0,0.0,0.0,0.0,0.0,0.0,0.0,0.0,0.0,0.0,0.0,0.0,0.0,0.0,0.0,0.0,0.0,0.0005897965202005308,0.0020642878207018578,0.0,0.0,0.0,0.0,0.0,0.028605131229725744,0.0,0.0,0.0,0.0,0.0,0.0,0.0,0.0,0.0,0.0,0.0,0.0,0.0044234739015039815,0.0,0.0,0.0,0.0,0.0,0.0,0.0,0.0,0.0008846947803007962,0.0,0.0,0.0,0.0,0.0,0.0,0.0,0.0,0.08522559716897671,0.0011795930404010617,0.0,0.0,0.0,0.0,0.0,0.0,0.0,0.0,0.0,0.0,0.0,0.0,0.0,0.0,0.0,0.0,0.0,0.0,0.029784724270126805,0.0,0.0,0.0,0.0,0.0,0.0,0.0,0.0,0.0,0.0,0.0,0.0,0.0,0.0,0.0,0.009436744323208493,0.0,0.0,0.0,0.0,0.0,0.0,0.0,0.0,0.0,0.0,0.0,0.0,0.0,0.0,0.0,0.0,0.0,0.0,0.0,0.0,0.0,0.0,0.0,0.0,0.0,0.0002948982601002654,0.0,0.0,0.0,0.0,0.0,0.0,0.0,0.09997051017398997,0.0,0.0,0.0,0.0,0.0,0.0,0.0002948982601002654,0.0,0.0,0.0,0.0,0.0,0.0,0.0,0.0,0.0,0.0,0.0,0.0,0.0,0.0,0.0,0.0,0.0,0.0,0.0,0.0,0.0,0.0,0.0,0.0,0.0,0.0,0.0,0.0,0.0,0.0,0.0,0.038041875552934236,0.0,0.0,0.0002948982601002654,0.0026540843409023885,0.0,0.006782659982306104,0.0,0.0,0.0002948982601002654,0.0,0.0,0.0,0.0,0.0,0.0,0.0,0.0,0.0,0.0,0.0,0.0,0.0,0.0,0.0,0.0,0.0,0.0,0.0,0.0,0.0,0.0,0.0,0.0,0.0,0.0,0.0,0.0,0.0,0.1380123857269242,0.0002948982601002654,0.0011795930404010617,0.002948982601002654,0.0,0.0008846947803007962,0.0,0.0,0.0,0.0,0.0,0.0,0.0,0.0,0.0,0.0,0.024771453848422293,0.0,0.0
318 Astro-NT NN,0.002164367350752079,0.0,0.0,0.0007266461129623286,6.228395253962816e-05,0.000986162581877446,0.0006747428191793051,0.004349496019017367,4.152263502641878e-05,0.0,5.190329378302347e-06,0.0013442953089803078,0.0001660905401056751,0.006503482711012841,0.0,1.0380658756604695e-05,0.00010899691694434929,0.007889300655019568,6.228395253962816e-05,0.0025380710659898475,0.0020865124100775435,4.6712964404721124e-05,0.00021799383388869858,0.0,0.0,0.0,1.0380658756604695e-05,0.001795853964892612,0.000612458866639677,0.0013806276146284243,0.00010899691694434929,0.00011937757570095398,1.557098813490704e-05,0.00019204218699718685,0.001494814860951076,0.005382371565299534,2.5951646891511735e-05,1.0380658756604695e-05,0.002844300499309686,0.00705365762511289,0.0028235391817964767,0.007012134990086471,0.0015778601310039136,1.557098813490704e-05,0.0003321810802113502,0.0015467181547340993,0.0008148817123934685,0.00010899691694434929,0.0037474178111342946,0.0006228395253962816,0.0033996657427880373,5.190329378302347e-05,0.0004671296440472112,0.009918719441935786,0.003643611223568248,0.00526299398959858,0.0023408385496143584,0.0035761369416503173,0.003368523766518223,0.00043598766777739717,0.00373703715237769,0.0,0.0008564043474198873,7.266461129623287e-05,0.0011263014750916094,5.190329378302347e-06,0.0006799331485576075,1.0380658756604695e-05,9.342592880944225e-05,5.190329378302347e-06,0.0,0.00013494856383586103,0.0007006944660708169,5.190329378302347e-06,0.004261260419586227,0.003633230564811643,0.00012975823445755867,0.0,0.0001868518576188845,0.015643652746203274,0.0020242284575379154,0.009212834646486666,3.114197626981408e-05,2.076131751320939e-05,0.00018166152824058214,0.022541600489967093,0.00029065844518493146,0.0003062294333198385,0.0004411779971556995,0.00034256173896795493,0.03230461005055381,0.00044636832653400187,0.0004567489852906065,5.190329378302347e-06,0.00022318416326700094,0.00019204218699718685,0.0011055401575783999,0.006171301630801491,0.0,0.0011314918044699116,0.0023252675614794517,0.007328745082162914,0.0022474126208049164,0.009493112432914994,5.190329378302347e-05,3.633230564811643e-05,5.7093623161325815e-05,0.0003529423977245596,4.152263502641878e-05,3.114197626981408e-05,0.0017283796829746815,0.00010899691694434929,0.00466610611109381,0.0014896245315727736,0.0025951646891511737,0.0016349537541652393,0.002434264478423801,0.012545026107356774,0.00012975823445755867,0.00020761317513209388,0.0007993107242585615,0.0053668005771646266,0.00364880155294655,0.0011107304869567023,0.0,0.0003218004214547455,0.0012612500389274704,0.00022318416326700094,0.0020553704338077293,2.5951646891511735e-05,0.002242222291426614,0.0499776815836733,0.007214557835840262,0.00015051955197076806,0.00013494856383586103,0.007282032117758193,0.0003321810802113502,0.001972325163754892,0.0003944650327509784,0.004282021737099437,0.00011418724632265163,0.0,0.0,0.0022318416326700093,0.00314014927387292,0.0001557098813490704,0.021503534614306624,0.0034048560721663397,0.0003788940446160713,0.016707670268755255,0.019442973851120593,0.000866785006176492,0.0058598818681033496,0.0010692078519302835,0.005865072197481652,0.00010899691694434929,0.002164367350752079,0.001359866297115215,0.001557098813490704,6.747428191793051e-05,0.0009913529112557482,0.00448963491223153,0.0004671296440472112,0.00022837449264530326,0.0,0.0,0.0,0.00014532922259246573,2.076131751320939e-05,0.02581150799829757,0.0018425669292973332,6.228395253962816e-05,0.0002335648220236056,0.037842691497202416,0.0061297789957750716,2.076131751320939e-05,0.010780314118733975,0.00022318416326700094,0.009186882999595154,0.0004411779971556995,0.0004619393146689089,0.006285488877124142,0.0007993107242585615,7.78549406745352e-05,0.00040484569150758305,0.0,0.0023252675614794517,0.004131502185128668,0.006493102052256236,0.0009913529112557482,0.002605545347907778,0.005034619496953277,0.00034775206834625726,0.0002335648220236056,0.0,0.00034775206834625726,0.001064017522551981,0.00010899691694434929,0.004593441499797577,0.0006539815016660957,0.000762978418610445,8.304527005283756e-05,0.004494825241609833,0.0007006944660708169,0.0006643621604227005,0.0007525977598538404,0.00017128086948397747,0.0006747428191793051,0.013100391350835124,0.011735334724341608,0.0016816667185699605,0.0006228395253962816,6.228395253962816e-05,0.0008200720417717709,0.0077024487974006834,0.0015155761784642853,0.001629763424786937,0.0008512140180415849,0.0036747531998380617,0.00034775206834625726,0.0019515638462416825,0.0006799331485576075,0.0009602109349859342,8.82355994311399e-05,0.00010380658756604694,0.000373703715237769,0.0009654012643642365,0.0004411779971556995,5.190329378302347e-06,0.00043598766777739717,0.0028494908286879886,0.0006384105135311887,0.00022318416326700094,0.0007370267717189333,0.0028494908286879886,9.342592880944225e-05,0.0006176491960179793,0.0001868518576188845,0.0007058847954491192,0.0005709362316132582,0.0,0.0001557098813490704,0.0017024280360831698,0.006285488877124142,0.0007058847954491192,0.0006020782078830722,0.00043598766777739717,0.00014013889321416338,0.028380721040557232,0.016308014906625975,0.0,0.0003840843739943737,5.190329378302347e-06,0.0002958487745632338,0.000389274703372676,0.0,0.013318385184723823,0.00468686742860702,0.00029065844518493146,0.0004567489852906065,0.0012093467451444468,0.0013079630033321914,0.01475091609313527,0.00042560700902079246,0.006207633936449607,0.0018737089055671473,0.00034256173896795493,0.0001764711988622798,0.005252613330841975,1.557098813490704e-05,0.00645676974660812,0.005761265609915606,0.0,5.190329378302347e-06,1.557098813490704e-05,5.190329378302347e-06,0.0,0.0,5.190329378302347e-06,1.0380658756604695e-05,0.0017699023180011003,0.00373703715237769,0.00044636832653400187,0.0020865124100775435,0.0013131533327104938,0.002916965110605919,5.7093623161325815e-05,0.0,0.004396208983422088,0.00011937757570095398,0.0004307973383990948,4.6712964404721124e-05,0.005039809826331579,8.82355994311399e-05,1.0380658756604695e-05,0.004987906532548556,0.0008460236886632825,0.0021332253744822645,0.0034619496953276654,0.006394485794068492,0.003150529932629525,0.0022214609739134045,0.007131512565787425,0.00010899691694434929,0.007136702895165727,0.0108374077418953,0.000373703715237769,0.0,5.190329378302347e-06,0.0,0.0,0.0,0.0,0.0,0.0,0.0,5.190329378302347e-06,0.0,0.000389274703372676,0.0003166100920764432,0.003529423977245596,0.004479254253474925,0.0003218004214547455,0.002465406454693615,0.00040484569150758305,0.006057114384478839,0.001152253121983121,0.0014013889321416338,0.00021799383388869858,0.0005553652434783511,0.008621137097360199,0.0006851234779359099,0.0007941203948802591,3.114197626981408e-05,0.011174779151484954,0.029392835269326192,0.013878940757580477,0.0002750874570500244,0.015628081758068367,0.00011937757570095398,0.004707628746120229,0.02080284014823581,0.0021228447157256598,0.0004411779971556995,0.008397952934093197,0.0017231893535963791,0.004889290274360811,0.005335658600894813,0.0022110803151567998,5.190329378302347e-06,0.001406579261519936,0.017346080782286444,0.00036851338585946667,0.00021799383388869858
319 Astro-TE NN,0.0015429796123221334,0.011302749555757519,0.011431613787116289,0.011289184899825016,0.0,0.00032555174238005455,1.695581991562784e-05,0.0001288642313587716,0.00934943910147719,0.0062058300891197895,0.004513639261540131,6.782327966251136e-05,0.0,0.000400157350008817,0.0006070183529794767,0.01815629196565429,3.391163983125568e-06,0.00012547306737564602,0.0016582791877484027,1.0173491949376705e-05,2.7129311865004545e-05,0.0,3.391163983125568e-06,0.003038482928880509,0.005846366706908479,0.0011156929504483118,0.004825626347987683,8.47790995781392e-05,6.782327966251136e-06,1.0173491949376705e-05,3.391163983125568e-06,0.0,1.3564655932502272e-05,0.00621261241708604,0.004191478683143202,0.0012547306737564603,0.04293891835433594,0.0027332781703992078,0.030045712890492533,0.00024077264280191534,0.003533592870416842,0.0005595420572157187,6.782327966251136e-06,0.001593847072069017,0.0,1.0173491949376705e-05,0.0023670324602216466,0.007073968068799935,0.00020686100297065966,0.05694103444066141,3.052047584813011e-05,0.0018346197148709322,2.034698389875341e-05,0.0006273653368782301,2.7129311865004545e-05,0.0004781541216207051,0.00013225539534189715,0.03718750423895498,2.034698389875341e-05,0.0,7.46056076287625e-05,0.0033029937195643033,3.391163983125568e-06,0.0,3.391163983125568e-06,0.0047747588882408,2.034698389875341e-05,0.028160225715874718,0.02584066955141683,0.0019600927822465784,0.0037336715454212503,0.0,0.0,0.00047137179365445395,0.00023399031483566419,7.121444364563692e-05,6.782327966251136e-06,0.0007494472402707505,0.0004205043339075704,0.003553939854315595,5.086745974688352e-05,0.00019329634703815738,0.004700153280612037,0.002143215637335359,0.001319162789435846,0.0007121444364563693,0.0,0.0003425075622956824,1.0173491949376705e-05,0.0,0.00037641920212693803,1.0173491949376705e-05,0.0,0.0020245248979259643,6.782327966251136e-06,0.0,8.817026356126476e-05,0.001176733902144572,0.003832015300931892,0.0,7.46056076287625e-05,9.156142754439034e-05,0.0,0.00023738147881878976,0.0,0.0,0.0,0.008932325931552746,0.0,0.005724284803515959,3.391163983125568e-05,0.0,0.00010173491949376704,3.391163983125568e-06,3.052047584813011e-05,0.00015260237924065055,1.0173491949376705e-05,0.00029842243051505,0.0,2.034698389875341e-05,3.730280381438125e-05,2.3738147881878976e-05,0.0001695581991562784,5.086745974688352e-05,0.0025026790195466692,0.01230314293077956,0.0030656122407455135,3.391163983125568e-06,0.00019329634703815738,0.0,8.817026356126476e-05,0.0008918761275620244,2.3738147881878976e-05,3.391163983125568e-06,6.782327966251136e-06,0.005368212585287774,1.0173491949376705e-05,2.7129311865004545e-05,3.391163983125568e-05,3.391163983125568e-05,0.011390919819318782,0.03087993923034142,0.03767583185252506,8.47790995781392e-05,5.764978771313466e-05,0.0,9.156142754439034e-05,0.00037641920212693803,3.391163983125568e-06,0.0002000786750044085,0.0014514181847777431,4.069396779750682e-05,0.0004985011055194584,6.782327966251136e-06,3.730280381438125e-05,0.0004137220059413193,0.00015599354322377612,3.391163983125568e-05,2.034698389875341e-05,0.0,6.782327966251136e-05,7.121444364563692e-05,0.015097462052875028,0.0,0.006931539181508661,0.005029096186975218,0.005469947504781541,0.006131224481491027,0.0,0.0008783114716295221,2.3738147881878976e-05,0.002967268485234872,0.003825232972965641,0.00024077264280191534,0.001498894480541501,0.006670419554807992,0.00029164010254879885,3.391163983125568e-06,9.834375551064148e-05,3.391163983125568e-06,1.3564655932502272e-05,6.782327966251136e-05,6.782327966251136e-06,0.0,0.0,0.0022720798686941307,2.3738147881878976e-05,0.00033233407034630565,9.49525915275159e-05,1.3564655932502272e-05,0.0001288642313587716,1.0173491949376705e-05,0.0,0.043902008925543606,0.007894629752716322,0.0,0.0,0.0,2.3738147881878976e-05,0.0,0.00531056279757464,0.0,6.104095169626022e-05,6.782327966251136e-06,5.764978771313466e-05,6.782327966251136e-06,0.003964270696273789,3.391163983125568e-05,0.0003391163983125568,3.730280381438125e-05,2.034698389875341e-05,6.782327966251136e-06,6.782327966251136e-06,3.391163983125568e-06,0.00016277587119002728,0.00010851724746001818,2.7129311865004545e-05,6.782327966251136e-06,4.408513178063238e-05,3.391163983125568e-06,0.0,3.391163983125568e-06,6.104095169626022e-05,0.0,3.391163983125568e-06,2.3738147881878976e-05,0.0,0.0,0.0058226285590266,3.391163983125568e-06,5.086745974688352e-05,0.0,0.0,2.7129311865004545e-05,3.391163983125568e-06,3.391163983125568e-06,2.3738147881878976e-05,0.0,6.782327966251136e-06,0.0,0.006755198654386132,0.011580825002373814,0.01843097624828746,0.0017498406152927932,0.0,3.730280381438125e-05,1.3564655932502272e-05,6.782327966251136e-06,0.0005120657614519608,0.0007291002563719971,0.0011428222623133164,0.0014005507250308595,1.0173491949376705e-05,6.782327966251136e-06,0.0,0.00023738147881878976,0.004767976560274548,0.00048493644958695625,0.0,3.391163983125568e-06,1.0173491949376705e-05,6.782327966251136e-06,0.0001051260834768926,3.052047584813011e-05,0.0003187694144138034,2.3738147881878976e-05,0.0,0.0,6.44321156793858e-05,0.0,0.00014582005127439942,0.00012208190339252044,0.017725614139797344,0.0062363505649679195,0.017450929857164173,0.007229961612023711,0.003231779275918666,0.009749596451486008,0.0029842243051504997,0.024986096227669185,2.7129311865004545e-05,0.00848469228578017,0.008603383025189567,3.391163983125568e-05,6.782327966251136e-06,5.086745974688352e-05,1.695581991562784e-05,0.008918761275620244,0.0002848577745825477,0.0,2.7129311865004545e-05,0.004530595081455759,5.425862373000909e-05,0.0005934536970469744,0.008335481070522646,0.00013564655932502272,7.46056076287625e-05,1.0173491949376705e-05,0.0010885636385833074,0.00012547306737564602,0.0002611196267006687,3.730280381438125e-05,0.0006341476648444812,0.0,0.0002950312665319244,0.0009563082432414102,4.747629576375795e-05,0.006154962629372906,0.003713324561522497,0.0010546519987520517,0.0031673471602392807,0.003201258800070536,0.0012140367059589533,0.017996907258447388,0.00235685896827227,0.0018346197148709322,0.0035980249860962277,0.002451811559799786,0.009651252695975367,2.034698389875341e-05,3.730280381438125e-05,2.3738147881878976e-05,1.695581991562784e-05,4.408513178063238e-05,3.391163983125568e-06,4.408513178063238e-05,1.0173491949376705e-05,0.0,0.0,3.391163983125568e-06,0.0008342263398488898,3.391163983125568e-06,0.0,0.0,0.0004408513178063238,0.0014887209885921244,0.004856146823835813,1.0173491949376705e-05,0.0009800463911232892,0.04621817392601837,0.0010071757029882938,0.004676415132730158,6.782327966251136e-05,6.782327966251136e-06,0.0021873007691159915,0.0008308351758657642,0.02598648960269123,0.0005832802050975977,0.00023738147881878976,0.010417655756161746,3.052047584813011e-05,0.02755320736289524,2.034698389875341e-05,0.0
320 Astro-OLF NN,0.0,0.00019364833462432224,0.0,0.0013555383423702555,0.0,0.0,0.0,0.0,0.0,0.0003872966692486445,0.0,0.0,0.0,0.0,0.0023237800154918666,0.04240898528272657,0.0,0.0003872966692486445,0.0,0.0,0.0,0.0,0.0,0.00019364833462432224,0.00019364833462432224,0.0,0.0,0.0,0.0,0.0,0.0,0.0,0.0,0.0,0.00019364833462432224,0.0,0.000774593338497289,0.0,0.00019364833462432224,0.0,0.00019364833462432224,0.0,0.0,0.0,0.0,0.0,0.0,0.00019364833462432224,0.0,0.00019364833462432224,0.0,0.0,0.0,0.0,0.0,0.0,0.0,0.0009682416731216112,0.0,0.0,0.0,0.00019364833462432224,0.0,0.0,0.0,0.0,0.0,0.0003872966692486445,0.00019364833462432224,0.0003872966692486445,0.0,0.0,0.0,0.0,0.0,0.0,0.0,0.00019364833462432224,0.0,0.00019364833462432224,0.0,0.0,0.0003872966692486445,0.0,0.0,0.0,0.0,0.0,0.00019364833462432224,0.0,0.0005809450038729666,0.0,0.0,0.0,0.0,0.0,0.0,0.0,0.0,0.0,0.0,0.0,0.0,0.0,0.0,0.0,0.0,0.14581719597211465,0.0,0.0,0.0,0.0,0.0,0.0,0.0,0.0,0.0,0.0,0.0,0.0,0.0,0.00019364833462432224,0.0,0.0,0.0,0.00019364833462432224,0.0,0.0,0.0,0.0,0.0,0.0,0.0,0.0,0.0,0.0,0.0,0.0,0.0,0.0,0.6390395042602633,0.003292021688613478,0.000774593338497289,0.0,0.0,0.0,0.0003872966692486445,0.0,0.0,0.0,0.0,0.0,0.0,0.0,0.0,0.0,0.0,0.0,0.0,0.0,0.0,0.0,0.11309062742060419,0.0,0.0005809450038729666,0.000774593338497289,0.000774593338497289,0.004066615027110767,0.0,0.00019364833462432224,0.0,0.0,0.0,0.0,0.0,0.000774593338497289,0.00019364833462432224,0.0,0.0,0.0,0.00019364833462432224,0.0,0.0,0.0,0.0,0.00019364833462432224,0.0,0.0,0.0,0.0,0.0,0.0,0.0,0.007164988381099922,0.0003872966692486445,0.0,0.0,0.0,0.00019364833462432224,0.0,0.0,0.0,0.0,0.0,0.0,0.0,0.0,0.0,0.00019364833462432224,0.0,0.0,0.0,0.0,0.0,0.0,0.0,0.0,0.0,0.0,0.0,0.0,0.0,0.0,0.0,0.0,0.0,0.0,0.0,0.00019364833462432224,0.0,0.0,0.0,0.0,0.0,0.0,0.0,0.0,0.0,0.0,0.0,0.0,0.00019364833462432224,0.000774593338497289,0.0,0.0,0.0,0.0,0.0,0.0005809450038729666,0.0,0.00019364833462432224,0.0,0.0,0.0,0.0,0.0,0.004647560030983733,0.0,0.0,0.0,0.0,0.0,0.0,0.0,0.0,0.0,0.0,0.0,0.0,0.0,0.0,0.0,0.0003872966692486445,0.00019364833462432224,0.0013555383423702555,0.00019364833462432224,0.0,0.0003872966692486445,0.0,0.0003872966692486445,0.0,0.0005809450038729666,0.0,0.0,0.0,0.0,0.0,0.0,0.0,0.0,0.0,0.0,0.0,0.0,0.007164988381099922,0.0,0.0,0.0,0.0,0.0,0.0,0.0003872966692486445,0.0,0.0,0.0,0.0,0.0,0.0,0.0,0.0,0.0,0.0,0.0,0.0,0.0,0.0,0.0,0.0,0.0,0.0,0.0,0.0,0.0,0.0,0.0,0.0,0.0,0.0,0.0,0.0,0.0,0.0,0.0,0.0,0.0005809450038729666,0.0,0.0,0.0,0.0,0.0,0.0,0.0,0.0,0.0,0.0,0.0,0.0005809450038729666,0.0,0.0,0.0,0.0,0.009876065065840434,0.0,0.0
321 Astroependymal NN,0.0007598784194528875,0.0,0.0,0.00037993920972644377,0.0,0.026975683890577508,0.001519756838905775,0.010258358662613981,0.0,0.0,0.0,0.00303951367781155,0.0,0.0011398176291793312,0.0,0.0,0.022416413373860182,0.0007598784194528875,0.0,0.013677811550151976,0.0028495440729483282,0.0,0.0,0.0,0.0,0.0,0.0,0.003799392097264438,0.00018996960486322188,0.0022796352583586625,0.0,0.00018996960486322188,0.0,0.0,0.00037993920972644377,0.006268996960486322,0.00037993920972644377,0.0,0.0020896656534954406,0.00037993920972644377,0.001709726443768997,0.001709726443768997,0.0005699088145896656,0.0,0.0,0.00037993920972644377,0.0,0.0,0.0011398176291793312,0.0007598784194528875,0.0,0.0,0.0,0.0022796352583586625,0.0,0.0005699088145896656,0.00018996960486322188,0.030965045592705166,0.0011398176291793312,0.0,0.0,0.0,0.00018996960486322188,0.0,0.0,0.0,0.0,0.0,0.0,0.0,0.0,0.0,0.00018996960486322188,0.001899696048632219,0.0,0.0,0.0,0.0,0.0,0.0055091185410334345,0.00018996960486322188,0.0,0.0,0.0,0.00037993920972644377,0.020516717325227963,0.0,0.0,0.0013297872340425532,0.00018996960486322188,0.003609422492401216,0.00018996960486322188,0.0,0.003609422492401216,0.0005699088145896656,0.0,0.0007598784194528875,0.017857142857142856,0.0,0.0,0.0,0.0,0.0,0.0,0.0,0.0,0.0,0.0024696048632218844,0.0,0.0,0.0,0.0,0.00702887537993921,0.0,0.0009498480243161094,0.004369300911854103,0.011208206686930091,0.001709726443768997,0.0,0.0,0.0,0.0026595744680851063,0.0011398176291793312,0.0,0.0009498480243161094,0.014817629179331307,0.050911854103343465,0.0,0.00018996960486322188,0.0,0.0,0.00911854103343465,0.003799392097264438,0.0,0.0,0.0007598784194528875,0.0024696048632218844,0.00037993920972644377,0.07940729483282674,0.00037993920972644377,0.0013297872340425532,0.0,0.0,0.004369300911854103,0.00303951367781155,0.0,0.0,0.022796352583586626,0.0,0.0,0.001519756838905775,0.0,0.008548632218844984,0.0,0.0,0.0,0.003989361702127659,0.0005699088145896656,0.0009498480243161094,0.0,0.0,0.00037993920972644377,0.0,0.0,0.0,0.0,0.0,0.0005699088145896656,0.00018996960486322188,0.00018996960486322188,0.0,0.0,0.0,0.0338145896656535,0.004939209726443769,0.0,0.0,0.0,0.0,0.0,0.0,0.0,0.0,0.0,0.0,0.0,0.00018996960486322188,0.0,0.0,0.0,0.0,0.0,0.0,0.0,0.0,0.0,0.0,0.0,0.0007598784194528875,0.0,0.0,0.0,0.0,0.0,0.0,0.00037993920972644377,0.0,0.00018996960486322188,0.0005699088145896656,0.0,0.0,0.0005699088145896656,0.0,0.0,0.0,0.003419452887537994,0.003799392097264438,0.00018996960486322188,0.013867781155015198,0.004369300911854103,0.0007598784194528875,0.0011398176291793312,0.008928571428571428,0.0,0.0,0.0,0.0,0.0,0.0,0.0011398176291793312,0.006838905775075988,0.0009498480243161094,0.0,0.0,0.0,0.0,0.0,0.0,0.0,0.0,0.0,0.0,0.0013297872340425532,0.006648936170212766,0.0,0.010448328267477203,0.008548632218844984,0.0009498480243161094,0.007978723404255319,0.004559270516717325,0.0,0.02127659574468085,0.008358662613981762,0.0,0.0,0.0007598784194528875,0.004179331306990881,0.0013297872340425532,0.0,0.0,0.00018996960486322188,0.00037993920972644377,0.00037993920972644377,0.0013297872340425532,0.0,0.00037993920972644377,0.0,0.0,0.0,0.0,0.0,0.0,0.0,0.0,0.0,0.0,0.0,0.0,0.0,0.00018996960486322188,0.0,0.012348024316109422,0.0,0.0,0.0,0.0,0.0,0.0,0.009688449848024316,0.0,0.00018996960486322188,0.0,0.00018996960486322188,0.007598784194528876,0.0,0.0026595744680851063,0.010828267477203647,0.0,0.1310790273556231,0.001899696048632219,0.0,0.00037993920972644377,0.0,0.0,0.0,0.0011398176291793312,0.0,0.0,0.0,0.0,0.0,0.0,0.0,0.0,0.0,0.0,0.0,0.0,0.012917933130699088,0.0007598784194528875,0.0005699088145896656,0.0013297872340425532,0.005129179331306991,0.0007598784194528875,0.0,0.0007598784194528875,0.00018996960486322188,0.0,0.0,0.0,0.0,0.0,0.0011398176291793312,0.0,0.001899696048632219,0.001899696048632219,0.05262158054711246,0.0,0.00037993920972644377,0.011588145896656535,0.010828267477203647,0.006648936170212766,0.00018996960486322188,0.0,0.01310790273556231,0.0028495440729483282,0.04160334346504559,0.044832826747720364,0.0,0.0,0.0,0.0026595744680851063,0.0,0.0
322 Tanycyte NN,0.0,0.0,0.0,0.0,0.0,0.0,0.0,0.0,0.0,0.0,0.0,0.0,0.0,0.0,0.0,0.0,0.0,0.0,0.0,0.0,0.3134646088344864,0.0,0.0,0.0,0.0,0.0,0.0,0.0,0.0,0.03725385843533795,0.0,0.0,0.0,0.0,0.0,0.0,0.0,0.0,0.0,0.0,0.0,0.0,0.0,0.0,0.0,0.0,0.0,0.0,0.0,0.0,0.0,0.0,0.0,0.0,0.0,0.0,0.0,0.0,0.0005321979776476849,0.0,0.0,0.0,0.0,0.0,0.0,0.0,0.0,0.0,0.0,0.0,0.0,0.0,0.0,0.0,0.0,0.0,0.0,0.0,0.0,0.0,0.0,0.0,0.0,0.0,0.0,0.011708355508249068,0.0,0.0,0.0,0.0,0.0,0.0,0.0,0.0005321979776476849,0.0,0.0,0.0,0.0010643959552953698,0.0,0.0,0.0,0.0,0.0,0.0,0.0,0.0,0.0,0.0,0.0,0.0,0.0,0.0,0.0,0.0,0.0,0.0,0.0,0.0,0.0,0.0,0.0,0.0,0.0,0.0,0.0,0.0,0.0,0.0,0.0,0.0,0.0,0.0,0.0,0.0,0.11016498137307078,0.0,0.004257583821181479,0.0,0.0,0.0,0.0,0.0,0.0,0.0,0.0,0.0,0.0,0.0,0.0,0.0,0.0,0.0,0.0,0.0,0.0,0.0,0.0,0.0,0.0,0.0,0.0,0.0,0.0,0.0,0.0,0.0,0.0,0.0,0.038850452368281004,0.0,0.0,0.0,0.0,0.0,0.0,0.0,0.0,0.0,0.0,0.0,0.0,0.0,0.0,0.0,0.0,0.0,0.0,0.0,0.0,0.0,0.0,0.0,0.0,0.0,0.0,0.0,0.0,0.0,0.0,0.0,0.0,0.0,0.0,0.0,0.0,0.0,0.0,0.0,0.0,0.0,0.0,0.0,0.0,0.0,0.0,0.0,0.0,0.0,0.0,0.0,0.12825971261309208,0.023416711016498136,0.0005321979776476849,0.0,0.0,0.0,0.0,0.0,0.0,0.0,0.0,0.0,0.0,0.0,0.0,0.0,0.0,0.0,0.0,0.0,0.0,0.0,0.0,0.0,0.0,0.0,0.0,0.0,0.0,0.0,0.0,0.0,0.013837147418839808,0.0,0.0,0.0,0.0,0.0,0.0,0.0,0.0,0.0,0.0,0.0,0.0,0.0,0.0,0.0,0.0,0.0,0.0,0.0,0.0,0.0,0.0,0.0,0.0,0.0,0.0,0.0,0.0,0.0,0.0,0.0,0.0,0.0,0.0,0.0,0.0,0.0,0.0,0.0,0.0,0.0,0.0,0.0,0.0,0.0,0.19691325172964344,0.0,0.0,0.0,0.0,0.0,0.0,0.0,0.0,0.0,0.0,0.0,0.0,0.0,0.0,0.0,0.0,0.0,0.0,0.0,0.0005321979776476849,0.0,0.0,0.0,0.0,0.0,0.0,0.0,0.0,0.0,0.0,0.0,0.0,0.0,0.0,0.0,0.0,0.0,0.007982969664715274,0.0,0.0,0.0015965939329430547,0.10377860564129857,0.0,0.0,0.0,0.0026609898882384245,0.0,0.0,0.0,0.0,0.0,0.0,0.0026609898882384245,0.0,0.0
323 Ependymal NN,0.0,0.0,0.0,0.0,0.0,0.005949429846306396,0.0,0.0,0.0,0.0,0.0,0.0,0.0,0.0,0.0,0.0,0.0,0.0,0.0,0.06611658049436929,0.00017706636447340464,0.0,0.0,0.0,0.0,0.0,0.0,0.00152277073447128,0.0,0.0007790920036829804,0.0,0.0,0.0,0.0,0.0,0.0,0.00010623981868404278,0.0008853318223670232,0.01264253842340109,0.003930873291309583,0.005099511296834053,0.0031871945605212834,0.0,0.0,0.0,0.0,0.0,0.0,0.00191231673631277,0.0129966711523479,0.00010623981868404278,0.00024789291026276647,0.0,0.0,0.0,7.082654578936186e-05,0.0,0.003328847652100007,7.082654578936186e-05,0.0,0.0031517812876266024,0.0,7.082654578936186e-05,0.0,0.0,0.0,0.0,0.0,0.0,0.0,0.0,0.0,0.0,3.541327289468093e-05,0.009880303137615978,0.003258021106310645,0.0,0.0,0.0,0.0,0.0,0.0,0.0,0.0,0.00024789291026276647,0.003895460018414902,0.0,0.0,0.0,0.0,0.0,0.0,0.0,0.0,0.0,0.0,0.0001416530915787237,0.007330547489198952,0.0,0.0,0.0,0.0021602096465755363,0.0,0.0,0.0,0.0,0.00021247963736808557,0.0,0.0,0.012394645513138325,0.0,0.0,0.0,0.0,0.0,0.0,0.0,0.0,0.0,0.0025143423755223456,0.0,0.0,0.0,0.0,0.012430058786033005,0.014590268432608541,0.008145052765776614,0.0,0.0,0.0,0.0,0.008357532403144699,0.0,0.0,0.0,0.009278277498406403,0.0007082654578936186,0.0,0.0049932714781500106,0.0,3.541327289468093e-05,3.541327289468093e-05,7.082654578936186e-05,0.00046037254763085203,0.0,0.0,0.0,0.0,0.0,0.00042495927473617113,7.082654578936186e-05,0.0,0.0,3.541327289468093e-05,0.0,0.0,0.010092782774984065,0.0,0.0,0.0,0.0,0.0,0.0001416530915787237,0.0,0.0,0.0,0.0,0.0,0.00046037254763085203,7.082654578936186e-05,0.0,0.0,0.0,0.012925844606558538,0.0,0.0,0.0,0.0,0.0,0.0,0.0,0.0001416530915787237,0.0,0.0,0.0,0.0,0.0,0.011650966782350025,0.0,0.0,0.0,0.0,0.0,0.0,0.0,0.0,0.0,0.0,0.0,0.0,0.0,0.0,0.0,0.0,0.0,0.0,0.0,0.0,0.0,0.0,0.0,0.0,0.0,0.0,0.0,3.541327289468093e-05,0.00343508747078405,0.0009207450952617041,0.013882002974714923,0.0022310361923648984,0.008959558042354274,0.0,0.014979814434450033,0.0,0.0,0.0,0.0,0.0,0.0,0.0,0.0,0.0,0.0,0.0,0.0,0.0,0.0,0.0,7.082654578936186e-05,0.0,0.0,0.0,0.0,0.0,0.0,0.0003541327289468093,0.0,0.0007790920036829804,3.541327289468093e-05,0.0,0.0037183936539414973,0.0,0.0007082654578936186,0.0,0.0,0.0,0.0,0.0,0.0,0.0,0.0,0.0,0.0,0.0,0.0,0.0012748778242085133,0.0,0.0,0.0,0.0,0.0,0.0,0.0,0.0,0.0,0.0,0.0,0.0,0.0,0.0,0.0,0.010234435866562789,0.0,0.0,0.0,0.0,0.0,0.0,0.0006020256392095757,0.0,0.0,0.0,0.0,0.0,0.0,0.0,7.082654578936186e-05,0.0,0.16941709752815357,0.06579786103831717,0.013492456972873433,0.0,0.0002833061831574474,0.0,0.0,0.0,0.0,0.0,0.0,0.0,0.0,0.0,0.0,0.0,0.0,0.0,0.0,0.0,0.15029393016502585,0.0,0.0,0.0,0.0,0.0,0.0,0.0,0.0,0.0,0.0,0.0003187194560521283,0.0,0.0,0.0,0.0,0.0,0.021247963736808557,0.011438487144981939,0.0007436787307882995,0.0011686380055244705,0.0833628443940789,0.06006091082937885,0.0,0.0,0.0,0.0075076138536723565,0.0042495927473617115,0.07153481124725547,0.017033784262341527,0.0,0.00017706636447340464,0.0,3.541327289468093e-05,0.0,0.0
324 Hypendymal NN,0.0,0.0,0.0,0.0,0.0,0.0,0.0,0.0,0.0,0.0,0.0,0.0,0.0,0.0,0.0,0.0,0.0,0.0,0.0,0.08949416342412451,0.0,0.0,0.0,0.0,0.0,0.0,0.0,0.0,0.0,0.0,0.0,0.0,0.0,0.0,0.0,0.0,0.0,0.0,0.0,0.0,0.0,0.0,0.0,0.0,0.0,0.0,0.0,0.0,0.0,0.0,0.0,0.0,0.0,0.0,0.0,0.0,0.0,0.0,0.0,0.0,0.0,0.0,0.0,0.0,0.0,0.0,0.0,0.0,0.0,0.0,0.0,0.0,0.0,0.0,0.0,0.0,0.0,0.0,0.0,0.0,0.0,0.0,0.0,0.0,0.0,0.0,0.0,0.0,0.0,0.0,0.0,0.0,0.0,0.0,0.0,0.0,0.0,0.0,0.0,0.0,0.0,0.0,0.0,0.0,0.0,0.0,0.0,0.0,0.0,0.0,0.0,0.0,0.0,0.0,0.0,0.0,0.0,0.0,0.0,0.0,0.0,0.0,0.0,0.0,0.0,0.0,0.0,0.0,0.0,0.0,0.0,0.0038910505836575876,0.0,0.0,0.0,0.0,0.0,0.0,0.0,0.0,0.0,0.0,0.0,0.0,0.0,0.0,0.0,0.0,0.0,0.0,0.0,0.0,0.0,0.0,0.0,0.0,0.0,0.0,0.0,0.0,0.0,0.0,0.0,0.0,0.0,0.0,0.0,0.0,0.0,0.0,0.0,0.0,0.0,0.10894941634241245,0.0,0.0,0.0,0.0,0.0,0.0,0.0,0.0,0.0,0.0,0.0,0.0,0.0,0.0,0.0,0.0,0.0,0.0,0.0,0.0,0.0,0.0,0.0,0.0,0.0,0.0,0.0,0.0,0.0,0.0,0.0,0.0,0.0,0.0,0.0,0.0,0.0,0.0,0.0,0.0,0.0,0.0,0.0,0.0,0.0,0.0,0.0,0.0,0.0,0.0,0.0,0.0,0.0,0.0,0.0,0.0,0.0,0.0,0.0,0.0,0.0,0.0,0.0,0.0,0.0,0.0,0.0,0.0,0.0,0.0,0.0,0.0,0.0,0.20622568093385213,0.0,0.0,0.0,0.0,0.0,0.0,0.0,0.0,0.0,0.0,0.0,0.0,0.0,0.0,0.0,0.0,0.0,0.0,0.0,0.0,0.0,0.0,0.0,0.0,0.0,0.0,0.0,0.0,0.0,0.0,0.0,0.0,0.0,0.0,0.0,0.0,0.0,0.0,0.0,0.0,0.0,0.0,0.0,0.0,0.0,0.0,0.0,0.0,0.0,0.0,0.5914396887159533,0.0,0.0,0.0,0.0,0.0,0.0,0.0,0.0,0.0,0.0,0.0,0.0,0.0,0.0,0.0,0.0,0.0,0.0,0.0,0.0,0.0,0.0,0.0,0.0,0.0,0.0,0.0,0.0,0.0,0.0,0.0,0.0,0.0,0.0,0.0,0.0,0.0,0.0,0.0,0.0,0.0,0.0,0.0,0.0,0.0,0.0,0.0,0.0,0.0,0.0,0.0,0.0,0.0,0.0,0.0
325 CHOR NN,0.0,0.0,0.0,0.0,0.0,0.005780135357600146,0.0,0.0,0.0,0.0,0.0,0.0,0.0,0.0,0.0,0.0,0.0,0.0,0.0,0.0,0.0,0.0,0.0,0.0,0.0,0.0,0.0,0.0,0.0,0.0,0.0,0.0,0.0,0.0,0.0,0.0,0.0,0.0,0.009511615145417962,0.00409731113956466,0.005231388329979879,0.00025608194622279127,0.0,0.0,0.0,0.0,0.0,0.0,0.0031461496250228646,0.01620632888238522,0.0,0.0001463325406987379,0.0,0.0,0.0,0.0023413206511798063,0.0,0.002414486921529175,0.0,0.0,0.0,0.0,0.0,0.0,0.0,0.0,0.0,0.0,0.0,0.0,0.0,0.0,0.0,0.0,0.01964514358880556,0.0027071520029266507,0.0,0.0,0.0,0.0,0.0,0.0,0.0,0.0,0.0,0.0,0.0,0.0,0.0,0.0,0.0,0.0,0.0,0.0,0.0,0.0,0.0,0.009475032010243278,0.0,0.0,0.0,0.0,0.0,0.0,0.0,0.0,0.0,0.0,0.0,0.02659593927199561,0.0,0.0,0.0,0.0,0.0,0.0,0.0,7.316627034936895e-05,0.0,0.0034388147064203403,0.0,0.0,0.0,0.0,0.0002926650813974758,0.0014633254069873788,0.0,0.0,0.0,0.0,0.0,0.0,0.0,0.0,0.0,0.004792390707883665,0.0,0.0,0.0,0.0,0.0,3.658313517468447e-05,0.0,0.0,0.0,0.0,0.0,0.0,0.0,0.0,0.0,0.0,0.0,0.0,0.0,0.0,0.010206694713736968,0.0,0.0,0.0,0.0,0.0,0.0,0.0,0.0,0.0,0.0,0.0,0.0,0.0,0.0,0.0,0.0,0.0,3.658313517468447e-05,0.0,0.0,0.0,0.0,0.0,0.0,0.0,0.0,0.0,0.0,0.0,0.0,0.05681360892628498,0.0,0.0,0.0,0.0,0.0,0.0,0.0,0.0,0.0,0.0,0.0,0.0,0.0,0.0,0.0,0.0,0.0,0.0,0.0,0.0061825498445216755,0.0,0.0,0.0,0.0,0.0,0.0,0.0,0.0,0.0,0.0,0.0,0.0,0.0,0.0,0.0,0.0,0.0,0.0,0.0,0.0,0.0,0.0,0.0,0.0,0.0,0.0,0.0,0.0,0.0,0.0,0.0,0.0,0.0,0.0,0.0,0.0,0.0,0.0,0.0,0.0,0.0,0.0,0.000695079568319005,3.658313517468447e-05,0.0,0.0,0.0,0.0,0.0,0.0,0.0,0.0,0.0,0.0,0.0,0.0,0.0,0.0,0.0,0.0,0.0,0.0,0.0,0.0,0.0,0.0,0.0001463325406987379,0.0,7.316627034936895e-05,0.0,0.0,0.0,0.0,0.01660874336930675,7.316627034936895e-05,0.0,0.0,0.0,0.0,0.0,0.0002194988110481068,0.0,0.0,0.0,0.0,0.0,0.0,0.0,0.0,0.0,0.03347356868483629,0.028095847814157672,0.07170294494238157,0.0,3.658313517468447e-05,0.0,0.0,0.0,0.0,0.0,0.0,0.0,0.0,0.0,0.0,0.0,0.0,0.0,0.0,0.0,0.1483811962685202,0.0,0.0,0.0,0.0,0.0,0.0,0.0,0.0,0.0,0.0,0.0,0.0,0.0,0.0,0.0,3.658313517468447e-05,0.05728918968355588,0.00515822205963051,7.316627034936895e-05,0.0,0.021254801536491678,0.31300530455460035,0.0,0.0,0.0,0.024035119809767698,0.013060179257362355,0.07517834278397659,0.0003658313517468447,0.0,0.0,0.0,0.0001097494055240534,0.0,0.0
326 OPC NN,0.0019333634078752336,0.006750660565831024,0.006943996906618548,0.008120126313075982,0.0,0.00041889540503963396,0.00041889540503963396,0.0021911451955919314,0.007717342269768641,0.005026744860475607,0.004253399497325514,0.0005800090223625701,8.055680866146806e-05,0.006428433331185152,0.00020944770251981698,0.012744087130244249,0.0,0.0036895018366952374,0.0008055680866146807,0.00037056131984275313,0.0008377908100792679,1.6111361732293613e-05,0.00020944770251981698,0.0017239157053554166,0.003705613198427531,0.0011922407681897273,0.0035283882193723015,0.0006605658310240381,0.00038667268157504674,0.0006122317458271573,3.2222723464587226e-05,9.666817039376169e-05,3.2222723464587226e-05,0.006653992395437262,0.004317844944254689,0.004720628987562029,0.022120899658439133,0.0010633498743313785,0.01649803441386866,0.001498356641103306,0.004156731326931752,0.003173938261261842,0.0006283431075594509,0.0015950248114970677,0.00030611587291357864,0.00041889540503963396,0.0014016884707095444,0.006653992395437262,0.001047238512599085,0.03686279564348779,0.0023522588129148677,0.0017400270670877103,0.00019333634078752337,0.0051395243926016625,0.001965586131339821,0.0009022362570084424,0.0015789134497647742,0.015466907263001869,0.0010955725977959657,0.00016111361732293612,0.0009827930656699105,0.0017239157053554166,0.000499452213701102,6.444544692917445e-05,0.0002738931494489914,0.004333956305986982,0.0001288908938583489,0.02086421344332023,0.012373525810401496,0.00191725204614294,0.00383450409228588,3.2222723464587226e-05,0.00038667268157504674,0.00020944770251981698,0.0009827930656699105,0.000998904427402204,0.00032222723464587225,0.000918347618740736,0.0005155635754333956,0.0075401172907134115,0.0010633498743313785,0.00575175613842882,0.003753947283624412,0.0011439066829928466,0.000499452213701102,0.010246826061738738,8.055680866146806e-05,0.0005155635754333956,0.0002738931494489914,0.00017722497905522976,0.010021266997486627,9.666817039376169e-05,0.00032222723464587225,0.00043500676677192757,4.833408519688084e-05,0.0001288908938583489,0.0005477862988979828,0.0024811497067732165,0.0023200360894502802,0.00032222723464587225,0.0006122317458271573,0.0017239157053554166,0.000918347618740736,0.004962299413546433,3.2222723464587226e-05,1.6111361732293613e-05,3.2222723464587226e-05,0.006460656054649739,0.0,0.0029322678352774376,0.0008377908100792679,6.444544692917445e-05,0.0019494747696075273,0.0006927885544886253,0.0012244634916543146,0.0006283431075594509,0.0011761294064574338,0.0075723400141779985,3.2222723464587226e-05,3.2222723464587226e-05,0.00017722497905522976,0.0028194883031513822,0.00191725204614294,0.00032222723464587225,0.0006283431075594509,0.00633176516079139,0.0021428111103950504,0.00017722497905522976,0.0008861248952761487,0.0,0.0010955725977959657,0.020316427144422246,0.002755042856222208,6.444544692917445e-05,0.00030611587291357864,0.007427337758587356,8.055680866146806e-05,0.0006283431075594509,0.0007572340014177999,0.0013694657472449571,0.009537926145517819,0.02050976348520977,0.027485983115292906,0.0011600180447251401,0.0016916929818908293,0.0001288908938583489,0.014339111941741317,0.0019494747696075273,6.444544692917445e-05,0.0038828381774827607,0.006428433331185152,0.0004672294902365148,0.0023844815363794547,0.00033833859637816586,0.002046142940001289,0.00038667268157504674,0.0006927885544886253,0.0004833408519688084,0.0006444544692917445,3.2222723464587226e-05,0.0002738931494489914,0.0013050203003157827,0.00940903525165947,9.666817039376169e-05,0.005558419797641297,0.0033994973255139526,0.004043951794805697,0.004817297157955791,0.0,0.010456273764258554,0.0008861248952761487,0.0027389314944899143,0.0025617065154346845,0.014065218792292325,0.0040761745182702844,0.00249726106850551,0.0051395243926016625,3.2222723464587226e-05,0.003947283624411936,0.00016111361732293612,0.00014500225559064251,0.0020139202165367015,0.00019333634078752337,8.055680866146806e-05,0.0001127795321260553,0.0022717020042533993,0.0009666817039376168,0.0023522588129148677,0.00267448604756074,0.00040278404330734035,0.0010955725977959657,0.0019816974930721145,0.00016111361732293612,0.029983244183798413,0.005783978861893407,0.00014500225559064251,0.00038667268157504674,9.666817039376169e-05,0.0023522588129148677,0.00016111361732293612,0.0018689179609460592,0.0001127795321260553,0.003222272346458723,0.0004511181285042212,8.055680866146806e-05,0.00033833859637816586,0.0018205838757491782,0.0019816974930721145,0.006186762905200748,0.007346780949925888,0.0004833408519688084,0.00032222723464587225,3.2222723464587226e-05,0.0004511181285042212,0.0028839337500805567,0.0004511181285042212,0.0006122317458271573,0.0003544499581104595,0.001127795321260553,0.0002255590642521106,0.0008055680866146807,0.00019333634078752337,0.000499452213701102,0.00037056131984275313,4.833408519688084e-05,0.0002416704259844042,0.000499452213701102,0.00020944770251981698,0.0035606109428368885,0.0001127795321260553,0.0006444544692917445,0.00016111361732293612,0.00017722497905522976,0.00033833859637816586,0.0015950248114970677,4.833408519688084e-05,0.00017722497905522976,0.0001127795321260553,0.0004511181285042212,0.0004672294902365148,0.0038989495392150546,0.005848424308822582,0.00749178320551653,0.0040761745182702844,0.0003544499581104595,0.00032222723464587225,0.00016111361732293612,0.0,0.014129664239221499,0.004849519881420378,0.00016111361732293612,0.0015144680028355997,4.833408519688084e-05,8.055680866146806e-05,0.00020944770251981698,8.055680866146806e-05,0.012115744022684798,0.00401172907134111,8.055680866146806e-05,0.00019333634078752337,0.0006605658310240381,0.0006122317458271573,0.005026744860475607,0.00016111361732293612,0.0021589224721273443,0.000499452213701102,8.055680866146806e-05,0.0001127795321260553,0.0014822452793710125,3.2222723464587226e-05,0.0025617065154346845,0.00267448604756074,0.00936070116646259,0.003753947283624412,0.011519623638589934,0.004092285880002578,0.0017400270670877103,0.005864535670554875,0.002078365663465876,0.015031900496229942,0.0008539021718115615,0.007282335502996713,0.004301733582522395,0.0005961203840948637,0.0006122317458271573,0.0005316749371656892,3.2222723464587226e-05,0.00744344912031965,0.0020300315782689955,1.6111361732293613e-05,0.00019333634078752337,0.0037700586453567058,0.0021105883869304634,0.0005477862988979828,0.00423728813559322,0.002126699748662757,0.00043500676677192757,0.000708899916220919,0.0017722497905522975,0.0009022362570084424,0.0008861248952761487,0.0010150157891344977,0.002223367919056519,6.444544692917445e-05,0.0019494747696075273,0.0036089450280337694,0.00020944770251981698,0.00423728813559322,0.002755042856222208,0.001208352129922021,0.001997808854804408,0.0026583746858284464,0.0011922407681897273,0.012373525810401496,0.0014661339176387188,0.001288908938583489,0.0025294837919700975,0.0017239157053554166,0.002175033833859638,0.00019333634078752337,0.0014500225559064253,0.002207256557324225,0.0002416704259844042,0.0014016884707095444,0.00014500225559064251,0.0028194883031513822,0.0005316749371656892,0.000918347618740736,0.0001127795321260553,0.00017722497905522976,0.003335051878584778,0.0002255590642521106,3.2222723464587226e-05,0.0,0.006460656054649739,0.008055680866146806,0.0038506154540181737,8.055680866146806e-05,0.005783978861893407,0.018898627311980408,0.00133724302378037,0.012212412193078559,0.0014500225559064253,0.0002255590642521106,0.0037378359218921183,0.0015144680028355997,0.016643036669459304,0.0024328156215763356,0.0010794612360636722,0.0060417606496101055,0.001047238512599085,0.008732358058903138,0.00014500225559064251,6.444544692917445e-05
327 Oligo NN,0.001109435655877807,0.00245585851234955,0.0017197301282037838,0.0032737789391781786,2.7264014227620962e-05,0.000555766443870735,0.00018875086772968358,0.0009353654111937653,0.0014680623045642057,0.0007319339204184397,0.0007277394566911135,0.0010905605691048385,0.00014470899859275743,0.006662905630857831,4.613910100058932e-05,0.005312288310658762,2.097231863663151e-06,0.005882735377575139,0.0002663484466852202,5.2430796591578776e-05,0.00019923702704799934,1.0486159318315755e-05,0.0003250709388677884,0.0007130588336454714,0.0014135342761089637,0.00020762595450265196,0.000820017658692292,0.0008388927454652604,0.00020343149077532564,0.00013632007113810482,6.291695590989453e-05,1.677785490930521e-05,0.0,0.001113630119605133,0.0006480446458719136,0.002218871311755614,0.007071865844272145,0.000318779243276799,0.007457756507186165,0.00383373984677624,0.0019084809959334674,0.0030913197670394844,0.0006186833997806296,0.0006291695590989453,0.0003565294168227357,0.000291515229049178,0.00017197301282037837,0.00015729238977473632,0.0025187754682594442,0.04165731650794117,0.0030325972748569165,0.0006270723272352822,0.0001971397951843362,0.004748132939333374,0.002625734293306265,0.0026047619746696333,0.002361483078484708,0.004760716330515353,0.00024537612804858866,0.00015519515791107317,0.0016295491580662683,0.00034394602564075675,0.0002306955050029466,2.7264014227620962e-05,0.00022859827313928346,0.0003376543300497673,0.00042993253205094595,0.0022461353259832346,0.0034478491838622204,0.0009626294254213863,0.0011471858294237437,4.613910100058932e-05,0.00046348824186955636,0.0002265010412756203,0.0018266889532506045,0.0024684419035315287,0.00010486159318315755,0.0002852235334581885,0.00035862664868639883,0.010844785967002155,0.0024810252947135075,0.01250579360302337,0.000471877169324209,3.145847795494726e-05,0.0006186833997806296,0.006455279676355179,0.00023908443245759922,0.00013002837554711537,0.00033136263445877786,6.501418777355769e-05,0.014519136192139995,0.0004467103869602512,0.0003565294168227357,4.4041869136926174e-05,0.00014680623045642058,7.969481081919974e-05,0.001040227004376923,0.007680063084734459,0.0004907522560971773,0.00018665363586602043,0.001526784796746774,0.0037540450359570404,0.0008451844410562498,0.010274338900085776,1.2583391181978906e-05,2.097231863663151e-05,2.516678236395781e-05,0.012902170425255705,2.516678236395781e-05,0.0007927536444646711,0.0017176328963401206,2.516678236395781e-05,0.002319538441211445,0.0003984740540959987,0.0010989494965594911,0.000874545687147534,0.001054907627422565,0.007136880032045703,9.437543386484179e-05,9.85698975921681e-05,0.00022440380941195716,0.002887888276264159,0.0014806456957461847,0.000901809701375155,0.00020762595450265196,0.002665581698715865,0.0005746415306437033,0.00014680623045642058,0.0009332681793301022,4.8236332864252475e-05,0.0023405107598480765,0.028264393826588286,0.002571206264851023,0.00014261176672909426,4.613910100058932e-05,0.001556146042838058,0.00012163944809246276,0.0006920865150088398,0.0005243079659157878,0.0009919906715126704,0.004276255770009165,0.010203033016721229,0.009406084908529233,0.00022859827313928346,0.0007696840939643764,0.00010486159318315755,0.023528844278436892,0.001971397951843362,7.340311522821029e-05,0.007520673463096059,0.015783767005928876,0.0005914193855530086,0.0020489955307988984,0.0002999041565038306,0.0051885516307026355,8.598650641018919e-05,0.000597711081143998,0.0006270723272352822,0.0006186833997806296,7.759757895553658e-05,0.0010318380769222704,0.0013841730300176796,0.005792554407437623,5.8722492182568225e-05,0.002470539135395192,0.0007612951665097238,0.0008808373827385235,0.001012962990149302,6.291695590989453e-06,0.01990063315429964,0.0015855072889293421,0.0002265010412756203,0.0002181121138209677,0.009181681099117276,0.006816003556905241,0.0010171574538766282,0.009223625736390538,5.8722492182568225e-05,0.004666340896650511,0.00016148685350206264,0.0003460432575044199,0.001333839465289764,0.00041734914086896706,1.2583391181978906e-05,0.00013841730300176796,0.00014470899859275743,0.0009961851352399966,0.0027012346403981384,0.005905804928075433,0.0011828387711060172,0.00264251214821557,0.00145757614524589,0.000180361940275031,0.007736688345053364,0.0012814086686981853,0.0001069588250468207,0.00013632007113810482,7.130588336454713e-05,0.0028207768566269383,0.000333459866322441,0.0017448969105677416,6.711141963722083e-05,0.004901230865380784,0.0004907522560971773,0.0004697799374605458,0.00013002837554711537,0.0008724484552838708,0.0006795031238268609,0.015177666997330223,0.013281769392578736,0.0007466145434640817,0.00013212560741077852,4.8236332864252475e-05,0.00048236332864252474,0.006203611852715601,0.0004571965462785669,6.081972404623138e-05,7.969481081919974e-05,0.00035023772123174624,2.306955050029466e-05,5.662526031890508e-05,3.5652941682273564e-05,7.340311522821029e-05,0.00023698720059393607,5.4528028455241924e-05,0.0002139176500936414,0.0005243079659157878,0.0003229737070041253,0.0016295491580662683,0.0001593896216383995,0.00020762595450265196,6.920865150088398e-05,0.00015519515791107317,0.000790656412601008,0.003240223229359568,0.0001237366799561259,0.00031039031582214634,0.0001279311436834522,0.0006228778635079559,0.0007319339204184397,0.0011073384240141437,0.0031332644043127475,0.005243079659157878,0.007199796987955597,0.0004991411835518299,5.8722492182568225e-05,0.00014680623045642058,2.306955050029466e-05,0.016821896778442133,0.003177306273449674,0.0005033356472791562,0.002015439820980288,0.00014261176672909426,2.9361246091284112e-05,0.00015100069418374687,2.516678236395781e-05,0.008703512234202076,0.003913434657595439,0.00011744498436513645,0.0001153477525014733,0.000333459866322441,0.0005222107340521246,0.003554808008909041,0.0001761674765477047,0.005574442293616655,0.000291515229049178,0.0001153477525014733,0.00013422283927444167,0.0038400315423672295,5.4528028455241924e-05,0.00541085820825093,0.004693604910878132,0.005855471363347518,0.0020930373999358248,0.006425918430263895,0.0026844567854888333,0.0006711141963722083,0.003468821502498852,0.0011283107426507753,0.006019055448713243,0.0012373667995612592,0.005693984509845455,0.005234690731703225,0.0006270723272352822,0.0011199218151961227,0.0023111495137567925,5.2430796591578776e-05,0.0008598650641018919,0.0025754007285783494,3.355570981861042e-05,5.662526031890508e-05,0.0002097231863663151,0.0042259222052812495,0.0008221148905559552,0.0006585308051902294,0.0008095314993739763,0.0007864619488736816,0.001361103479517385,0.003013722188083948,0.0009731155847397021,0.0015309792604741002,0.0018266889532506045,0.004955758893836026,9.437543386484179e-05,0.0037876007457756508,0.009433348922756853,0.000402668517823325,0.000639655718417261,0.0009961851352399966,0.0002957096927765043,0.000583030458098356,0.0007004754424634925,0.00019504256332067305,0.003976351613505335,0.0001971397951843362,0.0003628211124137251,0.0003523349530954094,0.0006816003556905241,0.004301422552373123,5.662526031890508e-05,0.0023027605863021397,0.0005536692120070719,7.969481081919974e-05,0.003059861289084537,0.0002055287226389888,0.004498562347557459,0.0004194463727326302,0.0011576719887420595,0.00026005675109423075,0.0003670155761410514,0.010685396345363755,0.0003040986202311569,2.306955050029466e-05,4.194463727326302e-06,0.009022291477478876,0.028142754378495824,0.006329445764535389,0.00026844567854888334,0.01766498398763472,0.060255568674905995,0.0029130550586281166,0.040363324448061004,0.0027117207997164544,0.0004844605605061879,0.010909800154775712,0.004009907323323945,0.046290101694773066,0.005815623957937918,0.0021182041822997823,0.016473756289074052,0.002195801761255319,0.007608757201369912,0.00035443218495907254,0.00013002837554711537
328 OEC NN,0.0,0.0,0.0,0.0,0.0,0.0,0.0,0.0,0.0,0.0,0.0,0.0,0.0,0.0,0.022793561629037486,0.0004321054337258291,0.0,0.0,0.0,0.0,0.0,0.0,0.0,0.0,0.0,0.0,0.0,0.0,0.0,0.0,0.0,0.0,0.0,0.0,0.0,0.0,0.0,0.0,0.0,0.0,0.0,0.0,0.0,0.0,0.0,0.0,0.0,0.0,0.0,0.0,0.0,0.0,0.0,0.0,0.0,0.0,0.0,0.0,0.0,0.0,0.0,0.0,0.0,0.0,0.0,0.0,0.0,0.0,0.0,0.0,0.0,0.0,0.0,0.0,0.0,0.0,0.0,0.0,0.0,0.0,0.0,0.0,0.0,0.0,0.0,0.0,0.0,0.0,0.0,0.0,0.0,0.0,0.0,0.0,0.0,0.0,0.0,0.0,0.0,0.0,0.0,0.0,0.0,0.0,0.0,0.0,0.0,0.5512585070757264,0.0,0.0,0.0,0.0,0.0,0.0,0.0,0.0,0.0,0.0,0.0,0.0,0.0,0.0,0.0,0.0,0.0,0.0,0.0,0.0,0.0,0.0,0.0,0.0,0.0,0.0,0.0,0.0,0.0,0.0,0.0,0.0,0.179539807713082,0.0,0.0,0.0,0.0,0.0,0.0,0.0,0.0,0.0,0.00010802635843145727,0.0,0.0,0.0,0.0,0.0,0.0,0.0,0.0,0.0,0.0,0.0,0.18224046667386842,0.0,0.0,0.0009722372258831155,0.0005401317921572864,0.0,0.0,0.0,0.0,0.0,0.00010802635843145727,0.0,0.0,0.0,0.0,0.0,0.0,0.0,0.0,0.0,0.0,0.0,0.0,0.0,0.0,0.0,0.0,0.0,0.0,0.0,0.0,0.0,0.0,0.0,0.0,0.0,0.0,0.0,0.0,0.0,0.0,0.0,0.0,0.0,0.0,0.0,0.0,0.0,0.0,0.0,0.0,0.0,0.0,0.0,0.0,0.0,0.0,0.0,0.0,0.0,0.0,0.0,0.0,0.0,0.0,0.0,0.0,0.0,0.0,0.0,0.0,0.0,0.0,0.0,0.0,0.0,0.0,0.0,0.0,0.0,0.0,0.0,0.0,0.0,0.0,0.0,0.0,0.0,0.0,0.0,0.0,0.0,0.0,0.0,0.0,0.0,0.0,0.0,0.0,0.0,0.0,0.0,0.0,0.0,0.0,0.0,0.0,0.0,0.0,0.0,0.0,0.0,0.0,0.0,0.0,0.0,0.0,0.0,0.0,0.0,0.0,0.0,0.0,0.0,0.0,0.0,0.0,0.0,0.0,0.0,0.0,0.0,0.0008642108674516582,0.0,0.0,0.0,0.0,0.0,0.0,0.0,0.00010802635843145727,0.0,0.0,0.0,0.0,0.0,0.0,0.0,0.0,0.0,0.0,0.0,0.0,0.0,0.0,0.0,0.0,0.0,0.0,0.0,0.0,0.0,0.0,0.0,0.0,0.0,0.0,0.0,0.0,0.0,0.0,0.0,0.0,0.0,0.0,0.0,0.0,0.0,0.0,0.0,0.0,0.0,0.0,0.0,0.0,0.0,0.0,0.0,0.0,0.06103489251377336,0.0,0.0
329 ABC NN,0.00020963261883549081,0.002463183271317017,0.0,0.0,0.0,0.0,0.0,0.0,0.0059221214821026155,0.0025155914260258897,0.0026728158901525075,0.0,0.0,0.027304648603322677,0.0,0.001415020177139563,0.0,0.0,0.003511346365494471,0.0,0.0019915098789371624,0.0,0.0,0.0028824485089879986,0.00387820344845658,0.001048163094177454,0.0018866935695194171,0.0,0.0,0.0,0.0,0.0,0.0,0.0,0.0,0.0,0.0007337141659242178,5.2408154708872704e-05,0.0022011424977726535,0.003511346365494471,0.0,5.2408154708872704e-05,0.0,0.0,0.0,0.0,0.007808815051622032,0.012735181594256066,0.0002620407735443635,0.0,0.0,0.0,0.0,0.005660080708558252,0.0,0.0002620407735443635,0.00775640689691316,0.008070855825166395,0.0,0.0,0.0,0.0,0.0,0.0,0.0,0.0015198364865573082,0.0,0.0240029348566637,0.017451915518054608,0.0,0.0,0.0,0.0,5.2408154708872704e-05,0.01069126356061003,0.0,0.0,0.0,0.0,0.0,0.0,0.0,0.0027252240448613803,0.0016770609506839265,0.0008385304753419633,0.002305958807190399,0.0,0.0,0.0,0.0,0.004716733923798543,0.0,0.0,0.0,0.0,0.0,0.0,0.0003144489282532362,0.0,0.0,5.2408154708872704e-05,0.0,0.0,0.0,0.0,0.0,0.0,0.016036895340915045,0.0,0.0,0.0,0.0,0.0,0.0,0.00010481630941774541,0.0,0.0,0.0006813060112153451,0.0,0.0,0.0008385304753419633,0.0,0.0,0.0,0.0,0.0,5.2408154708872704e-05,0.0,0.0,0.0,0.0,0.011844242964205231,0.0,0.0,0.0015198364865573082,0.011005712488863267,0.0,0.0,0.0,0.0013102038677218176,0.0049787746973429066,0.019286200932865153,0.021277710811802318,0.0,0.0,0.0,0.0,0.0,0.0,0.0,0.01200146742833185,0.0,0.0009957549394685812,0.0,0.0,0.0007337141659242178,0.0008385304753419633,0.0,0.0,0.0,0.0,0.0,0.021068078192966827,0.0,0.00020963261883549081,0.0008385304753419633,0.0,0.0003668570829621089,0.0,0.007389549813951051,0.0,0.0030396729731146164,0.004245060531418689,0.0,0.00387820344845658,0.0049787746973429066,0.0,0.0,0.0,5.2408154708872704e-05,0.0,0.0,0.0,0.0,0.0,0.0022535506524815263,0.0,0.017766364446307845,0.0,0.0,0.0,0.0,0.0,0.019233792778156282,0.002096326188354908,0.0,0.0,0.0,0.0,0.0,0.002830040354279126,0.0,0.0003144489282532362,0.0,0.0,0.0,0.009433467847597085,0.007494366123368796,0.0,0.0,0.0,0.0,0.0,0.0,0.0,0.0,0.0,0.0,0.0,0.0,0.0,0.0007337141659242178,0.0,0.0,0.0,0.0,0.0,0.0,0.0,0.0,0.0,0.0,0.0,0.0,0.0,0.0,0.0,0.0,0.0,0.0,0.003825795293747707,0.009747916775850322,0.0007861223206330905,0.0,0.0,0.0,0.0,0.0,0.0,0.007127509040406687,0.0,0.0,0.0,0.0,0.0,0.0,0.0,0.017399507363345737,0.0,0.0,0.0,0.0,0.0,0.0,0.000524081547088727,0.0,0.0,0.0,0.0,0.0,0.0,0.0,0.009643100466432577,0.001729469105392799,0.019967506944080497,0.0023583669618992714,0.0018342854148105446,0.0049787746973429066,0.0007861223206330905,0.016194119805041665,0.0,0.001729469105392799,5.2408154708872704e-05,5.2408154708872704e-05,0.0,0.0,0.0,0.002987264818405744,0.0,0.0,0.00020963261883549081,0.004402284995545307,0.0,0.0,0.004821550233216288,0.004035427912583198,5.2408154708872704e-05,0.0,0.002620407735443635,0.0014674283318484357,0.003668570829621089,0.0,0.00466432576908967,0.0,0.0002620407735443635,0.011529794035951994,0.0,0.0025155914260258897,0.0023583669618992714,0.0004716733923798543,0.0009433467847597086,0.0026728158901525075,0.0007861223206330905,0.015670038257952938,0.0003144489282532362,0.0003668570829621089,0.003720978984329962,0.0011005712488863268,0.0,0.0,0.0,0.0,0.0,0.0,0.0,0.0,0.0,0.0,0.0,0.0,0.008070855825166395,0.0,0.0,0.0,0.0,0.0001572244641266181,0.049158849116922594,0.0,0.010429222787065668,0.0,0.0015198364865573082,0.008752161836381741,0.0,0.0,0.0049787746973429066,0.0,0.0005764897017975998,0.0,5.2408154708872704e-05,0.0001572244641266181,0.0,0.3608825533252974,0.0,0.0
330 VLMC NN,0.00235440955379684,0.005205230760502652,0.00292173715712138,0.0017019828099736193,0.0,0.0008368082149036962,7.091595041556748e-05,0.00017019828099736192,0.0038436445125237567,0.0024820582645448614,0.002865004396788926,0.00019856466116358892,4.254957024934048e-05,0.021388250645335147,0.00036876294216095084,0.006368252347317959,8.509914049868096e-05,0.001148838396732193,0.001319036677729555,0.00031203018182849685,0.0020849289422176834,2.836638016622699e-05,1.4183190083113495e-05,0.0019430970413865487,0.002978469917453834,0.00039712932232717783,0.0016594332397242787,0.00018438147108047542,2.836638016622699e-05,0.001063739256233512,4.254957024934048e-05,0.0,0.0,0.00041131251241029133,0.0005247780330751993,0.0005105948429920858,0.0049924829092559495,0.0005105948429920858,0.007531273934133265,0.005673276033245397,0.0006949763140725612,0.013091084446713756,0.0002552974214960429,0.0004964116529089723,5.673276033245398e-05,9.928233058179446e-05,0.0023118599835474994,0.004283323405100275,0.0038436445125237567,0.010282812810257284,0.0002694806115791564,0.00031203018182849685,7.091595041556748e-05,0.023132783025558108,0.00041131251241029133,0.00207074575213457,0.008424814909369416,0.025118429637193997,0.0002269310413298159,1.4183190083113495e-05,0.0002269310413298159,0.0005531444132414263,9.928233058179446e-05,0.0,8.509914049868096e-05,0.0018579979008878677,8.509914049868096e-05,0.014069724562448586,0.014622868975690012,0.00029784699174538335,0.00031203018182849685,0.0,8.509914049868096e-05,0.00014183190083113495,0.0076731058349644,0.00039712932232717783,0.0011062888264828526,0.00012764871074802145,5.673276033245398e-05,0.0009219073554023771,0.00019856466116358892,0.0009360905454854906,0.0018154483306385273,0.001092105636399739,0.0009077241653192636,0.003588347091027714,4.254957024934048e-05,8.509914049868096e-05,8.509914049868096e-05,1.4183190083113495e-05,0.009545286925935382,5.673276033245398e-05,0.0002269310413298159,0.0024253255042124074,2.836638016622699e-05,2.836638016622699e-05,8.509914049868096e-05,0.006751198479562023,0.0006666099339063342,9.928233058179446e-05,0.00039712932232717783,0.0005673276033245398,0.0005105948429920858,0.0007091595041556747,0.0,0.0,0.0,0.017104927240234873,0.0,0.0005105948429920858,0.00019856466116358892,1.4183190083113495e-05,0.00041131251241029133,0.00032621337191161034,0.00014183190083113495,0.00015601509091424842,0.0004396788925765183,0.0023827759339630668,0.0,0.00019856466116358892,0.0024536918843786346,0.0007091595041556747,0.00017019828099736192,0.00017019828099736192,1.4183190083113495e-05,0.0009077241653192636,0.0004396788925765183,0.0,0.00018438147108047542,0.0,9.928233058179446e-05,0.02504751368677843,0.0007800754545712422,2.836638016622699e-05,0.0017870819504723003,0.007843304115961762,0.0,0.00019856466116358892,0.0002836638016622699,0.00475136867784302,0.011204720165659661,0.012935069355799507,0.018055200975803477,5.673276033245398e-05,8.509914049868096e-05,5.673276033245398e-05,0.0023827759339630668,0.00032621337191161034,0.00032621337191161034,0.002297676793464386,0.016863813008821945,0.00038294613224406433,0.004680452727427453,0.00011346552066490796,0.0007942586446543557,0.0009502737355686041,0.005829291124159646,0.0004680452727427453,0.00017019828099736192,1.4183190083113495e-05,0.00017019828099736192,0.00031203018182849685,0.022352707570986865,2.836638016622699e-05,0.0009928233058179446,0.0034465151901965792,0.0012764871074802144,0.0013899526281451224,0.00011346552066490796,0.0075029075539670385,7.091595041556748e-05,0.001092105636399739,0.0026238901653759966,0.003077752248035628,0.005403795421666241,0.0019856466116358893,0.001035372876067285,0.0,0.0009077241653192636,8.509914049868096e-05,7.091595041556748e-05,0.00038294613224406433,4.254957024934048e-05,1.4183190083113495e-05,0.0,0.0013048534876464414,0.0002269310413298159,0.009587836496184722,0.0005247780330751993,9.928233058179446e-05,0.0002694806115791564,0.0006807931239894477,5.673276033245398e-05,0.018367231157631975,0.003645079851360168,0.0,0.00018438147108047542,0.0,0.0004680452727427453,9.928233058179446e-05,0.0020423793719683433,1.4183190083113495e-05,0.0005247780330751993,7.091595041556748e-05,0.00011346552066490796,7.091595041556748e-05,0.0034039656199472386,0.009828950727597652,0.0011346552066490796,0.00117720477689842,0.00019856466116358892,5.673276033245398e-05,0.0,7.091595041556748e-05,0.0009360905454854906,0.00015601509091424842,5.673276033245398e-05,8.509914049868096e-05,0.00018438147108047542,0.0,2.836638016622699e-05,0.0006807931239894477,1.4183190083113495e-05,0.0009502737355686041,1.4183190083113495e-05,1.4183190083113495e-05,7.091595041556748e-05,0.00012764871074802145,0.0007658922644881287,0.0,0.00029784699174538335,7.091595041556748e-05,1.4183190083113495e-05,0.00017019828099736192,0.0002269310413298159,1.4183190083113495e-05,0.0004396788925765183,0.0,2.836638016622699e-05,9.928233058179446e-05,0.002808271636456472,0.006694465719229569,0.006850480810143817,0.0008226250248205827,4.254957024934048e-05,2.836638016622699e-05,2.836638016622699e-05,0.0,0.0044251553059314105,0.00937508864493802,2.836638016622699e-05,0.00024111423141292938,0.0,0.0,4.254957024934048e-05,2.836638016622699e-05,0.0023969591240461806,0.017572972512977618,1.4183190083113495e-05,4.254957024934048e-05,0.00017019828099736192,0.00011346552066490796,0.0008935409752361502,0.00017019828099736192,0.0008226250248205827,0.0002269310413298159,4.254957024934048e-05,0.0,0.0004680452727427453,0.0,0.00041131251241029133,0.00048222846282585877,0.007531273934133265,0.0018721810909709813,0.008382265339120076,0.0025671574050435426,0.001148838396732193,0.0041556746943522535,0.0011346552066490796,0.011389101636740135,0.00017019828099736192,0.005659092843162284,0.001517601338893144,0.0018721810909709813,0.00015601509091424842,0.00032621337191161034,0.0,0.0026238901653759966,0.0004538620826596318,0.0,0.0002269310413298159,0.0029501035372876067,0.00041131251241029133,8.509914049868096e-05,0.01092105636399739,0.004822284628258588,0.0021558448926332512,0.00018438147108047542,0.005432161801832468,0.0032905000992823306,0.004907383768757269,0.00012764871074802145,0.0034323320001134654,0.0,0.0014466853884775764,0.011233086545825888,0.00011346552066490796,0.0026097069752928827,0.001404135818228236,0.0002836638016622699,0.001092105636399739,0.0013048534876464414,0.0002694806115791564,0.006268970016736164,0.0005389612231583128,0.0005815107934076532,0.0026097069752928827,0.001120472016565966,0.0034890647604459194,9.928233058179446e-05,0.00018438147108047542,0.00041131251241029133,1.4183190083113495e-05,0.00019856466116358892,1.4183190083113495e-05,0.0005247780330751993,7.091595041556748e-05,0.00015601509091424842,2.836638016622699e-05,4.254957024934048e-05,0.0052194139505857655,2.836638016622699e-05,4.254957024934048e-05,0.0,0.0011062888264828526,0.004652086347261226,0.04589680310895527,0.0,0.01562987547159107,0.003191217768700536,0.008665929140782345,0.011984795620230903,0.00034039656199472384,1.4183190083113495e-05,0.009446004595353587,0.0008368082149036962,0.009063058463109522,0.0030068362976200607,0.0005247780330751993,0.0004680452727427453,0.00014183190083113495,0.1853033784358778,2.836638016622699e-05,4.254957024934048e-05
331 Peri NN,0.0013655872024970737,0.007261455759309836,0.006589500151731912,0.008193523214982443,0.0,0.0007803355442840422,0.0003251398101183509,0.0015173191138856375,0.007608271556769411,0.004205141544197338,0.0029479342784063814,0.000606927645554255,4.3351974682446785e-05,0.012572072657909567,0.00021675987341223394,0.010014306151645207,4.3351974682446785e-05,0.004205141544197338,0.0009754194303550526,0.0004768717215069146,0.0003468157974595743,0.0,0.00010837993670611697,0.0024927385442406903,0.004747041227727923,0.0008453635063077124,0.004053409632808774,0.001105475354402393,0.00017340789872978714,0.0002817878354359041,2.1675987341223392e-05,4.3351974682446785e-05,0.0,0.004465253392292019,0.003034638227771275,0.00242771058221702,0.016408722417306107,0.0009754194303550526,0.00882212684787792,0.002145922746781116,0.002210950708804786,0.008518663025100794,0.0007586595569428188,0.001647375037932978,0.00010837993670611697,0.0005418996835305849,0.0011921793037672865,0.0029912862530888282,0.002037542810074999,0.06140807213768587,0.0015823470759093077,0.001105475354402393,0.00019508388607101054,0.010556205835175792,0.0016690510252742013,0.0018641349113452117,0.003923353708761434,0.009060562708631379,0.000823687518966489,0.00010837993670611697,0.001322235227814627,0.0011921793037672865,0.0003034638227771275,2.1675987341223392e-05,0.0003468157974595743,0.003468157974595743,0.0003034638227771275,0.015411626999609832,0.012160228898426323,0.0019074868860276585,0.002861230329041488,2.1675987341223392e-05,0.0003684917848007977,0.00010837993670611697,0.002384358607534573,0.0012788832531321801,0.0006936315949191486,0.0009320674556726058,0.0004335197468244679,0.006329388303637231,0.0004335197468244679,0.00619933237958989,0.0035548619239606366,0.0004985477088481381,0.0003251398101183509,0.007066371873238826,0.00015173191138856374,0.0003468157974595743,0.0004551957341656912,0.00017340789872978714,0.015411626999609832,0.00026011184809468074,0.00015173191138856374,0.00021675987341223394,0.00013005592404734037,0.00010837993670611697,0.0004118437594832445,0.00121385529110851,0.0016690510252742013,0.0003034638227771275,0.0011271513417436163,0.0025144145315819134,0.0010621233797199463,0.006155980404907444,0.0,0.0,0.0,0.006502796202367018,2.1675987341223392e-05,0.002145922746781116,0.0007803355442840422,0.0,0.0030129622404300514,0.000606927645554255,0.0016690510252742013,0.0006502796202367018,0.0008453635063077124,0.004638661291021806,0.00015173191138856374,0.00026011184809468074,0.00013005592404734037,0.002926258291065158,0.0013439112151558503,0.0004551957341656912,0.0005202236961893615,0.00485542116443404,0.0014956431265444141,2.1675987341223392e-05,0.000715307582260372,0.0,0.0013005592404734035,0.017535873759049726,0.003468157974595743,6.502796202367018e-05,0.00010837993670611697,0.003749945810031647,0.00010837993670611697,0.0008020115316252656,0.00019508388607101054,0.0014089391771795205,0.008952182771925261,0.029674426670134823,0.02976113061949972,0.0008453635063077124,0.001105475354402393,4.3351974682446785e-05,0.013244028265487493,0.001430615164520744,2.1675987341223392e-05,0.006892963974509039,0.007456539645380847,0.00019508388607101054,0.0015823470759093077,0.0004768717215069146,0.0024493865695582435,0.00017340789872978714,0.0022759786708284563,0.0004768717215069146,0.0004985477088481381,4.3351974682446785e-05,0.0003901677721420211,0.0012355312784497333,0.00754324359474574,4.3351974682446785e-05,0.0074131876706984,0.0029912862530888282,0.004573633328998136,0.0036849178480079766,2.1675987341223392e-05,0.010144362075692548,0.0009320674556726058,0.001538995101226861,0.0016690510252742013,0.011401569341483505,0.0024493865695582435,0.0028395543417002646,0.005960896518836433,6.502796202367018e-05,0.0031863701391598386,6.502796202367018e-05,0.0002384358607534573,0.0019291628733688819,0.0004335197468244679,2.1675987341223392e-05,0.00017340789872978714,0.00121385529110851,0.0008887154809901592,0.005245588936576061,0.002102570772098669,0.0008670394936489358,0.001430615164520744,0.0017991069493215417,0.00015173191138856374,0.026097888758832965,0.004248493518879785,0.00015173191138856374,0.00017340789872978714,6.502796202367018e-05,0.0039667056834438805,0.00021675987341223394,0.0020158668227337755,0.00010837993670611697,0.0021242467594398927,0.00026011184809468074,0.00019508388607101054,0.0002384358607534573,0.001885810898686435,0.0037932977847140938,0.008085143278276325,0.00702301989855638,0.0006502796202367018,0.00017340789872978714,2.1675987341223392e-05,0.00021675987341223394,0.003533185936619413,0.0007369835696015954,0.0005635756708718082,0.0002817878354359041,0.0009754194303550526,0.00015173191138856374,0.0004118437594832445,6.502796202367018e-05,0.0002817878354359041,0.0007803355442840422,2.1675987341223392e-05,0.00026011184809468074,0.0005202236961893615,0.00026011184809468074,0.0029045823037239346,6.502796202367018e-05,0.0007369835696015954,0.00026011184809468074,2.1675987341223392e-05,0.0003468157974595743,0.0019725148480513287,4.3351974682446785e-05,0.00010837993670611697,6.502796202367018e-05,0.0004985477088481381,0.0003684917848007977,0.0047036892530454765,0.00754324359474574,0.011379893354142282,0.004465253392292019,0.00021675987341223394,0.0003251398101183509,0.00010837993670611697,4.3351974682446785e-05,0.013634196037629514,0.004183465556856115,0.00017340789872978714,0.000715307582260372,2.1675987341223392e-05,6.502796202367018e-05,4.3351974682446785e-05,6.502796202367018e-05,0.008301903151688559,0.009819222265574197,8.670394936489357e-05,0.00017340789872978714,0.0004768717215069146,0.0003251398101183509,0.0024927385442406903,6.502796202367018e-05,0.0029045823037239346,0.0005418996835305849,6.502796202367018e-05,0.00017340789872978714,0.002319330645510903,4.3351974682446785e-05,0.003424805999913296,0.0025144145315819134,0.014154419733818875,0.005505700784670742,0.018489617202063553,0.006936315949191486,0.0018424589240039883,0.008280227164347335,0.002102570772098669,0.020158668227337754,0.000715307582260372,0.004616985303680583,0.0038366497593965406,0.0006502796202367018,0.0008670394936489358,0.0013439112151558503,6.502796202367018e-05,0.006892963974509039,0.0017774309619803183,6.502796202367018e-05,2.1675987341223392e-05,0.001885810898686435,0.002080894784757446,0.0003901677721420211,0.002861230329041488,0.0011705033164260631,0.0017774309619803183,0.001040447392378723,0.0009754194303550526,0.001430615164520744,0.000606927645554255,0.0015606710885680843,0.0019291628733688819,6.502796202367018e-05,0.002926258291065158,0.003143018164477392,0.00015173191138856374,0.0038583257467377638,0.0034031300125720726,0.0008887154809901592,0.0024710625568994666,0.0022759786708284563,0.0008670394936489358,0.011574977240213292,0.001105475354402393,0.0013439112151558503,0.0019074868860276585,0.0019725148480513287,0.0016690510252742013,6.502796202367018e-05,0.0019941908353925523,0.001105475354402393,0.00015173191138856374,0.002080894784757446,0.00026011184809468074,0.004660337278363029,0.000715307582260372,0.0006936315949191486,6.502796202367018e-05,0.0002817878354359041,0.003099666189794945,0.00019508388607101054,0.00019508388607101054,0.0,0.006025924480860103,0.010122686088351325,0.0023410066328521262,0.00015173191138856374,0.005072181037846274,0.012420340746521003,0.0014739671392031907,0.007174751809944943,0.0013439112151558503,0.00019508388607101054,0.0022976546581696795,0.0014522911518619673,0.008887154809901592,0.0022543026834872327,0.0009537434430138292,0.004335197468244679,0.0006936315949191486,0.01066458577188191,0.00019508388607101054,8.670394936489357e-05
332 SMC NN,0.007078916813363797,0.007078916813363797,0.005281096670287277,0.004644368702947676,0.0,0.0004120004494550358,0.00033709127682684744,0.0005992733810255066,0.004644368702947676,0.0031836398366980037,0.003708004045095322,0.0003745458631409416,0.0002996366905127533,0.013895651522528933,0.0002996366905127533,0.008427281920671187,0.0,0.004906550807146335,0.0009738192441664481,0.0002621821041986591,0.00048690962208322407,0.0,0.00014981834525637665,0.0015356380388778605,0.002771639387242968,0.0003745458631409416,0.002134911419903367,0.0007865463125959774,0.0,0.0008989100715382599,7.490917262818833e-05,7.490917262818833e-05,0.0,0.0017229109704483313,0.0029214577324993447,0.0016480017978201431,0.012697104760477921,0.0011236375894228248,0.011760740102625566,0.0051312783250309,0.0031836398366980037,0.014195288213041687,0.0005992733810255066,0.001385819693621484,0.0012360013483651074,0.00022472751788456496,0.0017603655567624255,0.0017603655567624255,0.0012734559346792014,0.039214951870856586,0.0021723660062174612,0.0003745458631409416,3.745458631409416e-05,0.022547660961084685,0.0011985467620510132,0.005168732911344994,0.006292370500767819,0.02621821041986591,3.745458631409416e-05,0.0,0.0005618187947114124,0.0004494550357691299,0.0005618187947114124,0.0,0.00048690962208322407,0.001385819693621484,0.0002621821041986591,0.007378553503876549,0.008127645230158433,0.0008989100715382599,0.000936364657852354,0.0,0.0003745458631409416,3.745458631409416e-05,0.0012360013483651074,0.0007490917262818832,0.0013483651073073898,0.0004494550357691299,0.0001872729315704708,0.004120004494550357,0.00033709127682684744,0.005056369152402712,0.0019476384883328963,0.0003745458631409416,0.0005618187947114124,0.00692909846810742,3.745458631409416e-05,0.00022472751788456496,0.00011236375894228248,7.490917262818833e-05,0.013221468968875239,7.490917262818833e-05,0.000936364657852354,0.0033334581819543805,0.00014981834525637665,0.00011236375894228248,0.0007490917262818832,0.004606914116633581,0.0008614554852241657,7.490917262818833e-05,0.0012734559346792014,0.000936364657852354,0.0019476384883328963,0.004494550357691299,3.745458631409416e-05,0.0,0.0,0.009438555751151729,0.0,0.0005992733810255066,0.0010861830031087306,0.0001872729315704708,0.0015730926251919547,0.00011236375894228248,0.0004494550357691299,0.00048690962208322407,0.0017229109704483313,0.0038203678040376046,0.0,0.00011236375894228248,0.0001872729315704708,0.002472002696730215,0.002022547660961085,0.000936364657852354,0.0001872729315704708,0.0033334581819543805,0.00048690962208322407,0.0,0.0007865463125959774,0.0,0.0005618187947114124,0.02636802876512229,0.0020600022472751786,7.490917262818833e-05,7.490917262818833e-05,0.006142552155511442,0.0,0.00033709127682684744,0.0,0.004606914116633581,0.010562193340574554,0.015244016629836323,0.01591819918349002,0.00014981834525637665,0.00048690962208322407,7.490917262818833e-05,0.00846473650698528,0.001161092175736919,0.0004494550357691299,0.0033334581819543805,0.01378328776358665,0.00048690962208322407,0.006779280122851043,0.0004120004494550358,0.0036330948724671336,0.00048690962208322407,0.0035956402861530394,0.00048690962208322407,0.0004120004494550358,7.490917262818833e-05,0.0003745458631409416,0.0004494550357691299,0.011423648825798719,0.0,0.0025469118693584028,0.002022547660961085,0.0031836398366980037,0.0031087306640698153,0.0,0.010637102513202741,0.0008240008989100716,0.00033709127682684744,0.0010112738304805424,0.0064796434323382895,0.008577100265927564,0.0012734559346792014,0.005768006292370501,0.0,0.00423236825349264,3.745458631409416e-05,7.490917262818833e-05,0.0007116371399677891,0.00033709127682684744,0.0,3.745458631409416e-05,0.0013109105209932956,0.0014607288662496724,0.006404734259710101,0.0029589123188134385,0.0002621821041986591,0.002134911419903367,0.0033334581819543805,0.00014981834525637665,0.024607663208359862,0.004869096220832241,0.00011236375894228248,3.745458631409416e-05,7.490917262818833e-05,0.0014981834525637663,0.00014981834525637665,0.0028465485598711563,0.0,0.0023970935241020264,3.745458631409416e-05,3.745458631409416e-05,0.00022472751788456496,0.0034083673545825684,0.006741825536536949,0.005955279223940972,0.0054683696018577475,0.0002621821041986591,0.0001872729315704708,0.0,0.00014981834525637665,0.004831641634518147,0.0002621821041986591,0.0,0.0007865463125959774,0.00033709127682684744,0.0,3.745458631409416e-05,0.00011236375894228248,7.490917262818833e-05,0.0019476384883328963,3.745458631409416e-05,7.490917262818833e-05,0.00014981834525637665,3.745458631409416e-05,0.0015356380388778605,3.745458631409416e-05,0.0010112738304805424,0.00014981834525637665,0.00022472751788456496,0.0006741825536536949,0.0006367279673396007,0.00014981834525637665,0.0007490917262818832,0.0,0.00011236375894228248,0.00014981834525637665,0.0023596389377879322,0.00494400539346043,0.009401101164837635,0.0016480017978201431,0.00011236375894228248,0.00011236375894228248,3.745458631409416e-05,0.0,0.012434922656279261,0.006254915914453725,0.00011236375894228248,0.0005618187947114124,0.0,0.0,0.00011236375894228248,0.0,0.00809019064384434,0.012135285965766508,3.745458631409416e-05,0.0,0.0009738192441664481,0.0002621821041986591,0.001835274729390614,7.490917262818833e-05,0.003221094423012098,0.0,0.00033709127682684744,7.490917262818833e-05,0.0021723660062174612,0.0,0.0051312783250309,0.0033709127682684747,0.011049102962657778,0.0025469118693584028,0.014569834076182628,0.0051312783250309,0.0013109105209932956,0.006891643881793325,0.0011236375894228248,0.013521105659387992,0.0004494550357691299,0.009513464923779916,0.002771639387242968,0.001835274729390614,0.0005992733810255066,0.0009738192441664481,0.0,0.0024345481104161206,0.0020600022472751786,0.0,0.00022472751788456496,0.0011236375894228248,0.0019850930746469907,0.00022472751788456496,0.004981459979774523,0.0029214577324993447,0.0012734559346792014,0.0010861830031087306,0.00048690962208322407,0.000936364657852354,0.0007116371399677891,0.0002996366905127533,0.0038203678040376046,0.0,0.004007640735608075,0.01198546762051013,0.00014981834525637665,0.0016854563841342373,0.0011985467620510132,0.00033709127682684744,0.001610547211506049,0.0014607288662496724,0.00014981834525637665,0.005356005842915465,0.0007116371399677891,0.0003745458631409416,0.001161092175736919,0.001385819693621484,0.0006367279673396007,0.0,0.0010861830031087306,0.0012734559346792014,0.0,0.0010861830031087306,0.00011236375894228248,0.002322184351473838,0.0001872729315704708,0.0005243642083973182,7.490917262818833e-05,0.0,0.0036330948724671336,0.0003745458631409416,3.745458631409416e-05,0.0,0.004981459979774523,0.004382186598749017,0.035432038653133074,0.0,0.01187310386156785,0.008726918611183939,0.004307277426120829,0.009064009888010788,0.0010861830031087306,7.490917262818833e-05,0.007790553953331585,0.0012734559346792014,0.006704370950222855,0.0011985467620510132,0.0017978201430765197,0.0010861830031087306,0.0008614554852241657,0.0532229671523278,0.0,7.490917262818833e-05
333 Endo NN,0.0016070817978040349,0.007761863151096083,0.00672846776338285,0.007275559439231033,1.5196990995782835e-05,0.0006306751263249876,0.00019376163519623115,0.0012233577751605182,0.007579499259146689,0.0038524372174309485,0.003377531248812735,0.0006572698605676077,8.73826982257513e-05,0.012761673188708635,0.00023555336043463393,0.010318756886136544,0.0,0.004133581550852931,0.0010409938832111243,0.00040651950913719084,0.0004521104821245393,1.5196990995782835e-05,0.00011017818471942555,0.002492306523308385,0.004844040879905778,0.0010675886174537441,0.0038372402264351658,0.0009422134417385357,0.0001747653964515026,0.000482504464116105,5.318946848523992e-05,3.419322974051138e-05,1.8996238744728545e-05,0.0036966680597241746,0.0026062839557767564,0.0020022035636943886,0.0167318870863569,0.0009460126894874815,0.01005660879145929,0.002100984005166977,0.0020553930321796283,0.007967022529539151,0.000756050302040196,0.0013335359598799438,0.0001253751757152084,0.0004901029596139964,0.0011131795904410927,0.00286843205045401,0.002024999050188063,0.052733558755366436,0.0017894456897534288,0.0008700277345085674,0.00014817066220888263,0.011663690589263326,0.0014513126400972607,0.0016260780365487633,0.0038942289426693514,0.011348353026100832,0.0007370540632954675,0.0001709661487025569,0.001003001405721667,0.0012727479958968124,0.00027354583792409105,3.039398199156567e-05,0.00041031875688613657,0.0032825500550890925,0.00024695110368147104,0.016188594658257664,0.012583108544508188,0.0015728885680635235,0.0019338171042133658,1.8996238744728545e-05,0.0004407127388777022,0.0001253751757152084,0.002777250104479313,0.0011967630409178982,0.0006952623380570647,0.0007902435317807074,0.00028874282891987386,0.0049428213213783675,0.0005964818965844763,0.006291554272254094,0.0031495763838759925,0.0005470916758481821,0.000391322518141408,0.00618897458303256,9.878044147258843e-05,0.00023935260818357966,0.00026594734242619964,0.00013297367121309982,0.017108012613502525,0.00014817066220888263,0.00018616313969833974,0.0005888834010865848,0.00011777668021731697,9.1181945974697e-05,0.0004027202613882451,0.001458911135595152,0.0018198396717449944,0.00031153831541354813,0.001147372820181604,0.0023669313475931765,0.0008472322480148931,0.005877436267619012,7.598495497891418e-06,1.1397743246837126e-05,3.419322974051138e-05,0.007370540632954675,2.659473424261996e-05,0.001603282550055089,0.0008320352570191102,3.419322974051138e-05,0.0025454959917936247,0.0005432924280992363,0.0014665096310930437,0.000573686410090802,0.0008472322480148931,0.004247558983321302,6.838645948102276e-05,0.00023555336043463393,0.00011397743246837126,0.0026442764332662134,0.001200562288666844,0.000509099198358725,0.0005052999506097792,0.003582690627255803,0.0012233577751605182,1.8996238744728545e-05,0.0008852247255043502,3.039398199156567e-05,0.0012081607841647353,0.017134607347745145,0.003206565100110178,7.978420272785988e-05,4.55909729873485e-05,0.003457315451540595,0.00010257968922153414,0.0008016412750275445,0.00032293605866038526,0.0016526727707913834,0.01101401922419361,0.028095437103453517,0.03252535997872421,0.0005128984461076707,0.0008814254777554044,6.458721173207704e-05,0.012328558945328826,0.0013715284373694008,6.838645948102276e-05,0.006990615858060104,0.007891037574560236,0.00024695110368147104,0.0020971847574180313,0.0004673074731203222,0.002739257626989856,0.00032673530640933094,0.002233957676380077,0.00045590972987348506,0.000417917252384028,5.698871623418563e-05,0.000573686410090802,0.0015424945860719578,0.008947228448767145,3.419322974051138e-05,0.007343945898712055,0.0033813304965616808,0.004490710839253828,0.004331142433798108,1.1397743246837126e-05,0.011010219976444665,0.0009422134417385357,0.0011891645454200068,0.0017058622392766233,0.010064207286957182,0.002640477185517268,0.0031343793928802098,0.005695072375669618,3.419322974051138e-05,0.003195167356863341,7.978420272785988e-05,0.00020515937844306828,0.0020591922799285743,0.00047110672086926787,2.659473424261996e-05,0.0001785646442004483,0.001382926180616238,0.0008396337525170016,0.005071995744842521,0.0023973253295847424,0.0006420728695718247,0.0016906652482808404,0.0015614908248166863,0.00014437141445993693,0.025766498233349797,0.005174575434064055,0.00016716690095361117,0.000182363891949394,4.179172523840279e-05,0.002978610235173436,0.0002203563694388511,0.0025378974962957336,4.179172523840279e-05,0.0021845674556437824,0.0003533300406519509,0.0003457315451540595,0.00022795486493674253,0.002138976482656434,0.0038144447399414915,0.006971619619315376,0.0068386459481022755,0.0007940427795296531,0.0001747653964515026,3.039398199156567e-05,0.0003153375631624938,0.004015804870635614,0.0005622886668439649,0.0005660879145929106,0.00019376163519623115,0.0006686676038144447,7.598495497891418e-05,0.00033433380190722235,4.55909729873485e-05,0.00022415561718779683,0.0008586299912617302,5.698871623418563e-05,0.00026594734242619964,0.00038372402264351657,0.0002127578739409597,0.0029406177576839785,8.358345047680559e-05,0.0005888834010865848,0.00014817066220888263,9.878044147258843e-05,0.0005850841533376392,0.0017704494510087003,3.039398199156567e-05,0.00022795486493674253,5.318946848523992e-05,0.0003419322974051138,0.00033053455415827667,0.004711067208692679,0.007697275939364006,0.010983625242202043,0.003024201208160784,0.0002697465901751453,0.00023555336043463393,8.358345047680559e-05,1.1397743246837126e-05,0.012423540139052468,0.004787052163671593,0.00011017818471942555,0.0007332548155465218,1.8996238744728545e-05,3.799247748945709e-05,0.00014817066220888263,9.1181945974697e-05,0.0075035143041677745,0.010204779453668173,9.1181945974697e-05,0.00014057216671099123,0.0003799247748945709,0.00036092853614984235,0.0029140230234413586,0.00011017818471942555,0.003552296645264238,0.0003875232703924623,0.00013677291896204552,4.939022073629421e-05,0.0023859275863379052,1.8996238744728545e-05,0.004008206375137722,0.0033699327533148436,0.016040423996048783,0.005592492686448083,0.01786406291554272,0.007378139128452566,0.002359332852095285,0.009106796854222865,0.0028418373162113902,0.020979446069678203,0.0007940427795296531,0.004163975532844497,0.003065992933399187,0.0005964818965844763,0.0006686676038144447,0.0013031419778883782,2.279548649367425e-05,0.00613578511454732,0.0017400554690171347,1.5196990995782835e-05,8.358345047680559e-05,0.0020136013069412258,0.002309942631358991,0.00018996238744728544,0.003274951559591201,0.0010789863607005813,0.0014665096310930437,0.0010295961399642871,0.0010751871129516355,0.0013525321986246723,0.0009080202119980244,0.001227157022909464,0.0024087230728315795,6.458721173207704e-05,0.003316743284829604,0.0037878500056988717,0.000208958626192014,0.003521902663272672,0.0032787508073401465,0.001082785608449527,0.0024353178070741993,0.00297481098742449,0.0011587705634284412,0.014250978306295353,0.0012841457391436495,0.0014437141445993694,0.0021845674556437824,0.002347935108848448,0.0013335359598799438,0.0001253751757152084,0.0016336765320466547,0.0011891645454200068,0.00011397743246837126,0.0015994833023061433,0.00016336765320466547,0.003810645492192546,0.0003875232703924623,0.0006534706128186619,0.0001291744234641541,0.000208958626192014,0.003039398199156567,0.0003419322974051138,0.0001709661487025569,7.598495497891418e-06,0.0055772956954523,0.009425933665134303,0.004357737168040728,7.218570722996846e-05,0.005159378443068272,0.010903841039474184,0.001721059230272406,0.006363739979484062,0.0010068006534706129,0.00020515937844306828,0.0023783290908400137,0.0011169788381900385,0.007765662398845029,0.0018160404239960489,0.0009156187074959158,0.003932221420158808,0.0008928232210022415,0.015690893203145775,0.00016716690095361117,0.00010257968922153414
334 Microglia NN,0.0016822238178274694,0.008759872807467433,0.006954559441994051,0.010852395117447943,4.102984921530413e-05,0.00026669401989947686,0.0002872089445071289,0.0011898656272438198,0.010770335419017335,0.005005641604267104,0.003938865524669197,0.0004308134167606934,2.0514924607652066e-05,0.0057441788901425785,0.0001846343214688686,0.014114268130064622,0.0,0.0021950969330187713,0.0008000820596984306,0.0004102984921530413,0.0007180223612678223,0.0,0.0001846343214688686,0.002687455123602421,0.005026156528874756,0.0011693507026361678,0.004841522207405888,0.00026669401989947686,0.00010257462303826033,0.000307723869114781,4.102984921530413e-05,6.15447738229562e-05,2.0514924607652066e-05,0.005436455021027797,0.003364447635654939,0.002728484972817725,0.02630013334700995,0.0011488357780285157,0.014442506923787055,0.0013334700994973843,0.0029951789927172017,0.0029541491435018975,0.0003692686429377372,0.0019694327623345984,0.00016411939686121653,0.000307723869114781,0.0016001641193968612,0.003446507334085547,0.0010257462303826033,0.06318596779156836,0.001230895476459124,0.001579649194789209,8.205969843060826e-05,0.004718432659759976,0.0011283208534208636,0.0009847163811672992,0.0014770745717509488,0.014873320340547749,0.0005128731151913017,8.205969843060826e-05,0.0004923581905836496,0.001518104420966253,8.205969843060826e-05,2.0514924607652066e-05,8.205969843060826e-05,0.004102984921530413,0.0001846343214688686,0.021397066365781106,0.010954969740486204,0.002461790952918248,0.00416452969535337,2.0514924607652066e-05,0.0004718432659759975,0.00010257462303826033,0.0008616268335213868,0.000615447738229562,0.0001846343214688686,0.000943686531951995,0.0006564775874448661,0.012739768181351934,0.0011283208534208636,0.004903066981228844,0.004677402810544671,0.0005539029644066058,0.00032823879372243306,0.006318596779156836,4.102984921530413e-05,0.0003692686429377372,0.0001230895476459124,0.0001230895476459124,0.008472663862960304,0.0001230895476459124,0.00020514924607652066,0.0004308134167606934,4.102984921530413e-05,0.0,0.0004718432659759975,0.0019284029131192942,0.002154067083803467,8.205969843060826e-05,0.000615447738229562,0.000923171607344343,0.0006769925120525182,0.004041440147707457,0.0,0.0,2.0514924607652066e-05,0.008226484767668478,0.0,0.003384962560262591,0.0006564775874448661,0.0,0.0016001641193968612,0.00016411939686121653,0.0004923581905836496,0.0004102984921530413,0.00038978356754538926,0.004923581905836496,4.102984921530413e-05,2.0514924607652066e-05,0.0001230895476459124,0.002133552159195815,0.0013539850241050364,0.000307723869114781,0.0009642014565596471,0.004082469996922761,0.001210380551851472,8.205969843060826e-05,0.0006769925120525182,0.0,0.0009026566827366909,0.01269873833213663,0.002154067083803467,4.102984921530413e-05,0.0002461790952918248,0.003590111806339112,2.0514924607652066e-05,0.00038978356754538926,0.00020514924607652066,0.0005128731151913017,0.011160118986562724,0.032003282387937225,0.035572879269668685,0.0006769925120525182,0.0010052313057749512,2.0514924607652066e-05,0.010011283208534208,0.0009642014565596471,4.102984921530413e-05,0.0029336342188942457,0.006236537080726228,0.00016411939686121653,0.0013950148733203405,0.0001846343214688686,0.001538619345573905,0.00032823879372243306,0.00045132834136834546,0.0002461790952918248,0.00038978356754538926,2.0514924607652066e-05,0.0003692686429377372,0.0007795671350907785,0.010831880192840291,2.0514924607652066e-05,0.007385372858754744,0.00297466406810955,0.004000410298492153,0.005497999794850754,0.0,0.007713611652477177,0.0008000820596984306,0.0011078059288132116,0.002133552159195815,0.006954559441994051,0.004102984921530413,0.002174582008411119,0.004082469996922761,2.0514924607652066e-05,0.0026053954251718126,0.0001230895476459124,0.0002461790952918248,0.0013129551748897322,0.0003487537183300851,2.0514924607652066e-05,6.15447738229562e-05,0.0022566417068417273,0.0005949328136219099,0.0019078879885116422,0.0014770745717509488,0.0004308134167606934,0.0011283208534208636,0.0010667760795979074,0.00010257462303826033,0.03183916299107601,0.006113447533080316,4.102984921530413e-05,0.00016411939686121653,2.0514924607652066e-05,0.0020104626115499025,0.00014360447225356446,0.0010462611549902554,6.15447738229562e-05,0.0022771566314493796,0.00022566417068417273,0.00022566417068417273,0.00020514924607652066,0.001210380551851472,0.0013744999487126884,0.0059493281362191,0.005128731151913017,0.00020514924607652066,0.0002461790952918248,0.0,0.0002872089445071289,0.002420761103702944,0.00045132834136834546,0.0003692686429377372,0.0001846343214688686,0.0007180223612678223,2.0514924607652066e-05,0.0004923581905836496,0.00010257462303826033,0.0002872089445071289,0.00032823879372243306,2.0514924607652066e-05,6.15447738229562e-05,0.00026669401989947686,0.0,0.0022976715560570314,0.00010257462303826033,0.000615447738229562,0.00016411939686121653,0.00010257462303826033,0.00022566417068417273,0.0010052313057749512,4.102984921530413e-05,6.15447738229562e-05,0.0,0.00032823879372243306,0.00016411939686121653,0.004800492358190584,0.007139193763462919,0.007139193763462919,0.002502820802133552,0.0002872089445071289,0.00016411939686121653,6.15447738229562e-05,2.0514924607652066e-05,0.007877731049338393,0.001579649194789209,0.00020514924607652066,0.000923171607344343,4.102984921530413e-05,4.102984921530413e-05,8.205969843060826e-05,6.15447738229562e-05,0.016904297876705304,0.004287619242999282,6.15447738229562e-05,4.102984921530413e-05,0.0001846343214688686,0.0004923581905836496,0.006318596779156836,4.102984921530413e-05,0.0016001641193968612,0.0003692686429377372,0.0001230895476459124,4.102984921530413e-05,0.0011283208534208636,6.15447738229562e-05,0.002113037234588163,0.0017847984408657298,0.015057954662016617,0.00545696994563545,0.017396656067288952,0.0075289773310083085,0.0025643655759565085,0.008718842958252128,0.003159298389578418,0.023756282695661095,0.0004718432659759975,0.006708380346702226,0.0031387834649707663,0.00032823879372243306,0.000615447738229562,0.0005744178890142579,2.0514924607652066e-05,0.008554723561390911,0.0013744999487126884,0.0,8.205969843060826e-05,0.0029131192942865934,0.0013539850241050364,0.0003692686429377372,0.003938865524669197,0.0014565596471432967,0.0003487537183300851,0.00038978356754538926,0.0016411939686121653,0.0007385372858754744,0.0008616268335213868,0.0009026566827366909,0.0022771566314493796,4.102984921530413e-05,0.0016822238178274694,0.0034875371833008512,0.00010257462303826033,0.005723663965534927,0.003159298389578418,0.001251410401066776,0.0029951789927172017,0.0032413580880090265,0.0011078059288132116,0.015345163606523746,0.0017027387424351215,0.001538619345573905,0.0027079700482100727,0.002461790952918248,0.002154067083803467,6.15447738229562e-05,0.0010667760795979074,0.0011283208534208636,0.00014360447225356446,0.0008000820596984306,0.0001846343214688686,0.001846343214688686,0.0003487537183300851,0.00032823879372243306,0.00010257462303826033,0.00016411939686121653,0.0037542312032003283,0.0001230895476459124,0.0001230895476459124,0.0,0.003590111806339112,0.008288029541491436,0.003302902861831983,8.205969843060826e-05,0.006216022156118576,0.023263924505077443,0.0011898656272438198,0.013232126371935583,0.001251410401066776,0.0001846343214688686,0.003302902861831983,0.001210380551851472,0.015037439737408965,0.0020925223099805107,0.0008821417581290388,0.0060929326084726634,0.0006769925120525182,0.00892399220432865,0.0001846343214688686,2.0514924607652066e-05
335 BAM NN,0.0010542962572482868,0.0063257775434897206,0.0015814443858724301,0.0021085925144965737,0.0,0.0005271481286241434,0.0,0.0,0.002635740643120717,0.0031628887717448603,0.004217185028993147,0.0005271481286241434,0.0,0.019504480759093307,0.0,0.008434370057986295,0.0,0.0031628887717448603,0.0010542962572482868,0.0015814443858724301,0.0,0.0,0.0,0.0010542962572482868,0.0015814443858724301,0.0005271481286241434,0.004217185028993147,0.0,0.0005271481286241434,0.0005271481286241434,0.0,0.0,0.0,0.0015814443858724301,0.0031628887717448603,0.002635740643120717,0.010542962572482868,0.0005271481286241434,0.009488666315234581,0.00790722192936215,0.0021085925144965737,0.020031628887717447,0.0010542962572482868,0.0036900369003690036,0.0005271481286241434,0.0,0.0,0.0021085925144965737,0.005798629414865577,0.033210332103321034,0.0010542962572482868,0.0015814443858724301,0.0,0.03584607274644175,0.0010542962572482868,0.0010542962572482868,0.01107011070110701,0.018977332630469163,0.0005271481286241434,0.0,0.0005271481286241434,0.0005271481286241434,0.0005271481286241434,0.0,0.0010542962572482868,0.002635740643120717,0.0010542962572482868,0.0063257775434897206,0.005271481286241434,0.0015814443858724301,0.002635740643120717,0.0,0.0010542962572482868,0.0,0.005798629414865577,0.002635740643120717,0.0021085925144965737,0.0005271481286241434,0.0010542962572482868,0.0031628887717448603,0.0005271481286241434,0.008434370057986295,0.004744333157617291,0.0,0.0010542962572482868,0.00790722192936215,0.0005271481286241434,0.0005271481286241434,0.0005271481286241434,0.0,0.016341591987348445,0.0005271481286241434,0.0005271481286241434,0.0005271481286241434,0.0,0.0005271481286241434,0.0005271481286241434,0.0036900369003690036,0.0,0.0005271481286241434,0.0005271481286241434,0.0031628887717448603,0.0010542962572482868,0.0031628887717448603,0.0,0.0,0.0,0.0063257775434897206,0.0,0.0010542962572482868,0.0005271481286241434,0.0,0.0,0.0021085925144965737,0.0,0.0,0.0005271481286241434,0.004744333157617291,0.0,0.0005271481286241434,0.0005271481286241434,0.0005271481286241434,0.0,0.0005271481286241434,0.0010542962572482868,0.002635740643120717,0.0005271481286241434,0.0,0.0021085925144965737,0.0005271481286241434,0.0005271481286241434,0.03373748023194518,0.0015814443858724301,0.0,0.0005271481286241434,0.0031628887717448603,0.0,0.0,0.0015814443858724301,0.0036900369003690036,0.012124406958355299,0.012651555086979441,0.015287295730100159,0.0,0.0005271481286241434,0.0,0.01107011070110701,0.0021085925144965737,0.0,0.013178703215603585,0.008434370057986295,0.0005271481286241434,0.004217185028993147,0.0005271481286241434,0.0021085925144965737,0.0,0.005798629414865577,0.0005271481286241434,0.0005271481286241434,0.0,0.0,0.0015814443858724301,0.012124406958355299,0.0,0.002635740643120717,0.0021085925144965737,0.002635740643120717,0.002635740643120717,0.0,0.010542962572482868,0.0,0.0,0.0,0.015287295730100159,0.00790722192936215,0.0015814443858724301,0.004744333157617291,0.0,0.0031628887717448603,0.0,0.0005271481286241434,0.004217185028993147,0.0010542962572482868,0.0,0.0,0.0005271481286241434,0.0010542962572482868,0.007380073800738007,0.0015814443858724301,0.0,0.0021085925144965737,0.004744333157617291,0.0005271481286241434,0.01107011070110701,0.0015814443858724301,0.0,0.0005271481286241434,0.0,0.0005271481286241434,0.0005271481286241434,0.0005271481286241434,0.0,0.0005271481286241434,0.0,0.0005271481286241434,0.0,0.0021085925144965737,0.007380073800738007,0.004744333157617291,0.005798629414865577,0.0,0.0,0.0,0.0,0.0036900369003690036,0.0010542962572482868,0.0005271481286241434,0.0,0.0005271481286241434,0.0,0.0,0.0,0.0005271481286241434,0.0015814443858724301,0.0010542962572482868,0.0,0.0,0.0,0.002635740643120717,0.0,0.0,0.0,0.0005271481286241434,0.0005271481286241434,0.0015814443858724301,0.0,0.0,0.0,0.0,0.0005271481286241434,0.0005271481286241434,0.005271481286241434,0.0031628887717448603,0.0031628887717448603,0.0,0.0,0.0,0.0,0.008434370057986295,0.0036900369003690036,0.0,0.0015814443858724301,0.0,0.0,0.0,0.0,0.008961518186610437,0.02214022140221402,0.0,0.0,0.0,0.0010542962572482868,0.0015814443858724301,0.0005271481286241434,0.0005271481286241434,0.0010542962572482868,0.0,0.0005271481286241434,0.0021085925144965737,0.0,0.0021085925144965737,0.004744333157617291,0.007380073800738007,0.006852925672113864,0.011597258829731154,0.0063257775434897206,0.0031628887717448603,0.004744333157617291,0.0031628887717448603,0.013178703215603585,0.0010542962572482868,0.005271481286241434,0.0015814443858724301,0.0021085925144965737,0.0015814443858724301,0.0010542962572482868,0.0,0.0031628887717448603,0.0031628887717448603,0.0,0.0,0.0010542962572482868,0.0010542962572482868,0.0,0.0,0.0010542962572482868,0.0015814443858724301,0.0005271481286241434,0.008961518186610437,0.006852925672113864,0.0031628887717448603,0.0,0.0010542962572482868,0.0,0.0021085925144965737,0.006852925672113864,0.0015814443858724301,0.0010542962572482868,0.0005271481286241434,0.0,0.0015814443858724301,0.0005271481286241434,0.0010542962572482868,0.0015814443858724301,0.0005271481286241434,0.0,0.0005271481286241434,0.0010542962572482868,0.002635740643120717,0.0,0.0,0.0005271481286241434,0.0,0.0,0.0,0.0005271481286241434,0.0,0.0015814443858724301,0.0,0.0,0.007380073800738007,0.0005271481286241434,0.0,0.0,0.005271481286241434,0.016341591987348445,0.032156035846072746,0.0005271481286241434,0.007380073800738007,0.011597258829731154,0.008434370057986295,0.014232999472851872,0.0021085925144965737,0.0,0.007380073800738007,0.0021085925144965737,0.007380073800738007,0.005798629414865577,0.0031628887717448603,0.0015814443858724301,0.0010542962572482868,0.035318924617817604,0.0005271481286241434,0.0
336 Monocytes NN,0.0,0.03125,0.0,0.0,0.0,0.0,0.0,0.0,0.0,0.0,0.03125,0.0,0.0,0.03125,0.0,0.0,0.0,0.0,0.0,0.0,0.0,0.0,0.0,0.0,0.0,0.0,0.0,0.0,0.0,0.0,0.0,0.0,0.0,0.0,0.0,0.0,0.03125,0.0,0.0,0.03125,0.0,0.0625,0.0,0.0,0.0,0.0,0.0,0.0,0.0,0.03125,0.0,0.0,0.0,0.03125,0.0,0.0,0.0,0.0,0.0,0.0,0.0,0.0,0.0,0.0,0.0,0.0,0.0,0.03125,0.0,0.0,0.0,0.0,0.0,0.0,0.0,0.0,0.0,0.0,0.0,0.0,0.0,0.0,0.0,0.0,0.0,0.03125,0.0,0.0,0.0,0.0,0.0,0.0,0.0,0.03125,0.0,0.0,0.0,0.0,0.0,0.0,0.0,0.0,0.0,0.0,0.0,0.0,0.0,0.0,0.0,0.0,0.0,0.0,0.0,0.0,0.0,0.0,0.0,0.0,0.0,0.0,0.0,0.0,0.0,0.0,0.0,0.0,0.0,0.0,0.0,0.0,0.0,0.03125,0.0,0.0,0.0,0.0,0.0,0.0,0.0,0.0,0.0,0.0,0.0625,0.0,0.0,0.0,0.0,0.0,0.0,0.03125,0.0,0.0,0.0,0.0,0.0,0.0,0.0,0.0,0.0,0.0,0.0,0.0,0.0,0.0,0.0,0.0,0.0,0.0,0.0,0.0625,0.0,0.0,0.0,0.0,0.0,0.0,0.0,0.0,0.0,0.0,0.0,0.0,0.0,0.0,0.0,0.0,0.0,0.0,0.0,0.0,0.0,0.0,0.0,0.0,0.0,0.0,0.0,0.0,0.0,0.0,0.0,0.0,0.0,0.0,0.0,0.0,0.0,0.0,0.03125,0.0,0.0,0.0,0.0,0.0,0.0,0.0,0.0,0.0,0.0,0.0,0.0,0.0,0.0,0.0,0.0,0.0,0.0,0.0,0.0,0.0,0.0,0.0,0.0,0.0,0.0,0.0,0.0,0.0,0.0,0.0,0.0,0.0,0.0,0.0,0.0,0.0,0.0,0.0,0.0,0.0,0.0,0.0,0.0,0.0,0.0,0.0,0.0,0.0,0.0,0.0,0.0,0.0,0.03125,0.0,0.0,0.0,0.0,0.0,0.0,0.0,0.0,0.0,0.0,0.0,0.0,0.0,0.03125,0.03125,0.0,0.03125,0.0,0.03125,0.0,0.0,0.0,0.0,0.0,0.0,0.0,0.0,0.0,0.0,0.0,0.0,0.0,0.03125,0.0,0.0,0.03125,0.0,0.0,0.0,0.0,0.0,0.0,0.0,0.0,0.0,0.0,0.0,0.0,0.0,0.0,0.03125,0.0,0.0,0.0,0.0,0.0,0.0,0.0,0.0,0.0,0.0,0.0,0.0,0.0,0.0,0.0,0.0,0.0,0.0,0.0,0.0,0.0,0.0,0.03125,0.0,0.0,0.0,0.0,0.0,0.0,0.0,0.0,0.0,0.0,0.0,0.0,0.0,0.0,0.125,0.0,0.0
337 DC NN,0.0,0.006097560975609756,0.006097560975609756,0.0,0.0,0.0,0.0,0.0,0.0,0.0,0.0,0.0,0.0,0.03048780487804878,0.0,0.0,0.0,0.006097560975609756,0.0,0.0,0.0,0.0,0.0,0.006097560975609756,0.0,0.0,0.0,0.0,0.0,0.0,0.0,0.0,0.0,0.0,0.006097560975609756,0.0,0.0,0.012195121951219513,0.006097560975609756,0.006097560975609756,0.0,0.012195121951219513,0.0,0.0,0.0,0.0,0.0,0.006097560975609756,0.006097560975609756,0.018292682926829267,0.0,0.0,0.0,0.036585365853658534,0.0,0.0,0.024390243902439025,0.024390243902439025,0.0,0.0,0.0,0.0,0.0,0.0,0.0,0.0,0.0,0.012195121951219513,0.0,0.0,0.0,0.006097560975609756,0.0,0.0,0.018292682926829267,0.006097560975609756,0.0,0.0,0.006097560975609756,0.006097560975609756,0.0,0.006097560975609756,0.0,0.0,0.0,0.006097560975609756,0.0,0.0,0.0,0.0,0.012195121951219513,0.0,0.0,0.0,0.0,0.0,0.0,0.0,0.0,0.0,0.0,0.0,0.0,0.012195121951219513,0.0,0.0,0.0,0.006097560975609756,0.0,0.0,0.0,0.0,0.0,0.0,0.0,0.0,0.0,0.0,0.0,0.0,0.0,0.0,0.0,0.0,0.0,0.0,0.0,0.0,0.0,0.0,0.0,0.006097560975609756,0.006097560975609756,0.0,0.0,0.006097560975609756,0.0,0.0,0.0,0.006097560975609756,0.006097560975609756,0.018292682926829267,0.024390243902439025,0.0,0.0,0.0,0.018292682926829267,0.0,0.0,0.006097560975609756,0.0,0.0,0.012195121951219513,0.0,0.0,0.0,0.018292682926829267,0.0,0.0,0.0,0.0,0.006097560975609756,0.018292682926829267,0.0,0.0,0.006097560975609756,0.0,0.0,0.0,0.012195121951219513,0.0,0.0,0.0,0.024390243902439025,0.006097560975609756,0.0,0.0,0.0,0.0,0.0,0.0,0.0,0.0,0.0,0.0,0.0,0.0,0.012195121951219513,0.0,0.0,0.0,0.0,0.0,0.006097560975609756,0.006097560975609756,0.0,0.0,0.0,0.0,0.0,0.0,0.0,0.012195121951219513,0.0,0.0,0.0,0.0,0.0,0.0,0.0,0.006097560975609756,0.0,0.0,0.006097560975609756,0.0,0.0,0.0,0.0,0.0,0.0,0.0,0.0,0.0,0.006097560975609756,0.0,0.0,0.0,0.0,0.006097560975609756,0.0,0.0,0.0,0.0,0.006097560975609756,0.012195121951219513,0.0,0.0,0.0,0.0,0.0,0.0,0.006097560975609756,0.0,0.006097560975609756,0.0,0.0,0.0,0.0,0.0,0.0,0.0,0.006097560975609756,0.0,0.0,0.0,0.0,0.018292682926829267,0.018292682926829267,0.0,0.0,0.0,0.0,0.0,0.0,0.0,0.0,0.0,0.0,0.012195121951219513,0.0,0.0,0.0,0.0,0.0,0.006097560975609756,0.0,0.0,0.012195121951219513,0.0,0.012195121951219513,0.0,0.006097560975609756,0.0,0.0,0.0,0.0,0.0,0.006097560975609756,0.0,0.0,0.0,0.0,0.0,0.006097560975609756,0.0,0.006097560975609756,0.0,0.006097560975609756,0.0,0.0,0.0,0.0,0.012195121951219513,0.0,0.0,0.0,0.0,0.0,0.0,0.0,0.0,0.0,0.0,0.012195121951219513,0.0,0.0,0.006097560975609756,0.0,0.0,0.0,0.006097560975609756,0.0,0.0,0.0,0.006097560975609756,0.0,0.0,0.0,0.0,0.0,0.012195121951219513,0.0,0.0,0.0,0.006097560975609756,0.018292682926829267,0.06707317073170732,0.0,0.0,0.024390243902439025,0.0,0.0,0.006097560975609756,0.0,0.006097560975609756,0.0,0.006097560975609756,0.0,0.0,0.0,0.006097560975609756,0.08536585365853659,0.0,0.0
338 Lymphoid NN,0.0,0.005361930294906166,0.0,0.002680965147453083,0.0,0.0,0.0,0.002680965147453083,0.010723860589812333,0.0,0.00804289544235925,0.0,0.0,0.02680965147453083,0.0,0.005361930294906166,0.0,0.0,0.002680965147453083,0.0,0.0,0.0,0.0,0.0,0.002680965147453083,0.002680965147453083,0.002680965147453083,0.0,0.0,0.0,0.0,0.002680965147453083,0.0,0.00804289544235925,0.0,0.0,0.0160857908847185,0.0,0.010723860589812333,0.013404825737265416,0.0,0.00804289544235925,0.0,0.002680965147453083,0.0,0.0,0.002680965147453083,0.0,0.0,0.03485254691689008,0.002680965147453083,0.0,0.0,0.021447721179624665,0.002680965147453083,0.002680965147453083,0.00804289544235925,0.00804289544235925,0.0,0.0,0.0,0.0,0.0,0.0,0.0,0.00804289544235925,0.002680965147453083,0.00804289544235925,0.005361930294906166,0.0,0.0,0.0,0.0,0.0,0.00804289544235925,0.0,0.002680965147453083,0.0,0.0,0.002680965147453083,0.0,0.002680965147453083,0.005361930294906166,0.0,0.0,0.002680965147453083,0.0,0.0,0.0,0.0,0.00804289544235925,0.0,0.0,0.0,0.0,0.0,0.0,0.00804289544235925,0.0,0.0,0.0,0.0,0.002680965147453083,0.005361930294906166,0.0,0.0,0.0,0.010723860589812333,0.0,0.0,0.002680965147453083,0.0,0.0,0.0,0.0,0.0,0.002680965147453083,0.0,0.0,0.0,0.0,0.0,0.002680965147453083,0.0,0.002680965147453083,0.0,0.0,0.0,0.0,0.0,0.002680965147453083,0.01876675603217158,0.0,0.0,0.0,0.005361930294906166,0.0,0.0,0.0,0.0,0.00804289544235925,0.00804289544235925,0.029490616621983913,0.0,0.0,0.0,0.013404825737265416,0.002680965147453083,0.0,0.005361930294906166,0.00804289544235925,0.0,0.002680965147453083,0.002680965147453083,0.0,0.0,0.013404825737265416,0.0,0.0,0.0,0.0,0.002680965147453083,0.00804289544235925,0.0,0.002680965147453083,0.0,0.002680965147453083,0.002680965147453083,0.0,0.00804289544235925,0.0,0.0,0.0,0.002680965147453083,0.0160857908847185,0.0,0.0,0.0,0.0,0.0,0.0,0.0,0.0,0.0,0.0,0.0,0.0,0.0160857908847185,0.002680965147453083,0.005361930294906166,0.002680965147453083,0.0,0.0,0.00804289544235925,0.00804289544235925,0.0,0.0,0.0,0.0,0.002680965147453083,0.0,0.0,0.002680965147453083,0.0,0.0,0.0,0.0,0.013404825737265416,0.00804289544235925,0.0,0.0,0.0,0.0,0.0,0.002680965147453083,0.0,0.0,0.0,0.002680965147453083,0.0,0.0,0.002680965147453083,0.0,0.0,0.0,0.0,0.0,0.0,0.005361930294906166,0.0,0.0,0.0,0.0,0.0,0.002680965147453083,0.0,0.0,0.0,0.0,0.0,0.002680965147453083,0.005361930294906166,0.013404825737265416,0.002680965147453083,0.0,0.0,0.0,0.0,0.00804289544235925,0.00804289544235925,0.0,0.0,0.0,0.0,0.0,0.0,0.002680965147453083,0.02680965147453083,0.0,0.0,0.0,0.0,0.002680965147453083,0.0,0.002680965147453083,0.0,0.0,0.0,0.002680965147453083,0.0,0.0,0.005361930294906166,0.010723860589812333,0.002680965147453083,0.00804289544235925,0.00804289544235925,0.0,0.013404825737265416,0.0,0.013404825737265416,0.0,0.005361930294906166,0.005361930294906166,0.002680965147453083,0.0,0.0,0.0,0.005361930294906166,0.0,0.0,0.0,0.0,0.0,0.0,0.0,0.0,0.0,0.0,0.005361930294906166,0.0,0.002680965147453083,0.0,0.0,0.0,0.002680965147453083,0.00804289544235925,0.002680965147453083,0.0,0.002680965147453083,0.00804289544235925,0.0,0.002680965147453083,0.0,0.005361930294906166,0.0,0.002680965147453083,0.0,0.005361930294906166,0.005361930294906166,0.0,0.0,0.0,0.0,0.002680965147453083,0.0,0.0,0.0,0.002680965147453083,0.0,0.0,0.002680965147453083,0.0,0.0,0.0,0.0,0.013404825737265416,0.021447721179624665,0.0,0.00804289544235925,0.0160857908847185,0.00804289544235925,0.005361930294906166,0.002680965147453083,0.0,0.0160857908847185,0.005361930294906166,0.010723860589812333,0.005361930294906166,0.002680965147453083,0.002680965147453083,0.002680965147453083,0.09651474530831099,0.0,0.0
