ID	Type	cell_count
ID	TYPE	A PCL:0010060^^xsd:integer
WMB:CS20230722_NEUR_Glut	owl:NamedIndividual	1323818
WMB:CS20230722_NEUR_GABA	owl:NamedIndividual	745023
WMB:CS20230722_NEUR_GABA_Glyc	owl:NamedIndividual	39401
WMB:CS20230722_NEUR_Chol	owl:NamedIndividual	8592
WMB:CS20230722_NEUR_Dopa	owl:NamedIndividual	8352
WMB:CS20230722_NEUR_Glut_GABA	owl:NamedIndividual	4623
WMB:CS20230722_NEUR_Sero	owl:NamedIndividual	2571
WMB:CS20230722_NEUR_Nora	owl:NamedIndividual	595
WMB:CS20230722_NEUR_Hist	owl:NamedIndividual	221
WMB:CS20230722_CLAS_01	owl:NamedIndividual	657365
WMB:CS20230722_CLAS_30	owl:NamedIndividual	588691
WMB:CS20230722_CLAS_33	owl:NamedIndividual	425630
WMB:CS20230722_CLAS_09	owl:NamedIndividual	254932
WMB:CS20230722_CLAS_02	owl:NamedIndividual	167219
WMB:CS20230722_CLAS_07	owl:NamedIndividual	85997
WMB:CS20230722_CLAS_19	owl:NamedIndividual	80805
WMB:CS20230722_CLAS_05	owl:NamedIndividual	79022
WMB:CS20230722_CLAS_18	owl:NamedIndividual	58781
WMB:CS20230722_CLAS_20	owl:NamedIndividual	52935
WMB:CS20230722_CLAS_34	owl:NamedIndividual	51211
WMB:CS20230722_CLAS_06	owl:NamedIndividual	43218
WMB:CS20230722_CLAS_12	owl:NamedIndividual	39321
WMB:CS20230722_CLAS_11	owl:NamedIndividual	38528
WMB:CS20230722_CLAS_04	owl:NamedIndividual	35982
WMB:CS20230722_CLAS_23	owl:NamedIndividual	32460
WMB:CS20230722_CLAS_24	owl:NamedIndividual	28515
WMB:CS20230722_CLAS_14	owl:NamedIndividual	27730
WMB:CS20230722_CLAS_27	owl:NamedIndividual	25985
WMB:CS20230722_CLAS_08	owl:NamedIndividual	24370
WMB:CS20230722_CLAS_13	owl:NamedIndividual	23498
WMB:CS20230722_CLAS_26	owl:NamedIndividual	19050
WMB:CS20230722_CLAS_10	owl:NamedIndividual	18519
WMB:CS20230722_CLAS_03	owl:NamedIndividual	9716
WMB:CS20230722_CLAS_32	owl:NamedIndividual	9257
WMB:CS20230722_CLAS_17	owl:NamedIndividual	5763
WMB:CS20230722_CLAS_21	owl:NamedIndividual	4075
WMB:CS20230722_CLAS_16	owl:NamedIndividual	3649
WMB:CS20230722_CLAS_22	owl:NamedIndividual	3001
WMB:CS20230722_CLAS_15	owl:NamedIndividual	57
WMB:CS20230722_CLAS_25	owl:NamedIndividual	21
WMB:CS20230722_SUBC_333	owl:NamedIndividual	263210
WMB:CS20230722_SUBC_318	owl:NamedIndividual	192666
WMB:CS20230722_SUBC_314	owl:NamedIndividual	184028
WMB:CS20230722_SUBC_006	owl:NamedIndividual	155540
WMB:CS20230722_SUBC_007	owl:NamedIndividual	121784
WMB:CS20230722_SUBC_030	owl:NamedIndividual	106806
WMB:CS20230722_SUBC_004	owl:NamedIndividual	57078
WMB:CS20230722_SUBC_009	owl:NamedIndividual	53336
WMB:CS20230722_SUBC_334	owl:NamedIndividual	48745
WMB:CS20230722_SUBC_331	owl:NamedIndividual	46134
WMB:CS20230722_SUBC_052	owl:NamedIndividual	44322
WMB:CS20230722_SUBC_041	owl:NamedIndividual	40888
WMB:CS20230722_SUBC_151	owl:NamedIndividual	39378
WMB:CS20230722_SUBC_022	owl:NamedIndividual	37680
WMB:CS20230722_SUBC_053	owl:NamedIndividual	36360
WMB:CS20230722_SUBC_037	owl:NamedIndividual	34334
WMB:CS20230722_SUBC_181	owl:NamedIndividual	31176
WMB:CS20230722_SUBC_005	owl:NamedIndividual	30263
WMB:CS20230722_SUBC_316	owl:NamedIndividual	29613
WMB:CS20230722_SUBC_325	owl:NamedIndividual	27335
WMB:CS20230722_SUBC_010	owl:NamedIndividual	27076
WMB:CS20230722_SUBC_332	owl:NamedIndividual	26699
WMB:CS20230722_SUBC_016	owl:NamedIndividual	25138
WMB:CS20230722_SUBC_329	owl:NamedIndividual	19081
WMB:CS20230722_SUBC_313	owl:NamedIndividual	18030
WMB:CS20230722_SUBC_049	owl:NamedIndividual	17827
WMB:CS20230722_SUBC_008	owl:NamedIndividual	17455
WMB:CS20230722_SUBC_312	owl:NamedIndividual	17455
WMB:CS20230722_SUBC_032	owl:NamedIndividual	17428
WMB:CS20230722_SUBC_029	owl:NamedIndividual	17318
WMB:CS20230722_SUBC_046	owl:NamedIndividual	16634
WMB:CS20230722_SUBC_017	owl:NamedIndividual	16389
WMB:CS20230722_SUBC_028	owl:NamedIndividual	15189
WMB:CS20230722_SUBC_019	owl:NamedIndividual	14871
WMB:CS20230722_SUBC_020	owl:NamedIndividual	14573
WMB:CS20230722_SUBC_001	owl:NamedIndividual	13859
WMB:CS20230722_SUBC_235	owl:NamedIndividual	13679
WMB:CS20230722_SUBC_014	owl:NamedIndividual	13200
WMB:CS20230722_SUBC_045	owl:NamedIndividual	12818
WMB:CS20230722_SUBC_064	owl:NamedIndividual	12297
WMB:CS20230722_SUBC_060	owl:NamedIndividual	12295
WMB:CS20230722_SUBC_003	owl:NamedIndividual	12167
WMB:CS20230722_SUBC_063	owl:NamedIndividual	10993
WMB:CS20230722_SUBC_042	owl:NamedIndividual	10889
WMB:CS20230722_SUBC_285	owl:NamedIndividual	10738
WMB:CS20230722_SUBC_057	owl:NamedIndividual	10661
WMB:CS20230722_SUBC_002	owl:NamedIndividual	9950
WMB:CS20230722_SUBC_243	owl:NamedIndividual	9470
WMB:CS20230722_SUBC_328	owl:NamedIndividual	9257
WMB:CS20230722_SUBC_198	owl:NamedIndividual	8581
WMB:CS20230722_SUBC_093	owl:NamedIndividual	8535
WMB:CS20230722_SUBC_035	owl:NamedIndividual	7774
WMB:CS20230722_SUBC_023	owl:NamedIndividual	7727
WMB:CS20230722_SUBC_013	owl:NamedIndividual	7612
WMB:CS20230722_SUBC_101	owl:NamedIndividual	6037
WMB:CS20230722_SUBC_012	owl:NamedIndividual	6026
WMB:CS20230722_SUBC_047	owl:NamedIndividual	5942
WMB:CS20230722_SUBC_321	owl:NamedIndividual	5264
WMB:CS20230722_SUBC_044	owl:NamedIndividual	5220
WMB:CS20230722_SUBC_039	owl:NamedIndividual	5145
WMB:CS20230722_SUBC_113	owl:NamedIndividual	5132
WMB:CS20230722_SUBC_114	owl:NamedIndividual	5118
WMB:CS20230722_SUBC_207	owl:NamedIndividual	4859
WMB:CS20230722_SUBC_070	owl:NamedIndividual	4830
WMB:CS20230722_SUBC_168	owl:NamedIndividual	4829
WMB:CS20230722_SUBC_011	owl:NamedIndividual	4809
WMB:CS20230722_SUBC_145	owl:NamedIndividual	4696
WMB:CS20230722_SUBC_071	owl:NamedIndividual	4518
WMB:CS20230722_SUBC_205	owl:NamedIndividual	4421
WMB:CS20230722_SUBC_056	owl:NamedIndividual	4376
WMB:CS20230722_SUBC_222	owl:NamedIndividual	4270
WMB:CS20230722_SUBC_149	owl:NamedIndividual	4182
WMB:CS20230722_SUBC_154	owl:NamedIndividual	4141
WMB:CS20230722_SUBC_069	owl:NamedIndividual	4099
WMB:CS20230722_SUBC_129	owl:NamedIndividual	4082
WMB:CS20230722_SUBC_215	owl:NamedIndividual	4075
WMB:CS20230722_SUBC_228	owl:NamedIndividual	4059
WMB:CS20230722_SUBC_213	owl:NamedIndividual	4044
WMB:CS20230722_SUBC_176	owl:NamedIndividual	3999
WMB:CS20230722_SUBC_152	owl:NamedIndividual	3860
WMB:CS20230722_SUBC_054	owl:NamedIndividual	3809
WMB:CS20230722_SUBC_106	owl:NamedIndividual	3769
WMB:CS20230722_SUBC_278	owl:NamedIndividual	3768
WMB:CS20230722_SUBC_033	owl:NamedIndividual	3688
WMB:CS20230722_SUBC_111	owl:NamedIndividual	3656
WMB:CS20230722_SUBC_187	owl:NamedIndividual	3522
WMB:CS20230722_SUBC_027	owl:NamedIndividual	3521
WMB:CS20230722_SUBC_150	owl:NamedIndividual	3498
WMB:CS20230722_SUBC_073	owl:NamedIndividual	3455
WMB:CS20230722_SUBC_119	owl:NamedIndividual	3432
WMB:CS20230722_SUBC_317	owl:NamedIndividual	3391
WMB:CS20230722_SUBC_202	owl:NamedIndividual	3371
WMB:CS20230722_SUBC_058	owl:NamedIndividual	3366
WMB:CS20230722_SUBC_085	owl:NamedIndividual	3345
WMB:CS20230722_SUBC_209	owl:NamedIndividual	3324
WMB:CS20230722_SUBC_050	owl:NamedIndividual	3301
WMB:CS20230722_SUBC_169	owl:NamedIndividual	3293
WMB:CS20230722_SUBC_066	owl:NamedIndividual	3224
WMB:CS20230722_SUBC_264	owl:NamedIndividual	3215
WMB:CS20230722_SUBC_197	owl:NamedIndividual	3203
WMB:CS20230722_SUBC_104	owl:NamedIndividual	3203
WMB:CS20230722_SUBC_254	owl:NamedIndividual	3103
WMB:CS20230722_SUBC_074	owl:NamedIndividual	3063
WMB:CS20230722_SUBC_216	owl:NamedIndividual	3001
WMB:CS20230722_SUBC_090	owl:NamedIndividual	2941
WMB:CS20230722_SUBC_107	owl:NamedIndividual	2871
WMB:CS20230722_SUBC_080	owl:NamedIndividual	2857
WMB:CS20230722_SUBC_082	owl:NamedIndividual	2832
WMB:CS20230722_SUBC_048	owl:NamedIndividual	2815
WMB:CS20230722_SUBC_306	owl:NamedIndividual	2813
WMB:CS20230722_SUBC_173	owl:NamedIndividual	2812
WMB:CS20230722_SUBC_135	owl:NamedIndividual	2766
WMB:CS20230722_SUBC_040	owl:NamedIndividual	2759
WMB:CS20230722_SUBC_018	owl:NamedIndividual	2754
WMB:CS20230722_SUBC_015	owl:NamedIndividual	2752
WMB:CS20230722_SUBC_076	owl:NamedIndividual	2737
WMB:CS20230722_SUBC_079	owl:NamedIndividual	2675
WMB:CS20230722_SUBC_081	owl:NamedIndividual	2626
WMB:CS20230722_SUBC_144	owl:NamedIndividual	2614
WMB:CS20230722_SUBC_308	owl:NamedIndividual	2600
WMB:CS20230722_SUBC_132	owl:NamedIndividual	2589
WMB:CS20230722_SUBC_031	owl:NamedIndividual	2528
WMB:CS20230722_SUBC_182	owl:NamedIndividual	2519
WMB:CS20230722_SUBC_021	owl:NamedIndividual	2502
WMB:CS20230722_SUBC_086	owl:NamedIndividual	2213
WMB:CS20230722_SUBC_238	owl:NamedIndividual	2206
WMB:CS20230722_SUBC_072	owl:NamedIndividual	2203
WMB:CS20230722_SUBC_089	owl:NamedIndividual	2193
WMB:CS20230722_SUBC_102	owl:NamedIndividual	2186
WMB:CS20230722_SUBC_098	owl:NamedIndividual	2182
WMB:CS20230722_SUBC_055	owl:NamedIndividual	2158
WMB:CS20230722_SUBC_203	owl:NamedIndividual	2155
WMB:CS20230722_SUBC_217	owl:NamedIndividual	2087
WMB:CS20230722_SUBC_133	owl:NamedIndividual	2058
WMB:CS20230722_SUBC_180	owl:NamedIndividual	2038
WMB:CS20230722_SUBC_277	owl:NamedIndividual	2016
WMB:CS20230722_SUBC_051	owl:NamedIndividual	2014
WMB:CS20230722_SUBC_201	owl:NamedIndividual	2011
WMB:CS20230722_SUBC_094	owl:NamedIndividual	2008
WMB:CS20230722_SUBC_172	owl:NamedIndividual	1996
WMB:CS20230722_SUBC_177	owl:NamedIndividual	1978
WMB:CS20230722_SUBC_206	owl:NamedIndividual	1976
WMB:CS20230722_SUBC_134	owl:NamedIndividual	1957
WMB:CS20230722_SUBC_036	owl:NamedIndividual	1942
WMB:CS20230722_SUBC_212	owl:NamedIndividual	1928
WMB:CS20230722_SUBC_335	owl:NamedIndividual	1897
WMB:CS20230722_SUBC_068	owl:NamedIndividual	1888
WMB:CS20230722_SUBC_322	owl:NamedIndividual	1879
WMB:CS20230722_SUBC_208	owl:NamedIndividual	1870
WMB:CS20230722_SUBC_253	owl:NamedIndividual	1868
WMB:CS20230722_SUBC_025	owl:NamedIndividual	1860
WMB:CS20230722_SUBC_261	owl:NamedIndividual	1816
WMB:CS20230722_SUBC_141	owl:NamedIndividual	1794
WMB:CS20230722_SUBC_221	owl:NamedIndividual	1788
WMB:CS20230722_SUBC_304	owl:NamedIndividual	1787
WMB:CS20230722_SUBC_315	owl:NamedIndividual	1770
WMB:CS20230722_SUBC_195	owl:NamedIndividual	1734
WMB:CS20230722_SUBC_148	owl:NamedIndividual	1722
WMB:CS20230722_SUBC_250	owl:NamedIndividual	1714
WMB:CS20230722_SUBC_131	owl:NamedIndividual	1670
WMB:CS20230722_SUBC_038	owl:NamedIndividual	1648
WMB:CS20230722_SUBC_246	owl:NamedIndividual	1613
WMB:CS20230722_SUBC_283	owl:NamedIndividual	1608
WMB:CS20230722_SUBC_175	owl:NamedIndividual	1602
WMB:CS20230722_SUBC_124	owl:NamedIndividual	1599
WMB:CS20230722_SUBC_162	owl:NamedIndividual	1585
WMB:CS20230722_SUBC_167	owl:NamedIndividual	1534
WMB:CS20230722_SUBC_300	owl:NamedIndividual	1525
WMB:CS20230722_SUBC_174	owl:NamedIndividual	1489
WMB:CS20230722_SUBC_310	owl:NamedIndividual	1488
WMB:CS20230722_SUBC_138	owl:NamedIndividual	1487
WMB:CS20230722_SUBC_164	owl:NamedIndividual	1461
WMB:CS20230722_SUBC_224	owl:NamedIndividual	1442
WMB:CS20230722_SUBC_192	owl:NamedIndividual	1422
WMB:CS20230722_SUBC_097	owl:NamedIndividual	1397
WMB:CS20230722_SUBC_109	owl:NamedIndividual	1388
WMB:CS20230722_SUBC_116	owl:NamedIndividual	1377
WMB:CS20230722_SUBC_163	owl:NamedIndividual	1352
WMB:CS20230722_SUBC_200	owl:NamedIndividual	1350
WMB:CS20230722_SUBC_126	owl:NamedIndividual	1348
WMB:CS20230722_SUBC_233	owl:NamedIndividual	1342
WMB:CS20230722_SUBC_128	owl:NamedIndividual	1334
WMB:CS20230722_SUBC_170	owl:NamedIndividual	1310
WMB:CS20230722_SUBC_211	owl:NamedIndividual	1304
WMB:CS20230722_SUBC_043	owl:NamedIndividual	1303
WMB:CS20230722_SUBC_263	owl:NamedIndividual	1299
WMB:CS20230722_SUBC_268	owl:NamedIndividual	1291
WMB:CS20230722_SUBC_188	owl:NamedIndividual	1270
WMB:CS20230722_SUBC_100	owl:NamedIndividual	1245
WMB:CS20230722_SUBC_248	owl:NamedIndividual	1230
WMB:CS20230722_SUBC_108	owl:NamedIndividual	1221
WMB:CS20230722_SUBC_161	owl:NamedIndividual	1206
WMB:CS20230722_SUBC_147	owl:NamedIndividual	1190
WMB:CS20230722_SUBC_245	owl:NamedIndividual	1189
WMB:CS20230722_SUBC_117	owl:NamedIndividual	1178
WMB:CS20230722_SUBC_196	owl:NamedIndividual	1165
WMB:CS20230722_SUBC_282	owl:NamedIndividual	1164
WMB:CS20230722_SUBC_088	owl:NamedIndividual	1156
WMB:CS20230722_SUBC_199	owl:NamedIndividual	1153
WMB:CS20230722_SUBC_293	owl:NamedIndividual	1131
WMB:CS20230722_SUBC_065	owl:NamedIndividual	1121
WMB:CS20230722_SUBC_165	owl:NamedIndividual	1119
WMB:CS20230722_SUBC_059	owl:NamedIndividual	1105
WMB:CS20230722_SUBC_115	owl:NamedIndividual	1076
WMB:CS20230722_SUBC_146	owl:NamedIndividual	1067
WMB:CS20230722_SUBC_103	owl:NamedIndividual	1060
WMB:CS20230722_SUBC_143	owl:NamedIndividual	1035
WMB:CS20230722_SUBC_171	owl:NamedIndividual	1030
WMB:CS20230722_SUBC_160	owl:NamedIndividual	1011
WMB:CS20230722_SUBC_136	owl:NamedIndividual	1005
WMB:CS20230722_SUBC_185	owl:NamedIndividual	983
WMB:CS20230722_SUBC_067	owl:NamedIndividual	981
WMB:CS20230722_SUBC_305	owl:NamedIndividual	980
WMB:CS20230722_SUBC_118	owl:NamedIndividual	974
WMB:CS20230722_SUBC_287	owl:NamedIndividual	969
WMB:CS20230722_SUBC_194	owl:NamedIndividual	950
WMB:CS20230722_SUBC_251	owl:NamedIndividual	937
WMB:CS20230722_SUBC_267	owl:NamedIndividual	931
WMB:CS20230722_SUBC_237	owl:NamedIndividual	920
WMB:CS20230722_SUBC_179	owl:NamedIndividual	916
WMB:CS20230722_SUBC_270	owl:NamedIndividual	856
WMB:CS20230722_SUBC_139	owl:NamedIndividual	847
WMB:CS20230722_SUBC_099	owl:NamedIndividual	828
WMB:CS20230722_SUBC_272	owl:NamedIndividual	825
WMB:CS20230722_SUBC_273	owl:NamedIndividual	812
WMB:CS20230722_SUBC_153	owl:NamedIndividual	810
WMB:CS20230722_SUBC_159	owl:NamedIndividual	797
WMB:CS20230722_SUBC_087	owl:NamedIndividual	790
WMB:CS20230722_SUBC_155	owl:NamedIndividual	785
WMB:CS20230722_SUBC_229	owl:NamedIndividual	772
WMB:CS20230722_SUBC_075	owl:NamedIndividual	764
WMB:CS20230722_SUBC_034	owl:NamedIndividual	741
WMB:CS20230722_SUBC_295	owl:NamedIndividual	717
WMB:CS20230722_SUBC_140	owl:NamedIndividual	707
WMB:CS20230722_SUBC_292	owl:NamedIndividual	678
WMB:CS20230722_SUBC_125	owl:NamedIndividual	676
WMB:CS20230722_SUBC_210	owl:NamedIndividual	622
WMB:CS20230722_SUBC_127	owl:NamedIndividual	611
WMB:CS20230722_SUBC_247	owl:NamedIndividual	609
WMB:CS20230722_SUBC_156	owl:NamedIndividual	607
WMB:CS20230722_SUBC_281	owl:NamedIndividual	602
WMB:CS20230722_SUBC_271	owl:NamedIndividual	588
WMB:CS20230722_SUBC_214	owl:NamedIndividual	571
WMB:CS20230722_SUBC_255	owl:NamedIndividual	568
WMB:CS20230722_SUBC_121	owl:NamedIndividual	561
WMB:CS20230722_SUBC_078	owl:NamedIndividual	546
WMB:CS20230722_SUBC_220	owl:NamedIndividual	524
WMB:CS20230722_SUBC_225	owl:NamedIndividual	522
WMB:CS20230722_SUBC_130	owl:NamedIndividual	518
WMB:CS20230722_SUBC_166	owl:NamedIndividual	505
WMB:CS20230722_SUBC_026	owl:NamedIndividual	488
WMB:CS20230722_SUBC_024	owl:NamedIndividual	476
WMB:CS20230722_SUBC_083	owl:NamedIndividual	473
WMB:CS20230722_SUBC_084	owl:NamedIndividual	470
WMB:CS20230722_SUBC_193	owl:NamedIndividual	456
WMB:CS20230722_SUBC_105	owl:NamedIndividual	450
WMB:CS20230722_SUBC_290	owl:NamedIndividual	414
WMB:CS20230722_SUBC_294	owl:NamedIndividual	399
WMB:CS20230722_SUBC_123	owl:NamedIndividual	398
WMB:CS20230722_SUBC_296	owl:NamedIndividual	396
WMB:CS20230722_SUBC_252	owl:NamedIndividual	394
WMB:CS20230722_SUBC_231	owl:NamedIndividual	383
WMB:CS20230722_SUBC_092	owl:NamedIndividual	380
WMB:CS20230722_SUBC_286	owl:NamedIndividual	380
WMB:CS20230722_SUBC_190	owl:NamedIndividual	379
WMB:CS20230722_SUBC_186	owl:NamedIndividual	378
WMB:CS20230722_SUBC_204	owl:NamedIndividual	378
WMB:CS20230722_SUBC_338	owl:NamedIndividual	373
WMB:CS20230722_SUBC_276	owl:NamedIndividual	370
WMB:CS20230722_SUBC_303	owl:NamedIndividual	358
WMB:CS20230722_SUBC_122	owl:NamedIndividual	353
WMB:CS20230722_SUBC_226	owl:NamedIndividual	347
WMB:CS20230722_SUBC_157	owl:NamedIndividual	340
WMB:CS20230722_SUBC_265	owl:NamedIndividual	335
WMB:CS20230722_SUBC_095	owl:NamedIndividual	317
WMB:CS20230722_SUBC_299	owl:NamedIndividual	315
WMB:CS20230722_SUBC_120	owl:NamedIndividual	308
WMB:CS20230722_SUBC_223	owl:NamedIndividual	302
WMB:CS20230722_SUBC_183	owl:NamedIndividual	293
WMB:CS20230722_SUBC_137	owl:NamedIndividual	284
WMB:CS20230722_SUBC_230	owl:NamedIndividual	281
WMB:CS20230722_SUBC_110	owl:NamedIndividual	273
WMB:CS20230722_SUBC_244	owl:NamedIndividual	265
WMB:CS20230722_SUBC_324	owl:NamedIndividual	257
WMB:CS20230722_SUBC_178	owl:NamedIndividual	254
WMB:CS20230722_SUBC_280	owl:NamedIndividual	244
WMB:CS20230722_SUBC_279	owl:NamedIndividual	240
WMB:CS20230722_SUBC_232	owl:NamedIndividual	237
WMB:CS20230722_SUBC_298	owl:NamedIndividual	218
WMB:CS20230722_SUBC_288	owl:NamedIndividual	200
WMB:CS20230722_SUBC_091	owl:NamedIndividual	195
WMB:CS20230722_SUBC_266	owl:NamedIndividual	179
WMB:CS20230722_SUBC_218	owl:NamedIndividual	177
WMB:CS20230722_SUBC_077	owl:NamedIndividual	168
WMB:CS20230722_SUBC_337	owl:NamedIndividual	164
WMB:CS20230722_SUBC_158	owl:NamedIndividual	154
WMB:CS20230722_SUBC_275	owl:NamedIndividual	152
WMB:CS20230722_SUBC_256	owl:NamedIndividual	151
WMB:CS20230722_SUBC_234	owl:NamedIndividual	151
WMB:CS20230722_SUBC_302	owl:NamedIndividual	126
WMB:CS20230722_SUBC_219	owl:NamedIndividual	125
WMB:CS20230722_SUBC_227	owl:NamedIndividual	123
WMB:CS20230722_SUBC_242	owl:NamedIndividual	115
WMB:CS20230722_SUBC_269	owl:NamedIndividual	112
WMB:CS20230722_SUBC_236	owl:NamedIndividual	94
WMB:CS20230722_SUBC_259	owl:NamedIndividual	89
WMB:CS20230722_SUBC_291	owl:NamedIndividual	89
WMB:CS20230722_SUBC_191	owl:NamedIndividual	87
WMB:CS20230722_SUBC_189	owl:NamedIndividual	76
WMB:CS20230722_SUBC_239	owl:NamedIndividual	62
WMB:CS20230722_SUBC_112	owl:NamedIndividual	60
WMB:CS20230722_SUBC_142	owl:NamedIndividual	57
WMB:CS20230722_SUBC_301	owl:NamedIndividual	56
WMB:CS20230722_SUBC_184	owl:NamedIndividual	56
WMB:CS20230722_SUBC_274	owl:NamedIndividual	51
WMB:CS20230722_SUBC_096	owl:NamedIndividual	49
WMB:CS20230722_SUBC_241	owl:NamedIndividual	40
WMB:CS20230722_SUBC_336	owl:NamedIndividual	32
WMB:CS20230722_SUBC_297	owl:NamedIndividual	31
WMB:CS20230722_SUBC_284	owl:NamedIndividual	25
WMB:CS20230722_SUBC_262	owl:NamedIndividual	21
WMB:CS20230722_SUBC_257	owl:NamedIndividual	21
WMB:CS20230722_SUBC_307	owl:NamedIndividual	20
WMB:CS20230722_SUBC_260	owl:NamedIndividual	15
WMB:CS20230722_SUBC_240	owl:NamedIndividual	12
WMB:CS20230722_SUBC_289	owl:NamedIndividual	12
WMB:CS20230722_SUBC_258	owl:NamedIndividual	12
WMB:CS20230722_SUBC_249	owl:NamedIndividual	2
WMB:CS20230722_SUPT_1193	owl:NamedIndividual	263210
WMB:CS20230722_SUPT_1160	owl:NamedIndividual	132705
WMB:CS20230722_SUPT_0030	owl:NamedIndividual	79883
WMB:CS20230722_SUPT_0024	owl:NamedIndividual	72967
WMB:CS20230722_SUPT_0277	owl:NamedIndividual	69731
WMB:CS20230722_SUPT_1159	owl:NamedIndividual	59961
WMB:CS20230722_SUPT_1187	owl:NamedIndividual	53602
WMB:CS20230722_SUPT_1180	owl:NamedIndividual	51715
WMB:CS20230722_SUPT_0267	owl:NamedIndividual	48856
WMB:CS20230722_SUPT_1194	owl:NamedIndividual	48745
WMB:CS20230722_SUPT_1191	owl:NamedIndividual	46134
WMB:CS20230722_SUPT_0114	owl:NamedIndividual	45284
WMB:CS20230722_SUPT_0115	owl:NamedIndividual	40751
WMB:CS20230722_SUPT_0014	owl:NamedIndividual	37126
WMB:CS20230722_SUPT_1157	owl:NamedIndividual	29613
WMB:CS20230722_SUPT_1175	owl:NamedIndividual	26948
WMB:CS20230722_SUPT_1192	owl:NamedIndividual	26699
WMB:CS20230722_SUPT_0023	owl:NamedIndividual	25858
WMB:CS20230722_SUPT_0275	owl:NamedIndividual	24462
WMB:CS20230722_SUPT_0032	owl:NamedIndividual	23860
WMB:CS20230722_SUPT_0268	owl:NamedIndividual	22124
WMB:CS20230722_SUPT_0137	owl:NamedIndividual	21781
WMB:CS20230722_SUPT_0150	owl:NamedIndividual	17779
WMB:CS20230722_SUPT_1151	owl:NamedIndividual	17455
WMB:CS20230722_SUPT_0654	owl:NamedIndividual	17364
WMB:CS20230722_SUPT_0151	owl:NamedIndividual	17265
WMB:CS20230722_SUPT_0270	owl:NamedIndividual	16649
WMB:CS20230722_SUPT_0091	owl:NamedIndividual	16101
WMB:CS20230722_SUPT_0207	owl:NamedIndividual	15544
WMB:CS20230722_SUPT_0027	owl:NamedIndividual	15378
WMB:CS20230722_SUPT_0028	owl:NamedIndividual	15060
WMB:CS20230722_SUPT_1188	owl:NamedIndividual	15034
WMB:CS20230722_SUPT_0026	owl:NamedIndividual	14307
WMB:CS20230722_SUPT_0199	owl:NamedIndividual	14162
WMB:CS20230722_SUPT_0953	owl:NamedIndividual	13679
WMB:CS20230722_SUPT_0770	owl:NamedIndividual	13633
WMB:CS20230722_SUPT_0118	owl:NamedIndividual	13503
WMB:CS20230722_SUPT_0069	owl:NamedIndividual	13245
WMB:CS20230722_SUPT_0041	owl:NamedIndividual	13057
WMB:CS20230722_SUPT_0040	owl:NamedIndividual	13013
WMB:CS20230722_SUPT_0001	owl:NamedIndividual	12486
WMB:CS20230722_SUPT_0042	owl:NamedIndividual	12221
WMB:CS20230722_SUPT_1181	owl:NamedIndividual	12207
WMB:CS20230722_SUPT_0208	owl:NamedIndividual	12036
WMB:CS20230722_SUPT_0025	owl:NamedIndividual	11970
WMB:CS20230722_SUPT_0090	owl:NamedIndividual	11487
WMB:CS20230722_SUPT_0050	owl:NamedIndividual	11421
WMB:CS20230722_SUPT_0772	owl:NamedIndividual	11398
WMB:CS20230722_SUPT_0020	owl:NamedIndividual	10611
WMB:CS20230722_SUPT_1179	owl:NamedIndividual	10353
WMB:CS20230722_SUPT_0019	owl:NamedIndividual	10237
WMB:CS20230722_SUPT_0036	owl:NamedIndividual	10208
WMB:CS20230722_SUPT_0088	owl:NamedIndividual	10135
WMB:CS20230722_SUPT_0031	owl:NamedIndividual	9781
WMB:CS20230722_SUPT_1150	owl:NamedIndividual	9358
WMB:CS20230722_SUPT_0139	owl:NamedIndividual	9122
WMB:CS20230722_SUPT_0158	owl:NamedIndividual	9035
WMB:CS20230722_SUPT_0039	owl:NamedIndividual	8909
WMB:CS20230722_SUPT_0029	owl:NamedIndividual	8260
WMB:CS20230722_SUPT_0015	owl:NamedIndividual	8214
WMB:CS20230722_SUPT_0272	owl:NamedIndividual	7408
WMB:CS20230722_SUPT_0085	owl:NamedIndividual	7292
WMB:CS20230722_SUPT_0110	owl:NamedIndividual	7152
WMB:CS20230722_SUPT_0264	owl:NamedIndividual	7108
WMB:CS20230722_SUPT_0979	owl:NamedIndividual	7018
WMB:CS20230722_SUPT_0124	owl:NamedIndividual	6529
WMB:CS20230722_SUPT_0109	owl:NamedIndividual	6277
WMB:CS20230722_SUPT_0003	owl:NamedIndividual	6263
WMB:CS20230722_SUPT_0106	owl:NamedIndividual	6228
WMB:CS20230722_SUPT_0123	owl:NamedIndividual	6225
WMB:CS20230722_SUPT_0111	owl:NamedIndividual	5956
WMB:CS20230722_SUPT_0046	owl:NamedIndividual	5905
WMB:CS20230722_SUPT_0077	owl:NamedIndividual	5733
WMB:CS20230722_SUPT_0021	owl:NamedIndividual	5726
WMB:CS20230722_SUPT_0078	owl:NamedIndividual	5709
WMB:CS20230722_SUPT_1182	owl:NamedIndividual	5708
WMB:CS20230722_SUPT_0435	owl:NamedIndividual	5490
WMB:CS20230722_SUPT_0265	owl:NamedIndividual	5484
WMB:CS20230722_SUPT_0116	owl:NamedIndividual	5415
WMB:CS20230722_SUPT_0659	owl:NamedIndividual	5135
WMB:CS20230722_SUPT_0059	owl:NamedIndividual	5021
WMB:CS20230722_SUPT_0212	owl:NamedIndividual	4981
WMB:CS20230722_SUPT_0007	owl:NamedIndividual	4947
WMB:CS20230722_SUPT_0807	owl:NamedIndividual	4937
WMB:CS20230722_SUPT_0008	owl:NamedIndividual	4901
WMB:CS20230722_SUPT_0166	owl:NamedIndividual	4867
WMB:CS20230722_SUPT_1169	owl:NamedIndividual	4842
WMB:CS20230722_SUPT_0086	owl:NamedIndividual	4834
WMB:CS20230722_SUPT_0017	owl:NamedIndividual	4805
WMB:CS20230722_SUPT_0262	owl:NamedIndividual	4784
WMB:CS20230722_SUPT_1089	owl:NamedIndividual	4675
WMB:CS20230722_SUPT_0287	owl:NamedIndividual	4627
WMB:CS20230722_SUPT_0162	owl:NamedIndividual	4599
WMB:CS20230722_SUPT_0013	owl:NamedIndividual	4570
WMB:CS20230722_SUPT_0278	owl:NamedIndividual	4569
WMB:CS20230722_SUPT_0087	owl:NamedIndividual	4438
WMB:CS20230722_SUPT_0070	owl:NamedIndividual	4237
WMB:CS20230722_SUPT_1165	owl:NamedIndividual	4139
WMB:CS20230722_SUPT_0266	owl:NamedIndividual	4019
WMB:CS20230722_SUPT_0217	owl:NamedIndividual	4014
WMB:CS20230722_SUPT_0072	owl:NamedIndividual	3892
WMB:CS20230722_SUPT_0112	owl:NamedIndividual	3829
WMB:CS20230722_SUPT_0047	owl:NamedIndividual	3808
WMB:CS20230722_SUPT_0048	owl:NamedIndividual	3706
WMB:CS20230722_SUPT_0220	owl:NamedIndividual	3699
WMB:CS20230722_SUPT_0044	owl:NamedIndividual	3648
WMB:CS20230722_SUPT_0061	owl:NamedIndividual	3597
WMB:CS20230722_SUPT_0209	owl:NamedIndividual	3525
WMB:CS20230722_SUPT_0274	owl:NamedIndividual	3523
WMB:CS20230722_SUPT_0939	owl:NamedIndividual	3435
WMB:CS20230722_SUPT_1158	owl:NamedIndividual	3391
WMB:CS20230722_SUPT_0018	owl:NamedIndividual	3391
WMB:CS20230722_SUPT_0169	owl:NamedIndividual	3380
WMB:CS20230722_SUPT_1144	owl:NamedIndividual	3376
WMB:CS20230722_SUPT_0666	owl:NamedIndividual	3329
WMB:CS20230722_SUPT_0203	owl:NamedIndividual	3301
WMB:CS20230722_SUPT_0177	owl:NamedIndividual	3285
WMB:CS20230722_SUPT_0234	owl:NamedIndividual	3279
WMB:CS20230722_SUPT_0125	owl:NamedIndividual	3267
WMB:CS20230722_SUPT_0055	owl:NamedIndividual	3249
WMB:CS20230722_SUPT_0285	owl:NamedIndividual	3243
WMB:CS20230722_SUPT_0096	owl:NamedIndividual	3239
WMB:CS20230722_SUPT_0806	owl:NamedIndividual	3203
WMB:CS20230722_SUPT_0282	owl:NamedIndividual	3159
WMB:CS20230722_SUPT_0502	owl:NamedIndividual	3136
WMB:CS20230722_SUPT_0094	owl:NamedIndividual	3111
WMB:CS20230722_SUPT_0273	owl:NamedIndividual	3078
WMB:CS20230722_SUPT_0283	owl:NamedIndividual	3064
WMB:CS20230722_SUPT_1167	owl:NamedIndividual	3028
WMB:CS20230722_SUPT_0663	owl:NamedIndividual	2981
WMB:CS20230722_SUPT_0214	owl:NamedIndividual	2952
WMB:CS20230722_SUPT_0223	owl:NamedIndividual	2947
WMB:CS20230722_SUPT_0168	owl:NamedIndividual	2940
WMB:CS20230722_SUPT_0245	owl:NamedIndividual	2910
WMB:CS20230722_SUPT_0097	owl:NamedIndividual	2905
WMB:CS20230722_SUPT_0095	owl:NamedIndividual	2861
WMB:CS20230722_SUPT_0206	owl:NamedIndividual	2860
WMB:CS20230722_SUPT_0092	owl:NamedIndividual	2860
WMB:CS20230722_SUPT_0281	owl:NamedIndividual	2849
WMB:CS20230722_SUPT_0178	owl:NamedIndividual	2835
WMB:CS20230722_SUPT_0136	owl:NamedIndividual	2805
WMB:CS20230722_SUPT_0675	owl:NamedIndividual	2804
WMB:CS20230722_SUPT_0062	owl:NamedIndividual	2749
WMB:CS20230722_SUPT_0084	owl:NamedIndividual	2745
WMB:CS20230722_SUPT_0771	owl:NamedIndividual	2720
WMB:CS20230722_SUPT_0216	owl:NamedIndividual	2712
WMB:CS20230722_SUPT_0060	owl:NamedIndividual	2644
WMB:CS20230722_SUPT_0221	owl:NamedIndividual	2641
WMB:CS20230722_SUPT_0326	owl:NamedIndividual	2620
WMB:CS20230722_SUPT_0058	owl:NamedIndividual	2591
WMB:CS20230722_SUPT_0131	owl:NamedIndividual	2583
WMB:CS20230722_SUPT_0153	owl:NamedIndividual	2582
WMB:CS20230722_SUPT_0205	owl:NamedIndividual	2570
WMB:CS20230722_SUPT_0271	owl:NamedIndividual	2549
WMB:CS20230722_SUPT_0089	owl:NamedIndividual	2502
WMB:CS20230722_SUPT_0279	owl:NamedIndividual	2497
WMB:CS20230722_SUPT_1093	owl:NamedIndividual	2464
WMB:CS20230722_SUPT_0286	owl:NamedIndividual	2463
WMB:CS20230722_SUPT_0295	owl:NamedIndividual	2453
WMB:CS20230722_SUPT_0037	owl:NamedIndividual	2447
WMB:CS20230722_SUPT_0133	owl:NamedIndividual	2407
WMB:CS20230722_SUPT_0143	owl:NamedIndividual	2379
WMB:CS20230722_SUPT_0016	owl:NamedIndividual	2363
WMB:CS20230722_SUPT_0215	owl:NamedIndividual	2361
WMB:CS20230722_SUPT_0128	owl:NamedIndividual	2355
WMB:CS20230722_SUPT_0568	owl:NamedIndividual	2350
WMB:CS20230722_SUPT_0075	owl:NamedIndividual	2310
WMB:CS20230722_SUPT_0505	owl:NamedIndividual	2238
WMB:CS20230722_SUPT_0049	owl:NamedIndividual	2236
WMB:CS20230722_SUPT_0229	owl:NamedIndividual	2232
WMB:CS20230722_SUPT_0247	owl:NamedIndividual	2169
WMB:CS20230722_SUPT_0852	owl:NamedIndividual	2097
WMB:CS20230722_SUPT_0507	owl:NamedIndividual	2072
WMB:CS20230722_SUPT_0239	owl:NamedIndividual	2060
WMB:CS20230722_SUPT_1164	owl:NamedIndividual	2040
WMB:CS20230722_SUPT_0658	owl:NamedIndividual	2035
WMB:CS20230722_SUPT_0174	owl:NamedIndividual	2032
WMB:CS20230722_SUPT_0204	owl:NamedIndividual	2014
WMB:CS20230722_SUPT_0222	owl:NamedIndividual	2009
WMB:CS20230722_SUPT_0764	owl:NamedIndividual	1978
WMB:CS20230722_SUPT_0135	owl:NamedIndividual	1942
WMB:CS20230722_SUPT_0655	owl:NamedIndividual	1922
WMB:CS20230722_SUPT_0284	owl:NamedIndividual	1921
WMB:CS20230722_SUPT_0173	owl:NamedIndividual	1915
WMB:CS20230722_SUPT_0004	owl:NamedIndividual	1901
WMB:CS20230722_SUPT_1195	owl:NamedIndividual	1897
WMB:CS20230722_SUPT_0064	owl:NamedIndividual	1879
WMB:CS20230722_SUPT_1012	owl:NamedIndividual	1868
WMB:CS20230722_SUPT_0035	owl:NamedIndividual	1845
WMB:CS20230722_SUPT_0051	owl:NamedIndividual	1827
WMB:CS20230722_SUPT_1139	owl:NamedIndividual	1823
WMB:CS20230722_SUPT_1040	owl:NamedIndividual	1815
WMB:CS20230722_SUPT_0787	owl:NamedIndividual	1772
WMB:CS20230722_SUPT_0210	owl:NamedIndividual	1771
WMB:CS20230722_SUPT_0200	owl:NamedIndividual	1770
WMB:CS20230722_SUPT_0105	owl:NamedIndividual	1766
WMB:CS20230722_SUPT_0670	owl:NamedIndividual	1740
WMB:CS20230722_SUPT_0831	owl:NamedIndividual	1736
WMB:CS20230722_SUPT_0483	owl:NamedIndividual	1735
WMB:CS20230722_SUPT_0187	owl:NamedIndividual	1723
WMB:CS20230722_SUPT_0642	owl:NamedIndividual	1722
WMB:CS20230722_SUPT_1003	owl:NamedIndividual	1714
WMB:CS20230722_SUPT_0066	owl:NamedIndividual	1711
WMB:CS20230722_SUPT_1189	owl:NamedIndividual	1696
WMB:CS20230722_SUPT_0857	owl:NamedIndividual	1672
WMB:CS20230722_SUPT_0073	owl:NamedIndividual	1665
WMB:CS20230722_SUPT_0633	owl:NamedIndividual	1664
WMB:CS20230722_SUPT_0731	owl:NamedIndividual	1662
WMB:CS20230722_SUPT_0882	owl:NamedIndividual	1638
WMB:CS20230722_SUPT_0149	owl:NamedIndividual	1631
WMB:CS20230722_SUPT_0130	owl:NamedIndividual	1616
WMB:CS20230722_SUPT_0260	owl:NamedIndividual	1611
WMB:CS20230722_SUPT_0184	owl:NamedIndividual	1609
WMB:CS20230722_SUPT_0844	owl:NamedIndividual	1607
WMB:CS20230722_SUPT_0045	owl:NamedIndividual	1595
WMB:CS20230722_SUPT_1074	owl:NamedIndividual	1594
WMB:CS20230722_SUPT_0098	owl:NamedIndividual	1583
WMB:CS20230722_SUPT_1166	owl:NamedIndividual	1569
WMB:CS20230722_SUPT_0462	owl:NamedIndividual	1563
WMB:CS20230722_SUPT_0175	owl:NamedIndividual	1547
WMB:CS20230722_SUPT_0745	owl:NamedIndividual	1518
WMB:CS20230722_SUPT_0107	owl:NamedIndividual	1507
WMB:CS20230722_SUPT_0433	owl:NamedIndividual	1507
WMB:CS20230722_SUPT_0775	owl:NamedIndividual	1505
WMB:CS20230722_SUPT_0219	owl:NamedIndividual	1495
WMB:CS20230722_SUPT_0054	owl:NamedIndividual	1491
WMB:CS20230722_SUPT_0063	owl:NamedIndividual	1487
WMB:CS20230722_SUPT_0730	owl:NamedIndividual	1477
WMB:CS20230722_SUPT_0010	owl:NamedIndividual	1476
WMB:CS20230722_SUPT_0632	owl:NamedIndividual	1471
WMB:CS20230722_SUPT_0120	owl:NamedIndividual	1463
WMB:CS20230722_SUPT_0800	owl:NamedIndividual	1461
WMB:CS20230722_SUPT_0703	owl:NamedIndividual	1461
WMB:CS20230722_SUPT_0631	owl:NamedIndividual	1455
WMB:CS20230722_SUPT_0482	owl:NamedIndividual	1453
WMB:CS20230722_SUPT_1090	owl:NamedIndividual	1452
WMB:CS20230722_SUPT_0396	owl:NamedIndividual	1451
WMB:CS20230722_SUPT_0218	owl:NamedIndividual	1443
WMB:CS20230722_SUPT_0057	owl:NamedIndividual	1424
WMB:CS20230722_SUPT_0602	owl:NamedIndividual	1411
WMB:CS20230722_SUPT_0236	owl:NamedIndividual	1408
WMB:CS20230722_SUPT_1076	owl:NamedIndividual	1399
WMB:CS20230722_SUPT_0033	owl:NamedIndividual	1397
WMB:CS20230722_SUPT_0478	owl:NamedIndividual	1375
WMB:CS20230722_SUPT_0873	owl:NamedIndividual	1374
WMB:CS20230722_SUPT_0006	owl:NamedIndividual	1374
WMB:CS20230722_SUPT_0002	owl:NamedIndividual	1373
WMB:CS20230722_SUPT_0288	owl:NamedIndividual	1372
WMB:CS20230722_SUPT_0269	owl:NamedIndividual	1369
WMB:CS20230722_SUPT_0241	owl:NamedIndividual	1361
WMB:CS20230722_SUPT_0056	owl:NamedIndividual	1353
WMB:CS20230722_SUPT_0702	owl:NamedIndividual	1352
WMB:CS20230722_SUPT_0662	owl:NamedIndividual	1348
WMB:CS20230722_SUPT_0071	owl:NamedIndividual	1346
WMB:CS20230722_SUPT_0317	owl:NamedIndividual	1346
WMB:CS20230722_SUPT_0760	owl:NamedIndividual	1343
WMB:CS20230722_SUPT_0773	owl:NamedIndividual	1339
WMB:CS20230722_SUPT_0224	owl:NamedIndividual	1337
WMB:CS20230722_SUPT_0674	owl:NamedIndividual	1337
WMB:CS20230722_SUPT_0127	owl:NamedIndividual	1333
WMB:CS20230722_SUPT_0076	owl:NamedIndividual	1329
WMB:CS20230722_SUPT_0649	owl:NamedIndividual	1328
WMB:CS20230722_SUPT_0611	owl:NamedIndividual	1327
WMB:CS20230722_SUPT_0176	owl:NamedIndividual	1310
WMB:CS20230722_SUPT_0079	owl:NamedIndividual	1308
WMB:CS20230722_SUPT_0141	owl:NamedIndividual	1305
WMB:CS20230722_SUPT_0860	owl:NamedIndividual	1304
WMB:CS20230722_SUPT_0161	owl:NamedIndividual	1303
WMB:CS20230722_SUPT_0669	owl:NamedIndividual	1292
WMB:CS20230722_SUPT_1176	owl:NamedIndividual	1290
WMB:CS20230722_SUPT_0514	owl:NamedIndividual	1290
WMB:CS20230722_SUPT_0227	owl:NamedIndividual	1282
WMB:CS20230722_SUPT_0788	owl:NamedIndividual	1270
WMB:CS20230722_SUPT_0093	owl:NamedIndividual	1260
WMB:CS20230722_SUPT_0201	owl:NamedIndividual	1256
WMB:CS20230722_SUPT_0259	owl:NamedIndividual	1247
WMB:CS20230722_SUPT_0226	owl:NamedIndividual	1233
WMB:CS20230722_SUPT_0644	owl:NamedIndividual	1232
WMB:CS20230722_SUPT_0509	owl:NamedIndividual	1227
WMB:CS20230722_SUPT_0246	owl:NamedIndividual	1201
WMB:CS20230722_SUPT_0645	owl:NamedIndividual	1198
WMB:CS20230722_SUPT_0634	owl:NamedIndividual	1191
WMB:CS20230722_SUPT_0641	owl:NamedIndividual	1190
WMB:CS20230722_SUPT_0733	owl:NamedIndividual	1178
WMB:CS20230722_SUPT_0108	owl:NamedIndividual	1177
WMB:CS20230722_SUPT_0152	owl:NamedIndividual	1169
WMB:CS20230722_SUPT_0580	owl:NamedIndividual	1168
WMB:CS20230722_SUPT_1082	owl:NamedIndividual	1164
WMB:CS20230722_SUPT_0630	owl:NamedIndividual	1159
WMB:CS20230722_SUPT_0459	owl:NamedIndividual	1154
WMB:CS20230722_SUPT_0117	owl:NamedIndividual	1153
WMB:CS20230722_SUPT_0122	owl:NamedIndividual	1153
WMB:CS20230722_SUPT_0665	owl:NamedIndividual	1139
WMB:CS20230722_SUPT_0148	owl:NamedIndividual	1128
WMB:CS20230722_SUPT_0185	owl:NamedIndividual	1118
WMB:CS20230722_SUPT_0471	owl:NamedIndividual	1113
WMB:CS20230722_SUPT_0888	owl:NamedIndividual	1113
WMB:CS20230722_SUPT_0761	owl:NamedIndividual	1100
WMB:CS20230722_SUPT_0100	owl:NamedIndividual	1096
WMB:CS20230722_SUPT_1015	owl:NamedIndividual	1092
WMB:CS20230722_SUPT_0382	owl:NamedIndividual	1078
WMB:CS20230722_SUPT_0518	owl:NamedIndividual	1076
WMB:CS20230722_SUPT_0228	owl:NamedIndividual	1070
WMB:CS20230722_SUPT_0103	owl:NamedIndividual	1067
WMB:CS20230722_SUPT_0121	owl:NamedIndividual	1065
WMB:CS20230722_SUPT_0080	owl:NamedIndividual	1061
WMB:CS20230722_SUPT_0846	owl:NamedIndividual	1055
WMB:CS20230722_SUPT_0629	owl:NamedIndividual	1035
WMB:CS20230722_SUPT_0183	owl:NamedIndividual	1034
WMB:CS20230722_SUPT_1014	owl:NamedIndividual	1031
WMB:CS20230722_SUPT_0146	owl:NamedIndividual	1031
WMB:CS20230722_SUPT_0656	owl:NamedIndividual	1030
WMB:CS20230722_SUPT_0159	owl:NamedIndividual	1023
WMB:CS20230722_SUPT_0776	owl:NamedIndividual	1014
WMB:CS20230722_SUPT_0809	owl:NamedIndividual	1011
WMB:CS20230722_SUPT_0763	owl:NamedIndividual	1011
WMB:CS20230722_SUPT_1173	owl:NamedIndividual	1007
WMB:CS20230722_SUPT_0769	owl:NamedIndividual	1002
WMB:CS20230722_SUPT_0479	owl:NamedIndividual	999
WMB:CS20230722_SUPT_0861	owl:NamedIndividual	995
WMB:CS20230722_SUPT_1138	owl:NamedIndividual	990
WMB:CS20230722_SUPT_0783	owl:NamedIndividual	983
WMB:CS20230722_SUPT_0891	owl:NamedIndividual	978
WMB:CS20230722_SUPT_0786	owl:NamedIndividual	970
WMB:CS20230722_SUPT_0466	owl:NamedIndividual	967
WMB:CS20230722_SUPT_0922	owl:NamedIndividual	940
WMB:CS20230722_SUPT_0855	owl:NamedIndividual	936
WMB:CS20230722_SUPT_0144	owl:NamedIndividual	929
WMB:CS20230722_SUPT_0810	owl:NamedIndividual	927
WMB:CS20230722_SUPT_0872	owl:NamedIndividual	925
WMB:CS20230722_SUPT_0853	owl:NamedIndividual	924
WMB:CS20230722_SUPT_0766	owl:NamedIndividual	916
WMB:CS20230722_SUPT_0758	owl:NamedIndividual	916
WMB:CS20230722_SUPT_0424	owl:NamedIndividual	913
WMB:CS20230722_SUPT_0436	owl:NamedIndividual	913
WMB:CS20230722_SUPT_0660	owl:NamedIndividual	911
WMB:CS20230722_SUPT_0397	owl:NamedIndividual	908
WMB:CS20230722_SUPT_0211	owl:NamedIndividual	905
WMB:CS20230722_SUPT_0384	owl:NamedIndividual	904
WMB:CS20230722_SUPT_0386	owl:NamedIndividual	897
WMB:CS20230722_SUPT_0043	owl:NamedIndividual	893
WMB:CS20230722_SUPT_0368	owl:NamedIndividual	879
WMB:CS20230722_SUPT_0333	owl:NamedIndividual	878
WMB:CS20230722_SUPT_0588	owl:NamedIndividual	868
WMB:CS20230722_SUPT_0167	owl:NamedIndividual	866
WMB:CS20230722_SUPT_0843	owl:NamedIndividual	862
WMB:CS20230722_SUPT_0652	owl:NamedIndividual	858
WMB:CS20230722_SUPT_0052	owl:NamedIndividual	857
WMB:CS20230722_SUPT_0437	owl:NamedIndividual	856
WMB:CS20230722_SUPT_0849	owl:NamedIndividual	855
WMB:CS20230722_SUPT_0307	owl:NamedIndividual	852
WMB:CS20230722_SUPT_0319	owl:NamedIndividual	850
WMB:CS20230722_SUPT_1048	owl:NamedIndividual	848
WMB:CS20230722_SUPT_0065	owl:NamedIndividual	844
WMB:CS20230722_SUPT_0188	owl:NamedIndividual	844
WMB:CS20230722_SUPT_0225	owl:NamedIndividual	840
WMB:CS20230722_SUPT_0988	owl:NamedIndividual	837
WMB:CS20230722_SUPT_0793	owl:NamedIndividual	835
WMB:CS20230722_SUPT_0160	owl:NamedIndividual	831
WMB:CS20230722_SUPT_0480	owl:NamedIndividual	829
WMB:CS20230722_SUPT_0193	owl:NamedIndividual	827
WMB:CS20230722_SUPT_0230	owl:NamedIndividual	822
WMB:CS20230722_SUPT_0081	owl:NamedIndividual	821
WMB:CS20230722_SUPT_1028	owl:NamedIndividual	819
WMB:CS20230722_SUPT_0034	owl:NamedIndividual	807
WMB:CS20230722_SUPT_0154	owl:NamedIndividual	806
WMB:CS20230722_SUPT_0381	owl:NamedIndividual	803
WMB:CS20230722_SUPT_0874	owl:NamedIndividual	800
WMB:CS20230722_SUPT_0823	owl:NamedIndividual	794
WMB:CS20230722_SUPT_0668	owl:NamedIndividual	793
WMB:CS20230722_SUPT_1013	owl:NamedIndividual	792
WMB:CS20230722_SUPT_1091	owl:NamedIndividual	790
WMB:CS20230722_SUPT_0343	owl:NamedIndividual	787
WMB:CS20230722_SUPT_0785	owl:NamedIndividual	780
WMB:CS20230722_SUPT_0721	owl:NamedIndividual	776
WMB:CS20230722_SUPT_0347	owl:NamedIndividual	773
WMB:CS20230722_SUPT_0650	owl:NamedIndividual	769
WMB:CS20230722_SUPT_0101	owl:NamedIndividual	764
WMB:CS20230722_SUPT_0409	owl:NamedIndividual	763
WMB:CS20230722_SUPT_0661	owl:NamedIndividual	762
WMB:CS20230722_SUPT_0231	owl:NamedIndividual	759
WMB:CS20230722_SUPT_0074	owl:NamedIndividual	753
WMB:CS20230722_SUPT_0038	owl:NamedIndividual	751
WMB:CS20230722_SUPT_0237	owl:NamedIndividual	750
WMB:CS20230722_SUPT_0383	owl:NamedIndividual	745
WMB:CS20230722_SUPT_0318	owl:NamedIndividual	743
WMB:CS20230722_SUPT_0129	owl:NamedIndividual	741
WMB:CS20230722_SUPT_0530	owl:NamedIndividual	740
WMB:CS20230722_SUPT_0300	owl:NamedIndividual	736
WMB:CS20230722_SUPT_1137	owl:NamedIndividual	734
WMB:CS20230722_SUPT_0951	owl:NamedIndividual	732
WMB:CS20230722_SUPT_0916	owl:NamedIndividual	729
WMB:CS20230722_SUPT_0829	owl:NamedIndividual	725
WMB:CS20230722_SUPT_0487	owl:NamedIndividual	723
WMB:CS20230722_SUPT_0512	owl:NamedIndividual	719
WMB:CS20230722_SUPT_0371	owl:NamedIndividual	718
WMB:CS20230722_SUPT_1115	owl:NamedIndividual	717
WMB:CS20230722_SUPT_0989	owl:NamedIndividual	714
WMB:CS20230722_SUPT_0974	owl:NamedIndividual	703
WMB:CS20230722_SUPT_1044	owl:NamedIndividual	703
WMB:CS20230722_SUPT_0119	owl:NamedIndividual	700
WMB:CS20230722_SUPT_1099	owl:NamedIndividual	699
WMB:CS20230722_SUPT_0868	owl:NamedIndividual	699
WMB:CS20230722_SUPT_0186	owl:NamedIndividual	696
WMB:CS20230722_SUPT_0875	owl:NamedIndividual	694
WMB:CS20230722_SUPT_0330	owl:NamedIndividual	693
WMB:CS20230722_SUPT_0895	owl:NamedIndividual	693
WMB:CS20230722_SUPT_0848	owl:NamedIndividual	688
WMB:CS20230722_SUPT_0104	owl:NamedIndividual	688
WMB:CS20230722_SUPT_0376	owl:NamedIndividual	684
WMB:CS20230722_SUPT_0500	owl:NamedIndividual	683
WMB:CS20230722_SUPT_1027	owl:NamedIndividual	681
WMB:CS20230722_SUPT_1050	owl:NamedIndividual	679
WMB:CS20230722_SUPT_0067	owl:NamedIndividual	678
WMB:CS20230722_SUPT_0881	owl:NamedIndividual	677
WMB:CS20230722_SUPT_0847	owl:NamedIndividual	676
WMB:CS20230722_SUPT_0303	owl:NamedIndividual	676
WMB:CS20230722_SUPT_0698	owl:NamedIndividual	675
WMB:CS20230722_SUPT_0308	owl:NamedIndividual	674
WMB:CS20230722_SUPT_0491	owl:NamedIndividual	673
WMB:CS20230722_SUPT_0405	owl:NamedIndividual	671
WMB:CS20230722_SUPT_0358	owl:NamedIndividual	666
WMB:CS20230722_SUPT_0646	owl:NamedIndividual	665
WMB:CS20230722_SUPT_0195	owl:NamedIndividual	664
WMB:CS20230722_SUPT_0869	owl:NamedIndividual	664
WMB:CS20230722_SUPT_0870	owl:NamedIndividual	663
WMB:CS20230722_SUPT_0768	owl:NamedIndividual	662
WMB:CS20230722_SUPT_0251	owl:NamedIndividual	652
WMB:CS20230722_SUPT_0157	owl:NamedIndividual	651
WMB:CS20230722_SUPT_0525	owl:NamedIndividual	651
WMB:CS20230722_SUPT_0170	owl:NamedIndividual	649
WMB:CS20230722_SUPT_0856	owl:NamedIndividual	645
WMB:CS20230722_SUPT_0488	owl:NamedIndividual	643
WMB:CS20230722_SUPT_0202	owl:NamedIndividual	639
WMB:CS20230722_SUPT_0257	owl:NamedIndividual	636
WMB:CS20230722_SUPT_0244	owl:NamedIndividual	635
WMB:CS20230722_SUPT_0718	owl:NamedIndividual	635
WMB:CS20230722_SUPT_1097	owl:NamedIndividual	635
WMB:CS20230722_SUPT_0053	owl:NamedIndividual	634
WMB:CS20230722_SUPT_0725	owl:NamedIndividual	631
WMB:CS20230722_SUPT_0555	owl:NamedIndividual	629
WMB:CS20230722_SUPT_1072	owl:NamedIndividual	628
WMB:CS20230722_SUPT_0834	owl:NamedIndividual	627
WMB:CS20230722_SUPT_0138	owl:NamedIndividual	626
WMB:CS20230722_SUPT_0357	owl:NamedIndividual	623
WMB:CS20230722_SUPT_0564	owl:NamedIndividual	621
WMB:CS20230722_SUPT_0511	owl:NamedIndividual	619
WMB:CS20230722_SUPT_0811	owl:NamedIndividual	618
WMB:CS20230722_SUPT_0672	owl:NamedIndividual	618
WMB:CS20230722_SUPT_0704	owl:NamedIndividual	615
WMB:CS20230722_SUPT_0404	owl:NamedIndividual	615
WMB:CS20230722_SUPT_0321	owl:NamedIndividual	615
WMB:CS20230722_SUPT_0720	owl:NamedIndividual	614
WMB:CS20230722_SUPT_0336	owl:NamedIndividual	612
WMB:CS20230722_SUPT_0724	owl:NamedIndividual	612
WMB:CS20230722_SUPT_0694	owl:NamedIndividual	611
WMB:CS20230722_SUPT_0950	owl:NamedIndividual	610
WMB:CS20230722_SUPT_0493	owl:NamedIndividual	609
WMB:CS20230722_SUPT_0681	owl:NamedIndividual	607
WMB:CS20230722_SUPT_0867	owl:NamedIndividual	605
WMB:CS20230722_SUPT_0134	owl:NamedIndividual	603
WMB:CS20230722_SUPT_1081	owl:NamedIndividual	602
WMB:CS20230722_SUPT_0871	owl:NamedIndividual	601
WMB:CS20230722_SUPT_0921	owl:NamedIndividual	600
WMB:CS20230722_SUPT_0250	owl:NamedIndividual	598
WMB:CS20230722_SUPT_0276	owl:NamedIndividual	597
WMB:CS20230722_SUPT_0431	owl:NamedIndividual	593
WMB:CS20230722_SUPT_0880	owl:NamedIndividual	593
WMB:CS20230722_SUPT_0442	owl:NamedIndividual	592
WMB:CS20230722_SUPT_0289	owl:NamedIndividual	592
WMB:CS20230722_SUPT_0374	owl:NamedIndividual	587
WMB:CS20230722_SUPT_1132	owl:NamedIndividual	582
WMB:CS20230722_SUPT_0774	owl:NamedIndividual	581
WMB:CS20230722_SUPT_0713	owl:NamedIndividual	573
WMB:CS20230722_SUPT_0552	owl:NamedIndividual	572
WMB:CS20230722_SUPT_0461	owl:NamedIndividual	569
WMB:CS20230722_SUPT_0190	owl:NamedIndividual	569
WMB:CS20230722_SUPT_1017	owl:NamedIndividual	568
WMB:CS20230722_SUPT_1168	owl:NamedIndividual	567
WMB:CS20230722_SUPT_0249	owl:NamedIndividual	567
WMB:CS20230722_SUPT_0320	owl:NamedIndividual	565
WMB:CS20230722_SUPT_0132	owl:NamedIndividual	565
WMB:CS20230722_SUPT_0926	owl:NamedIndividual	563
WMB:CS20230722_SUPT_0470	owl:NamedIndividual	561
WMB:CS20230722_SUPT_0915	owl:NamedIndividual	560
WMB:CS20230722_SUPT_0565	owl:NamedIndividual	560
WMB:CS20230722_SUPT_0425	owl:NamedIndividual	559
WMB:CS20230722_SUPT_0695	owl:NamedIndividual	557
WMB:CS20230722_SUPT_0779	owl:NamedIndividual	557
WMB:CS20230722_SUPT_0620	owl:NamedIndividual	554
WMB:CS20230722_SUPT_0508	owl:NamedIndividual	553
WMB:CS20230722_SUPT_0664	owl:NamedIndividual	553
WMB:CS20230722_SUPT_0832	owl:NamedIndividual	551
WMB:CS20230722_SUPT_0414	owl:NamedIndividual	550
WMB:CS20230722_SUPT_0735	owl:NamedIndividual	549
WMB:CS20230722_SUPT_0999	owl:NamedIndividual	549
WMB:CS20230722_SUPT_0338	owl:NamedIndividual	548
WMB:CS20230722_SUPT_0607	owl:NamedIndividual	547
WMB:CS20230722_SUPT_1007	owl:NamedIndividual	546
WMB:CS20230722_SUPT_0762	owl:NamedIndividual	545
WMB:CS20230722_SUPT_0780	owl:NamedIndividual	541
WMB:CS20230722_SUPT_0327	owl:NamedIndividual	539
WMB:CS20230722_SUPT_0253	owl:NamedIndividual	538
WMB:CS20230722_SUPT_0083	owl:NamedIndividual	538
WMB:CS20230722_SUPT_1110	owl:NamedIndividual	537
WMB:CS20230722_SUPT_0835	owl:NamedIndividual	535
WMB:CS20230722_SUPT_0943	owl:NamedIndividual	534
WMB:CS20230722_SUPT_0959	owl:NamedIndividual	534
WMB:CS20230722_SUPT_0647	owl:NamedIndividual	528
WMB:CS20230722_SUPT_0575	owl:NamedIndividual	526
WMB:CS20230722_SUPT_0808	owl:NamedIndividual	526
WMB:CS20230722_SUPT_0546	owl:NamedIndividual	523
WMB:CS20230722_SUPT_0316	owl:NamedIndividual	523
WMB:CS20230722_SUPT_0422	owl:NamedIndividual	522
WMB:CS20230722_SUPT_0503	owl:NamedIndividual	520
WMB:CS20230722_SUPT_0456	owl:NamedIndividual	518
WMB:CS20230722_SUPT_0532	owl:NamedIndividual	517
WMB:CS20230722_SUPT_0591	owl:NamedIndividual	515
WMB:CS20230722_SUPT_0495	owl:NamedIndividual	515
WMB:CS20230722_SUPT_0537	owl:NamedIndividual	514
WMB:CS20230722_SUPT_1083	owl:NamedIndividual	514
WMB:CS20230722_SUPT_0232	owl:NamedIndividual	512
WMB:CS20230722_SUPT_0624	owl:NamedIndividual	510
WMB:CS20230722_SUPT_1071	owl:NamedIndividual	509
WMB:CS20230722_SUPT_0261	owl:NamedIndividual	508
WMB:CS20230722_SUPT_0189	owl:NamedIndividual	506
WMB:CS20230722_SUPT_0407	owl:NamedIndividual	500
WMB:CS20230722_SUPT_0497	owl:NamedIndividual	499
WMB:CS20230722_SUPT_0799	owl:NamedIndividual	498
WMB:CS20230722_SUPT_0825	owl:NamedIndividual	494
WMB:CS20230722_SUPT_0359	owl:NamedIndividual	494
WMB:CS20230722_SUPT_0102	owl:NamedIndividual	488
WMB:CS20230722_SUPT_1174	owl:NamedIndividual	487
WMB:CS20230722_SUPT_0626	owl:NamedIndividual	487
WMB:CS20230722_SUPT_0587	owl:NamedIndividual	484
WMB:CS20230722_SUPT_0736	owl:NamedIndividual	481
WMB:CS20230722_SUPT_0722	owl:NamedIndividual	481
WMB:CS20230722_SUPT_0432	owl:NamedIndividual	480
WMB:CS20230722_SUPT_0248	owl:NamedIndividual	477
WMB:CS20230722_SUPT_0099	owl:NamedIndividual	476
WMB:CS20230722_SUPT_0373	owl:NamedIndividual	476
WMB:CS20230722_SUPT_0254	owl:NamedIndividual	475
WMB:CS20230722_SUPT_0579	owl:NamedIndividual	474
WMB:CS20230722_SUPT_0181	owl:NamedIndividual	474
WMB:CS20230722_SUPT_0465	owl:NamedIndividual	474
WMB:CS20230722_SUPT_0458	owl:NamedIndividual	474
WMB:CS20230722_SUPT_0361	owl:NamedIndividual	471
WMB:CS20230722_SUPT_0569	owl:NamedIndividual	470
WMB:CS20230722_SUPT_0567	owl:NamedIndividual	470
WMB:CS20230722_SUPT_0156	owl:NamedIndividual	470
WMB:CS20230722_SUPT_1096	owl:NamedIndividual	470
WMB:CS20230722_SUPT_0258	owl:NamedIndividual	469
WMB:CS20230722_SUPT_0524	owl:NamedIndividual	469
WMB:CS20230722_SUPT_0738	owl:NamedIndividual	467
WMB:CS20230722_SUPT_1085	owl:NamedIndividual	466
WMB:CS20230722_SUPT_0984	owl:NamedIndividual	466
WMB:CS20230722_SUPT_0434	owl:NamedIndividual	465
WMB:CS20230722_SUPT_0474	owl:NamedIndividual	465
WMB:CS20230722_SUPT_0342	owl:NamedIndividual	463
WMB:CS20230722_SUPT_0348	owl:NamedIndividual	462
WMB:CS20230722_SUPT_0489	owl:NamedIndividual	458
WMB:CS20230722_SUPT_0914	owl:NamedIndividual	455
WMB:CS20230722_SUPT_0798	owl:NamedIndividual	452
WMB:CS20230722_SUPT_0165	owl:NamedIndividual	452
WMB:CS20230722_SUPT_0481	owl:NamedIndividual	450
WMB:CS20230722_SUPT_0977	owl:NamedIndividual	449
WMB:CS20230722_SUPT_0194	owl:NamedIndividual	448
WMB:CS20230722_SUPT_0820	owl:NamedIndividual	447
WMB:CS20230722_SUPT_1109	owl:NamedIndividual	443
WMB:CS20230722_SUPT_1047	owl:NamedIndividual	443
WMB:CS20230722_SUPT_0355	owl:NamedIndividual	440
WMB:CS20230722_SUPT_0898	owl:NamedIndividual	439
WMB:CS20230722_SUPT_0657	owl:NamedIndividual	438
WMB:CS20230722_SUPT_0534	owl:NamedIndividual	437
WMB:CS20230722_SUPT_0403	owl:NamedIndividual	437
WMB:CS20230722_SUPT_0794	owl:NamedIndividual	435
WMB:CS20230722_SUPT_0717	owl:NamedIndividual	435
WMB:CS20230722_SUPT_0198	owl:NamedIndividual	433
WMB:CS20230722_SUPT_0859	owl:NamedIndividual	432
WMB:CS20230722_SUPT_0992	owl:NamedIndividual	431
WMB:CS20230722_SUPT_0667	owl:NamedIndividual	431
WMB:CS20230722_SUPT_0535	owl:NamedIndividual	430
WMB:CS20230722_SUPT_0818	owl:NamedIndividual	428
WMB:CS20230722_SUPT_0917	owl:NamedIndividual	428
WMB:CS20230722_SUPT_0353	owl:NamedIndividual	427
WMB:CS20230722_SUPT_0009	owl:NamedIndividual	425
WMB:CS20230722_SUPT_0362	owl:NamedIndividual	424
WMB:CS20230722_SUPT_0147	owl:NamedIndividual	422
WMB:CS20230722_SUPT_0328	owl:NamedIndividual	422
WMB:CS20230722_SUPT_0398	owl:NamedIndividual	421
WMB:CS20230722_SUPT_0352	owl:NamedIndividual	420
WMB:CS20230722_SUPT_0651	owl:NamedIndividual	420
WMB:CS20230722_SUPT_1104	owl:NamedIndividual	414
WMB:CS20230722_SUPT_0310	owl:NamedIndividual	413
WMB:CS20230722_SUPT_0529	owl:NamedIndividual	412
WMB:CS20230722_SUPT_0005	owl:NamedIndividual	412
WMB:CS20230722_SUPT_1038	owl:NamedIndividual	410
WMB:CS20230722_SUPT_0978	owl:NamedIndividual	410
WMB:CS20230722_SUPT_0305	owl:NamedIndividual	408
WMB:CS20230722_SUPT_0011	owl:NamedIndividual	408
WMB:CS20230722_SUPT_0263	owl:NamedIndividual	403
WMB:CS20230722_SUPT_0309	owl:NamedIndividual	403
WMB:CS20230722_SUPT_0598	owl:NamedIndividual	402
WMB:CS20230722_SUPT_1142	owl:NamedIndividual	401
WMB:CS20230722_SUPT_0290	owl:NamedIndividual	401
WMB:CS20230722_SUPT_0904	owl:NamedIndividual	400
WMB:CS20230722_SUPT_0748	owl:NamedIndividual	398
WMB:CS20230722_SUPT_0751	owl:NamedIndividual	397
WMB:CS20230722_SUPT_0685	owl:NamedIndividual	396
WMB:CS20230722_SUPT_1116	owl:NamedIndividual	396
WMB:CS20230722_SUPT_0910	owl:NamedIndividual	395
WMB:CS20230722_SUPT_0443	owl:NamedIndividual	394
WMB:CS20230722_SUPT_0957	owl:NamedIndividual	393
WMB:CS20230722_SUPT_0814	owl:NamedIndividual	393
WMB:CS20230722_SUPT_0410	owl:NamedIndividual	393
WMB:CS20230722_SUPT_0812	owl:NamedIndividual	392
WMB:CS20230722_SUPT_0521	owl:NamedIndividual	391
WMB:CS20230722_SUPT_1075	owl:NamedIndividual	388
WMB:CS20230722_SUPT_0574	owl:NamedIndividual	388
WMB:CS20230722_SUPT_1077	owl:NamedIndividual	387
WMB:CS20230722_SUPT_1172	owl:NamedIndividual	385
WMB:CS20230722_SUPT_0739	owl:NamedIndividual	384
WMB:CS20230722_SUPT_0824	owl:NamedIndividual	384
WMB:CS20230722_SUPT_0145	owl:NamedIndividual	384
WMB:CS20230722_SUPT_0973	owl:NamedIndividual	383
WMB:CS20230722_SUPT_0805	owl:NamedIndividual	382
WMB:CS20230722_SUPT_0862	owl:NamedIndividual	381
WMB:CS20230722_SUPT_0113	owl:NamedIndividual	381
WMB:CS20230722_SUPT_1098	owl:NamedIndividual	380
WMB:CS20230722_SUPT_1031	owl:NamedIndividual	379
WMB:CS20230722_SUPT_0790	owl:NamedIndividual	379
WMB:CS20230722_SUPT_0784	owl:NamedIndividual	378
WMB:CS20230722_SUPT_0690	owl:NamedIndividual	377
WMB:CS20230722_SUPT_0302	owl:NamedIndividual	377
WMB:CS20230722_SUPT_0531	owl:NamedIndividual	375
WMB:CS20230722_SUPT_0767	owl:NamedIndividual	374
WMB:CS20230722_SUPT_0697	owl:NamedIndividual	374
WMB:CS20230722_SUPT_0693	owl:NamedIndividual	373
WMB:CS20230722_SUPT_0906	owl:NamedIndividual	372
WMB:CS20230722_SUPT_0570	owl:NamedIndividual	372
WMB:CS20230722_SUPT_0448	owl:NamedIndividual	371
WMB:CS20230722_SUPT_0350	owl:NamedIndividual	370
WMB:CS20230722_SUPT_0367	owl:NamedIndividual	369
WMB:CS20230722_SUPT_0982	owl:NamedIndividual	369
WMB:CS20230722_SUPT_0839	owl:NamedIndividual	368
WMB:CS20230722_SUPT_0515	owl:NamedIndividual	366
WMB:CS20230722_SUPT_0714	owl:NamedIndividual	365
WMB:CS20230722_SUPT_0068	owl:NamedIndividual	363
WMB:CS20230722_SUPT_0340	owl:NamedIndividual	361
WMB:CS20230722_SUPT_1033	owl:NamedIndividual	361
WMB:CS20230722_SUPT_0527	owl:NamedIndividual	359
WMB:CS20230722_SUPT_1073	owl:NamedIndividual	359
WMB:CS20230722_SUPT_1129	owl:NamedIndividual	358
WMB:CS20230722_SUPT_0349	owl:NamedIndividual	358
WMB:CS20230722_SUPT_0520	owl:NamedIndividual	356
WMB:CS20230722_SUPT_0997	owl:NamedIndividual	356
WMB:CS20230722_SUPT_0298	owl:NamedIndividual	356
WMB:CS20230722_SUPT_0883	owl:NamedIndividual	356
WMB:CS20230722_SUPT_1107	owl:NamedIndividual	354
WMB:CS20230722_SUPT_0878	owl:NamedIndividual	353
WMB:CS20230722_SUPT_0576	owl:NamedIndividual	353
WMB:CS20230722_SUPT_0449	owl:NamedIndividual	352
WMB:CS20230722_SUPT_0639	owl:NamedIndividual	352
WMB:CS20230722_SUPT_0447	owl:NamedIndividual	351
WMB:CS20230722_SUPT_1120	owl:NamedIndividual	350
WMB:CS20230722_SUPT_0332	owl:NamedIndividual	349
WMB:CS20230722_SUPT_0411	owl:NamedIndividual	348
WMB:CS20230722_SUPT_0510	owl:NamedIndividual	348
WMB:CS20230722_SUPT_1039	owl:NamedIndividual	348
WMB:CS20230722_SUPT_0749	owl:NamedIndividual	347
WMB:CS20230722_SUPT_1061	owl:NamedIndividual	344
WMB:CS20230722_SUPT_0242	owl:NamedIndividual	341
WMB:CS20230722_SUPT_1036	owl:NamedIndividual	340
WMB:CS20230722_SUPT_0682	owl:NamedIndividual	340
WMB:CS20230722_SUPT_0804	owl:NamedIndividual	340
WMB:CS20230722_SUPT_0741	owl:NamedIndividual	338
WMB:CS20230722_SUPT_0897	owl:NamedIndividual	337
WMB:CS20230722_SUPT_0795	owl:NamedIndividual	337
WMB:CS20230722_SUPT_0341	owl:NamedIndividual	337
WMB:CS20230722_SUPT_0594	owl:NamedIndividual	336
WMB:CS20230722_SUPT_0778	owl:NamedIndividual	336
WMB:CS20230722_SUPT_0423	owl:NamedIndividual	336
WMB:CS20230722_SUPT_0312	owl:NamedIndividual	335
WMB:CS20230722_SUPT_0522	owl:NamedIndividual	334
WMB:CS20230722_SUPT_0197	owl:NamedIndividual	334
WMB:CS20230722_SUPT_0593	owl:NamedIndividual	334
WMB:CS20230722_SUPT_0899	owl:NamedIndividual	334
WMB:CS20230722_SUPT_0082	owl:NamedIndividual	334
WMB:CS20230722_SUPT_1135	owl:NamedIndividual	333
WMB:CS20230722_SUPT_0560	owl:NamedIndividual	333
WMB:CS20230722_SUPT_0370	owl:NamedIndividual	332
WMB:CS20230722_SUPT_0378	owl:NamedIndividual	331
WMB:CS20230722_SUPT_0627	owl:NamedIndividual	330
WMB:CS20230722_SUPT_0850	owl:NamedIndividual	329
WMB:CS20230722_SUPT_0817	owl:NamedIndividual	327
WMB:CS20230722_SUPT_0678	owl:NamedIndividual	326
WMB:CS20230722_SUPT_0566	owl:NamedIndividual	325
WMB:CS20230722_SUPT_1108	owl:NamedIndividual	324
WMB:CS20230722_SUPT_1147	owl:NamedIndividual	324
WMB:CS20230722_SUPT_1010	owl:NamedIndividual	324
WMB:CS20230722_SUPT_1146	owl:NamedIndividual	323
WMB:CS20230722_SUPT_1067	owl:NamedIndividual	323
WMB:CS20230722_SUPT_0412	owl:NamedIndividual	323
WMB:CS20230722_SUPT_0941	owl:NamedIndividual	323
WMB:CS20230722_SUPT_0420	owl:NamedIndividual	320
WMB:CS20230722_SUPT_1121	owl:NamedIndividual	318
WMB:CS20230722_SUPT_0723	owl:NamedIndividual	316
WMB:CS20230722_SUPT_0636	owl:NamedIndividual	315
WMB:CS20230722_SUPT_1119	owl:NamedIndividual	315
WMB:CS20230722_SUPT_0460	owl:NamedIndividual	313
WMB:CS20230722_SUPT_1070	owl:NamedIndividual	312
WMB:CS20230722_SUPT_0387	owl:NamedIndividual	310
WMB:CS20230722_SUPT_0755	owl:NamedIndividual	310
WMB:CS20230722_SUPT_0719	owl:NamedIndividual	310
WMB:CS20230722_SUPT_0538	owl:NamedIndividual	308
WMB:CS20230722_SUPT_0240	owl:NamedIndividual	308
WMB:CS20230722_SUPT_0375	owl:NamedIndividual	305
WMB:CS20230722_SUPT_0595	owl:NamedIndividual	305
WMB:CS20230722_SUPT_0956	owl:NamedIndividual	303
WMB:CS20230722_SUPT_0572	owl:NamedIndividual	302
WMB:CS20230722_SUPT_1037	owl:NamedIndividual	302
WMB:CS20230722_SUPT_0446	owl:NamedIndividual	302
WMB:CS20230722_SUPT_0584	owl:NamedIndividual	301
WMB:CS20230722_SUPT_0648	owl:NamedIndividual	301
WMB:CS20230722_SUPT_0752	owl:NamedIndividual	301
WMB:CS20230722_SUPT_0539	owl:NamedIndividual	301
WMB:CS20230722_SUPT_0451	owl:NamedIndividual	301
WMB:CS20230722_SUPT_0549	owl:NamedIndividual	299
WMB:CS20230722_SUPT_0464	owl:NamedIndividual	298
WMB:CS20230722_SUPT_0022	owl:NamedIndividual	298
WMB:CS20230722_SUPT_0885	owl:NamedIndividual	297
WMB:CS20230722_SUPT_0913	owl:NamedIndividual	297
WMB:CS20230722_SUPT_0781	owl:NamedIndividual	293
WMB:CS20230722_SUPT_0889	owl:NamedIndividual	292
WMB:CS20230722_SUPT_0929	owl:NamedIndividual	292
WMB:CS20230722_SUPT_1058	owl:NamedIndividual	292
WMB:CS20230722_SUPT_0612	owl:NamedIndividual	290
WMB:CS20230722_SUPT_0484	owl:NamedIndividual	290
WMB:CS20230722_SUPT_0757	owl:NamedIndividual	290
WMB:CS20230722_SUPT_0339	owl:NamedIndividual	290
WMB:CS20230722_SUPT_0408	owl:NamedIndividual	290
WMB:CS20230722_SUPT_0452	owl:NamedIndividual	288
WMB:CS20230722_SUPT_0192	owl:NamedIndividual	287
WMB:CS20230722_SUPT_1122	owl:NamedIndividual	285
WMB:CS20230722_SUPT_0542	owl:NamedIndividual	284
WMB:CS20230722_SUPT_0453	owl:NamedIndividual	282
WMB:CS20230722_SUPT_0454	owl:NamedIndividual	282
WMB:CS20230722_SUPT_0233	owl:NamedIndividual	282
WMB:CS20230722_SUPT_0945	owl:NamedIndividual	281
WMB:CS20230722_SUPT_0297	owl:NamedIndividual	281
WMB:CS20230722_SUPT_0180	owl:NamedIndividual	281
WMB:CS20230722_SUPT_0740	owl:NamedIndividual	280
WMB:CS20230722_SUPT_0400	owl:NamedIndividual	278
WMB:CS20230722_SUPT_0756	owl:NamedIndividual	278
WMB:CS20230722_SUPT_0747	owl:NamedIndividual	275
WMB:CS20230722_SUPT_0746	owl:NamedIndividual	274
WMB:CS20230722_SUPT_0925	owl:NamedIndividual	274
WMB:CS20230722_SUPT_1005	owl:NamedIndividual	274
WMB:CS20230722_SUPT_0419	owl:NamedIndividual	273
WMB:CS20230722_SUPT_0501	owl:NamedIndividual	273
WMB:CS20230722_SUPT_0399	owl:NamedIndividual	273
WMB:CS20230722_SUPT_1133	owl:NamedIndividual	273
WMB:CS20230722_SUPT_0801	owl:NamedIndividual	273
WMB:CS20230722_SUPT_0556	owl:NamedIndividual	271
WMB:CS20230722_SUPT_0842	owl:NamedIndividual	270
WMB:CS20230722_SUPT_0513	owl:NamedIndividual	269
WMB:CS20230722_SUPT_0506	owl:NamedIndividual	269
WMB:CS20230722_SUPT_0406	owl:NamedIndividual	269
WMB:CS20230722_SUPT_0600	owl:NamedIndividual	269
WMB:CS20230722_SUPT_0472	owl:NamedIndividual	268
WMB:CS20230722_SUPT_0963	owl:NamedIndividual	267
WMB:CS20230722_SUPT_0968	owl:NamedIndividual	265
WMB:CS20230722_SUPT_0980	owl:NamedIndividual	265
WMB:CS20230722_SUPT_0802	owl:NamedIndividual	264
WMB:CS20230722_SUPT_0455	owl:NamedIndividual	264
WMB:CS20230722_SUPT_0923	owl:NamedIndividual	263
WMB:CS20230722_SUPT_0830	owl:NamedIndividual	261
WMB:CS20230722_SUPT_0677	owl:NamedIndividual	261
WMB:CS20230722_SUPT_0238	owl:NamedIndividual	259
WMB:CS20230722_SUPT_0582	owl:NamedIndividual	259
WMB:CS20230722_SUPT_0976	owl:NamedIndividual	258
WMB:CS20230722_SUPT_0643	owl:NamedIndividual	258
WMB:CS20230722_SUPT_0699	owl:NamedIndividual	257
WMB:CS20230722_SUPT_0854	owl:NamedIndividual	257
WMB:CS20230722_SUPT_0548	owl:NamedIndividual	257
WMB:CS20230722_SUPT_1177	owl:NamedIndividual	257
WMB:CS20230722_SUPT_0324	owl:NamedIndividual	257
WMB:CS20230722_SUPT_1087	owl:NamedIndividual	255
WMB:CS20230722_SUPT_1063	owl:NamedIndividual	255
WMB:CS20230722_SUPT_0765	owl:NamedIndividual	254
WMB:CS20230722_SUPT_0126	owl:NamedIndividual	254
WMB:CS20230722_SUPT_0599	owl:NamedIndividual	254
WMB:CS20230722_SUPT_0605	owl:NamedIndividual	253
WMB:CS20230722_SUPT_0457	owl:NamedIndividual	253
WMB:CS20230722_SUPT_0351	owl:NamedIndividual	253
WMB:CS20230722_SUPT_0581	owl:NamedIndividual	252
WMB:CS20230722_SUPT_1056	owl:NamedIndividual	252
WMB:CS20230722_SUPT_0815	owl:NamedIndividual	252
WMB:CS20230722_SUPT_0876	owl:NamedIndividual	251
WMB:CS20230722_SUPT_0975	owl:NamedIndividual	249
WMB:CS20230722_SUPT_0476	owl:NamedIndividual	248
WMB:CS20230722_SUPT_0235	owl:NamedIndividual	248
WMB:CS20230722_SUPT_0536	owl:NamedIndividual	248
WMB:CS20230722_SUPT_0545	owl:NamedIndividual	247
WMB:CS20230722_SUPT_0622	owl:NamedIndividual	246
WMB:CS20230722_SUPT_1086	owl:NamedIndividual	246
WMB:CS20230722_SUPT_1136	owl:NamedIndividual	246
WMB:CS20230722_SUPT_0866	owl:NamedIndividual	246
WMB:CS20230722_SUPT_0299	owl:NamedIndividual	245
WMB:CS20230722_SUPT_0691	owl:NamedIndividual	245
WMB:CS20230722_SUPT_0597	owl:NamedIndividual	245
WMB:CS20230722_SUPT_0329	owl:NamedIndividual	244
WMB:CS20230722_SUPT_1080	owl:NamedIndividual	244
WMB:CS20230722_SUPT_0473	owl:NamedIndividual	244
WMB:CS20230722_SUPT_0392	owl:NamedIndividual	242
WMB:CS20230722_SUPT_0640	owl:NamedIndividual	241
WMB:CS20230722_SUPT_1034	owl:NamedIndividual	241
WMB:CS20230722_SUPT_1170	owl:NamedIndividual	241
WMB:CS20230722_SUPT_0395	owl:NamedIndividual	240
WMB:CS20230722_SUPT_0601	owl:NamedIndividual	240
WMB:CS20230722_SUPT_0438	owl:NamedIndividual	239
WMB:CS20230722_SUPT_0944	owl:NamedIndividual	238
WMB:CS20230722_SUPT_0637	owl:NamedIndividual	238
WMB:CS20230722_SUPT_0301	owl:NamedIndividual	237
WMB:CS20230722_SUPT_1198	owl:NamedIndividual	237
WMB:CS20230722_SUPT_0838	owl:NamedIndividual	236
WMB:CS20230722_SUPT_0380	owl:NamedIndividual	236
WMB:CS20230722_SUPT_0638	owl:NamedIndividual	236
WMB:CS20230722_SUPT_0364	owl:NamedIndividual	236
WMB:CS20230722_SUPT_0884	owl:NamedIndividual	236
WMB:CS20230722_SUPT_1130	owl:NamedIndividual	235
WMB:CS20230722_SUPT_0547	owl:NamedIndividual	235
WMB:CS20230722_SUPT_0892	owl:NamedIndividual	234
WMB:CS20230722_SUPT_0946	owl:NamedIndividual	233
WMB:CS20230722_SUPT_0467	owl:NamedIndividual	233
WMB:CS20230722_SUPT_0439	owl:NamedIndividual	232
WMB:CS20230722_SUPT_0393	owl:NamedIndividual	231
WMB:CS20230722_SUPT_0890	owl:NamedIndividual	230
WMB:CS20230722_SUPT_0394	owl:NamedIndividual	230
WMB:CS20230722_SUPT_0311	owl:NamedIndividual	229
WMB:CS20230722_SUPT_0413	owl:NamedIndividual	229
WMB:CS20230722_SUPT_1123	owl:NamedIndividual	229
WMB:CS20230722_SUPT_0589	owl:NamedIndividual	228
WMB:CS20230722_SUPT_0711	owl:NamedIndividual	226
WMB:CS20230722_SUPT_0864	owl:NamedIndividual	224
WMB:CS20230722_SUPT_0577	owl:NamedIndividual	223
WMB:CS20230722_SUPT_1055	owl:NamedIndividual	221
WMB:CS20230722_SUPT_0475	owl:NamedIndividual	221
WMB:CS20230722_SUPT_0845	owl:NamedIndividual	221
WMB:CS20230722_SUPT_0402	owl:NamedIndividual	221
WMB:CS20230722_SUPT_0492	owl:NamedIndividual	221
WMB:CS20230722_SUPT_0429	owl:NamedIndividual	221
WMB:CS20230722_SUPT_0967	owl:NamedIndividual	220
WMB:CS20230722_SUPT_0345	owl:NamedIndividual	219
WMB:CS20230722_SUPT_1118	owl:NamedIndividual	218
WMB:CS20230722_SUPT_0554	owl:NamedIndividual	218
WMB:CS20230722_SUPT_0450	owl:NamedIndividual	217
WMB:CS20230722_SUPT_0573	owl:NamedIndividual	216
WMB:CS20230722_SUPT_0919	owl:NamedIndividual	216
WMB:CS20230722_SUPT_0335	owl:NamedIndividual	215
WMB:CS20230722_SUPT_1045	owl:NamedIndividual	215
WMB:CS20230722_SUPT_0179	owl:NamedIndividual	215
WMB:CS20230722_SUPT_1114	owl:NamedIndividual	214
WMB:CS20230722_SUPT_0918	owl:NamedIndividual	213
WMB:CS20230722_SUPT_0753	owl:NamedIndividual	213
WMB:CS20230722_SUPT_0819	owl:NamedIndividual	212
WMB:CS20230722_SUPT_0863	owl:NamedIndividual	212
WMB:CS20230722_SUPT_0935	owl:NamedIndividual	211
WMB:CS20230722_SUPT_0519	owl:NamedIndividual	210
WMB:CS20230722_SUPT_0965	owl:NamedIndividual	209
WMB:CS20230722_SUPT_0445	owl:NamedIndividual	209
WMB:CS20230722_SUPT_1069	owl:NamedIndividual	208
WMB:CS20230722_SUPT_0280	owl:NamedIndividual	206
WMB:CS20230722_SUPT_0886	owl:NamedIndividual	206
WMB:CS20230722_SUPT_0606	owl:NamedIndividual	205
WMB:CS20230722_SUPT_0528	owl:NamedIndividual	203
WMB:CS20230722_SUPT_0444	owl:NamedIndividual	202
WMB:CS20230722_SUPT_1125	owl:NamedIndividual	201
WMB:CS20230722_SUPT_0912	owl:NamedIndividual	201
WMB:CS20230722_SUPT_1102	owl:NamedIndividual	200
WMB:CS20230722_SUPT_0293	owl:NamedIndividual	200
WMB:CS20230722_SUPT_0354	owl:NamedIndividual	199
WMB:CS20230722_SUPT_0191	owl:NamedIndividual	199
WMB:CS20230722_SUPT_0858	owl:NamedIndividual	198
WMB:CS20230722_SUPT_0372	owl:NamedIndividual	198
WMB:CS20230722_SUPT_0142	owl:NamedIndividual	198
WMB:CS20230722_SUPT_0391	owl:NamedIndividual	196
WMB:CS20230722_SUPT_1131	owl:NamedIndividual	194
WMB:CS20230722_SUPT_0252	owl:NamedIndividual	193
WMB:CS20230722_SUPT_0314	owl:NamedIndividual	193
WMB:CS20230722_SUPT_0964	owl:NamedIndividual	192
WMB:CS20230722_SUPT_0255	owl:NamedIndividual	192
WMB:CS20230722_SUPT_0517	owl:NamedIndividual	192
WMB:CS20230722_SUPT_0673	owl:NamedIndividual	192
WMB:CS20230722_SUPT_0614	owl:NamedIndividual	190
WMB:CS20230722_SUPT_0304	owl:NamedIndividual	190
WMB:CS20230722_SUPT_0365	owl:NamedIndividual	190
WMB:CS20230722_SUPT_0463	owl:NamedIndividual	190
WMB:CS20230722_SUPT_1016	owl:NamedIndividual	188
WMB:CS20230722_SUPT_0592	owl:NamedIndividual	188
WMB:CS20230722_SUPT_0729	owl:NamedIndividual	186
WMB:CS20230722_SUPT_1113	owl:NamedIndividual	185
WMB:CS20230722_SUPT_0737	owl:NamedIndividual	185
WMB:CS20230722_SUPT_0313	owl:NamedIndividual	184
WMB:CS20230722_SUPT_0742	owl:NamedIndividual	184
WMB:CS20230722_SUPT_0585	owl:NamedIndividual	183
WMB:CS20230722_SUPT_0962	owl:NamedIndividual	182
WMB:CS20230722_SUPT_1053	owl:NamedIndividual	181
WMB:CS20230722_SUPT_0816	owl:NamedIndividual	181
WMB:CS20230722_SUPT_1171	owl:NamedIndividual	181
WMB:CS20230722_SUPT_0578	owl:NamedIndividual	180
WMB:CS20230722_SUPT_0803	owl:NamedIndividual	179
WMB:CS20230722_SUPT_1043	owl:NamedIndividual	179
WMB:CS20230722_SUPT_0369	owl:NamedIndividual	179
WMB:CS20230722_SUPT_1041	owl:NamedIndividual	178
WMB:CS20230722_SUPT_0486	owl:NamedIndividual	178
WMB:CS20230722_SUPT_0292	owl:NamedIndividual	178
WMB:CS20230722_SUPT_0902	owl:NamedIndividual	177
WMB:CS20230722_SUPT_1051	owl:NamedIndividual	177
WMB:CS20230722_SUPT_0337	owl:NamedIndividual	176
WMB:CS20230722_SUPT_1062	owl:NamedIndividual	176
WMB:CS20230722_SUPT_0907	owl:NamedIndividual	176
WMB:CS20230722_SUPT_0291	owl:NamedIndividual	175
WMB:CS20230722_SUPT_0948	owl:NamedIndividual	174
WMB:CS20230722_SUPT_0933	owl:NamedIndividual	174
WMB:CS20230722_SUPT_1190	owl:NamedIndividual	174
WMB:CS20230722_SUPT_0315	owl:NamedIndividual	173
WMB:CS20230722_SUPT_0540	owl:NamedIndividual	173
WMB:CS20230722_SUPT_1035	owl:NamedIndividual	173
WMB:CS20230722_SUPT_0533	owl:NamedIndividual	171
WMB:CS20230722_SUPT_0837	owl:NamedIndividual	171
WMB:CS20230722_SUPT_0323	owl:NamedIndividual	170
WMB:CS20230722_SUPT_0940	owl:NamedIndividual	170
WMB:CS20230722_SUPT_1134	owl:NamedIndividual	170
WMB:CS20230722_SUPT_0813	owl:NamedIndividual	170
WMB:CS20230722_SUPT_0363	owl:NamedIndividual	168
WMB:CS20230722_SUPT_0294	owl:NamedIndividual	167
WMB:CS20230722_SUPT_0155	owl:NamedIndividual	166
WMB:CS20230722_SUPT_0586	owl:NamedIndividual	166
WMB:CS20230722_SUPT_0700	owl:NamedIndividual	166
WMB:CS20230722_SUPT_0418	owl:NamedIndividual	164
WMB:CS20230722_SUPT_1197	owl:NamedIndividual	164
WMB:CS20230722_SUPT_0822	owl:NamedIndividual	163
WMB:CS20230722_SUPT_0960	owl:NamedIndividual	162
WMB:CS20230722_SUPT_0900	owl:NamedIndividual	162
WMB:CS20230722_SUPT_0385	owl:NamedIndividual	162
WMB:CS20230722_SUPT_0610	owl:NamedIndividual	160
WMB:CS20230722_SUPT_0430	owl:NamedIndividual	159
WMB:CS20230722_SUPT_1052	owl:NamedIndividual	159
WMB:CS20230722_SUPT_0932	owl:NamedIndividual	158
WMB:CS20230722_SUPT_1042	owl:NamedIndividual	157
WMB:CS20230722_SUPT_0608	owl:NamedIndividual	156
WMB:CS20230722_SUPT_0958	owl:NamedIndividual	156
WMB:CS20230722_SUPT_0379	owl:NamedIndividual	156
WMB:CS20230722_SUPT_1078	owl:NamedIndividual	154
WMB:CS20230722_SUPT_0710	owl:NamedIndividual	154
WMB:CS20230722_SUPT_0732	owl:NamedIndividual	154
WMB:CS20230722_SUPT_1029	owl:NamedIndividual	153
WMB:CS20230722_SUPT_0490	owl:NamedIndividual	153
WMB:CS20230722_SUPT_0563	owl:NamedIndividual	153
WMB:CS20230722_SUPT_1101	owl:NamedIndividual	152
WMB:CS20230722_SUPT_0792	owl:NamedIndividual	152
WMB:CS20230722_SUPT_1066	owl:NamedIndividual	152
WMB:CS20230722_SUPT_0865	owl:NamedIndividual	152
WMB:CS20230722_SUPT_0388	owl:NamedIndividual	151
WMB:CS20230722_SUPT_0952	owl:NamedIndividual	151
WMB:CS20230722_SUPT_0544	owl:NamedIndividual	151
WMB:CS20230722_SUPT_0426	owl:NamedIndividual	151
WMB:CS20230722_SUPT_0947	owl:NamedIndividual	150
WMB:CS20230722_SUPT_0708	owl:NamedIndividual	150
WMB:CS20230722_SUPT_0346	owl:NamedIndividual	149
WMB:CS20230722_SUPT_0322	owl:NamedIndividual	149
WMB:CS20230722_SUPT_0987	owl:NamedIndividual	148
WMB:CS20230722_SUPT_0688	owl:NamedIndividual	147
WMB:CS20230722_SUPT_0468	owl:NamedIndividual	147
WMB:CS20230722_SUPT_0550	owl:NamedIndividual	146
WMB:CS20230722_SUPT_0140	owl:NamedIndividual	145
WMB:CS20230722_SUPT_0415	owl:NamedIndividual	145
WMB:CS20230722_SUPT_0709	owl:NamedIndividual	145
WMB:CS20230722_SUPT_1032	owl:NamedIndividual	145
WMB:CS20230722_SUPT_0750	owl:NamedIndividual	144
WMB:CS20230722_SUPT_0562	owl:NamedIndividual	143
WMB:CS20230722_SUPT_0427	owl:NamedIndividual	143
WMB:CS20230722_SUPT_0676	owl:NamedIndividual	141
WMB:CS20230722_SUPT_0421	owl:NamedIndividual	140
WMB:CS20230722_SUPT_0551	owl:NamedIndividual	139
WMB:CS20230722_SUPT_1000	owl:NamedIndividual	138
WMB:CS20230722_SUPT_0707	owl:NamedIndividual	136
WMB:CS20230722_SUPT_0325	owl:NamedIndividual	135
WMB:CS20230722_SUPT_0583	owl:NamedIndividual	135
WMB:CS20230722_SUPT_0727	owl:NamedIndividual	135
WMB:CS20230722_SUPT_1111	owl:NamedIndividual	134
WMB:CS20230722_SUPT_0931	owl:NamedIndividual	134
WMB:CS20230722_SUPT_0296	owl:NamedIndividual	134
WMB:CS20230722_SUPT_0603	owl:NamedIndividual	132
WMB:CS20230722_SUPT_0734	owl:NamedIndividual	132
WMB:CS20230722_SUPT_0942	owl:NamedIndividual	131
WMB:CS20230722_SUPT_0828	owl:NamedIndividual	131
WMB:CS20230722_SUPT_1019	owl:NamedIndividual	130
WMB:CS20230722_SUPT_0213	owl:NamedIndividual	130
WMB:CS20230722_SUPT_0469	owl:NamedIndividual	129
WMB:CS20230722_SUPT_0920	owl:NamedIndividual	129
WMB:CS20230722_SUPT_0590	owl:NamedIndividual	129
WMB:CS20230722_SUPT_0609	owl:NamedIndividual	128
WMB:CS20230722_SUPT_1084	owl:NamedIndividual	127
WMB:CS20230722_SUPT_1128	owl:NamedIndividual	126
WMB:CS20230722_SUPT_0477	owl:NamedIndividual	126
WMB:CS20230722_SUPT_0344	owl:NamedIndividual	125
WMB:CS20230722_SUPT_0712	owl:NamedIndividual	125
WMB:CS20230722_SUPT_0356	owl:NamedIndividual	125
WMB:CS20230722_SUPT_1060	owl:NamedIndividual	125
WMB:CS20230722_SUPT_0903	owl:NamedIndividual	125
WMB:CS20230722_SUPT_0623	owl:NamedIndividual	124
WMB:CS20230722_SUPT_0754	owl:NamedIndividual	124
WMB:CS20230722_SUPT_0905	owl:NamedIndividual	124
WMB:CS20230722_SUPT_0938	owl:NamedIndividual	123
WMB:CS20230722_SUPT_0653	owl:NamedIndividual	123
WMB:CS20230722_SUPT_0331	owl:NamedIndividual	122
WMB:CS20230722_SUPT_1026	owl:NamedIndividual	121
WMB:CS20230722_SUPT_0366	owl:NamedIndividual	120
WMB:CS20230722_SUPT_0557	owl:NamedIndividual	120
WMB:CS20230722_SUPT_0306	owl:NamedIndividual	120
WMB:CS20230722_SUPT_0911	owl:NamedIndividual	119
WMB:CS20230722_SUPT_1126	owl:NamedIndividual	119
WMB:CS20230722_SUPT_0390	owl:NamedIndividual	119
WMB:CS20230722_SUPT_1100	owl:NamedIndividual	118
WMB:CS20230722_SUPT_0927	owl:NamedIndividual	118
WMB:CS20230722_SUPT_0759	owl:NamedIndividual	118
WMB:CS20230722_SUPT_0998	owl:NamedIndividual	116
WMB:CS20230722_SUPT_0930	owl:NamedIndividual	116
WMB:CS20230722_SUPT_0840	owl:NamedIndividual	116
WMB:CS20230722_SUPT_0972	owl:NamedIndividual	115
WMB:CS20230722_SUPT_0909	owl:NamedIndividual	115
WMB:CS20230722_SUPT_0877	owl:NamedIndividual	114
WMB:CS20230722_SUPT_0961	owl:NamedIndividual	114
WMB:CS20230722_SUPT_0701	owl:NamedIndividual	113
WMB:CS20230722_SUPT_0908	owl:NamedIndividual	113
WMB:CS20230722_SUPT_0485	owl:NamedIndividual	113
WMB:CS20230722_SUPT_1049	owl:NamedIndividual	112
WMB:CS20230722_SUPT_1057	owl:NamedIndividual	112
WMB:CS20230722_SUPT_0172	owl:NamedIndividual	111
WMB:CS20230722_SUPT_0558	owl:NamedIndividual	110
WMB:CS20230722_SUPT_0621	owl:NamedIndividual	109
WMB:CS20230722_SUPT_0196	owl:NamedIndividual	109
WMB:CS20230722_SUPT_0827	owl:NamedIndividual	108
WMB:CS20230722_SUPT_0841	owl:NamedIndividual	108
WMB:CS20230722_SUPT_0683	owl:NamedIndividual	107
WMB:CS20230722_SUPT_0561	owl:NamedIndividual	107
WMB:CS20230722_SUPT_0715	owl:NamedIndividual	106
WMB:CS20230722_SUPT_0726	owl:NamedIndividual	104
WMB:CS20230722_SUPT_0851	owl:NamedIndividual	104
WMB:CS20230722_SUPT_1201	owl:NamedIndividual	104
WMB:CS20230722_SUPT_0879	owl:NamedIndividual	104
WMB:CS20230722_SUPT_0553	owl:NamedIndividual	104
WMB:CS20230722_SUPT_0836	owl:NamedIndividual	102
WMB:CS20230722_SUPT_0615	owl:NamedIndividual	100
WMB:CS20230722_SUPT_0821	owl:NamedIndividual	100
WMB:CS20230722_SUPT_0826	owl:NamedIndividual	100
WMB:CS20230722_SUPT_0833	owl:NamedIndividual	98
WMB:CS20230722_SUPT_0625	owl:NamedIndividual	97
WMB:CS20230722_SUPT_0494	owl:NamedIndividual	97
WMB:CS20230722_SUPT_0182	owl:NamedIndividual	97
WMB:CS20230722_SUPT_0571	owl:NamedIndividual	95
WMB:CS20230722_SUPT_0981	owl:NamedIndividual	94
WMB:CS20230722_SUPT_0954	owl:NamedIndividual	94
WMB:CS20230722_SUPT_0389	owl:NamedIndividual	93
WMB:CS20230722_SUPT_0936	owl:NamedIndividual	90
WMB:CS20230722_SUPT_0687	owl:NamedIndividual	89
WMB:CS20230722_SUPT_0417	owl:NamedIndividual	89
WMB:CS20230722_SUPT_1023	owl:NamedIndividual	89
WMB:CS20230722_SUPT_0993	owl:NamedIndividual	88
WMB:CS20230722_SUPT_0516	owl:NamedIndividual	88
WMB:CS20230722_SUPT_1094	owl:NamedIndividual	88
WMB:CS20230722_SUPT_0613	owl:NamedIndividual	88
WMB:CS20230722_SUPT_0541	owl:NamedIndividual	87
WMB:CS20230722_SUPT_0791	owl:NamedIndividual	87
WMB:CS20230722_SUPT_0163	owl:NamedIndividual	86
WMB:CS20230722_SUPT_1092	owl:NamedIndividual	86
WMB:CS20230722_SUPT_0523	owl:NamedIndividual	86
WMB:CS20230722_SUPT_1079	owl:NamedIndividual	86
WMB:CS20230722_SUPT_0440	owl:NamedIndividual	85
WMB:CS20230722_SUPT_0686	owl:NamedIndividual	84
WMB:CS20230722_SUPT_0164	owl:NamedIndividual	83
WMB:CS20230722_SUPT_0377	owl:NamedIndividual	82
WMB:CS20230722_SUPT_0796	owl:NamedIndividual	82
WMB:CS20230722_SUPT_0689	owl:NamedIndividual	81
WMB:CS20230722_SUPT_0743	owl:NamedIndividual	81
WMB:CS20230722_SUPT_0499	owl:NamedIndividual	80
WMB:CS20230722_SUPT_0928	owl:NamedIndividual	79
WMB:CS20230722_SUPT_0894	owl:NamedIndividual	79
WMB:CS20230722_SUPT_1095	owl:NamedIndividual	78
WMB:CS20230722_SUPT_0744	owl:NamedIndividual	77
WMB:CS20230722_SUPT_0901	owl:NamedIndividual	77
WMB:CS20230722_SUPT_0985	owl:NamedIndividual	77
WMB:CS20230722_SUPT_0789	owl:NamedIndividual	76
WMB:CS20230722_SUPT_0893	owl:NamedIndividual	75
WMB:CS20230722_SUPT_0496	owl:NamedIndividual	74
WMB:CS20230722_SUPT_0618	owl:NamedIndividual	73
WMB:CS20230722_SUPT_0616	owl:NamedIndividual	73
WMB:CS20230722_SUPT_0887	owl:NamedIndividual	72
WMB:CS20230722_SUPT_0416	owl:NamedIndividual	72
WMB:CS20230722_SUPT_0777	owl:NamedIndividual	71
WMB:CS20230722_SUPT_1001	owl:NamedIndividual	71
WMB:CS20230722_SUPT_1011	owl:NamedIndividual	70
WMB:CS20230722_SUPT_0543	owl:NamedIndividual	69
WMB:CS20230722_SUPT_0955	owl:NamedIndividual	68
WMB:CS20230722_SUPT_0949	owl:NamedIndividual	63
WMB:CS20230722_SUPT_0969	owl:NamedIndividual	62
WMB:CS20230722_SUPT_0966	owl:NamedIndividual	61
WMB:CS20230722_SUPT_0504	owl:NamedIndividual	60
WMB:CS20230722_SUPT_0360	owl:NamedIndividual	59
WMB:CS20230722_SUPT_1006	owl:NamedIndividual	59
WMB:CS20230722_SUPT_0604	owl:NamedIndividual	58
WMB:CS20230722_SUPT_0526	owl:NamedIndividual	58
WMB:CS20230722_SUPT_0628	owl:NamedIndividual	57
WMB:CS20230722_SUPT_0705	owl:NamedIndividual	57
WMB:CS20230722_SUPT_1127	owl:NamedIndividual	56
WMB:CS20230722_SUPT_0934	owl:NamedIndividual	56
WMB:CS20230722_SUPT_0782	owl:NamedIndividual	56
WMB:CS20230722_SUPT_0635	owl:NamedIndividual	55
WMB:CS20230722_SUPT_0716	owl:NamedIndividual	55
WMB:CS20230722_SUPT_0256	owl:NamedIndividual	54
WMB:CS20230722_SUPT_0990	owl:NamedIndividual	53
WMB:CS20230722_SUPT_0428	owl:NamedIndividual	52
WMB:CS20230722_SUPT_0498	owl:NamedIndividual	52
WMB:CS20230722_SUPT_1065	owl:NamedIndividual	51
WMB:CS20230722_SUPT_1106	owl:NamedIndividual	49
WMB:CS20230722_SUPT_0441	owl:NamedIndividual	49
WMB:CS20230722_SUPT_1004	owl:NamedIndividual	49
WMB:CS20230722_SUPT_0243	owl:NamedIndividual	47
WMB:CS20230722_SUPT_0684	owl:NamedIndividual	47
WMB:CS20230722_SUPT_1068	owl:NamedIndividual	47
WMB:CS20230722_SUPT_0937	owl:NamedIndividual	46
WMB:CS20230722_SUPT_0896	owl:NamedIndividual	45
WMB:CS20230722_SUPT_0619	owl:NamedIndividual	44
WMB:CS20230722_SUPT_1059	owl:NamedIndividual	44
WMB:CS20230722_SUPT_1025	owl:NamedIndividual	42
WMB:CS20230722_SUPT_1105	owl:NamedIndividual	40
WMB:CS20230722_SUPT_0971	owl:NamedIndividual	40
WMB:CS20230722_SUPT_0924	owl:NamedIndividual	39
WMB:CS20230722_SUPT_0696	owl:NamedIndividual	38
WMB:CS20230722_SUPT_0797	owl:NamedIndividual	37
WMB:CS20230722_SUPT_1064	owl:NamedIndividual	37
WMB:CS20230722_SUPT_0671	owl:NamedIndividual	35
WMB:CS20230722_SUPT_0995	owl:NamedIndividual	35
WMB:CS20230722_SUPT_0596	owl:NamedIndividual	34
WMB:CS20230722_SUPT_0983	owl:NamedIndividual	33
WMB:CS20230722_SUPT_0617	owl:NamedIndividual	33
WMB:CS20230722_SUPT_0679	owl:NamedIndividual	32
WMB:CS20230722_SUPT_1196	owl:NamedIndividual	32
WMB:CS20230722_SUPT_1117	owl:NamedIndividual	31
WMB:CS20230722_SUPT_0728	owl:NamedIndividual	29
WMB:CS20230722_SUPT_0996	owl:NamedIndividual	29
WMB:CS20230722_SUPT_0559	owl:NamedIndividual	28
WMB:CS20230722_SUPT_1200	owl:NamedIndividual	28
WMB:CS20230722_SUPT_0334	owl:NamedIndividual	27
WMB:CS20230722_SUPT_1054	owl:NamedIndividual	27
WMB:CS20230722_SUPT_0994	owl:NamedIndividual	26
WMB:CS20230722_SUPT_1088	owl:NamedIndividual	25
WMB:CS20230722_SUPT_0680	owl:NamedIndividual	25
WMB:CS20230722_SUPT_1124	owl:NamedIndividual	23
WMB:CS20230722_SUPT_1018	owl:NamedIndividual	21
WMB:CS20230722_SUPT_1030	owl:NamedIndividual	21
WMB:CS20230722_SUPT_1020	owl:NamedIndividual	21
WMB:CS20230722_SUPT_1140	owl:NamedIndividual	20
WMB:CS20230722_SUPT_1112	owl:NamedIndividual	17
WMB:CS20230722_SUPT_0692	owl:NamedIndividual	16
WMB:CS20230722_SUPT_0706	owl:NamedIndividual	16
WMB:CS20230722_SUPT_1024	owl:NamedIndividual	15
WMB:CS20230722_SUPT_0401	owl:NamedIndividual	14
WMB:CS20230722_SUPT_1046	owl:NamedIndividual	13
WMB:CS20230722_SUPT_1103	owl:NamedIndividual	12
WMB:CS20230722_SUPT_0970	owl:NamedIndividual	12
WMB:CS20230722_SUPT_0012	owl:NamedIndividual	10
WMB:CS20230722_SUPT_0991	owl:NamedIndividual	9
WMB:CS20230722_SUPT_1021	owl:NamedIndividual	8
WMB:CS20230722_SUPT_1009	owl:NamedIndividual	6
WMB:CS20230722_SUPT_0171	owl:NamedIndividual	5
WMB:CS20230722_SUPT_1199	owl:NamedIndividual	4
WMB:CS20230722_SUPT_1022	owl:NamedIndividual	4
WMB:CS20230722_SUPT_1008	owl:NamedIndividual	3
WMB:CS20230722_SUPT_1002	owl:NamedIndividual	2
WMB:CS20230722_SUPT_0986	owl:NamedIndividual	2
WMB:CS20230722_CLUS_5310	owl:NamedIndividual	196820
WMB:CS20230722_CLUS_5201	owl:NamedIndividual	170315
WMB:CS20230722_CLUS_5284	owl:NamedIndividual	138577
WMB:CS20230722_CLUS_5224	owl:NamedIndividual	88638
WMB:CS20230722_CLUS_5225	owl:NamedIndividual	71560
WMB:CS20230722_CLUS_0109	owl:NamedIndividual	69961
WMB:CS20230722_CLUS_5188	owl:NamedIndividual	66439
WMB:CS20230722_CLUS_5271	owl:NamedIndividual	51715
WMB:CS20230722_CLUS_5304	owl:NamedIndividual	45728
WMB:CS20230722_CLUS_5309	owl:NamedIndividual	45526
WMB:CS20230722_CLUS_5286	owl:NamedIndividual	40651
WMB:CS20230722_CLUS_0982	owl:NamedIndividual	39601
WMB:CS20230722_CLUS_0950	owl:NamedIndividual	33587
WMB:CS20230722_CLUS_5216	owl:NamedIndividual	33004
WMB:CS20230722_CLUS_0082	owl:NamedIndividual	31925
WMB:CS20230722_CLUS_0079	owl:NamedIndividual	29867
WMB:CS20230722_CLUS_5206	owl:NamedIndividual	29613
WMB:CS20230722_CLUS_0981	owl:NamedIndividual	22187
WMB:CS20230722_CLUS_5287	owl:NamedIndividual	21705
WMB:CS20230722_CLUS_0439	owl:NamedIndividual	21432
WMB:CS20230722_CLUS_5311	owl:NamedIndividual	20864
WMB:CS20230722_CLUS_5210	owl:NamedIndividual	19164
WMB:CS20230722_CLUS_5299	owl:NamedIndividual	19075
WMB:CS20230722_CLUS_0443	owl:NamedIndividual	17375
WMB:CS20230722_CLUS_5296	owl:NamedIndividual	16450
WMB:CS20230722_CLUS_0954	owl:NamedIndividual	16252
WMB:CS20230722_CLUS_0436	owl:NamedIndividual	16039
WMB:CS20230722_CLUS_0118	owl:NamedIndividual	15246
WMB:CS20230722_CLUS_0951	owl:NamedIndividual	14511
WMB:CS20230722_CLUS_5308	owl:NamedIndividual	14069
WMB:CS20230722_CLUS_5227	owl:NamedIndividual	13431
WMB:CS20230722_CLUS_0442	owl:NamedIndividual	12661
WMB:CS20230722_CLUS_0100	owl:NamedIndividual	12213
WMB:CS20230722_CLUS_0507	owl:NamedIndividual	12208
WMB:CS20230722_CLUS_4199	owl:NamedIndividual	11916
WMB:CS20230722_CLUS_5256	owl:NamedIndividual	11731
WMB:CS20230722_CLUS_2648	owl:NamedIndividual	11130
WMB:CS20230722_CLUS_5217	owl:NamedIndividual	11098
WMB:CS20230722_CLUS_5301	owl:NamedIndividual	11006
WMB:CS20230722_CLUS_5212	owl:NamedIndividual	10849
WMB:CS20230722_CLUS_5195	owl:NamedIndividual	10338
WMB:CS20230722_CLUS_0444	owl:NamedIndividual	10213
WMB:CS20230722_CLUS_0959	owl:NamedIndividual	10127
WMB:CS20230722_CLUS_5297	owl:NamedIndividual	10077
WMB:CS20230722_CLUS_0039	owl:NamedIndividual	9620
WMB:CS20230722_CLUS_0061	owl:NamedIndividual	9573
WMB:CS20230722_CLUS_5258	owl:NamedIndividual	9571
WMB:CS20230722_CLUS_0510	owl:NamedIndividual	9122
WMB:CS20230722_CLUS_0364	owl:NamedIndividual	9092
WMB:CS20230722_CLUS_0455	owl:NamedIndividual	9061
WMB:CS20230722_CLUS_5269	owl:NamedIndividual	8936
WMB:CS20230722_CLUS_0740	owl:NamedIndividual	8753
WMB:CS20230722_CLUS_5295	owl:NamedIndividual	8672
WMB:CS20230722_CLUS_5307	owl:NamedIndividual	8532
WMB:CS20230722_CLUS_0975	owl:NamedIndividual	8323
WMB:CS20230722_CLUS_0743	owl:NamedIndividual	8321
WMB:CS20230722_CLUS_5298	owl:NamedIndividual	8000
WMB:CS20230722_CLUS_0505	owl:NamedIndividual	7874
WMB:CS20230722_CLUS_0184	owl:NamedIndividual	7859
WMB:CS20230722_CLUS_3306	owl:NamedIndividual	7820
WMB:CS20230722_CLUS_0043	owl:NamedIndividual	7622
WMB:CS20230722_CLUS_0976	owl:NamedIndividual	7573
WMB:CS20230722_CLUS_0343	owl:NamedIndividual	7207
WMB:CS20230722_CLUS_5197	owl:NamedIndividual	7132
WMB:CS20230722_CLUS_5190	owl:NamedIndividual	7040
WMB:CS20230722_CLUS_0117	owl:NamedIndividual	6713
WMB:CS20230722_CLUS_3284	owl:NamedIndividual	6608
WMB:CS20230722_CLUS_0547	owl:NamedIndividual	6540
WMB:CS20230722_CLUS_0958	owl:NamedIndividual	6522
WMB:CS20230722_CLUS_0042	owl:NamedIndividual	6353
WMB:CS20230722_CLUS_0150	owl:NamedIndividual	6272
WMB:CS20230722_CLUS_0040	owl:NamedIndividual	6241
WMB:CS20230722_CLUS_2649	owl:NamedIndividual	6234
WMB:CS20230722_CLUS_0041	owl:NamedIndividual	6077
WMB:CS20230722_CLUS_0130	owl:NamedIndividual	5898
WMB:CS20230722_CLUS_0110	owl:NamedIndividual	5891
WMB:CS20230722_CLUS_0953	owl:NamedIndividual	5872
WMB:CS20230722_CLUS_0004	owl:NamedIndividual	5722
WMB:CS20230722_CLUS_0961	owl:NamedIndividual	5670
WMB:CS20230722_CLUS_0437	owl:NamedIndividual	5613
WMB:CS20230722_CLUS_0060	owl:NamedIndividual	5585
WMB:CS20230722_CLUS_5294	owl:NamedIndividual	5518
WMB:CS20230722_CLUS_0262	owl:NamedIndividual	5388
WMB:CS20230722_CLUS_0709	owl:NamedIndividual	5337
WMB:CS20230722_CLUS_0105	owl:NamedIndividual	5192
WMB:CS20230722_CLUS_0096	owl:NamedIndividual	5178
WMB:CS20230722_CLUS_0116	owl:NamedIndividual	5173
WMB:CS20230722_CLUS_0070	owl:NamedIndividual	5117
WMB:CS20230722_CLUS_0156	owl:NamedIndividual	5031
WMB:CS20230722_CLUS_0754	owl:NamedIndividual	4981
WMB:CS20230722_CLUS_0335	owl:NamedIndividual	4976
WMB:CS20230722_CLUS_0742	owl:NamedIndividual	4902
WMB:CS20230722_CLUS_5293	owl:NamedIndividual	4891
WMB:CS20230722_CLUS_0081	owl:NamedIndividual	4868
WMB:CS20230722_CLUS_5196	owl:NamedIndividual	4785
WMB:CS20230722_CLUS_0939	owl:NamedIndividual	4784
WMB:CS20230722_CLUS_0977	owl:NamedIndividual	4544
WMB:CS20230722_CLUS_5200	owl:NamedIndividual	4542
WMB:CS20230722_CLUS_0063	owl:NamedIndividual	4518
WMB:CS20230722_CLUS_0097	owl:NamedIndividual	4508
WMB:CS20230722_CLUS_0342	owl:NamedIndividual	4438
WMB:CS20230722_CLUS_0979	owl:NamedIndividual	4431
WMB:CS20230722_CLUS_5290	owl:NamedIndividual	4398
WMB:CS20230722_CLUS_0263	owl:NamedIndividual	4302
WMB:CS20230722_CLUS_0023	owl:NamedIndividual	4289
WMB:CS20230722_CLUS_0707	owl:NamedIndividual	4247
WMB:CS20230722_CLUS_0054	owl:NamedIndividual	4182
WMB:CS20230722_CLUS_5306	owl:NamedIndividual	4098
WMB:CS20230722_CLUS_0942	owl:NamedIndividual	4096
WMB:CS20230722_CLUS_0421	owl:NamedIndividual	4072
WMB:CS20230722_CLUS_0425	owl:NamedIndividual	4035
WMB:CS20230722_CLUS_5283	owl:NamedIndividual	4034
WMB:CS20230722_CLUS_5300	owl:NamedIndividual	4028
WMB:CS20230722_CLUS_0069	owl:NamedIndividual	4016
WMB:CS20230722_CLUS_0445	owl:NamedIndividual	3996
WMB:CS20230722_CLUS_0091	owl:NamedIndividual	3969
WMB:CS20230722_CLUS_0092	owl:NamedIndividual	3967
WMB:CS20230722_CLUS_0132	owl:NamedIndividual	3965
WMB:CS20230722_CLUS_0072	owl:NamedIndividual	3915
WMB:CS20230722_CLUS_0536	owl:NamedIndividual	3890
WMB:CS20230722_CLUS_0095	owl:NamedIndividual	3875
WMB:CS20230722_CLUS_0540	owl:NamedIndividual	3762
WMB:CS20230722_CLUS_5288	owl:NamedIndividual	3689
WMB:CS20230722_CLUS_0003	owl:NamedIndividual	3635
WMB:CS20230722_CLUS_1604	owl:NamedIndividual	3604
WMB:CS20230722_CLUS_0058	owl:NamedIndividual	3588
WMB:CS20230722_CLUS_0429	owl:NamedIndividual	3569
WMB:CS20230722_CLUS_0071	owl:NamedIndividual	3536
WMB:CS20230722_CLUS_0146	owl:NamedIndividual	3536
WMB:CS20230722_CLUS_0980	owl:NamedIndividual	3512
WMB:CS20230722_CLUS_0026	owl:NamedIndividual	3461
WMB:CS20230722_CLUS_5253	owl:NamedIndividual	3436
WMB:CS20230722_CLUS_5207	owl:NamedIndividual	3391
WMB:CS20230722_CLUS_0948	owl:NamedIndividual	3364
WMB:CS20230722_CLUS_0360	owl:NamedIndividual	3342
WMB:CS20230722_CLUS_0468	owl:NamedIndividual	3264
WMB:CS20230722_CLUS_5274	owl:NamedIndividual	3256
WMB:CS20230722_CLUS_0351	owl:NamedIndividual	3179
WMB:CS20230722_CLUS_0144	owl:NamedIndividual	3135
WMB:CS20230722_CLUS_3464	owl:NamedIndividual	3109
WMB:CS20230722_CLUS_0138	owl:NamedIndividual	3106
WMB:CS20230722_CLUS_0964	owl:NamedIndividual	3078
WMB:CS20230722_CLUS_0943	owl:NamedIndividual	3074
WMB:CS20230722_CLUS_0088	owl:NamedIndividual	3071
WMB:CS20230722_CLUS_0356	owl:NamedIndividual	3060
WMB:CS20230722_CLUS_0941	owl:NamedIndividual	3012
WMB:CS20230722_CLUS_0315	owl:NamedIndividual	2992
WMB:CS20230722_CLUS_0612	owl:NamedIndividual	2957
WMB:CS20230722_CLUS_0170	owl:NamedIndividual	2945
WMB:CS20230722_CLUS_0412	owl:NamedIndividual	2902
WMB:CS20230722_CLUS_0548	owl:NamedIndividual	2862
WMB:CS20230722_CLUS_0970	owl:NamedIndividual	2824
WMB:CS20230722_CLUS_0139	owl:NamedIndividual	2815
WMB:CS20230722_CLUS_0160	owl:NamedIndividual	2783
WMB:CS20230722_CLUS_0085	owl:NamedIndividual	2737
WMB:CS20230722_CLUS_5233	owl:NamedIndividual	2726
WMB:CS20230722_CLUS_0147	owl:NamedIndividual	2724
WMB:CS20230722_CLUS_0609	owl:NamedIndividual	2673
WMB:CS20230722_CLUS_0163	owl:NamedIndividual	2668
WMB:CS20230722_CLUS_4148	owl:NamedIndividual	2643
WMB:CS20230722_CLUS_1010	owl:NamedIndividual	2626
WMB:CS20230722_CLUS_0464	owl:NamedIndividual	2622
WMB:CS20230722_CLUS_0973	owl:NamedIndividual	2621
WMB:CS20230722_CLUS_5239	owl:NamedIndividual	2607
WMB:CS20230722_CLUS_0309	owl:NamedIndividual	2598
WMB:CS20230722_CLUS_0215	owl:NamedIndividual	2591
WMB:CS20230722_CLUS_0080	owl:NamedIndividual	2549
WMB:CS20230722_CLUS_0960	owl:NamedIndividual	2549
WMB:CS20230722_CLUS_5291	owl:NamedIndividual	2538
WMB:CS20230722_CLUS_0748	owl:NamedIndividual	2527
WMB:CS20230722_CLUS_5194	owl:NamedIndividual	2513
WMB:CS20230722_CLUS_0985	owl:NamedIndividual	2501
WMB:CS20230722_CLUS_0084	owl:NamedIndividual	2470
WMB:CS20230722_CLUS_0171	owl:NamedIndividual	2458
WMB:CS20230722_CLUS_3470	owl:NamedIndividual	2454
WMB:CS20230722_CLUS_0997	owl:NamedIndividual	2449
WMB:CS20230722_CLUS_0803	owl:NamedIndividual	2443
WMB:CS20230722_CLUS_0154	owl:NamedIndividual	2441
WMB:CS20230722_CLUS_0074	owl:NamedIndividual	2416
WMB:CS20230722_CLUS_0494	owl:NamedIndividual	2407
WMB:CS20230722_CLUS_0113	owl:NamedIndividual	2400
WMB:CS20230722_CLUS_0067	owl:NamedIndividual	2385
WMB:CS20230722_CLUS_0544	owl:NamedIndividual	2373
WMB:CS20230722_CLUS_4399	owl:NamedIndividual	2372
WMB:CS20230722_CLUS_1990	owl:NamedIndividual	2339
WMB:CS20230722_CLUS_0503	owl:NamedIndividual	2338
WMB:CS20230722_CLUS_0090	owl:NamedIndividual	2320
WMB:CS20230722_CLUS_5191	owl:NamedIndividual	2318
WMB:CS20230722_CLUS_0145	owl:NamedIndividual	2297
WMB:CS20230722_CLUS_0112	owl:NamedIndividual	2296
WMB:CS20230722_CLUS_2678	owl:NamedIndividual	2283
WMB:CS20230722_CLUS_0426	owl:NamedIndividual	2264
WMB:CS20230722_CLUS_0094	owl:NamedIndividual	2245
WMB:CS20230722_CLUS_0152	owl:NamedIndividual	2220
WMB:CS20230722_CLUS_0571	owl:NamedIndividual	2213
WMB:CS20230722_CLUS_4402	owl:NamedIndividual	2205
WMB:CS20230722_CLUS_1003	owl:NamedIndividual	2145
WMB:CS20230722_CLUS_0056	owl:NamedIndividual	2130
WMB:CS20230722_CLUS_0046	owl:NamedIndividual	2128
WMB:CS20230722_CLUS_4914	owl:NamedIndividual	2090
WMB:CS20230722_CLUS_0348	owl:NamedIndividual	2069
WMB:CS20230722_CLUS_5178	owl:NamedIndividual	2057
WMB:CS20230722_CLUS_0068	owl:NamedIndividual	2050
WMB:CS20230722_CLUS_0533	owl:NamedIndividual	2048
WMB:CS20230722_CLUS_0314	owl:NamedIndividual	2041
WMB:CS20230722_CLUS_5228	owl:NamedIndividual	2040
WMB:CS20230722_CLUS_0569	owl:NamedIndividual	2037
WMB:CS20230722_CLUS_0535	owl:NamedIndividual	2025
WMB:CS20230722_CLUS_0836	owl:NamedIndividual	2024
WMB:CS20230722_CLUS_0991	owl:NamedIndividual	2024
WMB:CS20230722_CLUS_0037	owl:NamedIndividual	2017
WMB:CS20230722_CLUS_0047	owl:NamedIndividual	2008
WMB:CS20230722_CLUS_0045	owl:NamedIndividual	1992
WMB:CS20230722_CLUS_0572	owl:NamedIndividual	1989
WMB:CS20230722_CLUS_0792	owl:NamedIndividual	1962
WMB:CS20230722_CLUS_0001	owl:NamedIndividual	1950
WMB:CS20230722_CLUS_0183	owl:NamedIndividual	1938
WMB:CS20230722_CLUS_2650	owl:NamedIndividual	1922
WMB:CS20230722_CLUS_0359	owl:NamedIndividual	1895
WMB:CS20230722_CLUS_0741	owl:NamedIndividual	1889
WMB:CS20230722_CLUS_0422	owl:NamedIndividual	1882
WMB:CS20230722_CLUS_0410	owl:NamedIndividual	1878
WMB:CS20230722_CLUS_4557	owl:NamedIndividual	1868
WMB:CS20230722_CLUS_0381	owl:NamedIndividual	1858
WMB:CS20230722_CLUS_1009	owl:NamedIndividual	1846
WMB:CS20230722_CLUS_1000	owl:NamedIndividual	1845
WMB:CS20230722_CLUS_0780	owl:NamedIndividual	1818
WMB:CS20230722_CLUS_3282	owl:NamedIndividual	1817
WMB:CS20230722_CLUS_0098	owl:NamedIndividual	1817
WMB:CS20230722_CLUS_5281	owl:NamedIndividual	1803
WMB:CS20230722_CLUS_4663	owl:NamedIndividual	1784
WMB:CS20230722_CLUS_0733	owl:NamedIndividual	1772
WMB:CS20230722_CLUS_0537	owl:NamedIndividual	1749
WMB:CS20230722_CLUS_0497	owl:NamedIndividual	1747
WMB:CS20230722_CLUS_0052	owl:NamedIndividual	1733
WMB:CS20230722_CLUS_0012	owl:NamedIndividual	1722
WMB:CS20230722_CLUS_0345	owl:NamedIndividual	1720
WMB:CS20230722_CLUS_0474	owl:NamedIndividual	1719
WMB:CS20230722_CLUS_0440	owl:NamedIndividual	1714
WMB:CS20230722_CLUS_5314	owl:NamedIndividual	1703
WMB:CS20230722_CLUS_0506	owl:NamedIndividual	1699
WMB:CS20230722_CLUS_0542	owl:NamedIndividual	1699
WMB:CS20230722_CLUS_5302	owl:NamedIndividual	1696
WMB:CS20230722_CLUS_5198	owl:NamedIndividual	1683
WMB:CS20230722_CLUS_0087	owl:NamedIndividual	1682
WMB:CS20230722_CLUS_0543	owl:NamedIndividual	1679
WMB:CS20230722_CLUS_0519	owl:NamedIndividual	1676
WMB:CS20230722_CLUS_0645	owl:NamedIndividual	1675
WMB:CS20230722_CLUS_0983	owl:NamedIndividual	1669
WMB:CS20230722_CLUS_0217	owl:NamedIndividual	1658
WMB:CS20230722_CLUS_0077	owl:NamedIndividual	1658
WMB:CS20230722_CLUS_0556	owl:NamedIndividual	1652
WMB:CS20230722_CLUS_3286	owl:NamedIndividual	1650
WMB:CS20230722_CLUS_0708	owl:NamedIndividual	1642
WMB:CS20230722_CLUS_2663	owl:NamedIndividual	1636
WMB:CS20230722_CLUS_0795	owl:NamedIndividual	1631
WMB:CS20230722_CLUS_4198	owl:NamedIndividual	1630
WMB:CS20230722_CLUS_2683	owl:NamedIndividual	1613
WMB:CS20230722_CLUS_0078	owl:NamedIndividual	1610
WMB:CS20230722_CLUS_0158	owl:NamedIndividual	1604
WMB:CS20230722_CLUS_0466	owl:NamedIndividual	1574
WMB:CS20230722_CLUS_0465	owl:NamedIndividual	1572
WMB:CS20230722_CLUS_0114	owl:NamedIndividual	1564
WMB:CS20230722_CLUS_0339	owl:NamedIndividual	1555
WMB:CS20230722_CLUS_0366	owl:NamedIndividual	1550
WMB:CS20230722_CLUS_0111	owl:NamedIndividual	1543
WMB:CS20230722_CLUS_0751	owl:NamedIndividual	1541
WMB:CS20230722_CLUS_0470	owl:NamedIndividual	1525
WMB:CS20230722_CLUS_0101	owl:NamedIndividual	1523
WMB:CS20230722_CLUS_5237	owl:NamedIndividual	1513
WMB:CS20230722_CLUS_0165	owl:NamedIndividual	1496
WMB:CS20230722_CLUS_0541	owl:NamedIndividual	1492
WMB:CS20230722_CLUS_0191	owl:NamedIndividual	1491
WMB:CS20230722_CLUS_0747	owl:NamedIndividual	1487
WMB:CS20230722_CLUS_0104	owl:NamedIndividual	1482
WMB:CS20230722_CLUS_0452	owl:NamedIndividual	1479
WMB:CS20230722_CLUS_0469	owl:NamedIndividual	1477
WMB:CS20230722_CLUS_0030	owl:NamedIndividual	1476
WMB:CS20230722_CLUS_0086	owl:NamedIndividual	1475
WMB:CS20230722_CLUS_0187	owl:NamedIndividual	1464
WMB:CS20230722_CLUS_0458	owl:NamedIndividual	1463
WMB:CS20230722_CLUS_0286	owl:NamedIndividual	1457
WMB:CS20230722_CLUS_0454	owl:NamedIndividual	1456
WMB:CS20230722_CLUS_2006	owl:NamedIndividual	1431
WMB:CS20230722_CLUS_0219	owl:NamedIndividual	1422
WMB:CS20230722_CLUS_0119	owl:NamedIndividual	1416
WMB:CS20230722_CLUS_0066	owl:NamedIndividual	1413
WMB:CS20230722_CLUS_0534	owl:NamedIndividual	1412
WMB:CS20230722_CLUS_5232	owl:NamedIndividual	1411
WMB:CS20230722_CLUS_4806	owl:NamedIndividual	1399
WMB:CS20230722_CLUS_0600	owl:NamedIndividual	1389
WMB:CS20230722_CLUS_0007	owl:NamedIndividual	1379
WMB:CS20230722_CLUS_0642	owl:NamedIndividual	1378
WMB:CS20230722_CLUS_2658	owl:NamedIndividual	1373
WMB:CS20230722_CLUS_0005	owl:NamedIndividual	1373
WMB:CS20230722_CLUS_0430	owl:NamedIndividual	1366
WMB:CS20230722_CLUS_0178	owl:NamedIndividual	1365
WMB:CS20230722_CLUS_5176	owl:NamedIndividual	1359
WMB:CS20230722_CLUS_0330	owl:NamedIndividual	1350
WMB:CS20230722_CLUS_0106	owl:NamedIndividual	1350
WMB:CS20230722_CLUS_0486	owl:NamedIndividual	1343
WMB:CS20230722_CLUS_4864	owl:NamedIndividual	1339
WMB:CS20230722_CLUS_0148	owl:NamedIndividual	1321
WMB:CS20230722_CLUS_0737	owl:NamedIndividual	1312
WMB:CS20230722_CLUS_0892	owl:NamedIndividual	1300
WMB:CS20230722_CLUS_0355	owl:NamedIndividual	1299
WMB:CS20230722_CLUS_0167	owl:NamedIndividual	1273
WMB:CS20230722_CLUS_3308	owl:NamedIndividual	1267
WMB:CS20230722_CLUS_0338	owl:NamedIndividual	1265
WMB:CS20230722_CLUS_0996	owl:NamedIndividual	1256
WMB:CS20230722_CLUS_2310	owl:NamedIndividual	1254
WMB:CS20230722_CLUS_2664	owl:NamedIndividual	1247
WMB:CS20230722_CLUS_5186	owl:NamedIndividual	1235
WMB:CS20230722_CLUS_5177	owl:NamedIndividual	1234
WMB:CS20230722_CLUS_5211	owl:NamedIndividual	1232
WMB:CS20230722_CLUS_0093	owl:NamedIndividual	1229
WMB:CS20230722_CLUS_0297	owl:NamedIndividual	1226
WMB:CS20230722_CLUS_0375	owl:NamedIndividual	1224
WMB:CS20230722_CLUS_0473	owl:NamedIndividual	1218
WMB:CS20230722_CLUS_0431	owl:NamedIndividual	1217
WMB:CS20230722_CLUS_0038	owl:NamedIndividual	1213
WMB:CS20230722_CLUS_2687	owl:NamedIndividual	1212
WMB:CS20230722_CLUS_0064	owl:NamedIndividual	1208
WMB:CS20230722_CLUS_4854	owl:NamedIndividual	1201
WMB:CS20230722_CLUS_0386	owl:NamedIndividual	1200
WMB:CS20230722_CLUS_5257	owl:NamedIndividual	1187
WMB:CS20230722_CLUS_0141	owl:NamedIndividual	1186
WMB:CS20230722_CLUS_0272	owl:NamedIndividual	1183
WMB:CS20230722_CLUS_0048	owl:NamedIndividual	1182
WMB:CS20230722_CLUS_0002	owl:NamedIndividual	1179
WMB:CS20230722_CLUS_5162	owl:NamedIndividual	1177
WMB:CS20230722_CLUS_0394	owl:NamedIndividual	1172
WMB:CS20230722_CLUS_0933	owl:NamedIndividual	1170
WMB:CS20230722_CLUS_0710	owl:NamedIndividual	1169
WMB:CS20230722_CLUS_4812	owl:NamedIndividual	1164
WMB:CS20230722_CLUS_0586	owl:NamedIndividual	1161
WMB:CS20230722_CLUS_0450	owl:NamedIndividual	1153
WMB:CS20230722_CLUS_0149	owl:NamedIndividual	1151
WMB:CS20230722_CLUS_0529	owl:NamedIndividual	1128
WMB:CS20230722_CLUS_0157	owl:NamedIndividual	1126
WMB:CS20230722_CLUS_0859	owl:NamedIndividual	1123
WMB:CS20230722_CLUS_0134	owl:NamedIndividual	1123
WMB:CS20230722_CLUS_3287	owl:NamedIndividual	1115
WMB:CS20230722_CLUS_0334	owl:NamedIndividual	1109
WMB:CS20230722_CLUS_0399	owl:NamedIndividual	1096
WMB:CS20230722_CLUS_0744	owl:NamedIndividual	1088
WMB:CS20230722_CLUS_2662	owl:NamedIndividual	1087
WMB:CS20230722_CLUS_0736	owl:NamedIndividual	1086
WMB:CS20230722_CLUS_0267	owl:NamedIndividual	1072
WMB:CS20230722_CLUS_3300	owl:NamedIndividual	1071
WMB:CS20230722_CLUS_4521	owl:NamedIndividual	1065
WMB:CS20230722_CLUS_0059	owl:NamedIndividual	1064
WMB:CS20230722_CLUS_0724	owl:NamedIndividual	1061
WMB:CS20230722_CLUS_0738	owl:NamedIndividual	1058
WMB:CS20230722_CLUS_0988	owl:NamedIndividual	1054
WMB:CS20230722_CLUS_0135	owl:NamedIndividual	1054
WMB:CS20230722_CLUS_0008	owl:NamedIndividual	1050
WMB:CS20230722_CLUS_0034	owl:NamedIndividual	1043
WMB:CS20230722_CLUS_0180	owl:NamedIndividual	1040
WMB:CS20230722_CLUS_0220	owl:NamedIndividual	1038
WMB:CS20230722_CLUS_0062	owl:NamedIndividual	1038
WMB:CS20230722_CLUS_0793	owl:NamedIndividual	1034
WMB:CS20230722_CLUS_0526	owl:NamedIndividual	1031
WMB:CS20230722_CLUS_4561	owl:NamedIndividual	1031
WMB:CS20230722_CLUS_0530	owl:NamedIndividual	1023
WMB:CS20230722_CLUS_0491	owl:NamedIndividual	1022
WMB:CS20230722_CLUS_0177	owl:NamedIndividual	1021
WMB:CS20230722_CLUS_0957	owl:NamedIndividual	1018
WMB:CS20230722_CLUS_0388	owl:NamedIndividual	1013
WMB:CS20230722_CLUS_0073	owl:NamedIndividual	1010
WMB:CS20230722_CLUS_0584	owl:NamedIndividual	1006
WMB:CS20230722_CLUS_1007	owl:NamedIndividual	1000
WMB:CS20230722_CLUS_0027	owl:NamedIndividual	997
WMB:CS20230722_CLUS_2574	owl:NamedIndividual	993
WMB:CS20230722_CLUS_1011	owl:NamedIndividual	991
WMB:CS20230722_CLUS_2039	owl:NamedIndividual	989
WMB:CS20230722_CLUS_0162	owl:NamedIndividual	980
WMB:CS20230722_CLUS_0598	owl:NamedIndividual	976
WMB:CS20230722_CLUS_1005	owl:NamedIndividual	972
WMB:CS20230722_CLUS_0432	owl:NamedIndividual	971
WMB:CS20230722_CLUS_3854	owl:NamedIndividual	970
WMB:CS20230722_CLUS_3438	owl:NamedIndividual	970
WMB:CS20230722_CLUS_0413	owl:NamedIndividual	968
WMB:CS20230722_CLUS_3304	owl:NamedIndividual	968
WMB:CS20230722_CLUS_0140	owl:NamedIndividual	959
WMB:CS20230722_CLUS_0155	owl:NamedIndividual	959
WMB:CS20230722_CLUS_0099	owl:NamedIndividual	958
WMB:CS20230722_CLUS_0477	owl:NamedIndividual	953
WMB:CS20230722_CLUS_3743	owl:NamedIndividual	951
WMB:CS20230722_CLUS_0337	owl:NamedIndividual	949
WMB:CS20230722_CLUS_3469	owl:NamedIndividual	948
WMB:CS20230722_CLUS_0574	owl:NamedIndividual	947
WMB:CS20230722_CLUS_0231	owl:NamedIndividual	946
WMB:CS20230722_CLUS_0433	owl:NamedIndividual	933
WMB:CS20230722_CLUS_0384	owl:NamedIndividual	932
WMB:CS20230722_CLUS_4404	owl:NamedIndividual	931
WMB:CS20230722_CLUS_0972	owl:NamedIndividual	927
WMB:CS20230722_CLUS_0354	owl:NamedIndividual	924
WMB:CS20230722_CLUS_0797	owl:NamedIndividual	923
WMB:CS20230722_CLUS_0663	owl:NamedIndividual	921
WMB:CS20230722_CLUS_0009	owl:NamedIndividual	917
WMB:CS20230722_CLUS_5149	owl:NamedIndividual	915
WMB:CS20230722_CLUS_0169	owl:NamedIndividual	910
WMB:CS20230722_CLUS_0358	owl:NamedIndividual	910
WMB:CS20230722_CLUS_0726	owl:NamedIndividual	905
WMB:CS20230722_CLUS_0753	owl:NamedIndividual	905
WMB:CS20230722_CLUS_0044	owl:NamedIndividual	904
WMB:CS20230722_CLUS_2616	owl:NamedIndividual	901
WMB:CS20230722_CLUS_4863	owl:NamedIndividual	894
WMB:CS20230722_CLUS_0161	owl:NamedIndividual	893
WMB:CS20230722_CLUS_0175	owl:NamedIndividual	892
WMB:CS20230722_CLUS_0758	owl:NamedIndividual	889
WMB:CS20230722_CLUS_5260	owl:NamedIndividual	885
WMB:CS20230722_CLUS_2454	owl:NamedIndividual	885
WMB:CS20230722_CLUS_0127	owl:NamedIndividual	885
WMB:CS20230722_CLUS_2660	owl:NamedIndividual	882
WMB:CS20230722_CLUS_0377	owl:NamedIndividual	877
WMB:CS20230722_CLUS_0963	owl:NamedIndividual	876
WMB:CS20230722_CLUS_0568	owl:NamedIndividual	872
WMB:CS20230722_CLUS_0661	owl:NamedIndividual	871
WMB:CS20230722_CLUS_0287	owl:NamedIndividual	869
WMB:CS20230722_CLUS_2698	owl:NamedIndividual	868
WMB:CS20230722_CLUS_3289	owl:NamedIndividual	868
WMB:CS20230722_CLUS_0582	owl:NamedIndividual	865
WMB:CS20230722_CLUS_0849	owl:NamedIndividual	864
WMB:CS20230722_CLUS_0962	owl:NamedIndividual	862
WMB:CS20230722_CLUS_1739	owl:NamedIndividual	855
WMB:CS20230722_CLUS_0424	owl:NamedIndividual	853
WMB:CS20230722_CLUS_0779	owl:NamedIndividual	852
WMB:CS20230722_CLUS_0216	owl:NamedIndividual	851
WMB:CS20230722_CLUS_0185	owl:NamedIndividual	847
WMB:CS20230722_CLUS_0624	owl:NamedIndividual	846
WMB:CS20230722_CLUS_0718	owl:NamedIndividual	845
WMB:CS20230722_CLUS_0678	owl:NamedIndividual	844
WMB:CS20230722_CLUS_0734	owl:NamedIndividual	841
WMB:CS20230722_CLUS_0233	owl:NamedIndividual	840
WMB:CS20230722_CLUS_0818	owl:NamedIndividual	838
WMB:CS20230722_CLUS_0310	owl:NamedIndividual	836
WMB:CS20230722_CLUS_2000	owl:NamedIndividual	836
WMB:CS20230722_CLUS_0578	owl:NamedIndividual	831
WMB:CS20230722_CLUS_5204	owl:NamedIndividual	830
WMB:CS20230722_CLUS_5277	owl:NamedIndividual	825
WMB:CS20230722_CLUS_0990	owl:NamedIndividual	825
WMB:CS20230722_CLUS_0291	owl:NamedIndividual	822
WMB:CS20230722_CLUS_0245	owl:NamedIndividual	821
WMB:CS20230722_CLUS_2615	owl:NamedIndividual	821
WMB:CS20230722_CLUS_0427	owl:NamedIndividual	819
WMB:CS20230722_CLUS_4604	owl:NamedIndividual	819
WMB:CS20230722_CLUS_0481	owl:NamedIndividual	817
WMB:CS20230722_CLUS_2621	owl:NamedIndividual	810
WMB:CS20230722_CLUS_0172	owl:NamedIndividual	809
WMB:CS20230722_CLUS_0317	owl:NamedIndividual	808
WMB:CS20230722_CLUS_0546	owl:NamedIndividual	803
WMB:CS20230722_CLUS_0549	owl:NamedIndividual	800
WMB:CS20230722_CLUS_0992	owl:NamedIndividual	793
WMB:CS20230722_CLUS_0153	owl:NamedIndividual	792
WMB:CS20230722_CLUS_0237	owl:NamedIndividual	791
WMB:CS20230722_CLUS_4800	owl:NamedIndividual	790
WMB:CS20230722_CLUS_0946	owl:NamedIndividual	790
WMB:CS20230722_CLUS_0749	owl:NamedIndividual	788
WMB:CS20230722_CLUS_0597	owl:NamedIndividual	785
WMB:CS20230722_CLUS_1031	owl:NamedIndividual	784
WMB:CS20230722_CLUS_2723	owl:NamedIndividual	782
WMB:CS20230722_CLUS_0307	owl:NamedIndividual	781
WMB:CS20230722_CLUS_0182	owl:NamedIndividual	777
WMB:CS20230722_CLUS_2586	owl:NamedIndividual	777
WMB:CS20230722_CLUS_0594	owl:NamedIndividual	777
WMB:CS20230722_CLUS_0806	owl:NamedIndividual	776
WMB:CS20230722_CLUS_0390	owl:NamedIndividual	776
WMB:CS20230722_CLUS_0284	owl:NamedIndividual	771
WMB:CS20230722_CLUS_3305	owl:NamedIndividual	771
WMB:CS20230722_CLUS_0814	owl:NamedIndividual	769
WMB:CS20230722_CLUS_3482	owl:NamedIndividual	769
WMB:CS20230722_CLUS_0539	owl:NamedIndividual	768
WMB:CS20230722_CLUS_1152	owl:NamedIndividual	764
WMB:CS20230722_CLUS_5259	owl:NamedIndividual	763
WMB:CS20230722_CLUS_1384	owl:NamedIndividual	760
WMB:CS20230722_CLUS_0891	owl:NamedIndividual	760
WMB:CS20230722_CLUS_0482	owl:NamedIndividual	759
WMB:CS20230722_CLUS_0952	owl:NamedIndividual	758
WMB:CS20230722_CLUS_2003	owl:NamedIndividual	758
WMB:CS20230722_CLUS_0711	owl:NamedIndividual	755
WMB:CS20230722_CLUS_1601	owl:NamedIndividual	755
WMB:CS20230722_CLUS_0229	owl:NamedIndividual	751
WMB:CS20230722_CLUS_0213	owl:NamedIndividual	751
WMB:CS20230722_CLUS_2724	owl:NamedIndividual	749
WMB:CS20230722_CLUS_0361	owl:NamedIndividual	743
WMB:CS20230722_CLUS_0944	owl:NamedIndividual	737
WMB:CS20230722_CLUS_0987	owl:NamedIndividual	732
WMB:CS20230722_CLUS_4196	owl:NamedIndividual	732
WMB:CS20230722_CLUS_0350	owl:NamedIndividual	731
WMB:CS20230722_CLUS_4149	owl:NamedIndividual	730
WMB:CS20230722_CLUS_2665	owl:NamedIndividual	730
WMB:CS20230722_CLUS_3279	owl:NamedIndividual	724
WMB:CS20230722_CLUS_5238	owl:NamedIndividual	722
WMB:CS20230722_CLUS_0648	owl:NamedIndividual	719
WMB:CS20230722_CLUS_0159	owl:NamedIndividual	718
WMB:CS20230722_CLUS_3619	owl:NamedIndividual	715
WMB:CS20230722_CLUS_2614	owl:NamedIndividual	715
WMB:CS20230722_CLUS_0022	owl:NamedIndividual	714
WMB:CS20230722_CLUS_0122	owl:NamedIndividual	714
WMB:CS20230722_CLUS_0986	owl:NamedIndividual	711
WMB:CS20230722_CLUS_5000	owl:NamedIndividual	709
WMB:CS20230722_CLUS_0434	owl:NamedIndividual	708
WMB:CS20230722_CLUS_2651	owl:NamedIndividual	706
WMB:CS20230722_CLUS_0794	owl:NamedIndividual	703
WMB:CS20230722_CLUS_0341	owl:NamedIndividual	701
WMB:CS20230722_CLUS_0457	owl:NamedIndividual	700
WMB:CS20230722_CLUS_0352	owl:NamedIndividual	698
WMB:CS20230722_CLUS_2677	owl:NamedIndividual	698
WMB:CS20230722_CLUS_0408	owl:NamedIndividual	695
WMB:CS20230722_CLUS_0876	owl:NamedIndividual	695
WMB:CS20230722_CLUS_0244	owl:NamedIndividual	690
WMB:CS20230722_CLUS_0662	owl:NamedIndividual	688
WMB:CS20230722_CLUS_0852	owl:NamedIndividual	686
WMB:CS20230722_CLUS_0640	owl:NamedIndividual	686
WMB:CS20230722_CLUS_4603	owl:NamedIndividual	681
WMB:CS20230722_CLUS_0344	owl:NamedIndividual	678
WMB:CS20230722_CLUS_3208	owl:NamedIndividual	677
WMB:CS20230722_CLUS_0313	owl:NamedIndividual	676
WMB:CS20230722_CLUS_0274	owl:NamedIndividual	675
WMB:CS20230722_CLUS_0057	owl:NamedIndividual	675
WMB:CS20230722_CLUS_2674	owl:NamedIndividual	673
WMB:CS20230722_CLUS_0214	owl:NamedIndividual	673
WMB:CS20230722_CLUS_0193	owl:NamedIndividual	673
WMB:CS20230722_CLUS_0276	owl:NamedIndividual	672
WMB:CS20230722_CLUS_0363	owl:NamedIndividual	670
WMB:CS20230722_CLUS_5267	owl:NamedIndividual	669
WMB:CS20230722_CLUS_0006	owl:NamedIndividual	665
WMB:CS20230722_CLUS_0745	owl:NamedIndividual	664
WMB:CS20230722_CLUS_0021	owl:NamedIndividual	660
WMB:CS20230722_CLUS_0463	owl:NamedIndividual	660
WMB:CS20230722_CLUS_4401	owl:NamedIndividual	657
WMB:CS20230722_CLUS_0949	owl:NamedIndividual	655
WMB:CS20230722_CLUS_1425	owl:NamedIndividual	655
WMB:CS20230722_CLUS_0589	owl:NamedIndividual	654
WMB:CS20230722_CLUS_0713	owl:NamedIndividual	653
WMB:CS20230722_CLUS_1180	owl:NamedIndividual	653
WMB:CS20230722_CLUS_1375	owl:NamedIndividual	652
WMB:CS20230722_CLUS_0488	owl:NamedIndividual	652
WMB:CS20230722_CLUS_0567	owl:NamedIndividual	651
WMB:CS20230722_CLUS_1001	owl:NamedIndividual	650
WMB:CS20230722_CLUS_0811	owl:NamedIndividual	648
WMB:CS20230722_CLUS_3740	owl:NamedIndividual	645
WMB:CS20230722_CLUS_0115	owl:NamedIndividual	644
WMB:CS20230722_CLUS_0403	owl:NamedIndividual	644
WMB:CS20230722_CLUS_0735	owl:NamedIndividual	643
WMB:CS20230722_CLUS_1378	owl:NamedIndividual	641
WMB:CS20230722_CLUS_0800	owl:NamedIndividual	638
WMB:CS20230722_CLUS_0764	owl:NamedIndividual	637
WMB:CS20230722_CLUS_0336	owl:NamedIndividual	637
WMB:CS20230722_CLUS_0918	owl:NamedIndividual	636
WMB:CS20230722_CLUS_1344	owl:NamedIndividual	635
WMB:CS20230722_CLUS_3724	owl:NamedIndividual	635
WMB:CS20230722_CLUS_0628	owl:NamedIndividual	634
WMB:CS20230722_CLUS_0190	owl:NamedIndividual	634
WMB:CS20230722_CLUS_3756	owl:NamedIndividual	633
WMB:CS20230722_CLUS_0456	owl:NamedIndividual	632
WMB:CS20230722_CLUS_0308	owl:NamedIndividual	632
WMB:CS20230722_CLUS_0311	owl:NamedIndividual	631
WMB:CS20230722_CLUS_0777	owl:NamedIndividual	628
WMB:CS20230722_CLUS_3725	owl:NamedIndividual	627
WMB:CS20230722_CLUS_0415	owl:NamedIndividual	627
WMB:CS20230722_CLUS_5276	owl:NamedIndividual	626
WMB:CS20230722_CLUS_0798	owl:NamedIndividual	626
WMB:CS20230722_CLUS_3681	owl:NamedIndividual	625
WMB:CS20230722_CLUS_0195	owl:NamedIndividual	625
WMB:CS20230722_CLUS_0053	owl:NamedIndividual	623
WMB:CS20230722_CLUS_0179	owl:NamedIndividual	618
WMB:CS20230722_CLUS_0998	owl:NamedIndividual	615
WMB:CS20230722_CLUS_0269	owl:NamedIndividual	615
WMB:CS20230722_CLUS_0639	owl:NamedIndividual	614
WMB:CS20230722_CLUS_0719	owl:NamedIndividual	614
WMB:CS20230722_CLUS_4195	owl:NamedIndividual	610
WMB:CS20230722_CLUS_0419	owl:NamedIndividual	610
WMB:CS20230722_CLUS_0447	owl:NamedIndividual	609
WMB:CS20230722_CLUS_0531	owl:NamedIndividual	608
WMB:CS20230722_CLUS_2635	owl:NamedIndividual	606
WMB:CS20230722_CLUS_3316	owl:NamedIndividual	606
WMB:CS20230722_CLUS_0453	owl:NamedIndividual	606
WMB:CS20230722_CLUS_0401	owl:NamedIndividual	604
WMB:CS20230722_CLUS_0331	owl:NamedIndividual	603
WMB:CS20230722_CLUS_4811	owl:NamedIndividual	602
WMB:CS20230722_CLUS_0834	owl:NamedIndividual	602
WMB:CS20230722_CLUS_0376	owl:NamedIndividual	602
WMB:CS20230722_CLUS_0036	owl:NamedIndividual	601
WMB:CS20230722_CLUS_0017	owl:NamedIndividual	599
WMB:CS20230722_CLUS_0978	owl:NamedIndividual	597
WMB:CS20230722_CLUS_0558	owl:NamedIndividual	594
WMB:CS20230722_CLUS_0579	owl:NamedIndividual	593
WMB:CS20230722_CLUS_0189	owl:NamedIndividual	590
WMB:CS20230722_CLUS_0553	owl:NamedIndividual	589
WMB:CS20230722_CLUS_0459	owl:NamedIndividual	588
WMB:CS20230722_CLUS_0016	owl:NamedIndividual	588
WMB:CS20230722_CLUS_3370	owl:NamedIndividual	587
WMB:CS20230722_CLUS_0055	owl:NamedIndividual	586
WMB:CS20230722_CLUS_0254	owl:NamedIndividual	586
WMB:CS20230722_CLUS_0810	owl:NamedIndividual	585
WMB:CS20230722_CLUS_0136	owl:NamedIndividual	584
WMB:CS20230722_CLUS_0781	owl:NamedIndividual	584
WMB:CS20230722_CLUS_0289	owl:NamedIndividual	583
WMB:CS20230722_CLUS_0633	owl:NamedIndividual	582
WMB:CS20230722_CLUS_3315	owl:NamedIndividual	581
WMB:CS20230722_CLUS_2571	owl:NamedIndividual	580
WMB:CS20230722_CLUS_1992	owl:NamedIndividual	580
WMB:CS20230722_CLUS_0181	owl:NamedIndividual	578
WMB:CS20230722_CLUS_0089	owl:NamedIndividual	577
WMB:CS20230722_CLUS_0409	owl:NamedIndividual	576
WMB:CS20230722_CLUS_0248	owl:NamedIndividual	576
WMB:CS20230722_CLUS_0275	owl:NamedIndividual	575
WMB:CS20230722_CLUS_3009	owl:NamedIndividual	574
WMB:CS20230722_CLUS_3244	owl:NamedIndividual	573
WMB:CS20230722_CLUS_3368	owl:NamedIndividual	573
WMB:CS20230722_CLUS_2681	owl:NamedIndividual	572
WMB:CS20230722_CLUS_0368	owl:NamedIndividual	572
WMB:CS20230722_CLUS_0333	owl:NamedIndividual	570
WMB:CS20230722_CLUS_0682	owl:NamedIndividual	569
WMB:CS20230722_CLUS_0329	owl:NamedIndividual	569
WMB:CS20230722_CLUS_2682	owl:NamedIndividual	567
WMB:CS20230722_CLUS_0643	owl:NamedIndividual	567
WMB:CS20230722_CLUS_0573	owl:NamedIndividual	566
WMB:CS20230722_CLUS_0927	owl:NamedIndividual	564
WMB:CS20230722_CLUS_0805	owl:NamedIndividual	561
WMB:CS20230722_CLUS_0820	owl:NamedIndividual	560
WMB:CS20230722_CLUS_5202	owl:NamedIndividual	560
WMB:CS20230722_CLUS_0489	owl:NamedIndividual	558
WMB:CS20230722_CLUS_0414	owl:NamedIndividual	555
WMB:CS20230722_CLUS_0230	owl:NamedIndividual	553
WMB:CS20230722_CLUS_0945	owl:NamedIndividual	552
WMB:CS20230722_CLUS_0844	owl:NamedIndividual	550
WMB:CS20230722_CLUS_4878	owl:NamedIndividual	548
WMB:CS20230722_CLUS_2624	owl:NamedIndividual	547
WMB:CS20230722_CLUS_0142	owl:NamedIndividual	542
WMB:CS20230722_CLUS_2695	owl:NamedIndividual	539
WMB:CS20230722_CLUS_0625	owl:NamedIndividual	539
WMB:CS20230722_CLUS_0328	owl:NamedIndividual	538
WMB:CS20230722_CLUS_1592	owl:NamedIndividual	537
WMB:CS20230722_CLUS_0083	owl:NamedIndividual	535
WMB:CS20230722_CLUS_0271	owl:NamedIndividual	534
WMB:CS20230722_CLUS_1153	owl:NamedIndividual	533
WMB:CS20230722_CLUS_0840	owl:NamedIndividual	533
WMB:CS20230722_CLUS_3288	owl:NamedIndividual	531
WMB:CS20230722_CLUS_0346	owl:NamedIndividual	530
WMB:CS20230722_CLUS_0261	owl:NamedIndividual	529
WMB:CS20230722_CLUS_2852	owl:NamedIndividual	528
WMB:CS20230722_CLUS_2842	owl:NamedIndividual	526
WMB:CS20230722_CLUS_0235	owl:NamedIndividual	525
WMB:CS20230722_CLUS_0822	owl:NamedIndividual	525
WMB:CS20230722_CLUS_0288	owl:NamedIndividual	522
WMB:CS20230722_CLUS_0833	owl:NamedIndividual	521
WMB:CS20230722_CLUS_2579	owl:NamedIndividual	519
WMB:CS20230722_CLUS_3311	owl:NamedIndividual	516
WMB:CS20230722_CLUS_2580	owl:NamedIndividual	513
WMB:CS20230722_CLUS_0236	owl:NamedIndividual	513
WMB:CS20230722_CLUS_1028	owl:NamedIndividual	512
WMB:CS20230722_CLUS_0759	owl:NamedIndividual	509
WMB:CS20230722_CLUS_0545	owl:NamedIndividual	509
WMB:CS20230722_CLUS_0627	owl:NamedIndividual	506
WMB:CS20230722_CLUS_0575	owl:NamedIndividual	505
WMB:CS20230722_CLUS_0240	owl:NamedIndividual	503
WMB:CS20230722_CLUS_0441	owl:NamedIndividual	502
WMB:CS20230722_CLUS_0731	owl:NamedIndividual	502
WMB:CS20230722_CLUS_0819	owl:NamedIndividual	502
WMB:CS20230722_CLUS_4449	owl:NamedIndividual	501
WMB:CS20230722_CLUS_0484	owl:NamedIndividual	501
WMB:CS20230722_CLUS_0391	owl:NamedIndividual	501
WMB:CS20230722_CLUS_0232	owl:NamedIndividual	500
WMB:CS20230722_CLUS_0128	owl:NamedIndividual	500
WMB:CS20230722_CLUS_0266	owl:NamedIndividual	500
WMB:CS20230722_CLUS_0316	owl:NamedIndividual	500
WMB:CS20230722_CLUS_2312	owl:NamedIndividual	499
WMB:CS20230722_CLUS_0239	owl:NamedIndividual	499
WMB:CS20230722_CLUS_3285	owl:NamedIndividual	498
WMB:CS20230722_CLUS_0801	owl:NamedIndividual	497
WMB:CS20230722_CLUS_1603	owl:NamedIndividual	497
WMB:CS20230722_CLUS_0763	owl:NamedIndividual	496
WMB:CS20230722_CLUS_0407	owl:NamedIndividual	495
WMB:CS20230722_CLUS_0722	owl:NamedIndividual	491
WMB:CS20230722_CLUS_0674	owl:NamedIndividual	491
WMB:CS20230722_CLUS_0825	owl:NamedIndividual	490
WMB:CS20230722_CLUS_0739	owl:NamedIndividual	490
WMB:CS20230722_CLUS_3356	owl:NamedIndividual	488
WMB:CS20230722_CLUS_0402	owl:NamedIndividual	488
WMB:CS20230722_CLUS_3751	owl:NamedIndividual	486
WMB:CS20230722_CLUS_3712	owl:NamedIndividual	486
WMB:CS20230722_CLUS_0438	owl:NamedIndividual	486
WMB:CS20230722_CLUS_0120	owl:NamedIndividual	485
WMB:CS20230722_CLUS_0035	owl:NamedIndividual	485
WMB:CS20230722_CLUS_1978	owl:NamedIndividual	485
WMB:CS20230722_CLUS_0374	owl:NamedIndividual	484
WMB:CS20230722_CLUS_0994	owl:NamedIndividual	480
WMB:CS20230722_CLUS_0411	owl:NamedIndividual	480
WMB:CS20230722_CLUS_0406	owl:NamedIndividual	477
WMB:CS20230722_CLUS_1740	owl:NamedIndividual	477
WMB:CS20230722_CLUS_0460	owl:NamedIndividual	477
WMB:CS20230722_CLUS_0398	owl:NamedIndividual	476
WMB:CS20230722_CLUS_0746	owl:NamedIndividual	476
WMB:CS20230722_CLUS_0634	owl:NamedIndividual	475
WMB:CS20230722_CLUS_1591	owl:NamedIndividual	475
WMB:CS20230722_CLUS_2613	owl:NamedIndividual	475
WMB:CS20230722_CLUS_0915	owl:NamedIndividual	475
WMB:CS20230722_CLUS_0974	owl:NamedIndividual	474
WMB:CS20230722_CLUS_4548	owl:NamedIndividual	474
WMB:CS20230722_CLUS_0198	owl:NamedIndividual	474
WMB:CS20230722_CLUS_3781	owl:NamedIndividual	473
WMB:CS20230722_CLUS_0281	owl:NamedIndividual	471
WMB:CS20230722_CLUS_0566	owl:NamedIndividual	470
WMB:CS20230722_CLUS_4925	owl:NamedIndividual	470
WMB:CS20230722_CLUS_1593	owl:NamedIndividual	469
WMB:CS20230722_CLUS_0815	owl:NamedIndividual	468
WMB:CS20230722_CLUS_0762	owl:NamedIndividual	468
WMB:CS20230722_CLUS_3365	owl:NamedIndividual	468
WMB:CS20230722_CLUS_3361	owl:NamedIndividual	467
WMB:CS20230722_CLUS_3301	owl:NamedIndividual	466
WMB:CS20230722_CLUS_0515	owl:NamedIndividual	464
WMB:CS20230722_CLUS_4524	owl:NamedIndividual	461
WMB:CS20230722_CLUS_0318	owl:NamedIndividual	461
WMB:CS20230722_CLUS_0123	owl:NamedIndividual	461
WMB:CS20230722_CLUS_5246	owl:NamedIndividual	460
WMB:CS20230722_CLUS_0129	owl:NamedIndividual	460
WMB:CS20230722_CLUS_0467	owl:NamedIndividual	457
WMB:CS20230722_CLUS_0760	owl:NamedIndividual	456
WMB:CS20230722_CLUS_0766	owl:NamedIndividual	456
WMB:CS20230722_CLUS_0769	owl:NamedIndividual	454
WMB:CS20230722_CLUS_0729	owl:NamedIndividual	452
WMB:CS20230722_CLUS_0592	owl:NamedIndividual	452
WMB:CS20230722_CLUS_0520	owl:NamedIndividual	450
WMB:CS20230722_CLUS_0778	owl:NamedIndividual	449
WMB:CS20230722_CLUS_1002	owl:NamedIndividual	448
WMB:CS20230722_CLUS_0247	owl:NamedIndividual	448
WMB:CS20230722_CLUS_0995	owl:NamedIndividual	446
WMB:CS20230722_CLUS_0173	owl:NamedIndividual	444
WMB:CS20230722_CLUS_1837	owl:NamedIndividual	444
WMB:CS20230722_CLUS_0028	owl:NamedIndividual	443
WMB:CS20230722_CLUS_0238	owl:NamedIndividual	443
WMB:CS20230722_CLUS_2720	owl:NamedIndividual	441
WMB:CS20230722_CLUS_2455	owl:NamedIndividual	441
WMB:CS20230722_CLUS_3621	owl:NamedIndividual	439
WMB:CS20230722_CLUS_2696	owl:NamedIndividual	438
WMB:CS20230722_CLUS_1114	owl:NamedIndividual	437
WMB:CS20230722_CLUS_3752	owl:NamedIndividual	436
WMB:CS20230722_CLUS_1137	owl:NamedIndividual	435
WMB:CS20230722_CLUS_0347	owl:NamedIndividual	433
WMB:CS20230722_CLUS_0641	owl:NamedIndividual	432
WMB:CS20230722_CLUS_3700	owl:NamedIndividual	432
WMB:CS20230722_CLUS_0273	owl:NamedIndividual	432
WMB:CS20230722_CLUS_0324	owl:NamedIndividual	431
WMB:CS20230722_CLUS_1006	owl:NamedIndividual	431
WMB:CS20230722_CLUS_3317	owl:NamedIndividual	430
WMB:CS20230722_CLUS_0223	owl:NamedIndividual	429
WMB:CS20230722_CLUS_4567	owl:NamedIndividual	429
WMB:CS20230722_CLUS_0176	owl:NamedIndividual	428
WMB:CS20230722_CLUS_1116	owl:NamedIndividual	425
WMB:CS20230722_CLUS_0029	owl:NamedIndividual	425
WMB:CS20230722_CLUS_0580	owl:NamedIndividual	425
WMB:CS20230722_CLUS_0033	owl:NamedIndividual	424
WMB:CS20230722_CLUS_0871	owl:NamedIndividual	424
WMB:CS20230722_CLUS_0870	owl:NamedIndividual	424
WMB:CS20230722_CLUS_2638	owl:NamedIndividual	424
WMB:CS20230722_CLUS_0404	owl:NamedIndividual	423
WMB:CS20230722_CLUS_0783	owl:NamedIndividual	423
WMB:CS20230722_CLUS_3695	owl:NamedIndividual	421
WMB:CS20230722_CLUS_0385	owl:NamedIndividual	421
WMB:CS20230722_CLUS_0255	owl:NamedIndividual	421
WMB:CS20230722_CLUS_0126	owl:NamedIndividual	420
WMB:CS20230722_CLUS_0387	owl:NamedIndividual	420
WMB:CS20230722_CLUS_5137	owl:NamedIndividual	419
WMB:CS20230722_CLUS_0305	owl:NamedIndividual	418
WMB:CS20230722_CLUS_0304	owl:NamedIndividual	417
WMB:CS20230722_CLUS_0197	owl:NamedIndividual	417
WMB:CS20230722_CLUS_3467	owl:NamedIndividual	416
WMB:CS20230722_CLUS_0620	owl:NamedIndividual	415
WMB:CS20230722_CLUS_0689	owl:NamedIndividual	414
WMB:CS20230722_CLUS_0623	owl:NamedIndividual	413
WMB:CS20230722_CLUS_2485	owl:NamedIndividual	412
WMB:CS20230722_CLUS_0299	owl:NamedIndividual	412
WMB:CS20230722_CLUS_0570	owl:NamedIndividual	411
WMB:CS20230722_CLUS_0257	owl:NamedIndividual	410
WMB:CS20230722_CLUS_1185	owl:NamedIndividual	408
WMB:CS20230722_CLUS_0031	owl:NamedIndividual	408
WMB:CS20230722_CLUS_0378	owl:NamedIndividual	408
WMB:CS20230722_CLUS_5305	owl:NamedIndividual	406
WMB:CS20230722_CLUS_2629	owl:NamedIndividual	404
WMB:CS20230722_CLUS_1893	owl:NamedIndividual	404
WMB:CS20230722_CLUS_2686	owl:NamedIndividual	403
WMB:CS20230722_CLUS_3218	owl:NamedIndividual	403
WMB:CS20230722_CLUS_0527	owl:NamedIndividual	403
WMB:CS20230722_CLUS_0389	owl:NamedIndividual	403
WMB:CS20230722_CLUS_0940	owl:NamedIndividual	403
WMB:CS20230722_CLUS_0676	owl:NamedIndividual	402
WMB:CS20230722_CLUS_2345	owl:NamedIndividual	401
WMB:CS20230722_CLUS_5172	owl:NamedIndividual	401
WMB:CS20230722_CLUS_0480	owl:NamedIndividual	400
WMB:CS20230722_CLUS_0809	owl:NamedIndividual	400
WMB:CS20230722_CLUS_3840	owl:NamedIndividual	399
WMB:CS20230722_CLUS_2692	owl:NamedIndividual	399
WMB:CS20230722_CLUS_2380	owl:NamedIndividual	399
WMB:CS20230722_CLUS_0984	owl:NamedIndividual	399
WMB:CS20230722_CLUS_0716	owl:NamedIndividual	399
WMB:CS20230722_CLUS_0508	owl:NamedIndividual	398
WMB:CS20230722_CLUS_0761	owl:NamedIndividual	398
WMB:CS20230722_CLUS_3729	owl:NamedIndividual	397
WMB:CS20230722_CLUS_3696	owl:NamedIndividual	397
WMB:CS20230722_CLUS_0599	owl:NamedIndividual	397
WMB:CS20230722_CLUS_0166	owl:NamedIndividual	397
WMB:CS20230722_CLUS_0884	owl:NamedIndividual	397
WMB:CS20230722_CLUS_0024	owl:NamedIndividual	396
WMB:CS20230722_CLUS_2699	owl:NamedIndividual	395
WMB:CS20230722_CLUS_0495	owl:NamedIndividual	394
WMB:CS20230722_CLUS_5193	owl:NamedIndividual	394
WMB:CS20230722_CLUS_0771	owl:NamedIndividual	394
WMB:CS20230722_CLUS_1838	owl:NamedIndividual	391
WMB:CS20230722_CLUS_2032	owl:NamedIndividual	390
WMB:CS20230722_CLUS_4805	owl:NamedIndividual	388
WMB:CS20230722_CLUS_4807	owl:NamedIndividual	387
WMB:CS20230722_CLUS_3795	owl:NamedIndividual	387
WMB:CS20230722_CLUS_0251	owl:NamedIndividual	387
WMB:CS20230722_CLUS_3241	owl:NamedIndividual	387
WMB:CS20230722_CLUS_0874	owl:NamedIndividual	386
WMB:CS20230722_CLUS_0646	owl:NamedIndividual	384
WMB:CS20230722_CLUS_3791	owl:NamedIndividual	384
WMB:CS20230722_CLUS_0525	owl:NamedIndividual	384
WMB:CS20230722_CLUS_4868	owl:NamedIndividual	383
WMB:CS20230722_CLUS_1391	owl:NamedIndividual	383
WMB:CS20230722_CLUS_0704	owl:NamedIndividual	382
WMB:CS20230722_CLUS_2572	owl:NamedIndividual	382
WMB:CS20230722_CLUS_0253	owl:NamedIndividual	381
WMB:CS20230722_CLUS_1012	owl:NamedIndividual	381
WMB:CS20230722_CLUS_0435	owl:NamedIndividual	381
WMB:CS20230722_CLUS_3298	owl:NamedIndividual	381
WMB:CS20230722_CLUS_3758	owl:NamedIndividual	381
WMB:CS20230722_CLUS_0168	owl:NamedIndividual	380
WMB:CS20230722_CLUS_0478	owl:NamedIndividual	380
WMB:CS20230722_CLUS_0479	owl:NamedIndividual	379
WMB:CS20230722_CLUS_1993	owl:NamedIndividual	375
WMB:CS20230722_CLUS_0907	owl:NamedIndividual	375
WMB:CS20230722_CLUS_4984	owl:NamedIndividual	374
WMB:CS20230722_CLUS_0756	owl:NamedIndividual	374
WMB:CS20230722_CLUS_5189	owl:NamedIndividual	373
WMB:CS20230722_CLUS_3731	owl:NamedIndividual	372
WMB:CS20230722_CLUS_1015	owl:NamedIndividual	370
WMB:CS20230722_CLUS_3884	owl:NamedIndividual	368
WMB:CS20230722_CLUS_1154	owl:NamedIndividual	367
WMB:CS20230722_CLUS_2643	owl:NamedIndividual	367
WMB:CS20230722_CLUS_0102	owl:NamedIndividual	366
WMB:CS20230722_CLUS_2585	owl:NamedIndividual	366
WMB:CS20230722_CLUS_0538	owl:NamedIndividual	365
WMB:CS20230722_CLUS_3741	owl:NamedIndividual	365
WMB:CS20230722_CLUS_3377	owl:NamedIndividual	364
WMB:CS20230722_CLUS_4563	owl:NamedIndividual	364
WMB:CS20230722_CLUS_0340	owl:NamedIndividual	364
WMB:CS20230722_CLUS_0186	owl:NamedIndividual	363
WMB:CS20230722_CLUS_1033	owl:NamedIndividual	363
WMB:CS20230722_CLUS_3757	owl:NamedIndividual	362
WMB:CS20230722_CLUS_1986	owl:NamedIndividual	361
WMB:CS20230722_CLUS_4558	owl:NamedIndividual	361
WMB:CS20230722_CLUS_0280	owl:NamedIndividual	360
WMB:CS20230722_CLUS_0362	owl:NamedIndividual	359
WMB:CS20230722_CLUS_1612	owl:NamedIndividual	359
WMB:CS20230722_CLUS_1227	owl:NamedIndividual	358
WMB:CS20230722_CLUS_3793	owl:NamedIndividual	358
WMB:CS20230722_CLUS_2631	owl:NamedIndividual	358
WMB:CS20230722_CLUS_2311	owl:NamedIndividual	358
WMB:CS20230722_CLUS_1041	owl:NamedIndividual	356
WMB:CS20230722_CLUS_5199	owl:NamedIndividual	356
WMB:CS20230722_CLUS_0371	owl:NamedIndividual	356
WMB:CS20230722_CLUS_1332	owl:NamedIndividual	356
WMB:CS20230722_CLUS_0365	owl:NamedIndividual	354
WMB:CS20230722_CLUS_5205	owl:NamedIndividual	354
WMB:CS20230722_CLUS_5262	owl:NamedIndividual	353
WMB:CS20230722_CLUS_4470	owl:NamedIndividual	353
WMB:CS20230722_CLUS_1715	owl:NamedIndividual	352
WMB:CS20230722_CLUS_0196	owl:NamedIndividual	352
WMB:CS20230722_CLUS_0293	owl:NamedIndividual	351
WMB:CS20230722_CLUS_0490	owl:NamedIndividual	351
WMB:CS20230722_CLUS_0772	owl:NamedIndividual	350
WMB:CS20230722_CLUS_4931	owl:NamedIndividual	349
WMB:CS20230722_CLUS_2680	owl:NamedIndividual	348
WMB:CS20230722_CLUS_0380	owl:NamedIndividual	348
WMB:CS20230722_CLUS_0812	owl:NamedIndividual	348
WMB:CS20230722_CLUS_0842	owl:NamedIndividual	347
WMB:CS20230722_CLUS_2675	owl:NamedIndividual	346
WMB:CS20230722_CLUS_0241	owl:NamedIndividual	346
WMB:CS20230722_CLUS_4505	owl:NamedIndividual	345
WMB:CS20230722_CLUS_0131	owl:NamedIndividual	345
WMB:CS20230722_CLUS_1855	owl:NamedIndividual	344
WMB:CS20230722_CLUS_0357	owl:NamedIndividual	343
WMB:CS20230722_CLUS_0595	owl:NamedIndividual	342
WMB:CS20230722_CLUS_0770	owl:NamedIndividual	342
WMB:CS20230722_CLUS_3222	owl:NamedIndividual	341
WMB:CS20230722_CLUS_2761	owl:NamedIndividual	340
WMB:CS20230722_CLUS_0446	owl:NamedIndividual	339
WMB:CS20230722_CLUS_3738	owl:NamedIndividual	339
WMB:CS20230722_CLUS_0379	owl:NamedIndividual	338
WMB:CS20230722_CLUS_2589	owl:NamedIndividual	337
WMB:CS20230722_CLUS_0875	owl:NamedIndividual	335
WMB:CS20230722_CLUS_2626	owl:NamedIndividual	335
WMB:CS20230722_CLUS_2286	owl:NamedIndividual	333
WMB:CS20230722_CLUS_0821	owl:NamedIndividual	332
WMB:CS20230722_CLUS_0502	owl:NamedIndividual	332
WMB:CS20230722_CLUS_0666	owl:NamedIndividual	332
WMB:CS20230722_CLUS_1556	owl:NamedIndividual	332
WMB:CS20230722_CLUS_3811	owl:NamedIndividual	331
WMB:CS20230722_CLUS_0947	owl:NamedIndividual	331
WMB:CS20230722_CLUS_1369	owl:NamedIndividual	331
WMB:CS20230722_CLUS_2851	owl:NamedIndividual	330
WMB:CS20230722_CLUS_0472	owl:NamedIndividual	330
WMB:CS20230722_CLUS_2706	owl:NamedIndividual	330
WMB:CS20230722_CLUS_2676	owl:NamedIndividual	329
WMB:CS20230722_CLUS_0720	owl:NamedIndividual	328
WMB:CS20230722_CLUS_2008	owl:NamedIndividual	327
WMB:CS20230722_CLUS_2654	owl:NamedIndividual	327
WMB:CS20230722_CLUS_3393	owl:NamedIndividual	326
WMB:CS20230722_CLUS_0757	owl:NamedIndividual	326
WMB:CS20230722_CLUS_2721	owl:NamedIndividual	325
WMB:CS20230722_CLUS_0841	owl:NamedIndividual	325
WMB:CS20230722_CLUS_0512	owl:NamedIndividual	324
WMB:CS20230722_CLUS_0462	owl:NamedIndividual	324
WMB:CS20230722_CLUS_5185	owl:NamedIndividual	324
WMB:CS20230722_CLUS_2652	owl:NamedIndividual	324
WMB:CS20230722_CLUS_0605	owl:NamedIndividual	323
WMB:CS20230722_CLUS_0252	owl:NamedIndividual	323
WMB:CS20230722_CLUS_0912	owl:NamedIndividual	323
WMB:CS20230722_CLUS_4152	owl:NamedIndividual	323
WMB:CS20230722_CLUS_0423	owl:NamedIndividual	323
WMB:CS20230722_CLUS_3240	owl:NamedIndividual	323
WMB:CS20230722_CLUS_3223	owl:NamedIndividual	322
WMB:CS20230722_CLUS_3152	owl:NamedIndividual	322
WMB:CS20230722_CLUS_0686	owl:NamedIndividual	321
WMB:CS20230722_CLUS_1382	owl:NamedIndividual	321
WMB:CS20230722_CLUS_1602	owl:NamedIndividual	319
WMB:CS20230722_CLUS_0768	owl:NamedIndividual	319
WMB:CS20230722_CLUS_0221	owl:NamedIndividual	318
WMB:CS20230722_CLUS_0816	owl:NamedIndividual	318
WMB:CS20230722_CLUS_0449	owl:NamedIndividual	318
WMB:CS20230722_CLUS_0631	owl:NamedIndividual	318
WMB:CS20230722_CLUS_2808	owl:NamedIndividual	317
WMB:CS20230722_CLUS_0382	owl:NamedIndividual	317
WMB:CS20230722_CLUS_0587	owl:NamedIndividual	317
WMB:CS20230722_CLUS_1766	owl:NamedIndividual	317
WMB:CS20230722_CLUS_3492	owl:NamedIndividual	317
WMB:CS20230722_CLUS_2625	owl:NamedIndividual	316
WMB:CS20230722_CLUS_1600	owl:NamedIndividual	315
WMB:CS20230722_CLUS_0629	owl:NamedIndividual	315
WMB:CS20230722_CLUS_2568	owl:NamedIndividual	314
WMB:CS20230722_CLUS_0721	owl:NamedIndividual	314
WMB:CS20230722_CLUS_3362	owl:NamedIndividual	313
WMB:CS20230722_CLUS_0270	owl:NamedIndividual	313
WMB:CS20230722_CLUS_3363	owl:NamedIndividual	311
WMB:CS20230722_CLUS_0787	owl:NamedIndividual	311
WMB:CS20230722_CLUS_0774	owl:NamedIndividual	310
WMB:CS20230722_CLUS_0014	owl:NamedIndividual	309
WMB:CS20230722_CLUS_3243	owl:NamedIndividual	309
WMB:CS20230722_CLUS_0514	owl:NamedIndividual	308
WMB:CS20230722_CLUS_2713	owl:NamedIndividual	307
WMB:CS20230722_CLUS_3025	owl:NamedIndividual	305
WMB:CS20230722_CLUS_0250	owl:NamedIndividual	305
WMB:CS20230722_CLUS_3794	owl:NamedIndividual	305
WMB:CS20230722_CLUS_4564	owl:NamedIndividual	304
WMB:CS20230722_CLUS_0765	owl:NamedIndividual	304
WMB:CS20230722_CLUS_4560	owl:NamedIndividual	303
WMB:CS20230722_CLUS_0577	owl:NamedIndividual	303
WMB:CS20230722_CLUS_0294	owl:NamedIndividual	303
WMB:CS20230722_CLUS_0143	owl:NamedIndividual	301
WMB:CS20230722_CLUS_0420	owl:NamedIndividual	301
WMB:CS20230722_CLUS_0524	owl:NamedIndividual	301
WMB:CS20230722_CLUS_2632	owl:NamedIndividual	301
WMB:CS20230722_CLUS_0802	owl:NamedIndividual	300
WMB:CS20230722_CLUS_0192	owl:NamedIndividual	300
WMB:CS20230722_CLUS_0013	owl:NamedIndividual	299
WMB:CS20230722_CLUS_1168	owl:NamedIndividual	299
WMB:CS20230722_CLUS_0279	owl:NamedIndividual	299
WMB:CS20230722_CLUS_0065	owl:NamedIndividual	298
WMB:CS20230722_CLUS_2672	owl:NamedIndividual	297
WMB:CS20230722_CLUS_0786	owl:NamedIndividual	297
WMB:CS20230722_CLUS_3319	owl:NamedIndividual	296
WMB:CS20230722_CLUS_2644	owl:NamedIndividual	296
WMB:CS20230722_CLUS_0010	owl:NamedIndividual	295
WMB:CS20230722_CLUS_3552	owl:NamedIndividual	295
WMB:CS20230722_CLUS_3307	owl:NamedIndividual	295
WMB:CS20230722_CLUS_1297	owl:NamedIndividual	295
WMB:CS20230722_CLUS_3352	owl:NamedIndividual	293
WMB:CS20230722_CLUS_0224	owl:NamedIndividual	292
WMB:CS20230722_CLUS_3824	owl:NamedIndividual	291
WMB:CS20230722_CLUS_1961	owl:NamedIndividual	291
WMB:CS20230722_CLUS_0827	owl:NamedIndividual	290
WMB:CS20230722_CLUS_2379	owl:NamedIndividual	290
WMB:CS20230722_CLUS_2295	owl:NamedIndividual	287
WMB:CS20230722_CLUS_0522	owl:NamedIndividual	286
WMB:CS20230722_CLUS_3355	owl:NamedIndividual	286
WMB:CS20230722_CLUS_0581	owl:NamedIndividual	285
WMB:CS20230722_CLUS_0353	owl:NamedIndividual	285
WMB:CS20230722_CLUS_0817	owl:NamedIndividual	284
WMB:CS20230722_CLUS_3290	owl:NamedIndividual	284
WMB:CS20230722_CLUS_2470	owl:NamedIndividual	284
WMB:CS20230722_CLUS_2725	owl:NamedIndividual	284
WMB:CS20230722_CLUS_2633	owl:NamedIndividual	283
WMB:CS20230722_CLUS_0493	owl:NamedIndividual	283
WMB:CS20230722_CLUS_3562	owl:NamedIndividual	282
WMB:CS20230722_CLUS_0492	owl:NamedIndividual	282
WMB:CS20230722_CLUS_2389	owl:NamedIndividual	282
WMB:CS20230722_CLUS_2655	owl:NamedIndividual	281
WMB:CS20230722_CLUS_3310	owl:NamedIndividual	281
WMB:CS20230722_CLUS_3787	owl:NamedIndividual	280
WMB:CS20230722_CLUS_3466	owl:NamedIndividual	280
WMB:CS20230722_CLUS_4793	owl:NamedIndividual	279
WMB:CS20230722_CLUS_1159	owl:NamedIndividual	278
WMB:CS20230722_CLUS_3203	owl:NamedIndividual	278
WMB:CS20230722_CLUS_2657	owl:NamedIndividual	278
WMB:CS20230722_CLUS_0807	owl:NamedIndividual	278
WMB:CS20230722_CLUS_3303	owl:NamedIndividual	277
WMB:CS20230722_CLUS_2199	owl:NamedIndividual	276
WMB:CS20230722_CLUS_1562	owl:NamedIndividual	276
WMB:CS20230722_CLUS_3727	owl:NamedIndividual	275
WMB:CS20230722_CLUS_1244	owl:NamedIndividual	275
WMB:CS20230722_CLUS_3820	owl:NamedIndividual	275
WMB:CS20230722_CLUS_3753	owl:NamedIndividual	274
WMB:CS20230722_CLUS_1614	owl:NamedIndividual	274
WMB:CS20230722_CLUS_2317	owl:NamedIndividual	274
WMB:CS20230722_CLUS_0665	owl:NamedIndividual	273
WMB:CS20230722_CLUS_3441	owl:NamedIndividual	273
WMB:CS20230722_CLUS_5094	owl:NamedIndividual	273
WMB:CS20230722_CLUS_1989	owl:NamedIndividual	273
WMB:CS20230722_CLUS_0285	owl:NamedIndividual	273
WMB:CS20230722_CLUS_0487	owl:NamedIndividual	273
WMB:CS20230722_CLUS_1703	owl:NamedIndividual	272
WMB:CS20230722_CLUS_0673	owl:NamedIndividual	272
WMB:CS20230722_CLUS_0667	owl:NamedIndividual	272
WMB:CS20230722_CLUS_2017	owl:NamedIndividual	272
WMB:CS20230722_CLUS_0228	owl:NamedIndividual	272
WMB:CS20230722_CLUS_5017	owl:NamedIndividual	271
WMB:CS20230722_CLUS_3383	owl:NamedIndividual	271
WMB:CS20230722_CLUS_0222	owl:NamedIndividual	271
WMB:CS20230722_CLUS_0133	owl:NamedIndividual	270
WMB:CS20230722_CLUS_3672	owl:NamedIndividual	270
WMB:CS20230722_CLUS_2004	owl:NamedIndividual	269
WMB:CS20230722_CLUS_2281	owl:NamedIndividual	269
WMB:CS20230722_CLUS_2582	owl:NamedIndividual	269
WMB:CS20230722_CLUS_0826	owl:NamedIndividual	269
WMB:CS20230722_CLUS_0451	owl:NamedIndividual	269
WMB:CS20230722_CLUS_3906	owl:NamedIndividual	268
WMB:CS20230722_CLUS_2636	owl:NamedIndividual	268
WMB:CS20230722_CLUS_1810	owl:NamedIndividual	268
WMB:CS20230722_CLUS_0532	owl:NamedIndividual	268
WMB:CS20230722_CLUS_3680	owl:NamedIndividual	268
WMB:CS20230722_CLUS_0583	owl:NamedIndividual	267
WMB:CS20230722_CLUS_0319	owl:NamedIndividual	267
WMB:CS20230722_CLUS_3710	owl:NamedIndividual	267
WMB:CS20230722_CLUS_0776	owl:NamedIndividual	267
WMB:CS20230722_CLUS_0188	owl:NamedIndividual	267
WMB:CS20230722_CLUS_4803	owl:NamedIndividual	267
WMB:CS20230722_CLUS_0383	owl:NamedIndividual	266
WMB:CS20230722_CLUS_0418	owl:NamedIndividual	266
WMB:CS20230722_CLUS_0636	owl:NamedIndividual	266
WMB:CS20230722_CLUS_0671	owl:NamedIndividual	266
WMB:CS20230722_CLUS_2315	owl:NamedIndividual	264
WMB:CS20230722_CLUS_3258	owl:NamedIndividual	263
WMB:CS20230722_CLUS_0471	owl:NamedIndividual	263
WMB:CS20230722_CLUS_2279	owl:NamedIndividual	262
WMB:CS20230722_CLUS_1466	owl:NamedIndividual	262
WMB:CS20230722_CLUS_0025	owl:NamedIndividual	262
WMB:CS20230722_CLUS_0789	owl:NamedIndividual	262
WMB:CS20230722_CLUS_2689	owl:NamedIndividual	262
WMB:CS20230722_CLUS_3283	owl:NamedIndividual	262
WMB:CS20230722_CLUS_3500	owl:NamedIndividual	261
WMB:CS20230722_CLUS_0296	owl:NamedIndividual	261
WMB:CS20230722_CLUS_1984	owl:NamedIndividual	261
WMB:CS20230722_CLUS_0630	owl:NamedIndividual	259
WMB:CS20230722_CLUS_0784	owl:NamedIndividual	258
WMB:CS20230722_CLUS_5263	owl:NamedIndividual	257
WMB:CS20230722_CLUS_1147	owl:NamedIndividual	257
WMB:CS20230722_CLUS_4788	owl:NamedIndividual	256
WMB:CS20230722_CLUS_0851	owl:NamedIndividual	256
WMB:CS20230722_CLUS_0312	owl:NamedIndividual	255
WMB:CS20230722_CLUS_0557	owl:NamedIndividual	255
WMB:CS20230722_CLUS_1539	owl:NamedIndividual	255
WMB:CS20230722_CLUS_3880	owl:NamedIndividual	254
WMB:CS20230722_CLUS_1089	owl:NamedIndividual	253
WMB:CS20230722_CLUS_0518	owl:NamedIndividual	253
WMB:CS20230722_CLUS_5187	owl:NamedIndividual	253
WMB:CS20230722_CLUS_1363	owl:NamedIndividual	253
WMB:CS20230722_CLUS_3748	owl:NamedIndividual	252
WMB:CS20230722_CLUS_2029	owl:NamedIndividual	252
WMB:CS20230722_CLUS_0670	owl:NamedIndividual	252
WMB:CS20230722_CLUS_0632	owl:NamedIndividual	252
WMB:CS20230722_CLUS_1381	owl:NamedIndividual	252
WMB:CS20230722_CLUS_5236	owl:NamedIndividual	252
WMB:CS20230722_CLUS_0076	owl:NamedIndividual	250
WMB:CS20230722_CLUS_0861	owl:NamedIndividual	250
WMB:CS20230722_CLUS_2010	owl:NamedIndividual	250
WMB:CS20230722_CLUS_3200	owl:NamedIndividual	250
WMB:CS20230722_CLUS_5070	owl:NamedIndividual	249
WMB:CS20230722_CLUS_2578	owl:NamedIndividual	248
WMB:CS20230722_CLUS_0908	owl:NamedIndividual	248
WMB:CS20230722_CLUS_0799	owl:NamedIndividual	248
WMB:CS20230722_CLUS_5174	owl:NamedIndividual	248
WMB:CS20230722_CLUS_0924	owl:NamedIndividual	248
WMB:CS20230722_CLUS_2608	owl:NamedIndividual	247
WMB:CS20230722_CLUS_3809	owl:NamedIndividual	247
WMB:CS20230722_CLUS_1607	owl:NamedIndividual	247
WMB:CS20230722_CLUS_4436	owl:NamedIndividual	246
WMB:CS20230722_CLUS_4801	owl:NamedIndividual	245
WMB:CS20230722_CLUS_0205	owl:NamedIndividual	244
WMB:CS20230722_CLUS_2300	owl:NamedIndividual	244
WMB:CS20230722_CLUS_4810	owl:NamedIndividual	244
WMB:CS20230722_CLUS_3699	owl:NamedIndividual	244
WMB:CS20230722_CLUS_3902	owl:NamedIndividual	243
WMB:CS20230722_CLUS_0732	owl:NamedIndividual	242
WMB:CS20230722_CLUS_3369	owl:NamedIndividual	242
WMB:CS20230722_CLUS_1226	owl:NamedIndividual	242
WMB:CS20230722_CLUS_1115	owl:NamedIndividual	241
WMB:CS20230722_CLUS_5240	owl:NamedIndividual	241
WMB:CS20230722_CLUS_3296	owl:NamedIndividual	241
WMB:CS20230722_CLUS_2347	owl:NamedIndividual	240
WMB:CS20230722_CLUS_1035	owl:NamedIndividual	240
WMB:CS20230722_CLUS_0259	owl:NamedIndividual	240
WMB:CS20230722_CLUS_0075	owl:NamedIndividual	240
WMB:CS20230722_CLUS_0706	owl:NamedIndividual	239
WMB:CS20230722_CLUS_2313	owl:NamedIndividual	239
WMB:CS20230722_CLUS_3848	owl:NamedIndividual	239
WMB:CS20230722_CLUS_0564	owl:NamedIndividual	239
WMB:CS20230722_CLUS_1588	owl:NamedIndividual	238
WMB:CS20230722_CLUS_0635	owl:NamedIndividual	238
WMB:CS20230722_CLUS_0858	owl:NamedIndividual	238
WMB:CS20230722_CLUS_3010	owl:NamedIndividual	238
WMB:CS20230722_CLUS_0050	owl:NamedIndividual	238
WMB:CS20230722_CLUS_5319	owl:NamedIndividual	237
WMB:CS20230722_CLUS_3810	owl:NamedIndividual	237
WMB:CS20230722_CLUS_3563	owl:NamedIndividual	236
WMB:CS20230722_CLUS_0773	owl:NamedIndividual	236
WMB:CS20230722_CLUS_0968	owl:NamedIndividual	236
WMB:CS20230722_CLUS_4018	owl:NamedIndividual	235
WMB:CS20230722_CLUS_0011	owl:NamedIndividual	235
WMB:CS20230722_CLUS_4708	owl:NamedIndividual	235
WMB:CS20230722_CLUS_0124	owl:NamedIndividual	235
WMB:CS20230722_CLUS_1998	owl:NamedIndividual	234
WMB:CS20230722_CLUS_3491	owl:NamedIndividual	234
WMB:CS20230722_CLUS_3351	owl:NamedIndividual	234
WMB:CS20230722_CLUS_0919	owl:NamedIndividual	233
WMB:CS20230722_CLUS_2567	owl:NamedIndividual	233
WMB:CS20230722_CLUS_0234	owl:NamedIndividual	233
WMB:CS20230722_CLUS_0790	owl:NamedIndividual	233
WMB:CS20230722_CLUS_4344	owl:NamedIndividual	233
WMB:CS20230722_CLUS_1139	owl:NamedIndividual	232
WMB:CS20230722_CLUS_0677	owl:NamedIndividual	232
WMB:CS20230722_CLUS_1605	owl:NamedIndividual	231
WMB:CS20230722_CLUS_0904	owl:NamedIndividual	231
WMB:CS20230722_CLUS_0326	owl:NamedIndividual	231
WMB:CS20230722_CLUS_2705	owl:NamedIndividual	231
WMB:CS20230722_CLUS_1240	owl:NamedIndividual	230
WMB:CS20230722_CLUS_0752	owl:NamedIndividual	230
WMB:CS20230722_CLUS_0931	owl:NamedIndividual	230
WMB:CS20230722_CLUS_1124	owl:NamedIndividual	230
WMB:CS20230722_CLUS_2844	owl:NamedIndividual	230
WMB:CS20230722_CLUS_3688	owl:NamedIndividual	229
WMB:CS20230722_CLUS_0552	owl:NamedIndividual	229
WMB:CS20230722_CLUS_1554	owl:NamedIndividual	228
WMB:CS20230722_CLUS_0242	owl:NamedIndividual	228
WMB:CS20230722_CLUS_0679	owl:NamedIndividual	228
WMB:CS20230722_CLUS_1394	owl:NamedIndividual	228
WMB:CS20230722_CLUS_0509	owl:NamedIndividual	228
WMB:CS20230722_CLUS_1333	owl:NamedIndividual	228
WMB:CS20230722_CLUS_0588	owl:NamedIndividual	228
WMB:CS20230722_CLUS_3026	owl:NamedIndividual	227
WMB:CS20230722_CLUS_4562	owl:NamedIndividual	227
WMB:CS20230722_CLUS_3479	owl:NamedIndividual	226
WMB:CS20230722_CLUS_1181	owl:NamedIndividual	225
WMB:CS20230722_CLUS_5138	owl:NamedIndividual	224
WMB:CS20230722_CLUS_2722	owl:NamedIndividual	223
WMB:CS20230722_CLUS_0243	owl:NamedIndividual	223
WMB:CS20230722_CLUS_3673	owl:NamedIndividual	223
WMB:CS20230722_CLUS_0332	owl:NamedIndividual	223
WMB:CS20230722_CLUS_0828	owl:NamedIndividual	222
WMB:CS20230722_CLUS_3904	owl:NamedIndividual	222
WMB:CS20230722_CLUS_0121	owl:NamedIndividual	222
WMB:CS20230722_CLUS_0644	owl:NamedIndividual	222
WMB:CS20230722_CLUS_3280	owl:NamedIndividual	221
WMB:CS20230722_CLUS_1039	owl:NamedIndividual	221
WMB:CS20230722_CLUS_1955	owl:NamedIndividual	221
WMB:CS20230722_CLUS_2841	owl:NamedIndividual	220
WMB:CS20230722_CLUS_4755	owl:NamedIndividual	220
WMB:CS20230722_CLUS_0637	owl:NamedIndividual	220
WMB:CS20230722_CLUS_5152	owl:NamedIndividual	219
WMB:CS20230722_CLUS_2640	owl:NamedIndividual	219
WMB:CS20230722_CLUS_4081	owl:NamedIndividual	219
WMB:CS20230722_CLUS_3742	owl:NamedIndividual	218
WMB:CS20230722_CLUS_0906	owl:NamedIndividual	218
WMB:CS20230722_CLUS_3360	owl:NamedIndividual	218
WMB:CS20230722_CLUS_0899	owl:NamedIndividual	218
WMB:CS20230722_CLUS_2299	owl:NamedIndividual	218
WMB:CS20230722_CLUS_0885	owl:NamedIndividual	217
WMB:CS20230722_CLUS_1282	owl:NamedIndividual	217
WMB:CS20230722_CLUS_1991	owl:NamedIndividual	217
WMB:CS20230722_CLUS_1393	owl:NamedIndividual	217
WMB:CS20230722_CLUS_1261	owl:NamedIndividual	216
WMB:CS20230722_CLUS_0265	owl:NamedIndividual	216
WMB:CS20230722_CLUS_3827	owl:NamedIndividual	215
WMB:CS20230722_CLUS_0576	owl:NamedIndividual	215
WMB:CS20230722_CLUS_0672	owl:NamedIndividual	215
WMB:CS20230722_CLUS_3796	owl:NamedIndividual	214
WMB:CS20230722_CLUS_0714	owl:NamedIndividual	214
WMB:CS20230722_CLUS_1482	owl:NamedIndividual	213
WMB:CS20230722_CLUS_0878	owl:NamedIndividual	213
WMB:CS20230722_CLUS_3759	owl:NamedIndividual	212
WMB:CS20230722_CLUS_0693	owl:NamedIndividual	212
WMB:CS20230722_CLUS_1140	owl:NamedIndividual	212
WMB:CS20230722_CLUS_3261	owl:NamedIndividual	211
WMB:CS20230722_CLUS_0405	owl:NamedIndividual	211
WMB:CS20230722_CLUS_0638	owl:NamedIndividual	210
WMB:CS20230722_CLUS_1396	owl:NamedIndividual	210
WMB:CS20230722_CLUS_0785	owl:NamedIndividual	210
WMB:CS20230722_CLUS_0750	owl:NamedIndividual	210
WMB:CS20230722_CLUS_2576	owl:NamedIndividual	210
WMB:CS20230722_CLUS_2717	owl:NamedIndividual	209
WMB:CS20230722_CLUS_0668	owl:NamedIndividual	209
WMB:CS20230722_CLUS_0513	owl:NamedIndividual	209
WMB:CS20230722_CLUS_0496	owl:NamedIndividual	209
WMB:CS20230722_CLUS_0652	owl:NamedIndividual	209
WMB:CS20230722_CLUS_2958	owl:NamedIndividual	209
WMB:CS20230722_CLUS_3312	owl:NamedIndividual	209
WMB:CS20230722_CLUS_3734	owl:NamedIndividual	208
WMB:CS20230722_CLUS_3643	owl:NamedIndividual	208
WMB:CS20230722_CLUS_0877	owl:NamedIndividual	208
WMB:CS20230722_CLUS_4933	owl:NamedIndividual	208
WMB:CS20230722_CLUS_4802	owl:NamedIndividual	207
WMB:CS20230722_CLUS_2002	owl:NamedIndividual	207
WMB:CS20230722_CLUS_5184	owl:NamedIndividual	207
WMB:CS20230722_CLUS_3722	owl:NamedIndividual	207
WMB:CS20230722_CLUS_1365	owl:NamedIndividual	206
WMB:CS20230722_CLUS_3274	owl:NamedIndividual	206
WMB:CS20230722_CLUS_0989	owl:NamedIndividual	206
WMB:CS20230722_CLUS_1314	owl:NamedIndividual	206
WMB:CS20230722_CLUS_2679	owl:NamedIndividual	205
WMB:CS20230722_CLUS_2846	owl:NamedIndividual	205
WMB:CS20230722_CLUS_1156	owl:NamedIndividual	205
WMB:CS20230722_CLUS_1262	owl:NamedIndividual	204
WMB:CS20230722_CLUS_4941	owl:NamedIndividual	204
WMB:CS20230722_CLUS_1729	owl:NamedIndividual	204
WMB:CS20230722_CLUS_0562	owl:NamedIndividual	204
WMB:CS20230722_CLUS_3733	owl:NamedIndividual	204
WMB:CS20230722_CLUS_0804	owl:NamedIndividual	204
WMB:CS20230722_CLUS_3153	owl:NamedIndividual	203
WMB:CS20230722_CLUS_1167	owl:NamedIndividual	203
WMB:CS20230722_CLUS_4744	owl:NamedIndividual	203
WMB:CS20230722_CLUS_0839	owl:NamedIndividual	203
WMB:CS20230722_CLUS_1956	owl:NamedIndividual	202
WMB:CS20230722_CLUS_3737	owl:NamedIndividual	202
WMB:CS20230722_CLUS_2700	owl:NamedIndividual	202
WMB:CS20230722_CLUS_0428	owl:NamedIndividual	202
WMB:CS20230722_CLUS_1582	owl:NamedIndividual	202
WMB:CS20230722_CLUS_0717	owl:NamedIndividual	201
WMB:CS20230722_CLUS_2278	owl:NamedIndividual	201
WMB:CS20230722_CLUS_2377	owl:NamedIndividual	201
WMB:CS20230722_CLUS_3132	owl:NamedIndividual	201
WMB:CS20230722_CLUS_0823	owl:NamedIndividual	200
WMB:CS20230722_CLUS_0843	owl:NamedIndividual	200
WMB:CS20230722_CLUS_3366	owl:NamedIndividual	200
WMB:CS20230722_CLUS_1024	owl:NamedIndividual	200
WMB:CS20230722_CLUS_0925	owl:NamedIndividual	199
WMB:CS20230722_CLUS_1048	owl:NamedIndividual	199
WMB:CS20230722_CLUS_4687	owl:NamedIndividual	199
WMB:CS20230722_CLUS_0683	owl:NamedIndividual	199
WMB:CS20230722_CLUS_3373	owl:NamedIndividual	199
WMB:CS20230722_CLUS_3855	owl:NamedIndividual	199
WMB:CS20230722_CLUS_1544	owl:NamedIndividual	199
WMB:CS20230722_CLUS_2719	owl:NamedIndividual	199
WMB:CS20230722_CLUS_3887	owl:NamedIndividual	198
WMB:CS20230722_CLUS_3473	owl:NamedIndividual	198
WMB:CS20230722_CLUS_3745	owl:NamedIndividual	198
WMB:CS20230722_CLUS_4565	owl:NamedIndividual	197
WMB:CS20230722_CLUS_1509	owl:NamedIndividual	197
WMB:CS20230722_CLUS_0049	owl:NamedIndividual	197
WMB:CS20230722_CLUS_1432	owl:NamedIndividual	197
WMB:CS20230722_CLUS_2129	owl:NamedIndividual	197
WMB:CS20230722_CLUS_2573	owl:NamedIndividual	197
WMB:CS20230722_CLUS_4403	owl:NamedIndividual	197
WMB:CS20230722_CLUS_2023	owl:NamedIndividual	196
WMB:CS20230722_CLUS_3815	owl:NamedIndividual	196
WMB:CS20230722_CLUS_1356	owl:NamedIndividual	196
WMB:CS20230722_CLUS_0051	owl:NamedIndividual	195
WMB:CS20230722_CLUS_1485	owl:NamedIndividual	195
WMB:CS20230722_CLUS_0367	owl:NamedIndividual	195
WMB:CS20230722_CLUS_1894	owl:NamedIndividual	195
WMB:CS20230722_CLUS_2645	owl:NamedIndividual	195
WMB:CS20230722_CLUS_0684	owl:NamedIndividual	194
WMB:CS20230722_CLUS_1710	owl:NamedIndividual	194
WMB:CS20230722_CLUS_2057	owl:NamedIndividual	193
WMB:CS20230722_CLUS_1149	owl:NamedIndividual	193
WMB:CS20230722_CLUS_1111	owl:NamedIndividual	193
WMB:CS20230722_CLUS_2822	owl:NamedIndividual	192
WMB:CS20230722_CLUS_0108	owl:NamedIndividual	192
WMB:CS20230722_CLUS_0916	owl:NamedIndividual	192
WMB:CS20230722_CLUS_0695	owl:NamedIndividual	192
WMB:CS20230722_CLUS_2011	owl:NamedIndividual	192
WMB:CS20230722_CLUS_2053	owl:NamedIndividual	192
WMB:CS20230722_CLUS_4703	owl:NamedIndividual	191
WMB:CS20230722_CLUS_0209	owl:NamedIndividual	191
WMB:CS20230722_CLUS_3364	owl:NamedIndividual	191
WMB:CS20230722_CLUS_0956	owl:NamedIndividual	191
WMB:CS20230722_CLUS_1049	owl:NamedIndividual	191
WMB:CS20230722_CLUS_2581	owl:NamedIndividual	191
WMB:CS20230722_CLUS_2697	owl:NamedIndividual	191
WMB:CS20230722_CLUS_1355	owl:NamedIndividual	191
WMB:CS20230722_CLUS_1151	owl:NamedIndividual	191
WMB:CS20230722_CLUS_1135	owl:NamedIndividual	190
WMB:CS20230722_CLUS_3217	owl:NamedIndividual	190
WMB:CS20230722_CLUS_1334	owl:NamedIndividual	190
WMB:CS20230722_CLUS_3825	owl:NamedIndividual	189
WMB:CS20230722_CLUS_3381	owl:NamedIndividual	189
WMB:CS20230722_CLUS_0107	owl:NamedIndividual	189
WMB:CS20230722_CLUS_0369	owl:NamedIndividual	189
WMB:CS20230722_CLUS_0928	owl:NamedIndividual	188
WMB:CS20230722_CLUS_4978	owl:NamedIndividual	188
WMB:CS20230722_CLUS_1850	owl:NamedIndividual	188
WMB:CS20230722_CLUS_4566	owl:NamedIndividual	188
WMB:CS20230722_CLUS_2599	owl:NamedIndividual	187
WMB:CS20230722_CLUS_4888	owl:NamedIndividual	187
WMB:CS20230722_CLUS_4893	owl:NamedIndividual	187
WMB:CS20230722_CLUS_4709	owl:NamedIndividual	187
WMB:CS20230722_CLUS_2590	owl:NamedIndividual	187
WMB:CS20230722_CLUS_2991	owl:NamedIndividual	187
WMB:CS20230722_CLUS_1228	owl:NamedIndividual	187
WMB:CS20230722_CLUS_0767	owl:NamedIndividual	187
WMB:CS20230722_CLUS_1597	owl:NamedIndividual	186
WMB:CS20230722_CLUS_3858	owl:NamedIndividual	186
WMB:CS20230722_CLUS_0019	owl:NamedIndividual	186
WMB:CS20230722_CLUS_1121	owl:NamedIndividual	186
WMB:CS20230722_CLUS_2346	owl:NamedIndividual	186
WMB:CS20230722_CLUS_1871	owl:NamedIndividual	186
WMB:CS20230722_CLUS_1844	owl:NamedIndividual	185
WMB:CS20230722_CLUS_3812	owl:NamedIndividual	185
WMB:CS20230722_CLUS_0194	owl:NamedIndividual	185
WMB:CS20230722_CLUS_0210	owl:NamedIndividual	184
WMB:CS20230722_CLUS_0993	owl:NamedIndividual	184
WMB:CS20230722_CLUS_2691	owl:NamedIndividual	183
WMB:CS20230722_CLUS_0521	owl:NamedIndividual	183
WMB:CS20230722_CLUS_0302	owl:NamedIndividual	183
WMB:CS20230722_CLUS_1340	owl:NamedIndividual	183
WMB:CS20230722_CLUS_0395	owl:NamedIndividual	183
WMB:CS20230722_CLUS_0321	owl:NamedIndividual	182
WMB:CS20230722_CLUS_3799	owl:NamedIndividual	182
WMB:CS20230722_CLUS_0396	owl:NamedIndividual	182
WMB:CS20230722_CLUS_3726	owl:NamedIndividual	182
WMB:CS20230722_CLUS_2639	owl:NamedIndividual	181
WMB:CS20230722_CLUS_1839	owl:NamedIndividual	181
WMB:CS20230722_CLUS_0151	owl:NamedIndividual	181
WMB:CS20230722_CLUS_1697	owl:NamedIndividual	181
WMB:CS20230722_CLUS_3314	owl:NamedIndividual	180
WMB:CS20230722_CLUS_2339	owl:NamedIndividual	180
WMB:CS20230722_CLUS_5008	owl:NamedIndividual	180
WMB:CS20230722_CLUS_4669	owl:NamedIndividual	179
WMB:CS20230722_CLUS_3239	owl:NamedIndividual	179
WMB:CS20230722_CLUS_1548	owl:NamedIndividual	179
WMB:CS20230722_CLUS_2381	owl:NamedIndividual	179
WMB:CS20230722_CLUS_1087	owl:NamedIndividual	179
WMB:CS20230722_CLUS_0691	owl:NamedIndividual	178
WMB:CS20230722_CLUS_0264	owl:NamedIndividual	178
WMB:CS20230722_CLUS_2034	owl:NamedIndividual	178
WMB:CS20230722_CLUS_0669	owl:NamedIndividual	178
WMB:CS20230722_CLUS_0782	owl:NamedIndividual	178
WMB:CS20230722_CLUS_2307	owl:NamedIndividual	178
WMB:CS20230722_CLUS_4930	owl:NamedIndividual	178
WMB:CS20230722_CLUS_1054	owl:NamedIndividual	178
WMB:CS20230722_CLUS_2330	owl:NamedIndividual	178
WMB:CS20230722_CLUS_1731	owl:NamedIndividual	178
WMB:CS20230722_CLUS_2108	owl:NamedIndividual	178
WMB:CS20230722_CLUS_2363	owl:NamedIndividual	178
WMB:CS20230722_CLUS_0485	owl:NamedIndividual	178
WMB:CS20230722_CLUS_3788	owl:NamedIndividual	177
WMB:CS20230722_CLUS_3190	owl:NamedIndividual	177
WMB:CS20230722_CLUS_0417	owl:NamedIndividual	176
WMB:CS20230722_CLUS_3228	owl:NamedIndividual	176
WMB:CS20230722_CLUS_1132	owl:NamedIndividual	176
WMB:CS20230722_CLUS_4753	owl:NamedIndividual	176
WMB:CS20230722_CLUS_2040	owl:NamedIndividual	176
WMB:CS20230722_CLUS_4088	owl:NamedIndividual	175
WMB:CS20230722_CLUS_2809	owl:NamedIndividual	175
WMB:CS20230722_CLUS_1376	owl:NamedIndividual	175
WMB:CS20230722_CLUS_3032	owl:NamedIndividual	175
WMB:CS20230722_CLUS_2308	owl:NamedIndividual	175
WMB:CS20230722_CLUS_4825	owl:NamedIndividual	174
WMB:CS20230722_CLUS_4015	owl:NamedIndividual	174
WMB:CS20230722_CLUS_4117	owl:NamedIndividual	174
WMB:CS20230722_CLUS_3354	owl:NamedIndividual	174
WMB:CS20230722_CLUS_5303	owl:NamedIndividual	174
WMB:CS20230722_CLUS_3250	owl:NamedIndividual	174
WMB:CS20230722_CLUS_1804	owl:NamedIndividual	174
WMB:CS20230722_CLUS_1112	owl:NamedIndividual	173
WMB:CS20230722_CLUS_2015	owl:NamedIndividual	173
WMB:CS20230722_CLUS_0370	owl:NamedIndividual	173
WMB:CS20230722_CLUS_2661	owl:NamedIndividual	173
WMB:CS20230722_CLUS_3318	owl:NamedIndividual	173
WMB:CS20230722_CLUS_1953	owl:NamedIndividual	172
WMB:CS20230722_CLUS_1630	owl:NamedIndividual	172
WMB:CS20230722_CLUS_0258	owl:NamedIndividual	172
WMB:CS20230722_CLUS_2204	owl:NamedIndividual	172
WMB:CS20230722_CLUS_1164	owl:NamedIndividual	172
WMB:CS20230722_CLUS_1971	owl:NamedIndividual	172
WMB:CS20230722_CLUS_3478	owl:NamedIndividual	171
WMB:CS20230722_CLUS_3238	owl:NamedIndividual	171
WMB:CS20230722_CLUS_2634	owl:NamedIndividual	171
WMB:CS20230722_CLUS_2019	owl:NamedIndividual	171
WMB:CS20230722_CLUS_2591	owl:NamedIndividual	170
WMB:CS20230722_CLUS_1279	owl:NamedIndividual	170
WMB:CS20230722_CLUS_0971	owl:NamedIndividual	170
WMB:CS20230722_CLUS_3367	owl:NamedIndividual	170
WMB:CS20230722_CLUS_1069	owl:NamedIndividual	170
WMB:CS20230722_CLUS_4999	owl:NamedIndividual	170
WMB:CS20230722_CLUS_2630	owl:NamedIndividual	170
WMB:CS20230722_CLUS_1962	owl:NamedIndividual	170
WMB:CS20230722_CLUS_2688	owl:NamedIndividual	169
WMB:CS20230722_CLUS_0657	owl:NamedIndividual	169
WMB:CS20230722_CLUS_0461	owl:NamedIndividual	169
WMB:CS20230722_CLUS_0921	owl:NamedIndividual	169
WMB:CS20230722_CLUS_5170	owl:NamedIndividual	169
WMB:CS20230722_CLUS_0018	owl:NamedIndividual	169
WMB:CS20230722_CLUS_2321	owl:NamedIndividual	169
WMB:CS20230722_CLUS_0306	owl:NamedIndividual	168
WMB:CS20230722_CLUS_1293	owl:NamedIndividual	168
WMB:CS20230722_CLUS_3790	owl:NamedIndividual	168
WMB:CS20230722_CLUS_2549	owl:NamedIndividual	168
WMB:CS20230722_CLUS_1802	owl:NamedIndividual	168
WMB:CS20230722_CLUS_3903	owl:NamedIndividual	168
WMB:CS20230722_CLUS_4609	owl:NamedIndividual	168
WMB:CS20230722_CLUS_3226	owl:NamedIndividual	168
WMB:CS20230722_CLUS_0850	owl:NamedIndividual	168
WMB:CS20230722_CLUS_0137	owl:NamedIndividual	167
WMB:CS20230722_CLUS_0322	owl:NamedIndividual	167
WMB:CS20230722_CLUS_1900	owl:NamedIndividual	167
WMB:CS20230722_CLUS_4091	owl:NamedIndividual	167
WMB:CS20230722_CLUS_2782	owl:NamedIndividual	167
WMB:CS20230722_CLUS_1155	owl:NamedIndividual	167
WMB:CS20230722_CLUS_1935	owl:NamedIndividual	167
WMB:CS20230722_CLUS_2955	owl:NamedIndividual	166
WMB:CS20230722_CLUS_0277	owl:NamedIndividual	166
WMB:CS20230722_CLUS_3021	owl:NamedIndividual	166
WMB:CS20230722_CLUS_1712	owl:NamedIndividual	166
WMB:CS20230722_CLUS_0565	owl:NamedIndividual	166
WMB:CS20230722_CLUS_2280	owl:NamedIndividual	166
WMB:CS20230722_CLUS_2587	owl:NamedIndividual	165
WMB:CS20230722_CLUS_3338	owl:NamedIndividual	165
WMB:CS20230722_CLUS_3204	owl:NamedIndividual	165
WMB:CS20230722_CLUS_1096	owl:NamedIndividual	165
WMB:CS20230722_CLUS_3350	owl:NamedIndividual	165
WMB:CS20230722_CLUS_1017	owl:NamedIndividual	165
WMB:CS20230722_CLUS_1606	owl:NamedIndividual	165
WMB:CS20230722_CLUS_0813	owl:NamedIndividual	165
WMB:CS20230722_CLUS_1037	owl:NamedIndividual	164
WMB:CS20230722_CLUS_3236	owl:NamedIndividual	164
WMB:CS20230722_CLUS_2983	owl:NamedIndividual	164
WMB:CS20230722_CLUS_2637	owl:NamedIndividual	164
WMB:CS20230722_CLUS_0323	owl:NamedIndividual	164
WMB:CS20230722_CLUS_2329	owl:NamedIndividual	164
WMB:CS20230722_CLUS_1719	owl:NamedIndividual	163
WMB:CS20230722_CLUS_0301	owl:NamedIndividual	163
WMB:CS20230722_CLUS_3853	owl:NamedIndividual	163
WMB:CS20230722_CLUS_0660	owl:NamedIndividual	163
WMB:CS20230722_CLUS_0808	owl:NamedIndividual	162
WMB:CS20230722_CLUS_4030	owl:NamedIndividual	162
WMB:CS20230722_CLUS_2667	owl:NamedIndividual	162
WMB:CS20230722_CLUS_3871	owl:NamedIndividual	162
WMB:CS20230722_CLUS_2527	owl:NamedIndividual	162
WMB:CS20230722_CLUS_1014	owl:NamedIndividual	162
WMB:CS20230722_CLUS_3682	owl:NamedIndividual	162
WMB:CS20230722_CLUS_4913	owl:NamedIndividual	162
WMB:CS20230722_CLUS_3797	owl:NamedIndividual	162
WMB:CS20230722_CLUS_2083	owl:NamedIndividual	162
WMB:CS20230722_CLUS_2331	owl:NamedIndividual	161
WMB:CS20230722_CLUS_0400	owl:NamedIndividual	160
WMB:CS20230722_CLUS_0832	owl:NamedIndividual	160
WMB:CS20230722_CLUS_2554	owl:NamedIndividual	160
WMB:CS20230722_CLUS_1666	owl:NamedIndividual	160
WMB:CS20230722_CLUS_1718	owl:NamedIndividual	160
WMB:CS20230722_CLUS_0955	owl:NamedIndividual	160
WMB:CS20230722_CLUS_1495	owl:NamedIndividual	160
WMB:CS20230722_CLUS_1045	owl:NamedIndividual	159
WMB:CS20230722_CLUS_2690	owl:NamedIndividual	159
WMB:CS20230722_CLUS_2623	owl:NamedIndividual	159
WMB:CS20230722_CLUS_0523	owl:NamedIndividual	159
WMB:CS20230722_CLUS_4979	owl:NamedIndividual	159
WMB:CS20230722_CLUS_1291	owl:NamedIndividual	159
WMB:CS20230722_CLUS_1239	owl:NamedIndividual	159
WMB:CS20230722_CLUS_3146	owl:NamedIndividual	158
WMB:CS20230722_CLUS_1042	owl:NamedIndividual	158
WMB:CS20230722_CLUS_2102	owl:NamedIndividual	158
WMB:CS20230722_CLUS_5213	owl:NamedIndividual	158
WMB:CS20230722_CLUS_2859	owl:NamedIndividual	158
WMB:CS20230722_CLUS_2497	owl:NamedIndividual	158
WMB:CS20230722_CLUS_3143	owl:NamedIndividual	157
WMB:CS20230722_CLUS_3813	owl:NamedIndividual	157
WMB:CS20230722_CLUS_4668	owl:NamedIndividual	157
WMB:CS20230722_CLUS_2271	owl:NamedIndividual	157
WMB:CS20230722_CLUS_3419	owl:NamedIndividual	157
WMB:CS20230722_CLUS_0696	owl:NamedIndividual	157
WMB:CS20230722_CLUS_4102	owl:NamedIndividual	157
WMB:CS20230722_CLUS_0680	owl:NamedIndividual	157
WMB:CS20230722_CLUS_1370	owl:NamedIndividual	156
WMB:CS20230722_CLUS_2297	owl:NamedIndividual	156
WMB:CS20230722_CLUS_1134	owl:NamedIndividual	156
WMB:CS20230722_CLUS_3645	owl:NamedIndividual	156
WMB:CS20230722_CLUS_4711	owl:NamedIndividual	155
WMB:CS20230722_CLUS_2005	owl:NamedIndividual	155
WMB:CS20230722_CLUS_1346	owl:NamedIndividual	155
WMB:CS20230722_CLUS_1169	owl:NamedIndividual	155
WMB:CS20230722_CLUS_3798	owl:NamedIndividual	155
WMB:CS20230722_CLUS_3686	owl:NamedIndividual	155
WMB:CS20230722_CLUS_1008	owl:NamedIndividual	155
WMB:CS20230722_CLUS_3730	owl:NamedIndividual	155
WMB:CS20230722_CLUS_1306	owl:NamedIndividual	155
WMB:CS20230722_CLUS_1856	owl:NamedIndividual	155
WMB:CS20230722_CLUS_1196	owl:NamedIndividual	154
WMB:CS20230722_CLUS_4808	owl:NamedIndividual	154
WMB:CS20230722_CLUS_3808	owl:NamedIndividual	154
WMB:CS20230722_CLUS_1959	owl:NamedIndividual	154
WMB:CS20230722_CLUS_4084	owl:NamedIndividual	154
WMB:CS20230722_CLUS_0837	owl:NamedIndividual	154
WMB:CS20230722_CLUS_1410	owl:NamedIndividual	154
WMB:CS20230722_CLUS_1613	owl:NamedIndividual	154
WMB:CS20230722_CLUS_3123	owl:NamedIndividual	154
WMB:CS20230722_CLUS_1903	owl:NamedIndividual	153
WMB:CS20230722_CLUS_3703	owl:NamedIndividual	153
WMB:CS20230722_CLUS_4033	owl:NamedIndividual	153
WMB:CS20230722_CLUS_1925	owl:NamedIndividual	153
WMB:CS20230722_CLUS_0448	owl:NamedIndividual	153
WMB:CS20230722_CLUS_4605	owl:NamedIndividual	153
WMB:CS20230722_CLUS_1516	owl:NamedIndividual	153
WMB:CS20230722_CLUS_2296	owl:NamedIndividual	153
WMB:CS20230722_CLUS_2341	owl:NamedIndividual	153
WMB:CS20230722_CLUS_1852	owl:NamedIndividual	152
WMB:CS20230722_CLUS_0249	owl:NamedIndividual	152
WMB:CS20230722_CLUS_2555	owl:NamedIndividual	152
WMB:CS20230722_CLUS_1803	owl:NamedIndividual	152
WMB:CS20230722_CLUS_4522	owl:NamedIndividual	152
WMB:CS20230722_CLUS_0125	owl:NamedIndividual	152
WMB:CS20230722_CLUS_1818	owl:NamedIndividual	152
WMB:CS20230722_CLUS_3846	owl:NamedIndividual	152
WMB:CS20230722_CLUS_0937	owl:NamedIndividual	151
WMB:CS20230722_CLUS_1016	owl:NamedIndividual	151
WMB:CS20230722_CLUS_0320	owl:NamedIndividual	151
WMB:CS20230722_CLUS_2033	owl:NamedIndividual	151
WMB:CS20230722_CLUS_2619	owl:NamedIndividual	151
WMB:CS20230722_CLUS_2225	owl:NamedIndividual	151
WMB:CS20230722_CLUS_2754	owl:NamedIndividual	151
WMB:CS20230722_CLUS_4197	owl:NamedIndividual	151
WMB:CS20230722_CLUS_1377	owl:NamedIndividual	150
WMB:CS20230722_CLUS_2987	owl:NamedIndividual	150
WMB:CS20230722_CLUS_0883	owl:NamedIndividual	150
WMB:CS20230722_CLUS_3195	owl:NamedIndividual	150
WMB:CS20230722_CLUS_1732	owl:NamedIndividual	150
WMB:CS20230722_CLUS_2229	owl:NamedIndividual	150
WMB:CS20230722_CLUS_1498	owl:NamedIndividual	149
WMB:CS20230722_CLUS_3640	owl:NamedIndividual	149
WMB:CS20230722_CLUS_0905	owl:NamedIndividual	149
WMB:CS20230722_CLUS_1543	owl:NamedIndividual	149
WMB:CS20230722_CLUS_4975	owl:NamedIndividual	149
WMB:CS20230722_CLUS_1418	owl:NamedIndividual	149
WMB:CS20230722_CLUS_3401	owl:NamedIndividual	149
WMB:CS20230722_CLUS_0373	owl:NamedIndividual	149
WMB:CS20230722_CLUS_1360	owl:NamedIndividual	149
WMB:CS20230722_CLUS_1242	owl:NamedIndividual	149
WMB:CS20230722_CLUS_3698	owl:NamedIndividual	149
WMB:CS20230722_CLUS_2486	owl:NamedIndividual	149
WMB:CS20230722_CLUS_0416	owl:NamedIndividual	149
WMB:CS20230722_CLUS_0393	owl:NamedIndividual	148
WMB:CS20230722_CLUS_0723	owl:NamedIndividual	148
WMB:CS20230722_CLUS_5242	owl:NamedIndividual	148
WMB:CS20230722_CLUS_2622	owl:NamedIndividual	148
WMB:CS20230722_CLUS_0199	owl:NamedIndividual	148
WMB:CS20230722_CLUS_0516	owl:NamedIndividual	148
WMB:CS20230722_CLUS_1193	owl:NamedIndividual	148
WMB:CS20230722_CLUS_1406	owl:NamedIndividual	148
WMB:CS20230722_CLUS_1806	owl:NamedIndividual	147
WMB:CS20230722_CLUS_1889	owl:NamedIndividual	147
WMB:CS20230722_CLUS_2026	owl:NamedIndividual	147
WMB:CS20230722_CLUS_1439	owl:NamedIndividual	146
WMB:CS20230722_CLUS_1122	owl:NamedIndividual	146
WMB:CS20230722_CLUS_4734	owl:NamedIndividual	146
WMB:CS20230722_CLUS_1061	owl:NamedIndividual	146
WMB:CS20230722_CLUS_3702	owl:NamedIndividual	146
WMB:CS20230722_CLUS_1431	owl:NamedIndividual	145
WMB:CS20230722_CLUS_2489	owl:NamedIndividual	145
WMB:CS20230722_CLUS_0511	owl:NamedIndividual	145
WMB:CS20230722_CLUS_3502	owl:NamedIndividual	145
WMB:CS20230722_CLUS_1105	owl:NamedIndividual	145
WMB:CS20230722_CLUS_1519	owl:NamedIndividual	145
WMB:CS20230722_CLUS_1994	owl:NamedIndividual	145
WMB:CS20230722_CLUS_2988	owl:NamedIndividual	144
WMB:CS20230722_CLUS_1501	owl:NamedIndividual	144
WMB:CS20230722_CLUS_0607	owl:NamedIndividual	144
WMB:CS20230722_CLUS_0298	owl:NamedIndividual	144
WMB:CS20230722_CLUS_4795	owl:NamedIndividual	144
WMB:CS20230722_CLUS_1127	owl:NamedIndividual	144
WMB:CS20230722_CLUS_3216	owl:NamedIndividual	143
WMB:CS20230722_CLUS_2289	owl:NamedIndividual	143
WMB:CS20230722_CLUS_2473	owl:NamedIndividual	143
WMB:CS20230722_CLUS_1133	owl:NamedIndividual	143
WMB:CS20230722_CLUS_0303	owl:NamedIndividual	143
WMB:CS20230722_CLUS_0603	owl:NamedIndividual	142
WMB:CS20230722_CLUS_0910	owl:NamedIndividual	142
WMB:CS20230722_CLUS_1617	owl:NamedIndividual	142
WMB:CS20230722_CLUS_1777	owl:NamedIndividual	142
WMB:CS20230722_CLUS_3349	owl:NamedIndividual	142
WMB:CS20230722_CLUS_1678	owl:NamedIndividual	141
WMB:CS20230722_CLUS_4100	owl:NamedIndividual	141
WMB:CS20230722_CLUS_0203	owl:NamedIndividual	141
WMB:CS20230722_CLUS_1178	owl:NamedIndividual	141
WMB:CS20230722_CLUS_2628	owl:NamedIndividual	141
WMB:CS20230722_CLUS_1098	owl:NamedIndividual	141
WMB:CS20230722_CLUS_4866	owl:NamedIndividual	141
WMB:CS20230722_CLUS_0608	owl:NamedIndividual	141
WMB:CS20230722_CLUS_3603	owl:NamedIndividual	141
WMB:CS20230722_CLUS_3206	owl:NamedIndividual	141
WMB:CS20230722_CLUS_2701	owl:NamedIndividual	140
WMB:CS20230722_CLUS_3800	owl:NamedIndividual	140
WMB:CS20230722_CLUS_1329	owl:NamedIndividual	140
WMB:CS20230722_CLUS_1942	owl:NamedIndividual	140
WMB:CS20230722_CLUS_1540	owl:NamedIndividual	140
WMB:CS20230722_CLUS_1092	owl:NamedIndividual	139
WMB:CS20230722_CLUS_2236	owl:NamedIndividual	139
WMB:CS20230722_CLUS_1637	owl:NamedIndividual	139
WMB:CS20230722_CLUS_4568	owl:NamedIndividual	139
WMB:CS20230722_CLUS_1840	owl:NamedIndividual	139
WMB:CS20230722_CLUS_1813	owl:NamedIndividual	139
WMB:CS20230722_CLUS_4879	owl:NamedIndividual	139
WMB:CS20230722_CLUS_5169	owl:NamedIndividual	139
WMB:CS20230722_CLUS_1253	owl:NamedIndividual	139
WMB:CS20230722_CLUS_3744	owl:NamedIndividual	138
WMB:CS20230722_CLUS_3062	owl:NamedIndividual	138
WMB:CS20230722_CLUS_4620	owl:NamedIndividual	138
WMB:CS20230722_CLUS_0856	owl:NamedIndividual	138
WMB:CS20230722_CLUS_0690	owl:NamedIndividual	138
WMB:CS20230722_CLUS_2575	owl:NamedIndividual	138
WMB:CS20230722_CLUS_4090	owl:NamedIndividual	138
WMB:CS20230722_CLUS_2291	owl:NamedIndividual	138
WMB:CS20230722_CLUS_3220	owl:NamedIndividual	137
WMB:CS20230722_CLUS_1928	owl:NamedIndividual	137
WMB:CS20230722_CLUS_3133	owl:NamedIndividual	137
WMB:CS20230722_CLUS_2027	owl:NamedIndividual	137
WMB:CS20230722_CLUS_2335	owl:NamedIndividual	137
WMB:CS20230722_CLUS_3468	owl:NamedIndividual	137
WMB:CS20230722_CLUS_0476	owl:NamedIndividual	137
WMB:CS20230722_CLUS_2348	owl:NamedIndividual	137
WMB:CS20230722_CLUS_1146	owl:NamedIndividual	137
WMB:CS20230722_CLUS_4977	owl:NamedIndividual	136
WMB:CS20230722_CLUS_1433	owl:NamedIndividual	136
WMB:CS20230722_CLUS_4053	owl:NamedIndividual	136
WMB:CS20230722_CLUS_3181	owl:NamedIndividual	136
WMB:CS20230722_CLUS_4339	owl:NamedIndividual	136
WMB:CS20230722_CLUS_1036	owl:NamedIndividual	136
WMB:CS20230722_CLUS_2569	owl:NamedIndividual	136
WMB:CS20230722_CLUS_3819	owl:NamedIndividual	136
WMB:CS20230722_CLUS_4936	owl:NamedIndividual	136
WMB:CS20230722_CLUS_0596	owl:NamedIndividual	136
WMB:CS20230722_CLUS_4151	owl:NamedIndividual	136
WMB:CS20230722_CLUS_3493	owl:NamedIndividual	135
WMB:CS20230722_CLUS_0504	owl:NamedIndividual	135
WMB:CS20230722_CLUS_2702	owl:NamedIndividual	135
WMB:CS20230722_CLUS_1581	owl:NamedIndividual	135
WMB:CS20230722_CLUS_4001	owl:NamedIndividual	135
WMB:CS20230722_CLUS_2360	owl:NamedIndividual	135
WMB:CS20230722_CLUS_1470	owl:NamedIndividual	135
WMB:CS20230722_CLUS_1148	owl:NamedIndividual	135
WMB:CS20230722_CLUS_3172	owl:NamedIndividual	135
WMB:CS20230722_CLUS_2673	owl:NamedIndividual	135
WMB:CS20230722_CLUS_3347	owl:NamedIndividual	135
WMB:CS20230722_CLUS_3624	owl:NamedIndividual	135
WMB:CS20230722_CLUS_3460	owl:NamedIndividual	134
WMB:CS20230722_CLUS_1038	owl:NamedIndividual	134
WMB:CS20230722_CLUS_2860	owl:NamedIndividual	134
WMB:CS20230722_CLUS_3221	owl:NamedIndividual	134
WMB:CS20230722_CLUS_3330	owl:NamedIndividual	134
WMB:CS20230722_CLUS_1968	owl:NamedIndividual	134
WMB:CS20230722_CLUS_3214	owl:NamedIndividual	134
WMB:CS20230722_CLUS_2324	owl:NamedIndividual	134
WMB:CS20230722_CLUS_2566	owl:NamedIndividual	134
WMB:CS20230722_CLUS_2850	owl:NamedIndividual	134
WMB:CS20230722_CLUS_1184	owl:NamedIndividual	133
WMB:CS20230722_CLUS_1162	owl:NamedIndividual	133
WMB:CS20230722_CLUS_1429	owl:NamedIndividual	133
WMB:CS20230722_CLUS_3907	owl:NamedIndividual	133
WMB:CS20230722_CLUS_4200	owl:NamedIndividual	133
WMB:CS20230722_CLUS_4101	owl:NamedIndividual	133
WMB:CS20230722_CLUS_4949	owl:NamedIndividual	133
WMB:CS20230722_CLUS_0615	owl:NamedIndividual	133
WMB:CS20230722_CLUS_1051	owl:NamedIndividual	133
WMB:CS20230722_CLUS_2963	owl:NamedIndividual	133
WMB:CS20230722_CLUS_2195	owl:NamedIndividual	132
WMB:CS20230722_CLUS_3147	owl:NamedIndividual	132
WMB:CS20230722_CLUS_3345	owl:NamedIndividual	132
WMB:CS20230722_CLUS_2584	owl:NamedIndividual	132
WMB:CS20230722_CLUS_0560	owl:NamedIndividual	132
WMB:CS20230722_CLUS_0938	owl:NamedIndividual	132
WMB:CS20230722_CLUS_0835	owl:NamedIndividual	132
WMB:CS20230722_CLUS_0725	owl:NamedIndividual	132
WMB:CS20230722_CLUS_2565	owl:NamedIndividual	132
WMB:CS20230722_CLUS_3054	owl:NamedIndividual	132
WMB:CS20230722_CLUS_0692	owl:NamedIndividual	132
WMB:CS20230722_CLUS_0268	owl:NamedIndividual	132
WMB:CS20230722_CLUS_4468	owl:NamedIndividual	132
WMB:CS20230722_CLUS_1412	owl:NamedIndividual	132
WMB:CS20230722_CLUS_3782	owl:NamedIndividual	132
WMB:CS20230722_CLUS_1131	owl:NamedIndividual	131
WMB:CS20230722_CLUS_4153	owl:NamedIndividual	131
WMB:CS20230722_CLUS_2853	owl:NamedIndividual	131
WMB:CS20230722_CLUS_2668	owl:NamedIndividual	131
WMB:CS20230722_CLUS_0559	owl:NamedIndividual	131
WMB:CS20230722_CLUS_4751	owl:NamedIndividual	131
WMB:CS20230722_CLUS_3679	owl:NamedIndividual	131
WMB:CS20230722_CLUS_4762	owl:NamedIndividual	130
WMB:CS20230722_CLUS_2593	owl:NamedIndividual	130
WMB:CS20230722_CLUS_2334	owl:NamedIndividual	130
WMB:CS20230722_CLUS_2642	owl:NamedIndividual	130
WMB:CS20230722_CLUS_0290	owl:NamedIndividual	130
WMB:CS20230722_CLUS_1318	owl:NamedIndividual	130
WMB:CS20230722_CLUS_4534	owl:NamedIndividual	130
WMB:CS20230722_CLUS_1367	owl:NamedIndividual	130
WMB:CS20230722_CLUS_3339	owl:NamedIndividual	130
WMB:CS20230722_CLUS_0292	owl:NamedIndividual	130
WMB:CS20230722_CLUS_1138	owl:NamedIndividual	130
WMB:CS20230722_CLUS_2270	owl:NamedIndividual	130
WMB:CS20230722_CLUS_0755	owl:NamedIndividual	130
WMB:CS20230722_CLUS_0879	owl:NamedIndividual	129
WMB:CS20230722_CLUS_4960	owl:NamedIndividual	129
WMB:CS20230722_CLUS_2016	owl:NamedIndividual	129
WMB:CS20230722_CLUS_1887	owl:NamedIndividual	129
WMB:CS20230722_CLUS_0901	owl:NamedIndividual	129
WMB:CS20230722_CLUS_3477	owl:NamedIndividual	129
WMB:CS20230722_CLUS_1052	owl:NamedIndividual	129
WMB:CS20230722_CLUS_3683	owl:NamedIndividual	129
WMB:CS20230722_CLUS_2793	owl:NamedIndividual	129
WMB:CS20230722_CLUS_1407	owl:NamedIndividual	129
WMB:CS20230722_CLUS_0872	owl:NamedIndividual	129
WMB:CS20230722_CLUS_1657	owl:NamedIndividual	128
WMB:CS20230722_CLUS_4559	owl:NamedIndividual	128
WMB:CS20230722_CLUS_1473	owl:NamedIndividual	128
WMB:CS20230722_CLUS_1420	owl:NamedIndividual	128
WMB:CS20230722_CLUS_1608	owl:NamedIndividual	128
WMB:CS20230722_CLUS_3251	owl:NamedIndividual	127
WMB:CS20230722_CLUS_1088	owl:NamedIndividual	127
WMB:CS20230722_CLUS_1102	owl:NamedIndividual	127
WMB:CS20230722_CLUS_2588	owl:NamedIndividual	127
WMB:CS20230722_CLUS_1874	owl:NamedIndividual	127
WMB:CS20230722_CLUS_1496	owl:NamedIndividual	127
WMB:CS20230722_CLUS_3211	owl:NamedIndividual	127
WMB:CS20230722_CLUS_1371	owl:NamedIndividual	127
WMB:CS20230722_CLUS_2056	owl:NamedIndividual	126
WMB:CS20230722_CLUS_5119	owl:NamedIndividual	126
WMB:CS20230722_CLUS_1361	owl:NamedIndividual	126
WMB:CS20230722_CLUS_3259	owl:NamedIndividual	126
WMB:CS20230722_CLUS_5067	owl:NamedIndividual	126
WMB:CS20230722_CLUS_1769	owl:NamedIndividual	126
WMB:CS20230722_CLUS_2892	owl:NamedIndividual	126
WMB:CS20230722_CLUS_0610	owl:NamedIndividual	126
WMB:CS20230722_CLUS_3412	owl:NamedIndividual	126
WMB:CS20230722_CLUS_2212	owl:NamedIndividual	126
WMB:CS20230722_CLUS_1292	owl:NamedIndividual	125
WMB:CS20230722_CLUS_2806	owl:NamedIndividual	125
WMB:CS20230722_CLUS_3205	owl:NamedIndividual	125
WMB:CS20230722_CLUS_0865	owl:NamedIndividual	125
WMB:CS20230722_CLUS_2710	owl:NamedIndividual	125
WMB:CS20230722_CLUS_4469	owl:NamedIndividual	125
WMB:CS20230722_CLUS_2036	owl:NamedIndividual	125
WMB:CS20230722_CLUS_3666	owl:NamedIndividual	125
WMB:CS20230722_CLUS_3850	owl:NamedIndividual	125
WMB:CS20230722_CLUS_2038	owl:NamedIndividual	125
WMB:CS20230722_CLUS_1280	owl:NamedIndividual	125
WMB:CS20230722_CLUS_0727	owl:NamedIndividual	125
WMB:CS20230722_CLUS_2237	owl:NamedIndividual	124
WMB:CS20230722_CLUS_2694	owl:NamedIndividual	124
WMB:CS20230722_CLUS_3374	owl:NamedIndividual	124
WMB:CS20230722_CLUS_1578	owl:NamedIndividual	124
WMB:CS20230722_CLUS_2986	owl:NamedIndividual	124
WMB:CS20230722_CLUS_3728	owl:NamedIndividual	124
WMB:CS20230722_CLUS_1788	owl:NamedIndividual	123
WMB:CS20230722_CLUS_0965	owl:NamedIndividual	123
WMB:CS20230722_CLUS_0260	owl:NamedIndividual	123
WMB:CS20230722_CLUS_0896	owl:NamedIndividual	123
WMB:CS20230722_CLUS_2200	owl:NamedIndividual	123
WMB:CS20230722_CLUS_3618	owl:NamedIndividual	122
WMB:CS20230722_CLUS_1477	owl:NamedIndividual	122
WMB:CS20230722_CLUS_2921	owl:NamedIndividual	122
WMB:CS20230722_CLUS_1383	owl:NamedIndividual	122
WMB:CS20230722_CLUS_0227	owl:NamedIndividual	121
WMB:CS20230722_CLUS_0614	owl:NamedIndividual	121
WMB:CS20230722_CLUS_1753	owl:NamedIndividual	121
WMB:CS20230722_CLUS_0681	owl:NamedIndividual	121
WMB:CS20230722_CLUS_4870	owl:NamedIndividual	121
WMB:CS20230722_CLUS_3155	owl:NamedIndividual	121
WMB:CS20230722_CLUS_2778	owl:NamedIndividual	121
WMB:CS20230722_CLUS_4602	owl:NamedIndividual	121
WMB:CS20230722_CLUS_3399	owl:NamedIndividual	121
WMB:CS20230722_CLUS_3247	owl:NamedIndividual	121
WMB:CS20230722_CLUS_1716	owl:NamedIndividual	121
WMB:CS20230722_CLUS_1455	owl:NamedIndividual	121
WMB:CS20230722_CLUS_0712	owl:NamedIndividual	120
WMB:CS20230722_CLUS_0206	owl:NamedIndividual	120
WMB:CS20230722_CLUS_2583	owl:NamedIndividual	120
WMB:CS20230722_CLUS_0550	owl:NamedIndividual	120
WMB:CS20230722_CLUS_2800	owl:NamedIndividual	120
WMB:CS20230722_CLUS_1476	owl:NamedIndividual	120
WMB:CS20230722_CLUS_4684	owl:NamedIndividual	120
WMB:CS20230722_CLUS_3024	owl:NamedIndividual	120
WMB:CS20230722_CLUS_2283	owl:NamedIndividual	120
WMB:CS20230722_CLUS_1493	owl:NamedIndividual	120
WMB:CS20230722_CLUS_1424	owl:NamedIndividual	120
WMB:CS20230722_CLUS_2158	owl:NamedIndividual	120
WMB:CS20230722_CLUS_0775	owl:NamedIndividual	120
WMB:CS20230722_CLUS_2627	owl:NamedIndividual	120
WMB:CS20230722_CLUS_2378	owl:NamedIndividual	119
WMB:CS20230722_CLUS_1404	owl:NamedIndividual	119
WMB:CS20230722_CLUS_0554	owl:NamedIndividual	119
WMB:CS20230722_CLUS_2337	owl:NamedIndividual	119
WMB:CS20230722_CLUS_4792	owl:NamedIndividual	119
WMB:CS20230722_CLUS_1528	owl:NamedIndividual	118
WMB:CS20230722_CLUS_1281	owl:NamedIndividual	118
WMB:CS20230722_CLUS_1877	owl:NamedIndividual	118
WMB:CS20230722_CLUS_1117	owl:NamedIndividual	118
WMB:CS20230722_CLUS_3346	owl:NamedIndividual	118
WMB:CS20230722_CLUS_3456	owl:NamedIndividual	118
WMB:CS20230722_CLUS_2410	owl:NamedIndividual	118
WMB:CS20230722_CLUS_1659	owl:NamedIndividual	118
WMB:CS20230722_CLUS_4420	owl:NamedIndividual	117
WMB:CS20230722_CLUS_3260	owl:NamedIndividual	117
WMB:CS20230722_CLUS_1080	owl:NamedIndividual	117
WMB:CS20230722_CLUS_0475	owl:NamedIndividual	117
WMB:CS20230722_CLUS_0626	owl:NamedIndividual	117
WMB:CS20230722_CLUS_2252	owl:NamedIndividual	117
WMB:CS20230722_CLUS_3006	owl:NamedIndividual	117
WMB:CS20230722_CLUS_2375	owl:NamedIndividual	117
WMB:CS20230722_CLUS_3821	owl:NamedIndividual	117
WMB:CS20230722_CLUS_1492	owl:NamedIndividual	117
WMB:CS20230722_CLUS_2110	owl:NamedIndividual	116
WMB:CS20230722_CLUS_3277	owl:NamedIndividual	116
WMB:CS20230722_CLUS_1892	owl:NamedIndividual	116
WMB:CS20230722_CLUS_4694	owl:NamedIndividual	116
WMB:CS20230722_CLUS_1186	owl:NamedIndividual	116
WMB:CS20230722_CLUS_3471	owl:NamedIndividual	116
WMB:CS20230722_CLUS_3509	owl:NamedIndividual	116
WMB:CS20230722_CLUS_1622	owl:NamedIndividual	116
WMB:CS20230722_CLUS_5183	owl:NamedIndividual	116
WMB:CS20230722_CLUS_3875	owl:NamedIndividual	116
WMB:CS20230722_CLUS_0201	owl:NamedIndividual	116
WMB:CS20230722_CLUS_0898	owl:NamedIndividual	116
WMB:CS20230722_CLUS_0863	owl:NamedIndividual	116
WMB:CS20230722_CLUS_2854	owl:NamedIndividual	116
WMB:CS20230722_CLUS_5156	owl:NamedIndividual	116
WMB:CS20230722_CLUS_2133	owl:NamedIndividual	116
WMB:CS20230722_CLUS_1552	owl:NamedIndividual	116
WMB:CS20230722_CLUS_4398	owl:NamedIndividual	115
WMB:CS20230722_CLUS_4935	owl:NamedIndividual	115
WMB:CS20230722_CLUS_3229	owl:NamedIndividual	115
WMB:CS20230722_CLUS_3224	owl:NamedIndividual	115
WMB:CS20230722_CLUS_3538	owl:NamedIndividual	115
WMB:CS20230722_CLUS_1457	owl:NamedIndividual	115
WMB:CS20230722_CLUS_3167	owl:NamedIndividual	115
WMB:CS20230722_CLUS_2597	owl:NamedIndividual	115
WMB:CS20230722_CLUS_2620	owl:NamedIndividual	115
WMB:CS20230722_CLUS_1161	owl:NamedIndividual	114
WMB:CS20230722_CLUS_1328	owl:NamedIndividual	114
WMB:CS20230722_CLUS_1517	owl:NamedIndividual	114
WMB:CS20230722_CLUS_2442	owl:NamedIndividual	114
WMB:CS20230722_CLUS_2788	owl:NamedIndividual	114
WMB:CS20230722_CLUS_2263	owl:NamedIndividual	114
WMB:CS20230722_CLUS_2577	owl:NamedIndividual	114
WMB:CS20230722_CLUS_0864	owl:NamedIndividual	114
WMB:CS20230722_CLUS_2942	owl:NamedIndividual	114
WMB:CS20230722_CLUS_3937	owl:NamedIndividual	114
WMB:CS20230722_CLUS_4172	owl:NamedIndividual	114
WMB:CS20230722_CLUS_1126	owl:NamedIndividual	114
WMB:CS20230722_CLUS_4752	owl:NamedIndividual	114
WMB:CS20230722_CLUS_4035	owl:NamedIndividual	113
WMB:CS20230722_CLUS_1448	owl:NamedIndividual	113
WMB:CS20230722_CLUS_2314	owl:NamedIndividual	113
WMB:CS20230722_CLUS_1691	owl:NamedIndividual	113
WMB:CS20230722_CLUS_5180	owl:NamedIndividual	113
WMB:CS20230722_CLUS_0913	owl:NamedIndividual	113
WMB:CS20230722_CLUS_4887	owl:NamedIndividual	113
WMB:CS20230722_CLUS_1760	owl:NamedIndividual	113
WMB:CS20230722_CLUS_1290	owl:NamedIndividual	113
WMB:CS20230722_CLUS_1030	owl:NamedIndividual	113
WMB:CS20230722_CLUS_2760	owl:NamedIndividual	113
WMB:CS20230722_CLUS_1097	owl:NamedIndividual	113
WMB:CS20230722_CLUS_1408	owl:NamedIndividual	113
WMB:CS20230722_CLUS_0551	owl:NamedIndividual	112
WMB:CS20230722_CLUS_1379	owl:NamedIndividual	112
WMB:CS20230722_CLUS_2474	owl:NamedIndividual	112
WMB:CS20230722_CLUS_2823	owl:NamedIndividual	112
WMB:CS20230722_CLUS_2302	owl:NamedIndividual	112
WMB:CS20230722_CLUS_3029	owl:NamedIndividual	112
WMB:CS20230722_CLUS_1555	owl:NamedIndividual	112
WMB:CS20230722_CLUS_0869	owl:NamedIndividual	112
WMB:CS20230722_CLUS_3275	owl:NamedIndividual	112
WMB:CS20230722_CLUS_1970	owl:NamedIndividual	112
WMB:CS20230722_CLUS_2018	owl:NamedIndividual	112
WMB:CS20230722_CLUS_3443	owl:NamedIndividual	112
WMB:CS20230722_CLUS_3526	owl:NamedIndividual	112
WMB:CS20230722_CLUS_4982	owl:NamedIndividual	112
WMB:CS20230722_CLUS_1789	owl:NamedIndividual	111
WMB:CS20230722_CLUS_2923	owl:NamedIndividual	111
WMB:CS20230722_CLUS_0675	owl:NamedIndividual	111
WMB:CS20230722_CLUS_3249	owl:NamedIndividual	111
WMB:CS20230722_CLUS_3501	owl:NamedIndividual	111
WMB:CS20230722_CLUS_1316	owl:NamedIndividual	111
WMB:CS20230722_CLUS_3331	owl:NamedIndividual	111
WMB:CS20230722_CLUS_3453	owl:NamedIndividual	111
WMB:CS20230722_CLUS_0715	owl:NamedIndividual	111
WMB:CS20230722_CLUS_0622	owl:NamedIndividual	111
WMB:CS20230722_CLUS_2653	owl:NamedIndividual	111
WMB:CS20230722_CLUS_3612	owl:NamedIndividual	110
WMB:CS20230722_CLUS_3834	owl:NamedIndividual	110
WMB:CS20230722_CLUS_1150	owl:NamedIndividual	110
WMB:CS20230722_CLUS_2659	owl:NamedIndividual	110
WMB:CS20230722_CLUS_2432	owl:NamedIndividual	110
WMB:CS20230722_CLUS_4980	owl:NamedIndividual	110
WMB:CS20230722_CLUS_2646	owl:NamedIndividual	110
WMB:CS20230722_CLUS_2284	owl:NamedIndividual	110
WMB:CS20230722_CLUS_2756	owl:NamedIndividual	110
WMB:CS20230722_CLUS_2716	owl:NamedIndividual	110
WMB:CS20230722_CLUS_3262	owl:NamedIndividual	110
WMB:CS20230722_CLUS_4964	owl:NamedIndividual	109
WMB:CS20230722_CLUS_3550	owl:NamedIndividual	109
WMB:CS20230722_CLUS_1648	owl:NamedIndividual	109
WMB:CS20230722_CLUS_1372	owl:NamedIndividual	109
WMB:CS20230722_CLUS_0656	owl:NamedIndividual	109
WMB:CS20230722_CLUS_3144	owl:NamedIndividual	109
WMB:CS20230722_CLUS_2025	owl:NamedIndividual	109
WMB:CS20230722_CLUS_0791	owl:NamedIndividual	109
WMB:CS20230722_CLUS_2824	owl:NamedIndividual	109
WMB:CS20230722_CLUS_3335	owl:NamedIndividual	109
WMB:CS20230722_CLUS_2770	owl:NamedIndividual	108
WMB:CS20230722_CLUS_1268	owl:NamedIndividual	108
WMB:CS20230722_CLUS_1348	owl:NamedIndividual	108
WMB:CS20230722_CLUS_4816	owl:NamedIndividual	108
WMB:CS20230722_CLUS_2105	owl:NamedIndividual	108
WMB:CS20230722_CLUS_0278	owl:NamedIndividual	108
WMB:CS20230722_CLUS_2798	owl:NamedIndividual	108
WMB:CS20230722_CLUS_3605	owl:NamedIndividual	108
WMB:CS20230722_CLUS_3093	owl:NamedIndividual	108
WMB:CS20230722_CLUS_2922	owl:NamedIndividual	108
WMB:CS20230722_CLUS_2933	owl:NamedIndividual	108
WMB:CS20230722_CLUS_3975	owl:NamedIndividual	108
WMB:CS20230722_CLUS_2712	owl:NamedIndividual	108
WMB:CS20230722_CLUS_4496	owl:NamedIndividual	108
WMB:CS20230722_CLUS_3616	owl:NamedIndividual	108
WMB:CS20230722_CLUS_4282	owl:NamedIndividual	107
WMB:CS20230722_CLUS_2340	owl:NamedIndividual	107
WMB:CS20230722_CLUS_4133	owl:NamedIndividual	107
WMB:CS20230722_CLUS_3496	owl:NamedIndividual	107
WMB:CS20230722_CLUS_3329	owl:NamedIndividual	107
WMB:CS20230722_CLUS_2095	owl:NamedIndividual	107
WMB:CS20230722_CLUS_1631	owl:NamedIndividual	107
WMB:CS20230722_CLUS_3080	owl:NamedIndividual	107
WMB:CS20230722_CLUS_1842	owl:NamedIndividual	106
WMB:CS20230722_CLUS_2524	owl:NamedIndividual	106
WMB:CS20230722_CLUS_3792	owl:NamedIndividual	106
WMB:CS20230722_CLUS_4050	owl:NamedIndividual	106
WMB:CS20230722_CLUS_0204	owl:NamedIndividual	106
WMB:CS20230722_CLUS_2132	owl:NamedIndividual	106
WMB:CS20230722_CLUS_2353	owl:NamedIndividual	106
WMB:CS20230722_CLUS_0015	owl:NamedIndividual	106
WMB:CS20230722_CLUS_1576	owl:NamedIndividual	106
WMB:CS20230722_CLUS_1221	owl:NamedIndividual	106
WMB:CS20230722_CLUS_0846	owl:NamedIndividual	106
WMB:CS20230722_CLUS_1999	owl:NamedIndividual	106
WMB:CS20230722_CLUS_3465	owl:NamedIndividual	106
WMB:CS20230722_CLUS_1091	owl:NamedIndividual	105
WMB:CS20230722_CLUS_2896	owl:NamedIndividual	105
WMB:CS20230722_CLUS_3396	owl:NamedIndividual	105
WMB:CS20230722_CLUS_4672	owl:NamedIndividual	105
WMB:CS20230722_CLUS_1849	owl:NamedIndividual	105
WMB:CS20230722_CLUS_1497	owl:NamedIndividual	105
WMB:CS20230722_CLUS_1106	owl:NamedIndividual	105
WMB:CS20230722_CLUS_3273	owl:NamedIndividual	105
WMB:CS20230722_CLUS_4698	owl:NamedIndividual	105
WMB:CS20230722_CLUS_3836	owl:NamedIndividual	104
WMB:CS20230722_CLUS_2349	owl:NamedIndividual	104
WMB:CS20230722_CLUS_4471	owl:NamedIndividual	104
WMB:CS20230722_CLUS_2900	owl:NamedIndividual	104
WMB:CS20230722_CLUS_0300	owl:NamedIndividual	104
WMB:CS20230722_CLUS_2596	owl:NamedIndividual	104
WMB:CS20230722_CLUS_2709	owl:NamedIndividual	104
WMB:CS20230722_CLUS_2984	owl:NamedIndividual	104
WMB:CS20230722_CLUS_2338	owl:NamedIndividual	104
WMB:CS20230722_CLUS_1099	owl:NamedIndividual	104
WMB:CS20230722_CLUS_1586	owl:NamedIndividual	104
WMB:CS20230722_CLUS_1050	owl:NamedIndividual	104
WMB:CS20230722_CLUS_1243	owl:NamedIndividual	104
WMB:CS20230722_CLUS_4680	owl:NamedIndividual	104
WMB:CS20230722_CLUS_3378	owl:NamedIndividual	104
WMB:CS20230722_CLUS_2746	owl:NamedIndividual	104
WMB:CS20230722_CLUS_4328	owl:NamedIndividual	104
WMB:CS20230722_CLUS_5322	owl:NamedIndividual	104
WMB:CS20230722_CLUS_1774	owl:NamedIndividual	104
WMB:CS20230722_CLUS_1238	owl:NamedIndividual	103
WMB:CS20230722_CLUS_3883	owl:NamedIndividual	103
WMB:CS20230722_CLUS_1902	owl:NamedIndividual	103
WMB:CS20230722_CLUS_0327	owl:NamedIndividual	103
WMB:CS20230722_CLUS_1349	owl:NamedIndividual	103
WMB:CS20230722_CLUS_2058	owl:NamedIndividual	103
WMB:CS20230722_CLUS_2656	owl:NamedIndividual	103
WMB:CS20230722_CLUS_3299	owl:NamedIndividual	103
WMB:CS20230722_CLUS_1884	owl:NamedIndividual	103
WMB:CS20230722_CLUS_1019	owl:NamedIndividual	103
WMB:CS20230722_CLUS_0694	owl:NamedIndividual	103
WMB:CS20230722_CLUS_4710	owl:NamedIndividual	102
WMB:CS20230722_CLUS_4219	owl:NamedIndividual	102
WMB:CS20230722_CLUS_0654	owl:NamedIndividual	102
WMB:CS20230722_CLUS_1160	owl:NamedIndividual	102
WMB:CS20230722_CLUS_1882	owl:NamedIndividual	102
WMB:CS20230722_CLUS_0650	owl:NamedIndividual	102
WMB:CS20230722_CLUS_0701	owl:NamedIndividual	102
WMB:CS20230722_CLUS_2492	owl:NamedIndividual	102
WMB:CS20230722_CLUS_0914	owl:NamedIndividual	102
WMB:CS20230722_CLUS_4085	owl:NamedIndividual	102
WMB:CS20230722_CLUS_1638	owl:NamedIndividual	102
WMB:CS20230722_CLUS_1560	owl:NamedIndividual	102
WMB:CS20230722_CLUS_2101	owl:NamedIndividual	102
WMB:CS20230722_CLUS_0226	owl:NamedIndividual	102
WMB:CS20230722_CLUS_1494	owl:NamedIndividual	102
WMB:CS20230722_CLUS_2558	owl:NamedIndividual	101
WMB:CS20230722_CLUS_1073	owl:NamedIndividual	101
WMB:CS20230722_CLUS_2831	owl:NamedIndividual	101
WMB:CS20230722_CLUS_4799	owl:NamedIndividual	101
WMB:CS20230722_CLUS_1086	owl:NamedIndividual	101
WMB:CS20230722_CLUS_2487	owl:NamedIndividual	101
WMB:CS20230722_CLUS_2085	owl:NamedIndividual	101
WMB:CS20230722_CLUS_0585	owl:NamedIndividual	101
WMB:CS20230722_CLUS_3081	owl:NamedIndividual	100
WMB:CS20230722_CLUS_1768	owl:NamedIndividual	100
WMB:CS20230722_CLUS_4121	owl:NamedIndividual	100
WMB:CS20230722_CLUS_3970	owl:NamedIndividual	100
WMB:CS20230722_CLUS_2093	owl:NamedIndividual	100
WMB:CS20230722_CLUS_2361	owl:NamedIndividual	100
WMB:CS20230722_CLUS_4021	owl:NamedIndividual	100
WMB:CS20230722_CLUS_1309	owl:NamedIndividual	100
WMB:CS20230722_CLUS_4555	owl:NamedIndividual	100
WMB:CS20230722_CLUS_1504	owl:NamedIndividual	100
WMB:CS20230722_CLUS_3553	owl:NamedIndividual	100
WMB:CS20230722_CLUS_4160	owl:NamedIndividual	100
WMB:CS20230722_CLUS_1901	owl:NamedIndividual	100
WMB:CS20230722_CLUS_1353	owl:NamedIndividual	100
WMB:CS20230722_CLUS_1714	owl:NamedIndividual	100
WMB:CS20230722_CLUS_3638	owl:NamedIndividual	99
WMB:CS20230722_CLUS_1341	owl:NamedIndividual	99
WMB:CS20230722_CLUS_3020	owl:NamedIndividual	99
WMB:CS20230722_CLUS_0295	owl:NamedIndividual	99
WMB:CS20230722_CLUS_2718	owl:NamedIndividual	99
WMB:CS20230722_CLUS_2109	owl:NamedIndividual	99
WMB:CS20230722_CLUS_1208	owl:NamedIndividual	99
WMB:CS20230722_CLUS_0164	owl:NamedIndividual	99
WMB:CS20230722_CLUS_1374	owl:NamedIndividual	99
WMB:CS20230722_CLUS_1676	owl:NamedIndividual	99
WMB:CS20230722_CLUS_1251	owl:NamedIndividual	99
WMB:CS20230722_CLUS_2298	owl:NamedIndividual	98
WMB:CS20230722_CLUS_1056	owl:NamedIndividual	98
WMB:CS20230722_CLUS_1386	owl:NamedIndividual	98
WMB:CS20230722_CLUS_0372	owl:NamedIndividual	98
WMB:CS20230722_CLUS_1890	owl:NamedIndividual	98
WMB:CS20230722_CLUS_0967	owl:NamedIndividual	98
WMB:CS20230722_CLUS_4791	owl:NamedIndividual	98
WMB:CS20230722_CLUS_4076	owl:NamedIndividual	98
WMB:CS20230722_CLUS_4889	owl:NamedIndividual	98
WMB:CS20230722_CLUS_1859	owl:NamedIndividual	98
WMB:CS20230722_CLUS_1704	owl:NamedIndividual	98
WMB:CS20230722_CLUS_2190	owl:NamedIndividual	98
WMB:CS20230722_CLUS_1440	owl:NamedIndividual	98
WMB:CS20230722_CLUS_3297	owl:NamedIndividual	98
WMB:CS20230722_CLUS_1174	owl:NamedIndividual	98
WMB:CS20230722_CLUS_3083	owl:NamedIndividual	98
WMB:CS20230722_CLUS_2318	owl:NamedIndividual	98
WMB:CS20230722_CLUS_3207	owl:NamedIndividual	98
WMB:CS20230722_CLUS_3963	owl:NamedIndividual	98
WMB:CS20230722_CLUS_5003	owl:NamedIndividual	98
WMB:CS20230722_CLUS_3439	owl:NamedIndividual	97
WMB:CS20230722_CLUS_3720	owl:NamedIndividual	97
WMB:CS20230722_CLUS_3254	owl:NamedIndividual	97
WMB:CS20230722_CLUS_1845	owl:NamedIndividual	97
WMB:CS20230722_CLUS_0824	owl:NamedIndividual	97
WMB:CS20230722_CLUS_3633	owl:NamedIndividual	97
WMB:CS20230722_CLUS_1426	owl:NamedIndividual	97
WMB:CS20230722_CLUS_1310	owl:NamedIndividual	97
WMB:CS20230722_CLUS_1541	owl:NamedIndividual	97
WMB:CS20230722_CLUS_1093	owl:NamedIndividual	97
WMB:CS20230722_CLUS_0174	owl:NamedIndividual	97
WMB:CS20230722_CLUS_2438	owl:NamedIndividual	97
WMB:CS20230722_CLUS_3435	owl:NamedIndividual	97
WMB:CS20230722_CLUS_3433	owl:NamedIndividual	97
WMB:CS20230722_CLUS_2137	owl:NamedIndividual	97
WMB:CS20230722_CLUS_1969	owl:NamedIndividual	97
WMB:CS20230722_CLUS_4934	owl:NamedIndividual	97
WMB:CS20230722_CLUS_1664	owl:NamedIndividual	97
WMB:CS20230722_CLUS_2001	owl:NamedIndividual	97
WMB:CS20230722_CLUS_1110	owl:NamedIndividual	97
WMB:CS20230722_CLUS_2175	owl:NamedIndividual	97
WMB:CS20230722_CLUS_4236	owl:NamedIndividual	97
WMB:CS20230722_CLUS_2414	owl:NamedIndividual	97
WMB:CS20230722_CLUS_3677	owl:NamedIndividual	96
WMB:CS20230722_CLUS_3173	owl:NamedIndividual	96
WMB:CS20230722_CLUS_0256	owl:NamedIndividual	96
WMB:CS20230722_CLUS_1479	owl:NamedIndividual	96
WMB:CS20230722_CLUS_4723	owl:NamedIndividual	96
WMB:CS20230722_CLUS_0611	owl:NamedIndividual	96
WMB:CS20230722_CLUS_4209	owl:NamedIndividual	96
WMB:CS20230722_CLUS_2966	owl:NamedIndividual	96
WMB:CS20230722_CLUS_2247	owl:NamedIndividual	96
WMB:CS20230722_CLUS_0873	owl:NamedIndividual	96
WMB:CS20230722_CLUS_1749	owl:NamedIndividual	96
WMB:CS20230722_CLUS_3629	owl:NamedIndividual	96
WMB:CS20230722_CLUS_2598	owl:NamedIndividual	96
WMB:CS20230722_CLUS_3613	owl:NamedIndividual	96
WMB:CS20230722_CLUS_1255	owl:NamedIndividual	96
WMB:CS20230722_CLUS_3476	owl:NamedIndividual	96
WMB:CS20230722_CLUS_2262	owl:NamedIndividual	96
WMB:CS20230722_CLUS_1143	owl:NamedIndividual	96
WMB:CS20230722_CLUS_1629	owl:NamedIndividual	95
WMB:CS20230722_CLUS_2901	owl:NamedIndividual	95
WMB:CS20230722_CLUS_3663	owl:NamedIndividual	95
WMB:CS20230722_CLUS_4945	owl:NamedIndividual	95
WMB:CS20230722_CLUS_2557	owl:NamedIndividual	95
WMB:CS20230722_CLUS_1058	owl:NamedIndividual	95
WMB:CS20230722_CLUS_3693	owl:NamedIndividual	95
WMB:CS20230722_CLUS_2343	owl:NamedIndividual	95
WMB:CS20230722_CLUS_2319	owl:NamedIndividual	95
WMB:CS20230722_CLUS_0888	owl:NamedIndividual	95
WMB:CS20230722_CLUS_2106	owl:NamedIndividual	95
WMB:CS20230722_CLUS_4552	owl:NamedIndividual	95
WMB:CS20230722_CLUS_3617	owl:NamedIndividual	95
WMB:CS20230722_CLUS_5097	owl:NamedIndividual	95
WMB:CS20230722_CLUS_4103	owl:NamedIndividual	95
WMB:CS20230722_CLUS_2276	owl:NamedIndividual	94
WMB:CS20230722_CLUS_1252	owl:NamedIndividual	94
WMB:CS20230722_CLUS_2383	owl:NamedIndividual	94
WMB:CS20230722_CLUS_4673	owl:NamedIndividual	94
WMB:CS20230722_CLUS_2601	owl:NamedIndividual	94
WMB:CS20230722_CLUS_3564	owl:NamedIndividual	94
WMB:CS20230722_CLUS_2612	owl:NamedIndividual	94
WMB:CS20230722_CLUS_1469	owl:NamedIndividual	94
WMB:CS20230722_CLUS_2333	owl:NamedIndividual	94
WMB:CS20230722_CLUS_1222	owl:NamedIndividual	94
WMB:CS20230722_CLUS_2924	owl:NamedIndividual	94
WMB:CS20230722_CLUS_1502	owl:NamedIndividual	94
WMB:CS20230722_CLUS_3701	owl:NamedIndividual	94
WMB:CS20230722_CLUS_0655	owl:NamedIndividual	94
WMB:CS20230722_CLUS_5021	owl:NamedIndividual	94
WMB:CS20230722_CLUS_4089	owl:NamedIndividual	94
WMB:CS20230722_CLUS_3786	owl:NamedIndividual	94
WMB:CS20230722_CLUS_2303	owl:NamedIndividual	94
WMB:CS20230722_CLUS_0604	owl:NamedIndividual	94
WMB:CS20230722_CLUS_2160	owl:NamedIndividual	94
WMB:CS20230722_CLUS_0838	owl:NamedIndividual	94
WMB:CS20230722_CLUS_4625	owl:NamedIndividual	93
WMB:CS20230722_CLUS_0685	owl:NamedIndividual	93
WMB:CS20230722_CLUS_2332	owl:NamedIndividual	93
WMB:CS20230722_CLUS_4227	owl:NamedIndividual	93
WMB:CS20230722_CLUS_3165	owl:NamedIndividual	93
WMB:CS20230722_CLUS_1652	owl:NamedIndividual	93
WMB:CS20230722_CLUS_2316	owl:NamedIndividual	93
WMB:CS20230722_CLUS_1717	owl:NamedIndividual	93
WMB:CS20230722_CLUS_2815	owl:NamedIndividual	93
WMB:CS20230722_CLUS_4397	owl:NamedIndividual	93
WMB:CS20230722_CLUS_1141	owl:NamedIndividual	93
WMB:CS20230722_CLUS_4171	owl:NamedIndividual	93
WMB:CS20230722_CLUS_5173	owl:NamedIndividual	93
WMB:CS20230722_CLUS_4971	owl:NamedIndividual	93
WMB:CS20230722_CLUS_2007	owl:NamedIndividual	92
WMB:CS20230722_CLUS_2957	owl:NamedIndividual	92
WMB:CS20230722_CLUS_1313	owl:NamedIndividual	92
WMB:CS20230722_CLUS_2024	owl:NamedIndividual	92
WMB:CS20230722_CLUS_1417	owl:NamedIndividual	92
WMB:CS20230722_CLUS_1277	owl:NamedIndividual	92
WMB:CS20230722_CLUS_1430	owl:NamedIndividual	92
WMB:CS20230722_CLUS_2386	owl:NamedIndividual	92
WMB:CS20230722_CLUS_4054	owl:NamedIndividual	92
WMB:CS20230722_CLUS_1595	owl:NamedIndividual	92
WMB:CS20230722_CLUS_3535	owl:NamedIndividual	92
WMB:CS20230722_CLUS_1598	owl:NamedIndividual	92
WMB:CS20230722_CLUS_2529	owl:NamedIndividual	92
WMB:CS20230722_CLUS_3031	owl:NamedIndividual	92
WMB:CS20230722_CLUS_3043	owl:NamedIndividual	91
WMB:CS20230722_CLUS_2203	owl:NamedIndividual	91
WMB:CS20230722_CLUS_3092	owl:NamedIndividual	91
WMB:CS20230722_CLUS_3157	owl:NamedIndividual	91
WMB:CS20230722_CLUS_3776	owl:NamedIndividual	91
WMB:CS20230722_CLUS_1165	owl:NamedIndividual	91
WMB:CS20230722_CLUS_3571	owl:NamedIndividual	91
WMB:CS20230722_CLUS_2143	owl:NamedIndividual	91
WMB:CS20230722_CLUS_2803	owl:NamedIndividual	91
WMB:CS20230722_CLUS_3242	owl:NamedIndividual	91
WMB:CS20230722_CLUS_1870	owl:NamedIndividual	91
WMB:CS20230722_CLUS_2107	owl:NamedIndividual	91
WMB:CS20230722_CLUS_0618	owl:NamedIndividual	91
WMB:CS20230722_CLUS_1831	owl:NamedIndividual	91
WMB:CS20230722_CLUS_0860	owl:NamedIndividual	91
WMB:CS20230722_CLUS_2820	owl:NamedIndividual	91
WMB:CS20230722_CLUS_4618	owl:NamedIndividual	90
WMB:CS20230722_CLUS_3174	owl:NamedIndividual	90
WMB:CS20230722_CLUS_1921	owl:NamedIndividual	90
WMB:CS20230722_CLUS_3333	owl:NamedIndividual	90
WMB:CS20230722_CLUS_3876	owl:NamedIndividual	90
WMB:CS20230722_CLUS_3944	owl:NamedIndividual	90
WMB:CS20230722_CLUS_1879	owl:NamedIndividual	90
WMB:CS20230722_CLUS_1808	owl:NamedIndividual	90
WMB:CS20230722_CLUS_3425	owl:NamedIndividual	90
WMB:CS20230722_CLUS_0601	owl:NamedIndividual	90
WMB:CS20230722_CLUS_3516	owl:NamedIndividual	90
WMB:CS20230722_CLUS_1157	owl:NamedIndividual	90
WMB:CS20230722_CLUS_3771	owl:NamedIndividual	90
WMB:CS20230722_CLUS_3264	owl:NamedIndividual	89
WMB:CS20230722_CLUS_2484	owl:NamedIndividual	89
WMB:CS20230722_CLUS_1886	owl:NamedIndividual	89
WMB:CS20230722_CLUS_3212	owl:NamedIndividual	89
WMB:CS20230722_CLUS_3804	owl:NamedIndividual	89
WMB:CS20230722_CLUS_1264	owl:NamedIndividual	89
WMB:CS20230722_CLUS_1077	owl:NamedIndividual	89
WMB:CS20230722_CLUS_1194	owl:NamedIndividual	89
WMB:CS20230722_CLUS_2037	owl:NamedIndividual	89
WMB:CS20230722_CLUS_1634	owl:NamedIndividual	89
WMB:CS20230722_CLUS_4850	owl:NamedIndividual	89
WMB:CS20230722_CLUS_3171	owl:NamedIndividual	89
WMB:CS20230722_CLUS_1800	owl:NamedIndividual	89
WMB:CS20230722_CLUS_4743	owl:NamedIndividual	89
WMB:CS20230722_CLUS_3662	owl:NamedIndividual	89
WMB:CS20230722_CLUS_2817	owl:NamedIndividual	89
WMB:CS20230722_CLUS_1267	owl:NamedIndividual	89
WMB:CS20230722_CLUS_3817	owl:NamedIndividual	89
WMB:CS20230722_CLUS_3028	owl:NamedIndividual	88
WMB:CS20230722_CLUS_3384	owl:NamedIndividual	88
WMB:CS20230722_CLUS_2609	owl:NamedIndividual	88
WMB:CS20230722_CLUS_3831	owl:NamedIndividual	88
WMB:CS20230722_CLUS_4815	owl:NamedIndividual	88
WMB:CS20230722_CLUS_0857	owl:NamedIndividual	88
WMB:CS20230722_CLUS_4486	owl:NamedIndividual	88
WMB:CS20230722_CLUS_1246	owl:NamedIndividual	88
WMB:CS20230722_CLUS_1187	owl:NamedIndividual	88
WMB:CS20230722_CLUS_3684	owl:NamedIndividual	88
WMB:CS20230722_CLUS_2161	owl:NamedIndividual	88
WMB:CS20230722_CLUS_3253	owl:NamedIndividual	88
WMB:CS20230722_CLUS_0225	owl:NamedIndividual	88
WMB:CS20230722_CLUS_2755	owl:NamedIndividual	88
WMB:CS20230722_CLUS_2465	owl:NamedIndividual	88
WMB:CS20230722_CLUS_4856	owl:NamedIndividual	88
WMB:CS20230722_CLUS_3697	owl:NamedIndividual	88
WMB:CS20230722_CLUS_3023	owl:NamedIndividual	88
WMB:CS20230722_CLUS_2217	owl:NamedIndividual	87
WMB:CS20230722_CLUS_1434	owl:NamedIndividual	87
WMB:CS20230722_CLUS_4107	owl:NamedIndividual	87
WMB:CS20230722_CLUS_0796	owl:NamedIndividual	87
WMB:CS20230722_CLUS_2401	owl:NamedIndividual	87
WMB:CS20230722_CLUS_3568	owl:NamedIndividual	87
WMB:CS20230722_CLUS_3116	owl:NamedIndividual	87
WMB:CS20230722_CLUS_1259	owl:NamedIndividual	87
WMB:CS20230722_CLUS_2130	owl:NamedIndividual	87
WMB:CS20230722_CLUS_2821	owl:NamedIndividual	87
WMB:CS20230722_CLUS_2089	owl:NamedIndividual	87
WMB:CS20230722_CLUS_1043	owl:NamedIndividual	87
WMB:CS20230722_CLUS_3309	owl:NamedIndividual	87
WMB:CS20230722_CLUS_3000	owl:NamedIndividual	86
WMB:CS20230722_CLUS_4657	owl:NamedIndividual	86
WMB:CS20230722_CLUS_3972	owl:NamedIndividual	86
WMB:CS20230722_CLUS_3458	owl:NamedIndividual	86
WMB:CS20230722_CLUS_0590	owl:NamedIndividual	86
WMB:CS20230722_CLUS_1781	owl:NamedIndividual	86
WMB:CS20230722_CLUS_1113	owl:NamedIndividual	86
WMB:CS20230722_CLUS_4809	owl:NamedIndividual	86
WMB:CS20230722_CLUS_3392	owl:NamedIndividual	86
WMB:CS20230722_CLUS_4157	owl:NamedIndividual	86
WMB:CS20230722_CLUS_3606	owl:NamedIndividual	86
WMB:CS20230722_CLUS_2784	owl:NamedIndividual	86
WMB:CS20230722_CLUS_1650	owl:NamedIndividual	86
WMB:CS20230722_CLUS_4701	owl:NamedIndividual	86
WMB:CS20230722_CLUS_1299	owl:NamedIndividual	86
WMB:CS20230722_CLUS_2570	owl:NamedIndividual	86
WMB:CS20230722_CLUS_1685	owl:NamedIndividual	86
WMB:CS20230722_CLUS_2336	owl:NamedIndividual	86
WMB:CS20230722_CLUS_4804	owl:NamedIndividual	85
WMB:CS20230722_CLUS_0500	owl:NamedIndividual	85
WMB:CS20230722_CLUS_4446	owl:NamedIndividual	85
WMB:CS20230722_CLUS_3735	owl:NamedIndividual	85
WMB:CS20230722_CLUS_4650	owl:NamedIndividual	85
WMB:CS20230722_CLUS_3495	owl:NamedIndividual	85
WMB:CS20230722_CLUS_1176	owl:NamedIndividual	85
WMB:CS20230722_CLUS_1018	owl:NamedIndividual	85
WMB:CS20230722_CLUS_3278	owl:NamedIndividual	85
WMB:CS20230722_CLUS_5179	owl:NamedIndividual	85
WMB:CS20230722_CLUS_1964	owl:NamedIndividual	85
WMB:CS20230722_CLUS_1655	owl:NamedIndividual	85
WMB:CS20230722_CLUS_0936	owl:NamedIndividual	85
WMB:CS20230722_CLUS_4480	owl:NamedIndividual	85
WMB:CS20230722_CLUS_2327	owl:NamedIndividual	85
WMB:CS20230722_CLUS_1671	owl:NamedIndividual	85
WMB:CS20230722_CLUS_0900	owl:NamedIndividual	84
WMB:CS20230722_CLUS_2861	owl:NamedIndividual	84
WMB:CS20230722_CLUS_3136	owl:NamedIndividual	84
WMB:CS20230722_CLUS_3499	owl:NamedIndividual	84
WMB:CS20230722_CLUS_2274	owl:NamedIndividual	84
WMB:CS20230722_CLUS_1125	owl:NamedIndividual	84
WMB:CS20230722_CLUS_1583	owl:NamedIndividual	84
WMB:CS20230722_CLUS_1487	owl:NamedIndividual	84
WMB:CS20230722_CLUS_1060	owl:NamedIndividual	84
WMB:CS20230722_CLUS_3302	owl:NamedIndividual	84
WMB:CS20230722_CLUS_4857	owl:NamedIndividual	84
WMB:CS20230722_CLUS_3170	owl:NamedIndividual	84
WMB:CS20230722_CLUS_4862	owl:NamedIndividual	84
WMB:CS20230722_CLUS_1489	owl:NamedIndividual	84
WMB:CS20230722_CLUS_4789	owl:NamedIndividual	84
WMB:CS20230722_CLUS_4655	owl:NamedIndividual	84
WMB:CS20230722_CLUS_2912	owl:NamedIndividual	84
WMB:CS20230722_CLUS_5029	owl:NamedIndividual	84
WMB:CS20230722_CLUS_1815	owl:NamedIndividual	84
WMB:CS20230722_CLUS_2356	owl:NamedIndividual	84
WMB:CS20230722_CLUS_1465	owl:NamedIndividual	83
WMB:CS20230722_CLUS_2992	owl:NamedIndividual	83
WMB:CS20230722_CLUS_2546	owl:NamedIndividual	83
WMB:CS20230722_CLUS_1345	owl:NamedIndividual	83
WMB:CS20230722_CLUS_3890	owl:NamedIndividual	83
WMB:CS20230722_CLUS_4453	owl:NamedIndividual	83
WMB:CS20230722_CLUS_3867	owl:NamedIndividual	83
WMB:CS20230722_CLUS_3755	owl:NamedIndividual	83
WMB:CS20230722_CLUS_3430	owl:NamedIndividual	83
WMB:CS20230722_CLUS_3675	owl:NamedIndividual	83
WMB:CS20230722_CLUS_0591	owl:NamedIndividual	83
WMB:CS20230722_CLUS_3872	owl:NamedIndividual	83
WMB:CS20230722_CLUS_3668	owl:NamedIndividual	83
WMB:CS20230722_CLUS_2357	owl:NamedIndividual	83
WMB:CS20230722_CLUS_4656	owl:NamedIndividual	83
WMB:CS20230722_CLUS_3784	owl:NamedIndividual	83
WMB:CS20230722_CLUS_3472	owl:NamedIndividual	83
WMB:CS20230722_CLUS_4210	owl:NamedIndividual	83
WMB:CS20230722_CLUS_4381	owl:NamedIndividual	83
WMB:CS20230722_CLUS_1867	owl:NamedIndividual	83
WMB:CS20230722_CLUS_1183	owl:NamedIndividual	82
WMB:CS20230722_CLUS_2472	owl:NamedIndividual	82
WMB:CS20230722_CLUS_4664	owl:NamedIndividual	82
WMB:CS20230722_CLUS_4843	owl:NamedIndividual	82
WMB:CS20230722_CLUS_1851	owl:NamedIndividual	82
WMB:CS20230722_CLUS_0855	owl:NamedIndividual	82
WMB:CS20230722_CLUS_3404	owl:NamedIndividual	82
WMB:CS20230722_CLUS_1647	owl:NamedIndividual	82
WMB:CS20230722_CLUS_1368	owl:NamedIndividual	82
WMB:CS20230722_CLUS_3711	owl:NamedIndividual	82
WMB:CS20230722_CLUS_3635	owl:NamedIndividual	82
WMB:CS20230722_CLUS_0929	owl:NamedIndividual	82
WMB:CS20230722_CLUS_3394	owl:NamedIndividual	82
WMB:CS20230722_CLUS_3372	owl:NamedIndividual	82
WMB:CS20230722_CLUS_1463	owl:NamedIndividual	82
WMB:CS20230722_CLUS_1875	owl:NamedIndividual	82
WMB:CS20230722_CLUS_3506	owl:NamedIndividual	82
WMB:CS20230722_CLUS_4622	owl:NamedIndividual	82
WMB:CS20230722_CLUS_2767	owl:NamedIndividual	82
WMB:CS20230722_CLUS_3457	owl:NamedIndividual	82
WMB:CS20230722_CLUS_2030	owl:NamedIndividual	82
WMB:CS20230722_CLUS_2323	owl:NamedIndividual	82
WMB:CS20230722_CLUS_2031	owl:NamedIndividual	82
WMB:CS20230722_CLUS_1511	owl:NamedIndividual	82
WMB:CS20230722_CLUS_1507	owl:NamedIndividual	82
WMB:CS20230722_CLUS_1317	owl:NamedIndividual	82
WMB:CS20230722_CLUS_4892	owl:NamedIndividual	82
WMB:CS20230722_CLUS_2742	owl:NamedIndividual	81
WMB:CS20230722_CLUS_1204	owl:NamedIndividual	81
WMB:CS20230722_CLUS_4137	owl:NamedIndividual	81
WMB:CS20230722_CLUS_1772	owl:NamedIndividual	81
WMB:CS20230722_CLUS_2144	owl:NamedIndividual	81
WMB:CS20230722_CLUS_1761	owl:NamedIndividual	81
WMB:CS20230722_CLUS_1924	owl:NamedIndividual	81
WMB:CS20230722_CLUS_1057	owl:NamedIndividual	81
WMB:CS20230722_CLUS_1906	owl:NamedIndividual	81
WMB:CS20230722_CLUS_4858	owl:NamedIndividual	81
WMB:CS20230722_CLUS_0555	owl:NamedIndividual	81
WMB:CS20230722_CLUS_3601	owl:NamedIndividual	81
WMB:CS20230722_CLUS_1683	owl:NamedIndividual	81
WMB:CS20230722_CLUS_4304	owl:NamedIndividual	81
WMB:CS20230722_CLUS_3358	owl:NamedIndividual	81
WMB:CS20230722_CLUS_2563	owl:NamedIndividual	81
WMB:CS20230722_CLUS_2503	owl:NamedIndividual	81
WMB:CS20230722_CLUS_2780	owl:NamedIndividual	81
WMB:CS20230722_CLUS_4986	owl:NamedIndividual	81
WMB:CS20230722_CLUS_3521	owl:NamedIndividual	81
WMB:CS20230722_CLUS_3040	owl:NamedIndividual	80
WMB:CS20230722_CLUS_4860	owl:NamedIndividual	80
WMB:CS20230722_CLUS_1929	owl:NamedIndividual	80
WMB:CS20230722_CLUS_3459	owl:NamedIndividual	80
WMB:CS20230722_CLUS_2149	owl:NamedIndividual	80
WMB:CS20230722_CLUS_1835	owl:NamedIndividual	80
WMB:CS20230722_CLUS_1025	owl:NamedIndividual	80
WMB:CS20230722_CLUS_0703	owl:NamedIndividual	80
WMB:CS20230722_CLUS_1499	owl:NamedIndividual	80
WMB:CS20230722_CLUS_0932	owl:NamedIndividual	80
WMB:CS20230722_CLUS_2967	owl:NamedIndividual	80
WMB:CS20230722_CLUS_3424	owl:NamedIndividual	80
WMB:CS20230722_CLUS_1119	owl:NamedIndividual	80
WMB:CS20230722_CLUS_5317	owl:NamedIndividual	80
WMB:CS20230722_CLUS_1128	owl:NamedIndividual	80
WMB:CS20230722_CLUS_2344	owl:NamedIndividual	80
WMB:CS20230722_CLUS_3326	owl:NamedIndividual	80
WMB:CS20230722_CLUS_3151	owl:NamedIndividual	80
WMB:CS20230722_CLUS_3209	owl:NamedIndividual	80
WMB:CS20230722_CLUS_1388	owl:NamedIndividual	80
WMB:CS20230722_CLUS_3344	owl:NamedIndividual	79
WMB:CS20230722_CLUS_5167	owl:NamedIndividual	79
WMB:CS20230722_CLUS_3121	owl:NamedIndividual	79
WMB:CS20230722_CLUS_3911	owl:NamedIndividual	79
WMB:CS20230722_CLUS_4116	owl:NamedIndividual	79
WMB:CS20230722_CLUS_1475	owl:NamedIndividual	79
WMB:CS20230722_CLUS_1515	owl:NamedIndividual	79
WMB:CS20230722_CLUS_3475	owl:NamedIndividual	79
WMB:CS20230722_CLUS_3589	owl:NamedIndividual	79
WMB:CS20230722_CLUS_2151	owl:NamedIndividual	79
WMB:CS20230722_CLUS_1735	owl:NamedIndividual	79
WMB:CS20230722_CLUS_2215	owl:NamedIndividual	79
WMB:CS20230722_CLUS_2551	owl:NamedIndividual	79
WMB:CS20230722_CLUS_3359	owl:NamedIndividual	79
WMB:CS20230722_CLUS_1225	owl:NamedIndividual	79
WMB:CS20230722_CLUS_2322	owl:NamedIndividual	79
WMB:CS20230722_CLUS_4621	owl:NamedIndividual	78
WMB:CS20230722_CLUS_2136	owl:NamedIndividual	78
WMB:CS20230722_CLUS_1142	owl:NamedIndividual	78
WMB:CS20230722_CLUS_3227	owl:NamedIndividual	78
WMB:CS20230722_CLUS_2945	owl:NamedIndividual	78
WMB:CS20230722_CLUS_1224	owl:NamedIndividual	78
WMB:CS20230722_CLUS_4391	owl:NamedIndividual	78
WMB:CS20230722_CLUS_1508	owl:NamedIndividual	78
WMB:CS20230722_CLUS_4079	owl:NamedIndividual	78
WMB:CS20230722_CLUS_2539	owl:NamedIndividual	78
WMB:CS20230722_CLUS_3665	owl:NamedIndividual	78
WMB:CS20230722_CLUS_4828	owl:NamedIndividual	78
WMB:CS20230722_CLUS_2905	owl:NamedIndividual	78
WMB:CS20230722_CLUS_1635	owl:NamedIndividual	78
WMB:CS20230722_CLUS_4481	owl:NamedIndividual	78
WMB:CS20230722_CLUS_2114	owl:NamedIndividual	78
WMB:CS20230722_CLUS_0897	owl:NamedIndividual	78
WMB:CS20230722_CLUS_1764	owl:NamedIndividual	78
WMB:CS20230722_CLUS_3513	owl:NamedIndividual	78
WMB:CS20230722_CLUS_2259	owl:NamedIndividual	78
WMB:CS20230722_CLUS_2935	owl:NamedIndividual	78
WMB:CS20230722_CLUS_3922	owl:NamedIndividual	78
WMB:CS20230722_CLUS_1044	owl:NamedIndividual	77
WMB:CS20230722_CLUS_1913	owl:NamedIndividual	77
WMB:CS20230722_CLUS_3215	owl:NamedIndividual	77
WMB:CS20230722_CLUS_3967	owl:NamedIndividual	77
WMB:CS20230722_CLUS_3505	owl:NamedIndividual	77
WMB:CS20230722_CLUS_1233	owl:NamedIndividual	77
WMB:CS20230722_CLUS_3015	owl:NamedIndividual	77
WMB:CS20230722_CLUS_5252	owl:NamedIndividual	77
WMB:CS20230722_CLUS_2960	owl:NamedIndividual	77
WMB:CS20230722_CLUS_1616	owl:NamedIndividual	77
WMB:CS20230722_CLUS_1743	owl:NamedIndividual	77
WMB:CS20230722_CLUS_3905	owl:NamedIndividual	77
WMB:CS20230722_CLUS_1863	owl:NamedIndividual	77
WMB:CS20230722_CLUS_3931	owl:NamedIndividual	77
WMB:CS20230722_CLUS_1409	owl:NamedIndividual	77
WMB:CS20230722_CLUS_1120	owl:NamedIndividual	77
WMB:CS20230722_CLUS_4080	owl:NamedIndividual	77
WMB:CS20230722_CLUS_2771	owl:NamedIndividual	77
WMB:CS20230722_CLUS_4490	owl:NamedIndividual	77
WMB:CS20230722_CLUS_1610	owl:NamedIndividual	77
WMB:CS20230722_CLUS_3142	owl:NamedIndividual	77
WMB:CS20230722_CLUS_3843	owl:NamedIndividual	77
WMB:CS20230722_CLUS_3833	owl:NamedIndividual	76
WMB:CS20230722_CLUS_3868	owl:NamedIndividual	76
WMB:CS20230722_CLUS_4699	owl:NamedIndividual	76
WMB:CS20230722_CLUS_2464	owl:NamedIndividual	76
WMB:CS20230722_CLUS_4832	owl:NamedIndividual	76
WMB:CS20230722_CLUS_3382	owl:NamedIndividual	76
WMB:CS20230722_CLUS_1464	owl:NamedIndividual	76
WMB:CS20230722_CLUS_3584	owl:NamedIndividual	76
WMB:CS20230722_CLUS_1357	owl:NamedIndividual	76
WMB:CS20230722_CLUS_1872	owl:NamedIndividual	76
WMB:CS20230722_CLUS_0999	owl:NamedIndividual	76
WMB:CS20230722_CLUS_2055	owl:NamedIndividual	76
WMB:CS20230722_CLUS_1311	owl:NamedIndividual	76
WMB:CS20230722_CLUS_3974	owl:NamedIndividual	76
WMB:CS20230722_CLUS_5182	owl:NamedIndividual	76
WMB:CS20230722_CLUS_2669	owl:NamedIndividual	76
WMB:CS20230722_CLUS_2994	owl:NamedIndividual	75
WMB:CS20230722_CLUS_3494	owl:NamedIndividual	75
WMB:CS20230722_CLUS_4229	owl:NamedIndividual	75
WMB:CS20230722_CLUS_0903	owl:NamedIndividual	75
WMB:CS20230722_CLUS_3914	owl:NamedIndividual	75
WMB:CS20230722_CLUS_3857	owl:NamedIndividual	75
WMB:CS20230722_CLUS_0200	owl:NamedIndividual	75
WMB:CS20230722_CLUS_5153	owl:NamedIndividual	75
WMB:CS20230722_CLUS_4780	owl:NamedIndividual	75
WMB:CS20230722_CLUS_2592	owl:NamedIndividual	75
WMB:CS20230722_CLUS_1337	owl:NamedIndividual	75
WMB:CS20230722_CLUS_1642	owl:NamedIndividual	75
WMB:CS20230722_CLUS_4690	owl:NamedIndividual	75
WMB:CS20230722_CLUS_4175	owl:NamedIndividual	75
WMB:CS20230722_CLUS_1580	owl:NamedIndividual	75
WMB:CS20230722_CLUS_3489	owl:NamedIndividual	75
WMB:CS20230722_CLUS_3966	owl:NamedIndividual	75
WMB:CS20230722_CLUS_3398	owl:NamedIndividual	75
WMB:CS20230722_CLUS_1094	owl:NamedIndividual	75
WMB:CS20230722_CLUS_1500	owl:NamedIndividual	75
WMB:CS20230722_CLUS_2848	owl:NamedIndividual	75
WMB:CS20230722_CLUS_3237	owl:NamedIndividual	75
WMB:CS20230722_CLUS_3913	owl:NamedIndividual	75
WMB:CS20230722_CLUS_1805	owl:NamedIndividual	75
WMB:CS20230722_CLUS_2457	owl:NamedIndividual	75
WMB:CS20230722_CLUS_1232	owl:NamedIndividual	75
WMB:CS20230722_CLUS_3030	owl:NamedIndividual	75
WMB:CS20230722_CLUS_4833	owl:NamedIndividual	75
WMB:CS20230722_CLUS_2769	owl:NamedIndividual	75
WMB:CS20230722_CLUS_3371	owl:NamedIndividual	75
WMB:CS20230722_CLUS_3910	owl:NamedIndividual	75
WMB:CS20230722_CLUS_4932	owl:NamedIndividual	75
WMB:CS20230722_CLUS_1257	owl:NamedIndividual	74
WMB:CS20230722_CLUS_0934	owl:NamedIndividual	74
WMB:CS20230722_CLUS_1812	owl:NamedIndividual	74
WMB:CS20230722_CLUS_1705	owl:NamedIndividual	74
WMB:CS20230722_CLUS_2711	owl:NamedIndividual	74
WMB:CS20230722_CLUS_4369	owl:NamedIndividual	74
WMB:CS20230722_CLUS_3007	owl:NamedIndividual	74
WMB:CS20230722_CLUS_1216	owl:NamedIndividual	74
WMB:CS20230722_CLUS_1564	owl:NamedIndividual	74
WMB:CS20230722_CLUS_3560	owl:NamedIndividual	74
WMB:CS20230722_CLUS_4028	owl:NamedIndividual	74
WMB:CS20230722_CLUS_4173	owl:NamedIndividual	74
WMB:CS20230722_CLUS_2928	owl:NamedIndividual	74
WMB:CS20230722_CLUS_2365	owl:NamedIndividual	74
WMB:CS20230722_CLUS_4779	owl:NamedIndividual	74
WMB:CS20230722_CLUS_3164	owl:NamedIndividual	74
WMB:CS20230722_CLUS_4646	owl:NamedIndividual	74
WMB:CS20230722_CLUS_4554	owl:NamedIndividual	74
WMB:CS20230722_CLUS_5089	owl:NamedIndividual	73
WMB:CS20230722_CLUS_1847	owl:NamedIndividual	73
WMB:CS20230722_CLUS_1191	owl:NamedIndividual	73
WMB:CS20230722_CLUS_3615	owl:NamedIndividual	73
WMB:CS20230722_CLUS_0788	owl:NamedIndividual	73
WMB:CS20230722_CLUS_4608	owl:NamedIndividual	73
WMB:CS20230722_CLUS_2949	owl:NamedIndividual	73
WMB:CS20230722_CLUS_2452	owl:NamedIndividual	73
WMB:CS20230722_CLUS_1256	owl:NamedIndividual	73
WMB:CS20230722_CLUS_3131	owl:NamedIndividual	73
WMB:CS20230722_CLUS_4880	owl:NamedIndividual	73
WMB:CS20230722_CLUS_3965	owl:NamedIndividual	73
WMB:CS20230722_CLUS_3706	owl:NamedIndividual	73
WMB:CS20230722_CLUS_4749	owl:NamedIndividual	73
WMB:CS20230722_CLUS_5046	owl:NamedIndividual	73
WMB:CS20230722_CLUS_4574	owl:NamedIndividual	73
WMB:CS20230722_CLUS_2972	owl:NamedIndividual	73
WMB:CS20230722_CLUS_4794	owl:NamedIndividual	73
WMB:CS20230722_CLUS_1848	owl:NamedIndividual	73
WMB:CS20230722_CLUS_3632	owl:NamedIndividual	73
WMB:CS20230722_CLUS_2070	owl:NamedIndividual	73
WMB:CS20230722_CLUS_4357	owl:NamedIndividual	73
WMB:CS20230722_CLUS_2150	owl:NamedIndividual	73
WMB:CS20230722_CLUS_1771	owl:NamedIndividual	73
WMB:CS20230722_CLUS_2393	owl:NamedIndividual	73
WMB:CS20230722_CLUS_0613	owl:NamedIndividual	73
WMB:CS20230722_CLUS_1794	owl:NamedIndividual	73
WMB:CS20230722_CLUS_1814	owl:NamedIndividual	73
WMB:CS20230722_CLUS_2965	owl:NamedIndividual	73
WMB:CS20230722_CLUS_1922	owl:NamedIndividual	72
WMB:CS20230722_CLUS_1758	owl:NamedIndividual	72
WMB:CS20230722_CLUS_0653	owl:NamedIndividual	72
WMB:CS20230722_CLUS_2989	owl:NamedIndividual	72
WMB:CS20230722_CLUS_2715	owl:NamedIndividual	72
WMB:CS20230722_CLUS_2111	owl:NamedIndividual	72
WMB:CS20230722_CLUS_3109	owl:NamedIndividual	72
WMB:CS20230722_CLUS_4865	owl:NamedIndividual	72
WMB:CS20230722_CLUS_2069	owl:NamedIndividual	72
WMB:CS20230722_CLUS_3642	owl:NamedIndividual	72
WMB:CS20230722_CLUS_2466	owl:NamedIndividual	72
WMB:CS20230722_CLUS_1248	owl:NamedIndividual	72
WMB:CS20230722_CLUS_3939	owl:NamedIndividual	72
WMB:CS20230722_CLUS_5092	owl:NamedIndividual	72
WMB:CS20230722_CLUS_1523	owl:NamedIndividual	72
WMB:CS20230722_CLUS_2220	owl:NamedIndividual	72
WMB:CS20230722_CLUS_0207	owl:NamedIndividual	72
WMB:CS20230722_CLUS_1198	owl:NamedIndividual	72
WMB:CS20230722_CLUS_5048	owl:NamedIndividual	72
WMB:CS20230722_CLUS_0866	owl:NamedIndividual	72
WMB:CS20230722_CLUS_1020	owl:NamedIndividual	72
WMB:CS20230722_CLUS_4077	owl:NamedIndividual	72
WMB:CS20230722_CLUS_3750	owl:NamedIndividual	72
WMB:CS20230722_CLUS_1503	owl:NamedIndividual	72
WMB:CS20230722_CLUS_0895	owl:NamedIndividual	72
WMB:CS20230722_CLUS_4547	owl:NamedIndividual	72
WMB:CS20230722_CLUS_1023	owl:NamedIndividual	71
WMB:CS20230722_CLUS_2641	owl:NamedIndividual	71
WMB:CS20230722_CLUS_3527	owl:NamedIndividual	71
WMB:CS20230722_CLUS_4106	owl:NamedIndividual	71
WMB:CS20230722_CLUS_3888	owl:NamedIndividual	71
WMB:CS20230722_CLUS_5069	owl:NamedIndividual	71
WMB:CS20230722_CLUS_5122	owl:NamedIndividual	71
WMB:CS20230722_CLUS_2845	owl:NamedIndividual	71
WMB:CS20230722_CLUS_0829	owl:NamedIndividual	71
WMB:CS20230722_CLUS_4331	owl:NamedIndividual	71
WMB:CS20230722_CLUS_3022	owl:NamedIndividual	71
WMB:CS20230722_CLUS_3432	owl:NamedIndividual	71
WMB:CS20230722_CLUS_1790	owl:NamedIndividual	71
WMB:CS20230722_CLUS_2862	owl:NamedIndividual	71
WMB:CS20230722_CLUS_1062	owl:NamedIndividual	71
WMB:CS20230722_CLUS_0890	owl:NamedIndividual	71
WMB:CS20230722_CLUS_3545	owl:NamedIndividual	71
WMB:CS20230722_CLUS_1571	owl:NamedIndividual	71
WMB:CS20230722_CLUS_1321	owl:NamedIndividual	71
WMB:CS20230722_CLUS_3046	owl:NamedIndividual	71
WMB:CS20230722_CLUS_3656	owl:NamedIndividual	71
WMB:CS20230722_CLUS_2020	owl:NamedIndividual	71
WMB:CS20230722_CLUS_4775	owl:NamedIndividual	71
WMB:CS20230722_CLUS_1830	owl:NamedIndividual	71
WMB:CS20230722_CLUS_2428	owl:NamedIndividual	71
WMB:CS20230722_CLUS_4411	owl:NamedIndividual	71
WMB:CS20230722_CLUS_2937	owl:NamedIndividual	70
WMB:CS20230722_CLUS_3145	owl:NamedIndividual	70
WMB:CS20230722_CLUS_1053	owl:NamedIndividual	70
WMB:CS20230722_CLUS_2525	owl:NamedIndividual	70
WMB:CS20230722_CLUS_4952	owl:NamedIndividual	70
WMB:CS20230722_CLUS_2256	owl:NamedIndividual	70
WMB:CS20230722_CLUS_1286	owl:NamedIndividual	70
WMB:CS20230722_CLUS_3294	owl:NamedIndividual	70
WMB:CS20230722_CLUS_3117	owl:NamedIndividual	70
WMB:CS20230722_CLUS_2985	owl:NamedIndividual	70
WMB:CS20230722_CLUS_4556	owl:NamedIndividual	70
WMB:CS20230722_CLUS_4024	owl:NamedIndividual	70
WMB:CS20230722_CLUS_1423	owl:NamedIndividual	70
WMB:CS20230722_CLUS_3664	owl:NamedIndividual	70
WMB:CS20230722_CLUS_4997	owl:NamedIndividual	69
WMB:CS20230722_CLUS_2671	owl:NamedIndividual	69
WMB:CS20230722_CLUS_4510	owl:NamedIndividual	69
WMB:CS20230722_CLUS_4006	owl:NamedIndividual	69
WMB:CS20230722_CLUS_2218	owl:NamedIndividual	69
WMB:CS20230722_CLUS_4732	owl:NamedIndividual	69
WMB:CS20230722_CLUS_1490	owl:NamedIndividual	69
WMB:CS20230722_CLUS_1820	owl:NamedIndividual	69
WMB:CS20230722_CLUS_1074	owl:NamedIndividual	69
WMB:CS20230722_CLUS_2268	owl:NamedIndividual	69
WMB:CS20230722_CLUS_2847	owl:NamedIndividual	69
WMB:CS20230722_CLUS_2914	owl:NamedIndividual	69
WMB:CS20230722_CLUS_2094	owl:NamedIndividual	69
WMB:CS20230722_CLUS_2548	owl:NamedIndividual	69
WMB:CS20230722_CLUS_3234	owl:NamedIndividual	69
WMB:CS20230722_CLUS_4002	owl:NamedIndividual	69
WMB:CS20230722_CLUS_3938	owl:NamedIndividual	69
WMB:CS20230722_CLUS_1325	owl:NamedIndividual	69
WMB:CS20230722_CLUS_4995	owl:NamedIndividual	69
WMB:CS20230722_CLUS_1914	owl:NamedIndividual	69
WMB:CS20230722_CLUS_4407	owl:NamedIndividual	69
WMB:CS20230722_CLUS_2224	owl:NamedIndividual	69
WMB:CS20230722_CLUS_1170	owl:NamedIndividual	69
WMB:CS20230722_CLUS_1427	owl:NamedIndividual	69
WMB:CS20230722_CLUS_4898	owl:NamedIndividual	69
WMB:CS20230722_CLUS_5175	owl:NamedIndividual	69
WMB:CS20230722_CLUS_1762	owl:NamedIndividual	69
WMB:CS20230722_CLUS_1611	owl:NamedIndividual	69
WMB:CS20230722_CLUS_1460	owl:NamedIndividual	69
WMB:CS20230722_CLUS_3293	owl:NamedIndividual	69
WMB:CS20230722_CLUS_0202	owl:NamedIndividual	69
WMB:CS20230722_CLUS_2537	owl:NamedIndividual	69
WMB:CS20230722_CLUS_3019	owl:NamedIndividual	68
WMB:CS20230722_CLUS_3292	owl:NamedIndividual	68
WMB:CS20230722_CLUS_1908	owl:NamedIndividual	68
WMB:CS20230722_CLUS_1478	owl:NamedIndividual	68
WMB:CS20230722_CLUS_3832	owl:NamedIndividual	68
WMB:CS20230722_CLUS_4767	owl:NamedIndividual	68
WMB:CS20230722_CLUS_4923	owl:NamedIndividual	68
WMB:CS20230722_CLUS_1070	owl:NamedIndividual	68
WMB:CS20230722_CLUS_4635	owl:NamedIndividual	68
WMB:CS20230722_CLUS_2382	owl:NamedIndividual	68
WMB:CS20230722_CLUS_3807	owl:NamedIndividual	68
WMB:CS20230722_CLUS_3567	owl:NamedIndividual	68
WMB:CS20230722_CLUS_1350	owl:NamedIndividual	68
WMB:CS20230722_CLUS_1026	owl:NamedIndividual	68
WMB:CS20230722_CLUS_1209	owl:NamedIndividual	68
WMB:CS20230722_CLUS_1047	owl:NamedIndividual	68
WMB:CS20230722_CLUS_2157	owl:NamedIndividual	68
WMB:CS20230722_CLUS_2547	owl:NamedIndividual	68
WMB:CS20230722_CLUS_2013	owl:NamedIndividual	68
WMB:CS20230722_CLUS_2306	owl:NamedIndividual	68
WMB:CS20230722_CLUS_3962	owl:NamedIndividual	68
WMB:CS20230722_CLUS_1029	owl:NamedIndividual	68
WMB:CS20230722_CLUS_3575	owl:NamedIndividual	67
WMB:CS20230722_CLUS_4132	owl:NamedIndividual	67
WMB:CS20230722_CLUS_1897	owl:NamedIndividual	67
WMB:CS20230722_CLUS_3717	owl:NamedIndividual	67
WMB:CS20230722_CLUS_2816	owl:NamedIndividual	67
WMB:CS20230722_CLUS_1483	owl:NamedIndividual	67
WMB:CS20230722_CLUS_3231	owl:NamedIndividual	67
WMB:CS20230722_CLUS_1462	owl:NamedIndividual	67
WMB:CS20230722_CLUS_1767	owl:NamedIndividual	67
WMB:CS20230722_CLUS_3916	owl:NamedIndividual	67
WMB:CS20230722_CLUS_4041	owl:NamedIndividual	67
WMB:CS20230722_CLUS_2009	owl:NamedIndividual	67
WMB:CS20230722_CLUS_1449	owl:NamedIndividual	67
WMB:CS20230722_CLUS_1590	owl:NamedIndividual	67
WMB:CS20230722_CLUS_1397	owl:NamedIndividual	67
WMB:CS20230722_CLUS_5255	owl:NamedIndividual	67
WMB:CS20230722_CLUS_4170	owl:NamedIndividual	67
WMB:CS20230722_CLUS_1403	owl:NamedIndividual	67
WMB:CS20230722_CLUS_1234	owl:NamedIndividual	67
WMB:CS20230722_CLUS_2907	owl:NamedIndividual	67
WMB:CS20230722_CLUS_1453	owl:NamedIndividual	66
WMB:CS20230722_CLUS_4714	owl:NamedIndividual	66
WMB:CS20230722_CLUS_1364	owl:NamedIndividual	66
WMB:CS20230722_CLUS_3490	owl:NamedIndividual	66
WMB:CS20230722_CLUS_3313	owl:NamedIndividual	66
WMB:CS20230722_CLUS_0283	owl:NamedIndividual	66
WMB:CS20230722_CLUS_1468	owl:NamedIndividual	66
WMB:CS20230722_CLUS_4093	owl:NamedIndividual	66
WMB:CS20230722_CLUS_3823	owl:NamedIndividual	66
WMB:CS20230722_CLUS_2028	owl:NamedIndividual	66
WMB:CS20230722_CLUS_1911	owl:NamedIndividual	66
WMB:CS20230722_CLUS_1327	owl:NamedIndividual	66
WMB:CS20230722_CLUS_1754	owl:NamedIndividual	66
WMB:CS20230722_CLUS_2272	owl:NamedIndividual	66
WMB:CS20230722_CLUS_1841	owl:NamedIndividual	66
WMB:CS20230722_CLUS_1247	owl:NamedIndividual	66
WMB:CS20230722_CLUS_3598	owl:NamedIndividual	66
WMB:CS20230722_CLUS_3156	owl:NamedIndividual	66
WMB:CS20230722_CLUS_2384	owl:NamedIndividual	66
WMB:CS20230722_CLUS_0935	owl:NamedIndividual	66
WMB:CS20230722_CLUS_4963	owl:NamedIndividual	66
WMB:CS20230722_CLUS_3422	owl:NamedIndividual	66
WMB:CS20230722_CLUS_5014	owl:NamedIndividual	66
WMB:CS20230722_CLUS_4162	owl:NamedIndividual	66
WMB:CS20230722_CLUS_3410	owl:NamedIndividual	66
WMB:CS20230722_CLUS_4647	owl:NamedIndividual	66
WMB:CS20230722_CLUS_2781	owl:NamedIndividual	66
WMB:CS20230722_CLUS_1095	owl:NamedIndividual	66
WMB:CS20230722_CLUS_1609	owl:NamedIndividual	65
WMB:CS20230722_CLUS_2063	owl:NamedIndividual	65
WMB:CS20230722_CLUS_3829	owl:NamedIndividual	65
WMB:CS20230722_CLUS_3898	owl:NamedIndividual	65
WMB:CS20230722_CLUS_1179	owl:NamedIndividual	65
WMB:CS20230722_CLUS_3715	owl:NamedIndividual	65
WMB:CS20230722_CLUS_2201	owl:NamedIndividual	65
WMB:CS20230722_CLUS_3510	owl:NamedIndividual	65
WMB:CS20230722_CLUS_3614	owl:NamedIndividual	65
WMB:CS20230722_CLUS_1636	owl:NamedIndividual	65
WMB:CS20230722_CLUS_1538	owl:NamedIndividual	65
WMB:CS20230722_CLUS_0593	owl:NamedIndividual	65
WMB:CS20230722_CLUS_2810	owl:NamedIndividual	65
WMB:CS20230722_CLUS_1682	owl:NamedIndividual	65
WMB:CS20230722_CLUS_3266	owl:NamedIndividual	65
WMB:CS20230722_CLUS_3427	owl:NamedIndividual	65
WMB:CS20230722_CLUS_2079	owl:NamedIndividual	65
WMB:CS20230722_CLUS_0702	owl:NamedIndividual	65
WMB:CS20230722_CLUS_1269	owl:NamedIndividual	65
WMB:CS20230722_CLUS_2412	owl:NamedIndividual	65
WMB:CS20230722_CLUS_4839	owl:NamedIndividual	65
WMB:CS20230722_CLUS_1419	owl:NamedIndividual	65
WMB:CS20230722_CLUS_4211	owl:NamedIndividual	65
WMB:CS20230722_CLUS_0848	owl:NamedIndividual	65
WMB:CS20230722_CLUS_1249	owl:NamedIndividual	65
WMB:CS20230722_CLUS_4651	owl:NamedIndividual	65
WMB:CS20230722_CLUS_1934	owl:NamedIndividual	65
WMB:CS20230722_CLUS_4747	owl:NamedIndividual	65
WMB:CS20230722_CLUS_0880	owl:NamedIndividual	65
WMB:CS20230722_CLUS_3186	owl:NamedIndividual	65
WMB:CS20230722_CLUS_5254	owl:NamedIndividual	65
WMB:CS20230722_CLUS_3628	owl:NamedIndividual	64
WMB:CS20230722_CLUS_4783	owl:NamedIndividual	64
WMB:CS20230722_CLUS_4731	owl:NamedIndividual	64
WMB:CS20230722_CLUS_2208	owl:NamedIndividual	64
WMB:CS20230722_CLUS_1860	owl:NamedIndividual	64
WMB:CS20230722_CLUS_2956	owl:NamedIndividual	64
WMB:CS20230722_CLUS_3437	owl:NamedIndividual	64
WMB:CS20230722_CLUS_2491	owl:NamedIndividual	64
WMB:CS20230722_CLUS_1285	owl:NamedIndividual	64
WMB:CS20230722_CLUS_2235	owl:NamedIndividual	64
WMB:CS20230722_CLUS_2961	owl:NamedIndividual	64
WMB:CS20230722_CLUS_3690	owl:NamedIndividual	64
WMB:CS20230722_CLUS_0867	owl:NamedIndividual	64
WMB:CS20230722_CLUS_1673	owl:NamedIndividual	64
WMB:CS20230722_CLUS_3256	owl:NamedIndividual	64
WMB:CS20230722_CLUS_1775	owl:NamedIndividual	64
WMB:CS20230722_CLUS_0392	owl:NamedIndividual	64
WMB:CS20230722_CLUS_5023	owl:NamedIndividual	64
WMB:CS20230722_CLUS_2288	owl:NamedIndividual	64
WMB:CS20230722_CLUS_4697	owl:NamedIndividual	64
WMB:CS20230722_CLUS_3033	owl:NamedIndividual	64
WMB:CS20230722_CLUS_1641	owl:NamedIndividual	63
WMB:CS20230722_CLUS_3814	owl:NamedIndividual	63
WMB:CS20230722_CLUS_2405	owl:NamedIndividual	63
WMB:CS20230722_CLUS_1963	owl:NamedIndividual	63
WMB:CS20230722_CLUS_1195	owl:NamedIndividual	63
WMB:CS20230722_CLUS_0730	owl:NamedIndividual	63
WMB:CS20230722_CLUS_2559	owl:NamedIndividual	63
WMB:CS20230722_CLUS_3863	owl:NamedIndividual	63
WMB:CS20230722_CLUS_2077	owl:NamedIndividual	63
WMB:CS20230722_CLUS_4946	owl:NamedIndividual	63
WMB:CS20230722_CLUS_1656	owl:NamedIndividual	63
WMB:CS20230722_CLUS_4016	owl:NamedIndividual	63
WMB:CS20230722_CLUS_4679	owl:NamedIndividual	63
WMB:CS20230722_CLUS_2947	owl:NamedIndividual	63
WMB:CS20230722_CLUS_4903	owl:NamedIndividual	63
WMB:CS20230722_CLUS_4297	owl:NamedIndividual	63
WMB:CS20230722_CLUS_2707	owl:NamedIndividual	63
WMB:CS20230722_CLUS_4817	owl:NamedIndividual	63
WMB:CS20230722_CLUS_4194	owl:NamedIndividual	63
WMB:CS20230722_CLUS_4989	owl:NamedIndividual	63
WMB:CS20230722_CLUS_2617	owl:NamedIndividual	63
WMB:CS20230722_CLUS_5118	owl:NamedIndividual	63
WMB:CS20230722_CLUS_2448	owl:NamedIndividual	63
WMB:CS20230722_CLUS_1237	owl:NamedIndividual	63
WMB:CS20230722_CLUS_1677	owl:NamedIndividual	63
WMB:CS20230722_CLUS_4869	owl:NamedIndividual	62
WMB:CS20230722_CLUS_3979	owl:NamedIndividual	62
WMB:CS20230722_CLUS_1927	owl:NamedIndividual	62
WMB:CS20230722_CLUS_4385	owl:NamedIndividual	62
WMB:CS20230722_CLUS_1536	owl:NamedIndividual	62
WMB:CS20230722_CLUS_5105	owl:NamedIndividual	62
WMB:CS20230722_CLUS_3602	owl:NamedIndividual	62
WMB:CS20230722_CLUS_2509	owl:NamedIndividual	62
WMB:CS20230722_CLUS_1791	owl:NamedIndividual	62
WMB:CS20230722_CLUS_3978	owl:NamedIndividual	62
WMB:CS20230722_CLUS_1254	owl:NamedIndividual	62
WMB:CS20230722_CLUS_2606	owl:NamedIndividual	62
WMB:CS20230722_CLUS_3406	owl:NamedIndividual	62
WMB:CS20230722_CLUS_3187	owl:NamedIndividual	62
WMB:CS20230722_CLUS_0845	owl:NamedIndividual	62
WMB:CS20230722_CLUS_3639	owl:NamedIndividual	62
WMB:CS20230722_CLUS_0483	owl:NamedIndividual	62
WMB:CS20230722_CLUS_2736	owl:NamedIndividual	62
WMB:CS20230722_CLUS_3909	owl:NamedIndividual	62
WMB:CS20230722_CLUS_3534	owl:NamedIndividual	62
WMB:CS20230722_CLUS_1876	owl:NamedIndividual	62
WMB:CS20230722_CLUS_2371	owl:NamedIndividual	62
WMB:CS20230722_CLUS_4706	owl:NamedIndividual	62
WMB:CS20230722_CLUS_4147	owl:NamedIndividual	62
WMB:CS20230722_CLUS_4308	owl:NamedIndividual	62
WMB:CS20230722_CLUS_3816	owl:NamedIndividual	62
WMB:CS20230722_CLUS_1787	owl:NamedIndividual	62
WMB:CS20230722_CLUS_4981	owl:NamedIndividual	62
WMB:CS20230722_CLUS_1085	owl:NamedIndividual	62
WMB:CS20230722_CLUS_0699	owl:NamedIndividual	61
WMB:CS20230722_CLUS_3608	owl:NamedIndividual	61
WMB:CS20230722_CLUS_3634	owl:NamedIndividual	61
WMB:CS20230722_CLUS_0698	owl:NamedIndividual	61
WMB:CS20230722_CLUS_0728	owl:NamedIndividual	61
WMB:CS20230722_CLUS_4154	owl:NamedIndividual	61
WMB:CS20230722_CLUS_0651	owl:NamedIndividual	61
WMB:CS20230722_CLUS_4011	owl:NamedIndividual	61
WMB:CS20230722_CLUS_3714	owl:NamedIndividual	61
WMB:CS20230722_CLUS_0902	owl:NamedIndividual	61
WMB:CS20230722_CLUS_2954	owl:NamedIndividual	61
WMB:CS20230722_CLUS_1632	owl:NamedIndividual	61
WMB:CS20230722_CLUS_1192	owl:NamedIndividual	61
WMB:CS20230722_CLUS_5104	owl:NamedIndividual	61
WMB:CS20230722_CLUS_4303	owl:NamedIndividual	61
WMB:CS20230722_CLUS_4350	owl:NamedIndividual	61
WMB:CS20230722_CLUS_2856	owl:NamedIndividual	61
WMB:CS20230722_CLUS_1189	owl:NamedIndividual	61
WMB:CS20230722_CLUS_3739	owl:NamedIndividual	61
WMB:CS20230722_CLUS_3915	owl:NamedIndividual	61
WMB:CS20230722_CLUS_2216	owl:NamedIndividual	61
WMB:CS20230722_CLUS_2250	owl:NamedIndividual	61
WMB:CS20230722_CLUS_2814	owl:NamedIndividual	61
WMB:CS20230722_CLUS_4477	owl:NamedIndividual	60
WMB:CS20230722_CLUS_3420	owl:NamedIndividual	60
WMB:CS20230722_CLUS_4141	owl:NamedIndividual	60
WMB:CS20230722_CLUS_4017	owl:NamedIndividual	60
WMB:CS20230722_CLUS_3600	owl:NamedIndividual	60
WMB:CS20230722_CLUS_3011	owl:NamedIndividual	60
WMB:CS20230722_CLUS_0659	owl:NamedIndividual	60
WMB:CS20230722_CLUS_3861	owl:NamedIndividual	60
WMB:CS20230722_CLUS_4692	owl:NamedIndividual	60
WMB:CS20230722_CLUS_1004	owl:NamedIndividual	60
WMB:CS20230722_CLUS_4899	owl:NamedIndividual	60
WMB:CS20230722_CLUS_4769	owl:NamedIndividual	60
WMB:CS20230722_CLUS_4232	owl:NamedIndividual	60
WMB:CS20230722_CLUS_4221	owl:NamedIndividual	60
WMB:CS20230722_CLUS_4778	owl:NamedIndividual	60
WMB:CS20230722_CLUS_1461	owl:NamedIndividual	60
WMB:CS20230722_CLUS_2059	owl:NamedIndividual	60
WMB:CS20230722_CLUS_2430	owl:NamedIndividual	60
WMB:CS20230722_CLUS_1013	owl:NamedIndividual	60
WMB:CS20230722_CLUS_3449	owl:NamedIndividual	60
WMB:CS20230722_CLUS_2115	owl:NamedIndividual	60
WMB:CS20230722_CLUS_2176	owl:NamedIndividual	60
WMB:CS20230722_CLUS_1171	owl:NamedIndividual	60
WMB:CS20230722_CLUS_3400	owl:NamedIndividual	60
WMB:CS20230722_CLUS_2968	owl:NamedIndividual	60
WMB:CS20230722_CLUS_4315	owl:NamedIndividual	60
WMB:CS20230722_CLUS_1486	owl:NamedIndividual	60
WMB:CS20230722_CLUS_1040	owl:NamedIndividual	60
WMB:CS20230722_CLUS_4972	owl:NamedIndividual	60
WMB:CS20230722_CLUS_3866	owl:NamedIndividual	60
WMB:CS20230722_CLUS_1390	owl:NamedIndividual	59
WMB:CS20230722_CLUS_2536	owl:NamedIndividual	59
WMB:CS20230722_CLUS_2787	owl:NamedIndividual	59
WMB:CS20230722_CLUS_3838	owl:NamedIndividual	59
WMB:CS20230722_CLUS_4901	owl:NamedIndividual	59
WMB:CS20230722_CLUS_2359	owl:NamedIndividual	59
WMB:CS20230722_CLUS_0325	owl:NamedIndividual	59
WMB:CS20230722_CLUS_1623	owl:NamedIndividual	59
WMB:CS20230722_CLUS_0881	owl:NamedIndividual	59
WMB:CS20230722_CLUS_4003	owl:NamedIndividual	59
WMB:CS20230722_CLUS_3539	owl:NamedIndividual	59
WMB:CS20230722_CLUS_4676	owl:NamedIndividual	59
WMB:CS20230722_CLUS_3169	owl:NamedIndividual	59
WMB:CS20230722_CLUS_1064	owl:NamedIndividual	59
WMB:CS20230722_CLUS_1338	owl:NamedIndividual	59
WMB:CS20230722_CLUS_4790	owl:NamedIndividual	59
WMB:CS20230722_CLUS_4685	owl:NamedIndividual	59
WMB:CS20230722_CLUS_1173	owl:NamedIndividual	59
WMB:CS20230722_CLUS_2685	owl:NamedIndividual	59
WMB:CS20230722_CLUS_2516	owl:NamedIndividual	59
WMB:CS20230722_CLUS_2239	owl:NamedIndividual	59
WMB:CS20230722_CLUS_3947	owl:NamedIndividual	59
WMB:CS20230722_CLUS_3885	owl:NamedIndividual	59
WMB:CS20230722_CLUS_4786	owl:NamedIndividual	59
WMB:CS20230722_CLUS_1518	owl:NamedIndividual	59
WMB:CS20230722_CLUS_3380	owl:NamedIndividual	59
WMB:CS20230722_CLUS_0602	owl:NamedIndividual	59
WMB:CS20230722_CLUS_1260	owl:NamedIndividual	58
WMB:CS20230722_CLUS_4782	owl:NamedIndividual	58
WMB:CS20230722_CLUS_2757	owl:NamedIndividual	58
WMB:CS20230722_CLUS_1079	owl:NamedIndividual	58
WMB:CS20230722_CLUS_1520	owl:NamedIndividual	58
WMB:CS20230722_CLUS_2179	owl:NamedIndividual	58
WMB:CS20230722_CLUS_2904	owl:NamedIndividual	58
WMB:CS20230722_CLUS_4433	owl:NamedIndividual	58
WMB:CS20230722_CLUS_1513	owl:NamedIndividual	58
WMB:CS20230722_CLUS_3255	owl:NamedIndividual	58
WMB:CS20230722_CLUS_1177	owl:NamedIndividual	58
WMB:CS20230722_CLUS_3008	owl:NamedIndividual	58
WMB:CS20230722_CLUS_2459	owl:NamedIndividual	58
WMB:CS20230722_CLUS_2112	owl:NamedIndividual	58
WMB:CS20230722_CLUS_5012	owl:NamedIndividual	58
WMB:CS20230722_CLUS_2825	owl:NamedIndividual	58
WMB:CS20230722_CLUS_1864	owl:NamedIndividual	58
WMB:CS20230722_CLUS_4821	owl:NamedIndividual	58
WMB:CS20230722_CLUS_5292	owl:NamedIndividual	58
WMB:CS20230722_CLUS_2776	owl:NamedIndividual	58
WMB:CS20230722_CLUS_1711	owl:NamedIndividual	58
WMB:CS20230722_CLUS_1621	owl:NamedIndividual	58
WMB:CS20230722_CLUS_2791	owl:NamedIndividual	58
WMB:CS20230722_CLUS_1665	owl:NamedIndividual	58
WMB:CS20230722_CLUS_1645	owl:NamedIndividual	58
WMB:CS20230722_CLUS_3452	owl:NamedIndividual	58
WMB:CS20230722_CLUS_4097	owl:NamedIndividual	58
WMB:CS20230722_CLUS_1387	owl:NamedIndividual	58
WMB:CS20230722_CLUS_2092	owl:NamedIndividual	58
WMB:CS20230722_CLUS_4637	owl:NamedIndividual	58
WMB:CS20230722_CLUS_4632	owl:NamedIndividual	58
WMB:CS20230722_CLUS_1873	owl:NamedIndividual	58
WMB:CS20230722_CLUS_4300	owl:NamedIndividual	58
WMB:CS20230722_CLUS_2191	owl:NamedIndividual	58
WMB:CS20230722_CLUS_3694	owl:NamedIndividual	58
WMB:CS20230722_CLUS_3623	owl:NamedIndividual	58
WMB:CS20230722_CLUS_0349	owl:NamedIndividual	58
WMB:CS20230722_CLUS_2304	owl:NamedIndividual	58
WMB:CS20230722_CLUS_1967	owl:NamedIndividual	58
WMB:CS20230722_CLUS_4674	owl:NamedIndividual	58
WMB:CS20230722_CLUS_1896	owl:NamedIndividual	58
WMB:CS20230722_CLUS_3558	owl:NamedIndividual	58
WMB:CS20230722_CLUS_3849	owl:NamedIndividual	57
WMB:CS20230722_CLUS_2043	owl:NamedIndividual	57
WMB:CS20230722_CLUS_1626	owl:NamedIndividual	57
WMB:CS20230722_CLUS_1236	owl:NamedIndividual	57
WMB:CS20230722_CLUS_3519	owl:NamedIndividual	57
WMB:CS20230722_CLUS_2704	owl:NamedIndividual	57
WMB:CS20230722_CLUS_4027	owl:NamedIndividual	57
WMB:CS20230722_CLUS_1296	owl:NamedIndividual	57
WMB:CS20230722_CLUS_4042	owl:NamedIndividual	57
WMB:CS20230722_CLUS_4395	owl:NamedIndividual	57
WMB:CS20230722_CLUS_4120	owl:NamedIndividual	57
WMB:CS20230722_CLUS_4831	owl:NamedIndividual	57
WMB:CS20230722_CLUS_2243	owl:NamedIndividual	57
WMB:CS20230722_CLUS_2868	owl:NamedIndividual	57
WMB:CS20230722_CLUS_4155	owl:NamedIndividual	57
WMB:CS20230722_CLUS_3086	owl:NamedIndividual	57
WMB:CS20230722_CLUS_2042	owl:NamedIndividual	57
WMB:CS20230722_CLUS_0647	owl:NamedIndividual	57
WMB:CS20230722_CLUS_0561	owl:NamedIndividual	57
WMB:CS20230722_CLUS_4025	owl:NamedIndividual	57
WMB:CS20230722_CLUS_2545	owl:NamedIndividual	57
WMB:CS20230722_CLUS_3530	owl:NamedIndividual	57
WMB:CS20230722_CLUS_1858	owl:NamedIndividual	57
WMB:CS20230722_CLUS_5093	owl:NamedIndividual	57
WMB:CS20230722_CLUS_4834	owl:NamedIndividual	57
WMB:CS20230722_CLUS_0020	owl:NamedIndividual	57
WMB:CS20230722_CLUS_3112	owl:NamedIndividual	57
WMB:CS20230722_CLUS_2458	owl:NamedIndividual	57
WMB:CS20230722_CLUS_1335	owl:NamedIndividual	57
WMB:CS20230722_CLUS_2462	owl:NamedIndividual	57
WMB:CS20230722_CLUS_4721	owl:NamedIndividual	57
WMB:CS20230722_CLUS_3514	owl:NamedIndividual	57
WMB:CS20230722_CLUS_3281	owl:NamedIndividual	57
WMB:CS20230722_CLUS_1315	owl:NamedIndividual	57
WMB:CS20230722_CLUS_3716	owl:NamedIndividual	57
WMB:CS20230722_CLUS_3596	owl:NamedIndividual	57
WMB:CS20230722_CLUS_3014	owl:NamedIndividual	57
WMB:CS20230722_CLUS_2159	owl:NamedIndividual	57
WMB:CS20230722_CLUS_2564	owl:NamedIndividual	57
WMB:CS20230722_CLUS_2911	owl:NamedIndividual	57
WMB:CS20230722_CLUS_4125	owl:NamedIndividual	57
WMB:CS20230722_CLUS_4181	owl:NamedIndividual	57
WMB:CS20230722_CLUS_0498	owl:NamedIndividual	57
WMB:CS20230722_CLUS_0616	owl:NamedIndividual	57
WMB:CS20230722_CLUS_3860	owl:NamedIndividual	56
WMB:CS20230722_CLUS_1706	owl:NamedIndividual	56
WMB:CS20230722_CLUS_2400	owl:NamedIndividual	56
WMB:CS20230722_CLUS_2926	owl:NamedIndividual	56
WMB:CS20230722_CLUS_5022	owl:NamedIndividual	56
WMB:CS20230722_CLUS_1923	owl:NamedIndividual	56
WMB:CS20230722_CLUS_3946	owl:NamedIndividual	56
WMB:CS20230722_CLUS_1909	owl:NamedIndividual	56
WMB:CS20230722_CLUS_3353	owl:NamedIndividual	56
WMB:CS20230722_CLUS_4886	owl:NamedIndividual	56
WMB:CS20230722_CLUS_1853	owl:NamedIndividual	56
WMB:CS20230722_CLUS_1416	owl:NamedIndividual	56
WMB:CS20230722_CLUS_1947	owl:NamedIndividual	56
WMB:CS20230722_CLUS_1938	owl:NamedIndividual	56
WMB:CS20230722_CLUS_4642	owl:NamedIndividual	56
WMB:CS20230722_CLUS_1265	owl:NamedIndividual	56
WMB:CS20230722_CLUS_4654	owl:NamedIndividual	56
WMB:CS20230722_CLUS_1284	owl:NamedIndividual	56
WMB:CS20230722_CLUS_3918	owl:NamedIndividual	56
WMB:CS20230722_CLUS_3627	owl:NamedIndividual	56
WMB:CS20230722_CLUS_3704	owl:NamedIndividual	56
WMB:CS20230722_CLUS_4371	owl:NamedIndividual	56
WMB:CS20230722_CLUS_1713	owl:NamedIndividual	56
WMB:CS20230722_CLUS_2355	owl:NamedIndividual	56
WMB:CS20230722_CLUS_2953	owl:NamedIndividual	56
WMB:CS20230722_CLUS_2946	owl:NamedIndividual	56
WMB:CS20230722_CLUS_1662	owl:NamedIndividual	56
WMB:CS20230722_CLUS_5066	owl:NamedIndividual	56
WMB:CS20230722_CLUS_3323	owl:NamedIndividual	56
WMB:CS20230722_CLUS_2415	owl:NamedIndividual	56
WMB:CS20230722_CLUS_3685	owl:NamedIndividual	56
WMB:CS20230722_CLUS_1549	owl:NamedIndividual	56
WMB:CS20230722_CLUS_1231	owl:NamedIndividual	56
WMB:CS20230722_CLUS_1945	owl:NamedIndividual	55
WMB:CS20230722_CLUS_2920	owl:NamedIndividual	55
WMB:CS20230722_CLUS_1514	owl:NamedIndividual	55
WMB:CS20230722_CLUS_4144	owl:NamedIndividual	55
WMB:CS20230722_CLUS_3027	owl:NamedIndividual	55
WMB:CS20230722_CLUS_3149	owl:NamedIndividual	55
WMB:CS20230722_CLUS_1322	owl:NamedIndividual	55
WMB:CS20230722_CLUS_4822	owl:NamedIndividual	55
WMB:CS20230722_CLUS_5318	owl:NamedIndividual	55
WMB:CS20230722_CLUS_4633	owl:NamedIndividual	55
WMB:CS20230722_CLUS_4877	owl:NamedIndividual	55
WMB:CS20230722_CLUS_5061	owl:NamedIndividual	55
WMB:CS20230722_CLUS_3150	owl:NamedIndividual	55
WMB:CS20230722_CLUS_3487	owl:NamedIndividual	55
WMB:CS20230722_CLUS_4947	owl:NamedIndividual	55
WMB:CS20230722_CLUS_3434	owl:NamedIndividual	55
WMB:CS20230722_CLUS_3985	owl:NamedIndividual	55
WMB:CS20230722_CLUS_1022	owl:NamedIndividual	55
WMB:CS20230722_CLUS_2792	owl:NamedIndividual	55
WMB:CS20230722_CLUS_2477	owl:NamedIndividual	55
WMB:CS20230722_CLUS_2035	owl:NamedIndividual	55
WMB:CS20230722_CLUS_4897	owl:NamedIndividual	55
WMB:CS20230722_CLUS_1100	owl:NamedIndividual	55
WMB:CS20230722_CLUS_2326	owl:NamedIndividual	55
WMB:CS20230722_CLUS_3039	owl:NamedIndividual	55
WMB:CS20230722_CLUS_4619	owl:NamedIndividual	55
WMB:CS20230722_CLUS_3572	owl:NamedIndividual	55
WMB:CS20230722_CLUS_4798	owl:NamedIndividual	55
WMB:CS20230722_CLUS_1567	owl:NamedIndividual	55
WMB:CS20230722_CLUS_5266	owl:NamedIndividual	55
WMB:CS20230722_CLUS_4109	owl:NamedIndividual	55
WMB:CS20230722_CLUS_4348	owl:NamedIndividual	55
WMB:CS20230722_CLUS_2670	owl:NamedIndividual	54
WMB:CS20230722_CLUS_5064	owl:NamedIndividual	54
WMB:CS20230722_CLUS_4108	owl:NamedIndividual	54
WMB:CS20230722_CLUS_4508	owl:NamedIndividual	54
WMB:CS20230722_CLUS_2387	owl:NamedIndividual	54
WMB:CS20230722_CLUS_3480	owl:NamedIndividual	54
WMB:CS20230722_CLUS_2219	owl:NamedIndividual	54
WMB:CS20230722_CLUS_0917	owl:NamedIndividual	54
WMB:CS20230722_CLUS_4849	owl:NamedIndividual	54
WMB:CS20230722_CLUS_1108	owl:NamedIndividual	54
WMB:CS20230722_CLUS_1136	owl:NamedIndividual	54
WMB:CS20230722_CLUS_2556	owl:NamedIndividual	54
WMB:CS20230722_CLUS_1223	owl:NamedIndividual	54
WMB:CS20230722_CLUS_1421	owl:NamedIndividual	54
WMB:CS20230722_CLUS_3626	owl:NamedIndividual	54
WMB:CS20230722_CLUS_2402	owl:NamedIndividual	54
WMB:CS20230722_CLUS_2872	owl:NamedIndividual	54
WMB:CS20230722_CLUS_5050	owl:NamedIndividual	54
WMB:CS20230722_CLUS_3555	owl:NamedIndividual	54
WMB:CS20230722_CLUS_2403	owl:NamedIndividual	54
WMB:CS20230722_CLUS_4213	owl:NamedIndividual	54
WMB:CS20230722_CLUS_2189	owl:NamedIndividual	54
WMB:CS20230722_CLUS_2320	owl:NamedIndividual	54
WMB:CS20230722_CLUS_2431	owl:NamedIndividual	54
WMB:CS20230722_CLUS_1869	owl:NamedIndividual	54
WMB:CS20230722_CLUS_2768	owl:NamedIndividual	54
WMB:CS20230722_CLUS_3429	owl:NamedIndividual	54
WMB:CS20230722_CLUS_3486	owl:NamedIndividual	54
WMB:CS20230722_CLUS_2813	owl:NamedIndividual	54
WMB:CS20230722_CLUS_1723	owl:NamedIndividual	54
WMB:CS20230722_CLUS_2118	owl:NamedIndividual	54
WMB:CS20230722_CLUS_2540	owl:NamedIndividual	54
WMB:CS20230722_CLUS_1627	owl:NamedIndividual	54
WMB:CS20230722_CLUS_0853	owl:NamedIndividual	54
WMB:CS20230722_CLUS_1144	owl:NamedIndividual	53
WMB:CS20230722_CLUS_1411	owl:NamedIndividual	53
WMB:CS20230722_CLUS_2048	owl:NamedIndividual	53
WMB:CS20230722_CLUS_4607	owl:NamedIndividual	53
WMB:CS20230722_CLUS_0688	owl:NamedIndividual	53
WMB:CS20230722_CLUS_1558	owl:NamedIndividual	53
WMB:CS20230722_CLUS_4413	owl:NamedIndividual	53
WMB:CS20230722_CLUS_1101	owl:NamedIndividual	53
WMB:CS20230722_CLUS_1082	owl:NamedIndividual	53
WMB:CS20230722_CLUS_4696	owl:NamedIndividual	53
WMB:CS20230722_CLUS_2350	owl:NamedIndividual	53
WMB:CS20230722_CLUS_1575	owl:NamedIndividual	53
WMB:CS20230722_CLUS_3732	owl:NamedIndividual	53
WMB:CS20230722_CLUS_4670	owl:NamedIndividual	53
WMB:CS20230722_CLUS_4029	owl:NamedIndividual	53
WMB:CS20230722_CLUS_3999	owl:NamedIndividual	53
WMB:CS20230722_CLUS_1401	owl:NamedIndividual	53
WMB:CS20230722_CLUS_3512	owl:NamedIndividual	53
WMB:CS20230722_CLUS_3408	owl:NamedIndividual	53
WMB:CS20230722_CLUS_2406	owl:NamedIndividual	53
WMB:CS20230722_CLUS_4472	owl:NamedIndividual	53
WMB:CS20230722_CLUS_3497	owl:NamedIndividual	53
WMB:CS20230722_CLUS_2881	owl:NamedIndividual	53
WMB:CS20230722_CLUS_1750	owl:NamedIndividual	53
WMB:CS20230722_CLUS_1941	owl:NamedIndividual	53
WMB:CS20230722_CLUS_4826	owl:NamedIndividual	53
WMB:CS20230722_CLUS_1505	owl:NamedIndividual	53
WMB:CS20230722_CLUS_1547	owl:NamedIndividual	53
WMB:CS20230722_CLUS_1459	owl:NamedIndividual	53
WMB:CS20230722_CLUS_1458	owl:NamedIndividual	53
WMB:CS20230722_CLUS_1570	owl:NamedIndividual	53
WMB:CS20230722_CLUS_1926	owl:NamedIndividual	52
WMB:CS20230722_CLUS_5261	owl:NamedIndividual	52
WMB:CS20230722_CLUS_4764	owl:NamedIndividual	52
WMB:CS20230722_CLUS_1351	owl:NamedIndividual	52
WMB:CS20230722_CLUS_2693	owl:NamedIndividual	52
WMB:CS20230722_CLUS_0649	owl:NamedIndividual	52
WMB:CS20230722_CLUS_1888	owl:NamedIndividual	52
WMB:CS20230722_CLUS_3932	owl:NamedIndividual	52
WMB:CS20230722_CLUS_3687	owl:NamedIndividual	52
WMB:CS20230722_CLUS_1861	owl:NamedIndividual	52
WMB:CS20230722_CLUS_1572	owl:NamedIndividual	52
WMB:CS20230722_CLUS_4616	owl:NamedIndividual	52
WMB:CS20230722_CLUS_0218	owl:NamedIndividual	52
WMB:CS20230722_CLUS_4922	owl:NamedIndividual	52
WMB:CS20230722_CLUS_4535	owl:NamedIndividual	52
WMB:CS20230722_CLUS_3431	owl:NamedIndividual	52
WMB:CS20230722_CLUS_1979	owl:NamedIndividual	52
WMB:CS20230722_CLUS_4735	owl:NamedIndividual	52
WMB:CS20230722_CLUS_2249	owl:NamedIndividual	52
WMB:CS20230722_CLUS_1373	owl:NamedIndividual	52
WMB:CS20230722_CLUS_4092	owl:NamedIndividual	52
WMB:CS20230722_CLUS_3444	owl:NamedIndividual	52
WMB:CS20230722_CLUS_1021	owl:NamedIndividual	52
WMB:CS20230722_CLUS_1584	owl:NamedIndividual	52
WMB:CS20230722_CLUS_3658	owl:NamedIndividual	51
WMB:CS20230722_CLUS_1172	owl:NamedIndividual	51
WMB:CS20230722_CLUS_1287	owl:NamedIndividual	51
WMB:CS20230722_CLUS_4215	owl:NamedIndividual	51
WMB:CS20230722_CLUS_3403	owl:NamedIndividual	51
WMB:CS20230722_CLUS_3719	owl:NamedIndividual	51
WMB:CS20230722_CLUS_3168	owl:NamedIndividual	51
WMB:CS20230722_CLUS_4055	owl:NamedIndividual	51
WMB:CS20230722_CLUS_3912	owl:NamedIndividual	51
WMB:CS20230722_CLUS_1551	owl:NamedIndividual	51
WMB:CS20230722_CLUS_2976	owl:NamedIndividual	51
WMB:CS20230722_CLUS_1075	owl:NamedIndividual	51
WMB:CS20230722_CLUS_2451	owl:NamedIndividual	51
WMB:CS20230722_CLUS_1205	owl:NamedIndividual	51
WMB:CS20230722_CLUS_5157	owl:NamedIndividual	51
WMB:CS20230722_CLUS_3803	owl:NamedIndividual	51
WMB:CS20230722_CLUS_2368	owl:NamedIndividual	51
WMB:CS20230722_CLUS_3119	owl:NamedIndividual	51
WMB:CS20230722_CLUS_2908	owl:NamedIndividual	51
WMB:CS20230722_CLUS_3201	owl:NamedIndividual	51
WMB:CS20230722_CLUS_0911	owl:NamedIndividual	51
WMB:CS20230722_CLUS_1289	owl:NamedIndividual	51
WMB:CS20230722_CLUS_4145	owl:NamedIndividual	51
WMB:CS20230722_CLUS_4063	owl:NamedIndividual	51
WMB:CS20230722_CLUS_4814	owl:NamedIndividual	51
WMB:CS20230722_CLUS_0705	owl:NamedIndividual	51
WMB:CS20230722_CLUS_4356	owl:NamedIndividual	51
WMB:CS20230722_CLUS_4338	owl:NamedIndividual	51
WMB:CS20230722_CLUS_4818	owl:NamedIndividual	51
WMB:CS20230722_CLUS_5060	owl:NamedIndividual	51
WMB:CS20230722_CLUS_2600	owl:NamedIndividual	51
WMB:CS20230722_CLUS_4289	owl:NamedIndividual	51
WMB:CS20230722_CLUS_4919	owl:NamedIndividual	51
WMB:CS20230722_CLUS_5163	owl:NamedIndividual	51
WMB:CS20230722_CLUS_2429	owl:NamedIndividual	51
WMB:CS20230722_CLUS_5251	owl:NamedIndividual	51
WMB:CS20230722_CLUS_4742	owl:NamedIndividual	51
WMB:CS20230722_CLUS_3428	owl:NamedIndividual	51
WMB:CS20230722_CLUS_4829	owl:NamedIndividual	51
WMB:CS20230722_CLUS_4183	owl:NamedIndividual	51
WMB:CS20230722_CLUS_1129	owl:NamedIndividual	51
WMB:CS20230722_CLUS_2739	owl:NamedIndividual	50
WMB:CS20230722_CLUS_1065	owl:NamedIndividual	50
WMB:CS20230722_CLUS_2520	owl:NamedIndividual	50
WMB:CS20230722_CLUS_3321	owl:NamedIndividual	50
WMB:CS20230722_CLUS_4334	owl:NamedIndividual	50
WMB:CS20230722_CLUS_4423	owl:NamedIndividual	50
WMB:CS20230722_CLUS_3462	owl:NamedIndividual	50
WMB:CS20230722_CLUS_5081	owl:NamedIndividual	50
WMB:CS20230722_CLUS_2488	owl:NamedIndividual	50
WMB:CS20230722_CLUS_3881	owl:NamedIndividual	50
WMB:CS20230722_CLUS_5108	owl:NamedIndividual	50
WMB:CS20230722_CLUS_4087	owl:NamedIndividual	50
WMB:CS20230722_CLUS_1090	owl:NamedIndividual	50
WMB:CS20230722_CLUS_4312	owl:NamedIndividual	50
WMB:CS20230722_CLUS_1415	owl:NamedIndividual	50
WMB:CS20230722_CLUS_4516	owl:NamedIndividual	50
WMB:CS20230722_CLUS_3961	owl:NamedIndividual	50
WMB:CS20230722_CLUS_2849	owl:NamedIndividual	50
WMB:CS20230722_CLUS_0517	owl:NamedIndividual	50
WMB:CS20230722_CLUS_1443	owl:NamedIndividual	50
WMB:CS20230722_CLUS_1587	owl:NamedIndividual	50
WMB:CS20230722_CLUS_1380	owl:NamedIndividual	50
WMB:CS20230722_CLUS_1958	owl:NamedIndividual	50
WMB:CS20230722_CLUS_1213	owl:NamedIndividual	50
WMB:CS20230722_CLUS_1312	owl:NamedIndividual	50
WMB:CS20230722_CLUS_2328	owl:NamedIndividual	50
WMB:CS20230722_CLUS_4511	owl:NamedIndividual	50
WMB:CS20230722_CLUS_2528	owl:NamedIndividual	50
WMB:CS20230722_CLUS_3423	owl:NamedIndividual	50
WMB:CS20230722_CLUS_4159	owl:NamedIndividual	50
WMB:CS20230722_CLUS_3774	owl:NamedIndividual	50
WMB:CS20230722_CLUS_2045	owl:NamedIndividual	50
WMB:CS20230722_CLUS_3660	owl:NamedIndividual	50
WMB:CS20230722_CLUS_1878	owl:NamedIndividual	50
WMB:CS20230722_CLUS_4927	owl:NamedIndividual	50
WMB:CS20230722_CLUS_5074	owl:NamedIndividual	50
WMB:CS20230722_CLUS_1770	owl:NamedIndividual	50
WMB:CS20230722_CLUS_4437	owl:NamedIndividual	50
WMB:CS20230722_CLUS_2494	owl:NamedIndividual	49
WMB:CS20230722_CLUS_1930	owl:NamedIndividual	49
WMB:CS20230722_CLUS_4894	owl:NamedIndividual	49
WMB:CS20230722_CLUS_1103	owl:NamedIndividual	49
WMB:CS20230722_CLUS_4855	owl:NamedIndividual	49
WMB:CS20230722_CLUS_3886	owl:NamedIndividual	49
WMB:CS20230722_CLUS_1773	owl:NamedIndividual	49
WMB:CS20230722_CLUS_3096	owl:NamedIndividual	49
WMB:CS20230722_CLUS_2138	owl:NamedIndividual	49
WMB:CS20230722_CLUS_1694	owl:NamedIndividual	49
WMB:CS20230722_CLUS_5059	owl:NamedIndividual	49
WMB:CS20230722_CLUS_3098	owl:NamedIndividual	49
WMB:CS20230722_CLUS_2021	owl:NamedIndividual	49
WMB:CS20230722_CLUS_4730	owl:NamedIndividual	49
WMB:CS20230722_CLUS_3409	owl:NamedIndividual	49
WMB:CS20230722_CLUS_1330	owl:NamedIndividual	49
WMB:CS20230722_CLUS_4498	owl:NamedIndividual	49
WMB:CS20230722_CLUS_1625	owl:NamedIndividual	49
WMB:CS20230722_CLUS_4787	owl:NamedIndividual	49
WMB:CS20230722_CLUS_1817	owl:NamedIndividual	49
WMB:CS20230722_CLUS_1521	owl:NamedIndividual	49
WMB:CS20230722_CLUS_2934	owl:NamedIndividual	49
WMB:CS20230722_CLUS_2309	owl:NamedIndividual	49
WMB:CS20230722_CLUS_4644	owl:NamedIndividual	49
WMB:CS20230722_CLUS_2499	owl:NamedIndividual	49
WMB:CS20230722_CLUS_0930	owl:NamedIndividual	49
WMB:CS20230722_CLUS_2041	owl:NamedIndividual	49
WMB:CS20230722_CLUS_0966	owl:NamedIndividual	49
WMB:CS20230722_CLUS_2113	owl:NamedIndividual	49
WMB:CS20230722_CLUS_1722	owl:NamedIndividual	49
WMB:CS20230722_CLUS_2460	owl:NamedIndividual	49
WMB:CS20230722_CLUS_3001	owl:NamedIndividual	49
WMB:CS20230722_CLUS_2142	owl:NamedIndividual	49
WMB:CS20230722_CLUS_1599	owl:NamedIndividual	49
WMB:CS20230722_CLUS_0894	owl:NamedIndividual	48
WMB:CS20230722_CLUS_1843	owl:NamedIndividual	48
WMB:CS20230722_CLUS_4418	owl:NamedIndividual	48
WMB:CS20230722_CLUS_4763	owl:NamedIndividual	48
WMB:CS20230722_CLUS_4231	owl:NamedIndividual	48
WMB:CS20230722_CLUS_0697	owl:NamedIndividual	48
WMB:CS20230722_CLUS_2413	owl:NamedIndividual	48
WMB:CS20230722_CLUS_2082	owl:NamedIndividual	48
WMB:CS20230722_CLUS_2561	owl:NamedIndividual	48
WMB:CS20230722_CLUS_4876	owl:NamedIndividual	48
WMB:CS20230722_CLUS_1550	owl:NamedIndividual	48
WMB:CS20230722_CLUS_2783	owl:NamedIndividual	48
WMB:CS20230722_CLUS_4217	owl:NamedIndividual	48
WMB:CS20230722_CLUS_2439	owl:NamedIndividual	48
WMB:CS20230722_CLUS_3324	owl:NamedIndividual	48
WMB:CS20230722_CLUS_3336	owl:NamedIndividual	48
WMB:CS20230722_CLUS_2604	owl:NamedIndividual	48
WMB:CS20230722_CLUS_4259	owl:NamedIndividual	48
WMB:CS20230722_CLUS_3705	owl:NamedIndividual	48
WMB:CS20230722_CLUS_1533	owl:NamedIndividual	48
WMB:CS20230722_CLUS_1331	owl:NamedIndividual	48
WMB:CS20230722_CLUS_4861	owl:NamedIndividual	48
WMB:CS20230722_CLUS_3900	owl:NamedIndividual	48
WMB:CS20230722_CLUS_2936	owl:NamedIndividual	48
WMB:CS20230722_CLUS_1218	owl:NamedIndividual	48
WMB:CS20230722_CLUS_1510	owl:NamedIndividual	48
WMB:CS20230722_CLUS_1405	owl:NamedIndividual	48
WMB:CS20230722_CLUS_1651	owl:NamedIndividual	48
WMB:CS20230722_CLUS_4386	owl:NamedIndividual	48
WMB:CS20230722_CLUS_0862	owl:NamedIndividual	47
WMB:CS20230722_CLUS_1266	owl:NamedIndividual	47
WMB:CS20230722_CLUS_0103	owl:NamedIndividual	47
WMB:CS20230722_CLUS_3048	owl:NamedIndividual	47
WMB:CS20230722_CLUS_1668	owl:NamedIndividual	47
WMB:CS20230722_CLUS_1728	owl:NamedIndividual	47
WMB:CS20230722_CLUS_1076	owl:NamedIndividual	47
WMB:CS20230722_CLUS_2867	owl:NamedIndividual	47
WMB:CS20230722_CLUS_4666	owl:NamedIndividual	47
WMB:CS20230722_CLUS_4139	owl:NamedIndividual	47
WMB:CS20230722_CLUS_1275	owl:NamedIndividual	47
WMB:CS20230722_CLUS_3708	owl:NamedIndividual	47
WMB:CS20230722_CLUS_3723	owl:NamedIndividual	47
WMB:CS20230722_CLUS_2425	owl:NamedIndividual	47
WMB:CS20230722_CLUS_3004	owl:NamedIndividual	47
WMB:CS20230722_CLUS_1488	owl:NamedIndividual	47
WMB:CS20230722_CLUS_2376	owl:NamedIndividual	47
WMB:CS20230722_CLUS_2835	owl:NamedIndividual	47
WMB:CS20230722_CLUS_2351	owl:NamedIndividual	47
WMB:CS20230722_CLUS_3159	owl:NamedIndividual	47
WMB:CS20230722_CLUS_4083	owl:NamedIndividual	47
WMB:CS20230722_CLUS_1910	owl:NamedIndividual	47
WMB:CS20230722_CLUS_3088	owl:NamedIndividual	47
WMB:CS20230722_CLUS_1917	owl:NamedIndividual	47
WMB:CS20230722_CLUS_1833	owl:NamedIndividual	47
WMB:CS20230722_CLUS_3689	owl:NamedIndividual	47
WMB:CS20230722_CLUS_1730	owl:NamedIndividual	47
WMB:CS20230722_CLUS_1484	owl:NamedIndividual	47
WMB:CS20230722_CLUS_2993	owl:NamedIndividual	47
WMB:CS20230722_CLUS_4784	owl:NamedIndividual	47
WMB:CS20230722_CLUS_3113	owl:NamedIndividual	47
WMB:CS20230722_CLUS_1779	owl:NamedIndividual	46
WMB:CS20230722_CLUS_2738	owl:NamedIndividual	46
WMB:CS20230722_CLUS_1385	owl:NamedIndividual	46
WMB:CS20230722_CLUS_3936	owl:NamedIndividual	46
WMB:CS20230722_CLUS_2959	owl:NamedIndividual	46
WMB:CS20230722_CLUS_2801	owl:NamedIndividual	46
WMB:CS20230722_CLUS_4746	owl:NamedIndividual	46
WMB:CS20230722_CLUS_3012	owl:NamedIndividual	46
WMB:CS20230722_CLUS_2979	owl:NamedIndividual	46
WMB:CS20230722_CLUS_1451	owl:NamedIndividual	46
WMB:CS20230722_CLUS_1883	owl:NamedIndividual	46
WMB:CS20230722_CLUS_1596	owl:NamedIndividual	46
WMB:CS20230722_CLUS_2080	owl:NamedIndividual	46
WMB:CS20230722_CLUS_2354	owl:NamedIndividual	46
WMB:CS20230722_CLUS_3925	owl:NamedIndividual	46
WMB:CS20230722_CLUS_5154	owl:NamedIndividual	46
WMB:CS20230722_CLUS_4161	owl:NamedIndividual	46
WMB:CS20230722_CLUS_2423	owl:NamedIndividual	46
WMB:CS20230722_CLUS_1272	owl:NamedIndividual	46
WMB:CS20230722_CLUS_2064	owl:NamedIndividual	46
WMB:CS20230722_CLUS_3067	owl:NamedIndividual	46
WMB:CS20230722_CLUS_3671	owl:NamedIndividual	46
WMB:CS20230722_CLUS_3870	owl:NamedIndividual	46
WMB:CS20230722_CLUS_2975	owl:NamedIndividual	46
WMB:CS20230722_CLUS_1708	owl:NamedIndividual	46
WMB:CS20230722_CLUS_0397	owl:NamedIndividual	46
WMB:CS20230722_CLUS_3135	owl:NamedIndividual	46
WMB:CS20230722_CLUS_1628	owl:NamedIndividual	46
WMB:CS20230722_CLUS_1271	owl:NamedIndividual	46
WMB:CS20230722_CLUS_5141	owl:NamedIndividual	46
WMB:CS20230722_CLUS_4853	owl:NamedIndividual	46
WMB:CS20230722_CLUS_1212	owl:NamedIndividual	46
WMB:CS20230722_CLUS_5043	owl:NamedIndividual	46
WMB:CS20230722_CLUS_5045	owl:NamedIndividual	46
WMB:CS20230722_CLUS_3897	owl:NamedIndividual	46
WMB:CS20230722_CLUS_4611	owl:NamedIndividual	46
WMB:CS20230722_CLUS_2964	owl:NamedIndividual	46
WMB:CS20230722_CLUS_2444	owl:NamedIndividual	46
WMB:CS20230722_CLUS_2962	owl:NamedIndividual	45
WMB:CS20230722_CLUS_4504	owl:NamedIndividual	45
WMB:CS20230722_CLUS_1107	owl:NamedIndividual	45
WMB:CS20230722_CLUS_3581	owl:NamedIndividual	45
WMB:CS20230722_CLUS_4305	owl:NamedIndividual	45
WMB:CS20230722_CLUS_3692	owl:NamedIndividual	45
WMB:CS20230722_CLUS_2117	owl:NamedIndividual	45
WMB:CS20230722_CLUS_4408	owl:NamedIndividual	45
WMB:CS20230722_CLUS_1084	owl:NamedIndividual	45
WMB:CS20230722_CLUS_3865	owl:NamedIndividual	45
WMB:CS20230722_CLUS_4896	owl:NamedIndividual	45
WMB:CS20230722_CLUS_2253	owl:NamedIndividual	45
WMB:CS20230722_CLUS_4378	owl:NamedIndividual	45
WMB:CS20230722_CLUS_3845	owl:NamedIndividual	45
WMB:CS20230722_CLUS_1413	owl:NamedIndividual	45
WMB:CS20230722_CLUS_4959	owl:NamedIndividual	45
WMB:CS20230722_CLUS_1446	owl:NamedIndividual	45
WMB:CS20230722_CLUS_1535	owl:NamedIndividual	45
WMB:CS20230722_CLUS_1784	owl:NamedIndividual	45
WMB:CS20230722_CLUS_3507	owl:NamedIndividual	45
WMB:CS20230722_CLUS_2973	owl:NamedIndividual	45
WMB:CS20230722_CLUS_3924	owl:NamedIndividual	45
WMB:CS20230722_CLUS_1217	owl:NamedIndividual	45
WMB:CS20230722_CLUS_2257	owl:NamedIndividual	45
WMB:CS20230722_CLUS_3709	owl:NamedIndividual	45
WMB:CS20230722_CLUS_1585	owl:NamedIndividual	45
WMB:CS20230722_CLUS_4177	owl:NamedIndividual	45
WMB:CS20230722_CLUS_2241	owl:NamedIndividual	45
WMB:CS20230722_CLUS_3183	owl:NamedIndividual	45
WMB:CS20230722_CLUS_1352	owl:NamedIndividual	45
WMB:CS20230722_CLUS_4023	owl:NamedIndividual	45
WMB:CS20230722_CLUS_4636	owl:NamedIndividual	45
WMB:CS20230722_CLUS_0619	owl:NamedIndividual	45
WMB:CS20230722_CLUS_1158	owl:NamedIndividual	45
WMB:CS20230722_CLUS_3518	owl:NamedIndividual	45
WMB:CS20230722_CLUS_2774	owl:NamedIndividual	45
WMB:CS20230722_CLUS_2435	owl:NamedIndividual	45
WMB:CS20230722_CLUS_3573	owl:NamedIndividual	45
WMB:CS20230722_CLUS_3265	owl:NamedIndividual	45
WMB:CS20230722_CLUS_5002	owl:NamedIndividual	45
WMB:CS20230722_CLUS_3926	owl:NamedIndividual	45
WMB:CS20230722_CLUS_4553	owl:NamedIndividual	44
WMB:CS20230722_CLUS_3636	owl:NamedIndividual	44
WMB:CS20230722_CLUS_2352	owl:NamedIndividual	44
WMB:CS20230722_CLUS_4136	owl:NamedIndividual	44
WMB:CS20230722_CLUS_1323	owl:NamedIndividual	44
WMB:CS20230722_CLUS_2475	owl:NamedIndividual	44
WMB:CS20230722_CLUS_5016	owl:NamedIndividual	44
WMB:CS20230722_CLUS_3451	owl:NamedIndividual	44
WMB:CS20230722_CLUS_5129	owl:NamedIndividual	44
WMB:CS20230722_CLUS_4045	owl:NamedIndividual	44
WMB:CS20230722_CLUS_2919	owl:NamedIndividual	44
WMB:CS20230722_CLUS_4745	owl:NamedIndividual	44
WMB:CS20230722_CLUS_3953	owl:NamedIndividual	44
WMB:CS20230722_CLUS_3856	owl:NamedIndividual	44
WMB:CS20230722_CLUS_1846	owl:NamedIndividual	44
WMB:CS20230722_CLUS_3442	owl:NamedIndividual	44
WMB:CS20230722_CLUS_3993	owl:NamedIndividual	44
WMB:CS20230722_CLUS_3073	owl:NamedIndividual	44
WMB:CS20230722_CLUS_1688	owl:NamedIndividual	44
WMB:CS20230722_CLUS_1669	owl:NamedIndividual	44
WMB:CS20230722_CLUS_1399	owl:NamedIndividual	44
WMB:CS20230722_CLUS_1211	owl:NamedIndividual	44
WMB:CS20230722_CLUS_4998	owl:NamedIndividual	44
WMB:CS20230722_CLUS_3570	owl:NamedIndividual	44
WMB:CS20230722_CLUS_2123	owl:NamedIndividual	44
WMB:CS20230722_CLUS_3332	owl:NamedIndividual	44
WMB:CS20230722_CLUS_3122	owl:NamedIndividual	44
WMB:CS20230722_CLUS_2231	owl:NamedIndividual	44
WMB:CS20230722_CLUS_3051	owl:NamedIndividual	44
WMB:CS20230722_CLUS_2837	owl:NamedIndividual	44
WMB:CS20230722_CLUS_4953	owl:NamedIndividual	44
WMB:CS20230722_CLUS_4341	owl:NamedIndividual	44
WMB:CS20230722_CLUS_2745	owl:NamedIndividual	44
WMB:CS20230722_CLUS_4051	owl:NamedIndividual	44
WMB:CS20230722_CLUS_2434	owl:NamedIndividual	44
WMB:CS20230722_CLUS_2513	owl:NamedIndividual	44
WMB:CS20230722_CLUS_2248	owl:NamedIndividual	44
WMB:CS20230722_CLUS_4951	owl:NamedIndividual	44
WMB:CS20230722_CLUS_4301	owl:NamedIndividual	44
WMB:CS20230722_CLUS_4158	owl:NamedIndividual	44
WMB:CS20230722_CLUS_3960	owl:NamedIndividual	44
WMB:CS20230722_CLUS_3322	owl:NamedIndividual	44
WMB:CS20230722_CLUS_2618	owl:NamedIndividual	44
WMB:CS20230722_CLUS_4623	owl:NamedIndividual	43
WMB:CS20230722_CLUS_3950	owl:NamedIndividual	43
WMB:CS20230722_CLUS_0563	owl:NamedIndividual	43
WMB:CS20230722_CLUS_1359	owl:NamedIndividual	43
WMB:CS20230722_CLUS_3971	owl:NamedIndividual	43
WMB:CS20230722_CLUS_1654	owl:NamedIndividual	43
WMB:CS20230722_CLUS_2174	owl:NamedIndividual	43
WMB:CS20230722_CLUS_3320	owl:NamedIndividual	43
WMB:CS20230722_CLUS_4700	owl:NamedIndividual	43
WMB:CS20230722_CLUS_2595	owl:NamedIndividual	43
WMB:CS20230722_CLUS_2533	owl:NamedIndividual	43
WMB:CS20230722_CLUS_3934	owl:NamedIndividual	43
WMB:CS20230722_CLUS_4419	owl:NamedIndividual	43
WMB:CS20230722_CLUS_4546	owl:NamedIndividual	43
WMB:CS20230722_CLUS_2535	owl:NamedIndividual	43
WMB:CS20230722_CLUS_3508	owl:NamedIndividual	43
WMB:CS20230722_CLUS_3917	owl:NamedIndividual	43
WMB:CS20230722_CLUS_1686	owl:NamedIndividual	43
WMB:CS20230722_CLUS_2012	owl:NamedIndividual	43
WMB:CS20230722_CLUS_4929	owl:NamedIndividual	43
WMB:CS20230722_CLUS_3551	owl:NamedIndividual	43
WMB:CS20230722_CLUS_4287	owl:NamedIndividual	43
WMB:CS20230722_CLUS_2418	owl:NamedIndividual	43
WMB:CS20230722_CLUS_4823	owl:NamedIndividual	43
WMB:CS20230722_CLUS_3446	owl:NamedIndividual	43
WMB:CS20230722_CLUS_2607	owl:NamedIndividual	43
WMB:CS20230722_CLUS_3129	owl:NamedIndividual	43
WMB:CS20230722_CLUS_3928	owl:NamedIndividual	43
WMB:CS20230722_CLUS_4648	owl:NamedIndividual	43
WMB:CS20230722_CLUS_4422	owl:NamedIndividual	43
WMB:CS20230722_CLUS_2287	owl:NamedIndividual	43
WMB:CS20230722_CLUS_2086	owl:NamedIndividual	43
WMB:CS20230722_CLUS_2453	owl:NamedIndividual	43
WMB:CS20230722_CLUS_1441	owl:NamedIndividual	43
WMB:CS20230722_CLUS_1347	owl:NamedIndividual	43
WMB:CS20230722_CLUS_1304	owl:NamedIndividual	43
WMB:CS20230722_CLUS_4377	owl:NamedIndividual	43
WMB:CS20230722_CLUS_3893	owl:NamedIndividual	43
WMB:CS20230722_CLUS_1674	owl:NamedIndividual	43
WMB:CS20230722_CLUS_3625	owl:NamedIndividual	43
WMB:CS20230722_CLUS_4777	owl:NamedIndividual	43
WMB:CS20230722_CLUS_3182	owl:NamedIndividual	43
WMB:CS20230722_CLUS_2445	owl:NamedIndividual	43
WMB:CS20230722_CLUS_3411	owl:NamedIndividual	43
WMB:CS20230722_CLUS_1918	owl:NamedIndividual	43
WMB:CS20230722_CLUS_3746	owl:NamedIndividual	42
WMB:CS20230722_CLUS_2164	owl:NamedIndividual	42
WMB:CS20230722_CLUS_5116	owl:NamedIndividual	42
WMB:CS20230722_CLUS_3232	owl:NamedIndividual	42
WMB:CS20230722_CLUS_3177	owl:NamedIndividual	42
WMB:CS20230722_CLUS_2221	owl:NamedIndividual	42
WMB:CS20230722_CLUS_2456	owl:NamedIndividual	42
WMB:CS20230722_CLUS_1827	owl:NamedIndividual	42
WMB:CS20230722_CLUS_4313	owl:NamedIndividual	42
WMB:CS20230722_CLUS_3162	owl:NamedIndividual	42
WMB:CS20230722_CLUS_1526	owl:NamedIndividual	42
WMB:CS20230722_CLUS_1759	owl:NamedIndividual	42
WMB:CS20230722_CLUS_2684	owl:NamedIndividual	42
WMB:CS20230722_CLUS_4658	owl:NamedIndividual	42
WMB:CS20230722_CLUS_0282	owl:NamedIndividual	42
WMB:CS20230722_CLUS_1270	owl:NamedIndividual	42
WMB:CS20230722_CLUS_3078	owl:NamedIndividual	42
WMB:CS20230722_CLUS_2166	owl:NamedIndividual	42
WMB:CS20230722_CLUS_1220	owl:NamedIndividual	42
WMB:CS20230722_CLUS_4702	owl:NamedIndividual	42
WMB:CS20230722_CLUS_3436	owl:NamedIndividual	42
WMB:CS20230722_CLUS_2518	owl:NamedIndividual	42
WMB:CS20230722_CLUS_4634	owl:NamedIndividual	42
WMB:CS20230722_CLUS_1046	owl:NamedIndividual	42
WMB:CS20230722_CLUS_1207	owl:NamedIndividual	42
WMB:CS20230722_CLUS_4601	owl:NamedIndividual	42
WMB:CS20230722_CLUS_1354	owl:NamedIndividual	42
WMB:CS20230722_CLUS_4713	owl:NamedIndividual	42
WMB:CS20230722_CLUS_3818	owl:NamedIndividual	42
WMB:CS20230722_CLUS_1230	owl:NamedIndividual	42
WMB:CS20230722_CLUS_1944	owl:NamedIndividual	42
WMB:CS20230722_CLUS_1059	owl:NamedIndividual	42
WMB:CS20230722_CLUS_2399	owl:NamedIndividual	42
WMB:CS20230722_CLUS_2893	owl:NamedIndividual	42
WMB:CS20230722_CLUS_5042	owl:NamedIndividual	42
WMB:CS20230722_CLUS_1792	owl:NamedIndividual	42
WMB:CS20230722_CLUS_3557	owl:NamedIndividual	42
WMB:CS20230722_CLUS_1414	owl:NamedIndividual	42
WMB:CS20230722_CLUS_4827	owl:NamedIndividual	41
WMB:CS20230722_CLUS_1166	owl:NamedIndividual	41
WMB:CS20230722_CLUS_2230	owl:NamedIndividual	41
WMB:CS20230722_CLUS_0208	owl:NamedIndividual	41
WMB:CS20230722_CLUS_2495	owl:NamedIndividual	41
WMB:CS20230722_CLUS_1700	owl:NamedIndividual	41
WMB:CS20230722_CLUS_4781	owl:NamedIndividual	41
WMB:CS20230722_CLUS_2515	owl:NamedIndividual	41
WMB:CS20230722_CLUS_3013	owl:NamedIndividual	41
WMB:CS20230722_CLUS_3669	owl:NamedIndividual	41
WMB:CS20230722_CLUS_3379	owl:NamedIndividual	41
WMB:CS20230722_CLUS_1670	owl:NamedIndividual	41
WMB:CS20230722_CLUS_1506	owl:NamedIndividual	41
WMB:CS20230722_CLUS_1278	owl:NamedIndividual	41
WMB:CS20230722_CLUS_1936	owl:NamedIndividual	41
WMB:CS20230722_CLUS_0617	owl:NamedIndividual	41
WMB:CS20230722_CLUS_3736	owl:NamedIndividual	41
WMB:CS20230722_CLUS_3594	owl:NamedIndividual	41
WMB:CS20230722_CLUS_5111	owl:NamedIndividual	41
WMB:CS20230722_CLUS_4070	owl:NamedIndividual	41
WMB:CS20230722_CLUS_4000	owl:NamedIndividual	41
WMB:CS20230722_CLUS_3862	owl:NamedIndividual	41
WMB:CS20230722_CLUS_2950	owl:NamedIndividual	41
WMB:CS20230722_CLUS_4595	owl:NamedIndividual	41
WMB:CS20230722_CLUS_2906	owl:NamedIndividual	41
WMB:CS20230722_CLUS_1751	owl:NamedIndividual	41
WMB:CS20230722_CLUS_2090	owl:NamedIndividual	41
WMB:CS20230722_CLUS_4976	owl:NamedIndividual	41
WMB:CS20230722_CLUS_3114	owl:NamedIndividual	41
WMB:CS20230722_CLUS_1862	owl:NamedIndividual	41
WMB:CS20230722_CLUS_2829	owl:NamedIndividual	41
WMB:CS20230722_CLUS_3230	owl:NamedIndividual	41
WMB:CS20230722_CLUS_2147	owl:NamedIndividual	41
WMB:CS20230722_CLUS_1130	owl:NamedIndividual	40
WMB:CS20230722_CLUS_0893	owl:NamedIndividual	40
WMB:CS20230722_CLUS_4310	owl:NamedIndividual	40
WMB:CS20230722_CLUS_1899	owl:NamedIndividual	40
WMB:CS20230722_CLUS_2833	owl:NamedIndividual	40
WMB:CS20230722_CLUS_2605	owl:NamedIndividual	40
WMB:CS20230722_CLUS_1445	owl:NamedIndividual	40
WMB:CS20230722_CLUS_4652	owl:NamedIndividual	40
WMB:CS20230722_CLUS_3295	owl:NamedIndividual	40
WMB:CS20230722_CLUS_1072	owl:NamedIndividual	40
WMB:CS20230722_CLUS_2049	owl:NamedIndividual	40
WMB:CS20230722_CLUS_2799	owl:NamedIndividual	40
WMB:CS20230722_CLUS_5040	owl:NamedIndividual	40
WMB:CS20230722_CLUS_4036	owl:NamedIndividual	40
WMB:CS20230722_CLUS_1809	owl:NamedIndividual	40
WMB:CS20230722_CLUS_1709	owl:NamedIndividual	40
WMB:CS20230722_CLUS_4421	owl:NamedIndividual	40
WMB:CS20230722_CLUS_1104	owl:NamedIndividual	40
WMB:CS20230722_CLUS_3775	owl:NamedIndividual	40
WMB:CS20230722_CLUS_4917	owl:NamedIndividual	40
WMB:CS20230722_CLUS_2407	owl:NamedIndividual	40
WMB:CS20230722_CLUS_1557	owl:NamedIndividual	40
WMB:CS20230722_CLUS_3587	owl:NamedIndividual	40
WMB:CS20230722_CLUS_2899	owl:NamedIndividual	40
WMB:CS20230722_CLUS_1952	owl:NamedIndividual	40
WMB:CS20230722_CLUS_5073	owl:NamedIndividual	40
WMB:CS20230722_CLUS_3402	owl:NamedIndividual	40
WMB:CS20230722_CLUS_3889	owl:NamedIndividual	40
WMB:CS20230722_CLUS_3192	owl:NamedIndividual	40
WMB:CS20230722_CLUS_2538	owl:NamedIndividual	40
WMB:CS20230722_CLUS_3068	owl:NamedIndividual	40
WMB:CS20230722_CLUS_5031	owl:NamedIndividual	40
WMB:CS20230722_CLUS_3066	owl:NamedIndividual	40
WMB:CS20230722_CLUS_2411	owl:NamedIndividual	40
WMB:CS20230722_CLUS_4277	owl:NamedIndividual	40
WMB:CS20230722_CLUS_4944	owl:NamedIndividual	40
WMB:CS20230722_CLUS_2931	owl:NamedIndividual	40
WMB:CS20230722_CLUS_2461	owl:NamedIndividual	40
WMB:CS20230722_CLUS_4485	owl:NamedIndividual	40
WMB:CS20230722_CLUS_2156	owl:NamedIndividual	40
WMB:CS20230722_CLUS_4902	owl:NamedIndividual	40
WMB:CS20230722_CLUS_2795	owl:NamedIndividual	40
WMB:CS20230722_CLUS_4123	owl:NamedIndividual	40
WMB:CS20230722_CLUS_2541	owl:NamedIndividual	40
WMB:CS20230722_CLUS_3137	owl:NamedIndividual	39
WMB:CS20230722_CLUS_2916	owl:NamedIndividual	39
WMB:CS20230722_CLUS_5148	owl:NamedIndividual	39
WMB:CS20230722_CLUS_5020	owl:NamedIndividual	39
WMB:CS20230722_CLUS_4099	owl:NamedIndividual	39
WMB:CS20230722_CLUS_4082	owl:NamedIndividual	39
WMB:CS20230722_CLUS_2342	owl:NamedIndividual	39
WMB:CS20230722_CLUS_4576	owl:NamedIndividual	39
WMB:CS20230722_CLUS_1687	owl:NamedIndividual	39
WMB:CS20230722_CLUS_4410	owl:NamedIndividual	39
WMB:CS20230722_CLUS_4138	owl:NamedIndividual	39
WMB:CS20230722_CLUS_0687	owl:NamedIndividual	39
WMB:CS20230722_CLUS_1215	owl:NamedIndividual	39
WMB:CS20230722_CLUS_4058	owl:NamedIndividual	39
WMB:CS20230722_CLUS_3348	owl:NamedIndividual	39
WMB:CS20230722_CLUS_3940	owl:NamedIndividual	39
WMB:CS20230722_CLUS_3908	owl:NamedIndividual	39
WMB:CS20230722_CLUS_4733	owl:NamedIndividual	39
WMB:CS20230722_CLUS_2127	owl:NamedIndividual	39
WMB:CS20230722_CLUS_0922	owl:NamedIndividual	39
WMB:CS20230722_CLUS_1866	owl:NamedIndividual	39
WMB:CS20230722_CLUS_3421	owl:NamedIndividual	39
WMB:CS20230722_CLUS_2091	owl:NamedIndividual	39
WMB:CS20230722_CLUS_3554	owl:NamedIndividual	39
WMB:CS20230722_CLUS_1832	owl:NamedIndividual	39
WMB:CS20230722_CLUS_1358	owl:NamedIndividual	39
WMB:CS20230722_CLUS_3577	owl:NamedIndividual	39
WMB:CS20230722_CLUS_4434	owl:NamedIndividual	39
WMB:CS20230722_CLUS_3440	owl:NamedIndividual	39
WMB:CS20230722_CLUS_3941	owl:NamedIndividual	39
WMB:CS20230722_CLUS_3901	owl:NamedIndividual	39
WMB:CS20230722_CLUS_2193	owl:NamedIndividual	39
WMB:CS20230722_CLUS_1948	owl:NamedIndividual	39
WMB:CS20230722_CLUS_2832	owl:NamedIndividual	39
WMB:CS20230722_CLUS_3593	owl:NamedIndividual	39
WMB:CS20230722_CLUS_5114	owl:NamedIndividual	39
WMB:CS20230722_CLUS_4032	owl:NamedIndividual	39
WMB:CS20230722_CLUS_3246	owl:NamedIndividual	39
WMB:CS20230722_CLUS_3397	owl:NamedIndividual	39
WMB:CS20230722_CLUS_2424	owl:NamedIndividual	39
WMB:CS20230722_CLUS_5044	owl:NamedIndividual	39
WMB:CS20230722_CLUS_1996	owl:NamedIndividual	38
WMB:CS20230722_CLUS_2197	owl:NamedIndividual	38
WMB:CS20230722_CLUS_5159	owl:NamedIndividual	38
WMB:CS20230722_CLUS_2794	owl:NamedIndividual	38
WMB:CS20230722_CLUS_2740	owl:NamedIndividual	38
WMB:CS20230722_CLUS_1118	owl:NamedIndividual	38
WMB:CS20230722_CLUS_2240	owl:NamedIndividual	38
WMB:CS20230722_CLUS_2744	owl:NamedIndividual	38
WMB:CS20230722_CLUS_3210	owl:NamedIndividual	38
WMB:CS20230722_CLUS_4034	owl:NamedIndividual	38
WMB:CS20230722_CLUS_1263	owl:NamedIndividual	38
WMB:CS20230722_CLUS_1980	owl:NamedIndividual	38
WMB:CS20230722_CLUS_2388	owl:NamedIndividual	38
WMB:CS20230722_CLUS_1295	owl:NamedIndividual	38
WMB:CS20230722_CLUS_4638	owl:NamedIndividual	38
WMB:CS20230722_CLUS_4851	owl:NamedIndividual	38
WMB:CS20230722_CLUS_2763	owl:NamedIndividual	38
WMB:CS20230722_CLUS_2433	owl:NamedIndividual	38
WMB:CS20230722_CLUS_2789	owl:NamedIndividual	38
WMB:CS20230722_CLUS_2073	owl:NamedIndividual	38
WMB:CS20230722_CLUS_5026	owl:NamedIndividual	38
WMB:CS20230722_CLUS_1302	owl:NamedIndividual	38
WMB:CS20230722_CLUS_3515	owl:NamedIndividual	38
WMB:CS20230722_CLUS_2065	owl:NamedIndividual	38
WMB:CS20230722_CLUS_3276	owl:NamedIndividual	38
WMB:CS20230722_CLUS_2408	owl:NamedIndividual	38
WMB:CS20230722_CLUS_4640	owl:NamedIndividual	38
WMB:CS20230722_CLUS_2273	owl:NamedIndividual	38
WMB:CS20230722_CLUS_1474	owl:NamedIndividual	38
WMB:CS20230722_CLUS_3388	owl:NamedIndividual	38
WMB:CS20230722_CLUS_3973	owl:NamedIndividual	38
WMB:CS20230722_CLUS_1566	owl:NamedIndividual	38
WMB:CS20230722_CLUS_1690	owl:NamedIndividual	38
WMB:CS20230722_CLUS_4704	owl:NamedIndividual	38
WMB:CS20230722_CLUS_1034	owl:NamedIndividual	38
WMB:CS20230722_CLUS_2913	owl:NamedIndividual	38
WMB:CS20230722_CLUS_0889	owl:NamedIndividual	38
WMB:CS20230722_CLUS_3079	owl:NamedIndividual	38
WMB:CS20230722_CLUS_1288	owl:NamedIndividual	38
WMB:CS20230722_CLUS_3543	owl:NamedIndividual	38
WMB:CS20230722_CLUS_1522	owl:NamedIndividual	38
WMB:CS20230722_CLUS_3566	owl:NamedIndividual	38
WMB:CS20230722_CLUS_2752	owl:NamedIndividual	38
WMB:CS20230722_CLUS_3194	owl:NamedIndividual	38
WMB:CS20230722_CLUS_3197	owl:NamedIndividual	38
WMB:CS20230722_CLUS_2116	owl:NamedIndividual	38
WMB:CS20230722_CLUS_3785	owl:NamedIndividual	38
WMB:CS20230722_CLUS_5143	owl:NamedIndividual	38
WMB:CS20230722_CLUS_4820	owl:NamedIndividual	38
WMB:CS20230722_CLUS_4004	owl:NamedIndividual	38
WMB:CS20230722_CLUS_2441	owl:NamedIndividual	37
WMB:CS20230722_CLUS_4509	owl:NamedIndividual	37
WMB:CS20230722_CLUS_1907	owl:NamedIndividual	37
WMB:CS20230722_CLUS_2104	owl:NamedIndividual	37
WMB:CS20230722_CLUS_3749	owl:NamedIndividual	37
WMB:CS20230722_CLUS_2417	owl:NamedIndividual	37
WMB:CS20230722_CLUS_3951	owl:NamedIndividual	37
WMB:CS20230722_CLUS_2054	owl:NamedIndividual	37
WMB:CS20230722_CLUS_1568	owl:NamedIndividual	37
WMB:CS20230722_CLUS_3578	owl:NamedIndividual	37
WMB:CS20230722_CLUS_4075	owl:NamedIndividual	37
WMB:CS20230722_CLUS_2941	owl:NamedIndividual	37
WMB:CS20230722_CLUS_0212	owl:NamedIndividual	37
WMB:CS20230722_CLUS_2385	owl:NamedIndividual	37
WMB:CS20230722_CLUS_3989	owl:NamedIndividual	37
WMB:CS20230722_CLUS_2022	owl:NamedIndividual	37
WMB:CS20230722_CLUS_4376	owl:NamedIndividual	37
WMB:CS20230722_CLUS_2796	owl:NamedIndividual	37
WMB:CS20230722_CLUS_0658	owl:NamedIndividual	37
WMB:CS20230722_CLUS_2254	owl:NamedIndividual	37
WMB:CS20230722_CLUS_4440	owl:NamedIndividual	37
WMB:CS20230722_CLUS_2826	owl:NamedIndividual	37
WMB:CS20230722_CLUS_3090	owl:NamedIndividual	37
WMB:CS20230722_CLUS_4491	owl:NamedIndividual	37
WMB:CS20230722_CLUS_3977	owl:NamedIndividual	37
WMB:CS20230722_CLUS_2952	owl:NamedIndividual	37
WMB:CS20230722_CLUS_1742	owl:NamedIndividual	37
WMB:CS20230722_CLUS_4373	owl:NamedIndividual	37
WMB:CS20230722_CLUS_1698	owl:NamedIndividual	37
WMB:CS20230722_CLUS_4343	owl:NamedIndividual	37
WMB:CS20230722_CLUS_4220	owl:NamedIndividual	37
WMB:CS20230722_CLUS_3418	owl:NamedIndividual	37
WMB:CS20230722_CLUS_1707	owl:NamedIndividual	37
WMB:CS20230722_CLUS_3163	owl:NamedIndividual	37
WMB:CS20230722_CLUS_4124	owl:NamedIndividual	37
WMB:CS20230722_CLUS_1561	owl:NamedIndividual	37
WMB:CS20230722_CLUS_2500	owl:NamedIndividual	37
WMB:CS20230722_CLUS_5058	owl:NamedIndividual	37
WMB:CS20230722_CLUS_2469	owl:NamedIndividual	37
WMB:CS20230722_CLUS_2610	owl:NamedIndividual	37
WMB:CS20230722_CLUS_1537	owl:NamedIndividual	36
WMB:CS20230722_CLUS_4061	owl:NamedIndividual	36
WMB:CS20230722_CLUS_3189	owl:NamedIndividual	36
WMB:CS20230722_CLUS_3110	owl:NamedIndividual	36
WMB:CS20230722_CLUS_4368	owl:NamedIndividual	36
WMB:CS20230722_CLUS_2839	owl:NamedIndividual	36
WMB:CS20230722_CLUS_4628	owl:NamedIndividual	36
WMB:CS20230722_CLUS_5117	owl:NamedIndividual	36
WMB:CS20230722_CLUS_2209	owl:NamedIndividual	36
WMB:CS20230722_CLUS_4207	owl:NamedIndividual	36
WMB:CS20230722_CLUS_2544	owl:NamedIndividual	36
WMB:CS20230722_CLUS_4191	owl:NamedIndividual	36
WMB:CS20230722_CLUS_2222	owl:NamedIndividual	36
WMB:CS20230722_CLUS_3826	owl:NamedIndividual	36
WMB:CS20230722_CLUS_2450	owl:NamedIndividual	36
WMB:CS20230722_CLUS_4677	owl:NamedIndividual	36
WMB:CS20230722_CLUS_1933	owl:NamedIndividual	36
WMB:CS20230722_CLUS_4688	owl:NamedIndividual	36
WMB:CS20230722_CLUS_4921	owl:NamedIndividual	36
WMB:CS20230722_CLUS_4689	owl:NamedIndividual	36
WMB:CS20230722_CLUS_4037	owl:NamedIndividual	36
WMB:CS20230722_CLUS_4074	owl:NamedIndividual	36
WMB:CS20230722_CLUS_4523	owl:NamedIndividual	36
WMB:CS20230722_CLUS_5106	owl:NamedIndividual	36
WMB:CS20230722_CLUS_2855	owl:NamedIndividual	36
WMB:CS20230722_CLUS_4095	owl:NamedIndividual	36
WMB:CS20230722_CLUS_3921	owl:NamedIndividual	36
WMB:CS20230722_CLUS_4288	owl:NamedIndividual	36
WMB:CS20230722_CLUS_4683	owl:NamedIndividual	36
WMB:CS20230722_CLUS_3072	owl:NamedIndividual	36
WMB:CS20230722_CLUS_1081	owl:NamedIndividual	36
WMB:CS20230722_CLUS_3990	owl:NamedIndividual	36
WMB:CS20230722_CLUS_4043	owl:NamedIndividual	36
WMB:CS20230722_CLUS_3334	owl:NamedIndividual	36
WMB:CS20230722_CLUS_4218	owl:NamedIndividual	36
WMB:CS20230722_CLUS_4206	owl:NamedIndividual	36
WMB:CS20230722_CLUS_4131	owl:NamedIndividual	36
WMB:CS20230722_CLUS_3055	owl:NamedIndividual	36
WMB:CS20230722_CLUS_3126	owl:NamedIndividual	35
WMB:CS20230722_CLUS_2409	owl:NamedIndividual	35
WMB:CS20230722_CLUS_4649	owl:NamedIndividual	35
WMB:CS20230722_CLUS_1797	owl:NamedIndividual	35
WMB:CS20230722_CLUS_1123	owl:NamedIndividual	35
WMB:CS20230722_CLUS_2703	owl:NamedIndividual	35
WMB:CS20230722_CLUS_2177	owl:NamedIndividual	35
WMB:CS20230722_CLUS_5112	owl:NamedIndividual	35
WMB:CS20230722_CLUS_1214	owl:NamedIndividual	35
WMB:CS20230722_CLUS_4838	owl:NamedIndividual	35
WMB:CS20230722_CLUS_2974	owl:NamedIndividual	35
WMB:CS20230722_CLUS_2927	owl:NamedIndividual	35
WMB:CS20230722_CLUS_2081	owl:NamedIndividual	35
WMB:CS20230722_CLUS_4488	owl:NamedIndividual	35
WMB:CS20230722_CLUS_3269	owl:NamedIndividual	35
WMB:CS20230722_CLUS_4405	owl:NamedIndividual	35
WMB:CS20230722_CLUS_1821	owl:NamedIndividual	35
WMB:CS20230722_CLUS_4038	owl:NamedIndividual	35
WMB:CS20230722_CLUS_4458	owl:NamedIndividual	35
WMB:CS20230722_CLUS_4758	owl:NamedIndividual	35
WMB:CS20230722_CLUS_1203	owl:NamedIndividual	35
WMB:CS20230722_CLUS_3607	owl:NamedIndividual	35
WMB:CS20230722_CLUS_3053	owl:NamedIndividual	35
WMB:CS20230722_CLUS_4168	owl:NamedIndividual	35
WMB:CS20230722_CLUS_4754	owl:NamedIndividual	35
WMB:CS20230722_CLUS_3641	owl:NamedIndividual	35
WMB:CS20230722_CLUS_1932	owl:NamedIndividual	35
WMB:CS20230722_CLUS_1692	owl:NamedIndividual	35
WMB:CS20230722_CLUS_4813	owl:NamedIndividual	35
WMB:CS20230722_CLUS_2498	owl:NamedIndividual	35
WMB:CS20230722_CLUS_3082	owl:NamedIndividual	35
WMB:CS20230722_CLUS_1826	owl:NamedIndividual	35
WMB:CS20230722_CLUS_4383	owl:NamedIndividual	35
WMB:CS20230722_CLUS_4445	owl:NamedIndividual	35
WMB:CS20230722_CLUS_2098	owl:NamedIndividual	35
WMB:CS20230722_CLUS_3878	owl:NamedIndividual	35
WMB:CS20230722_CLUS_1579	owl:NamedIndividual	35
WMB:CS20230722_CLUS_2857	owl:NamedIndividual	35
WMB:CS20230722_CLUS_1646	owl:NamedIndividual	35
WMB:CS20230722_CLUS_1689	owl:NamedIndividual	35
WMB:CS20230722_CLUS_2510	owl:NamedIndividual	35
WMB:CS20230722_CLUS_2140	owl:NamedIndividual	35
WMB:CS20230722_CLUS_2764	owl:NamedIndividual	35
WMB:CS20230722_CLUS_2067	owl:NamedIndividual	35
WMB:CS20230722_CLUS_1437	owl:NamedIndividual	35
WMB:CS20230722_CLUS_2981	owl:NamedIndividual	35
WMB:CS20230722_CLUS_3357	owl:NamedIndividual	35
WMB:CS20230722_CLUS_1032	owl:NamedIndividual	35
WMB:CS20230722_CLUS_5019	owl:NamedIndividual	35
WMB:CS20230722_CLUS_3130	owl:NamedIndividual	35
WMB:CS20230722_CLUS_4987	owl:NamedIndividual	34
WMB:CS20230722_CLUS_3582	owl:NamedIndividual	34
WMB:CS20230722_CLUS_3407	owl:NamedIndividual	34
WMB:CS20230722_CLUS_2501	owl:NamedIndividual	34
WMB:CS20230722_CLUS_2714	owl:NamedIndividual	34
WMB:CS20230722_CLUS_1553	owl:NamedIndividual	34
WMB:CS20230722_CLUS_1577	owl:NamedIndividual	34
WMB:CS20230722_CLUS_1258	owl:NamedIndividual	34
WMB:CS20230722_CLUS_2805	owl:NamedIndividual	34
WMB:CS20230722_CLUS_2978	owl:NamedIndividual	34
WMB:CS20230722_CLUS_3528	owl:NamedIndividual	34
WMB:CS20230722_CLUS_3532	owl:NamedIndividual	34
WMB:CS20230722_CLUS_5095	owl:NamedIndividual	34
WMB:CS20230722_CLUS_4985	owl:NamedIndividual	34
WMB:CS20230722_CLUS_2481	owl:NamedIndividual	34
WMB:CS20230722_CLUS_1974	owl:NamedIndividual	34
WMB:CS20230722_CLUS_2762	owl:NamedIndividual	34
WMB:CS20230722_CLUS_2325	owl:NamedIndividual	34
WMB:CS20230722_CLUS_3958	owl:NamedIndividual	34
WMB:CS20230722_CLUS_1920	owl:NamedIndividual	34
WMB:CS20230722_CLUS_2786	owl:NamedIndividual	34
WMB:CS20230722_CLUS_3128	owl:NamedIndividual	34
WMB:CS20230722_CLUS_2390	owl:NamedIndividual	34
WMB:CS20230722_CLUS_2496	owl:NamedIndividual	34
WMB:CS20230722_CLUS_2877	owl:NamedIndividual	34
WMB:CS20230722_CLUS_1795	owl:NamedIndividual	34
WMB:CS20230722_CLUS_3942	owl:NamedIndividual	34
WMB:CS20230722_CLUS_4695	owl:NamedIndividual	34
WMB:CS20230722_CLUS_3325	owl:NamedIndividual	34
WMB:CS20230722_CLUS_1512	owl:NamedIndividual	34
WMB:CS20230722_CLUS_3655	owl:NamedIndividual	34
WMB:CS20230722_CLUS_2141	owl:NamedIndividual	34
WMB:CS20230722_CLUS_4527	owl:NamedIndividual	34
WMB:CS20230722_CLUS_3561	owl:NamedIndividual	34
WMB:CS20230722_CLUS_2047	owl:NamedIndividual	34
WMB:CS20230722_CLUS_2995	owl:NamedIndividual	34
WMB:CS20230722_CLUS_4150	owl:NamedIndividual	34
WMB:CS20230722_CLUS_4512	owl:NamedIndividual	34
WMB:CS20230722_CLUS_4216	owl:NamedIndividual	34
WMB:CS20230722_CLUS_3148	owl:NamedIndividual	34
WMB:CS20230722_CLUS_3772	owl:NamedIndividual	34
WMB:CS20230722_CLUS_2506	owl:NamedIndividual	34
WMB:CS20230722_CLUS_0246	owl:NamedIndividual	34
WMB:CS20230722_CLUS_1720	owl:NamedIndividual	34
WMB:CS20230722_CLUS_3069	owl:NamedIndividual	34
WMB:CS20230722_CLUS_4776	owl:NamedIndividual	34
WMB:CS20230722_CLUS_2369	owl:NamedIndividual	34
WMB:CS20230722_CLUS_3343	owl:NamedIndividual	34
WMB:CS20230722_CLUS_2447	owl:NamedIndividual	34
WMB:CS20230722_CLUS_4639	owl:NamedIndividual	34
WMB:CS20230722_CLUS_4918	owl:NamedIndividual	34
WMB:CS20230722_CLUS_4671	owl:NamedIndividual	34
WMB:CS20230722_CLUS_3522	owl:NamedIndividual	34
WMB:CS20230722_CLUS_4942	owl:NamedIndividual	34
WMB:CS20230722_CLUS_4071	owl:NamedIndividual	33
WMB:CS20230722_CLUS_2358	owl:NamedIndividual	33
WMB:CS20230722_CLUS_2765	owl:NamedIndividual	33
WMB:CS20230722_CLUS_1245	owl:NamedIndividual	33
WMB:CS20230722_CLUS_2889	owl:NamedIndividual	33
WMB:CS20230722_CLUS_1395	owl:NamedIndividual	33
WMB:CS20230722_CLUS_2119	owl:NamedIndividual	33
WMB:CS20230722_CLUS_1746	owl:NamedIndividual	33
WMB:CS20230722_CLUS_1531	owl:NamedIndividual	33
WMB:CS20230722_CLUS_1854	owl:NamedIndividual	33
WMB:CS20230722_CLUS_2504	owl:NamedIndividual	33
WMB:CS20230722_CLUS_3667	owl:NamedIndividual	33
WMB:CS20230722_CLUS_2044	owl:NamedIndividual	33
WMB:CS20230722_CLUS_4912	owl:NamedIndividual	33
WMB:CS20230722_CLUS_1745	owl:NamedIndividual	33
WMB:CS20230722_CLUS_3523	owl:NamedIndividual	33
WMB:CS20230722_CLUS_2084	owl:NamedIndividual	33
WMB:CS20230722_CLUS_2530	owl:NamedIndividual	33
WMB:CS20230722_CLUS_2519	owl:NamedIndividual	33
WMB:CS20230722_CLUS_3076	owl:NamedIndividual	33
WMB:CS20230722_CLUS_1931	owl:NamedIndividual	33
WMB:CS20230722_CLUS_3945	owl:NamedIndividual	33
WMB:CS20230722_CLUS_1197	owl:NamedIndividual	33
WMB:CS20230722_CLUS_2214	owl:NamedIndividual	33
WMB:CS20230722_CLUS_3646	owl:NamedIndividual	33
WMB:CS20230722_CLUS_1734	owl:NamedIndividual	33
WMB:CS20230722_CLUS_2238	owl:NamedIndividual	33
WMB:CS20230722_CLUS_1620	owl:NamedIndividual	33
WMB:CS20230722_CLUS_1542	owl:NamedIndividual	33
WMB:CS20230722_CLUS_4482	owl:NamedIndividual	33
WMB:CS20230722_CLUS_0923	owl:NamedIndividual	33
WMB:CS20230722_CLUS_4962	owl:NamedIndividual	33
WMB:CS20230722_CLUS_1066	owl:NamedIndividual	33
WMB:CS20230722_CLUS_4389	owl:NamedIndividual	33
WMB:CS20230722_CLUS_1919	owl:NamedIndividual	33
WMB:CS20230722_CLUS_1145	owl:NamedIndividual	33
WMB:CS20230722_CLUS_1078	owl:NamedIndividual	33
WMB:CS20230722_CLUS_3952	owl:NamedIndividual	33
WMB:CS20230722_CLUS_5241	owl:NamedIndividual	33
WMB:CS20230722_CLUS_1109	owl:NamedIndividual	33
WMB:CS20230722_CLUS_2948	owl:NamedIndividual	33
WMB:CS20230722_CLUS_4246	owl:NamedIndividual	33
WMB:CS20230722_CLUS_2046	owl:NamedIndividual	33
WMB:CS20230722_CLUS_2173	owl:NamedIndividual	33
WMB:CS20230722_CLUS_2192	owl:NamedIndividual	33
WMB:CS20230722_CLUS_1684	owl:NamedIndividual	33
WMB:CS20230722_CLUS_3391	owl:NamedIndividual	33
WMB:CS20230722_CLUS_1400	owl:NamedIndividual	33
WMB:CS20230722_CLUS_4222	owl:NamedIndividual	33
WMB:CS20230722_CLUS_3524	owl:NamedIndividual	33
WMB:CS20230722_CLUS_0886	owl:NamedIndividual	33
WMB:CS20230722_CLUS_3188	owl:NamedIndividual	33
WMB:CS20230722_CLUS_3637	owl:NamedIndividual	33
WMB:CS20230722_CLUS_4224	owl:NamedIndividual	33
WMB:CS20230722_CLUS_4720	owl:NamedIndividual	33
WMB:CS20230722_CLUS_4056	owl:NamedIndividual	33
WMB:CS20230722_CLUS_5010	owl:NamedIndividual	33
WMB:CS20230722_CLUS_1055	owl:NamedIndividual	33
WMB:CS20230722_CLUS_2183	owl:NamedIndividual	33
WMB:CS20230722_CLUS_4285	owl:NamedIndividual	33
WMB:CS20230722_CLUS_3180	owl:NamedIndividual	32
WMB:CS20230722_CLUS_1307	owl:NamedIndividual	32
WMB:CS20230722_CLUS_0211	owl:NamedIndividual	32
WMB:CS20230722_CLUS_4014	owl:NamedIndividual	32
WMB:CS20230722_CLUS_2879	owl:NamedIndividual	32
WMB:CS20230722_CLUS_1083	owl:NamedIndividual	32
WMB:CS20230722_CLUS_3585	owl:NamedIndividual	32
WMB:CS20230722_CLUS_0854	owl:NamedIndividual	32
WMB:CS20230722_CLUS_2884	owl:NamedIndividual	32
WMB:CS20230722_CLUS_1447	owl:NamedIndividual	32
WMB:CS20230722_CLUS_3120	owl:NamedIndividual	32
WMB:CS20230722_CLUS_3882	owl:NamedIndividual	32
WMB:CS20230722_CLUS_1756	owl:NamedIndividual	32
WMB:CS20230722_CLUS_4009	owl:NamedIndividual	32
WMB:CS20230722_CLUS_0868	owl:NamedIndividual	32
WMB:CS20230722_CLUS_3981	owl:NamedIndividual	32
WMB:CS20230722_CLUS_4678	owl:NamedIndividual	32
WMB:CS20230722_CLUS_4483	owl:NamedIndividual	32
WMB:CS20230722_CLUS_3762	owl:NamedIndividual	32
WMB:CS20230722_CLUS_1438	owl:NamedIndividual	32
WMB:CS20230722_CLUS_2076	owl:NamedIndividual	32
WMB:CS20230722_CLUS_3930	owl:NamedIndividual	32
WMB:CS20230722_CLUS_4179	owl:NamedIndividual	32
WMB:CS20230722_CLUS_4691	owl:NamedIndividual	32
WMB:CS20230722_CLUS_4707	owl:NamedIndividual	32
WMB:CS20230722_CLUS_4205	owl:NamedIndividual	32
WMB:CS20230722_CLUS_4961	owl:NamedIndividual	32
WMB:CS20230722_CLUS_4114	owl:NamedIndividual	32
WMB:CS20230722_CLUS_0882	owl:NamedIndividual	32
WMB:CS20230722_CLUS_5090	owl:NamedIndividual	32
WMB:CS20230722_CLUS_1276	owl:NamedIndividual	32
WMB:CS20230722_CLUS_3127	owl:NamedIndividual	32
WMB:CS20230722_CLUS_2875	owl:NamedIndividual	32
WMB:CS20230722_CLUS_0664	owl:NamedIndividual	32
WMB:CS20230722_CLUS_4019	owl:NamedIndividual	32
WMB:CS20230722_CLUS_2071	owl:NamedIndividual	32
WMB:CS20230722_CLUS_4741	owl:NamedIndividual	32
WMB:CS20230722_CLUS_1736	owl:NamedIndividual	32
WMB:CS20230722_CLUS_4432	owl:NamedIndividual	32
WMB:CS20230722_CLUS_4859	owl:NamedIndividual	32
WMB:CS20230722_CLUS_4052	owl:NamedIndividual	32
WMB:CS20230722_CLUS_4316	owl:NamedIndividual	32
WMB:CS20230722_CLUS_2874	owl:NamedIndividual	32
WMB:CS20230722_CLUS_5121	owl:NamedIndividual	32
WMB:CS20230722_CLUS_3426	owl:NamedIndividual	32
WMB:CS20230722_CLUS_4126	owl:NamedIndividual	32
WMB:CS20230722_CLUS_5315	owl:NamedIndividual	32
WMB:CS20230722_CLUS_2074	owl:NamedIndividual	32
WMB:CS20230722_CLUS_1939	owl:NamedIndividual	31
WMB:CS20230722_CLUS_4214	owl:NamedIndividual	31
WMB:CS20230722_CLUS_2096	owl:NamedIndividual	31
WMB:CS20230722_CLUS_3038	owl:NamedIndividual	31
WMB:CS20230722_CLUS_2843	owl:NamedIndividual	31
WMB:CS20230722_CLUS_3654	owl:NamedIndividual	31
WMB:CS20230722_CLUS_1701	owl:NamedIndividual	31
WMB:CS20230722_CLUS_3822	owl:NamedIndividual	31
WMB:CS20230722_CLUS_4169	owl:NamedIndividual	31
WMB:CS20230722_CLUS_4174	owl:NamedIndividual	31
WMB:CS20230722_CLUS_4118	owl:NamedIndividual	31
WMB:CS20230722_CLUS_5033	owl:NamedIndividual	31
WMB:CS20230722_CLUS_2134	owl:NamedIndividual	31
WMB:CS20230722_CLUS_2730	owl:NamedIndividual	31
WMB:CS20230722_CLUS_2731	owl:NamedIndividual	31
WMB:CS20230722_CLUS_3016	owl:NamedIndividual	31
WMB:CS20230722_CLUS_4291	owl:NamedIndividual	31
WMB:CS20230722_CLUS_4306	owl:NamedIndividual	31
WMB:CS20230722_CLUS_1811	owl:NamedIndividual	31
WMB:CS20230722_CLUS_4493	owl:NamedIndividual	31
WMB:CS20230722_CLUS_3184	owl:NamedIndividual	31
WMB:CS20230722_CLUS_5009	owl:NamedIndividual	31
WMB:CS20230722_CLUS_1326	owl:NamedIndividual	31
WMB:CS20230722_CLUS_2170	owl:NamedIndividual	31
WMB:CS20230722_CLUS_3957	owl:NamedIndividual	31
WMB:CS20230722_CLUS_3644	owl:NamedIndividual	31
WMB:CS20230722_CLUS_3064	owl:NamedIndividual	31
WMB:CS20230722_CLUS_3864	owl:NamedIndividual	31
WMB:CS20230722_CLUS_4010	owl:NamedIndividual	31
WMB:CS20230722_CLUS_3036	owl:NamedIndividual	31
WMB:CS20230722_CLUS_3766	owl:NamedIndividual	31
WMB:CS20230722_CLUS_4340	owl:NamedIndividual	31
WMB:CS20230722_CLUS_3158	owl:NamedIndividual	31
WMB:CS20230722_CLUS_2305	owl:NamedIndividual	31
WMB:CS20230722_CLUS_4249	owl:NamedIndividual	31
WMB:CS20230722_CLUS_3869	owl:NamedIndividual	31
WMB:CS20230722_CLUS_1206	owl:NamedIndividual	31
WMB:CS20230722_CLUS_4645	owl:NamedIndividual	31
WMB:CS20230722_CLUS_4503	owl:NamedIndividual	31
WMB:CS20230722_CLUS_3161	owl:NamedIndividual	31
WMB:CS20230722_CLUS_4415	owl:NamedIndividual	31
WMB:CS20230722_CLUS_2463	owl:NamedIndividual	31
WMB:CS20230722_CLUS_4970	owl:NamedIndividual	31
WMB:CS20230722_CLUS_5088	owl:NamedIndividual	31
WMB:CS20230722_CLUS_5100	owl:NamedIndividual	31
WMB:CS20230722_CLUS_2517	owl:NamedIndividual	31
WMB:CS20230722_CLUS_2075	owl:NamedIndividual	30
WMB:CS20230722_CLUS_1274	owl:NamedIndividual	30
WMB:CS20230722_CLUS_2440	owl:NamedIndividual	30
WMB:CS20230722_CLUS_2260	owl:NamedIndividual	30
WMB:CS20230722_CLUS_4119	owl:NamedIndividual	30
WMB:CS20230722_CLUS_3659	owl:NamedIndividual	30
WMB:CS20230722_CLUS_4891	owl:NamedIndividual	30
WMB:CS20230722_CLUS_4393	owl:NamedIndividual	30
WMB:CS20230722_CLUS_3104	owl:NamedIndividual	30
WMB:CS20230722_CLUS_4286	owl:NamedIndividual	30
WMB:CS20230722_CLUS_3044	owl:NamedIndividual	30
WMB:CS20230722_CLUS_4186	owl:NamedIndividual	30
WMB:CS20230722_CLUS_5005	owl:NamedIndividual	30
WMB:CS20230722_CLUS_2153	owl:NamedIndividual	30
WMB:CS20230722_CLUS_4610	owl:NamedIndividual	30
WMB:CS20230722_CLUS_4140	owl:NamedIndividual	30
WMB:CS20230722_CLUS_3565	owl:NamedIndividual	30
WMB:CS20230722_CLUS_4223	owl:NamedIndividual	30
WMB:CS20230722_CLUS_3648	owl:NamedIndividual	30
WMB:CS20230722_CLUS_4239	owl:NamedIndividual	30
WMB:CS20230722_CLUS_3895	owl:NamedIndividual	30
WMB:CS20230722_CLUS_3199	owl:NamedIndividual	30
WMB:CS20230722_CLUS_1988	owl:NamedIndividual	30
WMB:CS20230722_CLUS_3604	owl:NamedIndividual	30
WMB:CS20230722_CLUS_3592	owl:NamedIndividual	30
WMB:CS20230722_CLUS_1752	owl:NamedIndividual	30
WMB:CS20230722_CLUS_2301	owl:NamedIndividual	30
WMB:CS20230722_CLUS_2139	owl:NamedIndividual	30
WMB:CS20230722_CLUS_1362	owl:NamedIndividual	30
WMB:CS20230722_CLUS_3547	owl:NamedIndividual	30
WMB:CS20230722_CLUS_3267	owl:NamedIndividual	30
WMB:CS20230722_CLUS_2885	owl:NamedIndividual	30
WMB:CS20230722_CLUS_2255	owl:NamedIndividual	30
WMB:CS20230722_CLUS_4797	owl:NamedIndividual	30
WMB:CS20230722_CLUS_3235	owl:NamedIndividual	30
WMB:CS20230722_CLUS_3504	owl:NamedIndividual	30
WMB:CS20230722_CLUS_2542	owl:NamedIndividual	30
WMB:CS20230722_CLUS_4273	owl:NamedIndividual	30
WMB:CS20230722_CLUS_1200	owl:NamedIndividual	30
WMB:CS20230722_CLUS_4641	owl:NamedIndividual	30
WMB:CS20230722_CLUS_3263	owl:NamedIndividual	30
WMB:CS20230722_CLUS_2602	owl:NamedIndividual	30
WMB:CS20230722_CLUS_3933	owl:NamedIndividual	30
WMB:CS20230722_CLUS_4492	owl:NamedIndividual	30
WMB:CS20230722_CLUS_4178	owl:NamedIndividual	30
WMB:CS20230722_CLUS_4129	owl:NamedIndividual	30
WMB:CS20230722_CLUS_3111	owl:NamedIndividual	30
WMB:CS20230722_CLUS_3770	owl:NamedIndividual	30
WMB:CS20230722_CLUS_4400	owl:NamedIndividual	30
WMB:CS20230722_CLUS_3484	owl:NamedIndividual	30
WMB:CS20230722_CLUS_2876	owl:NamedIndividual	30
WMB:CS20230722_CLUS_3980	owl:NamedIndividual	30
WMB:CS20230722_CLUS_4916	owl:NamedIndividual	30
WMB:CS20230722_CLUS_3099	owl:NamedIndividual	29
WMB:CS20230722_CLUS_2103	owl:NamedIndividual	29
WMB:CS20230722_CLUS_5039	owl:NamedIndividual	29
WMB:CS20230722_CLUS_3954	owl:NamedIndividual	29
WMB:CS20230722_CLUS_5316	owl:NamedIndividual	29
WMB:CS20230722_CLUS_1339	owl:NamedIndividual	29
WMB:CS20230722_CLUS_3049	owl:NamedIndividual	29
WMB:CS20230722_CLUS_4046	owl:NamedIndividual	29
WMB:CS20230722_CLUS_3920	owl:NamedIndividual	29
WMB:CS20230722_CLUS_1481	owl:NamedIndividual	29
WMB:CS20230722_CLUS_1940	owl:NamedIndividual	29
WMB:CS20230722_CLUS_1071	owl:NamedIndividual	29
WMB:CS20230722_CLUS_2242	owl:NamedIndividual	29
WMB:CS20230722_CLUS_3747	owl:NamedIndividual	29
WMB:CS20230722_CLUS_2543	owl:NamedIndividual	29
WMB:CS20230722_CLUS_2122	owl:NamedIndividual	29
WMB:CS20230722_CLUS_4272	owl:NamedIndividual	29
WMB:CS20230722_CLUS_1471	owl:NamedIndividual	29
WMB:CS20230722_CLUS_4660	owl:NamedIndividual	29
WMB:CS20230722_CLUS_1467	owl:NamedIndividual	29
WMB:CS20230722_CLUS_4466	owl:NamedIndividual	29
WMB:CS20230722_CLUS_1525	owl:NamedIndividual	29
WMB:CS20230722_CLUS_3139	owl:NamedIndividual	29
WMB:CS20230722_CLUS_1235	owl:NamedIndividual	29
WMB:CS20230722_CLUS_4380	owl:NamedIndividual	29
WMB:CS20230722_CLUS_3503	owl:NamedIndividual	29
WMB:CS20230722_CLUS_4135	owl:NamedIndividual	29
WMB:CS20230722_CLUS_2367	owl:NamedIndividual	29
WMB:CS20230722_CLUS_0909	owl:NamedIndividual	29
WMB:CS20230722_CLUS_2828	owl:NamedIndividual	29
WMB:CS20230722_CLUS_5004	owl:NamedIndividual	29
WMB:CS20230722_CLUS_4489	owl:NamedIndividual	29
WMB:CS20230722_CLUS_4073	owl:NamedIndividual	29
WMB:CS20230722_CLUS_3198	owl:NamedIndividual	29
WMB:CS20230722_CLUS_4228	owl:NamedIndividual	29
WMB:CS20230722_CLUS_2178	owl:NamedIndividual	29
WMB:CS20230722_CLUS_3544	owl:NamedIndividual	29
WMB:CS20230722_CLUS_4435	owl:NamedIndividual	29
WMB:CS20230722_CLUS_1828	owl:NamedIndividual	29
WMB:CS20230722_CLUS_1534	owl:NamedIndividual	29
WMB:CS20230722_CLUS_4226	owl:NamedIndividual	29
WMB:CS20230722_CLUS_2482	owl:NamedIndividual	29
WMB:CS20230722_CLUS_2364	owl:NamedIndividual	29
WMB:CS20230722_CLUS_2873	owl:NamedIndividual	29
WMB:CS20230722_CLUS_5037	owl:NamedIndividual	29
WMB:CS20230722_CLUS_1798	owl:NamedIndividual	29
WMB:CS20230722_CLUS_1679	owl:NamedIndividual	29
WMB:CS20230722_CLUS_5049	owl:NamedIndividual	29
WMB:CS20230722_CLUS_1834	owl:NamedIndividual	29
WMB:CS20230722_CLUS_3166	owl:NamedIndividual	29
WMB:CS20230722_CLUS_3291	owl:NamedIndividual	29
WMB:CS20230722_CLUS_4824	owl:NamedIndividual	29
WMB:CS20230722_CLUS_4629	owl:NamedIndividual	29
WMB:CS20230722_CLUS_4796	owl:NamedIndividual	29
WMB:CS20230722_CLUS_1366	owl:NamedIndividual	29
WMB:CS20230722_CLUS_3649	owl:NamedIndividual	29
WMB:CS20230722_CLUS_4765	owl:NamedIndividual	28
WMB:CS20230722_CLUS_3176	owl:NamedIndividual	28
WMB:CS20230722_CLUS_4225	owl:NamedIndividual	28
WMB:CS20230722_CLUS_1733	owl:NamedIndividual	28
WMB:CS20230722_CLUS_4143	owl:NamedIndividual	28
WMB:CS20230722_CLUS_4201	owl:NamedIndividual	28
WMB:CS20230722_CLUS_1946	owl:NamedIndividual	28
WMB:CS20230722_CLUS_1202	owl:NamedIndividual	28
WMB:CS20230722_CLUS_1452	owl:NamedIndividual	28
WMB:CS20230722_CLUS_3556	owl:NamedIndividual	28
WMB:CS20230722_CLUS_1250	owl:NamedIndividual	28
WMB:CS20230722_CLUS_3327	owl:NamedIndividual	28
WMB:CS20230722_CLUS_2951	owl:NamedIndividual	28
WMB:CS20230722_CLUS_1786	owl:NamedIndividual	28
WMB:CS20230722_CLUS_2182	owl:NamedIndividual	28
WMB:CS20230722_CLUS_3773	owl:NamedIndividual	28
WMB:CS20230722_CLUS_4202	owl:NamedIndividual	28
WMB:CS20230722_CLUS_4715	owl:NamedIndividual	28
WMB:CS20230722_CLUS_4513	owl:NamedIndividual	28
WMB:CS20230722_CLUS_5062	owl:NamedIndividual	28
WMB:CS20230722_CLUS_1300	owl:NamedIndividual	28
WMB:CS20230722_CLUS_3268	owl:NamedIndividual	28
WMB:CS20230722_CLUS_1298	owl:NamedIndividual	28
WMB:CS20230722_CLUS_2734	owl:NamedIndividual	28
WMB:CS20230722_CLUS_4111	owl:NamedIndividual	28
WMB:CS20230722_CLUS_5321	owl:NamedIndividual	28
WMB:CS20230722_CLUS_3847	owl:NamedIndividual	28
WMB:CS20230722_CLUS_4417	owl:NamedIndividual	28
WMB:CS20230722_CLUS_4365	owl:NamedIndividual	28
WMB:CS20230722_CLUS_1241	owl:NamedIndividual	28
WMB:CS20230722_CLUS_1658	owl:NamedIndividual	28
WMB:CS20230722_CLUS_2374	owl:NamedIndividual	28
WMB:CS20230722_CLUS_2747	owl:NamedIndividual	28
WMB:CS20230722_CLUS_3498	owl:NamedIndividual	28
WMB:CS20230722_CLUS_4257	owl:NamedIndividual	28
WMB:CS20230722_CLUS_2871	owl:NamedIndividual	28
WMB:CS20230722_CLUS_4164	owl:NamedIndividual	28
WMB:CS20230722_CLUS_3450	owl:NamedIndividual	28
WMB:CS20230722_CLUS_0920	owl:NamedIndividual	28
WMB:CS20230722_CLUS_3017	owl:NamedIndividual	28
WMB:CS20230722_CLUS_2285	owl:NamedIndividual	28
WMB:CS20230722_CLUS_3417	owl:NamedIndividual	28
WMB:CS20230722_CLUS_5068	owl:NamedIndividual	28
WMB:CS20230722_CLUS_4536	owl:NamedIndividual	28
WMB:CS20230722_CLUS_5078	owl:NamedIndividual	28
WMB:CS20230722_CLUS_3586	owl:NamedIndividual	28
WMB:CS20230722_CLUS_4234	owl:NamedIndividual	28
WMB:CS20230722_CLUS_4022	owl:NamedIndividual	28
WMB:CS20230722_CLUS_2480	owl:NamedIndividual	28
WMB:CS20230722_CLUS_2171	owl:NamedIndividual	28
WMB:CS20230722_CLUS_3718	owl:NamedIndividual	28
WMB:CS20230722_CLUS_2838	owl:NamedIndividual	28
WMB:CS20230722_CLUS_2277	owl:NamedIndividual	28
WMB:CS20230722_CLUS_4447	owl:NamedIndividual	28
WMB:CS20230722_CLUS_1868	owl:NamedIndividual	28
WMB:CS20230722_CLUS_1273	owl:NamedIndividual	28
WMB:CS20230722_CLUS_4359	owl:NamedIndividual	28
WMB:CS20230722_CLUS_4665	owl:NamedIndividual	27
WMB:CS20230722_CLUS_4631	owl:NamedIndividual	27
WMB:CS20230722_CLUS_3052	owl:NamedIndividual	27
WMB:CS20230722_CLUS_1904	owl:NamedIndividual	27
WMB:CS20230722_CLUS_1702	owl:NamedIndividual	27
WMB:CS20230722_CLUS_4594	owl:NamedIndividual	27
WMB:CS20230722_CLUS_3115	owl:NamedIndividual	27
WMB:CS20230722_CLUS_2827	owl:NamedIndividual	27
WMB:CS20230722_CLUS_1067	owl:NamedIndividual	27
WMB:CS20230722_CLUS_1444	owl:NamedIndividual	27
WMB:CS20230722_CLUS_5027	owl:NamedIndividual	27
WMB:CS20230722_CLUS_4072	owl:NamedIndividual	27
WMB:CS20230722_CLUS_1937	owl:NamedIndividual	27
WMB:CS20230722_CLUS_3042	owl:NamedIndividual	27
WMB:CS20230722_CLUS_4873	owl:NamedIndividual	27
WMB:CS20230722_CLUS_3874	owl:NamedIndividual	27
WMB:CS20230722_CLUS_2560	owl:NamedIndividual	27
WMB:CS20230722_CLUS_0499	owl:NamedIndividual	27
WMB:CS20230722_CLUS_5120	owl:NamedIndividual	27
WMB:CS20230722_CLUS_5115	owl:NamedIndividual	27
WMB:CS20230722_CLUS_1680	owl:NamedIndividual	27
WMB:CS20230722_CLUS_5102	owl:NamedIndividual	27
WMB:CS20230722_CLUS_4718	owl:NamedIndividual	27
WMB:CS20230722_CLUS_3455	owl:NamedIndividual	27
WMB:CS20230722_CLUS_1480	owl:NamedIndividual	27
WMB:CS20230722_CLUS_4729	owl:NamedIndividual	27
WMB:CS20230722_CLUS_3964	owl:NamedIndividual	27
WMB:CS20230722_CLUS_5041	owl:NamedIndividual	27
WMB:CS20230722_CLUS_3070	owl:NamedIndividual	27
WMB:CS20230722_CLUS_2772	owl:NamedIndividual	27
WMB:CS20230722_CLUS_2883	owl:NamedIndividual	27
WMB:CS20230722_CLUS_3830	owl:NamedIndividual	27
WMB:CS20230722_CLUS_4134	owl:NamedIndividual	27
WMB:CS20230722_CLUS_3196	owl:NamedIndividual	27
WMB:CS20230722_CLUS_2234	owl:NamedIndividual	27
WMB:CS20230722_CLUS_3395	owl:NamedIndividual	27
WMB:CS20230722_CLUS_3948	owl:NamedIndividual	27
WMB:CS20230722_CLUS_3783	owl:NamedIndividual	27
WMB:CS20230722_CLUS_1829	owl:NamedIndividual	27
WMB:CS20230722_CLUS_1229	owl:NamedIndividual	27
WMB:CS20230722_CLUS_2397	owl:NamedIndividual	27
WMB:CS20230722_CLUS_2395	owl:NamedIndividual	27
WMB:CS20230722_CLUS_3091	owl:NamedIndividual	27
WMB:CS20230722_CLUS_1343	owl:NamedIndividual	27
WMB:CS20230722_CLUS_3879	owl:NamedIndividual	27
WMB:CS20230722_CLUS_3976	owl:NamedIndividual	27
WMB:CS20230722_CLUS_2162	owl:NamedIndividual	27
WMB:CS20230722_CLUS_1182	owl:NamedIndividual	27
WMB:CS20230722_CLUS_2066	owl:NamedIndividual	27
WMB:CS20230722_CLUS_3447	owl:NamedIndividual	27
WMB:CS20230722_CLUS_4750	owl:NamedIndividual	26
WMB:CS20230722_CLUS_1063	owl:NamedIndividual	26
WMB:CS20230722_CLUS_2264	owl:NamedIndividual	26
WMB:CS20230722_CLUS_1643	owl:NamedIndividual	26
WMB:CS20230722_CLUS_3949	owl:NamedIndividual	26
WMB:CS20230722_CLUS_1210	owl:NamedIndividual	26
WMB:CS20230722_CLUS_3101	owl:NamedIndividual	26
WMB:CS20230722_CLUS_4193	owl:NamedIndividual	26
WMB:CS20230722_CLUS_4465	owl:NamedIndividual	26
WMB:CS20230722_CLUS_1163	owl:NamedIndividual	26
WMB:CS20230722_CLUS_2060	owl:NamedIndividual	26
WMB:CS20230722_CLUS_2396	owl:NamedIndividual	26
WMB:CS20230722_CLUS_1757	owl:NamedIndividual	26
WMB:CS20230722_CLUS_2779	owl:NamedIndividual	26
WMB:CS20230722_CLUS_1402	owl:NamedIndividual	26
WMB:CS20230722_CLUS_2211	owl:NamedIndividual	26
WMB:CS20230722_CLUS_3018	owl:NamedIndividual	26
WMB:CS20230722_CLUS_5203	owl:NamedIndividual	26
WMB:CS20230722_CLUS_1624	owl:NamedIndividual	26
WMB:CS20230722_CLUS_4906	owl:NamedIndividual	26
WMB:CS20230722_CLUS_0501	owl:NamedIndividual	26
WMB:CS20230722_CLUS_1807	owl:NamedIndividual	26
WMB:CS20230722_CLUS_4039	owl:NamedIndividual	26
WMB:CS20230722_CLUS_0700	owl:NamedIndividual	26
WMB:CS20230722_CLUS_0831	owl:NamedIndividual	26
WMB:CS20230722_CLUS_1681	owl:NamedIndividual	26
WMB:CS20230722_CLUS_4502	owl:NamedIndividual	26
WMB:CS20230722_CLUS_4487	owl:NamedIndividual	26
WMB:CS20230722_CLUS_3233	owl:NamedIndividual	26
WMB:CS20230722_CLUS_4514	owl:NamedIndividual	26
WMB:CS20230722_CLUS_0847	owl:NamedIndividual	26
WMB:CS20230722_CLUS_3943	owl:NamedIndividual	26
WMB:CS20230722_CLUS_2522	owl:NamedIndividual	26
WMB:CS20230722_CLUS_3569	owl:NamedIndividual	26
WMB:CS20230722_CLUS_2169	owl:NamedIndividual	26
WMB:CS20230722_CLUS_4130	owl:NamedIndividual	26
WMB:CS20230722_CLUS_5015	owl:NamedIndividual	26
WMB:CS20230722_CLUS_2145	owl:NamedIndividual	26
WMB:CS20230722_CLUS_3056	owl:NamedIndividual	26
WMB:CS20230722_CLUS_4613	owl:NamedIndividual	26
WMB:CS20230722_CLUS_2184	owl:NamedIndividual	26
WMB:CS20230722_CLUS_3707	owl:NamedIndividual	26
WMB:CS20230722_CLUS_2886	owl:NamedIndividual	26
WMB:CS20230722_CLUS_4885	owl:NamedIndividual	26
WMB:CS20230722_CLUS_3653	owl:NamedIndividual	26
WMB:CS20230722_CLUS_3454	owl:NamedIndividual	26
WMB:CS20230722_CLUS_3386	owl:NamedIndividual	26
WMB:CS20230722_CLUS_4302	owl:NamedIndividual	26
WMB:CS20230722_CLUS_1639	owl:NamedIndividual	26
WMB:CS20230722_CLUS_2245	owl:NamedIndividual	26
WMB:CS20230722_CLUS_1435	owl:NamedIndividual	26
WMB:CS20230722_CLUS_4507	owl:NamedIndividual	26
WMB:CS20230722_CLUS_1594	owl:NamedIndividual	26
WMB:CS20230722_CLUS_4994	owl:NamedIndividual	26
WMB:CS20230722_CLUS_3175	owl:NamedIndividual	26
WMB:CS20230722_CLUS_2244	owl:NamedIndividual	26
WMB:CS20230722_CLUS_3245	owl:NamedIndividual	26
WMB:CS20230722_CLUS_2819	owl:NamedIndividual	26
WMB:CS20230722_CLUS_4364	owl:NamedIndividual	26
WMB:CS20230722_CLUS_3630	owl:NamedIndividual	26
WMB:CS20230722_CLUS_4756	owl:NamedIndividual	26
WMB:CS20230722_CLUS_4204	owl:NamedIndividual	26
WMB:CS20230722_CLUS_0830	owl:NamedIndividual	25
WMB:CS20230722_CLUS_3754	owl:NamedIndividual	25
WMB:CS20230722_CLUS_4724	owl:NamedIndividual	25
WMB:CS20230722_CLUS_2210	owl:NamedIndividual	25
WMB:CS20230722_CLUS_4266	owl:NamedIndividual	25
WMB:CS20230722_CLUS_1661	owl:NamedIndividual	25
WMB:CS20230722_CLUS_3488	owl:NamedIndividual	25
WMB:CS20230722_CLUS_4355	owl:NamedIndividual	25
WMB:CS20230722_CLUS_4484	owl:NamedIndividual	25
WMB:CS20230722_CLUS_4274	owl:NamedIndividual	25
WMB:CS20230722_CLUS_4026	owl:NamedIndividual	25
WMB:CS20230722_CLUS_1619	owl:NamedIndividual	25
WMB:CS20230722_CLUS_2198	owl:NamedIndividual	25
WMB:CS20230722_CLUS_1943	owl:NamedIndividual	25
WMB:CS20230722_CLUS_3631	owl:NamedIndividual	25
WMB:CS20230722_CLUS_2751	owl:NamedIndividual	25
WMB:CS20230722_CLUS_2708	owl:NamedIndividual	25
WMB:CS20230722_CLUS_4346	owl:NamedIndividual	25
WMB:CS20230722_CLUS_3873	owl:NamedIndividual	25
WMB:CS20230722_CLUS_3583	owl:NamedIndividual	25
WMB:CS20230722_CLUS_2202	owl:NamedIndividual	25
WMB:CS20230722_CLUS_2944	owl:NamedIndividual	25
WMB:CS20230722_CLUS_1190	owl:NamedIndividual	25
WMB:CS20230722_CLUS_3935	owl:NamedIndividual	25
WMB:CS20230722_CLUS_2929	owl:NamedIndividual	25
WMB:CS20230722_CLUS_2512	owl:NamedIndividual	25
WMB:CS20230722_CLUS_2507	owl:NamedIndividual	25
WMB:CS20230722_CLUS_3777	owl:NamedIndividual	25
WMB:CS20230722_CLUS_1436	owl:NamedIndividual	25
WMB:CS20230722_CLUS_4105	owl:NamedIndividual	25
WMB:CS20230722_CLUS_3084	owl:NamedIndividual	25
WMB:CS20230722_CLUS_1649	owl:NamedIndividual	25
WMB:CS20230722_CLUS_4682	owl:NamedIndividual	25
WMB:CS20230722_CLUS_4842	owl:NamedIndividual	25
WMB:CS20230722_CLUS_4230	owl:NamedIndividual	25
WMB:CS20230722_CLUS_2903	owl:NamedIndividual	25
WMB:CS20230722_CLUS_4406	owl:NamedIndividual	25
WMB:CS20230722_CLUS_4372	owl:NamedIndividual	25
WMB:CS20230722_CLUS_3219	owl:NamedIndividual	25
WMB:CS20230722_CLUS_2294	owl:NamedIndividual	25
WMB:CS20230722_CLUS_3257	owl:NamedIndividual	25
WMB:CS20230722_CLUS_2858	owl:NamedIndividual	25
WMB:CS20230722_CLUS_2870	owl:NamedIndividual	25
WMB:CS20230722_CLUS_2865	owl:NamedIndividual	25
WMB:CS20230722_CLUS_3193	owl:NamedIndividual	25
WMB:CS20230722_CLUS_3097	owl:NamedIndividual	25
WMB:CS20230722_CLUS_2468	owl:NamedIndividual	25
WMB:CS20230722_CLUS_1725	owl:NamedIndividual	25
WMB:CS20230722_CLUS_2087	owl:NamedIndividual	25
WMB:CS20230722_CLUS_3610	owl:NamedIndividual	25
WMB:CS20230722_CLUS_5063	owl:NamedIndividual	25
WMB:CS20230722_CLUS_1783	owl:NamedIndividual	25
WMB:CS20230722_CLUS_5034	owl:NamedIndividual	25
WMB:CS20230722_CLUS_4047	owl:NamedIndividual	25
WMB:CS20230722_CLUS_4008	owl:NamedIndividual	25
WMB:CS20230722_CLUS_3138	owl:NamedIndividual	25
WMB:CS20230722_CLUS_2998	owl:NamedIndividual	25
WMB:CS20230722_CLUS_2915	owl:NamedIndividual	25
WMB:CS20230722_CLUS_4012	owl:NamedIndividual	25
WMB:CS20230722_CLUS_4167	owl:NamedIndividual	24
WMB:CS20230722_CLUS_3580	owl:NamedIndividual	24
WMB:CS20230722_CLUS_1308	owl:NamedIndividual	24
WMB:CS20230722_CLUS_4457	owl:NamedIndividual	24
WMB:CS20230722_CLUS_2977	owl:NamedIndividual	24
WMB:CS20230722_CLUS_3801	owl:NamedIndividual	24
WMB:CS20230722_CLUS_3511	owl:NamedIndividual	24
WMB:CS20230722_CLUS_1175	owl:NamedIndividual	24
WMB:CS20230722_CLUS_2890	owl:NamedIndividual	24
WMB:CS20230722_CLUS_4271	owl:NamedIndividual	24
WMB:CS20230722_CLUS_5091	owl:NamedIndividual	24
WMB:CS20230722_CLUS_1529	owl:NamedIndividual	24
WMB:CS20230722_CLUS_2603	owl:NamedIndividual	24
WMB:CS20230722_CLUS_5103	owl:NamedIndividual	24
WMB:CS20230722_CLUS_3118	owl:NamedIndividual	24
WMB:CS20230722_CLUS_2068	owl:NamedIndividual	24
WMB:CS20230722_CLUS_2836	owl:NamedIndividual	24
WMB:CS20230722_CLUS_1545	owl:NamedIndividual	24
WMB:CS20230722_CLUS_0887	owl:NamedIndividual	24
WMB:CS20230722_CLUS_2980	owl:NamedIndividual	24
WMB:CS20230722_CLUS_4438	owl:NamedIndividual	24
WMB:CS20230722_CLUS_4643	owl:NamedIndividual	24
WMB:CS20230722_CLUS_3474	owl:NamedIndividual	24
WMB:CS20230722_CLUS_2266	owl:NamedIndividual	24
WMB:CS20230722_CLUS_4659	owl:NamedIndividual	24
WMB:CS20230722_CLUS_1912	owl:NamedIndividual	24
WMB:CS20230722_CLUS_4717	owl:NamedIndividual	24
WMB:CS20230722_CLUS_4156	owl:NamedIndividual	24
WMB:CS20230722_CLUS_5171	owl:NamedIndividual	24
WMB:CS20230722_CLUS_1319	owl:NamedIndividual	24
WMB:CS20230722_CLUS_2154	owl:NamedIndividual	24
WMB:CS20230722_CLUS_3805	owl:NamedIndividual	24
WMB:CS20230722_CLUS_1891	owl:NamedIndividual	24
WMB:CS20230722_CLUS_2213	owl:NamedIndividual	24
WMB:CS20230722_CLUS_4840	owl:NamedIndividual	24
WMB:CS20230722_CLUS_3461	owl:NamedIndividual	24
WMB:CS20230722_CLUS_4841	owl:NamedIndividual	24
WMB:CS20230722_CLUS_1389	owl:NamedIndividual	24
WMB:CS20230722_CLUS_5096	owl:NamedIndividual	24
WMB:CS20230722_CLUS_3034	owl:NamedIndividual	24
WMB:CS20230722_CLUS_4890	owl:NamedIndividual	24
WMB:CS20230722_CLUS_1965	owl:NamedIndividual	24
WMB:CS20230722_CLUS_3089	owl:NamedIndividual	23
WMB:CS20230722_CLUS_1695	owl:NamedIndividual	23
WMB:CS20230722_CLUS_4244	owl:NamedIndividual	23
WMB:CS20230722_CLUS_4991	owl:NamedIndividual	23
WMB:CS20230722_CLUS_5161	owl:NamedIndividual	23
WMB:CS20230722_CLUS_3337	owl:NamedIndividual	23
WMB:CS20230722_CLUS_3387	owl:NamedIndividual	23
WMB:CS20230722_CLUS_4394	owl:NamedIndividual	23
WMB:CS20230722_CLUS_2135	owl:NamedIndividual	23
WMB:CS20230722_CLUS_4311	owl:NamedIndividual	23
WMB:CS20230722_CLUS_2172	owl:NamedIndividual	23
WMB:CS20230722_CLUS_2121	owl:NamedIndividual	23
WMB:CS20230722_CLUS_4938	owl:NamedIndividual	23
WMB:CS20230722_CLUS_3929	owl:NamedIndividual	23
WMB:CS20230722_CLUS_2732	owl:NamedIndividual	23
WMB:CS20230722_CLUS_3678	owl:NamedIndividual	23
WMB:CS20230722_CLUS_2258	owl:NamedIndividual	23
WMB:CS20230722_CLUS_2902	owl:NamedIndividual	23
WMB:CS20230722_CLUS_4384	owl:NamedIndividual	23
WMB:CS20230722_CLUS_4064	owl:NamedIndividual	23
WMB:CS20230722_CLUS_1342	owl:NamedIndividual	23
WMB:CS20230722_CLUS_4475	owl:NamedIndividual	23
WMB:CS20230722_CLUS_4847	owl:NamedIndividual	23
WMB:CS20230722_CLUS_2148	owl:NamedIndividual	23
WMB:CS20230722_CLUS_1422	owl:NamedIndividual	23
WMB:CS20230722_CLUS_0969	owl:NamedIndividual	23
WMB:CS20230722_CLUS_2476	owl:NamedIndividual	23
WMB:CS20230722_CLUS_1633	owl:NamedIndividual	23
WMB:CS20230722_CLUS_3691	owl:NamedIndividual	23
WMB:CS20230722_CLUS_4615	owl:NamedIndividual	23
WMB:CS20230722_CLUS_2534	owl:NamedIndividual	23
WMB:CS20230722_CLUS_2404	owl:NamedIndividual	23
WMB:CS20230722_CLUS_4630	owl:NamedIndividual	23
WMB:CS20230722_CLUS_2990	owl:NamedIndividual	23
WMB:CS20230722_CLUS_2362	owl:NamedIndividual	23
WMB:CS20230722_CLUS_2971	owl:NamedIndividual	23
WMB:CS20230722_CLUS_1755	owl:NamedIndividual	23
WMB:CS20230722_CLUS_2233	owl:NamedIndividual	23
WMB:CS20230722_CLUS_2185	owl:NamedIndividual	23
WMB:CS20230722_CLUS_2124	owl:NamedIndividual	23
WMB:CS20230722_CLUS_2897	owl:NamedIndividual	23
WMB:CS20230722_CLUS_3270	owl:NamedIndividual	23
WMB:CS20230722_CLUS_3987	owl:NamedIndividual	23
WMB:CS20230722_CLUS_4617	owl:NamedIndividual	23
WMB:CS20230722_CLUS_3548	owl:NamedIndividual	23
WMB:CS20230722_CLUS_3620	owl:NamedIndividual	23
WMB:CS20230722_CLUS_2155	owl:NamedIndividual	23
WMB:CS20230722_CLUS_2521	owl:NamedIndividual	23
WMB:CS20230722_CLUS_4031	owl:NamedIndividual	23
WMB:CS20230722_CLUS_5086	owl:NamedIndividual	22
WMB:CS20230722_CLUS_4248	owl:NamedIndividual	22
WMB:CS20230722_CLUS_4238	owl:NamedIndividual	22
WMB:CS20230722_CLUS_4667	owl:NamedIndividual	22
WMB:CS20230722_CLUS_3154	owl:NamedIndividual	22
WMB:CS20230722_CLUS_2426	owl:NamedIndividual	22
WMB:CS20230722_CLUS_3100	owl:NamedIndividual	22
WMB:CS20230722_CLUS_4264	owl:NamedIndividual	22
WMB:CS20230722_CLUS_2888	owl:NamedIndividual	22
WMB:CS20230722_CLUS_3178	owl:NamedIndividual	22
WMB:CS20230722_CLUS_4192	owl:NamedIndividual	22
WMB:CS20230722_CLUS_2088	owl:NamedIndividual	22
WMB:CS20230722_CLUS_1727	owl:NamedIndividual	22
WMB:CS20230722_CLUS_3828	owl:NamedIndividual	22
WMB:CS20230722_CLUS_1796	owl:NamedIndividual	22
WMB:CS20230722_CLUS_4345	owl:NamedIndividual	22
WMB:CS20230722_CLUS_3597	owl:NamedIndividual	22
WMB:CS20230722_CLUS_4187	owl:NamedIndividual	22
WMB:CS20230722_CLUS_3005	owl:NamedIndividual	22
WMB:CS20230722_CLUS_1857	owl:NamedIndividual	22
WMB:CS20230722_CLUS_4094	owl:NamedIndividual	22
WMB:CS20230722_CLUS_3676	owl:NamedIndividual	22
WMB:CS20230722_CLUS_4212	owl:NamedIndividual	22
WMB:CS20230722_CLUS_4270	owl:NamedIndividual	22
WMB:CS20230722_CLUS_4736	owl:NamedIndividual	22
WMB:CS20230722_CLUS_3375	owl:NamedIndividual	22
WMB:CS20230722_CLUS_1199	owl:NamedIndividual	22
WMB:CS20230722_CLUS_2812	owl:NamedIndividual	22
WMB:CS20230722_CLUS_4716	owl:NamedIndividual	22
WMB:CS20230722_CLUS_4819	owl:NamedIndividual	22
WMB:CS20230722_CLUS_2878	owl:NamedIndividual	22
WMB:CS20230722_CLUS_2611	owl:NamedIndividual	22
WMB:CS20230722_CLUS_4681	owl:NamedIndividual	22
WMB:CS20230722_CLUS_5101	owl:NamedIndividual	22
WMB:CS20230722_CLUS_1574	owl:NamedIndividual	22
WMB:CS20230722_CLUS_3063	owl:NamedIndividual	22
WMB:CS20230722_CLUS_2804	owl:NamedIndividual	22
WMB:CS20230722_CLUS_1201	owl:NamedIndividual	22
WMB:CS20230722_CLUS_3579	owl:NamedIndividual	22
WMB:CS20230722_CLUS_1824	owl:NamedIndividual	22
WMB:CS20230722_CLUS_2131	owl:NamedIndividual	22
WMB:CS20230722_CLUS_3529	owl:NamedIndividual	22
WMB:CS20230722_CLUS_4241	owl:NamedIndividual	22
WMB:CS20230722_CLUS_4298	owl:NamedIndividual	22
WMB:CS20230722_CLUS_4233	owl:NamedIndividual	22
WMB:CS20230722_CLUS_1816	owl:NamedIndividual	22
WMB:CS20230722_CLUS_2830	owl:NamedIndividual	22
WMB:CS20230722_CLUS_2982	owl:NamedIndividual	21
WMB:CS20230722_CLUS_1398	owl:NamedIndividual	21
WMB:CS20230722_CLUS_3077	owl:NamedIndividual	21
WMB:CS20230722_CLUS_3414	owl:NamedIndividual	21
WMB:CS20230722_CLUS_2502	owl:NamedIndividual	21
WMB:CS20230722_CLUS_4237	owl:NamedIndividual	21
WMB:CS20230722_CLUS_3340	owl:NamedIndividual	21
WMB:CS20230722_CLUS_4848	owl:NamedIndividual	21
WMB:CS20230722_CLUS_4915	owl:NamedIndividual	21
WMB:CS20230722_CLUS_4768	owl:NamedIndividual	21
WMB:CS20230722_CLUS_1068	owl:NamedIndividual	21
WMB:CS20230722_CLUS_4007	owl:NamedIndividual	21
WMB:CS20230722_CLUS_5032	owl:NamedIndividual	21
WMB:CS20230722_CLUS_3595	owl:NamedIndividual	21
WMB:CS20230722_CLUS_4726	owl:NamedIndividual	21
WMB:CS20230722_CLUS_2505	owl:NamedIndividual	21
WMB:CS20230722_CLUS_2741	owl:NamedIndividual	21
WMB:CS20230722_CLUS_2186	owl:NamedIndividual	21
WMB:CS20230722_CLUS_3537	owl:NamedIndividual	21
WMB:CS20230722_CLUS_3037	owl:NamedIndividual	21
WMB:CS20230722_CLUS_4515	owl:NamedIndividual	21
WMB:CS20230722_CLUS_2909	owl:NamedIndividual	21
WMB:CS20230722_CLUS_2437	owl:NamedIndividual	21
WMB:CS20230722_CLUS_4996	owl:NamedIndividual	21
WMB:CS20230722_CLUS_2196	owl:NamedIndividual	21
WMB:CS20230722_CLUS_1565	owl:NamedIndividual	21
WMB:CS20230722_CLUS_4478	owl:NamedIndividual	21
WMB:CS20230722_CLUS_4596	owl:NamedIndividual	21
WMB:CS20230722_CLUS_3609	owl:NamedIndividual	21
WMB:CS20230722_CLUS_4060	owl:NamedIndividual	21
WMB:CS20230722_CLUS_1785	owl:NamedIndividual	21
WMB:CS20230722_CLUS_2128	owl:NamedIndividual	21
WMB:CS20230722_CLUS_4265	owl:NamedIndividual	21
WMB:CS20230722_CLUS_4242	owl:NamedIndividual	21
WMB:CS20230722_CLUS_4184	owl:NamedIndividual	21
WMB:CS20230722_CLUS_1428	owl:NamedIndividual	21
WMB:CS20230722_CLUS_3806	owl:NamedIndividual	21
WMB:CS20230722_CLUS_3670	owl:NamedIndividual	21
WMB:CS20230722_CLUS_3764	owl:NamedIndividual	21
WMB:CS20230722_CLUS_4476	owl:NamedIndividual	21
WMB:CS20230722_CLUS_4307	owl:NamedIndividual	21
WMB:CS20230722_CLUS_3769	owl:NamedIndividual	21
WMB:CS20230722_CLUS_4614	owl:NamedIndividual	21
WMB:CS20230722_CLUS_2372	owl:NamedIndividual	21
WMB:CS20230722_CLUS_3983	owl:NamedIndividual	21
WMB:CS20230722_CLUS_2436	owl:NamedIndividual	21
WMB:CS20230722_CLUS_1905	owl:NamedIndividual	21
WMB:CS20230722_CLUS_4606	owl:NamedIndividual	21
WMB:CS20230722_CLUS_1589	owl:NamedIndividual	21
WMB:CS20230722_CLUS_3647	owl:NamedIndividual	21
WMB:CS20230722_CLUS_2188	owl:NamedIndividual	20
WMB:CS20230722_CLUS_4459	owl:NamedIndividual	20
WMB:CS20230722_CLUS_2925	owl:NamedIndividual	20
WMB:CS20230722_CLUS_3385	owl:NamedIndividual	20
WMB:CS20230722_CLUS_2051	owl:NamedIndividual	20
WMB:CS20230722_CLUS_3996	owl:NamedIndividual	20
WMB:CS20230722_CLUS_4740	owl:NamedIndividual	20
WMB:CS20230722_CLUS_3483	owl:NamedIndividual	20
WMB:CS20230722_CLUS_4846	owl:NamedIndividual	20
WMB:CS20230722_CLUS_3713	owl:NamedIndividual	20
WMB:CS20230722_CLUS_3002	owl:NamedIndividual	20
WMB:CS20230722_CLUS_3179	owl:NamedIndividual	20
WMB:CS20230722_CLUS_3341	owl:NamedIndividual	20
WMB:CS20230722_CLUS_3448	owl:NamedIndividual	20
WMB:CS20230722_CLUS_4874	owl:NamedIndividual	20
WMB:CS20230722_CLUS_3896	owl:NamedIndividual	20
WMB:CS20230722_CLUS_4771	owl:NamedIndividual	20
WMB:CS20230722_CLUS_4455	owl:NamedIndividual	20
WMB:CS20230722_CLUS_1324	owl:NamedIndividual	20
WMB:CS20230722_CLUS_2759	owl:NamedIndividual	20
WMB:CS20230722_CLUS_3390	owl:NamedIndividual	20
WMB:CS20230722_CLUS_1721	owl:NamedIndividual	20
WMB:CS20230722_CLUS_2930	owl:NamedIndividual	20
WMB:CS20230722_CLUS_4772	owl:NamedIndividual	20
WMB:CS20230722_CLUS_4260	owl:NamedIndividual	20
WMB:CS20230722_CLUS_3342	owl:NamedIndividual	20
WMB:CS20230722_CLUS_1954	owl:NamedIndividual	20
WMB:CS20230722_CLUS_1320	owl:NamedIndividual	20
WMB:CS20230722_CLUS_2146	owl:NamedIndividual	20
WMB:CS20230722_CLUS_2206	owl:NamedIndividual	20
WMB:CS20230722_CLUS_2910	owl:NamedIndividual	20
WMB:CS20230722_CLUS_1801	owl:NamedIndividual	20
WMB:CS20230722_CLUS_2427	owl:NamedIndividual	20
WMB:CS20230722_CLUS_3248	owl:NamedIndividual	20
WMB:CS20230722_CLUS_4275	owl:NamedIndividual	20
WMB:CS20230722_CLUS_2097	owl:NamedIndividual	20
WMB:CS20230722_CLUS_1491	owl:NamedIndividual	20
WMB:CS20230722_CLUS_2894	owl:NamedIndividual	20
WMB:CS20230722_CLUS_2917	owl:NamedIndividual	20
WMB:CS20230722_CLUS_1305	owl:NamedIndividual	20
WMB:CS20230722_CLUS_4988	owl:NamedIndividual	20
WMB:CS20230722_CLUS_3463	owl:NamedIndividual	20
WMB:CS20230722_CLUS_5013	owl:NamedIndividual	20
WMB:CS20230722_CLUS_1472	owl:NamedIndividual	20
WMB:CS20230722_CLUS_3271	owl:NamedIndividual	20
WMB:CS20230722_CLUS_3225	owl:NamedIndividual	20
WMB:CS20230722_CLUS_1667	owl:NamedIndividual	20
WMB:CS20230722_CLUS_5109	owl:NamedIndividual	20
WMB:CS20230722_CLUS_2467	owl:NamedIndividual	20
WMB:CS20230722_CLUS_4318	owl:NamedIndividual	20
WMB:CS20230722_CLUS_1675	owl:NamedIndividual	20
WMB:CS20230722_CLUS_3763	owl:NamedIndividual	20
WMB:CS20230722_CLUS_2479	owl:NamedIndividual	20
WMB:CS20230722_CLUS_4127	owl:NamedIndividual	20
WMB:CS20230722_CLUS_1744	owl:NamedIndividual	20
WMB:CS20230722_CLUS_4653	owl:NamedIndividual	20
WMB:CS20230722_CLUS_1546	owl:NamedIndividual	20
WMB:CS20230722_CLUS_4013	owl:NamedIndividual	20
WMB:CS20230722_CLUS_3986	owl:NamedIndividual	20
WMB:CS20230722_CLUS_4098	owl:NamedIndividual	20
WMB:CS20230722_CLUS_1532	owl:NamedIndividual	20
WMB:CS20230722_CLUS_2895	owl:NamedIndividual	20
WMB:CS20230722_CLUS_1881	owl:NamedIndividual	19
WMB:CS20230722_CLUS_4278	owl:NamedIndividual	19
WMB:CS20230722_CLUS_1653	owl:NamedIndividual	19
WMB:CS20230722_CLUS_2228	owl:NamedIndividual	19
WMB:CS20230722_CLUS_5035	owl:NamedIndividual	19
WMB:CS20230722_CLUS_4875	owl:NamedIndividual	19
WMB:CS20230722_CLUS_3047	owl:NamedIndividual	19
WMB:CS20230722_CLUS_5168	owl:NamedIndividual	19
WMB:CS20230722_CLUS_4738	owl:NamedIndividual	19
WMB:CS20230722_CLUS_2267	owl:NamedIndividual	19
WMB:CS20230722_CLUS_4283	owl:NamedIndividual	19
WMB:CS20230722_CLUS_4280	owl:NamedIndividual	19
WMB:CS20230722_CLUS_1741	owl:NamedIndividual	19
WMB:CS20230722_CLUS_4943	owl:NamedIndividual	19
WMB:CS20230722_CLUS_2898	owl:NamedIndividual	19
WMB:CS20230722_CLUS_4712	owl:NamedIndividual	19
WMB:CS20230722_CLUS_1569	owl:NamedIndividual	19
WMB:CS20230722_CLUS_4166	owl:NamedIndividual	19
WMB:CS20230722_CLUS_2226	owl:NamedIndividual	19
WMB:CS20230722_CLUS_2416	owl:NamedIndividual	19
WMB:CS20230722_CLUS_4299	owl:NamedIndividual	19
WMB:CS20230722_CLUS_5125	owl:NamedIndividual	19
WMB:CS20230722_CLUS_4871	owl:NamedIndividual	19
WMB:CS20230722_CLUS_3955	owl:NamedIndividual	19
WMB:CS20230722_CLUS_2666	owl:NamedIndividual	19
WMB:CS20230722_CLUS_2072	owl:NamedIndividual	19
WMB:CS20230722_CLUS_4366	owl:NamedIndividual	19
WMB:CS20230722_CLUS_3923	owl:NamedIndividual	19
WMB:CS20230722_CLUS_4104	owl:NamedIndividual	19
WMB:CS20230722_CLUS_0528	owl:NamedIndividual	19
WMB:CS20230722_CLUS_4367	owl:NamedIndividual	19
WMB:CS20230722_CLUS_4388	owl:NamedIndividual	19
WMB:CS20230722_CLUS_3968	owl:NamedIndividual	19
WMB:CS20230722_CLUS_3525	owl:NamedIndividual	19
WMB:CS20230722_CLUS_4390	owl:NamedIndividual	19
WMB:CS20230722_CLUS_1027	owl:NamedIndividual	19
WMB:CS20230722_CLUS_4541	owl:NamedIndividual	19
WMB:CS20230722_CLUS_2531	owl:NamedIndividual	19
WMB:CS20230722_CLUS_4948	owl:NamedIndividual	19
WMB:CS20230722_CLUS_3622	owl:NamedIndividual	19
WMB:CS20230722_CLUS_4049	owl:NamedIndividual	18
WMB:CS20230722_CLUS_2880	owl:NamedIndividual	18
WMB:CS20230722_CLUS_1957	owl:NamedIndividual	18
WMB:CS20230722_CLUS_4969	owl:NamedIndividual	18
WMB:CS20230722_CLUS_4675	owl:NamedIndividual	18
WMB:CS20230722_CLUS_2550	owl:NamedIndividual	18
WMB:CS20230722_CLUS_4506	owl:NamedIndividual	18
WMB:CS20230722_CLUS_4774	owl:NamedIndividual	18
WMB:CS20230722_CLUS_4142	owl:NamedIndividual	18
WMB:CS20230722_CLUS_2939	owl:NamedIndividual	18
WMB:CS20230722_CLUS_4937	owl:NamedIndividual	18
WMB:CS20230722_CLUS_2421	owl:NamedIndividual	18
WMB:CS20230722_CLUS_1524	owl:NamedIndividual	18
WMB:CS20230722_CLUS_2050	owl:NamedIndividual	18
WMB:CS20230722_CLUS_3045	owl:NamedIndividual	18
WMB:CS20230722_CLUS_3057	owl:NamedIndividual	18
WMB:CS20230722_CLUS_2194	owl:NamedIndividual	18
WMB:CS20230722_CLUS_4719	owl:NamedIndividual	18
WMB:CS20230722_CLUS_4705	owl:NamedIndividual	18
WMB:CS20230722_CLUS_2099	owl:NamedIndividual	18
WMB:CS20230722_CLUS_3767	owl:NamedIndividual	18
WMB:CS20230722_CLUS_3103	owl:NamedIndividual	18
WMB:CS20230722_CLUS_5181	owl:NamedIndividual	18
WMB:CS20230722_CLUS_4387	owl:NamedIndividual	18
WMB:CS20230722_CLUS_2227	owl:NamedIndividual	18
WMB:CS20230722_CLUS_2864	owl:NamedIndividual	18
WMB:CS20230722_CLUS_2775	owl:NamedIndividual	18
WMB:CS20230722_CLUS_2999	owl:NamedIndividual	18
WMB:CS20230722_CLUS_3213	owl:NamedIndividual	18
WMB:CS20230722_CLUS_4069	owl:NamedIndividual	18
WMB:CS20230722_CLUS_1865	owl:NamedIndividual	18
WMB:CS20230722_CLUS_4332	owl:NamedIndividual	18
WMB:CS20230722_CLUS_2523	owl:NamedIndividual	18
WMB:CS20230722_CLUS_4333	owl:NamedIndividual	18
WMB:CS20230722_CLUS_4189	owl:NamedIndividual	18
WMB:CS20230722_CLUS_3852	owl:NamedIndividual	18
WMB:CS20230722_CLUS_5036	owl:NamedIndividual	18
WMB:CS20230722_CLUS_2014	owl:NamedIndividual	17
WMB:CS20230722_CLUS_3405	owl:NamedIndividual	17
WMB:CS20230722_CLUS_2758	owl:NamedIndividual	17
WMB:CS20230722_CLUS_1880	owl:NamedIndividual	17
WMB:CS20230722_CLUS_5076	owl:NamedIndividual	17
WMB:CS20230722_CLUS_4281	owl:NamedIndividual	17
WMB:CS20230722_CLUS_2443	owl:NamedIndividual	17
WMB:CS20230722_CLUS_1793	owl:NamedIndividual	17
WMB:CS20230722_CLUS_1960	owl:NamedIndividual	17
WMB:CS20230722_CLUS_1442	owl:NamedIndividual	17
WMB:CS20230722_CLUS_4078	owl:NamedIndividual	17
WMB:CS20230722_CLUS_2511	owl:NamedIndividual	17
WMB:CS20230722_CLUS_4068	owl:NamedIndividual	17
WMB:CS20230722_CLUS_4867	owl:NamedIndividual	17
WMB:CS20230722_CLUS_2392	owl:NamedIndividual	17
WMB:CS20230722_CLUS_4146	owl:NamedIndividual	17
WMB:CS20230722_CLUS_1454	owl:NamedIndividual	17
WMB:CS20230722_CLUS_4163	owl:NamedIndividual	17
WMB:CS20230722_CLUS_4467	owl:NamedIndividual	17
WMB:CS20230722_CLUS_2269	owl:NamedIndividual	17
WMB:CS20230722_CLUS_5146	owl:NamedIndividual	17
WMB:CS20230722_CLUS_2552	owl:NamedIndividual	17
WMB:CS20230722_CLUS_1188	owl:NamedIndividual	17
WMB:CS20230722_CLUS_1987	owl:NamedIndividual	17
WMB:CS20230722_CLUS_4352	owl:NamedIndividual	17
WMB:CS20230722_CLUS_3768	owl:NamedIndividual	17
WMB:CS20230722_CLUS_2943	owl:NamedIndividual	17
WMB:CS20230722_CLUS_4728	owl:NamedIndividual	17
WMB:CS20230722_CLUS_1663	owl:NamedIndividual	17
WMB:CS20230722_CLUS_4329	owl:NamedIndividual	17
WMB:CS20230722_CLUS_4267	owl:NamedIndividual	17
WMB:CS20230722_CLUS_3761	owl:NamedIndividual	17
WMB:CS20230722_CLUS_2493	owl:NamedIndividual	17
WMB:CS20230722_CLUS_1693	owl:NamedIndividual	17
WMB:CS20230722_CLUS_1836	owl:NamedIndividual	17
WMB:CS20230722_CLUS_2100	owl:NamedIndividual	17
WMB:CS20230722_CLUS_3041	owl:NamedIndividual	17
WMB:CS20230722_CLUS_4182	owl:NamedIndividual	17
WMB:CS20230722_CLUS_4165	owl:NamedIndividual	17
WMB:CS20230722_CLUS_2449	owl:NamedIndividual	17
WMB:CS20230722_CLUS_2728	owl:NamedIndividual	17
WMB:CS20230722_CLUS_3780	owl:NamedIndividual	17
WMB:CS20230722_CLUS_4954	owl:NamedIndividual	17
WMB:CS20230722_CLUS_4662	owl:NamedIndividual	17
WMB:CS20230722_CLUS_5079	owl:NamedIndividual	17
WMB:CS20230722_CLUS_4993	owl:NamedIndividual	17
WMB:CS20230722_CLUS_3661	owl:NamedIndividual	16
WMB:CS20230722_CLUS_4057	owl:NamedIndividual	16
WMB:CS20230722_CLUS_3674	owl:NamedIndividual	16
WMB:CS20230722_CLUS_3413	owl:NamedIndividual	16
WMB:CS20230722_CLUS_4575	owl:NamedIndividual	16
WMB:CS20230722_CLUS_2811	owl:NamedIndividual	16
WMB:CS20230722_CLUS_2165	owl:NamedIndividual	16
WMB:CS20230722_CLUS_4761	owl:NamedIndividual	16
WMB:CS20230722_CLUS_3839	owl:NamedIndividual	16
WMB:CS20230722_CLUS_4837	owl:NamedIndividual	16
WMB:CS20230722_CLUS_2869	owl:NamedIndividual	16
WMB:CS20230722_CLUS_4900	owl:NamedIndividual	16
WMB:CS20230722_CLUS_2167	owl:NamedIndividual	16
WMB:CS20230722_CLUS_1765	owl:NamedIndividual	16
WMB:CS20230722_CLUS_4571	owl:NamedIndividual	16
WMB:CS20230722_CLUS_4439	owl:NamedIndividual	16
WMB:CS20230722_CLUS_2834	owl:NamedIndividual	16
WMB:CS20230722_CLUS_3140	owl:NamedIndividual	16
WMB:CS20230722_CLUS_5038	owl:NamedIndividual	16
WMB:CS20230722_CLUS_2970	owl:NamedIndividual	16
WMB:CS20230722_CLUS_4112	owl:NamedIndividual	16
WMB:CS20230722_CLUS_2265	owl:NamedIndividual	16
WMB:CS20230722_CLUS_1819	owl:NamedIndividual	16
WMB:CS20230722_CLUS_2938	owl:NamedIndividual	16
WMB:CS20230722_CLUS_4537	owl:NamedIndividual	16
WMB:CS20230722_CLUS_5113	owl:NamedIndividual	16
WMB:CS20230722_CLUS_4122	owl:NamedIndividual	16
WMB:CS20230722_CLUS_4284	owl:NamedIndividual	16
WMB:CS20230722_CLUS_4759	owl:NamedIndividual	16
WMB:CS20230722_CLUS_1660	owl:NamedIndividual	16
WMB:CS20230722_CLUS_5165	owl:NamedIndividual	16
WMB:CS20230722_CLUS_3035	owl:NamedIndividual	16
WMB:CS20230722_CLUS_4324	owl:NamedIndividual	16
WMB:CS20230722_CLUS_1450	owl:NamedIndividual	16
WMB:CS20230722_CLUS_1336	owl:NamedIndividual	16
WMB:CS20230722_CLUS_2797	owl:NamedIndividual	16
WMB:CS20230722_CLUS_4409	owl:NamedIndividual	16
WMB:CS20230722_CLUS_3559	owl:NamedIndividual	16
WMB:CS20230722_CLUS_2790	owl:NamedIndividual	16
WMB:CS20230722_CLUS_5098	owl:NamedIndividual	16
WMB:CS20230722_CLUS_4067	owl:NamedIndividual	15
WMB:CS20230722_CLUS_3191	owl:NamedIndividual	15
WMB:CS20230722_CLUS_2802	owl:NamedIndividual	15
WMB:CS20230722_CLUS_2078	owl:NamedIndividual	15
WMB:CS20230722_CLUS_3995	owl:NamedIndividual	15
WMB:CS20230722_CLUS_3125	owl:NamedIndividual	15
WMB:CS20230722_CLUS_3959	owl:NamedIndividual	15
WMB:CS20230722_CLUS_1780	owl:NamedIndividual	15
WMB:CS20230722_CLUS_1644	owl:NamedIndividual	15
WMB:CS20230722_CLUS_2969	owl:NamedIndividual	15
WMB:CS20230722_CLUS_3185	owl:NamedIndividual	15
WMB:CS20230722_CLUS_2205	owl:NamedIndividual	15
WMB:CS20230722_CLUS_0926	owl:NamedIndividual	15
WMB:CS20230722_CLUS_4251	owl:NamedIndividual	15
WMB:CS20230722_CLUS_3992	owl:NamedIndividual	15
WMB:CS20230722_CLUS_5131	owl:NamedIndividual	15
WMB:CS20230722_CLUS_4113	owl:NamedIndividual	15
WMB:CS20230722_CLUS_1726	owl:NamedIndividual	15
WMB:CS20230722_CLUS_2446	owl:NamedIndividual	15
WMB:CS20230722_CLUS_4020	owl:NamedIndividual	15
WMB:CS20230722_CLUS_3485	owl:NamedIndividual	15
WMB:CS20230722_CLUS_4360	owl:NamedIndividual	15
WMB:CS20230722_CLUS_2187	owl:NamedIndividual	15
WMB:CS20230722_CLUS_5055	owl:NamedIndividual	15
WMB:CS20230722_CLUS_4533	owl:NamedIndividual	15
WMB:CS20230722_CLUS_3574	owl:NamedIndividual	15
WMB:CS20230722_CLUS_2163	owl:NamedIndividual	15
WMB:CS20230722_CLUS_4176	owl:NamedIndividual	15
WMB:CS20230722_CLUS_2882	owl:NamedIndividual	15
WMB:CS20230722_CLUS_4240	owl:NamedIndividual	15
WMB:CS20230722_CLUS_3134	owl:NamedIndividual	15
WMB:CS20230722_CLUS_1982	owl:NamedIndividual	15
WMB:CS20230722_CLUS_1972	owl:NamedIndividual	15
WMB:CS20230722_CLUS_4905	owl:NamedIndividual	15
WMB:CS20230722_CLUS_1966	owl:NamedIndividual	15
WMB:CS20230722_CLUS_3842	owl:NamedIndividual	15
WMB:CS20230722_CLUS_5011	owl:NamedIndividual	15
WMB:CS20230722_CLUS_2727	owl:NamedIndividual	15
WMB:CS20230722_CLUS_4430	owl:NamedIndividual	14
WMB:CS20230722_CLUS_4983	owl:NamedIndividual	14
WMB:CS20230722_CLUS_4990	owl:NamedIndividual	14
WMB:CS20230722_CLUS_4044	owl:NamedIndividual	14
WMB:CS20230722_CLUS_2532	owl:NamedIndividual	14
WMB:CS20230722_CLUS_4770	owl:NamedIndividual	14
WMB:CS20230722_CLUS_4968	owl:NamedIndividual	14
WMB:CS20230722_CLUS_5028	owl:NamedIndividual	14
WMB:CS20230722_CLUS_3105	owl:NamedIndividual	14
WMB:CS20230722_CLUS_2246	owl:NamedIndividual	14
WMB:CS20230722_CLUS_4128	owl:NamedIndividual	14
WMB:CS20230722_CLUS_2737	owl:NamedIndividual	14
WMB:CS20230722_CLUS_1985	owl:NamedIndividual	14
WMB:CS20230722_CLUS_3095	owl:NamedIndividual	14
WMB:CS20230722_CLUS_0606	owl:NamedIndividual	14
WMB:CS20230722_CLUS_3087	owl:NamedIndividual	14
WMB:CS20230722_CLUS_4785	owl:NamedIndividual	14
WMB:CS20230722_CLUS_1456	owl:NamedIndividual	14
WMB:CS20230722_CLUS_4115	owl:NamedIndividual	14
WMB:CS20230722_CLUS_2749	owl:NamedIndividual	14
WMB:CS20230722_CLUS_3541	owl:NamedIndividual	14
WMB:CS20230722_CLUS_1776	owl:NamedIndividual	14
WMB:CS20230722_CLUS_4992	owl:NamedIndividual	14
WMB:CS20230722_CLUS_1823	owl:NamedIndividual	14
WMB:CS20230722_CLUS_4950	owl:NamedIndividual	14
WMB:CS20230722_CLUS_4256	owl:NamedIndividual	14
WMB:CS20230722_CLUS_2996	owl:NamedIndividual	14
WMB:CS20230722_CLUS_3481	owl:NamedIndividual	14
WMB:CS20230722_CLUS_2061	owl:NamedIndividual	14
WMB:CS20230722_CLUS_2168	owl:NamedIndividual	14
WMB:CS20230722_CLUS_4188	owl:NamedIndividual	14
WMB:CS20230722_CLUS_1951	owl:NamedIndividual	14
WMB:CS20230722_CLUS_2891	owl:NamedIndividual	14
WMB:CS20230722_CLUS_1983	owl:NamedIndividual	14
WMB:CS20230722_CLUS_1737	owl:NamedIndividual	14
WMB:CS20230722_CLUS_2735	owl:NamedIndividual	14
WMB:CS20230722_CLUS_3837	owl:NamedIndividual	14
WMB:CS20230722_CLUS_4461	owl:NamedIndividual	14
WMB:CS20230722_CLUS_4661	owl:NamedIndividual	14
WMB:CS20230722_CLUS_4748	owl:NamedIndividual	14
WMB:CS20230722_CLUS_4296	owl:NamedIndividual	14
WMB:CS20230722_CLUS_2766	owl:NamedIndividual	14
WMB:CS20230722_CLUS_1977	owl:NamedIndividual	14
WMB:CS20230722_CLUS_2997	owl:NamedIndividual	13
WMB:CS20230722_CLUS_3124	owl:NamedIndividual	13
WMB:CS20230722_CLUS_4396	owl:NamedIndividual	13
WMB:CS20230722_CLUS_4110	owl:NamedIndividual	13
WMB:CS20230722_CLUS_4967	owl:NamedIndividual	13
WMB:CS20230722_CLUS_2729	owl:NamedIndividual	13
WMB:CS20230722_CLUS_3851	owl:NamedIndividual	13
WMB:CS20230722_CLUS_3650	owl:NamedIndividual	13
WMB:CS20230722_CLUS_2777	owl:NamedIndividual	13
WMB:CS20230722_CLUS_2647	owl:NamedIndividual	13
WMB:CS20230722_CLUS_4737	owl:NamedIndividual	13
WMB:CS20230722_CLUS_2125	owl:NamedIndividual	13
WMB:CS20230722_CLUS_4293	owl:NamedIndividual	13
WMB:CS20230722_CLUS_4462	owl:NamedIndividual	13
WMB:CS20230722_CLUS_1995	owl:NamedIndividual	13
WMB:CS20230722_CLUS_4456	owl:NamedIndividual	13
WMB:CS20230722_CLUS_1778	owl:NamedIndividual	13
WMB:CS20230722_CLUS_2370	owl:NamedIndividual	13
WMB:CS20230722_CLUS_1981	owl:NamedIndividual	13
WMB:CS20230722_CLUS_3445	owl:NamedIndividual	13
WMB:CS20230722_CLUS_3102	owl:NamedIndividual	13
WMB:CS20230722_CLUS_4911	owl:NamedIndividual	13
WMB:CS20230722_CLUS_5158	owl:NamedIndividual	13
WMB:CS20230722_CLUS_2261	owl:NamedIndividual	13
WMB:CS20230722_CLUS_3969	owl:NamedIndividual	13
WMB:CS20230722_CLUS_5160	owl:NamedIndividual	13
WMB:CS20230722_CLUS_3058	owl:NamedIndividual	13
WMB:CS20230722_CLUS_4086	owl:NamedIndividual	13
WMB:CS20230722_CLUS_4269	owl:NamedIndividual	13
WMB:CS20230722_CLUS_3389	owl:NamedIndividual	13
WMB:CS20230722_CLUS_1530	owl:NamedIndividual	13
WMB:CS20230722_CLUS_4479	owl:NamedIndividual	13
WMB:CS20230722_CLUS_4382	owl:NamedIndividual	13
WMB:CS20230722_CLUS_4686	owl:NamedIndividual	13
WMB:CS20230722_CLUS_3919	owl:NamedIndividual	12
WMB:CS20230722_CLUS_2932	owl:NamedIndividual	12
WMB:CS20230722_CLUS_3050	owl:NamedIndividual	12
WMB:CS20230722_CLUS_4309	owl:NamedIndividual	12
WMB:CS20230722_CLUS_1615	owl:NamedIndividual	12
WMB:CS20230722_CLUS_4939	owl:NamedIndividual	12
WMB:CS20230722_CLUS_3531	owl:NamedIndividual	12
WMB:CS20230722_CLUS_1699	owl:NamedIndividual	12
WMB:CS20230722_CLUS_1294	owl:NamedIndividual	12
WMB:CS20230722_CLUS_4203	owl:NamedIndividual	12
WMB:CS20230722_CLUS_3108	owl:NamedIndividual	12
WMB:CS20230722_CLUS_2773	owl:NamedIndividual	12
WMB:CS20230722_CLUS_3779	owl:NamedIndividual	12
WMB:CS20230722_CLUS_3899	owl:NamedIndividual	12
WMB:CS20230722_CLUS_4431	owl:NamedIndividual	12
WMB:CS20230722_CLUS_2753	owl:NamedIndividual	12
WMB:CS20230722_CLUS_5065	owl:NamedIndividual	12
WMB:CS20230722_CLUS_2275	owl:NamedIndividual	12
WMB:CS20230722_CLUS_4835	owl:NamedIndividual	12
WMB:CS20230722_CLUS_3590	owl:NamedIndividual	12
WMB:CS20230722_CLUS_4766	owl:NamedIndividual	12
WMB:CS20230722_CLUS_4426	owl:NamedIndividual	12
WMB:CS20230722_CLUS_4965	owl:NamedIndividual	12
WMB:CS20230722_CLUS_3085	owl:NamedIndividual	12
WMB:CS20230722_CLUS_1799	owl:NamedIndividual	12
WMB:CS20230722_CLUS_1672	owl:NamedIndividual	12
WMB:CS20230722_CLUS_2594	owl:NamedIndividual	12
WMB:CS20230722_CLUS_2394	owl:NamedIndividual	12
WMB:CS20230722_CLUS_3415	owl:NamedIndividual	12
WMB:CS20230722_CLUS_4830	owl:NamedIndividual	12
WMB:CS20230722_CLUS_3927	owl:NamedIndividual	12
WMB:CS20230722_CLUS_3533	owl:NamedIndividual	12
WMB:CS20230722_CLUS_3956	owl:NamedIndividual	12
WMB:CS20230722_CLUS_4276	owl:NamedIndividual	12
WMB:CS20230722_CLUS_3520	owl:NamedIndividual	12
WMB:CS20230722_CLUS_3107	owl:NamedIndividual	12
WMB:CS20230722_CLUS_4375	owl:NamedIndividual	12
WMB:CS20230722_CLUS_3599	owl:NamedIndividual	12
WMB:CS20230722_CLUS_3760	owl:NamedIndividual	12
WMB:CS20230722_CLUS_2180	owl:NamedIndividual	11
WMB:CS20230722_CLUS_4279	owl:NamedIndividual	11
WMB:CS20230722_CLUS_1640	owl:NamedIndividual	11
WMB:CS20230722_CLUS_4895	owl:NamedIndividual	11
WMB:CS20230722_CLUS_3376	owl:NamedIndividual	11
WMB:CS20230722_CLUS_3546	owl:NamedIndividual	11
WMB:CS20230722_CLUS_3982	owl:NamedIndividual	11
WMB:CS20230722_CLUS_4349	owl:NamedIndividual	11
WMB:CS20230722_CLUS_4852	owl:NamedIndividual	11
WMB:CS20230722_CLUS_4460	owl:NamedIndividual	11
WMB:CS20230722_CLUS_4062	owl:NamedIndividual	11
WMB:CS20230722_CLUS_4757	owl:NamedIndividual	11
WMB:CS20230722_CLUS_4627	owl:NamedIndividual	11
WMB:CS20230722_CLUS_5025	owl:NamedIndividual	11
WMB:CS20230722_CLUS_1696	owl:NamedIndividual	11
WMB:CS20230722_CLUS_3252	owl:NamedIndividual	11
WMB:CS20230722_CLUS_4955	owl:NamedIndividual	11
WMB:CS20230722_CLUS_1303	owl:NamedIndividual	11
WMB:CS20230722_CLUS_2726	owl:NamedIndividual	11
WMB:CS20230722_CLUS_3065	owl:NamedIndividual	11
WMB:CS20230722_CLUS_2126	owl:NamedIndividual	11
WMB:CS20230722_CLUS_3835	owl:NamedIndividual	11
WMB:CS20230722_CLUS_3094	owl:NamedIndividual	11
WMB:CS20230722_CLUS_3778	owl:NamedIndividual	11
WMB:CS20230722_CLUS_3588	owl:NamedIndividual	11
WMB:CS20230722_CLUS_5099	owl:NamedIndividual	11
WMB:CS20230722_CLUS_2887	owl:NamedIndividual	11
WMB:CS20230722_CLUS_2223	owl:NamedIndividual	11
WMB:CS20230722_CLUS_4551	owl:NamedIndividual	11
WMB:CS20230722_CLUS_5077	owl:NamedIndividual	11
WMB:CS20230722_CLUS_1973	owl:NamedIndividual	11
WMB:CS20230722_CLUS_3141	owl:NamedIndividual	11
WMB:CS20230722_CLUS_5132	owl:NamedIndividual	11
WMB:CS20230722_CLUS_5145	owl:NamedIndividual	11
WMB:CS20230722_CLUS_1782	owl:NamedIndividual	10
WMB:CS20230722_CLUS_4904	owl:NamedIndividual	10
WMB:CS20230722_CLUS_2062	owl:NamedIndividual	10
WMB:CS20230722_CLUS_2181	owl:NamedIndividual	10
WMB:CS20230722_CLUS_2232	owl:NamedIndividual	10
WMB:CS20230722_CLUS_2207	owl:NamedIndividual	10
WMB:CS20230722_CLUS_3549	owl:NamedIndividual	10
WMB:CS20230722_CLUS_2863	owl:NamedIndividual	10
WMB:CS20230722_CLUS_5071	owl:NamedIndividual	10
WMB:CS20230722_CLUS_4501	owl:NamedIndividual	10
WMB:CS20230722_CLUS_2562	owl:NamedIndividual	10
WMB:CS20230722_CLUS_4836	owl:NamedIndividual	10
WMB:CS20230722_CLUS_1219	owl:NamedIndividual	10
WMB:CS20230722_CLUS_1559	owl:NamedIndividual	10
WMB:CS20230722_CLUS_2743	owl:NamedIndividual	10
WMB:CS20230722_CLUS_4040	owl:NamedIndividual	10
WMB:CS20230722_CLUS_4727	owl:NamedIndividual	10
WMB:CS20230722_CLUS_4494	owl:NamedIndividual	10
WMB:CS20230722_CLUS_1392	owl:NamedIndividual	10
WMB:CS20230722_CLUS_5107	owl:NamedIndividual	10
WMB:CS20230722_CLUS_3517	owl:NamedIndividual	10
WMB:CS20230722_CLUS_2052	owl:NamedIndividual	10
WMB:CS20230722_CLUS_5007	owl:NamedIndividual	10
WMB:CS20230722_CLUS_2785	owl:NamedIndividual	10
WMB:CS20230722_CLUS_4884	owl:NamedIndividual	10
WMB:CS20230722_CLUS_2818	owl:NamedIndividual	10
WMB:CS20230722_CLUS_4342	owl:NamedIndividual	10
WMB:CS20230722_CLUS_4392	owl:NamedIndividual	10
WMB:CS20230722_CLUS_0032	owl:NamedIndividual	10
WMB:CS20230722_CLUS_4926	owl:NamedIndividual	10
WMB:CS20230722_CLUS_2807	owl:NamedIndividual	10
WMB:CS20230722_CLUS_3877	owl:NamedIndividual	10
WMB:CS20230722_CLUS_3576	owl:NamedIndividual	10
WMB:CS20230722_CLUS_2398	owl:NamedIndividual	10
WMB:CS20230722_CLUS_4066	owl:NamedIndividual	10
WMB:CS20230722_CLUS_3074	owl:NamedIndividual	10
WMB:CS20230722_CLUS_5030	owl:NamedIndividual	10
WMB:CS20230722_CLUS_3892	owl:NamedIndividual	10
WMB:CS20230722_CLUS_1301	owl:NamedIndividual	10
WMB:CS20230722_CLUS_4454	owl:NamedIndividual	10
WMB:CS20230722_CLUS_3894	owl:NamedIndividual	10
WMB:CS20230722_CLUS_5024	owl:NamedIndividual	10
WMB:CS20230722_CLUS_4924	owl:NamedIndividual	10
WMB:CS20230722_CLUS_4268	owl:NamedIndividual	10
WMB:CS20230722_CLUS_4529	owl:NamedIndividual	9
WMB:CS20230722_CLUS_4739	owl:NamedIndividual	9
WMB:CS20230722_CLUS_1997	owl:NamedIndividual	9
WMB:CS20230722_CLUS_3003	owl:NamedIndividual	9
WMB:CS20230722_CLUS_4538	owl:NamedIndividual	9
WMB:CS20230722_CLUS_5128	owl:NamedIndividual	9
WMB:CS20230722_CLUS_1283	owl:NamedIndividual	9
WMB:CS20230722_CLUS_4314	owl:NamedIndividual	9
WMB:CS20230722_CLUS_2553	owl:NamedIndividual	9
WMB:CS20230722_CLUS_4773	owl:NamedIndividual	9
WMB:CS20230722_CLUS_4909	owl:NamedIndividual	9
WMB:CS20230722_CLUS_4096	owl:NamedIndividual	9
WMB:CS20230722_CLUS_3988	owl:NamedIndividual	9
WMB:CS20230722_CLUS_3542	owl:NamedIndividual	9
WMB:CS20230722_CLUS_3202	owl:NamedIndividual	9
WMB:CS20230722_CLUS_2733	owl:NamedIndividual	9
WMB:CS20230722_CLUS_3106	owl:NamedIndividual	9
WMB:CS20230722_CLUS_3844	owl:NamedIndividual	9
WMB:CS20230722_CLUS_2750	owl:NamedIndividual	9
WMB:CS20230722_CLUS_4412	owl:NamedIndividual	9
WMB:CS20230722_CLUS_2748	owl:NamedIndividual	9
WMB:CS20230722_CLUS_5057	owl:NamedIndividual	9
WMB:CS20230722_CLUS_3075	owl:NamedIndividual	9
WMB:CS20230722_CLUS_4612	owl:NamedIndividual	9
WMB:CS20230722_CLUS_4450	owl:NamedIndividual	9
WMB:CS20230722_CLUS_1822	owl:NamedIndividual	9
WMB:CS20230722_CLUS_1527	owl:NamedIndividual	9
WMB:CS20230722_CLUS_4261	owl:NamedIndividual	9
WMB:CS20230722_CLUS_2290	owl:NamedIndividual	9
WMB:CS20230722_CLUS_4624	owl:NamedIndividual	9
WMB:CS20230722_CLUS_3802	owl:NamedIndividual	9
WMB:CS20230722_CLUS_3657	owl:NamedIndividual	9
WMB:CS20230722_CLUS_4474	owl:NamedIndividual	9
WMB:CS20230722_CLUS_1949	owl:NamedIndividual	9
WMB:CS20230722_CLUS_3611	owl:NamedIndividual	9
WMB:CS20230722_CLUS_3272	owl:NamedIndividual	9
WMB:CS20230722_CLUS_4495	owl:NamedIndividual	9
WMB:CS20230722_CLUS_1724	owl:NamedIndividual	8
WMB:CS20230722_CLUS_1747	owl:NamedIndividual	8
WMB:CS20230722_CLUS_3160	owl:NamedIndividual	8
WMB:CS20230722_CLUS_4262	owl:NamedIndividual	8
WMB:CS20230722_CLUS_4542	owl:NamedIndividual	8
WMB:CS20230722_CLUS_1618	owl:NamedIndividual	8
WMB:CS20230722_CLUS_4725	owl:NamedIndividual	8
WMB:CS20230722_CLUS_1738	owl:NamedIndividual	8
WMB:CS20230722_CLUS_2866	owl:NamedIndividual	8
WMB:CS20230722_CLUS_3991	owl:NamedIndividual	8
WMB:CS20230722_CLUS_5001	owl:NamedIndividual	8
WMB:CS20230722_CLUS_2483	owl:NamedIndividual	8
WMB:CS20230722_CLUS_4582	owl:NamedIndividual	8
WMB:CS20230722_CLUS_4243	owl:NamedIndividual	8
WMB:CS20230722_CLUS_4882	owl:NamedIndividual	8
WMB:CS20230722_CLUS_2526	owl:NamedIndividual	8
WMB:CS20230722_CLUS_4362	owl:NamedIndividual	8
WMB:CS20230722_CLUS_4907	owl:NamedIndividual	8
WMB:CS20230722_CLUS_1825	owl:NamedIndividual	8
WMB:CS20230722_CLUS_2373	owl:NamedIndividual	8
WMB:CS20230722_CLUS_4379	owl:NamedIndividual	8
WMB:CS20230722_CLUS_4263	owl:NamedIndividual	8
WMB:CS20230722_CLUS_3997	owl:NamedIndividual	8
WMB:CS20230722_CLUS_2422	owl:NamedIndividual	8
WMB:CS20230722_CLUS_2508	owl:NamedIndividual	8
WMB:CS20230722_CLUS_5110	owl:NamedIndividual	8
WMB:CS20230722_CLUS_2420	owl:NamedIndividual	8
WMB:CS20230722_CLUS_4065	owl:NamedIndividual	8
WMB:CS20230722_CLUS_1885	owl:NamedIndividual	8
WMB:CS20230722_CLUS_2514	owl:NamedIndividual	7
WMB:CS20230722_CLUS_1563	owl:NamedIndividual	7
WMB:CS20230722_CLUS_1975	owl:NamedIndividual	7
WMB:CS20230722_CLUS_4956	owl:NamedIndividual	7
WMB:CS20230722_CLUS_5083	owl:NamedIndividual	7
WMB:CS20230722_CLUS_1950	owl:NamedIndividual	7
WMB:CS20230722_CLUS_3984	owl:NamedIndividual	7
WMB:CS20230722_CLUS_3998	owl:NamedIndividual	7
WMB:CS20230722_CLUS_3721	owl:NamedIndividual	7
WMB:CS20230722_CLUS_1976	owl:NamedIndividual	7
WMB:CS20230722_CLUS_4448	owl:NamedIndividual	7
WMB:CS20230722_CLUS_5133	owl:NamedIndividual	7
WMB:CS20230722_CLUS_4294	owl:NamedIndividual	7
WMB:CS20230722_CLUS_1898	owl:NamedIndividual	7
WMB:CS20230722_CLUS_5087	owl:NamedIndividual	7
WMB:CS20230722_CLUS_5142	owl:NamedIndividual	6
WMB:CS20230722_CLUS_3060	owl:NamedIndividual	6
WMB:CS20230722_CLUS_4760	owl:NamedIndividual	6
WMB:CS20230722_CLUS_3059	owl:NamedIndividual	6
WMB:CS20230722_CLUS_5082	owl:NamedIndividual	6
WMB:CS20230722_CLUS_3994	owl:NamedIndividual	6
WMB:CS20230722_CLUS_5075	owl:NamedIndividual	6
WMB:CS20230722_CLUS_5054	owl:NamedIndividual	6
WMB:CS20230722_CLUS_4059	owl:NamedIndividual	6
WMB:CS20230722_CLUS_1573	owl:NamedIndividual	6
WMB:CS20230722_CLUS_4973	owl:NamedIndividual	6
WMB:CS20230722_CLUS_4550	owl:NamedIndividual	6
WMB:CS20230722_CLUS_3789	owl:NamedIndividual	6
WMB:CS20230722_CLUS_4048	owl:NamedIndividual	6
WMB:CS20230722_CLUS_3540	owl:NamedIndividual	6
WMB:CS20230722_CLUS_4320	owl:NamedIndividual	6
WMB:CS20230722_CLUS_4354	owl:NamedIndividual	6
WMB:CS20230722_CLUS_4190	owl:NamedIndividual	6
WMB:CS20230722_CLUS_3591	owl:NamedIndividual	6
WMB:CS20230722_CLUS_4974	owl:NamedIndividual	5
WMB:CS20230722_CLUS_4845	owl:NamedIndividual	5
WMB:CS20230722_CLUS_3651	owl:NamedIndividual	5
WMB:CS20230722_CLUS_4254	owl:NamedIndividual	5
WMB:CS20230722_CLUS_2419	owl:NamedIndividual	5
WMB:CS20230722_CLUS_4429	owl:NamedIndividual	5
WMB:CS20230722_CLUS_2840	owl:NamedIndividual	5
WMB:CS20230722_CLUS_4597	owl:NamedIndividual	5
WMB:CS20230722_CLUS_0621	owl:NamedIndividual	5
WMB:CS20230722_CLUS_3765	owl:NamedIndividual	5
WMB:CS20230722_CLUS_5144	owl:NamedIndividual	5
WMB:CS20230722_CLUS_3416	owl:NamedIndividual	5
WMB:CS20230722_CLUS_4180	owl:NamedIndividual	5
WMB:CS20230722_CLUS_2940	owl:NamedIndividual	5
WMB:CS20230722_CLUS_2391	owl:NamedIndividual	5
WMB:CS20230722_CLUS_3891	owl:NamedIndividual	5
WMB:CS20230722_CLUS_4693	owl:NamedIndividual	5
WMB:CS20230722_CLUS_4545	owl:NamedIndividual	5
WMB:CS20230722_CLUS_4327	owl:NamedIndividual	5
WMB:CS20230722_CLUS_1915	owl:NamedIndividual	5
WMB:CS20230722_CLUS_4292	owl:NamedIndividual	5
WMB:CS20230722_CLUS_4497	owl:NamedIndividual	5
WMB:CS20230722_CLUS_4591	owl:NamedIndividual	5
WMB:CS20230722_CLUS_2152	owl:NamedIndividual	5
WMB:CS20230722_CLUS_4928	owl:NamedIndividual	5
WMB:CS20230722_CLUS_4578	owl:NamedIndividual	5
WMB:CS20230722_CLUS_2490	owl:NamedIndividual	5
WMB:CS20230722_CLUS_5006	owl:NamedIndividual	4
WMB:CS20230722_CLUS_5085	owl:NamedIndividual	4
WMB:CS20230722_CLUS_4451	owl:NamedIndividual	4
WMB:CS20230722_CLUS_4353	owl:NamedIndividual	4
WMB:CS20230722_CLUS_5166	owl:NamedIndividual	4
WMB:CS20230722_CLUS_3536	owl:NamedIndividual	4
WMB:CS20230722_CLUS_4722	owl:NamedIndividual	4
WMB:CS20230722_CLUS_3652	owl:NamedIndividual	4
WMB:CS20230722_CLUS_2292	owl:NamedIndividual	4
WMB:CS20230722_CLUS_4295	owl:NamedIndividual	4
WMB:CS20230722_CLUS_4005	owl:NamedIndividual	4
WMB:CS20230722_CLUS_4322	owl:NamedIndividual	4
WMB:CS20230722_CLUS_4347	owl:NamedIndividual	4
WMB:CS20230722_CLUS_3841	owl:NamedIndividual	4
WMB:CS20230722_CLUS_4599	owl:NamedIndividual	4
WMB:CS20230722_CLUS_4245	owl:NamedIndividual	4
WMB:CS20230722_CLUS_1895	owl:NamedIndividual	4
WMB:CS20230722_CLUS_4258	owl:NamedIndividual	4
WMB:CS20230722_CLUS_4185	owl:NamedIndividual	4
WMB:CS20230722_CLUS_1748	owl:NamedIndividual	4
WMB:CS20230722_CLUS_4598	owl:NamedIndividual	4
WMB:CS20230722_CLUS_5320	owl:NamedIndividual	4
WMB:CS20230722_CLUS_4361	owl:NamedIndividual	4
WMB:CS20230722_CLUS_4247	owl:NamedIndividual	4
WMB:CS20230722_CLUS_2251	owl:NamedIndividual	4
WMB:CS20230722_CLUS_4335	owl:NamedIndividual	4
WMB:CS20230722_CLUS_4584	owl:NamedIndividual	4
WMB:CS20230722_CLUS_4549	owl:NamedIndividual	3
WMB:CS20230722_CLUS_1763	owl:NamedIndividual	3
WMB:CS20230722_CLUS_4528	owl:NamedIndividual	3
WMB:CS20230722_CLUS_4940	owl:NamedIndividual	3
WMB:CS20230722_CLUS_4543	owl:NamedIndividual	3
WMB:CS20230722_CLUS_4910	owl:NamedIndividual	3
WMB:CS20230722_CLUS_5080	owl:NamedIndividual	3
WMB:CS20230722_CLUS_4592	owl:NamedIndividual	3
WMB:CS20230722_CLUS_5124	owl:NamedIndividual	3
WMB:CS20230722_CLUS_5150	owl:NamedIndividual	3
WMB:CS20230722_CLUS_4540	owl:NamedIndividual	3
WMB:CS20230722_CLUS_2918	owl:NamedIndividual	3
WMB:CS20230722_CLUS_4920	owl:NamedIndividual	3
WMB:CS20230722_CLUS_5123	owl:NamedIndividual	3
WMB:CS20230722_CLUS_4626	owl:NamedIndividual	3
WMB:CS20230722_CLUS_4958	owl:NamedIndividual	3
WMB:CS20230722_CLUS_4499	owl:NamedIndividual	3
WMB:CS20230722_CLUS_5018	owl:NamedIndividual	3
WMB:CS20230722_CLUS_4374	owl:NamedIndividual	3
WMB:CS20230722_CLUS_1916	owl:NamedIndividual	3
WMB:CS20230722_CLUS_3061	owl:NamedIndividual	3
WMB:CS20230722_CLUS_4883	owl:NamedIndividual	3
WMB:CS20230722_CLUS_4600	owl:NamedIndividual	2
WMB:CS20230722_CLUS_3071	owl:NamedIndividual	2
WMB:CS20230722_CLUS_4569	owl:NamedIndividual	2
WMB:CS20230722_CLUS_5130	owl:NamedIndividual	2
WMB:CS20230722_CLUS_4573	owl:NamedIndividual	2
WMB:CS20230722_CLUS_4539	owl:NamedIndividual	2
WMB:CS20230722_CLUS_4441	owl:NamedIndividual	2
WMB:CS20230722_CLUS_4317	owl:NamedIndividual	2
WMB:CS20230722_CLUS_2282	owl:NamedIndividual	2
WMB:CS20230722_CLUS_4526	owl:NamedIndividual	2
WMB:CS20230722_CLUS_4872	owl:NamedIndividual	2
WMB:CS20230722_CLUS_4577	owl:NamedIndividual	2
WMB:CS20230722_CLUS_2478	owl:NamedIndividual	2
WMB:CS20230722_CLUS_5126	owl:NamedIndividual	2
WMB:CS20230722_CLUS_4957	owl:NamedIndividual	2
WMB:CS20230722_CLUS_4908	owl:NamedIndividual	2
WMB:CS20230722_CLUS_2120	owl:NamedIndividual	2
WMB:CS20230722_CLUS_4585	owl:NamedIndividual	2
WMB:CS20230722_CLUS_2293	owl:NamedIndividual	2
WMB:CS20230722_CLUS_5052	owl:NamedIndividual	2
WMB:CS20230722_CLUS_4587	owl:NamedIndividual	2
WMB:CS20230722_CLUS_4531	owl:NamedIndividual	1
WMB:CS20230722_CLUS_4414	owl:NamedIndividual	1
WMB:CS20230722_CLUS_4452	owl:NamedIndividual	1
WMB:CS20230722_CLUS_4593	owl:NamedIndividual	1
WMB:CS20230722_CLUS_4590	owl:NamedIndividual	1
WMB:CS20230722_CLUS_4518	owl:NamedIndividual	1
WMB:CS20230722_CLUS_5047	owl:NamedIndividual	1
WMB:CS20230722_CLUS_4881	owl:NamedIndividual	1
WMB:CS20230722_CLUS_3859	owl:NamedIndividual	1
WMB:CS20230722_CLUS_4500	owl:NamedIndividual	1
WMB:CS20230722_CLUS_4424	owl:NamedIndividual	1
WMB:CS20230722_CLUS_4370	owl:NamedIndividual	1
WMB:CS20230722_CLUS_4428	owl:NamedIndividual	1
WMB:CS20230722_CLUS_4351	owl:NamedIndividual	1
WMB:CS20230722_CLUS_4572	owl:NamedIndividual	1
WMB:CS20230722_CLUS_2471	owl:NamedIndividual	1
WMB:CS20230722_CLUS_5084	owl:NamedIndividual	1
WMB:CS20230722_CLUS_4290	owl:NamedIndividual	1
WMB:CS20230722_CLUS_4966	owl:NamedIndividual	1
WMB:CS20230722_CLUS_4520	owl:NamedIndividual	1
WMB:CS20230722_CLUS_4321	owl:NamedIndividual	1
WMB:CS20230722_CLUS_4336	owl:NamedIndividual	1
WMB:CS20230722_CLUS_4208	owl:NamedIndividual	1
WMB:CS20230722_CLUS_4581	owl:NamedIndividual	1
WMB:CS20230722_CLUS_4580	owl:NamedIndividual	1
WMB:CS20230722_CLUS_5135	owl:NamedIndividual	1
WMB:CS20230722_CLUS_5140	owl:NamedIndividual	1
WMB:CS20230722_CLUS_5155	owl:NamedIndividual	1
